channel,ei,detected,change_s,alarm_s,er_after,rank,subject,run,soz
LAD4-LAD5,1.0,True,0.0,3.25,3.723961020933049,1,sub-jh101,01,False
LAD2-LAD3,0.956146517465225,True,0.25,2.75,4.272782833609655,2,sub-jh101,01,False
LAT6-LAT7,0.9075491606928026,True,-0.25,0.75,2.703742159200401,3,sub-jh101,01,True
LAF4-LAF5,0.8507470258045923,True,0.0,4.25,3.1681487627710245,4,sub-jh101,01,False
LAD3-LAD4,0.6752055588417568,True,0.25,2.75,3.0173270186928227,5,sub-jh101,01,False
LAT1-LAT2,0.6509101750855034,True,0.25,2.25,2.908756944176545,6,sub-jh101,01,True
LPH6-LPH7,0.5415647048742943,True,0.25,1.0,2.420119021517979,7,sub-jh101,01,False
LAD1-LAD2,0.4150278054138365,True,2.5,4.5,4.636642109893541,8,sub-jh101,01,False
LAD5-LAD6,0.3786665462472406,True,2.5,3.25,4.230418374468197,9,sub-jh101,01,False
LAF5-LAF6,0.30251813049446535,True,2.0,4.25,2.929070887826009,10,sub-jh101,01,False
LAD6-LAD7,0.27159553452132845,True,2.25,4.25,2.83195131524733,11,sub-jh101,01,False
LTG7-LTG8,0.041217077321442974,True,17.75,21.5,2.3330599979959254,12,sub-jh101,01,False
LAD7-LAD8,0.0,False,,,,13,sub-jh101,01,False
LAF1-LAF2,0.0,False,,,,13,sub-jh101,01,False
LAF2-LAF3,0.0,False,,,,13,sub-jh101,01,False
LAF3-LAF4,0.0,False,,,,13,sub-jh101,01,False
LAF6-LAF7,0.0,False,,,,13,sub-jh101,01,False
LAF7-LAF8,0.0,False,,,,13,sub-jh101,01,False
LAF8-LAF9,0.0,False,,,,13,sub-jh101,01,False
LAF9-LAF10,0.0,False,,,,13,sub-jh101,01,False
LAH1-LAH2,0.0,False,,,,13,sub-jh101,01,False
LAH2-LAH3,0.0,False,,,,13,sub-jh101,01,False
LAH3-LAH4,0.0,False,,,,13,sub-jh101,01,False
LAH4-LAH5,0.0,False,,,,13,sub-jh101,01,False
LAH5-LAH6,0.0,False,,,,13,sub-jh101,01,True
LAT2-LAT3,0.0,False,,,,13,sub-jh101,01,True
LAT7-LAT8,0.0,False,,,,13,sub-jh101,01,True
LAT8-LAT9,0.0,False,,,,13,sub-jh101,01,False
LMT1-LMT2,0.0,False,,,,13,sub-jh101,01,False
LMT2-LMT3,0.0,False,,,,13,sub-jh101,01,False
LPH1-LPH2,0.0,False,,,,13,sub-jh101,01,False
LPH2-LPH3,0.0,False,,,,13,sub-jh101,01,False
LPH3-LPH4,0.0,False,,,,13,sub-jh101,01,False
LPH4-LPH5,0.0,False,,,,13,sub-jh101,01,False
LPH5-LPH6,0.0,False,,,,13,sub-jh101,01,False
LPH7-LPH8,0.0,False,,,,13,sub-jh101,01,False
LPT1-LPT2,0.0,False,,,,13,sub-jh101,01,False
LPT2-LPT3,0.0,False,,,,13,sub-jh101,01,False
LPT3-LPT4,0.0,False,,,,13,sub-jh101,01,False
LPT4-LPT5,0.0,False,,,,13,sub-jh101,01,False
LTG1-LTG2,0.0,False,,,,13,sub-jh101,01,False
LTG10-LTG11,0.0,False,,,,13,sub-jh101,01,False
LTG11-LTG12,0.0,False,,,,13,sub-jh101,01,False
LTG12-LTG13,0.0,False,,,,13,sub-jh101,01,False
LTG13-LTG14,0.0,False,,,,13,sub-jh101,01,False
LTG14-LTG15,0.0,False,,,,13,sub-jh101,01,False
LTG19-LTG20,0.0,False,,,,13,sub-jh101,01,False
LTG2-LTG3,0.0,False,,,,13,sub-jh101,01,False
LTG20-LTG21,0.0,False,,,,13,sub-jh101,01,False
LTG21-LTG22,0.0,False,,,,13,sub-jh101,01,False
LTG22-LTG23,0.0,False,,,,13,sub-jh101,01,False
LTG23-LTG24,0.0,False,,,,13,sub-jh101,01,False
LTG24-LTG25,0.0,False,,,,13,sub-jh101,01,False
LTG25-LTG26,0.0,False,,,,13,sub-jh101,01,False
LTG26-LTG27,0.0,False,,,,13,sub-jh101,01,False
LTG27-LTG28,0.0,False,,,,13,sub-jh101,01,False
LTG28-LTG29,0.0,False,,,,13,sub-jh101,01,False
LTG29-LTG30,0.0,False,,,,13,sub-jh101,01,False
LTG3-LTG4,0.0,False,,,,13,sub-jh101,01,False
LTG30-LTG31,0.0,False,,,,13,sub-jh101,01,False
LTG31-LTG32,0.0,False,,,,13,sub-jh101,01,False
LTG32-LTG33,0.0,False,,,,13,sub-jh101,01,False
LTG33-LTG34,0.0,False,,,,13,sub-jh101,01,False
LTG34-LTG35,0.0,False,,,,13,sub-jh101,01,False
LTG35-LTG36,0.0,False,,,,13,sub-jh101,01,False
LTG36-LTG37,0.0,False,,,,13,sub-jh101,01,False
LTG37-LTG38,0.0,False,,,,13,sub-jh101,01,False
LTG38-LTG39,0.0,False,,,,13,sub-jh101,01,False
LTG39-LTG40,0.0,False,,,,13,sub-jh101,01,False
LTG4-LTG5,0.0,False,,,,13,sub-jh101,01,False
LTG40-LTG41,0.0,False,,,,13,sub-jh101,01,False
LTG41-LTG42,0.0,False,,,,13,sub-jh101,01,False
LTG42-LTG43,0.0,False,,,,13,sub-jh101,01,False
LTG43-LTG44,0.0,False,,,,13,sub-jh101,01,False
LTG44-LTG45,0.0,False,,,,13,sub-jh101,01,False
LTG45-LTG46,0.0,False,,,,13,sub-jh101,01,False
LTG46-LTG47,0.0,False,,,,13,sub-jh101,01,False
LTG47-LTG48,0.0,False,,,,13,sub-jh101,01,False
LTG5-LTG6,0.0,False,,,,13,sub-jh101,01,False
LTG51-LTG52,0.0,False,,,,13,sub-jh101,01,False
LTG52-LTG53,0.0,False,,,,13,sub-jh101,01,False
LTG53-LTG54,0.0,False,,,,13,sub-jh101,01,False
LTG54-LTG55,0.0,False,,,,13,sub-jh101,01,False
LTG55-LTG56,0.0,False,,,,13,sub-jh101,01,False
LTG56-LTG57,0.0,False,,,,13,sub-jh101,01,False
LTG57-LTG58,0.0,False,,,,13,sub-jh101,01,False
LTG58-LTG59,0.0,False,,,,13,sub-jh101,01,False
LTG59-LTG60,0.0,False,,,,13,sub-jh101,01,False
LTG6-LTG7,0.0,False,,,,13,sub-jh101,01,False
LTG60-LTG61,0.0,False,,,,13,sub-jh101,01,False
LTG61-LTG62,0.0,False,,,,13,sub-jh101,01,False
LTG62-LTG63,0.0,False,,,,13,sub-jh101,01,False
LTG63-LTG64,0.0,False,,,,13,sub-jh101,01,False
LTG8-LTG9,0.0,False,,,,13,sub-jh101,01,False
LTG9-LTG10,0.0,False,,,,13,sub-jh101,01,False
LTG42-LTG43,1.0,True,-8.0,-5.75,3.5451191080223436,1,sub-jh101,02,False
LAD6-LAD7,0.9477595152584184,True,-8.25,-7.25,2.6879362938820903,2,sub-jh101,02,False
LAD2-LAD3,0.3075723275252882,True,1.5,2.0,9.377272604515731,3,sub-jh101,02,False
LAD1-LAD2,0.2702734784959082,True,1.75,2.75,8.431734722466091,4,sub-jh101,02,False
LAD4-LAD5,0.2469181389005772,True,1.5,3.0,7.528046226070262,5,sub-jh101,02,False
LAD3-LAD4,0.2222231145822642,True,-1.75,2.0,4.726844458498941,6,sub-jh101,02,False
LTG31-LTG32,0.18299902944039356,True,-2.0,2.75,3.7627694649083594,7,sub-jh101,02,False
LMT1-LMT2,0.17315394531379755,True,-3.5,1.0,2.823716256742438,8,sub-jh101,02,False
LAD5-LAD6,0.15811833486027088,True,1.5,3.5,4.820715640079667,9,sub-jh101,02,False
LPT1-LPT2,0.15483626650945045,True,-3.5,-0.75,2.5249998322804674,10,sub-jh101,02,False
LMT2-LMT3,0.1516702679055995,True,-2.25,1.0,3.0110593232776495,11,sub-jh101,02,False
LTG23-LTG24,0.14852295296905443,True,-3.25,2.25,2.527351481042394,12,sub-jh101,02,False
LTG43-LTG44,0.1402579034781941,True,-2.75,-2.0,2.585601063092837,13,sub-jh101,02,False
LAT1-LAT2,0.13941447534884982,True,0.5,3.75,3.8550791798541164,14,sub-jh101,02,True
LTG24-LTG25,0.13869956300166497,True,-3.25,2.0,2.3601910611434467,15,sub-jh101,02,False
LTG12-LTG13,0.13762867988772043,True,0.0,0.5,3.6105344653256757,16,sub-jh101,02,False
LAD7-LAD8,0.11238674407486335,True,1.75,4.25,3.506134666392292,17,sub-jh101,02,False
LTG1-LTG2,0.11067127931494111,True,4.25,5.0,4.237302963693698,18,sub-jh101,02,False
LTG60-LTG61,0.09666126175962417,True,-1.0,1.0,2.2616595280593144,19,sub-jh101,02,False
LAT6-LAT7,0.09143981547358798,True,2.0,6.0,2.9174853336250854,20,sub-jh101,02,True
LAF5-LAF6,0.08773003810085044,True,-0.25,0.25,2.2392967278157423,21,sub-jh101,02,False
LTG2-LTG3,0.08675177910795809,True,-0.25,0.5,2.2143268063480015,22,sub-jh101,02,False
LPH4-LPH5,0.07701702737632074,True,2.25,3.0,2.511917725632846,23,sub-jh101,02,False
LPH3-LPH4,0.07536012749757454,True,2.25,5.0,2.457877777366794,24,sub-jh101,02,False
LTG10-LTG11,0.055093114757380574,True,4.75,5.75,2.1874905230848056,25,sub-jh101,02,False
LAF2-LAF3,0.045950675096906195,True,6.25,8.25,2.0199676422758506,26,sub-jh101,02,False
LTG20-LTG21,0.03797862045528716,True,17.0,21.0,2.827413394519702,27,sub-jh101,02,False
LTG7-LTG8,0.035686361119357295,True,13.75,21.25,2.327828172880353,28,sub-jh101,02,False
LAF4-LAF5,0.03076701013404773,True,24.25,25.0,2.9231487760145156,29,sub-jh101,02,False
LTG5-LTG6,0.030678849713342848,True,19.25,22.5,2.47973202034492,30,sub-jh101,02,False
LTG13-LTG14,0.02922342303334797,True,15.0,23.0,2.009849998708438,31,sub-jh101,02,False
LTG14-LTG15,0.02907035289247933,True,18.5,23.5,2.287884570057,32,sub-jh101,02,False
LTG19-LTG20,0.028445816600986266,True,20.25,27.0,2.3799138682207523,33,sub-jh101,02,False
LTG6-LTG7,0.028291362052092903,True,16.5,28.0,2.0661027129787675,34,sub-jh101,02,False
LTG22-LTG23,0.026711685193242067,True,20.0,28.0,2.215888870713335,35,sub-jh101,02,False
LTG8-LTG9,0.02636753361805765,True,24.5,28.0,2.523853276041538,36,sub-jh101,02,False
LTG21-LTG22,0.026020447792369384,True,15.0,21.0,1.7895643813597144,37,sub-jh101,02,False
LTG3-LTG4,0.023808326796713127,True,26.75,28.0,2.4308166026035614,38,sub-jh101,02,False
LTG9-LTG10,0.02211439880017262,True,26.25,30.0,2.226508248069281,39,sub-jh101,02,False
LAF1-LAF2,0.0,False,,,,40,sub-jh101,02,False
LAF3-LAF4,0.0,False,,,,40,sub-jh101,02,False
LAF6-LAF7,0.0,False,,,,40,sub-jh101,02,False
LAF7-LAF8,0.0,False,,,,40,sub-jh101,02,False
LAF8-LAF9,0.0,False,,,,40,sub-jh101,02,False
LAF9-LAF10,0.0,False,,,,40,sub-jh101,02,False
LAH1-LAH2,0.0,False,,,,40,sub-jh101,02,False
LAH2-LAH3,0.0,False,,,,40,sub-jh101,02,False
LAH3-LAH4,0.0,False,,,,40,sub-jh101,02,False
LAH4-LAH5,0.0,False,,,,40,sub-jh101,02,False
LAH5-LAH6,0.0,False,,,,40,sub-jh101,02,True
LAT2-LAT3,0.0,False,,,,40,sub-jh101,02,True
LAT7-LAT8,0.0,False,,,,40,sub-jh101,02,True
LAT8-LAT9,0.0,False,,,,40,sub-jh101,02,False
LPH1-LPH2,0.0,False,,,,40,sub-jh101,02,False
LPH2-LPH3,0.0,False,,,,40,sub-jh101,02,False
LPH5-LPH6,0.0,False,,,,40,sub-jh101,02,False
LPH6-LPH7,0.0,False,,,,40,sub-jh101,02,False
LPH7-LPH8,0.0,False,,,,40,sub-jh101,02,False
LPT2-LPT3,0.0,False,,,,40,sub-jh101,02,False
LPT3-LPT4,0.0,False,,,,40,sub-jh101,02,False
LPT4-LPT5,0.0,False,,,,40,sub-jh101,02,False
LTG11-LTG12,0.0,False,,,,40,sub-jh101,02,False
LTG25-LTG26,0.0,False,,,,40,sub-jh101,02,False
LTG26-LTG27,0.0,False,,,,40,sub-jh101,02,False
LTG27-LTG28,0.0,False,,,,40,sub-jh101,02,False
LTG28-LTG29,0.0,False,,,,40,sub-jh101,02,False
LTG29-LTG30,0.0,False,,,,40,sub-jh101,02,False
LTG30-LTG31,0.0,False,,,,40,sub-jh101,02,False
LTG32-LTG33,0.0,False,,,,40,sub-jh101,02,False
LTG33-LTG34,0.0,False,,,,40,sub-jh101,02,False
LTG34-LTG35,0.0,False,,,,40,sub-jh101,02,False
LTG35-LTG36,0.0,False,,,,40,sub-jh101,02,False
LTG36-LTG37,0.0,False,,,,40,sub-jh101,02,False
LTG37-LTG38,0.0,False,,,,40,sub-jh101,02,False
LTG38-LTG39,0.0,False,,,,40,sub-jh101,02,False
LTG39-LTG40,0.0,False,,,,40,sub-jh101,02,False
LTG4-LTG5,0.0,False,,,,40,sub-jh101,02,False
LTG40-LTG41,0.0,False,,,,40,sub-jh101,02,False
LTG41-LTG42,0.0,False,,,,40,sub-jh101,02,False
LTG44-LTG45,0.0,False,,,,40,sub-jh101,02,False
LTG45-LTG46,0.0,False,,,,40,sub-jh101,02,False
LTG46-LTG47,0.0,False,,,,40,sub-jh101,02,False
LTG47-LTG48,0.0,False,,,,40,sub-jh101,02,False
LTG51-LTG52,0.0,False,,,,40,sub-jh101,02,False
LTG52-LTG53,0.0,False,,,,40,sub-jh101,02,False
LTG53-LTG54,0.0,False,,,,40,sub-jh101,02,False
LTG54-LTG55,0.0,False,,,,40,sub-jh101,02,False
LTG55-LTG56,0.0,False,,,,40,sub-jh101,02,False
LTG56-LTG57,0.0,False,,,,40,sub-jh101,02,False
LTG57-LTG58,0.0,False,,,,40,sub-jh101,02,False
LTG58-LTG59,0.0,False,,,,40,sub-jh101,02,False
LTG59-LTG60,0.0,False,,,,40,sub-jh101,02,False
LTG61-LTG62,0.0,False,,,,40,sub-jh101,02,False
LTG62-LTG63,0.0,False,,,,40,sub-jh101,02,False
LTG63-LTG64,0.0,False,,,,40,sub-jh101,02,False
LAF5-LAF6,1.0,True,-7.5,-6.5,3.216176532542667,1,sub-jh101,03,False
LAF4-LAF5,0.49579759944653307,True,-7.0,-3.25,2.3918589063463935,2,sub-jh101,03,False
LAD4-LAD5,0.3013844109825953,True,-0.5,3.0,7.754443759011339,3,sub-jh101,03,False
LTG38-LTG39,0.2877541795097688,True,-6.75,-0.5,1.6195694187406797,4,sub-jh101,03,False
LAD2-LAD3,0.2621463399412487,True,0.0,2.5,7.16642570619347,5,sub-jh101,03,False
LTG54-LTG55,0.25174373729057486,True,-4.5,0.0,3.2386092003541327,6,sub-jh101,03,False
LAT7-LAT8,0.20869301355964945,True,-5.25,-4.75,2.1813791113274976,7,sub-jh101,03,True
LAD5-LAD6,0.1931831815719482,True,1.75,3.0,6.368439954299695,8,sub-jh101,03,False
LAD6-LAD7,0.17077573852653638,True,2.25,3.5,5.904382917699406,9,sub-jh101,03,False
LAT6-LAT7,0.15191238495670284,True,2.5,4.0,5.3743475225036885,10,sub-jh101,03,True
LAD1-LAD2,0.14953778565733175,True,0.25,3.0,4.208224273395676,11,sub-jh101,03,False
LAD3-LAD4,0.138668624075503,True,1.0,3.25,4.236836358240333,12,sub-jh101,03,False
LTG36-LTG37,0.13125298656287662,True,-2.75,-1.5,2.4272634574555556,13,sub-jh101,03,False
LTG61-LTG62,0.12659262713890573,True,-2.5,0.0,2.4428654195824353,14,sub-jh101,03,False
LPH3-LPH4,0.11541490477648175,True,1.75,4.0,3.804745759539614,15,sub-jh101,03,False
LAD7-LAD8,0.1047296279762314,True,2.25,3.0,3.6209114464101035,16,sub-jh101,03,False
LAT1-LAT2,0.08970421431795647,True,2.25,3.5,3.101424331315587,17,sub-jh101,03,True
LTG58-LTG59,0.0889486109271393,True,-0.75,0.0,2.2170768717625355,18,sub-jh101,03,False
LAH2-LAH3,0.07887778071562059,True,2.25,6.75,2.727112323223724,19,sub-jh101,03,False
LPH4-LPH5,0.06794360413434457,True,3.5,8.0,2.622223501838975,20,sub-jh101,03,False
LTG7-LTG8,0.06751741152960497,True,18.5,19.5,5.862993691487613,21,sub-jh101,03,False
LAF7-LAF8,0.06510436614843373,True,5.75,8.0,2.983766667660374,22,sub-jh101,03,False
LTG8-LTG9,0.04528799426067891,True,18.75,19.75,3.969076523459088,23,sub-jh101,03,False
LPH6-LPH7,0.043930866381084135,True,12.5,14.5,2.967077851691319,24,sub-jh101,03,False
LAT2-LAT3,0.04268711225361843,True,12.75,14.5,2.9173973842821703,25,sub-jh101,03,True
LAF6-LAF7,0.04149366543345306,True,6.5,8.0,2.0017642952437287,26,sub-jh101,03,False
LTG14-LTG15,0.039879086784034276,True,18.25,19.75,3.4309063966956628,27,sub-jh101,03,False
LTG23-LTG24,0.031474615857859475,True,20.5,22.0,2.9356097058924453,28,sub-jh101,03,False
LTG13-LTG14,0.030169208192880846,True,16.25,19.75,2.4014801100345995,29,sub-jh101,03,False
LTG6-LTG7,0.02991797126702869,True,8.0,17.0,1.5876543719900074,30,sub-jh101,03,False
LTG29-LTG30,0.02853237783449858,True,18.5,19.5,2.477659428241782,31,sub-jh101,03,False
LTG37-LTG38,0.02738324849949002,True,23.75,26.25,2.840236898985219,32,sub-jh101,03,False
LTG28-LTG29,0.02184279707283068,True,23.5,28.0,2.2480093232233505,33,sub-jh101,03,False
LTG27-LTG28,0.018157891318808628,True,25.25,25.75,1.9709657079754226,34,sub-jh101,03,False
LTG19-LTG20,0.017774562952966026,True,27.75,28.75,2.072272293900521,35,sub-jh101,03,False
LAF1-LAF2,0.0,False,,,,36,sub-jh101,03,False
LAF2-LAF3,0.0,False,,,,36,sub-jh101,03,False
LAF3-LAF4,0.0,False,,,,36,sub-jh101,03,False
LAF8-LAF9,0.0,False,,,,36,sub-jh101,03,False
LAF9-LAF10,0.0,False,,,,36,sub-jh101,03,False
LAH1-LAH2,0.0,False,,,,36,sub-jh101,03,False
LAH3-LAH4,0.0,False,,,,36,sub-jh101,03,False
LAH4-LAH5,0.0,False,,,,36,sub-jh101,03,False
LAH5-LAH6,0.0,False,,,,36,sub-jh101,03,True
LAT8-LAT9,0.0,False,,,,36,sub-jh101,03,False
LMT1-LMT2,0.0,False,,,,36,sub-jh101,03,False
LMT2-LMT3,0.0,False,,,,36,sub-jh101,03,False
LPH1-LPH2,0.0,False,,,,36,sub-jh101,03,False
LPH2-LPH3,0.0,False,,,,36,sub-jh101,03,False
LPH5-LPH6,0.0,False,,,,36,sub-jh101,03,False
LPH7-LPH8,0.0,False,,,,36,sub-jh101,03,False
LPT1-LPT2,0.0,False,,,,36,sub-jh101,03,False
LPT2-LPT3,0.0,False,,,,36,sub-jh101,03,False
LPT3-LPT4,0.0,False,,,,36,sub-jh101,03,False
LPT4-LPT5,0.0,False,,,,36,sub-jh101,03,False
LTG1-LTG2,0.0,False,,,,36,sub-jh101,03,False
LTG10-LTG11,0.0,False,,,,36,sub-jh101,03,False
LTG11-LTG12,0.0,False,,,,36,sub-jh101,03,False
LTG12-LTG13,0.0,False,,,,36,sub-jh101,03,False
LTG2-LTG3,0.0,False,,,,36,sub-jh101,03,False
LTG20-LTG21,0.0,False,,,,36,sub-jh101,03,False
LTG21-LTG22,0.0,False,,,,36,sub-jh101,03,False
LTG22-LTG23,0.0,False,,,,36,sub-jh101,03,False
LTG24-LTG25,0.0,False,,,,36,sub-jh101,03,False
LTG25-LTG26,0.0,False,,,,36,sub-jh101,03,False
LTG26-LTG27,0.0,False,,,,36,sub-jh101,03,False
LTG3-LTG4,0.0,False,,,,36,sub-jh101,03,False
LTG30-LTG31,0.0,False,,,,36,sub-jh101,03,False
LTG31-LTG32,0.0,False,,,,36,sub-jh101,03,False
LTG32-LTG33,0.0,False,,,,36,sub-jh101,03,False
LTG33-LTG34,0.0,False,,,,36,sub-jh101,03,False
LTG34-LTG35,0.0,False,,,,36,sub-jh101,03,False
LTG35-LTG36,0.0,False,,,,36,sub-jh101,03,False
LTG39-LTG40,0.0,False,,,,36,sub-jh101,03,False
LTG4-LTG5,0.0,False,,,,36,sub-jh101,03,False
LTG40-LTG41,0.0,False,,,,36,sub-jh101,03,False
LTG41-LTG42,0.0,False,,,,36,sub-jh101,03,False
LTG42-LTG43,0.0,False,,,,36,sub-jh101,03,False
LTG43-LTG44,0.0,False,,,,36,sub-jh101,03,False
LTG44-LTG45,0.0,False,,,,36,sub-jh101,03,False
LTG45-LTG46,0.0,False,,,,36,sub-jh101,03,False
LTG46-LTG47,0.0,False,,,,36,sub-jh101,03,False
LTG47-LTG48,0.0,False,,,,36,sub-jh101,03,False
LTG5-LTG6,0.0,False,,,,36,sub-jh101,03,False
LTG51-LTG52,0.0,False,,,,36,sub-jh101,03,False
LTG52-LTG53,0.0,False,,,,36,sub-jh101,03,False
LTG53-LTG54,0.0,False,,,,36,sub-jh101,03,False
LTG55-LTG56,0.0,False,,,,36,sub-jh101,03,False
LTG56-LTG57,0.0,False,,,,36,sub-jh101,03,False
LTG57-LTG58,0.0,False,,,,36,sub-jh101,03,False
LTG59-LTG60,0.0,False,,,,36,sub-jh101,03,False
LTG60-LTG61,0.0,False,,,,36,sub-jh101,03,False
LTG62-LTG63,0.0,False,,,,36,sub-jh101,03,False
LTG63-LTG64,0.0,False,,,,36,sub-jh101,03,False
LTG9-LTG10,0.0,False,,,,36,sub-jh101,03,False
RPT1-RPT2,1.0,True,0.25,1.5,3.7658670013330933,1,sub-jh102,01,False
RTF1-RTF2,0.5792812606267398,True,0.25,2.25,2.1814961838848745,2,sub-jh102,01,False
LPT4-LPT5,0.4238169383364658,True,0.5,1.75,1.9950477783591487,3,sub-jh102,01,False
RAT2-RAT3,0.09607989607388084,True,17.75,19.0,6.693746037148607,4,sub-jh102,01,True
RPF5-RPF6,0.06877591476602907,True,17.5,18.75,4.7267672992459255,5,sub-jh102,01,False
LAT1-LAT2,0.0531257329559921,True,14.25,18.75,3.00096666990907,6,sub-jh102,01,False
RPF4-RPF5,0.04300964591900099,True,15.75,18.25,2.6724820040388755,7,sub-jh102,01,False
LPF5-LPF6,0.04207071108918154,True,17.75,22.75,2.93100499834729,8,sub-jh102,01,False
LAT2-LAT3,0.037202949163057934,True,24.75,26.5,3.5725846444385283,9,sub-jh102,01,False
RAT3-RAT4,0.03493362973755252,True,18.5,20.5,2.5324415167096714,10,sub-jh102,01,False
LAT4-LAT5,0.03481139296123491,True,22.5,26.5,3.047960517538322,11,sub-jh102,01,False
LBT3-LBT4,0.028595327012376656,True,17.75,18.5,1.9921946701824045,12,sub-jh102,01,False
LPT7-LPT8,0.027823660063168942,True,27.5,29.25,2.960040742891576,13,sub-jh102,01,False
LAF7-LAF8,0.0,False,,,,14,sub-jh102,01,False
LAT3-LAT4,0.0,False,,,,14,sub-jh102,01,False
LAT5-LAT6,0.0,False,,,,14,sub-jh102,01,False
LBT1-LBT2,0.0,False,,,,14,sub-jh102,01,False
LBT2-LBT3,0.0,False,,,,14,sub-jh102,01,False
LMF1-LMF2,0.0,False,,,,14,sub-jh102,01,False
LMF2-LMF3,0.0,False,,,,14,sub-jh102,01,False
LMF3-LMF4,0.0,False,,,,14,sub-jh102,01,False
LMF4-LMF5,0.0,False,,,,14,sub-jh102,01,False
LMF5-LMF6,0.0,False,,,,14,sub-jh102,01,False
LMF6-LMF7,0.0,False,,,,14,sub-jh102,01,False
LMF7-LMF8,0.0,False,,,,14,sub-jh102,01,False
LPF1-LPF2,0.0,False,,,,14,sub-jh102,01,False
LPF2-LPF3,0.0,False,,,,14,sub-jh102,01,False
LPF3-LPF4,0.0,False,,,,14,sub-jh102,01,False
LPF4-LPF5,0.0,False,,,,14,sub-jh102,01,False
LPF6-LPF7,0.0,False,,,,14,sub-jh102,01,False
LPF7-LPF8,0.0,False,,,,14,sub-jh102,01,False
LPT1-LPT2,0.0,False,,,,14,sub-jh102,01,False
LPT2-LPT3,0.0,False,,,,14,sub-jh102,01,False
LPT3-LPT4,0.0,False,,,,14,sub-jh102,01,False
LPT5-LPT6,0.0,False,,,,14,sub-jh102,01,False
LPT6-LPT7,0.0,False,,,,14,sub-jh102,01,False
LSF1-LSF2,0.0,False,,,,14,sub-jh102,01,False
LSF2-LSF3,0.0,False,,,,14,sub-jh102,01,False
LSF3-LSF4,0.0,False,,,,14,sub-jh102,01,False
LSF4-LSF5,0.0,False,,,,14,sub-jh102,01,False
LSF5-LSF6,0.0,False,,,,14,sub-jh102,01,False
LSF6-LSF7,0.0,False,,,,14,sub-jh102,01,False
LSF7-LSF8,0.0,False,,,,14,sub-jh102,01,False
LTF1-LTF2,0.0,False,,,,14,sub-jh102,01,False
LTF2-LTF3,0.0,False,,,,14,sub-jh102,01,False
LTF3-LTF4,0.0,False,,,,14,sub-jh102,01,False
LTF4-LTF5,0.0,False,,,,14,sub-jh102,01,False
LTF5-LTF6,0.0,False,,,,14,sub-jh102,01,False
LTF6-LTF7,0.0,False,,,,14,sub-jh102,01,False
LTF7-LTF8,0.0,False,,,,14,sub-jh102,01,False
RAF1-RAF2,0.0,False,,,,14,sub-jh102,01,False
RAF2-RAF3,0.0,False,,,,14,sub-jh102,01,False
RAF3-RAF4,0.0,False,,,,14,sub-jh102,01,False
RAF4-RAF5,0.0,False,,,,14,sub-jh102,01,False
RAF5-RAF6,0.0,False,,,,14,sub-jh102,01,False
RAF6-RAF7,0.0,False,,,,14,sub-jh102,01,False
RAF7-RAF8,0.0,False,,,,14,sub-jh102,01,False
RAT1-RAT2,0.0,False,,,,14,sub-jh102,01,True
RAT4-RAT5,0.0,False,,,,14,sub-jh102,01,False
RAT5-RAT6,0.0,False,,,,14,sub-jh102,01,False
RBT1-RBT2,0.0,False,,,,14,sub-jh102,01,False
RBT2-RBT3,0.0,False,,,,14,sub-jh102,01,False
RBT3-RBT4,0.0,False,,,,14,sub-jh102,01,False
RMF1-RMF2,0.0,False,,,,14,sub-jh102,01,False
RMF2-RMF3,0.0,False,,,,14,sub-jh102,01,False
RMF3-RMF4,0.0,False,,,,14,sub-jh102,01,False
RMF4-RMF5,0.0,False,,,,14,sub-jh102,01,False
RMF5-RMF6,0.0,False,,,,14,sub-jh102,01,False
RMF6-RMF7,0.0,False,,,,14,sub-jh102,01,False
RMF7-RMF8,0.0,False,,,,14,sub-jh102,01,False
RPF1-RPF2,0.0,False,,,,14,sub-jh102,01,False
RPF2-RPF3,0.0,False,,,,14,sub-jh102,01,False
RPF3-RPF4,0.0,False,,,,14,sub-jh102,01,False
RPF6-RPF7,0.0,False,,,,14,sub-jh102,01,False
RPF7-RPF8,0.0,False,,,,14,sub-jh102,01,False
RPT2-RPT3,0.0,False,,,,14,sub-jh102,01,False
RPT3-RPT4,0.0,False,,,,14,sub-jh102,01,False
RPT4-RPT5,0.0,False,,,,14,sub-jh102,01,False
RPT5-RPT6,0.0,False,,,,14,sub-jh102,01,False
RPT6-RPT7,0.0,False,,,,14,sub-jh102,01,False
RPT7-RPT8,0.0,False,,,,14,sub-jh102,01,False
RSF1-RSF2,0.0,False,,,,14,sub-jh102,01,False
RSF2-RSF3,0.0,False,,,,14,sub-jh102,01,False
RSF3-RSF4,0.0,False,,,,14,sub-jh102,01,False
RSF4-RSF5,0.0,False,,,,14,sub-jh102,01,False
RSF5-RSF6,0.0,False,,,,14,sub-jh102,01,False
RSF6-RSF7,0.0,False,,,,14,sub-jh102,01,False
RSF7-RSF8,0.0,False,,,,14,sub-jh102,01,False
RTF2-RTF3,0.0,False,,,,14,sub-jh102,01,False
RTF3-RTF4,0.0,False,,,,14,sub-jh102,01,False
RTF4-RTF5,0.0,False,,,,14,sub-jh102,01,False
RTF5-RTF6,0.0,False,,,,14,sub-jh102,01,False
RTF6-RTF7,0.0,False,,,,14,sub-jh102,01,False
RTF7-RTF8,0.0,False,,,,14,sub-jh102,01,False
LMF3-LMF4,1.0,True,-10.0,-8.75,3.808774514397612,1,sub-jh102,02,False
RAT1-RAT2,0.752529252551023,True,-8.25,-7.25,7.882089155751307,2,sub-jh102,02,True
LMF5-LMF6,0.5889356686685058,True,-9.5,-8.0,3.364684748166481,3,sub-jh102,02,False
RMF3-RMF4,0.23822748803680488,True,-6.75,-6.0,3.8562578365200637,4,sub-jh102,02,False
RTF1-RTF2,0.19514495730056092,True,-6.5,-4.75,3.34468412990814,5,sub-jh102,02,False
RTF2-RTF3,0.18304587774696485,True,-6.5,-5.0,3.1373121335768133,6,sub-jh102,02,False
LSF1-LSF2,0.17020962736334835,True,-6.5,-2.25,2.9173054086298604,7,sub-jh102,02,False
RAT3-RAT4,0.1184117025006848,True,19.0,19.5,13.530104240731209,8,sub-jh102,02,False
RPF6-RPF7,0.09415297234249421,True,-3.25,-1.0,2.779207671724783,9,sub-jh102,02,False
RBT1-RBT2,0.08653269884494043,True,-2.75,-0.75,2.719064188686885,10,sub-jh102,02,False
RPT7-RPT8,0.07407362890917013,True,1.25,3.25,3.456089437232869,11,sub-jh102,02,False
LSF4-LSF5,0.057755622663119045,True,1.25,4.5,2.6947322598650487,12,sub-jh102,02,False
LSF2-LSF3,0.054245881468798676,True,5.0,6.5,3.305765293590306,13,sub-jh102,02,False
LPF5-LPF6,0.0482634280625919,True,2.25,5.75,2.435674820864979,14,sub-jh102,02,False
LPF4-LPF5,0.04034372609209338,True,4.0,10.25,2.3049023363310486,15,sub-jh102,02,False
RAT2-RAT3,0.030980146299737842,True,19.5,22.0,3.598889946201905,16,sub-jh102,02,True
LAT2-LAT3,0.020318089944971564,True,23.0,28.75,2.6311587875639666,17,sub-jh102,02,False
RPT5-RPT6,0.01875843793908314,True,26.5,30.0,2.6792497632108425,18,sub-jh102,02,False
RBT2-RBT3,0.017843676755900692,True,20.75,28.25,2.157810685355,19,sub-jh102,02,False
LAT1-LAT2,0.017223200282673247,True,21.5,27.75,2.1319768045228775,20,sub-jh102,02,False
RAT4-RAT5,0.015332617125002,True,21.5,28.0,1.89795064370353,21,sub-jh102,02,False
RSF6-RSF7,0.015180439525967718,True,22.75,30.0,1.9513869024552755,22,sub-jh102,02,False
LAF7-LAF8,0.0,False,,,,23,sub-jh102,02,False
LAT3-LAT4,0.0,False,,,,23,sub-jh102,02,False
LAT4-LAT5,0.0,False,,,,23,sub-jh102,02,False
LAT5-LAT6,0.0,False,,,,23,sub-jh102,02,False
LBT1-LBT2,0.0,False,,,,23,sub-jh102,02,False
LBT2-LBT3,0.0,False,,,,23,sub-jh102,02,False
LBT3-LBT4,0.0,False,,,,23,sub-jh102,02,False
LMF1-LMF2,0.0,False,,,,23,sub-jh102,02,False
LMF2-LMF3,0.0,False,,,,23,sub-jh102,02,False
LMF4-LMF5,0.0,False,,,,23,sub-jh102,02,False
LMF6-LMF7,0.0,False,,,,23,sub-jh102,02,False
LMF7-LMF8,0.0,False,,,,23,sub-jh102,02,False
LPF1-LPF2,0.0,False,,,,23,sub-jh102,02,False
LPF2-LPF3,0.0,False,,,,23,sub-jh102,02,False
LPF3-LPF4,0.0,False,,,,23,sub-jh102,02,False
LPF6-LPF7,0.0,False,,,,23,sub-jh102,02,False
LPF7-LPF8,0.0,False,,,,23,sub-jh102,02,False
LPT1-LPT2,0.0,False,,,,23,sub-jh102,02,False
LPT2-LPT3,0.0,False,,,,23,sub-jh102,02,False
LPT3-LPT4,0.0,False,,,,23,sub-jh102,02,False
LPT4-LPT5,0.0,False,,,,23,sub-jh102,02,False
LPT5-LPT6,0.0,False,,,,23,sub-jh102,02,False
LPT6-LPT7,0.0,False,,,,23,sub-jh102,02,False
LPT7-LPT8,0.0,False,,,,23,sub-jh102,02,False
LSF3-LSF4,0.0,False,,,,23,sub-jh102,02,False
LSF5-LSF6,0.0,False,,,,23,sub-jh102,02,False
LSF6-LSF7,0.0,False,,,,23,sub-jh102,02,False
LSF7-LSF8,0.0,False,,,,23,sub-jh102,02,False
LTF1-LTF2,0.0,False,,,,23,sub-jh102,02,False
LTF2-LTF3,0.0,False,,,,23,sub-jh102,02,False
LTF3-LTF4,0.0,False,,,,23,sub-jh102,02,False
LTF4-LTF5,0.0,False,,,,23,sub-jh102,02,False
LTF5-LTF6,0.0,False,,,,23,sub-jh102,02,False
LTF6-LTF7,0.0,False,,,,23,sub-jh102,02,False
LTF7-LTF8,0.0,False,,,,23,sub-jh102,02,False
RAF1-RAF2,0.0,False,,,,23,sub-jh102,02,False
RAF2-RAF3,0.0,False,,,,23,sub-jh102,02,False
RAF3-RAF4,0.0,False,,,,23,sub-jh102,02,False
RAF4-RAF5,0.0,False,,,,23,sub-jh102,02,False
RAF5-RAF6,0.0,False,,,,23,sub-jh102,02,False
RAF6-RAF7,0.0,False,,,,23,sub-jh102,02,False
RAF7-RAF8,0.0,False,,,,23,sub-jh102,02,False
RAT5-RAT6,0.0,False,,,,23,sub-jh102,02,False
RBT3-RBT4,0.0,False,,,,23,sub-jh102,02,False
RMF1-RMF2,0.0,False,,,,23,sub-jh102,02,False
RMF2-RMF3,0.0,False,,,,23,sub-jh102,02,False
RMF4-RMF5,0.0,False,,,,23,sub-jh102,02,False
RMF5-RMF6,0.0,False,,,,23,sub-jh102,02,False
RMF6-RMF7,0.0,False,,,,23,sub-jh102,02,False
RMF7-RMF8,0.0,False,,,,23,sub-jh102,02,False
RPF1-RPF2,0.0,False,,,,23,sub-jh102,02,False
RPF2-RPF3,0.0,False,,,,23,sub-jh102,02,False
RPF3-RPF4,0.0,False,,,,23,sub-jh102,02,False
RPF4-RPF5,0.0,False,,,,23,sub-jh102,02,False
RPF5-RPF6,0.0,False,,,,23,sub-jh102,02,False
RPF7-RPF8,0.0,False,,,,23,sub-jh102,02,False
RPT1-RPT2,0.0,False,,,,23,sub-jh102,02,False
RPT2-RPT3,0.0,False,,,,23,sub-jh102,02,False
RPT3-RPT4,0.0,False,,,,23,sub-jh102,02,False
RPT4-RPT5,0.0,False,,,,23,sub-jh102,02,False
RPT6-RPT7,0.0,False,,,,23,sub-jh102,02,False
RSF1-RSF2,0.0,False,,,,23,sub-jh102,02,False
RSF2-RSF3,0.0,False,,,,23,sub-jh102,02,False
RSF3-RSF4,0.0,False,,,,23,sub-jh102,02,False
RSF4-RSF5,0.0,False,,,,23,sub-jh102,02,False
RSF5-RSF6,0.0,False,,,,23,sub-jh102,02,False
RSF7-RSF8,0.0,False,,,,23,sub-jh102,02,False
RTF3-RTF4,0.0,False,,,,23,sub-jh102,02,False
RTF4-RTF5,0.0,False,,,,23,sub-jh102,02,False
RTF5-RTF6,0.0,False,,,,23,sub-jh102,02,False
RTF6-RTF7,0.0,False,,,,23,sub-jh102,02,False
RTF7-RTF8,0.0,False,,,,23,sub-jh102,02,False
LAF7-LAF8,1.0,True,-9.25,-7.5,6.02932343352672,1,sub-jh102,03,False
RMF3-RMF4,0.503645522622616,True,-9.25,-6.75,3.0366417517393502,2,sub-jh102,03,False
RAF5-RAF6,0.4717954021161817,True,-7.75,-6.5,7.1115176845231405,3,sub-jh102,03,False
LAT4-LAT5,0.46480385636130284,True,7.0,7.5,48.34231050938564,4,sub-jh102,03,False
RMF1-RMF2,0.4450685173132896,True,-8.5,-7.5,4.696058571683517,5,sub-jh102,03,False
LSF3-LSF4,0.3269973572907403,True,-8.0,-7.25,4.436038865282333,6,sub-jh102,03,False
LAT3-LAT4,0.30079873927772754,True,4.75,7.25,27.204193312537456,7,sub-jh102,03,False
RAF2-RAF3,0.2849379863351464,True,-8.0,-4.75,3.8654623757529323,8,sub-jh102,03,False
RTF1-RTF2,0.26027850870225916,True,-7.5,-5.75,4.315584107345279,9,sub-jh102,03,False
RAF6-RAF7,0.2454941490558941,True,-7.5,-5.25,4.070449970665111,10,sub-jh102,03,False
LAT1-LAT2,0.23997961977729654,True,-8.25,-6.0,2.8938294901841726,11,sub-jh102,03,False
RMF7-RMF8,0.23342543786115283,True,-6.75,-3.75,4.925891118671194,12,sub-jh102,03,False
LAT2-LAT3,0.21005261238116912,True,3.25,5.5,17.09741436439439,13,sub-jh102,03,False
LMF4-LMF5,0.20514963543486747,True,-7.75,-6.75,3.092283760767275,14,sub-jh102,03,False
RSF4-RSF5,0.1993337869719109,True,-8.0,-7.25,2.7041577139875725,15,sub-jh102,03,False
RSF1-RSF2,0.19845090605279758,True,-8.0,-5.75,2.6921805711046694,16,sub-jh102,03,False
LMF1-LMF2,0.19780095073128817,True,-7.5,-6.5,3.279666245399555,17,sub-jh102,03,False
LSF1-LSF2,0.18876255381046597,True,-7.5,-3.5,3.129803844919925,18,sub-jh102,03,False
LMF7-LMF8,0.13450467263985863,True,-7.25,3.0,2.43291652399902,19,sub-jh102,03,False
LPF3-LPF4,0.12794090973631952,True,-6.25,-4.25,3.085588500719673,20,sub-jh102,03,False
LBT3-LBT4,0.10227117755065858,True,-5.75,-0.75,2.7748170332125093,21,sub-jh102,03,False
LMF2-LMF3,0.09805146629474949,True,-4.0,-3.5,3.6949000213911782,22,sub-jh102,03,False
LPT7-LPT8,0.08740056329320539,True,28.75,29.75,20.55168431031918,23,sub-jh102,03,False
RAF7-RAF8,0.08113592677112245,True,-4.25,-2.25,2.935168467492219,24,sub-jh102,03,False
LAT5-LAT6,0.07779864950906647,True,3.25,6.0,6.332488477853579,25,sub-jh102,03,False
RMF5-RMF6,0.0764142053555946,True,-3.25,-2.25,3.225081713033666,26,sub-jh102,03,False
RPT7-RPT8,0.060444616923699936,True,-4.5,-3.5,2.095530835179506,27,sub-jh102,03,False
LPT1-LPT2,0.055214236006900605,True,-2.0,-0.25,2.746462017920615,28,sub-jh102,03,False
RTF4-RTF5,0.044515802966234704,True,1.5,2.25,3.1537020443422814,29,sub-jh102,03,False
LMF3-LMF4,0.038594960914441895,True,1.25,2.75,2.676067275961162,30,sub-jh102,03,False
LPT6-LPT7,0.037466232447827943,True,7.75,9.5,4.066128598745667,31,sub-jh102,03,False
LMF6-LMF7,0.03688319452713649,True,1.0,1.75,2.5017829769901203,32,sub-jh102,03,False
LPF2-LPF3,0.033610248240166264,True,8.0,8.5,3.698308796109795,33,sub-jh102,03,False
RPT1-RPT2,0.026572161286881592,True,6.5,7.5,2.683553591667982,34,sub-jh102,03,False
LSF2-LSF3,0.0236153296851297,True,13.5,13.75,3.381630940699028,35,sub-jh102,03,False
RAT3-RAT4,0.018947923991870196,True,11.5,13.75,2.484788776563838,36,sub-jh102,03,False
LPT4-LPT5,0.01740713654566431,True,16.5,19.75,2.8074996056337325,37,sub-jh102,03,False
LPT2-LPT3,0.017035701129962545,True,23.5,26.0,3.466589130993627,38,sub-jh102,03,False
LPT3-LPT4,0.013390648497788727,True,17.25,27.25,2.220255146390516,39,sub-jh102,03,False
LTF6-LTF7,0.012865180278576244,True,25.75,29.25,2.79245998548596,40,sub-jh102,03,False
LTF7-LTF8,0.010794141557101735,True,20.75,29.25,2.0175224896861805,41,sub-jh102,03,False
RAT2-RAT3,0.00953622792312417,True,24.25,25.5,1.983646585709882,42,sub-jh102,03,True
LBT1-LBT2,0.0,False,,,,43,sub-jh102,03,False
LBT2-LBT3,0.0,False,,,,43,sub-jh102,03,False
LMF5-LMF6,0.0,False,,,,43,sub-jh102,03,False
LPF1-LPF2,0.0,False,,,,43,sub-jh102,03,False
LPF4-LPF5,0.0,False,,,,43,sub-jh102,03,False
LPF5-LPF6,0.0,False,,,,43,sub-jh102,03,False
LPF6-LPF7,0.0,False,,,,43,sub-jh102,03,False
LPF7-LPF8,0.0,False,,,,43,sub-jh102,03,False
LPT5-LPT6,0.0,False,,,,43,sub-jh102,03,False
LSF4-LSF5,0.0,False,,,,43,sub-jh102,03,False
LSF5-LSF6,0.0,False,,,,43,sub-jh102,03,False
LSF6-LSF7,0.0,False,,,,43,sub-jh102,03,False
LSF7-LSF8,0.0,False,,,,43,sub-jh102,03,False
LTF1-LTF2,0.0,False,,,,43,sub-jh102,03,False
LTF2-LTF3,0.0,False,,,,43,sub-jh102,03,False
LTF3-LTF4,0.0,False,,,,43,sub-jh102,03,False
LTF4-LTF5,0.0,False,,,,43,sub-jh102,03,False
LTF5-LTF6,0.0,False,,,,43,sub-jh102,03,False
RAF1-RAF2,0.0,False,,,,43,sub-jh102,03,False
RAF3-RAF4,0.0,False,,,,43,sub-jh102,03,False
RAF4-RAF5,0.0,False,,,,43,sub-jh102,03,False
RAT1-RAT2,0.0,False,,,,43,sub-jh102,03,True
RAT4-RAT5,0.0,False,,,,43,sub-jh102,03,False
RAT5-RAT6,0.0,False,,,,43,sub-jh102,03,False
RBT1-RBT2,0.0,False,,,,43,sub-jh102,03,False
RBT2-RBT3,0.0,False,,,,43,sub-jh102,03,False
RBT3-RBT4,0.0,False,,,,43,sub-jh102,03,False
RMF2-RMF3,0.0,False,,,,43,sub-jh102,03,False
RMF4-RMF5,0.0,False,,,,43,sub-jh102,03,False
RMF6-RMF7,0.0,False,,,,43,sub-jh102,03,False
RPF1-RPF2,0.0,False,,,,43,sub-jh102,03,False
RPF2-RPF3,0.0,False,,,,43,sub-jh102,03,False
RPF3-RPF4,0.0,False,,,,43,sub-jh102,03,False
RPF4-RPF5,0.0,False,,,,43,sub-jh102,03,False
RPF5-RPF6,0.0,False,,,,43,sub-jh102,03,False
RPF6-RPF7,0.0,False,,,,43,sub-jh102,03,False
RPF7-RPF8,0.0,False,,,,43,sub-jh102,03,False
RPT2-RPT3,0.0,False,,,,43,sub-jh102,03,False
RPT3-RPT4,0.0,False,,,,43,sub-jh102,03,False
RPT4-RPT5,0.0,False,,,,43,sub-jh102,03,False
RPT5-RPT6,0.0,False,,,,43,sub-jh102,03,False
RPT6-RPT7,0.0,False,,,,43,sub-jh102,03,False
RSF2-RSF3,0.0,False,,,,43,sub-jh102,03,False
RSF3-RSF4,0.0,False,,,,43,sub-jh102,03,False
RSF5-RSF6,0.0,False,,,,43,sub-jh102,03,False
RSF6-RSF7,0.0,False,,,,43,sub-jh102,03,False
RSF7-RSF8,0.0,False,,,,43,sub-jh102,03,False
RTF2-RTF3,0.0,False,,,,43,sub-jh102,03,False
RTF3-RTF4,0.0,False,,,,43,sub-jh102,03,False
RTF5-RTF6,0.0,False,,,,43,sub-jh102,03,False
RTF6-RTF7,0.0,False,,,,43,sub-jh102,03,False
RTF7-RTF8,0.0,False,,,,43,sub-jh102,03,False
RHD6-RHD7,1.0,True,-8.250000000000014,-7.250000000000014,3.0244840153060157,1,sub-jh103,01,True
RAD4-RAD5,0.9370235038558515,True,-8.000000000000014,-7.000000000000014,3.542515761722572,2,sub-jh103,01,True
RHD4-RHD5,0.5920422096485352,True,-7.750000000000014,-7.250000000000014,2.685933299202671,3,sub-jh103,01,True
RHD5-RHD6,0.3285363558051539,True,1.9999999999999858,2.249999999999986,11.17859576152025,4,sub-jh103,01,True
RAD2-RAD3,0.23955284551608688,True,-4.500000000000014,-2.750000000000014,3.4414878224012617,5,sub-jh103,01,True
RTG29-RTG30,0.1658096285218328,True,1.7499999999999858,2.999999999999986,5.51637428152923,6,sub-jh103,01,False
MBT3-MBT4,0.15089212136516494,True,-1.7500000000000142,2.999999999999986,3.422781068284175,7,sub-jh103,01,False
ABT3-ABT4,0.13767452703648153,True,1.9999999999999858,2.499999999999986,4.684437071287361,8,sub-jh103,01,False
RTG56-RTG57,0.12412786713865366,True,0.4999999999999858,2.749999999999986,3.6603718126451468,9,sub-jh103,01,False
RTG14-RTG15,0.11076714902654776,True,2.499999999999986,3.249999999999986,3.9364082919088026,10,sub-jh103,01,False
RTG31-RTG32,0.10335897011484534,True,1.9999999999999858,2.749999999999986,3.5168349706969715,11,sub-jh103,01,False
RHD3-RHD4,0.10008392237714907,True,1.9999999999999858,2.749999999999986,3.405400013461673,12,sub-jh103,01,True
RTG38-RTG39,0.09776229671908543,True,1.7499999999999858,2.249999999999986,3.252485540991254,13,sub-jh103,01,False
RTG27-RTG28,0.0960944070469725,True,1.2499999999999858,2.249999999999986,3.05167797977572,14,sub-jh103,01,False
RTG28-RTG29,0.09490971127348843,True,-1.0000000000000142,3.999999999999986,2.368186463312793,15,sub-jh103,01,False
RTG40-RTG41,0.09244293882241104,True,8.749999999999986,11.249999999999986,5.032659434333294,16,sub-jh103,01,True
PBT2-PBT3,0.09231052360293468,True,2.249999999999986,2.749999999999986,3.210704585438453,17,sub-jh103,01,False
RTG13-RTG14,0.0903066010771655,True,2.749999999999986,5.749999999999986,3.277570457214049,18,sub-jh103,01,False
RTG34-RTG35,0.0899236859553565,True,2.249999999999986,3.749999999999986,3.127686633847799,19,sub-jh103,01,False
RTG15-RTG16,0.08889065778817114,True,8.749999999999986,10.749999999999986,4.839270724626495,20,sub-jh103,01,False
RTG39-RTG40,0.0887678513284968,True,1.7499999999999858,2.999999999999986,2.9532464215770937,21,sub-jh103,01,True
RHD2-RHD3,0.08630766852032226,True,1.2499999999999858,2.249999999999986,2.740879720299471,22,sub-jh103,01,True
RAD1-RAD2,0.0830450519271566,True,6.249999999999986,7.749999999999986,3.8931106976111196,23,sub-jh103,01,True
RTG32-RTG33,0.08173124113973182,True,1.9999999999999858,2.999999999999986,2.7809418642552033,24,sub-jh103,01,False
PBT3-PBT4,0.08085968606676662,True,1.9999999999999858,2.999999999999986,2.7512868149054794,25,sub-jh103,01,False
RTG41-RTG42,0.07943852456140696,True,24.499999999999986,25.749999999999986,8.1087934860721,26,sub-jh103,01,False
RTG48-RTG49,0.07932254511975875,True,1.7499999999999858,2.499999999999986,2.6390074674491064,27,sub-jh103,01,True
RTG55-RTG56,0.07656704896385608,True,1.9999999999999858,2.749999999999986,2.6052279265162768,28,sub-jh103,01,False
RTG10-RTG11,0.07345449398240522,True,1.9999999999999858,7.999999999999986,2.4993218576494862,29,sub-jh103,01,False
MBT2-MBT3,0.07254716099194708,True,2.249999999999986,5.999999999999986,2.5233038809237245,30,sub-jh103,01,False
RTG7-RTG8,0.07239876257092051,True,8.499999999999986,10.249999999999986,3.886697977195401,31,sub-jh103,01,False
RTG35-RTG36,0.07109446028344647,True,21.499999999999986,24.249999999999986,6.611989805150836,32,sub-jh103,01,False
RTG57-RTG58,0.069303104095797,True,25.749999999999986,27.749999999999986,7.336214569208941,33,sub-jh103,01,False
RTG30-RTG31,0.06319028120780219,True,1.7499999999999858,9.249999999999986,2.102297949792588,34,sub-jh103,01,False
RTG33-RTG34,0.061767016041388935,True,1.9999999999999858,2.749999999999986,2.101650217766225,35,sub-jh103,01,False
RTG59-RTG60,0.057432472096440396,True,24.999999999999986,27.999999999999986,5.9493480881703515,36,sub-jh103,01,False
RAD6-RAD7,0.05733172752227071,True,11.499999999999986,13.999999999999986,3.5980270393154954,37,sub-jh103,01,True
RTG6-RTG7,0.05719663908857559,True,6.499999999999986,10.499999999999986,2.7245975502788298,38,sub-jh103,01,False
RTG47-RTG48,0.05009165159446999,True,8.749999999999986,12.499999999999986,2.7270251918595463,39,sub-jh103,01,True
RTG36-RTG37,0.047103134141674004,True,20.999999999999986,22.249999999999986,4.309495957539819,40,sub-jh103,01,False
ABT1-ABT2,0.04564361234272268,True,27.249999999999986,28.499999999999986,5.038765721495702,41,sub-jh103,01,False
RTG37-RTG38,0.04442436957726171,True,16.999999999999986,19.999999999999986,3.526970886507466,42,sub-jh103,01,False
RHD8-RHD9,0.04403621460413251,True,10.749999999999986,14.499999999999986,2.6637365432956823,43,sub-jh103,01,True
RAD3-RAD4,0.04321067105023191,True,13.999999999999986,16.499999999999986,3.0385421252581923,44,sub-jh103,01,True
RTG51-RTG52,0.04284950187484345,True,24.499999999999986,26.499999999999986,4.373920130094759,45,sub-jh103,01,False
RTG42-RTG43,0.04199475234633233,True,25.999999999999986,27.999999999999986,4.477189116237147,46,sub-jh103,01,False
RHD7-RHD8,0.04167824026882501,True,11.499999999999986,12.249999999999986,2.615644808192253,47,sub-jh103,01,True
RTG50-RTG51,0.038667045530639294,True,24.999999999999986,27.999999999999986,4.0054642435836,48,sub-jh103,01,False
RTG58-RTG59,0.038430113624280275,True,14.249999999999986,16.249999999999986,2.731434712531196,49,sub-jh103,01,False
RTG49-RTG50,0.03561102273348431,True,20.249999999999986,21.999999999999986,3.1772965862706117,50,sub-jh103,01,False
RHD1-RHD2,0.03560512657943443,True,12.249999999999986,17.999999999999986,2.3152734283526057,51,sub-jh103,01,True
RTG53-RTG54,0.03551329881515459,True,26.999999999999986,28.499999999999986,3.8935909166492655,52,sub-jh103,01,False
RTG23-RTG24,0.03514572139549423,True,9.749999999999986,11.249999999999986,2.019655778774348,53,sub-jh103,01,False
RTG62-RTG63,0.03499936373940726,True,19.499999999999986,21.749999999999986,3.0433317150518997,54,sub-jh103,01,False
RTG61-RTG62,0.03422878354966784,True,26.749999999999986,27.999999999999986,3.726878713536235,55,sub-jh103,01,False
RTG1-RTG2,0.03300455151628995,True,14.249999999999986,16.249999999999986,2.3458108545940277,56,sub-jh103,01,False
RTG54-RTG55,0.0326327191855492,True,26.249999999999986,27.499999999999986,3.5037483831195537,57,sub-jh103,01,False
RTG19-RTG20,0.030996486649444148,True,27.749999999999986,29.749999999999986,3.4686900008699353,58,sub-jh103,01,False
RTG11-RTG12,0.029207712938749818,True,27.749999999999986,28.499999999999986,3.2685156535551343,59,sub-jh103,01,False
RTG52-RTG53,0.028011088839530133,True,24.999999999999986,29.499999999999986,2.90162884779179,60,sub-jh103,01,False
RTG46-RTG47,0.026827485213397874,True,21.249999999999986,26.749999999999986,2.4747486560628014,61,sub-jh103,01,False
RAD5-RAD6,0.02567851078661428,True,18.749999999999986,26.999999999999986,2.1745988715073836,62,sub-jh103,01,True
ABT2-ABT3,0.025674024989384855,True,18.999999999999986,26.499999999999986,2.193631658838168,63,sub-jh103,01,False
RTG60-RTG61,0.02522130462255619,True,22.249999999999986,27.249999999999986,2.4028651292966754,64,sub-jh103,01,False
RTG24-RTG25,0.025165344102775825,True,28.249999999999986,29.999999999999986,2.8542067866945375,65,sub-jh103,01,False
MBT1-MBT2,0.0,False,,,,66,sub-jh103,01,False
PBT1-PBT2,0.0,False,,,,66,sub-jh103,01,False
RTG12-RTG13,0.0,False,,,,66,sub-jh103,01,False
RTG16-RTG17,0.0,False,,,,66,sub-jh103,01,False
RTG2-RTG3,0.0,False,,,,66,sub-jh103,01,False
RTG3-RTG4,0.0,False,,,,66,sub-jh103,01,False
RTG4-RTG5,0.0,False,,,,66,sub-jh103,01,False
RTG43-RTG44,0.0,False,,,,66,sub-jh103,01,False
RTG44-RTG45,0.0,False,,,,66,sub-jh103,01,False
RTG45-RTG46,0.0,False,,,,66,sub-jh103,01,False
RTG5-RTG6,0.0,False,,,,66,sub-jh103,01,False
RTG63-RTG64,0.0,False,,,,66,sub-jh103,01,False
RTG8-RTG9,0.0,False,,,,66,sub-jh103,01,False
RTG9-RTG10,0.0,False,,,,66,sub-jh103,01,False
RHD4-RHD5,1.0,True,11.499999999999986,12.499999999999986,26.04063909852465,1,sub-jh103,02,True
RTG35-RTG36,0.9521455480917619,True,-1.5000000000000142,0.9999999999999858,3.305930478283269,2,sub-jh103,02,False
RTG55-RTG56,0.869797344185649,True,-2.500000000000014,7.499999999999986,1.5100052485862476,3,sub-jh103,02,False
RAD1-RAD2,0.410672011551581,True,19.999999999999986,21.499999999999986,16.75418657039846,4,sub-jh103,02,True
RHD5-RHD6,0.35163031357902286,True,11.499999999999986,12.999999999999986,9.156678092012386,5,sub-jh103,02,True
RTG58-RTG59,0.24147001946928123,True,3.249999999999986,3.749999999999986,2.8296151335509725,6,sub-jh103,02,False
MBT2-MBT3,0.23051358224432203,True,12.249999999999986,13.499999999999986,6.3028570526590935,7,sub-jh103,02,False
PBT2-PBT3,0.20828513903524407,True,12.499999999999986,14.749999999999986,5.7854700108830075,8,sub-jh103,02,False
RAD2-RAD3,0.17490157565917375,True,19.999999999999986,21.999999999999986,7.135459801556027,9,sub-jh103,02,True
PBT3-PBT4,0.16973598929300615,True,12.749999999999986,15.749999999999986,4.788369775811069,10,sub-jh103,02,False
RHD3-RHD4,0.14324233502025754,True,11.999999999999986,13.999999999999986,3.8544593482222345,11,sub-jh103,02,True
RTG28-RTG29,0.1430100910256554,True,12.499999999999986,14.249999999999986,3.9723457790360017,12,sub-jh103,02,False
RTG11-RTG12,0.14226087793110304,True,10.749999999999986,14.249999999999986,3.519335971040968,13,sub-jh103,02,False
RHD1-RHD2,0.13971102776606653,True,27.249999999999986,29.249999999999986,7.458237126887195,14,sub-jh103,02,True
RTG39-RTG40,0.13816332557592625,True,13.499999999999986,15.499999999999986,4.07757613770461,15,sub-jh103,02,True
RTG34-RTG35,0.12671006174250848,True,8.999999999999986,14.249999999999986,2.7496758233236993,16,sub-jh103,02,False
RTG29-RTG30,0.12619662705381213,True,12.249999999999986,13.749999999999986,3.4505528615874055,17,sub-jh103,02,False
RTG16-RTG17,0.1253407965422335,True,14.999999999999986,16.999999999999986,4.025543818062754,18,sub-jh103,02,False
RTG15-RTG16,0.1133245960830066,True,14.999999999999986,15.999999999999986,3.6396220526865077,19,sub-jh103,02,False
MBT3-MBT4,0.11186175893083321,True,6.749999999999986,13.249999999999986,1.9905169903833961,20,sub-jh103,02,False
RTG38-RTG39,0.10895493102258912,True,15.499999999999986,16.749999999999986,3.5938576465675944,21,sub-jh103,02,False
ABT3-ABT4,0.10804688128495094,True,23.999999999999986,25.999999999999986,5.158284708981332,22,sub-jh103,02,False
RTG48-RTG49,0.10131555314631452,True,14.999999999999986,16.249999999999986,3.253930163945703,23,sub-jh103,02,True
RTG40-RTG41,0.09729021499326841,True,17.499999999999986,18.999999999999986,3.5468991270406045,24,sub-jh103,02,True
RTG10-RTG11,0.09624762229110587,True,12.999999999999986,13.999999999999986,2.7569845557911847,25,sub-jh103,02,False
RTG24-RTG25,0.08888816147680617,True,12.499999999999986,14.249999999999986,2.469018168692151,26,sub-jh103,02,False
RAD4-RAD5,0.087846186117414,True,12.499999999999986,15.249999999999986,2.4400755507897647,27,sub-jh103,02,True
RTG23-RTG24,0.08261132028487371,True,12.999999999999986,19.249999999999986,2.366376734690127,28,sub-jh103,02,False
RHD6-RHD7,0.08259195615117028,True,25.999999999999986,26.999999999999986,4.22980306772847,29,sub-jh103,02,True
RHD2-RHD3,0.07713691901603369,True,24.999999999999986,25.999999999999986,3.816519871610448,30,sub-jh103,02,True
RTG56-RTG57,0.07584844261176953,True,13.749999999999986,16.249999999999986,2.271413208273986,31,sub-jh103,02,False
RTG31-RTG32,0.07528574890026361,True,14.749999999999986,16.499999999999986,2.385261636588262,32,sub-jh103,02,False
RTG47-RTG48,0.07171208723961481,True,12.999999999999986,20.249999999999986,2.054171441089596,33,sub-jh103,02,True
RTG32-RTG33,0.0698719895859925,True,17.499999999999986,20.749999999999986,2.547315769466585,34,sub-jh103,02,False
RAD3-RAD4,0.06756595834487876,True,17.499999999999986,25.749999999999986,2.463245031246913,35,sub-jh103,02,True
ABT1-ABT2,0.0,False,,,,36,sub-jh103,02,False
ABT2-ABT3,0.0,False,,,,36,sub-jh103,02,False
MBT1-MBT2,0.0,False,,,,36,sub-jh103,02,False
PBT1-PBT2,0.0,False,,,,36,sub-jh103,02,False
RAD5-RAD6,0.0,False,,,,36,sub-jh103,02,True
RAD6-RAD7,0.0,False,,,,36,sub-jh103,02,True
RHD7-RHD8,0.0,False,,,,36,sub-jh103,02,True
RHD8-RHD9,0.0,False,,,,36,sub-jh103,02,True
RTG1-RTG2,0.0,False,,,,36,sub-jh103,02,False
RTG12-RTG13,0.0,False,,,,36,sub-jh103,02,False
RTG13-RTG14,0.0,False,,,,36,sub-jh103,02,False
RTG14-RTG15,0.0,False,,,,36,sub-jh103,02,False
RTG19-RTG20,0.0,False,,,,36,sub-jh103,02,False
RTG2-RTG3,0.0,False,,,,36,sub-jh103,02,False
RTG27-RTG28,0.0,False,,,,36,sub-jh103,02,False
RTG3-RTG4,0.0,False,,,,36,sub-jh103,02,False
RTG30-RTG31,0.0,False,,,,36,sub-jh103,02,False
RTG33-RTG34,0.0,False,,,,36,sub-jh103,02,False
RTG36-RTG37,0.0,False,,,,36,sub-jh103,02,False
RTG37-RTG38,0.0,False,,,,36,sub-jh103,02,False
RTG4-RTG5,0.0,False,,,,36,sub-jh103,02,False
RTG41-RTG42,0.0,False,,,,36,sub-jh103,02,False
RTG42-RTG43,0.0,False,,,,36,sub-jh103,02,False
RTG43-RTG44,0.0,False,,,,36,sub-jh103,02,False
RTG44-RTG45,0.0,False,,,,36,sub-jh103,02,False
RTG45-RTG46,0.0,False,,,,36,sub-jh103,02,False
RTG46-RTG47,0.0,False,,,,36,sub-jh103,02,False
RTG49-RTG50,0.0,False,,,,36,sub-jh103,02,False
RTG5-RTG6,0.0,False,,,,36,sub-jh103,02,False
RTG50-RTG51,0.0,False,,,,36,sub-jh103,02,False
RTG51-RTG52,0.0,False,,,,36,sub-jh103,02,False
RTG52-RTG53,0.0,False,,,,36,sub-jh103,02,False
RTG53-RTG54,0.0,False,,,,36,sub-jh103,02,False
RTG54-RTG55,0.0,False,,,,36,sub-jh103,02,False
RTG57-RTG58,0.0,False,,,,36,sub-jh103,02,False
RTG59-RTG60,0.0,False,,,,36,sub-jh103,02,False
RTG6-RTG7,0.0,False,,,,36,sub-jh103,02,False
RTG60-RTG61,0.0,False,,,,36,sub-jh103,02,False
RTG61-RTG62,0.0,False,,,,36,sub-jh103,02,False
RTG62-RTG63,0.0,False,,,,36,sub-jh103,02,False
RTG63-RTG64,0.0,False,,,,36,sub-jh103,02,False
RTG7-RTG8,0.0,False,,,,36,sub-jh103,02,False
RTG8-RTG9,0.0,False,,,,36,sub-jh103,02,False
RTG9-RTG10,0.0,False,,,,36,sub-jh103,02,False
RHD5-RHD6,1.0,True,-1.0000000000000142,-0.5000000000000142,15.62133366571356,1,sub-jh103,03,True
RHD4-RHD5,0.7609999765640301,True,-5.000000000000014,-4.500000000000014,3.6180366032412343,2,sub-jh103,03,True
RTG28-RTG29,0.7135056212049444,True,-0.5000000000000142,0.2499999999999858,12.115118892613769,3,sub-jh103,03,False
RTG15-RTG16,0.6472622775729759,True,-5.750000000000014,7.249999999999986,1.7584521751647244,4,sub-jh103,03,False
MBT2-MBT3,0.6443931838942495,True,-0.7500000000000142,0.7499999999999858,10.503945326111571,5,sub-jh103,03,False
MBT3-MBT4,0.602380188124494,True,-0.7500000000000142,0.4999999999999858,9.819111560669246,6,sub-jh103,03,False
RTG27-RTG28,0.5298179877920635,True,-0.7500000000000142,-1.4210854715202004e-14,8.636309811544464,7,sub-jh103,03,False
RHD3-RHD4,0.5029056087509788,True,-0.7500000000000142,0.7499999999999858,8.197623982599483,8,sub-jh103,03,True
PBT3-PBT4,0.46656165561173646,True,-0.7500000000000142,0.4999999999999858,7.605198571762097,9,sub-jh103,03,False
RTG29-RTG30,0.4035006479090691,True,-0.5000000000000142,0.4999999999999858,6.851324190564322,10,sub-jh103,03,False
PBT2-PBT3,0.2906629687471463,True,-0.7500000000000142,1.2499999999999858,4.7379581416341345,11,sub-jh103,03,False
RTG30-RTG31,0.25095345868442287,True,-1.4210854715202004e-14,0.9999999999999858,4.602006445313229,12,sub-jh103,03,False
RTG39-RTG40,0.23733087580455312,True,-1.4210854715202004e-14,0.9999999999999858,4.352194330574418,13,sub-jh103,03,True
RTG11-RTG12,0.2154545828709752,True,-1.0000000000000142,0.9999999999999858,3.3656879288346366,14,sub-jh103,03,False
ABT2-ABT3,0.21091318466763473,True,-0.7500000000000142,1.2499999999999858,3.437995024895357,15,sub-jh103,03,False
RTG10-RTG11,0.2026900659879914,True,-1.0000000000000142,0.7499999999999858,3.1662891515239133,16,sub-jh103,03,False
RAD4-RAD5,0.18974696404636637,True,-0.5000000000000142,1.2499999999999858,3.2218485189396127,17,sub-jh103,03,True
RAD3-RAD4,0.1885497385319717,True,-1.4210854715202004e-14,3.749999999999986,3.4576415743981057,18,sub-jh103,03,True
RTG56-RTG57,0.17942361480651556,True,-0.2500000000000142,2.749999999999986,3.1684234788881365,19,sub-jh103,03,False
RTG48-RTG49,0.17188452616386174,True,0.7499999999999858,2.499999999999986,3.5022593937114217,20,sub-jh103,03,True
RTG34-RTG35,0.16319649894490962,True,-1.0000000000000142,1.2499999999999858,2.549346963094704,21,sub-jh103,03,False
RTG33-RTG34,0.1550319268720488,True,-1.0000000000000142,0.9999999999999858,2.421805458506779,22,sub-jh103,03,False
ABT1-ABT2,0.15015279958308114,True,-0.7500000000000142,2.499999999999986,2.4475690258730363,23,sub-jh103,03,False
RAD2-RAD3,0.14695270334281818,True,-0.5000000000000142,1.2499999999999858,2.495214360866069,24,sub-jh103,03,True
RAD1-RAD2,0.145751393642836,True,-0.5000000000000142,0.4999999999999858,2.4748164699320694,25,sub-jh103,03,True
RTG24-RTG25,0.14008847928911633,True,-1.4210854715202004e-14,3.499999999999986,2.568954769471201,26,sub-jh103,03,False
PBT1-PBT2,0.13826812699682314,True,-0.7500000000000142,1.9999999999999858,2.2538426578963113,27,sub-jh103,03,False
RTG16-RTG17,0.13585439276091674,True,5.499999999999986,6.249999999999986,4.521265789751647,28,sub-jh103,03,False
RTG32-RTG33,0.13512888197854156,True,0.2499999999999858,1.9999999999999858,2.5697832126663274,29,sub-jh103,03,False
ABT3-ABT4,0.13508680943336773,True,-0.7500000000000142,2.749999999999986,2.2019855206907475,30,sub-jh103,03,False
RTG35-RTG36,0.12985658069767209,True,0.7499999999999858,1.7499999999999858,2.6459125770873846,31,sub-jh103,03,False
RHD6-RHD7,0.12596576432391768,True,0.7499999999999858,2.749999999999986,2.5666346542963767,32,sub-jh103,03,True
RTG47-RTG48,0.11379587658970886,True,-1.4210854715202004e-14,5.749999999999986,2.086798724597197,33,sub-jh103,03,True
RTG38-RTG39,0.11264399649492428,True,-0.2500000000000142,4.749999999999986,1.989168948776248,34,sub-jh103,03,False
RAD5-RAD6,0.1107854253816394,True,0.9999999999999858,2.499999999999986,2.3325695195966363,35,sub-jh103,03,True
RHD8-RHD9,0.1072988619660478,True,1.4999999999999858,5.999999999999986,2.404912770254703,36,sub-jh103,03,True
RTG40-RTG41,0.10490318458297428,True,0.2499999999999858,5.499999999999986,1.9949727900462713,37,sub-jh103,03,True
RTG50-RTG51,0.10244937402525946,True,1.9999999999999858,5.999999999999986,2.435384997487927,38,sub-jh103,03,False
RTG23-RTG24,0.09993649636503008,True,0.4999999999999858,6.999999999999986,1.968395621648463,39,sub-jh103,03,False
RTG59-RTG60,0.09983863785301177,True,9.999999999999986,10.999999999999986,4.543219530450429,40,sub-jh103,03,False
RHD2-RHD3,0.09633710356412949,True,-0.2500000000000142,13.499999999999986,1.7012071747067572,41,sub-jh103,03,True
RTG36-RTG37,0.09580529841385138,True,0.4999999999999858,7.749999999999986,1.8870256291528211,42,sub-jh103,03,False
RHD1-RHD2,0.09432118424907042,True,9.249999999999986,10.999999999999986,4.099958792069497,43,sub-jh103,03,True
RTG43-RTG44,0.09148580567246646,True,1.4999999999999858,7.249999999999986,2.0504912943845897,44,sub-jh103,03,False
RTG60-RTG61,0.08441391110540834,True,9.749999999999986,10.999999999999986,3.783974761424384,45,sub-jh103,03,False
RTG9-RTG10,0.08173510154740336,True,5.749999999999986,10.249999999999986,2.775676724941236,46,sub-jh103,03,False
RTG46-RTG47,0.07063789114422651,True,27.999999999999986,29.499999999999986,6.6687248397338195,47,sub-jh103,03,False
RTG41-RTG42,0.06691870795901864,True,1.7499999999999858,7.249999999999986,1.545313992487532,48,sub-jh103,03,False
RTG58-RTG59,0.06199517363205646,True,11.499999999999986,15.499999999999986,3.0737674950793346,49,sub-jh103,03,False
RHD7-RHD8,0.04983484782090347,True,9.999999999999986,15.499999999999986,2.267765854841575,50,sub-jh103,03,True
RTG55-RTG56,0.03858029181330723,True,20.499999999999986,23.999999999999986,2.8561583319849295,51,sub-jh103,03,False
RTG53-RTG54,0.036477579108959206,True,20.249999999999986,20.999999999999986,2.675716127586066,52,sub-jh103,03,False
RTG37-RTG38,0.03457876872573817,True,22.249999999999986,25.249999999999986,2.7243179193764533,53,sub-jh103,03,False
RTG54-RTG55,0.03004124802244612,True,20.249999999999986,21.499999999999986,2.2035961209588506,54,sub-jh103,03,False
MBT1-MBT2,0.0,False,,,,55,sub-jh103,03,False
RAD6-RAD7,0.0,False,,,,55,sub-jh103,03,True
RTG1-RTG2,0.0,False,,,,55,sub-jh103,03,False
RTG12-RTG13,0.0,False,,,,55,sub-jh103,03,False
RTG13-RTG14,0.0,False,,,,55,sub-jh103,03,False
RTG14-RTG15,0.0,False,,,,55,sub-jh103,03,False
RTG19-RTG20,0.0,False,,,,55,sub-jh103,03,False
RTG2-RTG3,0.0,False,,,,55,sub-jh103,03,False
RTG3-RTG4,0.0,False,,,,55,sub-jh103,03,False
RTG31-RTG32,0.0,False,,,,55,sub-jh103,03,False
RTG4-RTG5,0.0,False,,,,55,sub-jh103,03,False
RTG42-RTG43,0.0,False,,,,55,sub-jh103,03,False
RTG44-RTG45,0.0,False,,,,55,sub-jh103,03,False
RTG45-RTG46,0.0,False,,,,55,sub-jh103,03,False
RTG49-RTG50,0.0,False,,,,55,sub-jh103,03,False
RTG5-RTG6,0.0,False,,,,55,sub-jh103,03,False
RTG51-RTG52,0.0,False,,,,55,sub-jh103,03,False
RTG52-RTG53,0.0,False,,,,55,sub-jh103,03,False
RTG57-RTG58,0.0,False,,,,55,sub-jh103,03,False
RTG6-RTG7,0.0,False,,,,55,sub-jh103,03,False
RTG61-RTG62,0.0,False,,,,55,sub-jh103,03,False
RTG62-RTG63,0.0,False,,,,55,sub-jh103,03,False
RTG63-RTG64,0.0,False,,,,55,sub-jh103,03,False
RTG7-RTG8,0.0,False,,,,55,sub-jh103,03,False
RTG8-RTG9,0.0,False,,,,55,sub-jh103,03,False
LAD3-LAD4,1.0,True,19.695749500000005,19.94549950000001,132.83857398144144,1,sub-jh104,01,False
LAD1-LAD2,0.9440611927732365,True,19.445999500000013,19.94549950000001,124.22469537588154,2,sub-jh104,01,False
LAT2-LAT3,0.6808206359682603,True,-5.778750499999987,-5.279250499999989,3.416088780492994,3,sub-jh104,01,True
LAF5-LAF6,0.34276716085927283,True,-5.02950049999999,-1.5330004999999858,3.008482765405606,4,sub-jh104,01,False
LAD4-LAD5,0.31322838911240974,True,19.445999500000013,20.195249500000017,41.21629139978168,5,sub-jh104,01,False
LAD5-LAD6,0.29213540276672534,True,19.445999500000013,19.94549950000001,38.44076178007232,6,sub-jh104,01,False
LAD2-LAD3,0.21319994078893564,True,19.445999500000013,20.195249500000017,28.054005292666584,7,sub-jh104,01,False
LAD7-LAD8,0.08974834905294105,True,19.695749500000005,21.69374950000001,11.922042705381338,8,sub-jh104,01,False
LAD6-LAD7,0.05815576993980796,True,19.695749500000005,21.443999500000018,7.725329547596867,9,sub-jh104,01,False
ABT3-ABT4,0.054754141610030775,True,21.69374950000001,22.94249950000001,7.822381891538887,10,sub-jh104,01,False
ABT2-ABT3,0.048306589044251336,True,22.193249500000007,24.940499500000016,7.022330857185554,11,sub-jh104,01,False
LAT3-LAT4,0.04294644205799692,True,1.2142495000000082,10.954499500000011,1.7223977168839206,12,sub-jh104,01,False
LHD2-LHD3,0.04044089282768912,True,14.700749500000015,15.69974950000001,4.358543058793862,13,sub-jh104,01,False
LHD6-LHD7,0.036186748544994436,True,22.94249950000001,25.439999500000013,5.396511059952266,14,sub-jh104,01,False
ABT1-ABT2,0.03539337466654377,True,18.197249500000012,19.695749500000005,4.435486862728494,15,sub-jh104,01,False
LAT1-LAT2,0.034912785742379326,True,26.189249500000017,27.937499500000015,5.775286622895027,16,sub-jh104,01,True
LPT1-LPT2,0.03116591463839388,True,23.691749500000014,26.189249500000017,4.764923095754405,17,sub-jh104,01,False
LMF4-LMF5,0.02843154113765999,True,26.189249500000017,27.937499500000015,4.703156614663973,18,sub-jh104,01,False
MBT4-MBT5,0.02802992380342021,True,12.70274950000001,16.448999500000014,2.73993807868673,19,sub-jh104,01,True
LPT5-LPT6,0.02782604387471099,True,23.691749500000014,24.69074950000001,4.25429385469557,20,sub-jh104,01,False
MBT3-MBT4,0.0269875585707177,True,21.194249500000012,24.191249500000012,3.7879050249941484,21,sub-jh104,01,True
LPT4-LPT5,0.026572485642692385,True,9.955499500000016,10.454999500000014,2.231181354465461,22,sub-jh104,01,False
LMF3-LMF4,0.02545824768374715,True,26.189249500000017,27.937499500000015,4.211313252835639,23,sub-jh104,01,False
LHD1-LHD2,0.02499236716949507,True,17.198249500000017,20.195249500000017,3.0067593762164235,24,sub-jh104,01,False
PBT4-PBT5,0.024845913934424185,True,23.44199950000001,25.190249500000007,3.7675294238628667,25,sub-jh104,01,True
LPT3-LPT4,0.023866762565465344,True,23.691749500000014,24.940499500000016,3.648963602979731,26,sub-jh104,01,False
LPT7-LPT8,0.02364881122385701,True,24.440999500000018,26.43899950000001,3.704547550654449,27,sub-jh104,01,False
LHD4-LHD5,0.0233487071844467,True,11.453999500000009,12.203249500000013,2.136050194997301,28,sub-jh104,01,False
LMF1-LMF2,0.02218680676060679,True,25.190249500000007,28.187249500000007,3.558936920586837,29,sub-jh104,01,False
LHD5-LHD6,0.02211432684949875,True,19.695749500000005,23.44199950000001,2.937635643246916,30,sub-jh104,01,False
LPT2-LPT3,0.02025653141457574,True,25.190249500000007,27.68774950000001,3.249305693794625,31,sub-jh104,01,False
PBT5-PBT6,0.019758664820297665,True,13.451999500000014,19.695749500000005,2.0057001893222726,32,sub-jh104,01,False
LHD3-LHD4,0.019221717795561213,True,18.69674950000001,23.44199950000001,2.4570350480603613,33,sub-jh104,01,False
LPT6-LPT7,0.01886415302042155,True,22.94249950000001,26.189249500000017,2.813201365266582,34,sub-jh104,01,False
MBT5-MBT6,0.017441024824099274,True,20.694749500000015,25.439999500000013,2.4042655212852964,35,sub-jh104,01,True
LMF2-LMF3,0.01616122432078,True,25.190249500000007,28.93649950000001,2.592386481646936,36,sub-jh104,01,False
LFP4-LFP5,0.014932764642150289,True,23.691749500000014,24.940499500000016,2.283054290317261,37,sub-jh104,01,False
MBT2-MBT3,0.0146445066451151,True,24.940499500000016,28.436999500000013,2.3307414160039452,38,sub-jh104,01,False
LAF3-LAF4,0.0,False,,,,39,sub-jh104,01,False
LAF4-LAF5,0.0,False,,,,39,sub-jh104,01,False
LAF6-LAF7,0.0,False,,,,39,sub-jh104,01,False
LAF7-LAF8,0.0,False,,,,39,sub-jh104,01,False
LFP1-LFP2,0.0,False,,,,39,sub-jh104,01,False
LFP2-LFP3,0.0,False,,,,39,sub-jh104,01,False
LFP3-LFP4,0.0,False,,,,39,sub-jh104,01,False
LFP5-LFP6,0.0,False,,,,39,sub-jh104,01,False
LFP6-LFP7,0.0,False,,,,39,sub-jh104,01,False
LFP7-LFP8,0.0,False,,,,39,sub-jh104,01,False
LHD7-LHD8,0.0,False,,,,39,sub-jh104,01,False
LMF5-LMF6,0.0,False,,,,39,sub-jh104,01,False
LMF6-LMF7,0.0,False,,,,39,sub-jh104,01,False
LMF7-LMF8,0.0,False,,,,39,sub-jh104,01,False
LPF1-LPF2,0.0,False,,,,39,sub-jh104,01,False
LPF2-LPF3,0.0,False,,,,39,sub-jh104,01,False
LPF3-LPF4,0.0,False,,,,39,sub-jh104,01,False
LPF4-LPF5,0.0,False,,,,39,sub-jh104,01,False
LPF5-LPF6,0.0,False,,,,39,sub-jh104,01,False
LPF6-LPF7,0.0,False,,,,39,sub-jh104,01,False
LPF7-LPF8,0.0,False,,,,39,sub-jh104,01,False
MBT1-MBT2,0.0,False,,,,39,sub-jh104,01,False
LAD3-LAD4,1.0,True,19.695749500000005,19.94549950000001,132.83857398144144,1,sub-jh104,02,False
LAD1-LAD2,0.9440611927732365,True,19.445999500000013,19.94549950000001,124.22469537588154,2,sub-jh104,02,False
LAT2-LAT3,0.6808206359682603,True,-5.778750499999987,-5.279250499999989,3.416088780492994,3,sub-jh104,02,True
LAF5-LAF6,0.34276716085927283,True,-5.02950049999999,-1.5330004999999858,3.008482765405606,4,sub-jh104,02,False
LAD4-LAD5,0.31322838911240974,True,19.445999500000013,20.195249500000017,41.21629139978168,5,sub-jh104,02,False
LAD5-LAD6,0.29213540276672534,True,19.445999500000013,19.94549950000001,38.44076178007232,6,sub-jh104,02,False
LAD2-LAD3,0.21319994078893564,True,19.445999500000013,20.195249500000017,28.054005292666584,7,sub-jh104,02,False
LAD7-LAD8,0.08974834905294105,True,19.695749500000005,21.69374950000001,11.922042705381338,8,sub-jh104,02,False
LAD6-LAD7,0.05815576993980796,True,19.695749500000005,21.443999500000018,7.725329547596867,9,sub-jh104,02,False
ABT3-ABT4,0.054754141610030775,True,21.69374950000001,22.94249950000001,7.822381891538887,10,sub-jh104,02,False
ABT2-ABT3,0.048306589044251336,True,22.193249500000007,24.940499500000016,7.022330857185554,11,sub-jh104,02,False
LAT3-LAT4,0.04294644205799692,True,1.2142495000000082,10.954499500000011,1.7223977168839206,12,sub-jh104,02,False
LHD2-LHD3,0.04044089282768912,True,14.700749500000015,15.69974950000001,4.358543058793862,13,sub-jh104,02,False
LHD6-LHD7,0.036186748544994436,True,22.94249950000001,25.439999500000013,5.396511059952266,14,sub-jh104,02,False
ABT1-ABT2,0.03539337466654377,True,18.197249500000012,19.695749500000005,4.435486862728494,15,sub-jh104,02,False
LAT1-LAT2,0.034912785742379326,True,26.189249500000017,27.937499500000015,5.775286622895027,16,sub-jh104,02,True
LPT1-LPT2,0.03116591463839388,True,23.691749500000014,26.189249500000017,4.764923095754405,17,sub-jh104,02,False
LMF4-LMF5,0.02843154113765999,True,26.189249500000017,27.937499500000015,4.703156614663973,18,sub-jh104,02,False
MBT4-MBT5,0.02802992380342021,True,12.70274950000001,16.448999500000014,2.73993807868673,19,sub-jh104,02,True
LPT5-LPT6,0.02782604387471099,True,23.691749500000014,24.69074950000001,4.25429385469557,20,sub-jh104,02,False
MBT3-MBT4,0.0269875585707177,True,21.194249500000012,24.191249500000012,3.7879050249941484,21,sub-jh104,02,True
LPT4-LPT5,0.026572485642692385,True,9.955499500000016,10.454999500000014,2.231181354465461,22,sub-jh104,02,False
LMF3-LMF4,0.02545824768374715,True,26.189249500000017,27.937499500000015,4.211313252835639,23,sub-jh104,02,False
LHD1-LHD2,0.02499236716949507,True,17.198249500000017,20.195249500000017,3.0067593762164235,24,sub-jh104,02,False
PBT4-PBT5,0.024845913934424185,True,23.44199950000001,25.190249500000007,3.7675294238628667,25,sub-jh104,02,True
LPT3-LPT4,0.023866762565465344,True,23.691749500000014,24.940499500000016,3.648963602979731,26,sub-jh104,02,False
LPT7-LPT8,0.02364881122385701,True,24.440999500000018,26.43899950000001,3.704547550654449,27,sub-jh104,02,False
LHD4-LHD5,0.0233487071844467,True,11.453999500000009,12.203249500000013,2.136050194997301,28,sub-jh104,02,False
LMF1-LMF2,0.02218680676060679,True,25.190249500000007,28.187249500000007,3.558936920586837,29,sub-jh104,02,False
LHD5-LHD6,0.02211432684949875,True,19.695749500000005,23.44199950000001,2.937635643246916,30,sub-jh104,02,False
LPT2-LPT3,0.02025653141457574,True,25.190249500000007,27.68774950000001,3.249305693794625,31,sub-jh104,02,False
PBT5-PBT6,0.019758664820297665,True,13.451999500000014,19.695749500000005,2.0057001893222726,32,sub-jh104,02,False
LHD3-LHD4,0.019221717795561213,True,18.69674950000001,23.44199950000001,2.4570350480603613,33,sub-jh104,02,False
LPT6-LPT7,0.01886415302042155,True,22.94249950000001,26.189249500000017,2.813201365266582,34,sub-jh104,02,False
MBT5-MBT6,0.017441024824099274,True,20.694749500000015,25.439999500000013,2.4042655212852964,35,sub-jh104,02,True
LMF2-LMF3,0.01616122432078,True,25.190249500000007,28.93649950000001,2.592386481646936,36,sub-jh104,02,False
LFP4-LFP5,0.014932764642150289,True,23.691749500000014,24.940499500000016,2.283054290317261,37,sub-jh104,02,False
MBT2-MBT3,0.0146445066451151,True,24.940499500000016,28.436999500000013,2.3307414160039452,38,sub-jh104,02,False
LAF3-LAF4,0.0,False,,,,39,sub-jh104,02,False
LAF4-LAF5,0.0,False,,,,39,sub-jh104,02,False
LAF6-LAF7,0.0,False,,,,39,sub-jh104,02,False
LAF7-LAF8,0.0,False,,,,39,sub-jh104,02,False
LFP1-LFP2,0.0,False,,,,39,sub-jh104,02,False
LFP2-LFP3,0.0,False,,,,39,sub-jh104,02,False
LFP3-LFP4,0.0,False,,,,39,sub-jh104,02,False
LFP5-LFP6,0.0,False,,,,39,sub-jh104,02,False
LFP6-LFP7,0.0,False,,,,39,sub-jh104,02,False
LFP7-LFP8,0.0,False,,,,39,sub-jh104,02,False
LHD7-LHD8,0.0,False,,,,39,sub-jh104,02,False
LMF5-LMF6,0.0,False,,,,39,sub-jh104,02,False
LMF6-LMF7,0.0,False,,,,39,sub-jh104,02,False
LMF7-LMF8,0.0,False,,,,39,sub-jh104,02,False
LPF1-LPF2,0.0,False,,,,39,sub-jh104,02,False
LPF2-LPF3,0.0,False,,,,39,sub-jh104,02,False
LPF3-LPF4,0.0,False,,,,39,sub-jh104,02,False
LPF4-LPF5,0.0,False,,,,39,sub-jh104,02,False
LPF5-LPF6,0.0,False,,,,39,sub-jh104,02,False
LPF6-LPF7,0.0,False,,,,39,sub-jh104,02,False
LPF7-LPF8,0.0,False,,,,39,sub-jh104,02,False
MBT1-MBT2,0.0,False,,,,39,sub-jh104,02,False
LAD2-LAD3,1.0,True,7.707749500000006,8.456999500000009,307.37201657637615,1,sub-jh104,03,False
LAD1-LAD2,0.5925822048070907,True,7.707749500000006,8.456999500000009,182.14318727883062,2,sub-jh104,03,False
LPF1-LPF2,0.4899773986776015,True,-9.275250499999984,-8.276250499999989,8.374872997185202,3,sub-jh104,03,False
LAD3-LAD4,0.2082603738394016,True,7.9574995000000115,8.956499500000007,64.9024367940981,4,sub-jh104,03,False
LPF2-LPF3,0.14672564335674784,True,-9.025500499999993,-7.027500499999988,3.1342335129464685,5,sub-jh104,03,False
LAD4-LAD5,0.1384901704170037,True,6.958499500000016,8.207249500000017,40.794434797396725,6,sub-jh104,03,False
LAD5-LAD6,0.03220604859995822,True,7.707749500000006,9.70574950000001,9.899238104125935,7,sub-jh104,03,False
ABT2-ABT3,0.030082381608319057,True,10.205249500000008,11.204249500000017,10.530644537160025,8,sub-jh104,03,False
LAT1-LAT2,0.024791932924924185,True,14.450999500000009,16.698749500000005,10.477817417399129,9,sub-jh104,03,True
ABT1-ABT2,0.024123089009869064,True,4.960499500000012,7.208249500000008,6.282014568655834,10,sub-jh104,03,False
LAD6-LAD7,0.02242407379569782,True,7.9574995000000115,10.205249500000008,6.988257081079533,11,sub-jh104,03,False
LAD7-LAD8,0.020912921695704217,True,8.207249500000017,10.454999500000014,6.606593843634738,12,sub-jh104,03,False
LAT2-LAT3,0.016306221414134296,True,15.200249500000012,17.198249500000017,7.100325095011662,13,sub-jh104,03,True
ABT3-ABT4,0.014953173320883362,True,7.707749500000006,10.454999500000014,4.596187037855986,14,sub-jh104,03,False
MBT4-MBT5,0.011363106050545833,True,12.452999500000018,15.449999500000018,4.41433450716436,15,sub-jh104,03,True
LPT1-LPT2,0.010990766483560404,True,14.201249500000017,16.199249500000008,4.5981112965054,16,sub-jh104,03,False
PBT4-PBT5,0.010928870655889813,True,13.202249500000008,15.949499500000016,4.385603021670297,17,sub-jh104,03,True
MBT5-MBT6,0.009895799126585874,True,12.952499500000016,16.199249500000008,3.9288024887515682,18,sub-jh104,03,True
LFP6-LFP7,0.008901569688525061,True,24.440999500000018,25.439999500000013,5.282038780815847,19,sub-jh104,03,False
PBT5-PBT6,0.008284178837762926,True,5.959499500000007,10.954499500000011,2.2987791701566325,20,sub-jh104,03,False
LPT7-LPT8,0.007851170743191076,True,13.701749500000005,16.199249500000008,3.217595513399001,21,sub-jh104,03,False
LFP5-LFP6,0.0074159371410444245,True,24.191249500000012,26.189249500000017,4.368832618620331,22,sub-jh104,03,False
LFP1-LFP2,0.006984300505220331,True,24.191249500000012,25.689749500000005,4.114549420406186,23,sub-jh104,03,False
LMF1-LMF2,0.006829908939469079,True,10.454999500000014,13.701749500000005,2.4200349336048834,24,sub-jh104,03,False
LPT3-LPT4,0.006609956891274705,True,14.450999500000009,15.949499500000016,2.7935668289110334,25,sub-jh104,03,False
LPF4-LPF5,0.0063841374801061074,True,18.946499500000016,21.443999500000018,3.188677768452954,26,sub-jh104,03,False
LPT5-LPT6,0.006243618666322612,True,14.450999500000009,15.949499500000016,2.638741263446421,27,sub-jh104,03,False
LMF2-LMF3,0.006145822891566215,True,12.452999500000018,15.69974950000001,2.3875266097563346,28,sub-jh104,03,False
LFP7-LFP8,0.005764757358614631,True,25.190249500000007,26.688749500000014,3.4945342509659048,29,sub-jh104,03,False
LHD1-LHD2,0.00562415016525987,True,15.200249500000012,17.44799950000001,2.448960647737452,30,sub-jh104,03,False
LHD4-LHD5,0.005599391744146732,True,14.950499500000006,18.197249500000012,2.4142771393502875,31,sub-jh104,03,False
LFP4-LFP5,0.0055442163202082196,True,24.940499500000016,27.437999500000018,3.3371773797942943,32,sub-jh104,03,False
MBT3-MBT4,0.0055007697285529445,True,14.950499500000006,17.697749500000015,2.3717545067922736,33,sub-jh104,03,True
LPT2-LPT3,0.005053261118089932,True,15.200249500000012,19.94549950000001,2.2003746801401753,34,sub-jh104,03,False
LPF3-LPF4,0.004945249378209763,True,20.44499950000001,22.442999500000013,2.5966602202410654,35,sub-jh104,03,False
LHD3-LHD4,0.0047620436226491186,True,15.200249500000012,24.940499500000016,2.0735679332875585,36,sub-jh104,03,False
LMF3-LMF4,0.004754755549202948,True,12.952499500000016,17.198249500000017,1.887719748163359,37,sub-jh104,03,False
LPT6-LPT7,0.004572254317935666,True,10.954499500000011,16.199249500000008,1.6591186332217052,38,sub-jh104,03,False
LHD6-LHD7,0.004550936152202788,True,20.944499500000006,24.69074950000001,2.4284677795765615,39,sub-jh104,03,False
LAF7-LAF8,0.0043935194757189966,True,26.189249500000017,28.436999500000013,2.7383250600815146,40,sub-jh104,03,False
LMF6-LMF7,0.004248127828300705,True,14.950499500000006,25.439999500000013,1.8316557171813077,41,sub-jh104,03,False
LFP2-LFP3,0.004186712279134445,True,23.941499500000006,27.937499500000015,2.448578630658178,42,sub-jh104,03,False
LPT4-LPT5,0.004007597046713968,True,19.695749500000005,24.69074950000001,2.0529929769131803,43,sub-jh104,03,False
LMF4-LMF5,0.003525301557859945,True,10.704749500000005,16.94849950000001,1.2641655144017518,44,sub-jh104,03,False
LHD7-LHD8,0.003231562279692548,True,23.691749500000014,28.686749500000005,1.876168774206788,45,sub-jh104,03,False
LMF5-LMF6,0.0032270694755292153,True,16.94849950000001,25.439999500000013,1.5016144728908354,46,sub-jh104,03,False
LAT3-LAT4,0.001897429526444089,True,20.944499500000006,28.686749500000005,1.0125051890161871,47,sub-jh104,03,False
LAF3-LAF4,0.0,False,,,,48,sub-jh104,03,False
LAF4-LAF5,0.0,False,,,,48,sub-jh104,03,False
LAF5-LAF6,0.0,False,,,,48,sub-jh104,03,False
LAF6-LAF7,0.0,False,,,,48,sub-jh104,03,False
LFP3-LFP4,0.0,False,,,,48,sub-jh104,03,False
LHD2-LHD3,0.0,False,,,,48,sub-jh104,03,False
LHD5-LHD6,0.0,False,,,,48,sub-jh104,03,False
LMF7-LMF8,0.0,False,,,,48,sub-jh104,03,False
LPF5-LPF6,0.0,False,,,,48,sub-jh104,03,False
LPF6-LPF7,0.0,False,,,,48,sub-jh104,03,False
LPF7-LPF8,0.0,False,,,,48,sub-jh104,03,False
MBT1-MBT2,0.0,False,,,,48,sub-jh104,03,False
MBT2-MBT3,0.0,False,,,,48,sub-jh104,03,False
RPG1-RPG2,1.0,True,-8.25,-3.25,2.861928121533592,1,sub-jh105,01,False
APD1-APD2,0.4875254425829302,True,3.249999999999993,3.749999999999993,17.440784676139966,2,sub-jh105,01,True
RPG22-RPG23,0.4305814180158262,True,-7.5,-6.75,2.1565128704512815,3,sub-jh105,01,False
RFS2-RFS3,0.39198637898136623,True,-4.75,-1.5,5.048265785692032,4,sub-jh105,01,False
RFS3-RFS4,0.39182493368334564,True,-4.5,-1.5,5.3265302830254075,5,sub-jh105,01,False
PPD4-PPD5,0.3696539295006081,True,3.249999999999993,3.749999999999993,13.224037200914818,6,sub-jh105,01,True
APD6-APD7,0.32893579194436473,True,-5.75,-1.75,3.29486707600575,7,sub-jh105,01,True
RPG19-RPG20,0.31565154210877977,True,-6.25,-3.0,2.7101160748996844,8,sub-jh105,01,True
RPG13-RPG14,0.3072837227131526,True,-5.25,-1.0,3.5176957092892076,9,sub-jh105,01,True
RFS1-RFS2,0.3069481201023174,True,4.749999999999993,6.249999999999993,12.298488394817689,10,sub-jh105,01,False
PPD7-PPD8,0.3048718018598432,True,3.499999999999993,3.999999999999993,11.1246450858676,11,sub-jh105,01,True
RPG26-RPG27,0.2904545827266305,True,3.499999999999993,4.249999999999993,10.598566763754018,12,sub-jh105,01,False
RPG11-RPG12,0.28306896646656177,True,-3.5,-2.5,4.658207453918589,13,sub-jh105,01,True
PPD1-PPD2,0.25635765463107635,True,3.499999999999993,3.999999999999993,9.354384057228184,14,sub-jh105,01,True
RPG33-RPG34,0.24970293056468168,True,-5.0,-3.25,3.0371853158027524,15,sub-jh105,01,False
PSI2-PSI3,0.24950442507716647,True,4.749999999999993,6.499999999999993,9.996892228055788,16,sub-jh105,01,False
RPG14-RPG15,0.22936795810343863,True,3.249999999999993,6.749999999999993,8.205432618437117,17,sub-jh105,01,True
RPG12-RPG13,0.22595444446389165,True,-3.0,-2.5,4.041658617479448,18,sub-jh105,01,True
RPG8-RPG9,0.22419410436708137,True,-4.75,-1.5,2.8873233538658427,19,sub-jh105,01,False
PDI3-PDI4,0.21235880752275618,True,-4.5,-1.75,2.886839304747397,20,sub-jh105,01,False
RFS5-RFS6,0.21060684754974884,True,-5.0,-1.75,2.561652053258198,21,sub-jh105,01,False
PSI1-PSI2,0.2082024032850511,True,-3.5,-1.5,3.426196799361102,22,sub-jh105,01,False
RPG16-RPG17,0.20210425601859597,True,3.499999999999993,6.749999999999993,7.374700135710863,23,sub-jh105,01,False
PPD3-PPD4,0.18970923011904423,True,-3.0,-1.75,3.393338628701126,24,sub-jh105,01,True
RPG40-RPG41,0.1863401040983836,True,-2.25,-1.75,3.7330438886206267,25,sub-jh105,01,False
PDI2-PDI3,0.17685217230805272,True,-4.25,-1.5,2.530691026413602,26,sub-jh105,01,False
ASI5-ASI6,0.17641993638917258,True,2.749999999999993,4.249999999999993,6.058814125816082,27,sub-jh105,01,False
RPG5-RPG6,0.17449079983064,True,4.749999999999993,6.999999999999993,6.991321777778761,28,sub-jh105,01,True
RPG27-RPG28,0.1744673343279841,True,-3.75,-0.75,2.7462213372124338,29,sub-jh105,01,False
RPG9-RPG10,0.1645980053519695,True,2.749999999999993,6.499999999999993,5.6528119231816545,30,sub-jh105,01,False
RPG2-RPG3,0.16202177065667897,True,3.749999999999993,6.499999999999993,6.0280306026592,31,sub-jh105,01,False
RPG32-RPG33,0.15984623378105495,True,3.499999999999993,5.499999999999993,5.83272250263523,32,sub-jh105,01,False
PPD6-PPD7,0.15912807760906275,True,3.499999999999993,3.999999999999993,5.806517282995693,33,sub-jh105,01,True
RPG21-RPG22,0.15472512925955662,True,-2.0,-0.25,3.210388439384876,34,sub-jh105,01,True
RPG20-RPG21,0.14534715684572244,True,-2.25,0.75,2.911811808932087,35,sub-jh105,01,True
APD5-APD6,0.14520434682836736,True,3.249999999999993,6.249999999999993,5.194555044462766,36,sub-jh105,01,True
RPG4-RPG5,0.1450799975912933,True,-3.0,-1.75,2.5950532811159253,37,sub-jh105,01,True
APD7-APD8,0.14315170578156966,True,-3.0,-1.5,2.560561827636106,38,sub-jh105,01,True
ASI3-ASI4,0.14148762363323955,True,5.999999999999993,6.999999999999993,6.1751429861051665,39,sub-jh105,01,True
RPG15-RPG16,0.1345855778132234,True,-2.25,-1.75,2.6962197492755804,40,sub-jh105,01,False
APD2-APD3,0.1341504757830318,True,-2.25,6.249999999999993,2.6875031341239883,41,sub-jh105,01,True
PSI4-PSI5,0.13288996530638375,True,5.999999999999993,6.999999999999993,5.7999033138944345,42,sub-jh105,01,True
PSI5-PSI6,0.12535106017029235,True,3.499999999999993,6.499999999999993,4.574007983108961,43,sub-jh105,01,True
RFS4-RFS5,0.12259322068611544,True,5.999999999999993,6.249999999999993,5.35050803331225,44,sub-jh105,01,False
ASI1-ASI2,0.12163615742640167,True,-2.0,-1.5,2.5238260616208184,45,sub-jh105,01,False
ASI4-ASI5,0.12162213194165922,True,-2.5,-0.5,2.349498147331748,46,sub-jh105,01,False
RPG18-RPG19,0.11190262061493318,True,-2.25,4.249999999999993,2.2418007976782732,47,sub-jh105,01,False
RPG10-RPG11,0.11119262191573638,True,3.499999999999993,6.249999999999993,4.057372467488151,48,sub-jh105,01,False
RPG41-RPG42,0.11099571221114508,True,3.499999999999993,4.749999999999993,4.050187314370749,49,sub-jh105,01,False
PPD5-PPD6,0.11001000218274833,True,5.749999999999993,6.999999999999993,4.722610783451686,50,sub-jh105,01,True
RPG3-RPG4,0.1094100668590602,True,-3.5,6.249999999999993,1.800461545956185,51,sub-jh105,01,True
RPG24-RPG25,0.10199977605544142,True,5.499999999999993,6.999999999999993,4.305761405377146,52,sub-jh105,01,False
RPG29-RPG30,0.10094293140351279,True,0.25,1.249999999999993,2.7444684335106206,53,sub-jh105,01,False
PSI7-PSI8,0.09618237509203054,True,3.499999999999993,6.499999999999993,3.5096548119151203,54,sub-jh105,01,False
PSI6-PSI7,0.09276917885585159,True,3.499999999999993,6.499999999999993,3.3851087026840476,55,sub-jh105,01,True
APD4-APD5,0.09241925871724643,True,-2.25,3.749999999999993,1.8514809284592328,56,sub-jh105,01,True
RPG43-RPG44,0.09112672174314676,True,0.5,1.249999999999993,2.5427817439038134,57,sub-jh105,01,False
RPG42-RPG43,0.0894736022623014,True,2.499999999999993,6.499999999999993,3.008787466780354,58,sub-jh105,01,False
RPG28-RPG29,0.08943686281007485,True,-0.25,1.499999999999993,2.3036568550010554,59,sub-jh105,01,False
PSI3-PSI4,0.08677656960184939,True,-2.5,-1.5,1.6763510576278111,60,sub-jh105,01,False
RPG47-RPG48,0.08586795847215477,True,6.249999999999993,7.249999999999993,3.8090928388971426,61,sub-jh105,01,False
PDI1-PDI2,0.08564315454711716,True,3.499999999999993,6.749999999999993,3.1250830432943344,62,sub-jh105,01,False
APD3-APD4,0.08098679803294456,True,3.499999999999993,7.249999999999993,2.9551745332339268,63,sub-jh105,01,True
ASI2-ASI3,0.08030880108778847,True,5.999999999999993,7.249999999999993,3.5050297476567858,64,sub-jh105,01,True
RPG25-RPG26,0.0750263346612669,True,3.999999999999993,6.499999999999993,2.845039695550379,65,sub-jh105,01,False
RPG23-RPG24,0.07273431787225287,True,5.999999999999993,8.499999999999993,3.1744459432172465,66,sub-jh105,01,False
RPG31-RPG32,0.06698002066547003,True,3.749999999999993,9.499999999999993,2.491996061404326,67,sub-jh105,01,False
RPG30-RPG31,0.05462185558305407,True,4.999999999999993,7.249999999999993,2.227614499744718,68,sub-jh105,01,False
PPD2-PPD3,0.0,False,,,,69,sub-jh105,01,True
RPG17-RPG18,0.0,False,,,,69,sub-jh105,01,False
RPG36-RPG37,0.0,False,,,,69,sub-jh105,01,False
RPG37-RPG38,0.0,False,,,,69,sub-jh105,01,False
RPG44-RPG45,0.0,False,,,,69,sub-jh105,01,False
RPG45-RPG46,0.0,False,,,,69,sub-jh105,01,False
RPG46-RPG47,0.0,False,,,,69,sub-jh105,01,False
RPG26-RPG27,1.0,True,-7.250000000000007,-6.750000000000007,2.6015832627420172,1,sub-jh105,02,False
RPG43-RPG44,0.9883283804841511,True,-7.500000000000007,-6.250000000000007,2.056974858208393,2,sub-jh105,02,False
APD1-APD2,0.8996900330881236,True,-5.750000000000007,-5.000000000000007,5.149360769823322,3,sub-jh105,02,True
APD2-APD3,0.7524405445399054,True,-6.000000000000007,-5.250000000000007,3.9150734537670147,4,sub-jh105,02,True
PPD5-PPD6,0.68613245360106,True,-5.750000000000007,-3.750000000000007,3.9270675560877892,5,sub-jh105,02,True
RPG1-RPG2,0.6149157302458952,True,5.499999999999993,6.749999999999993,17.91725008421047,6,sub-jh105,02,False
PPD7-PPD8,0.5400737417594749,True,-5.500000000000007,-3.750000000000007,3.37211233729897,7,sub-jh105,02,True
RPG13-RPG14,0.5317620704027246,True,2.749999999999993,3.249999999999993,12.450809719086935,8,sub-jh105,02,True
PPD4-PPD5,0.5244536273339538,True,-0.7500000000000071,-0.2500000000000071,8.459340629529393,9,sub-jh105,02,True
PPD3-PPD4,0.4990545530402836,True,-5.500000000000007,-3.250000000000007,3.11599673372352,10,sub-jh105,02,True
PPD2-PPD3,0.47385023871906284,True,-6.000000000000007,-2.750000000000007,2.4655217001956466,11,sub-jh105,02,True
APD5-APD6,0.45852847539464286,True,-6.000000000000007,-4.000000000000007,2.3858000141546354,12,sub-jh105,02,True
RPG19-RPG20,0.4171975255393413,True,2.749999999999993,3.999999999999993,9.768366897304821,13,sub-jh105,02,True
APD4-APD5,0.3881093938440191,True,-5.500000000000007,-2.750000000000007,2.42327736753012,14,sub-jh105,02,True
APD7-APD8,0.35283621404250226,True,2.499999999999993,4.249999999999993,8.077808542691658,15,sub-jh105,02,True
PPD6-PPD7,0.339686710995514,True,-4.500000000000007,-3.500000000000007,2.827914438085805,16,sub-jh105,02,True
ASI4-ASI5,0.33649289677116523,True,2.499999999999993,3.499999999999993,7.70364573678868,17,sub-jh105,02,False
ASI2-ASI3,0.2975359650658682,True,-1.000000000000007,1.249999999999993,4.644387520674938,18,sub-jh105,02,True
RPG12-RPG13,0.2934994776667753,True,1.249999999999993,2.999999999999993,5.9557939640269755,19,sub-jh105,02,True
RPG11-RPG12,0.27944923657658627,True,2.749999999999993,4.749999999999993,6.54309410997313,20,sub-jh105,02,True
PSI5-PSI6,0.2700099511684419,True,2.999999999999993,4.749999999999993,6.4625710015491915,21,sub-jh105,02,True
RPG27-RPG28,0.26132334320530975,True,2.749999999999993,4.749999999999993,6.118689922620495,22,sub-jh105,02,False
PDI3-PDI4,0.24734682206868672,True,2.499999999999993,4.499999999999993,5.662741500999644,23,sub-jh105,02,False
RPG4-RPG5,0.2440913154981276,True,2.249999999999993,4.499999999999993,5.461205376433245,24,sub-jh105,02,True
RPG5-RPG6,0.2427831542458105,True,0.9999999999999929,2.999999999999993,4.800316488268267,25,sub-jh105,02,True
PSI3-PSI4,0.2353090432824546,True,2.249999999999993,5.499999999999993,5.264714189749048,26,sub-jh105,02,False
PSI7-PSI8,0.23472810345458753,True,1.749999999999993,3.749999999999993,5.007450582989579,27,sub-jh105,02,False
RPG15-RPG16,0.2346459502601118,True,2.499999999999993,6.499999999999993,5.3719685964287445,28,sub-jh105,02,False
ASI3-ASI4,0.23408983275813242,True,0.9999999999999929,2.999999999999993,4.628431850700428,29,sub-jh105,02,True
RPG2-RPG3,0.21344326974932498,True,2.499999999999993,4.749999999999993,4.886555855498006,30,sub-jh105,02,False
RPG14-RPG15,0.21269031568591557,True,0.9999999999999929,3.249999999999993,4.205319897312033,31,sub-jh105,02,True
RFS1-RFS2,0.20849813338101952,True,3.249999999999993,6.249999999999993,5.098797388699922,32,sub-jh105,02,False
PSI1-PSI2,0.20441998029974437,True,4.249999999999993,5.999999999999993,5.424519113042251,33,sub-jh105,02,False
RPG18-RPG19,0.20246574261594674,True,3.999999999999993,6.749999999999993,5.267314872682802,34,sub-jh105,02,False
RPG10-RPG11,0.1985279952318983,True,2.499999999999993,4.749999999999993,4.545086564313096,35,sub-jh105,02,False
PSI2-PSI3,0.19395189871080828,True,3.249999999999993,5.499999999999993,4.743070926552894,36,sub-jh105,02,False
RPG21-RPG22,0.1838097522567393,True,2.749999999999993,4.499999999999993,4.303767374999007,37,sub-jh105,02,True
RPG20-RPG21,0.18067546992277583,True,2.749999999999993,4.749999999999993,4.230380506852281,38,sub-jh105,02,True
RPG8-RPG9,0.17874197442325349,True,2.499999999999993,6.499999999999993,4.092106735279183,39,sub-jh105,02,False
RPG3-RPG4,0.17724894942041797,True,2.499999999999993,4.249999999999993,4.057925521326739,40,sub-jh105,02,True
ASI1-ASI2,0.17361253507317398,True,2.249999999999993,4.499999999999993,3.8843402028577954,41,sub-jh105,02,False
ASI5-ASI6,0.16761540215025594,True,2.999999999999993,6.999999999999993,4.011801908269279,42,sub-jh105,02,False
RFS5-RFS6,0.16527505174344168,True,3.249999999999993,6.249999999999993,4.041781998626852,43,sub-jh105,02,False
RPG9-RPG10,0.16306891399925405,True,2.499999999999993,6.749999999999993,3.7332887445389957,44,sub-jh105,02,False
APD6-APD7,0.15744001544503006,True,2.499999999999993,6.749999999999993,3.6044211197951874,45,sub-jh105,02,True
PDI2-PDI3,0.15666708333715879,True,1.249999999999993,4.499999999999993,3.179143202293976,46,sub-jh105,02,False
RPG44-RPG45,0.15474240410131973,True,4.999999999999993,6.249999999999993,4.347812684301715,47,sub-jh105,02,False
RPG16-RPG17,0.14965311459082006,True,4.249999999999993,6.749999999999993,3.971217388994245,48,sub-jh105,02,False
RPG31-RPG32,0.14914013811264437,True,5.999999999999993,7.249999999999993,4.500805650555906,49,sub-jh105,02,False
PSI4-PSI5,0.14881861565531013,True,1.249999999999993,3.999999999999993,3.0198793534516772,50,sub-jh105,02,True
RPG41-RPG42,0.1446694309118644,True,4.499999999999993,6.749999999999993,3.914243528943478,51,sub-jh105,02,False
APD3-APD4,0.12898805374780117,True,0.9999999999999929,6.499999999999993,2.550356029101999,52,sub-jh105,02,True
PSI6-PSI7,0.12721776052796283,True,-1.250000000000007,4.749999999999993,1.919612059775807,53,sub-jh105,02,True
RPG28-RPG29,0.12487220707262532,True,2.749999999999993,6.749999999999993,2.9237889951161766,54,sub-jh105,02,False
RPG22-RPG23,0.1192034426035394,True,3.499999999999993,6.749999999999993,2.97712973893053,55,sub-jh105,02,False
RPG32-RPG33,0.11816240299326701,True,2.749999999999993,6.499999999999993,2.766683969213946,56,sub-jh105,02,False
PPD1-PPD2,0.11526635855947431,True,1.249999999999993,6.749999999999993,2.339025227647278,57,sub-jh105,02,True
RPG47-RPG48,0.11301763691216377,True,4.499999999999993,6.999999999999993,3.057857842887532,58,sub-jh105,02,False
RFS4-RFS5,0.11045457687060196,True,5.249999999999993,9.249999999999993,3.1609245632779057,59,sub-jh105,02,False
RPG17-RPG18,0.10600133874508824,True,0.9999999999999929,14.749999999999993,2.0958619461767602,60,sub-jh105,02,False
RPG36-RPG37,0.10587621138347729,True,1.499999999999993,6.999999999999993,2.203566235662323,61,sub-jh105,02,False
RPG30-RPG31,0.10006294016989739,True,4.249999999999993,7.249999999999993,2.6552851177409615,62,sub-jh105,02,False
PDI1-PDI2,0.09287884926655612,True,1.249999999999993,6.749999999999993,1.8847300657739665,63,sub-jh105,02,False
RPG37-RPG38,0.08995801359030606,True,4.999999999999993,6.749999999999993,2.527559235065439,64,sub-jh105,02,False
RFS3-RFS4,0.0899199568015475,True,3.499999999999993,6.999999999999993,2.2457688441733556,65,sub-jh105,02,False
RPG24-RPG25,0.08705711035536055,True,3.749999999999993,7.749999999999993,2.2195659477912697,66,sub-jh105,02,False
RFS2-RFS3,0.07593950321259597,True,5.499999999999993,14.499999999999993,2.2127049340349334,67,sub-jh105,02,False
RPG23-RPG24,0.07201662875227942,True,3.999999999999993,12.499999999999993,1.8735725600103563,68,sub-jh105,02,False
RPG25-RPG26,0.068764492017354,True,13.249999999999993,16.499999999999993,3.1127999961575106,69,sub-jh105,02,False
RPG29-RPG30,0.0,False,,,,70,sub-jh105,02,False
RPG33-RPG34,0.0,False,,,,70,sub-jh105,02,False
RPG40-RPG41,0.0,False,,,,70,sub-jh105,02,False
RPG42-RPG43,0.0,False,,,,70,sub-jh105,02,False
RPG45-RPG46,0.0,False,,,,70,sub-jh105,02,False
RPG46-RPG47,0.0,False,,,,70,sub-jh105,02,False
PPD4-PPD5,1.0,True,-6.750000000000007,-5.750000000000007,3.4239744014100766,1,sub-jh105,03,True
APD2-APD3,0.92117501516948,True,-6.500000000000007,-5.750000000000007,3.9425995889485477,2,sub-jh105,03,True
APD7-APD8,0.7110628196721056,True,-6.750000000000007,-5.500000000000007,2.4346608923517588,3,sub-jh105,03,True
PPD3-PPD4,0.6422999571860605,True,-6.500000000000007,-5.500000000000007,2.749023264289824,4,sub-jh105,03,True
RPG30-RPG31,0.5966096042774143,True,-6.500000000000007,-5.500000000000007,2.5534700158515777,5,sub-jh105,03,False
PSI5-PSI6,0.5912831255849829,True,-6.750000000000007,4.249999999999993,2.024538285988721,6,sub-jh105,03,True
APD4-APD5,0.5360428028110545,True,1.249999999999993,1.999999999999993,16.518571513966442,7,sub-jh105,03,True
RPG3-RPG4,0.5192659240510835,True,1.499999999999993,2.499999999999993,16.446067391147995,8,sub-jh105,03,True
ASI5-ASI6,0.47919463923854705,True,-6.500000000000007,-5.500000000000007,2.050937722557152,9,sub-jh105,03,False
RPG11-RPG12,0.470130192232726,True,0.2499999999999929,2.499999999999993,12.877709948278817,10,sub-jh105,03,True
RPG5-RPG6,0.4429479462132956,True,1.749999999999993,2.249999999999993,14.408103075419168,11,sub-jh105,03,True
PPD6-PPD7,0.4264366461810148,True,1.249999999999993,2.499999999999993,13.140973443122647,12,sub-jh105,03,True
PDI2-PDI3,0.41979346399018136,True,-6.000000000000007,-5.250000000000007,2.5153836305178765,13,sub-jh105,03,False
PPD7-PPD8,0.39354208905086097,True,1.249999999999993,1.999999999999993,12.127302349088334,14,sub-jh105,03,True
RPG4-RPG5,0.36499162183991746,True,1.499999999999993,2.499999999999993,11.559928221658476,15,sub-jh105,03,True
RPG15-RPG16,0.36226766475310945,True,1.499999999999993,2.999999999999993,11.4736556978026,16,sub-jh105,03,False
RPG12-RPG13,0.3574617124245438,True,0.4999999999999929,2.249999999999993,10.097502960813248,17,sub-jh105,03,True
RPG2-RPG3,0.3510367957249513,True,1.749999999999993,2.999999999999993,11.418439523894888,18,sub-jh105,03,False
RPG19-RPG20,0.3141447136508275,True,1.499999999999993,2.749999999999993,9.949516985378272,19,sub-jh105,03,True
PSI7-PSI8,0.2625628526308573,True,1.499999999999993,3.499999999999993,8.315828497065672,20,sub-jh105,03,False
PPD5-PPD6,0.2541389305793021,True,1.749999999999993,2.499999999999993,8.266569330699998,21,sub-jh105,03,True
APD1-APD2,0.25357179615255093,True,1.249999999999993,2.499999999999993,7.814010050513177,22,sub-jh105,03,True
RPG8-RPG9,0.2522341805543112,True,0.4999999999999929,2.749999999999993,7.125057863373523,23,sub-jh105,03,False
APD5-APD6,0.24516772152340055,True,0.7499999999999929,1.999999999999993,7.135308021659341,24,sub-jh105,03,True
RPG14-RPG15,0.236467419192518,True,-4.500000000000007,-3.250000000000007,2.631389767768735,25,sub-jh105,03,True
PPD2-PPD3,0.2355295516637687,True,1.749999999999993,2.999999999999993,7.661247978887194,26,sub-jh105,03,True
APD6-APD7,0.22325490303820922,True,1.499999999999993,2.499999999999993,7.070876425177083,27,sub-jh105,03,True
RPG13-RPG14,0.20910657233812696,True,1.749999999999993,2.249999999999993,6.801767733097336,28,sub-jh105,03,True
RPG1-RPG2,0.20025411364806522,True,1.499999999999993,3.249999999999993,6.342400869899366,29,sub-jh105,03,False
PDI3-PDI4,0.1893950387350123,True,-7.105427357601002e-15,0.7499999999999929,5.025749173966328,30,sub-jh105,03,False
PSI6-PSI7,0.18434325010720587,True,1.499999999999993,2.249999999999993,5.838475767318226,31,sub-jh105,03,True
RPG10-RPG11,0.17923815816654698,True,-2.250000000000007,1.749999999999993,3.3753877592498105,32,sub-jh105,03,False
RPG16-RPG17,0.1767388610231313,True,0.9999999999999929,3.249999999999993,5.295056688928779,33,sub-jh105,03,False
ASI3-ASI4,0.16389756480053422,True,1.749999999999993,3.749999999999993,5.3312201301395445,34,sub-jh105,03,True
RPG41-RPG42,0.1531488716478742,True,-2.250000000000007,2.249999999999993,2.884077988699373,35,sub-jh105,03,False
RPG18-RPG19,0.1496828343976903,True,-2.250000000000007,1.999999999999993,2.818806063195074,36,sub-jh105,03,False
RPG27-RPG28,0.14540564494403765,True,-2.500000000000007,2.999999999999993,2.6137923320717644,37,sub-jh105,03,False
RPG9-RPG10,0.14308645137823797,True,1.499999999999993,2.249999999999993,4.531800207046173,38,sub-jh105,03,False
PSI3-PSI4,0.14267462102944475,True,-2.250000000000007,3.249999999999993,2.6868283757463645,39,sub-jh105,03,False
RPG24-RPG25,0.14071393690744372,True,1.999999999999993,4.249999999999993,4.697558949454018,40,sub-jh105,03,False
PSI4-PSI5,0.14055456994041493,True,0.4999999999999929,3.999999999999993,3.97035580818676,41,sub-jh105,03,True
RPG17-RPG18,0.1392975393396721,True,1.249999999999993,3.499999999999993,4.292560879906053,42,sub-jh105,03,False
ASI1-ASI2,0.1287088678902135,True,1.749999999999993,2.499999999999993,4.186610754460342,43,sub-jh105,03,False
PSI2-PSI3,0.12706053183056823,True,-0.5000000000000071,3.499999999999993,3.154127061026265,44,sub-jh105,03,False
RPG20-RPG21,0.12522840585585934,True,1.249999999999993,4.499999999999993,3.859009703818687,45,sub-jh105,03,True
ASI2-ASI3,0.12405748675406976,True,0.4999999999999929,3.499999999999993,3.5043496863309374,46,sub-jh105,03,True
RPG26-RPG27,0.12277668384098184,True,1.999999999999993,4.999999999999993,4.098746169975015,47,sub-jh105,03,False
PSI1-PSI2,0.11716210188238554,True,0.2499999999999929,2.999999999999993,3.2092803012854993,48,sub-jh105,03,False
ASI4-ASI5,0.11272167909980127,True,0.4999999999999929,3.999999999999993,3.1841381857038664,49,sub-jh105,03,False
PDI1-PDI2,0.10802584896562627,True,-1.000000000000007,4.749999999999993,2.496674755455045,50,sub-jh105,03,False
RPG31-RPG32,0.10719425429418258,True,1.249999999999993,5.499999999999993,3.3032734441337097,51,sub-jh105,03,False
RPG28-RPG29,0.10697436090793729,True,-2.250000000000007,4.249999999999993,2.0145261034578903,52,sub-jh105,03,False
RPG23-RPG24,0.10382497710910833,True,1.749999999999993,4.499999999999993,3.377193606561454,53,sub-jh105,03,False
RPG47-RPG48,0.10102567234386385,True,1.749999999999993,4.749999999999993,3.286138501911002,54,sub-jh105,03,False
APD3-APD4,0.09719423254691137,True,1.749999999999993,5.499999999999993,3.161510359950565,55,sub-jh105,03,True
RFS1-RFS2,0.0952920595811225,True,-1.000000000000007,4.249999999999993,2.202373615477999,56,sub-jh105,03,False
RPG42-RPG43,0.0913030923927812,True,1.249999999999993,2.999999999999993,2.813575060102157,57,sub-jh105,03,False
RFS5-RFS6,0.09062011167194431,True,-0.5000000000000071,8.999999999999993,2.2495368339780337,58,sub-jh105,03,False
PPD1-PPD2,0.08910206224413836,True,0.4999999999999929,3.499999999999993,2.51693623695341,59,sub-jh105,03,True
RPG36-RPG37,0.08891187712043783,True,1.499999999999993,5.499999999999993,2.815995918985701,60,sub-jh105,03,False
RPG21-RPG22,0.08555147520283453,True,2.499999999999993,4.749999999999993,3.002492126248087,61,sub-jh105,03,True
RPG32-RPG33,0.0820801851347472,True,1.999999999999993,12.499999999999993,2.7401444144526494,62,sub-jh105,03,False
RPG25-RPG26,0.07554267482302408,True,3.499999999999993,5.499999999999993,2.9098820790908997,63,sub-jh105,03,False
RPG44-RPG45,0.07470216790544876,True,3.249999999999993,4.499999999999993,2.8135614170190335,64,sub-jh105,03,False
RPG29-RPG30,0.06353191419281132,True,3.749999999999993,5.749999999999993,2.501613950490826,65,sub-jh105,03,False
RFS4-RFS5,0.05859348133770569,True,3.749999999999993,8.749999999999993,2.3071596721827383,66,sub-jh105,03,False
RFS2-RFS3,0.03731283166227728,True,8.499999999999993,14.249999999999993,2.076070432406113,67,sub-jh105,03,False
RFS3-RFS4,0.0,False,,,,68,sub-jh105,03,False
RPG22-RPG23,0.0,False,,,,68,sub-jh105,03,False
RPG33-RPG34,0.0,False,,,,68,sub-jh105,03,False
RPG37-RPG38,0.0,False,,,,68,sub-jh105,03,False
RPG40-RPG41,0.0,False,,,,68,sub-jh105,03,False
RPG43-RPG44,0.0,False,,,,68,sub-jh105,03,False
RPG45-RPG46,0.0,False,,,,68,sub-jh105,03,False
RPG46-RPG47,0.0,False,,,,68,sub-jh105,03,False
RAF7-RAF8,1.0,True,-8.75,-4.75,2.89680764916473,1,sub-jh108,01,False
RAF1-RAF2,0.6119423699174008,True,9.000000000000007,9.500000000000007,33.2377375879635,2,sub-jh108,01,False
RDI5-RDI6,0.4242517968910408,True,7.750000000000007,10.250000000000007,21.50707738210236,3,sub-jh108,01,False
RAF3-RAF4,0.3401384662342395,True,-6.0,-4.75,3.6949339153593903,4,sub-jh108,01,False
RPP1-RPP2,0.3398357724247397,True,-5.75,-3.75,3.937755460079162,5,sub-jh108,01,False
RPP5-RPP6,0.27665580801008605,True,8.000000000000007,10.000000000000007,14.22518122972303,6,sub-jh108,01,False
RAF6-RAF7,0.2667812910506988,True,-5.0,-1.0,3.6708669017061055,7,sub-jh108,01,False
LAF5-LAF6,0.24590713371179976,True,-5.0,-2.5,3.3836419131224487,8,sub-jh108,01,False
RAF2-RAF3,0.24128054805832513,True,-6.25,0.5,2.4463016802350506,9,sub-jh108,01,False
RSI2-RSI3,0.23907359492063976,True,8.000000000000007,9.750000000000007,12.292766378009699,10,sub-jh108,01,True
LSI7-LSI8,0.23134454796561238,True,-3.75,-0.5,4.020963936836056,11,sub-jh108,01,False
RAF5-RAF6,0.21853296746361556,True,-4.0,0.0,3.640025837523795,12,sub-jh108,01,False
RIP5-RIP6,0.2179670568696847,True,8.500000000000007,10.500000000000007,11.523207636309985,13,sub-jh108,01,False
RAT5-RAT6,0.21276939208279846,True,-5.5,-4.75,2.6194960105977154,14,sub-jh108,01,False
RST3-RST4,0.21186346725089364,True,-5.25,-3.5,2.761774706299275,15,sub-jh108,01,False
RAT1-RAT2,0.2096189150163606,True,-5.0,-3.75,2.884321963037773,16,sub-jh108,01,False
LAT3-LAT4,0.20764627851817677,True,-4.5,0.25,3.157934471643233,17,sub-jh108,01,False
LIP6-LIP7,0.2062294506489834,True,-4.5,-3.0,3.1363870131458302,18,sub-jh108,01,False
RIP6-RIP7,0.19950111121770764,True,-4.0,-1.5,3.323018983705834,19,sub-jh108,01,False
LPP6-LPP7,0.1920725570294244,True,-4.5,0.5,2.9210855750866935,20,sub-jh108,01,False
RIP3-RIP4,0.19087253449330321,True,-5.75,-0.25,2.211684071742638,21,sub-jh108,01,False
LSI3-LSI4,0.19016170400219554,True,8.250000000000007,11.500000000000007,9.915513817171671,22,sub-jh108,01,False
RIP4-RIP5,0.1870050942828328,True,-5.75,0.25,2.166871150205126,23,sub-jh108,01,False
LIP2-LIP3,0.18647515575724483,True,-4.0,0.0,3.1060502810664348,24,sub-jh108,01,False
LIP1-LIP2,0.1854375497955134,True,-3.25,-1.0,3.491649932485057,25,sub-jh108,01,False
RAF4-RAF5,0.1843369111041053,True,-3.0,0.25,3.6044228752409553,26,sub-jh108,01,False
RST2-RST3,0.18205079085689405,True,-4.5,-0.75,2.76867214832638,27,sub-jh108,01,False
LAT5-LAT6,0.1807908775377583,True,-2.75,-1.5,3.6660147786540755,28,sub-jh108,01,False
LSI4-LSI5,0.17486101941847296,True,9.000000000000007,11.750000000000007,9.49760134860328,29,sub-jh108,01,False
RSI1-RSI2,0.16978610860897586,True,6.750000000000007,7.750000000000007,8.115322019316519,30,sub-jh108,01,True
RPP3-RPP4,0.16908240294082297,True,-2.75,0.0,3.4285943872469034,31,sub-jh108,01,False
RDI7-RDI8,0.1682325360937561,True,10.250000000000007,11.250000000000007,9.746745947895487,32,sub-jh108,01,False
LDI2-LDI3,0.16809211543807023,True,6.500000000000007,7.500000000000007,7.912621043685846,33,sub-jh108,01,False
RSI4-RSI5,0.16427628301464436,True,8.750000000000007,11.250000000000007,8.803720674443682,34,sub-jh108,01,True
LAF3-LAF4,0.15313301272399077,True,-4.25,1.25,2.4397828542917304,35,sub-jh108,01,False
RPP2-RPP3,0.1490052862157938,True,-2.5,0.0,3.1293874833502118,36,sub-jh108,01,False
LDI3-LDI4,0.1474671934102749,True,6.750000000000007,8.000000000000007,7.048537548883695,37,sub-jh108,01,False
RIF5-RIF6,0.14726022915353745,True,-1.25,0.25,3.6259687449526057,38,sub-jh108,01,False
RIF2-RIF3,0.1461124270004889,True,-4.0,2.0,2.433742677994977,39,sub-jh108,01,False
RDI2-RDI3,0.1445233826123279,True,-2.5,1.5,3.0352591917005047,40,sub-jh108,01,True
LPP4-LPP5,0.143059242738261,True,-2.25,-1.5,3.1081133148593123,41,sub-jh108,01,False
LBT3-LBT4,0.14165732963600594,True,-2.0,-1.25,3.1802437793861946,42,sub-jh108,01,False
LAT4-LAT5,0.13936580933265505,True,-3.25,-1.25,2.6241536262946448,43,sub-jh108,01,False
RDI4-RDI5,0.1389985768968282,True,-3.75,-1.25,2.4159128446664626,44,sub-jh108,01,True
RAT4-RAT5,0.13502028847963307,True,-2.5,0.5,2.8356765823366645,45,sub-jh108,01,False
RIP7-RIP8,0.13048264838155382,True,-2.5,-0.25,2.740377720883438,46,sub-jh108,01,False
LDI7-LDI8,0.12814620603297197,True,-2.25,-0.5,2.784111823858145,47,sub-jh108,01,False
LSI5-LSI6,0.12617229784911443,True,10.750000000000007,12.000000000000007,7.492685989201111,48,sub-jh108,01,False
LDI4-LDI5,0.12412332456103693,True,8.000000000000007,10.000000000000007,6.3822147794999875,49,sub-jh108,01,False
LIF3-LIF4,0.12273944298842611,True,-1.25,1.0,3.022196737076274,50,sub-jh108,01,False
LAF4-LAF5,0.12083231306429372,True,-0.25,2.0,3.3252657031336765,51,sub-jh108,01,False
LPP3-LPP4,0.11900096652882668,True,-1.75,1.0,2.757783280789609,52,sub-jh108,01,False
LSI1-LSI2,0.11767415258644856,True,4.500000000000007,7.500000000000007,4.857531240829978,53,sub-jh108,01,False
LAT1-LAT2,0.11486152956902007,True,-0.25,2.5,3.1609516957778325,54,sub-jh108,01,False
LSI6-LSI7,0.11373623278641377,True,-2.5,4.0,2.3886719211407623,55,sub-jh108,01,False
LAF2-LAF3,0.1131956981214244,True,-0.75,0.5,2.9511554775361546,56,sub-jh108,01,False
RSI3-RSI4,0.10975820327302643,True,-2.5,-1.5,2.3051259202991323,57,sub-jh108,01,True
LDI1-LDI2,0.10907971921795502,True,7.000000000000007,8.000000000000007,5.292714663738496,58,sub-jh108,01,False
RIF4-RIF5,0.10893094576180459,True,-0.75,0.25,2.8399679722218947,59,sub-jh108,01,False
RPP6-RPP7,0.10883108344621573,True,-2.5,-0.25,2.28565468370565,60,sub-jh108,01,False
LIF4-LIF5,0.10844067784263843,True,-0.25,1.25,2.9842519580240507,61,sub-jh108,01,False
LPT1-LPT2,0.10374075915297618,True,-2.75,3.25,2.1036191725114817,62,sub-jh108,01,False
RPP7-RPP8,0.09867189847371464,True,4.500000000000007,8.250000000000007,4.073127521151738,63,sub-jh108,01,False
RIP1-RIP2,0.09519544744678059,True,-1.0,1.25,2.4129253778830644,64,sub-jh108,01,False
RST4-RST5,0.09487817561179779,True,-2.5,9.250000000000007,1.992617730170115,65,sub-jh108,01,False
RDI6-RDI7,0.08937123531042775,True,9.250000000000007,11.500000000000007,4.918934283188415,66,sub-jh108,01,False
RDI1-RDI2,0.08890946337162765,True,6.750000000000007,8.000000000000007,4.249634624038031,67,sub-jh108,01,True
LPP7-LPP8,0.07545009705105957,True,8.750000000000007,12.250000000000007,4.0434417379530165,68,sub-jh108,01,False
RST1-RST2,0.07458101214890057,True,8.250000000000007,12.250000000000007,3.8888432365568923,69,sub-jh108,01,False
LST4-LST5,0.07390388603726523,True,4.250000000000007,5.250000000000007,2.9971947932604794,70,sub-jh108,01,False
LDI5-LDI6,0.07390291897591719,True,8.750000000000007,11.250000000000007,3.9605270082232082,71,sub-jh108,01,False
RBT1-RBT2,0.06670164097097012,True,3.25,11.750000000000007,2.5118837090950947,72,sub-jh108,01,False
RPT5-RPT6,0.06655417339073767,True,2.75,10.250000000000007,2.4099329820265574,73,sub-jh108,01,False
LST5-LST6,0.06257784956329332,True,9.250000000000007,11.750000000000007,3.4442438723813305,74,sub-jh108,01,False
LPP5-LPP6,0.060800573269578356,True,8.750000000000007,12.000000000000007,3.258359965836932,75,sub-jh108,01,False
RDI3-RDI4,0.06017440158931832,True,8.000000000000007,12.250000000000007,3.094067585839296,76,sub-jh108,01,True
LSI2-LSI3,0.056708756027662184,True,7.000000000000007,9.250000000000007,2.7515955004454353,77,sub-jh108,01,False
LDI6-LDI7,0.05492209148066216,True,9.750000000000007,12.500000000000007,3.1024253268314914,78,sub-jh108,01,False
LPP2-LPP3,0.0538805663624318,True,6.500000000000007,12.500000000000007,2.5363265976753304,79,sub-jh108,01,False
LPP1-LPP2,0.053032964600661044,True,5.500000000000007,12.000000000000007,2.3428010370744294,80,sub-jh108,01,False
RPP4-RPP5,0.04447989867700668,True,6.750000000000007,11.750000000000007,2.126020226906815,81,sub-jh108,01,False
LPT3-LPT4,0.04193066587684692,True,11.750000000000007,24.250000000000007,2.6114990834023457,82,sub-jh108,01,False
LAF1-LAF2,0.037682279670518994,True,15.000000000000007,22.250000000000007,2.70166832069122,83,sub-jh108,01,False
RIP2-RIP3,0.0362314391292447,True,6.500000000000007,8.500000000000007,1.7055270376599392,84,sub-jh108,01,False
RPT3-RPT4,0.03383514303627754,True,23.000000000000007,23.750000000000007,3.209955262926843,85,sub-jh108,01,False
RPT2-RPT3,0.032224118149050233,True,22.000000000000007,25.750000000000007,2.9637695341507766,86,sub-jh108,01,False
LAT2-LAT3,0.0,False,,,,87,sub-jh108,01,False
LBT1-LBT2,0.0,False,,,,87,sub-jh108,01,False
LBT2-LBT3,0.0,False,,,,87,sub-jh108,01,False
LIF1-LIF2,0.0,False,,,,87,sub-jh108,01,False
LIF2-LIF3,0.0,False,,,,87,sub-jh108,01,False
LIF5-LIF6,0.0,False,,,,87,sub-jh108,01,False
LIP3-LIP4,0.0,False,,,,87,sub-jh108,01,False
LIP4-LIP5,0.0,False,,,,87,sub-jh108,01,False
LIP5-LIP6,0.0,False,,,,87,sub-jh108,01,False
LIP7-LIP8,0.0,False,,,,87,sub-jh108,01,False
LPT2-LPT3,0.0,False,,,,87,sub-jh108,01,False
LST1-LST2,0.0,False,,,,87,sub-jh108,01,False
LST2-LST3,0.0,False,,,,87,sub-jh108,01,False
LST3-LST4,0.0,False,,,,87,sub-jh108,01,False
LST6-LST7,0.0,False,,,,87,sub-jh108,01,False
LST7-LST8,0.0,False,,,,87,sub-jh108,01,False
RAT2-RAT3,0.0,False,,,,87,sub-jh108,01,False
RAT3-RAT4,0.0,False,,,,87,sub-jh108,01,False
RBT2-RBT3,0.0,False,,,,87,sub-jh108,01,False
RBT3-RBT4,0.0,False,,,,87,sub-jh108,01,False
RIF1-RIF2,0.0,False,,,,87,sub-jh108,01,False
RIF3-RIF4,0.0,False,,,,87,sub-jh108,01,False
RPT1-RPT2,0.0,False,,,,87,sub-jh108,01,False
RPT4-RPT5,0.0,False,,,,87,sub-jh108,01,False
RSI5-RSI6,0.0,False,,,,87,sub-jh108,01,False
RSI6-RSI7,0.0,False,,,,87,sub-jh108,01,False
RSI7-RSI8,0.0,False,,,,87,sub-jh108,01,False
RST5-RST6,0.0,False,,,,87,sub-jh108,01,False
RST6-RST7,0.0,False,,,,87,sub-jh108,01,False
RST7-RST8,0.0,False,,,,87,sub-jh108,01,False
LST4-LST5,1.0,True,-9.0,-7.25,2.9211180751608423,1,sub-jh108,02,False
LPP7-LPP8,0.6516630249262951,True,-8.75,-6.75,2.3794808012827393,2,sub-jh108,02,False
RPP6-RPP7,0.2077969491686827,True,0.0,2.25,6.0699942417991775,3,sub-jh108,02,False
RPP7-RPP8,0.1962549891558592,True,0.25,2.25,5.876160960677673,4,sub-jh108,02,False
RSI5-RSI6,0.16126195769206084,True,0.0,1.75,4.710652194501019,5,sub-jh108,02,False
RDI4-RDI5,0.1521671852758491,True,-1.0,-0.25,4.000484838200684,6,sub-jh108,02,True
RPP5-RPP6,0.15099576577258025,True,0.5,2.5,4.631302837045888,7,sub-jh108,02,False
RIP6-RIP7,0.14961682293176365,True,0.25,1.75,4.479746159594669,8,sub-jh108,02,False
RAT2-RAT3,0.14377954608062066,True,-2.25,1.0,3.254976989432548,9,sub-jh108,02,False
LSI4-LSI5,0.13725353673595825,True,1.5,3.25,4.610738550950344,10,sub-jh108,02,False
RIF4-RIF5,0.13384268429815213,True,1.25,2.25,4.398415698728008,11,sub-jh108,02,False
RSI7-RSI8,0.1308348917639236,True,-1.0,1.25,3.439657504739787,12,sub-jh108,02,False
LSI5-LSI6,0.1253358490136508,True,-1.5,2.75,3.112026919164948,13,sub-jh108,02,False
LIF4-LIF5,0.12353280502462095,True,-2.5,1.5,2.706404322245553,14,sub-jh108,02,False
RSI4-RSI5,0.12312602734817221,True,0.25,3.0,3.686573056097314,15,sub-jh108,02,True
LIF5-LIF6,0.11839881073501039,True,0.25,2.25,3.545033287684761,16,sub-jh108,02,False
LIP4-LIP5,0.11658540683239632,True,2.0,6.000000000000007,4.086716870377119,17,sub-jh108,02,False
RIP3-RIP4,0.11436250438792268,True,2.0,4.250000000000007,4.008796544258665,18,sub-jh108,02,False
RPP3-RPP4,0.11396554521413216,True,2.5,3.0,4.161335175882021,19,sub-jh108,02,False
RSI6-RSI7,0.1125855999192848,True,-2.75,1.0,2.3843497742211115,20,sub-jh108,02,False
LSI6-LSI7,0.11195590534192405,True,0.25,2.75,3.3521232918317296,21,sub-jh108,02,False
LPP3-LPP4,0.11129960031709425,True,1.25,3.75,3.657591835249966,22,sub-jh108,02,False
LDI5-LDI6,0.10856485091937786,True,2.0,3.0,3.805568980172842,23,sub-jh108,02,False
LDI1-LDI2,0.10793307533982201,True,-1.5,2.5,2.6799246869042337,24,sub-jh108,02,False
RIP2-RIP3,0.10753125581926305,True,2.75,3.0,4.004921561484521,25,sub-jh108,02,False
RPP1-RPP2,0.10630824679968008,True,0.75,3.5,3.3382936186009564,26,sub-jh108,02,False
RIP1-RIP2,0.10535487354024248,True,1.5,3.0,3.539171292153901,27,sub-jh108,02,False
RSI3-RSI4,0.10285030592521581,True,1.5,5.000000000000007,3.4550357082506573,28,sub-jh108,02,True
RDI3-RDI4,0.10262543070407966,True,-1.25,3.75,2.623083755257469,29,sub-jh108,02,True
LIF3-LIF4,0.10187070908029712,True,0.0,1.75,2.9757636962390768,30,sub-jh108,02,False
LDI7-LDI8,0.10186001580964625,True,-1.25,2.25,2.60351991653011,31,sub-jh108,02,False
LBT1-LBT2,0.09930269576804147,True,1.0,3.75,3.190823894722464,32,sub-jh108,02,False
RAF6-RAF7,0.09925711247572766,True,-3.5,2.75,1.8846213447172855,33,sub-jh108,02,False
RIF1-RIF2,0.09876644110763563,True,-0.25,3.25,2.812957254303527,34,sub-jh108,02,False
LIP1-LIP2,0.09844375631580708,True,-0.5,3.5,2.731875441627918,35,sub-jh108,02,False
LST7-LST8,0.09684823904700207,True,0.5,2.5,2.9705039870908063,36,sub-jh108,02,False
LSI1-LSI2,0.0960189469763086,True,2.0,4.0,3.365792178844867,37,sub-jh108,02,False
RSI2-RSI3,0.0955204223130923,True,-1.0,2.25,2.5112378894919383,38,sub-jh108,02,True
RDI7-RDI8,0.0949083447253111,True,0.25,2.25,2.8416944329222003,39,sub-jh108,02,False
LIP5-LIP6,0.09489159834698332,True,5.750000000000007,6.500000000000007,4.365735619018344,40,sub-jh108,02,False
RPP2-RPP3,0.09365113161392712,True,1.5,3.25,3.146009153142159,41,sub-jh108,02,False
RIP5-RIP6,0.09275815394140331,True,1.25,3.0,3.0482721010888327,42,sub-jh108,02,False
RDI1-RDI2,0.09221002512697832,True,1.5,4.500000000000007,3.0975982677586957,43,sub-jh108,02,True
RAF7-RAF8,0.09085455922099306,True,-2.5,3.25,1.990476713634105,44,sub-jh108,02,False
LDI3-LDI4,0.09020078405291407,True,0.75,4.0,2.832486762424457,45,sub-jh108,02,False
LSI7-LSI8,0.09005169115489867,True,0.25,3.75,2.6962791329966067,46,sub-jh108,02,False
RPP4-RPP5,0.08997968989197619,True,1.5,3.0,3.0226749332194185,47,sub-jh108,02,False
LPP4-LPP5,0.08964113710079966,True,2.0,4.0,3.1422281503574045,48,sub-jh108,02,False
RAF1-RAF2,0.08889601246278958,True,0.25,1.75,2.6616764253514757,49,sub-jh108,02,False
RDI6-RDI7,0.08793479321082463,True,0.0,2.25,2.568679138836708,50,sub-jh108,02,False
LDI4-LDI5,0.08613638011127887,True,-0.75,8.000000000000007,2.32743446606583,51,sub-jh108,02,False
LDI6-LDI7,0.08244453232320499,True,2.0,3.5,2.889962562809957,52,sub-jh108,02,False
LAF5-LAF6,0.08193407565529522,True,-0.5,4.250000000000007,2.2737215389986485,53,sub-jh108,02,False
LAF3-LAF4,0.0817426561713642,True,0.0,1.75,2.3877995045382994,54,sub-jh108,02,False
LSI2-LSI3,0.08062683715627196,True,1.25,7.000000000000007,2.6496057528026533,55,sub-jh108,02,False
RIF2-RIF3,0.08057810185146694,True,-1.75,3.75,1.9418697356888892,56,sub-jh108,02,False
LDI2-LDI3,0.08030473213147928,True,1.5,6.250000000000007,2.697665452327459,57,sub-jh108,02,False
RDI5-RDI6,0.07976118218136831,True,-0.75,3.75,2.1551744364372754,58,sub-jh108,02,False
RIP4-RIP5,0.07940260107911026,True,1.5,3.0,2.6673602921102106,59,sub-jh108,02,False
LPP2-LPP3,0.0787702023142103,True,0.0,4.500000000000007,2.3009706176411613,60,sub-jh108,02,False
RDI2-RDI3,0.07875503614527864,True,1.5,8.500000000000007,2.645606735330067,61,sub-jh108,02,True
LPT1-LPT2,0.07679637130272536,True,-0.75,9.250000000000007,2.0750642319521786,62,sub-jh108,02,False
RIF3-RIF4,0.0761043660701967,True,-1.75,4.750000000000007,1.83405617444205,63,sub-jh108,02,False
LIF2-LIF3,0.07600901211276963,True,-0.75,2.75,2.0537895172090095,64,sub-jh108,02,False
RIP7-RIP8,0.07556504475444718,True,-3.0,2.25,1.5451409265778757,65,sub-jh108,02,False
LSI3-LSI4,0.0753324269114167,True,1.25,6.750000000000007,2.475617781337564,66,sub-jh108,02,False
LIF1-LIF2,0.07531437682201907,True,-0.25,3.5,2.1450213276791787,67,sub-jh108,02,False
LAF4-LAF5,0.07477663868273192,True,0.25,4.500000000000007,2.2389217562729717,68,sub-jh108,02,False
RAF3-RAF4,0.07010164194476232,True,0.0,5.250000000000007,2.0477517338329867,69,sub-jh108,02,False
RSI1-RSI2,0.06924117962679685,True,1.0,6.750000000000007,2.2248782748862443,70,sub-jh108,02,True
RBT1-RBT2,0.06823487312682816,True,6.250000000000007,10.000000000000007,3.2389844702651254,71,sub-jh108,02,False
LAF2-LAF3,0.06593939269453916,True,0.0,5.000000000000007,1.9261675186514715,72,sub-jh108,02,False
RAF2-RAF3,0.06359126492548868,True,-0.75,5.500000000000007,1.7182577389147269,73,sub-jh108,02,False
RST1-RST2,0.061979435799683104,True,9.500000000000007,13.750000000000007,3.530460378953145,74,sub-jh108,02,False
LAF1-LAF2,0.061843626272617316,True,0.5,5.500000000000007,1.896851612653561,75,sub-jh108,02,False
LIP3-LIP4,0.060322657290950696,True,1.0,15.250000000000007,1.9383056500976195,76,sub-jh108,02,False
RST2-RST3,0.05866587072510064,True,2.25,5.500000000000007,2.0992817082842246,77,sub-jh108,02,False
RPT1-RPT2,0.05652322331458451,True,3.25,5.500000000000007,2.1877208731002584,78,sub-jh108,02,False
LPP6-LPP7,0.05580856604950176,True,8.000000000000007,10.750000000000007,2.934421398648133,79,sub-jh108,02,False
RIF5-RIF6,0.054911760598845824,True,0.0,9.000000000000007,1.604037364241935,80,sub-jh108,02,False
LPT3-LPT4,0.04921860385369382,True,12.500000000000007,16.250000000000007,3.234900450402139,81,sub-jh108,02,False
RPT5-RPT6,0.04644776973414202,True,3.5,27.500000000000007,1.831672166237698,82,sub-jh108,02,False
LIP2-LIP3,0.04516947002515432,True,3.25,15.250000000000007,1.7482759582008627,83,sub-jh108,02,False
LST5-LST6,0.0450114913570695,True,8.250000000000007,10.750000000000007,2.399580828123743,84,sub-jh108,02,False
RPT2-RPT3,0.040603476999037734,True,5.750000000000007,12.750000000000007,1.8680689215762005,85,sub-jh108,02,False
RPT3-RPT4,0.03767035583610442,True,12.500000000000007,14.250000000000007,2.4758900399381707,86,sub-jh108,02,False
RAT5-RAT6,0.030130812100055835,True,13.000000000000007,25.000000000000007,2.0243601764292074,87,sub-jh108,02,False
LAT4-LAT5,0.024590686412401655,True,20.500000000000007,22.500000000000007,2.190885106076298,88,sub-jh108,02,False
RBT3-RBT4,0.022674141597261884,True,25.500000000000007,26.250000000000007,2.3513014924773903,89,sub-jh108,02,False
RAT3-RAT4,0.021059913540028275,True,28.000000000000007,28.500000000000007,2.337702775917845,90,sub-jh108,02,False
LAT1-LAT2,0.0,False,,,,91,sub-jh108,02,False
LAT2-LAT3,0.0,False,,,,91,sub-jh108,02,False
LAT3-LAT4,0.0,False,,,,91,sub-jh108,02,False
LAT5-LAT6,0.0,False,,,,91,sub-jh108,02,False
LBT2-LBT3,0.0,False,,,,91,sub-jh108,02,False
LBT3-LBT4,0.0,False,,,,91,sub-jh108,02,False
LIP6-LIP7,0.0,False,,,,91,sub-jh108,02,False
LIP7-LIP8,0.0,False,,,,91,sub-jh108,02,False
LPP1-LPP2,0.0,False,,,,91,sub-jh108,02,False
LPP5-LPP6,0.0,False,,,,91,sub-jh108,02,False
LPT2-LPT3,0.0,False,,,,91,sub-jh108,02,False
LST1-LST2,0.0,False,,,,91,sub-jh108,02,False
LST2-LST3,0.0,False,,,,91,sub-jh108,02,False
LST3-LST4,0.0,False,,,,91,sub-jh108,02,False
LST6-LST7,0.0,False,,,,91,sub-jh108,02,False
RAF4-RAF5,0.0,False,,,,91,sub-jh108,02,False
RAF5-RAF6,0.0,False,,,,91,sub-jh108,02,False
RAT1-RAT2,0.0,False,,,,91,sub-jh108,02,False
RAT4-RAT5,0.0,False,,,,91,sub-jh108,02,False
RBT2-RBT3,0.0,False,,,,91,sub-jh108,02,False
RPT4-RPT5,0.0,False,,,,91,sub-jh108,02,False
RST3-RST4,0.0,False,,,,91,sub-jh108,02,False
RST4-RST5,0.0,False,,,,91,sub-jh108,02,False
RST5-RST6,0.0,False,,,,91,sub-jh108,02,False
RST6-RST7,0.0,False,,,,91,sub-jh108,02,False
RST7-RST8,0.0,False,,,,91,sub-jh108,02,False
LAT5-LAT6,1.0,True,-5.0,-4.5,3.1571347413824697,1,sub-jh108,03,False
LAF2-LAF3,0.4343866638466482,True,-4.0,-0.5,2.742834455246963,2,sub-jh108,03,False
LAF3-LAF4,0.4183776014929237,True,-4.0,0.75,2.641748921379159,3,sub-jh108,03,False
RPP2-RPP3,0.3810783193035091,True,8.500000000000007,10.250000000000007,17.44517621538089,4,sub-jh108,03,False
RPP3-RPP4,0.2304881469604087,True,8.500000000000007,9.500000000000007,10.551390975560837,5,sub-jh108,03,False
RSI3-RSI4,0.20608686814187283,True,9.500000000000007,11.000000000000007,10.084982172877933,6,sub-jh108,03,True
LDI2-LDI3,0.1731327450176768,True,-2.25,9.000000000000007,2.0497627656233255,7,sub-jh108,03,False
RDI1-RDI2,0.17259374259474428,True,7.750000000000007,9.750000000000007,7.492398387252498,8,sub-jh108,03,True
LIP5-LIP6,0.16854482213501099,True,8.250000000000007,8.750000000000007,7.582691666556658,9,sub-jh108,03,False
RAF1-RAF2,0.16255794280946295,True,9.500000000000007,10.000000000000007,7.9548685953370155,10,sub-jh108,03,False
RDI5-RDI6,0.15978697211827345,True,8.000000000000007,8.750000000000007,7.062566012528788,11,sub-jh108,03,False
LSI4-LSI5,0.15317328606248828,True,9.000000000000007,11.750000000000007,7.253830543193958,12,sub-jh108,03,False
RDI2-RDI3,0.15278378569250697,True,8.000000000000007,10.750000000000007,6.7530259682164715,13,sub-jh108,03,True
RIF3-RIF4,0.15013531366721994,True,-1.25,5.750000000000007,2.251487719763888,14,sub-jh108,03,False
LBT1-LBT2,0.1413196431935158,True,0.0,4.250000000000007,2.676990930996141,15,sub-jh108,03,False
RPP6-RPP7,0.1254134950748415,True,8.750000000000007,11.500000000000007,5.840222709499979,16,sub-jh108,03,False
LDI3-LDI4,0.12298578756314175,True,8.000000000000007,9.000000000000007,5.435957836566308,17,sub-jh108,03,False
RSI2-RSI3,0.11947355449369707,True,9.750000000000007,11.500000000000007,5.94080722570392,18,sub-jh108,03,True
RDI3-RDI4,0.11223907476153316,True,9.500000000000007,11.250000000000007,5.492485175189043,19,sub-jh108,03,True
LST5-LST6,0.10951000570119637,True,9.000000000000007,11.750000000000007,5.186067652923593,20,sub-jh108,03,False
RSI4-RSI5,0.10223445975575603,True,0.25,11.250000000000007,2.017299779133533,21,sub-jh108,03,True
RIP4-RIP5,0.09938910694402596,True,1.0,2.25,2.196493617135734,22,sub-jh108,03,False
RDI7-RDI8,0.09736936467701644,True,10.750000000000007,12.250000000000007,5.149087416466476,23,sub-jh108,03,False
RIP7-RIP8,0.09694585143598325,True,11.000000000000007,12.000000000000007,5.203208965224589,24,sub-jh108,03,False
LPP3-LPP4,0.09449551873847989,True,6.750000000000007,10.000000000000007,3.803772335206218,25,sub-jh108,03,False
RPP4-RPP5,0.09440948143541296,True,12.500000000000007,13.000000000000007,5.514173894479445,26,sub-jh108,03,False
LDI6-LDI7,0.09209434699017657,True,3.0,5.750000000000007,2.6167883613085667,27,sub-jh108,03,False
RIP3-RIP4,0.09053463514580228,True,7.500000000000007,9.000000000000007,3.8587055658821847,28,sub-jh108,03,False
LPP4-LPP5,0.0900829729033752,True,3.0,10.250000000000007,2.559636750242354,29,sub-jh108,03,False
LSI1-LSI2,0.08969465984216801,True,7.750000000000007,8.750000000000007,3.8936992421826373,30,sub-jh108,03,False
LDI1-LDI2,0.08926012807261517,True,6.000000000000007,9.000000000000007,3.3816750162996265,31,sub-jh108,03,False
LSI5-LSI6,0.08825426311193255,True,11.250000000000007,13.000000000000007,4.806377852514907,32,sub-jh108,03,False
RDI4-RDI5,0.08694228219957692,True,7.750000000000007,9.250000000000007,3.7742168698762426,33,sub-jh108,03,True
LIP4-LIP5,0.08682745792470437,True,2.5,8.750000000000007,2.330070863320075,34,sub-jh108,03,False
RIP6-RIP7,0.0865851338797733,True,8.500000000000007,12.000000000000007,3.9637335467567283,35,sub-jh108,03,False
RPP1-RPP2,0.08479675172992154,True,8.500000000000007,12.000000000000007,3.881864177222332,36,sub-jh108,03,False
LSI6-LSI7,0.08345735966358567,True,12.750000000000007,13.250000000000007,4.94036493033672,37,sub-jh108,03,False
LSI3-LSI4,0.08021832096592775,True,7.750000000000007,10.750000000000007,3.48232566023238,38,sub-jh108,03,False
LST3-LST4,0.07818113036380654,True,3.75,7.250000000000007,2.4065765372232235,39,sub-jh108,03,False
LPP2-LPP3,0.07141766982504488,True,3.5,10.000000000000007,2.142014462255701,40,sub-jh108,03,False
RSI1-RSI2,0.07112784782155783,True,8.000000000000007,11.500000000000007,3.1438427921208807,41,sub-jh108,03,True
LPP5-LPP6,0.0700634736606078,True,9.250000000000007,11.250000000000007,3.3732973586365693,42,sub-jh108,03,False
LSI2-LSI3,0.06836968118177773,True,11.000000000000007,13.000000000000007,3.6694890271759752,43,sub-jh108,03,False
LST7-LST8,0.06642175157354456,True,4.0,4.750000000000007,2.0970241947631325,44,sub-jh108,03,False
RBT1-RBT2,0.06597343159038732,True,9.000000000000007,11.500000000000007,3.124305193233474,45,sub-jh108,03,False
RIP5-RIP6,0.06500858989734597,True,6.500000000000007,10.250000000000007,2.5655109706649566,46,sub-jh108,03,False
LIF1-LIF2,0.06262980537895901,True,9.500000000000007,11.750000000000007,3.0648263833229814,47,sub-jh108,03,False
RPP7-RPP8,0.061724943117167315,True,9.750000000000007,12.000000000000007,3.069264906619786,48,sub-jh108,03,False
RDI6-RDI7,0.06052157861271951,True,9.250000000000007,13.250000000000007,2.9138903712332884,49,sub-jh108,03,False
RAT1-RAT2,0.05988881433098281,True,8.000000000000007,9.000000000000007,2.6470787888237033,50,sub-jh108,03,False
LDI4-LDI5,0.058622826308143576,True,8.500000000000007,11.750000000000007,2.683662342844321,51,sub-jh108,03,False
LDI5-LDI6,0.056512100022851605,True,9.250000000000007,12.000000000000007,2.7208487929320455,52,sub-jh108,03,False
RST4-RST5,0.053964326801514265,True,11.250000000000007,13.500000000000007,2.9389282287215184,53,sub-jh108,03,False
LST2-LST3,0.052801530671694206,True,10.750000000000007,11.500000000000007,2.7922509102697797,54,sub-jh108,03,False
LSI7-LSI8,0.05247429598163111,True,12.750000000000007,14.000000000000007,3.1062829288723903,55,sub-jh108,03,False
LDI7-LDI8,0.0490095635968886,True,10.750000000000007,13.250000000000007,2.591724081186489,56,sub-jh108,03,False
RPT3-RPT4,0.04835026056318625,True,12.750000000000007,14.500000000000007,2.8621553883549393,57,sub-jh108,03,False
LPP6-LPP7,0.046404235855996165,True,4.250000000000007,11.500000000000007,1.5016703579747848,58,sub-jh108,03,False
RPP5-RPP6,0.04446411700925141,True,12.750000000000007,13.750000000000007,2.6321101604025534,59,sub-jh108,03,False
RAT3-RAT4,0.04152106849145463,True,12.000000000000007,13.250000000000007,2.3595769410064644,60,sub-jh108,03,False
LIP2-LIP3,0.04129296449320185,True,24.250000000000007,27.000000000000007,3.9436154464788507,61,sub-jh108,03,False
RST1-RST2,0.037808947456547566,True,13.000000000000007,17.250000000000007,2.2679908894532437,62,sub-jh108,03,False
LIP3-LIP4,0.03676365257714678,True,25.250000000000007,29.000000000000007,3.62711889910704,63,sub-jh108,03,False
LIP1-LIP2,0.033588103053669695,True,25.750000000000007,27.000000000000007,3.366838803770039,64,sub-jh108,03,False
LPT3-LPT4,0.031064568387915274,True,11.750000000000007,18.750000000000007,1.7408317484828166,65,sub-jh108,03,False
LIF2-LIF3,0.028944051353782158,True,25.500000000000007,27.250000000000007,2.878478507689595,66,sub-jh108,03,False
LIF3-LIF4,0.027045247127539022,True,25.750000000000007,29.750000000000007,2.7109892851361863,67,sub-jh108,03,False
RAT5-RAT6,0.024372157920611533,True,22.500000000000007,23.500000000000007,2.1929663150682446,68,sub-jh108,03,False
LAF1-LAF2,0.0,False,,,,69,sub-jh108,03,False
LAF4-LAF5,0.0,False,,,,69,sub-jh108,03,False
LAF5-LAF6,0.0,False,,,,69,sub-jh108,03,False
LAT1-LAT2,0.0,False,,,,69,sub-jh108,03,False
LAT2-LAT3,0.0,False,,,,69,sub-jh108,03,False
LAT3-LAT4,0.0,False,,,,69,sub-jh108,03,False
LAT4-LAT5,0.0,False,,,,69,sub-jh108,03,False
LBT2-LBT3,0.0,False,,,,69,sub-jh108,03,False
LBT3-LBT4,0.0,False,,,,69,sub-jh108,03,False
LIF4-LIF5,0.0,False,,,,69,sub-jh108,03,False
LIF5-LIF6,0.0,False,,,,69,sub-jh108,03,False
LIP6-LIP7,0.0,False,,,,69,sub-jh108,03,False
LIP7-LIP8,0.0,False,,,,69,sub-jh108,03,False
LPP1-LPP2,0.0,False,,,,69,sub-jh108,03,False
LPP7-LPP8,0.0,False,,,,69,sub-jh108,03,False
LPT1-LPT2,0.0,False,,,,69,sub-jh108,03,False
LPT2-LPT3,0.0,False,,,,69,sub-jh108,03,False
LST1-LST2,0.0,False,,,,69,sub-jh108,03,False
LST4-LST5,0.0,False,,,,69,sub-jh108,03,False
LST6-LST7,0.0,False,,,,69,sub-jh108,03,False
RAF2-RAF3,0.0,False,,,,69,sub-jh108,03,False
RAF3-RAF4,0.0,False,,,,69,sub-jh108,03,False
RAF4-RAF5,0.0,False,,,,69,sub-jh108,03,False
RAF5-RAF6,0.0,False,,,,69,sub-jh108,03,False
RAF6-RAF7,0.0,False,,,,69,sub-jh108,03,False
RAF7-RAF8,0.0,False,,,,69,sub-jh108,03,False
RAT2-RAT3,0.0,False,,,,69,sub-jh108,03,False
RAT4-RAT5,0.0,False,,,,69,sub-jh108,03,False
RBT2-RBT3,0.0,False,,,,69,sub-jh108,03,False
RBT3-RBT4,0.0,False,,,,69,sub-jh108,03,False
RIF1-RIF2,0.0,False,,,,69,sub-jh108,03,False
RIF2-RIF3,0.0,False,,,,69,sub-jh108,03,False
RIF4-RIF5,0.0,False,,,,69,sub-jh108,03,False
RIF5-RIF6,0.0,False,,,,69,sub-jh108,03,False
RIP1-RIP2,0.0,False,,,,69,sub-jh108,03,False
RIP2-RIP3,0.0,False,,,,69,sub-jh108,03,False
RPT1-RPT2,0.0,False,,,,69,sub-jh108,03,False
RPT2-RPT3,0.0,False,,,,69,sub-jh108,03,False
RPT4-RPT5,0.0,False,,,,69,sub-jh108,03,False
RPT5-RPT6,0.0,False,,,,69,sub-jh108,03,False
RSI5-RSI6,0.0,False,,,,69,sub-jh108,03,False
RSI6-RSI7,0.0,False,,,,69,sub-jh108,03,False
RSI7-RSI8,0.0,False,,,,69,sub-jh108,03,False
RST2-RST3,0.0,False,,,,69,sub-jh108,03,False
RST3-RST4,0.0,False,,,,69,sub-jh108,03,False
RST5-RST6,0.0,False,,,,69,sub-jh108,03,False
RST6-RST7,0.0,False,,,,69,sub-jh108,03,False
RST7-RST8,0.0,False,,,,69,sub-jh108,03,False
PD2-PD3,1.0,True,7.5,9.0,35.84146546983606,1,sub-pt01,01,True
G17-G18,0.5879005052131824,True,0.25,3.25,2.5540867463390855,2,sub-pt01,01,False
PD3-PD4,0.41748588329818176,True,7.75,9.75,15.416739381599296,3,sub-pt01,01,True
AD3-AD4,0.30646466072219086,True,8.0,8.5,11.649848164393331,4,sub-pt01,01,True
MLT2-MLT3,0.30261005774535427,True,1.0,5.0,2.3006641075314085,5,sub-pt01,01,False
PST3-PST4,0.2706628726903642,True,5.25,8.75,7.055239276726053,6,sub-pt01,01,False
PST2-PST3,0.20058675385106015,True,5.5,9.0,5.446456978681271,7,sub-pt01,01,False
AD1-AD2,0.16944203282162137,True,5.75,8.0,4.784827878223917,8,sub-pt01,01,True
ATT7-ATT8,0.15704900451533146,True,12.25,14.25,8.869728986825326,9,sub-pt01,01,False
PD1-PD2,0.151833141817396,True,7.75,9.5,5.606829046280221,10,sub-pt01,01,True
AD2-AD3,0.1300326325220967,True,6.25,8.5,3.954414637508882,11,sub-pt01,01,True
ATT1-ATT2,0.12106375942488051,True,12.25,13.75,6.837373719997592,12,sub-pt01,01,True
ATT2-ATT3,0.1115273608835847,True,5.25,9.0,2.907130221127961,13,sub-pt01,01,True
SF5-SF6,0.1032615026354986,True,5.5,9.75,2.8038208947527337,14,sub-pt01,01,False
AST3-AST4,0.0985553238331523,True,8.75,9.5,4.067574393009354,15,sub-pt01,01,False
ATT4-ATT5,0.09597797633080367,True,7.75,9.25,3.544233485874492,16,sub-pt01,01,False
PST1-PST2,0.07837102599018747,True,8.25,9.75,3.0642899147595584,17,sub-pt01,01,False
ATT3-ATT4,0.06982443266130128,True,8.0,9.0,2.6542833250403737,18,sub-pt01,01,False
ILT1-ILT2,0.06756946271786567,True,10.25,11.5,3.2290514197570097,19,sub-pt01,01,False
ATT5-ATT6,0.05870902315151445,True,8.5,9.5,2.359274083756182,20,sub-pt01,01,False
ATT6-ATT7,0.05646730251026359,True,8.5,9.25,2.269188554683842,21,sub-pt01,01,False
PLT5-PLT6,0.03432759797543361,True,18.0,19.0,2.7962532215884504,22,sub-pt01,01,False
SLT3-SLT4,0.028352441696060725,True,26.0,28.75,3.2949290128404356,23,sub-pt01,01,False
SLT2-SLT3,0.02207488212183937,True,19.75,28.0,1.9660024932209026,24,sub-pt01,01,False
AST1-AST2,0.0,False,,,,25,sub-pt01,01,False
AST2-AST3,0.0,False,,,,25,sub-pt01,01,False
G1-G2,0.0,False,,,,25,sub-pt01,01,False
G10-G11,0.0,False,,,,25,sub-pt01,01,False
G11-G12,0.0,False,,,,25,sub-pt01,01,False
G12-G13,0.0,False,,,,25,sub-pt01,01,False
G13-G14,0.0,False,,,,25,sub-pt01,01,False
G14-G15,0.0,False,,,,25,sub-pt01,01,False
G15-G16,0.0,False,,,,25,sub-pt01,01,False
G16-G17,0.0,False,,,,25,sub-pt01,01,False
G18-G19,0.0,False,,,,25,sub-pt01,01,False
G19-G20,0.0,False,,,,25,sub-pt01,01,False
G2-G3,0.0,False,,,,25,sub-pt01,01,False
G20-G21,0.0,False,,,,25,sub-pt01,01,False
G21-G22,0.0,False,,,,25,sub-pt01,01,False
G22-G23,0.0,False,,,,25,sub-pt01,01,False
G23-G24,0.0,False,,,,25,sub-pt01,01,False
G24-G25,0.0,False,,,,25,sub-pt01,01,False
G25-G26,0.0,False,,,,25,sub-pt01,01,False
G26-G27,0.0,False,,,,25,sub-pt01,01,False
G27-G28,0.0,False,,,,25,sub-pt01,01,False
G28-G29,0.0,False,,,,25,sub-pt01,01,False
G29-G30,0.0,False,,,,25,sub-pt01,01,False
G3-G4,0.0,False,,,,25,sub-pt01,01,False
G30-G31,0.0,False,,,,25,sub-pt01,01,False
G31-G32,0.0,False,,,,25,sub-pt01,01,False
G7-G8,0.0,False,,,,25,sub-pt01,01,False
G8-G9,0.0,False,,,,25,sub-pt01,01,False
G9-G10,0.0,False,,,,25,sub-pt01,01,False
IF1-IF2,0.0,False,,,,25,sub-pt01,01,False
IF2-IF3,0.0,False,,,,25,sub-pt01,01,False
IF3-IF4,0.0,False,,,,25,sub-pt01,01,False
IF4-IF5,0.0,False,,,,25,sub-pt01,01,False
IF5-IF6,0.0,False,,,,25,sub-pt01,01,False
ILT2-ILT3,0.0,False,,,,25,sub-pt01,01,False
ILT3-ILT4,0.0,False,,,,25,sub-pt01,01,False
MLT1-MLT2,0.0,False,,,,25,sub-pt01,01,False
MLT3-MLT4,0.0,False,,,,25,sub-pt01,01,False
PLT1-PLT2,0.0,False,,,,25,sub-pt01,01,False
PLT2-PLT3,0.0,False,,,,25,sub-pt01,01,False
PLT3-PLT4,0.0,False,,,,25,sub-pt01,01,False
PLT4-PLT5,0.0,False,,,,25,sub-pt01,01,False
SF1-SF2,0.0,False,,,,25,sub-pt01,01,False
SF2-SF3,0.0,False,,,,25,sub-pt01,01,False
SF3-SF4,0.0,False,,,,25,sub-pt01,01,False
SF4-SF5,0.0,False,,,,25,sub-pt01,01,False
SLT1-SLT2,0.0,False,,,,25,sub-pt01,01,False
PD2-PD3,1.0,True,9.25,10.0,61.121241901907126,1,sub-pt01,02,True
PST2-PST3,0.904991999910014,True,-7.5,-3.0,3.1162949265234183,2,sub-pt01,02,False
ATT3-ATT4,0.811456700382303,True,-7.5,-4.75,2.794210776168457,3,sub-pt01,02,False
G23-G24,0.7423154730667247,True,-7.25,-4.75,3.195157999777458,4,sub-pt01,02,False
PD1-PD2,0.459666504885269,True,9.25,10.25,28.0953876392967,5,sub-pt01,02,True
AD3-AD4,0.3959363802222234,True,8.0,9.5,22.495889239995034,6,sub-pt01,02,True
ATT7-ATT8,0.27602873432299213,True,9.75,11.25,17.34646464926195,7,sub-pt01,02,False
ATT5-ATT6,0.20661138493224046,True,10.0,10.5,13.161936456644117,8,sub-pt01,02,False
PST1-PST2,0.17416321439563842,True,6.75,10.25,9.145766047983962,9,sub-pt01,02,False
ATT6-ATT7,0.1333869696325892,True,10.0,10.5,8.49726078272128,10,sub-pt01,02,False
ATT1-ATT2,0.12369820096807385,True,9.5,13.0,7.667074814400368,11,sub-pt01,02,True
AST1-AST2,0.12363056175058987,True,8.75,10.75,7.34359562696657,12,sub-pt01,02,False
PST3-PST4,0.118190729290122,True,0.75,4.25,3.7646010387839652,13,sub-pt01,02,False
AST2-AST3,0.11493642051878107,True,9.75,10.5,7.222945684737253,14,sub-pt01,02,False
ATT2-ATT3,0.10243234549776956,True,2.0,4.0,3.7035671978232925,15,sub-pt01,02,True
G15-G16,0.09870747768001298,True,1.25,3.5,3.3139693128377417,16,sub-pt01,02,False
AST3-AST4,0.09328707991746292,True,9.25,10.5,5.701822177957793,17,sub-pt01,02,False
ATT4-ATT5,0.09183599309100343,True,0.0,0.75,2.687977722064523,18,sub-pt01,02,False
PD3-PD4,0.0889410355843073,True,2.5,3.0,3.3689043414366386,19,sub-pt01,02,True
AD1-AD2,0.08713370611325164,True,3.5,7.75,3.600486983092554,20,sub-pt01,02,True
SLT3-SLT4,0.08263893254542072,True,2.0,6.5,2.987912054059294,21,sub-pt01,02,False
G24-G25,0.07556053781999397,True,2.0,4.0,2.7319840032962004,22,sub-pt01,02,False
G16-G17,0.07193673495511313,True,2.5,3.75,2.7248162460323,23,sub-pt01,02,False
SLT1-SLT2,0.07028715125122355,True,5.75,6.5,3.4489318947979184,24,sub-pt01,02,False
AD2-AD3,0.06715725340876644,True,3.5,7.75,2.775031930860771,25,sub-pt01,02,True
G14-G15,0.05967012920840873,True,5.75,7.0,2.9279634773931917,26,sub-pt01,02,False
MLT1-MLT2,0.04498154276715633,True,6.5,8.0,2.3233755689512754,27,sub-pt01,02,False
PLT5-PLT6,0.0406491543659722,True,19.5,20.75,3.9192535391039676,28,sub-pt01,02,False
ILT1-ILT2,0.03191516361700508,True,8.0,13.25,1.8133215881842006,29,sub-pt01,02,False
SLT2-SLT3,0.029654278755384712,True,16.75,17.75,2.57835409674197,30,sub-pt01,02,False
G1-G2,0.0,False,,,,31,sub-pt01,02,False
G10-G11,0.0,False,,,,31,sub-pt01,02,False
G11-G12,0.0,False,,,,31,sub-pt01,02,False
G12-G13,0.0,False,,,,31,sub-pt01,02,False
G13-G14,0.0,False,,,,31,sub-pt01,02,False
G17-G18,0.0,False,,,,31,sub-pt01,02,False
G18-G19,0.0,False,,,,31,sub-pt01,02,False
G19-G20,0.0,False,,,,31,sub-pt01,02,False
G2-G3,0.0,False,,,,31,sub-pt01,02,False
G20-G21,0.0,False,,,,31,sub-pt01,02,False
G21-G22,0.0,False,,,,31,sub-pt01,02,False
G22-G23,0.0,False,,,,31,sub-pt01,02,False
G25-G26,0.0,False,,,,31,sub-pt01,02,False
G26-G27,0.0,False,,,,31,sub-pt01,02,False
G27-G28,0.0,False,,,,31,sub-pt01,02,False
G28-G29,0.0,False,,,,31,sub-pt01,02,False
G29-G30,0.0,False,,,,31,sub-pt01,02,False
G3-G4,0.0,False,,,,31,sub-pt01,02,False
G30-G31,0.0,False,,,,31,sub-pt01,02,False
G31-G32,0.0,False,,,,31,sub-pt01,02,False
G7-G8,0.0,False,,,,31,sub-pt01,02,False
G8-G9,0.0,False,,,,31,sub-pt01,02,False
G9-G10,0.0,False,,,,31,sub-pt01,02,False
IF1-IF2,0.0,False,,,,31,sub-pt01,02,False
IF2-IF3,0.0,False,,,,31,sub-pt01,02,False
IF3-IF4,0.0,False,,,,31,sub-pt01,02,False
IF4-IF5,0.0,False,,,,31,sub-pt01,02,False
IF5-IF6,0.0,False,,,,31,sub-pt01,02,False
ILT2-ILT3,0.0,False,,,,31,sub-pt01,02,False
ILT3-ILT4,0.0,False,,,,31,sub-pt01,02,False
MLT2-MLT3,0.0,False,,,,31,sub-pt01,02,False
MLT3-MLT4,0.0,False,,,,31,sub-pt01,02,False
PLT1-PLT2,0.0,False,,,,31,sub-pt01,02,False
PLT2-PLT3,0.0,False,,,,31,sub-pt01,02,False
PLT3-PLT4,0.0,False,,,,31,sub-pt01,02,False
PLT4-PLT5,0.0,False,,,,31,sub-pt01,02,False
SF1-SF2,0.0,False,,,,31,sub-pt01,02,False
SF2-SF3,0.0,False,,,,31,sub-pt01,02,False
SF3-SF4,0.0,False,,,,31,sub-pt01,02,False
SF4-SF5,0.0,False,,,,31,sub-pt01,02,False
SF5-SF6,0.0,False,,,,31,sub-pt01,02,False
PD2-PD3,1.0,True,8.25,10.0,37.845970346381414,1,sub-pt01,03,True
PD3-PD4,0.6886709139593509,True,8.0,10.5,25.339435127339843,2,sub-pt01,03,True
ATT2-ATT3,0.6652095215228193,True,0.25,1.75,2.797277758409243,3,sub-pt01,03,True
AD3-AD4,0.566827970306734,True,7.75,8.75,20.2603681915211,4,sub-pt01,03,True
AD1-AD2,0.43234123693709303,True,4.5,7.25,9.544717952372798,5,sub-pt01,03,True
ATT7-ATT8,0.3318256084341626,True,9.5,11.75,14.302465211548355,6,sub-pt01,03,False
AD2-AD3,0.25020223103692224,True,3.5,7.0,4.471541268865865,7,sub-pt01,03,True
ATT5-ATT6,0.15880479232917322,True,12.25,14.25,8.68128655528788,8,sub-pt01,03,False
ATT1-ATT2,0.13710718373753347,True,13.25,14.25,8.071706860010204,9,sub-pt01,03,True
PST3-PST4,0.13323977958223893,True,11.0,12.75,6.583379753064085,10,sub-pt01,03,False
ATT6-ATT7,0.13077022363591342,True,10.75,12.5,6.323883229779568,11,sub-pt01,03,False
PD1-PD2,0.12048862934023577,True,4.25,9.0,2.533338385048169,12,sub-pt01,03,True
ILT1-ILT2,0.11035289095398579,True,9.25,10.75,4.640458042980009,13,sub-pt01,03,False
AST3-AST4,0.09930711164907441,True,9.5,12.5,4.280370391913388,14,sub-pt01,03,False
PLT5-PLT6,0.09217059242502454,True,15.25,17.25,6.201396458179353,15,sub-pt01,03,False
ILT2-ILT3,0.08598830800413919,True,6.5,10.75,2.6215282691929094,16,sub-pt01,03,False
PST2-PST3,0.07849636830282165,True,8.5,11.5,3.0532926500618673,17,sub-pt01,03,False
ATT3-ATT4,0.06995847623704096,True,13.25,15.0,4.118561093336793,18,sub-pt01,03,False
ATT4-ATT5,0.05832883175399845,True,13.25,15.0,3.433906368512505,19,sub-pt01,03,False
G1-G2,0.055737602289429845,True,9.25,11.5,2.343826270471292,20,sub-pt01,03,False
PST1-PST2,0.05068814986085398,True,9.5,14.25,2.1847786355116527,21,sub-pt01,03,False
SLT2-SLT3,0.04172270375960513,True,23.25,25.5,4.210763224684992,22,sub-pt01,03,False
G15-G16,0.03450377705105541,True,11.75,20.75,1.8136512821005535,23,sub-pt01,03,False
G31-G32,0.0319379319396891,True,14.25,17.25,2.0145367085237025,24,sub-pt01,03,False
AST1-AST2,0.0,False,,,,25,sub-pt01,03,False
AST2-AST3,0.0,False,,,,25,sub-pt01,03,False
G10-G11,0.0,False,,,,25,sub-pt01,03,False
G11-G12,0.0,False,,,,25,sub-pt01,03,False
G12-G13,0.0,False,,,,25,sub-pt01,03,False
G13-G14,0.0,False,,,,25,sub-pt01,03,False
G14-G15,0.0,False,,,,25,sub-pt01,03,False
G16-G17,0.0,False,,,,25,sub-pt01,03,False
G17-G18,0.0,False,,,,25,sub-pt01,03,False
G18-G19,0.0,False,,,,25,sub-pt01,03,False
G19-G20,0.0,False,,,,25,sub-pt01,03,False
G2-G3,0.0,False,,,,25,sub-pt01,03,False
G20-G21,0.0,False,,,,25,sub-pt01,03,False
G21-G22,0.0,False,,,,25,sub-pt01,03,False
G22-G23,0.0,False,,,,25,sub-pt01,03,False
G23-G24,0.0,False,,,,25,sub-pt01,03,False
G24-G25,0.0,False,,,,25,sub-pt01,03,False
G25-G26,0.0,False,,,,25,sub-pt01,03,False
G26-G27,0.0,False,,,,25,sub-pt01,03,False
G27-G28,0.0,False,,,,25,sub-pt01,03,False
G28-G29,0.0,False,,,,25,sub-pt01,03,False
G29-G30,0.0,False,,,,25,sub-pt01,03,False
G3-G4,0.0,False,,,,25,sub-pt01,03,False
G30-G31,0.0,False,,,,25,sub-pt01,03,False
G7-G8,0.0,False,,,,25,sub-pt01,03,False
G8-G9,0.0,False,,,,25,sub-pt01,03,False
G9-G10,0.0,False,,,,25,sub-pt01,03,False
IF1-IF2,0.0,False,,,,25,sub-pt01,03,False
IF2-IF3,0.0,False,,,,25,sub-pt01,03,False
IF3-IF4,0.0,False,,,,25,sub-pt01,03,False
IF4-IF5,0.0,False,,,,25,sub-pt01,03,False
IF5-IF6,0.0,False,,,,25,sub-pt01,03,False
ILT3-ILT4,0.0,False,,,,25,sub-pt01,03,False
MLT1-MLT2,0.0,False,,,,25,sub-pt01,03,False
MLT2-MLT3,0.0,False,,,,25,sub-pt01,03,False
MLT3-MLT4,0.0,False,,,,25,sub-pt01,03,False
PLT1-PLT2,0.0,False,,,,25,sub-pt01,03,False
PLT2-PLT3,0.0,False,,,,25,sub-pt01,03,False
PLT3-PLT4,0.0,False,,,,25,sub-pt01,03,False
PLT4-PLT5,0.0,False,,,,25,sub-pt01,03,False
SF1-SF2,0.0,False,,,,25,sub-pt01,03,False
SF2-SF3,0.0,False,,,,25,sub-pt01,03,False
SF3-SF4,0.0,False,,,,25,sub-pt01,03,False
SF4-SF5,0.0,False,,,,25,sub-pt01,03,False
SF5-SF6,0.0,False,,,,25,sub-pt01,03,False
SLT1-SLT2,0.0,False,,,,25,sub-pt01,03,False
SLT3-SLT4,0.0,False,,,,25,sub-pt01,03,False
FP35-FP36,1.0,True,-7.500000000000007,-5.250000000000007,2.6458010034067097,1,sub-pt10,01,False
TT4-TT5,0.17507595216695415,True,-2.000000000000007,1.999999999999993,3.0109048444521305,2,sub-pt10,01,True
TT3-TT4,0.11985883465871683,True,-1.750000000000007,3.749999999999993,2.1405777187985455,3,sub-pt10,01,True
TT5-TT6,0.09259518800325639,True,5.999999999999993,8.249999999999993,3.552332399279906,4,sub-pt10,01,True
AST3-AST4,0.0864645209133142,True,24.999999999999993,27.999999999999993,7.663725192416161,5,sub-pt10,01,False
TT2-TT3,0.07082681431742513,True,5.499999999999993,10.999999999999993,2.623511189448018,6,sub-pt10,01,True
MST1-MST2,0.0667449810791514,True,4.499999999999993,4.999999999999993,2.295721192850548,7,sub-pt10,01,True
TT1-TT2,0.06465242759539266,True,8.499999999999993,12.999999999999993,2.9079767826776823,8,sub-pt10,01,True
G11-G12,0.06189348041868518,True,12.249999999999993,13.749999999999993,3.3979750263688837,9,sub-pt10,01,False
FP39-FP40,0.06035235755819095,True,15.249999999999993,15.999999999999993,3.7924077944037755,10,sub-pt10,01,False
MST2-MST3,0.05969642906397583,True,11.499999999999993,15.249999999999993,3.1588974383452944,11,sub-pt10,01,True
AST2-AST3,0.05314332748981908,True,9.499999999999993,13.499999999999993,2.5309200455448244,12,sub-pt10,01,True
G15-G16,0.049229133719550004,True,5.249999999999993,12.999999999999993,1.7909442566403917,13,sub-pt10,01,False
FP37-FP38,0.048355690130412764,True,7.999999999999993,8.749999999999993,2.1110023022132554,14,sub-pt10,01,False
G23-G24,0.04797520855437039,True,14.999999999999993,17.749999999999993,2.982922090897284,15,sub-pt10,01,False
AST1-AST2,0.04120516859788729,True,11.499999999999993,16.999999999999993,2.180413528436657,16,sub-pt10,01,True
FP38-FP39,0.03820357707908304,True,15.249999999999993,18.999999999999993,2.400627736027133,17,sub-pt10,01,False
G12-G13,0.037632394869525604,True,23.999999999999993,27.999999999999993,3.235954413457622,18,sub-pt10,01,False
G22-G23,0.03536593634763666,True,10.499999999999993,17.499999999999993,1.7778533676249033,19,sub-pt10,01,False
G4-G5,0.028554288070908693,True,19.999999999999993,25.249999999999993,2.153145474842872,20,sub-pt10,01,False
G3-G4,0.028394541547562067,True,14.999999999999993,24.249999999999993,1.7654682031686106,21,sub-pt10,01,False
G5-G6,0.028137901486941317,True,23.249999999999993,27.749999999999993,2.363701393616094,22,sub-pt10,01,False
MST3-MST4,0.01903239846493989,True,27.749999999999993,29.999999999999993,1.825402787146818,23,sub-pt10,01,False
FP36-FP37,0.0,False,,,,24,sub-pt10,01,False
FP43-FP44,0.0,False,,,,24,sub-pt10,01,False
FP44-FP45,0.0,False,,,,24,sub-pt10,01,False
FP45-FP46,0.0,False,,,,24,sub-pt10,01,False
FP46-FP47,0.0,False,,,,24,sub-pt10,01,False
FP47-FP48,0.0,False,,,,24,sub-pt10,01,False
G13-G14,0.0,False,,,,24,sub-pt10,01,False
G14-G15,0.0,False,,,,24,sub-pt10,01,False
G20-G21,0.0,False,,,,24,sub-pt10,01,False
G21-G22,0.0,False,,,,24,sub-pt10,01,False
G28-G29,0.0,False,,,,24,sub-pt10,01,False
G29-G30,0.0,False,,,,24,sub-pt10,01,False
G30-G31,0.0,False,,,,24,sub-pt10,01,False
G31-G32,0.0,False,,,,24,sub-pt10,01,False
G6-G7,0.0,False,,,,24,sub-pt10,01,False
G7-G8,0.0,False,,,,24,sub-pt10,01,False
OF1-OF2,0.0,False,,,,24,sub-pt10,01,False
OF2-OF3,0.0,False,,,,24,sub-pt10,01,False
PST1-PST2,0.0,False,,,,24,sub-pt10,01,False
PST2-PST3,0.0,False,,,,24,sub-pt10,01,False
PST3-PST4,0.0,False,,,,24,sub-pt10,01,False
TT3-TT4,1.0,True,-3.750000000000007,-3.250000000000007,4.121097854445667,1,sub-pt10,02,True
TT4-TT5,0.6386138499741747,True,-3.750000000000007,1.499999999999993,2.6317901669478583,2,sub-pt10,02,True
TT5-TT6,0.6155951712462748,True,-3.750000000000007,2.999999999999993,2.5369279394301363,3,sub-pt10,02,True
G23-G24,0.10848210086057002,True,14.499999999999993,15.249999999999993,8.606008047218381,4,sub-pt10,02,False
MST1-MST2,0.10309768229081663,True,14.249999999999993,15.249999999999993,8.072637108453105,5,sub-pt10,02,True
AST3-AST4,0.09252507291078058,True,10.499999999999993,12.249999999999993,5.814899411689463,6,sub-pt10,02,False
TT1-TT2,0.07423263639864165,True,14.249999999999993,16.499999999999993,5.812479213253462,7,sub-pt10,02,True
MST2-MST3,0.07016887823046823,True,13.249999999999993,15.499999999999993,5.205110643439955,8,sub-pt10,02,True
AST2-AST3,0.058963561639127186,True,6.499999999999993,11.499999999999993,2.733689332816671,9,sub-pt10,02,True
TT2-TT3,0.055543425698931705,True,4.999999999999993,10.749999999999993,2.2317739516451907,10,sub-pt10,02,True
G11-G12,0.055350584681311855,True,13.999999999999993,16.749999999999993,4.276972045733766,11,sub-pt10,02,False
G22-G23,0.05253687882094753,True,13.999999999999993,15.499999999999993,4.059555348530229,12,sub-pt10,02,False
FP36-FP37,0.047559450368667294,True,7.999999999999993,9.249999999999993,2.498963648129857,13,sub-pt10,02,False
AST1-AST2,0.04648120845902444,True,8.749999999999993,9.499999999999993,2.5859737141091204,14,sub-pt10,02,True
G3-G4,0.044156369670693627,True,12.749999999999993,16.749999999999993,3.1845226054250917,15,sub-pt10,02,False
G4-G5,0.04371650542332873,True,25.749999999999993,26.999999999999993,5.494879899470243,16,sub-pt10,02,False
OF1-OF2,0.038152898236837325,True,15.999999999999993,19.749999999999993,3.262560411592819,17,sub-pt10,02,False
G28-G29,0.03584143393328096,True,11.749999999999993,17.249999999999993,2.437149931964555,18,sub-pt10,02,False
G20-G21,0.0315996459880639,True,16.499999999999993,18.749999999999993,2.767286207256371,19,sub-pt10,02,False
G14-G15,0.030846555254098337,True,15.999999999999993,20.499999999999993,2.637774708000116,20,sub-pt10,02,False
G13-G14,0.030692937243058313,True,13.749999999999993,17.249999999999993,2.340039059651558,21,sub-pt10,02,False
FP37-FP38,0.028849783061247566,True,14.749999999999993,21.249999999999993,2.3184091919611407,22,sub-pt10,02,False
G5-G6,0.02854215201462227,True,15.749999999999993,16.999999999999993,2.411312529288799,23,sub-pt10,02,False
G30-G31,0.02706280861358413,True,16.499999999999993,24.249999999999993,2.3699802533951995,24,sub-pt10,02,False
FP39-FP40,0.02574332014372338,True,19.249999999999993,20.249999999999993,2.5461777938545525,25,sub-pt10,02,False
FP47-FP48,0.02572728926988017,True,16.499999999999993,21.749999999999993,2.253024377979632,26,sub-pt10,02,False
PST2-PST3,0.024868161300834957,True,15.999999999999993,21.249999999999993,2.126545618253254,27,sub-pt10,02,False
G21-G22,0.0227059478558505,True,16.499999999999993,23.499999999999993,1.9884354510778899,28,sub-pt10,02,False
G12-G13,0.02100503754813235,True,16.749999999999993,27.749999999999993,1.8611220262014165,29,sub-pt10,02,False
FP35-FP36,0.0,False,,,,30,sub-pt10,02,False
FP38-FP39,0.0,False,,,,30,sub-pt10,02,False
FP43-FP44,0.0,False,,,,30,sub-pt10,02,False
FP44-FP45,0.0,False,,,,30,sub-pt10,02,False
FP45-FP46,0.0,False,,,,30,sub-pt10,02,False
FP46-FP47,0.0,False,,,,30,sub-pt10,02,False
G15-G16,0.0,False,,,,30,sub-pt10,02,False
G29-G30,0.0,False,,,,30,sub-pt10,02,False
G31-G32,0.0,False,,,,30,sub-pt10,02,False
G6-G7,0.0,False,,,,30,sub-pt10,02,False
G7-G8,0.0,False,,,,30,sub-pt10,02,False
MST3-MST4,0.0,False,,,,30,sub-pt10,02,False
OF2-OF3,0.0,False,,,,30,sub-pt10,02,False
PST1-PST2,0.0,False,,,,30,sub-pt10,02,False
PST3-PST4,0.0,False,,,,30,sub-pt10,02,False
AST1-AST2,1.0,True,-4.75,-4.0,15.18765758457694,1,sub-pt10,03,True
MST3-MST4,0.8944513388765076,True,-9.5,-9.0,2.3625427236387457,2,sub-pt10,03,False
TT3-TT4,0.14398913463062676,True,-3.25,-1.25,2.7573422829311194,3,sub-pt10,03,True
TT2-TT3,0.12825074444730578,True,-3.5,-2.75,2.371269346335537,4,sub-pt10,03,True
G3-G4,0.11677966898758985,True,22.0,23.75,10.024750056742954,5,sub-pt10,03,False
AST2-AST3,0.11649557216523591,True,5.75,6.75,5.0001811265531915,6,sub-pt10,03,True
TT1-TT2,0.11412211952764596,True,13.25,14.0,7.1590664804410675,7,sub-pt10,03,True
TT5-TT6,0.1010614080424364,True,-1.25,6.75,2.469164531889485,8,sub-pt10,03,True
AST3-AST4,0.09970598007949195,True,-1.75,7.25,2.3043699982769157,9,sub-pt10,03,False
MST1-MST2,0.09138042598979648,True,10.75,14.0,5.12902794298232,10,sub-pt10,03,True
TT4-TT5,0.0874900463755806,True,-3.75,6.0,1.5598591040477834,11,sub-pt10,03,True
G4-G5,0.0836005142074619,True,23.25,25.75,7.452563382454838,12,sub-pt10,03,False
G22-G23,0.059107759737907675,True,13.25,14.25,3.7079260639836766,13,sub-pt10,03,False
FP36-FP37,0.05149455607244401,True,6.75,14.75,2.34624505529423,14,sub-pt10,03,False
MST2-MST3,0.050523013138116975,True,10.5,15.0,2.8024088169284966,15,sub-pt10,03,True
G30-G31,0.049820965187145023,True,6.75,15.5,2.2699912793864603,16,sub-pt10,03,False
FP35-FP36,0.04918133809408497,True,21.0,24.75,4.09198324513297,17,sub-pt10,03,False
G23-G24,0.04874451196458358,True,6.0,11.75,2.1243820500781303,18,sub-pt10,03,False
G28-G29,0.0467578667331261,True,24.25,25.0,4.291730575504002,19,sub-pt10,03,False
FP45-FP46,0.04353526797403083,True,6.25,8.5,1.9261006856712775,20,sub-pt10,03,False
FP37-FP38,0.04298335511139896,True,14.0,16.75,2.7815658681862536,21,sub-pt10,03,False
G11-G12,0.041765460290013795,True,17.25,18.5,3.0612811122571397,22,sub-pt10,03,False
FP43-FP44,0.04095299830124392,True,7.75,19.0,1.974110800611171,23,sub-pt10,03,False
G13-G14,0.040726623332960385,True,13.5,14.75,2.5817405624641827,24,sub-pt10,03,False
G6-G7,0.04003019733803784,True,25.75,26.75,3.8328223861264554,25,sub-pt10,03,False
G31-G32,0.03947651582221448,True,11.25,16.25,2.2678850012945078,26,sub-pt10,03,False
G20-G21,0.039198759647417536,True,17.5,20.25,2.8990339998996633,27,sub-pt10,03,False
PST1-PST2,0.03714197373345041,True,10.75,11.25,2.084715835726723,28,sub-pt10,03,False
PST2-PST3,0.037095738799182425,True,10.75,25.0,2.082120747476325,29,sub-pt10,03,False
FP46-FP47,0.03601748212484515,True,20.0,24.5,2.901590636505817,30,sub-pt10,03,False
FP44-FP45,0.03536281507016203,True,16.0,21.0,2.4752305482742534,31,sub-pt10,03,False
FP38-FP39,0.03510739013546136,True,23.0,25.75,3.106463856034023,32,sub-pt10,03,False
FP39-FP40,0.031418084023691034,True,20.5,25.25,2.5725530722737195,33,sub-pt10,03,False
G5-G6,0.030249883332440844,True,19.5,20.75,2.3969993218774577,34,sub-pt10,03,False
G29-G30,0.029511830120702104,True,15.75,24.5,2.046201517807821,35,sub-pt10,03,False
G12-G13,0.02865207008986822,True,13.5,26.0,1.8163109409984712,36,sub-pt10,03,False
FP47-FP48,0.027712496545698163,True,20.0,26.25,2.2325358616817335,37,sub-pt10,03,False
G14-G15,0.0,False,,,,38,sub-pt10,03,False
G15-G16,0.0,False,,,,38,sub-pt10,03,False
G21-G22,0.0,False,,,,38,sub-pt10,03,False
G7-G8,0.0,False,,,,38,sub-pt10,03,False
OF1-OF2,0.0,False,,,,38,sub-pt10,03,False
OF2-OF3,0.0,False,,,,38,sub-pt10,03,False
PST3-PST4,0.0,False,,,,38,sub-pt10,03,False
RPG6-RPG7,1.0,True,-7.749999999999993,-6.499999999999993,3.2298356017872485,1,sub-pt11,01,False
RG38-RG39,0.14996427224720446,True,1.750000000000007,2.500000000000007,5.085779427751432,2,sub-pt11,01,True
RG15-RG16,0.09913571868715139,True,12.750000000000007,14.750000000000007,6.884129582927331,3,sub-pt11,01,False
RG23-RG24,0.0964871529886244,True,1.500000000000007,3.500000000000007,3.194285828836958,4,sub-pt11,01,True
RG11-RG12,0.08434194954648064,True,1.500000000000007,2.500000000000007,2.792208971536012,5,sub-pt11,01,False
RG32-RG33,0.07696785123577678,True,1.750000000000007,2.750000000000007,2.6102318142009535,6,sub-pt11,01,True
RG31-RG32,0.07342234949164275,True,1.500000000000007,3.500000000000007,2.4307067131384796,7,sub-pt11,01,True
LG6-LG7,0.06579261916591862,True,1.250000000000007,2.500000000000007,2.1249934371691404,8,sub-pt11,01,False
RG7-RG8,0.06426352802769535,True,17.750000000000007,19.750000000000007,5.500356714088032,9,sub-pt11,01,True
RG40-RG41,0.050054418964197774,True,2.000000000000007,3.750000000000007,1.7379261022714136,10,sub-pt11,01,True
RG20-RG21,0.045192859397860115,True,1.750000000000007,3.250000000000007,1.5326378154126274,11,sub-pt11,01,False
RG16-RG17,0.04517757985901242,True,13.750000000000007,17.250000000000007,3.2831135062025596,12,sub-pt11,01,False
RG8-RG9,0.034821391742248686,True,18.750000000000007,21.250000000000007,3.092852695704621,13,sub-pt11,01,True
RPG4-RPG5,0.0342182209475327,True,19.000000000000007,23.000000000000007,3.066908583831032,14,sub-pt11,01,False
RPG10-RPG11,0.023503300292007066,True,16.250000000000007,22.250000000000007,1.8977949010655266,15,sub-pt11,01,True
LG1-LG2,0.0,False,,,,16,sub-pt11,01,False
LG10-LG11,0.0,False,,,,16,sub-pt11,01,False
LG11-LG12,0.0,False,,,,16,sub-pt11,01,False
LG2-LG3,0.0,False,,,,16,sub-pt11,01,False
LG3-LG4,0.0,False,,,,16,sub-pt11,01,False
LG4-LG5,0.0,False,,,,16,sub-pt11,01,False
LG5-LG6,0.0,False,,,,16,sub-pt11,01,False
LG7-LG8,0.0,False,,,,16,sub-pt11,01,False
LG8-LG9,0.0,False,,,,16,sub-pt11,01,False
LG9-LG10,0.0,False,,,,16,sub-pt11,01,False
RAL5-RAL6,0.0,False,,,,16,sub-pt11,01,False
RAL6-RAL7,0.0,False,,,,16,sub-pt11,01,False
RAM4-RAM5,0.0,False,,,,16,sub-pt11,01,False
RAM5-RAM6,0.0,False,,,,16,sub-pt11,01,False
RAM6-RAM7,0.0,False,,,,16,sub-pt11,01,False
RG1-RG2,0.0,False,,,,16,sub-pt11,01,True
RG10-RG11,0.0,False,,,,16,sub-pt11,01,False
RG12-RG13,0.0,False,,,,16,sub-pt11,01,False
RG13-RG14,0.0,False,,,,16,sub-pt11,01,False
RG14-RG15,0.0,False,,,,16,sub-pt11,01,False
RG17-RG18,0.0,False,,,,16,sub-pt11,01,False
RG18-RG19,0.0,False,,,,16,sub-pt11,01,False
RG19-RG20,0.0,False,,,,16,sub-pt11,01,False
RG2-RG3,0.0,False,,,,16,sub-pt11,01,True
RG21-RG22,0.0,False,,,,16,sub-pt11,01,True
RG22-RG23,0.0,False,,,,16,sub-pt11,01,True
RG26-RG27,0.0,False,,,,16,sub-pt11,01,False
RG27-RG28,0.0,False,,,,16,sub-pt11,01,False
RG28-RG29,0.0,False,,,,16,sub-pt11,01,True
RG29-RG30,0.0,False,,,,16,sub-pt11,01,True
RG3-RG4,0.0,False,,,,16,sub-pt11,01,True
RG30-RG31,0.0,False,,,,16,sub-pt11,01,True
RG33-RG34,0.0,False,,,,16,sub-pt11,01,False
RG34-RG35,0.0,False,,,,16,sub-pt11,01,False
RG35-RG36,0.0,False,,,,16,sub-pt11,01,False
RG36-RG37,0.0,False,,,,16,sub-pt11,01,False
RG37-RG38,0.0,False,,,,16,sub-pt11,01,False
RG39-RG40,0.0,False,,,,16,sub-pt11,01,True
RG4-RG5,0.0,False,,,,16,sub-pt11,01,True
RG41-RG42,0.0,False,,,,16,sub-pt11,01,False
RG42-RG43,0.0,False,,,,16,sub-pt11,01,False
RG43-RG44,0.0,False,,,,16,sub-pt11,01,False
RG44-RG45,0.0,False,,,,16,sub-pt11,01,False
RG45-RG46,0.0,False,,,,16,sub-pt11,01,False
RG46-RG47,0.0,False,,,,16,sub-pt11,01,True
RG47-RG48,0.0,False,,,,16,sub-pt11,01,True
RG5-RG6,0.0,False,,,,16,sub-pt11,01,True
RG6-RG7,0.0,False,,,,16,sub-pt11,01,True
RG9-RG10,0.0,False,,,,16,sub-pt11,01,False
RPG1-RPG2,0.0,False,,,,16,sub-pt11,01,False
RPG11-RPG12,0.0,False,,,,16,sub-pt11,01,True
RPG2-RPG3,0.0,False,,,,16,sub-pt11,01,False
RPG3-RPG4,0.0,False,,,,16,sub-pt11,01,False
RPG5-RPG6,0.0,False,,,,16,sub-pt11,01,False
RPG9-RPG10,0.0,False,,,,16,sub-pt11,01,False
RG15-RG16,1.0,True,11.25,17.0,1.9454135680185705,1,sub-pt11,02,False
RG3-RG4,0.7249098660908787,True,12.0,16.75,2.4679366058965106,2,sub-pt11,02,True
RG16-RG17,0.6103769983050382,True,13.0,15.25,3.2654481587999404,3,sub-pt11,02,False
RG7-RG8,0.5436746806467454,True,14.5,15.5,4.495106426352953,4,sub-pt11,02,True
RG8-RG9,0.32643755283535913,True,15.25,17.0,3.1752802219834333,5,sub-pt11,02,True
LG9-LG10,0.15408762740884674,True,16.0,18.0,1.7236439258935234,6,sub-pt11,02,False
RPG10-RPG11,0.14574734069945292,True,17.75,22.75,2.1265414057450567,7,sub-pt11,02,True
RG47-RG48,0.14007095452098117,True,17.75,19.5,2.043719515578217,8,sub-pt11,02,True
RG2-RG3,0.13335183536203712,True,17.75,26.25,1.945683523751142,9,sub-pt11,02,True
RPG6-RPG7,0.08600346179470435,True,21.25,29.75,1.8404353161918305,10,sub-pt11,02,False
LG1-LG2,0.0,False,,,,11,sub-pt11,02,False
LG10-LG11,0.0,False,,,,11,sub-pt11,02,False
LG11-LG12,0.0,False,,,,11,sub-pt11,02,False
LG2-LG3,0.0,False,,,,11,sub-pt11,02,False
LG3-LG4,0.0,False,,,,11,sub-pt11,02,False
LG4-LG5,0.0,False,,,,11,sub-pt11,02,False
LG5-LG6,0.0,False,,,,11,sub-pt11,02,False
LG6-LG7,0.0,False,,,,11,sub-pt11,02,False
LG7-LG8,0.0,False,,,,11,sub-pt11,02,False
LG8-LG9,0.0,False,,,,11,sub-pt11,02,False
RAL5-RAL6,0.0,False,,,,11,sub-pt11,02,False
RAL6-RAL7,0.0,False,,,,11,sub-pt11,02,False
RAM4-RAM5,0.0,False,,,,11,sub-pt11,02,False
RAM5-RAM6,0.0,False,,,,11,sub-pt11,02,False
RAM6-RAM7,0.0,False,,,,11,sub-pt11,02,False
RG1-RG2,0.0,False,,,,11,sub-pt11,02,True
RG10-RG11,0.0,False,,,,11,sub-pt11,02,False
RG11-RG12,0.0,False,,,,11,sub-pt11,02,False
RG12-RG13,0.0,False,,,,11,sub-pt11,02,False
RG13-RG14,0.0,False,,,,11,sub-pt11,02,False
RG14-RG15,0.0,False,,,,11,sub-pt11,02,False
RG17-RG18,0.0,False,,,,11,sub-pt11,02,False
RG18-RG19,0.0,False,,,,11,sub-pt11,02,False
RG19-RG20,0.0,False,,,,11,sub-pt11,02,False
RG20-RG21,0.0,False,,,,11,sub-pt11,02,False
RG21-RG22,0.0,False,,,,11,sub-pt11,02,True
RG22-RG23,0.0,False,,,,11,sub-pt11,02,True
RG23-RG24,0.0,False,,,,11,sub-pt11,02,True
RG26-RG27,0.0,False,,,,11,sub-pt11,02,False
RG27-RG28,0.0,False,,,,11,sub-pt11,02,False
RG28-RG29,0.0,False,,,,11,sub-pt11,02,True
RG29-RG30,0.0,False,,,,11,sub-pt11,02,True
RG30-RG31,0.0,False,,,,11,sub-pt11,02,True
RG31-RG32,0.0,False,,,,11,sub-pt11,02,True
RG32-RG33,0.0,False,,,,11,sub-pt11,02,True
RG33-RG34,0.0,False,,,,11,sub-pt11,02,False
RG34-RG35,0.0,False,,,,11,sub-pt11,02,False
RG35-RG36,0.0,False,,,,11,sub-pt11,02,False
RG36-RG37,0.0,False,,,,11,sub-pt11,02,False
RG37-RG38,0.0,False,,,,11,sub-pt11,02,False
RG38-RG39,0.0,False,,,,11,sub-pt11,02,True
RG39-RG40,0.0,False,,,,11,sub-pt11,02,True
RG4-RG5,0.0,False,,,,11,sub-pt11,02,True
RG40-RG41,0.0,False,,,,11,sub-pt11,02,True
RG41-RG42,0.0,False,,,,11,sub-pt11,02,False
RG42-RG43,0.0,False,,,,11,sub-pt11,02,False
RG43-RG44,0.0,False,,,,11,sub-pt11,02,False
RG44-RG45,0.0,False,,,,11,sub-pt11,02,False
RG45-RG46,0.0,False,,,,11,sub-pt11,02,False
RG46-RG47,0.0,False,,,,11,sub-pt11,02,True
RG5-RG6,0.0,False,,,,11,sub-pt11,02,True
RG6-RG7,0.0,False,,,,11,sub-pt11,02,True
RG9-RG10,0.0,False,,,,11,sub-pt11,02,False
RPG1-RPG2,0.0,False,,,,11,sub-pt11,02,False
RPG11-RPG12,0.0,False,,,,11,sub-pt11,02,True
RPG2-RPG3,0.0,False,,,,11,sub-pt11,02,False
RPG3-RPG4,0.0,False,,,,11,sub-pt11,02,False
RPG4-RPG5,0.0,False,,,,11,sub-pt11,02,False
RPG5-RPG6,0.0,False,,,,11,sub-pt11,02,False
RPG9-RPG10,0.0,False,,,,11,sub-pt11,02,False
RLG7-RLG8,1.0,True,-6.750000000000007,-1.5,2.849926453562359,1,sub-pt11,03,False
RLG10-RLG11,0.7049572655232135,True,-5.750000000000007,-3.5,4.01815271929118,2,sub-pt11,03,False
RG4-RG5,0.0975076575010521,True,2.75,4.25,2.917841351640041,3,sub-pt11,03,True
RLG6-RLG7,0.09288498793351015,True,27.0,29.25,9.198859602705959,4,sub-pt11,03,False
RG12-RG13,0.0875370003831492,True,2.75,3.25,2.6194771371030723,5,sub-pt11,03,False
RAM4-RAM5,0.08545153926326203,True,0.75,6.25,2.0700101190739426,6,sub-pt11,03,False
RG22-RG23,0.07592213529741718,True,5.5,9.5,2.8669356487844104,7,sub-pt11,03,True
RG35-RG36,0.07204081171546226,True,3.0,3.75,2.2070934117230125,8,sub-pt11,03,False
RG6-RG7,0.0708272612730628,True,3.75,4.75,2.3213035836579583,9,sub-pt11,03,True
RLG3-RLG4,0.06871586751721069,True,28.75,30.0,7.14798365451266,10,sub-pt11,03,False
RAM2-RAM3,0.06602076111196993,True,5.5,6.25,2.4930446548995464,11,sub-pt11,03,False
RLG5-RLG6,0.06362198280452351,True,28.25,30.0,6.527446985617241,12,sub-pt11,03,False
R29-R30,0.05915767986521924,True,28.25,30.0,6.069421324053421,13,sub-pt11,03,False
RAM3-RAM4,0.041173172941626444,True,28.25,30.0,4.2242585307638105,14,sub-pt11,03,False
RG23-RG24,0.03241564643191024,True,11.75,27.25,1.8014530613746942,15,sub-pt11,03,True
RG38-RG39,0.026037553723559606,True,20.75,25.25,2.114845724570474,16,sub-pt11,03,True
RLG4-RLG5,0.022089236040476395,True,23.25,30.0,1.9515336420528393,17,sub-pt11,03,False
R28-R29,0.0,False,,,,18,sub-pt11,03,False
RAL1-RAL2,0.0,False,,,,18,sub-pt11,03,False
RAL2-RAL3,0.0,False,,,,18,sub-pt11,03,False
RAL5-RAL6,0.0,False,,,,18,sub-pt11,03,False
RAL6-RAL7,0.0,False,,,,18,sub-pt11,03,False
RAM1-RAM2,0.0,False,,,,18,sub-pt11,03,False
RAM5-RAM6,0.0,False,,,,18,sub-pt11,03,False
RAM6-RAM7,0.0,False,,,,18,sub-pt11,03,False
RG1-RG2,0.0,False,,,,18,sub-pt11,03,True
RG10-RG11,0.0,False,,,,18,sub-pt11,03,False
RG11-RG12,0.0,False,,,,18,sub-pt11,03,False
RG13-RG14,0.0,False,,,,18,sub-pt11,03,False
RG14-RG15,0.0,False,,,,18,sub-pt11,03,False
RG15-RG16,0.0,False,,,,18,sub-pt11,03,False
RG16-RG17,0.0,False,,,,18,sub-pt11,03,False
RG17-RG18,0.0,False,,,,18,sub-pt11,03,False
RG18-RG19,0.0,False,,,,18,sub-pt11,03,False
RG19-RG20,0.0,False,,,,18,sub-pt11,03,False
RG2-RG3,0.0,False,,,,18,sub-pt11,03,True
RG20-RG21,0.0,False,,,,18,sub-pt11,03,False
RG21-RG22,0.0,False,,,,18,sub-pt11,03,True
RG26-RG27,0.0,False,,,,18,sub-pt11,03,False
RG3-RG4,0.0,False,,,,18,sub-pt11,03,True
RG33-RG34,0.0,False,,,,18,sub-pt11,03,False
RG34-RG35,0.0,False,,,,18,sub-pt11,03,False
RG36-RG37,0.0,False,,,,18,sub-pt11,03,False
RG37-RG38,0.0,False,,,,18,sub-pt11,03,False
RG39-RG40,0.0,False,,,,18,sub-pt11,03,True
RG40-RG41,0.0,False,,,,18,sub-pt11,03,True
RG41-RG42,0.0,False,,,,18,sub-pt11,03,False
RG42-RG43,0.0,False,,,,18,sub-pt11,03,False
RG43-RG44,0.0,False,,,,18,sub-pt11,03,False
RG44-RG45,0.0,False,,,,18,sub-pt11,03,False
RG45-RG46,0.0,False,,,,18,sub-pt11,03,False
RG5-RG6,0.0,False,,,,18,sub-pt11,03,True
RG7-RG8,0.0,False,,,,18,sub-pt11,03,True
RG8-RG9,0.0,False,,,,18,sub-pt11,03,True
RG9-RG10,0.0,False,,,,18,sub-pt11,03,False
RLG8-RLG9,0.0,False,,,,18,sub-pt11,03,False
RLG9-RLG10,0.0,False,,,,18,sub-pt11,03,False
TO1-TO2,1.0,True,10.75,15.0,2.566157059159807,1,sub-pt12,01,False
PST2-PST3,0.17769087339285897,True,14.5,16.5,2.1659177732504435,2,sub-pt12,01,False
AST1-AST2,0.0,False,,,,3,sub-pt12,01,True
AST2-AST3,0.0,False,,,,3,sub-pt12,01,True
AST3-AST4,0.0,False,,,,3,sub-pt12,01,False
G1-G2,0.0,False,,,,3,sub-pt12,01,False
G10-G11,0.0,False,,,,3,sub-pt12,01,False
G11-G12,0.0,False,,,,3,sub-pt12,01,False
G12-G13,0.0,False,,,,3,sub-pt12,01,False
G13-G14,0.0,False,,,,3,sub-pt12,01,False
G14-G15,0.0,False,,,,3,sub-pt12,01,False
G15-G16,0.0,False,,,,3,sub-pt12,01,False
G19-G20,0.0,False,,,,3,sub-pt12,01,False
G2-G3,0.0,False,,,,3,sub-pt12,01,False
G20-G21,0.0,False,,,,3,sub-pt12,01,False
G21-G22,0.0,False,,,,3,sub-pt12,01,False
G22-G23,0.0,False,,,,3,sub-pt12,01,False
G23-G24,0.0,False,,,,3,sub-pt12,01,False
G27-G28,0.0,False,,,,3,sub-pt12,01,False
G28-G29,0.0,False,,,,3,sub-pt12,01,False
G29-G30,0.0,False,,,,3,sub-pt12,01,False
G3-G4,0.0,False,,,,3,sub-pt12,01,False
G30-G31,0.0,False,,,,3,sub-pt12,01,False
G31-G32,0.0,False,,,,3,sub-pt12,01,False
G4-G5,0.0,False,,,,3,sub-pt12,01,False
G5-G6,0.0,False,,,,3,sub-pt12,01,False
G6-G7,0.0,False,,,,3,sub-pt12,01,False
G7-G8,0.0,False,,,,3,sub-pt12,01,False
G8-G9,0.0,False,,,,3,sub-pt12,01,False
G9-G10,0.0,False,,,,3,sub-pt12,01,False
MST1-MST2,0.0,False,,,,3,sub-pt12,01,True
MST2-MST3,0.0,False,,,,3,sub-pt12,01,True
MST3-MST4,0.0,False,,,,3,sub-pt12,01,False
OF1-OF2,0.0,False,,,,3,sub-pt12,01,False
OF2-OF3,0.0,False,,,,3,sub-pt12,01,False
OF3-OF4,0.0,False,,,,3,sub-pt12,01,False
PST1-PST2,0.0,False,,,,3,sub-pt12,01,False
PST3-PST4,0.0,False,,,,3,sub-pt12,01,False
TO2-TO3,0.0,False,,,,3,sub-pt12,01,False
TO3-TO4,0.0,False,,,,3,sub-pt12,01,False
TT1-TT2,0.0,False,,,,3,sub-pt12,01,True
TT2-TT3,0.0,False,,,,3,sub-pt12,01,True
TT3-TT4,0.0,False,,,,3,sub-pt12,01,True
TT4-TT5,0.0,False,,,,3,sub-pt12,01,True
TT5-TT6,0.0,False,,,,3,sub-pt12,01,True
G5-G6,1.0,True,13.0,13.75,1.775283418561767,1,sub-pt12,02,False
AST1-AST2,0.0,False,,,,2,sub-pt12,02,True
AST2-AST3,0.0,False,,,,2,sub-pt12,02,True
AST3-AST4,0.0,False,,,,2,sub-pt12,02,False
G1-G2,0.0,False,,,,2,sub-pt12,02,False
G10-G11,0.0,False,,,,2,sub-pt12,02,False
G11-G12,0.0,False,,,,2,sub-pt12,02,False
G12-G13,0.0,False,,,,2,sub-pt12,02,False
G13-G14,0.0,False,,,,2,sub-pt12,02,False
G14-G15,0.0,False,,,,2,sub-pt12,02,False
G15-G16,0.0,False,,,,2,sub-pt12,02,False
G19-G20,0.0,False,,,,2,sub-pt12,02,False
G2-G3,0.0,False,,,,2,sub-pt12,02,False
G20-G21,0.0,False,,,,2,sub-pt12,02,False
G21-G22,0.0,False,,,,2,sub-pt12,02,False
G22-G23,0.0,False,,,,2,sub-pt12,02,False
G23-G24,0.0,False,,,,2,sub-pt12,02,False
G27-G28,0.0,False,,,,2,sub-pt12,02,False
G28-G29,0.0,False,,,,2,sub-pt12,02,False
G29-G30,0.0,False,,,,2,sub-pt12,02,False
G3-G4,0.0,False,,,,2,sub-pt12,02,False
G30-G31,0.0,False,,,,2,sub-pt12,02,False
G31-G32,0.0,False,,,,2,sub-pt12,02,False
G4-G5,0.0,False,,,,2,sub-pt12,02,False
G6-G7,0.0,False,,,,2,sub-pt12,02,False
G7-G8,0.0,False,,,,2,sub-pt12,02,False
G8-G9,0.0,False,,,,2,sub-pt12,02,False
G9-G10,0.0,False,,,,2,sub-pt12,02,False
MST1-MST2,0.0,False,,,,2,sub-pt12,02,True
MST2-MST3,0.0,False,,,,2,sub-pt12,02,True
MST3-MST4,0.0,False,,,,2,sub-pt12,02,False
OF1-OF2,0.0,False,,,,2,sub-pt12,02,False
OF2-OF3,0.0,False,,,,2,sub-pt12,02,False
OF3-OF4,0.0,False,,,,2,sub-pt12,02,False
PST1-PST2,0.0,False,,,,2,sub-pt12,02,False
PST2-PST3,0.0,False,,,,2,sub-pt12,02,False
PST3-PST4,0.0,False,,,,2,sub-pt12,02,False
TO1-TO2,0.0,False,,,,2,sub-pt12,02,False
TO2-TO3,0.0,False,,,,2,sub-pt12,02,False
TO3-TO4,0.0,False,,,,2,sub-pt12,02,False
TT1-TT2,0.0,False,,,,2,sub-pt12,02,True
TT2-TT3,0.0,False,,,,2,sub-pt12,02,True
TT3-TT4,0.0,False,,,,2,sub-pt12,02,True
TT4-TT5,0.0,False,,,,2,sub-pt12,02,True
TT5-TT6,0.0,False,,,,2,sub-pt12,02,True
LPPIH4-LPPIH5,1.0,True,-9.0,-8.25,3.3572353702783992,1,sub-pt13,01,False
LPPIH2-LPPIH3,0.9340706132200388,True,-9.25,-8.25,2.5087159208319587,2,sub-pt13,01,False
G8-G9,0.37925615509073685,True,-0.25,0.5,10.186017426131295,3,sub-pt13,01,True
G9-G10,0.2542219688011175,True,-0.5,0.5,6.657167287375202,4,sub-pt13,01,True
G17-G18,0.17355042091636433,True,-0.25,1.25,4.66119689301698,5,sub-pt13,01,True
RMIH1-RMIH2,0.16975830243171022,True,-4.75,-1.75,2.5076417402174824,6,sub-pt13,01,False
G1-G2,0.14491460289504027,True,-0.25,1.25,3.8920994440726213,7,sub-pt13,01,True
G26-G27,0.1412970249814107,True,0.0,2.0,3.889812433858161,8,sub-pt13,01,False
G18-G19,0.1340250681250309,True,-2.5,0.75,2.78971293512262,9,sub-pt13,01,True
G16-G17,0.1268999978035256,True,-0.25,0.75,3.408265288913978,10,sub-pt13,01,True
RPIH5-RPIH6,0.1240231906829837,True,3.75,5.0,4.6634004759517875,11,sub-pt13,01,False
RMIH2-RMIH3,0.11636460338267798,True,-2.5,6.25,2.4221128464134125,12,sub-pt13,01,False
G24-G25,0.09698229252909141,True,-1.0,8.0,2.4093836324932063,13,sub-pt13,01,False
G2-G3,0.09696472947400898,True,-0.25,1.25,2.604267355676955,14,sub-pt13,01,True
G27-G28,0.09606273177664326,True,0.0,4.25,2.644542647266131,15,sub-pt13,01,False
G19-G20,0.09560260497677,True,-0.25,6.5,2.5676835753501277,16,sub-pt13,01,False
G28-G29,0.09187830663360556,True,2.0,6.75,3.022879587757926,17,sub-pt13,01,False
MF5-MF6,0.09120751006338909,True,5.25,7.0,3.796942977365928,18,sub-pt13,01,False
G57-G58,0.08671286225429091,True,5.25,6.0,3.609832053905484,19,sub-pt13,01,False
G34-G35,0.08513966941247196,True,4.75,6.25,3.4300069147843297,20,sub-pt13,01,False
G10-G11,0.0841497833968366,True,0.0,8.25,2.3165871596132317,21,sub-pt13,01,True
G49-G50,0.08296876366175034,True,5.25,6.0,3.4539662831193674,22,sub-pt13,01,False
G51-G52,0.08263287754428898,True,3.75,6.0,3.107081815483191,23,sub-pt13,01,False
G36-G37,0.08128065366997783,True,0.25,6.0,2.2921775975296663,24,sub-pt13,01,False
G61-G62,0.07754347490577083,True,5.5,7.5,3.280179378268161,25,sub-pt13,01,False
G20-G21,0.07623180800619823,True,3.75,7.5,2.8663949684012247,26,sub-pt13,01,False
G35-G36,0.07448399249126932,True,0.25,5.25,2.1005064705344165,27,sub-pt13,01,False
G29-G30,0.07205070884988767,True,4.75,5.75,2.902694258453685,28,sub-pt13,01,False
G54-G55,0.06838232826422337,True,5.5,8.25,2.8926521964980516,29,sub-pt13,01,False
G3-G4,0.06773560551257166,True,5.0,7.75,2.774333321979167,30,sub-pt13,01,False
G48-G49,0.06644570970542318,True,4.75,6.25,2.676886641915569,31,sub-pt13,01,False
G52-G53,0.06596007826336808,True,5.25,6.75,2.7458994963741734,32,sub-pt13,01,False
G45-G46,0.06427399393928046,True,5.5,8.5,2.7188648656093486,33,sub-pt13,01,False
RPIH4-RPIH5,0.06244292072084333,True,5.25,10.75,2.5994812176370643,34,sub-pt13,01,False
G55-G56,0.059599264818424716,True,0.25,0.75,1.6807455830844376,35,sub-pt13,01,False
LMIH2-LMIH3,0.059189761057577575,True,5.75,9.0,2.5435386800745783,36,sub-pt13,01,False
G30-G31,0.05905429295718755,True,2.5,8.5,2.022243443043057,37,sub-pt13,01,False
LMIH1-LMIH2,0.05566887021580772,True,15.25,18.0,3.8126274022837263,38,sub-pt13,01,False
G42-G43,0.05480476847126324,True,5.25,6.25,2.281507088928378,39,sub-pt13,01,False
G60-G61,0.05230805585053336,True,5.0,6.5,2.1424475540732844,40,sub-pt13,01,False
G58-G59,0.05076719231092705,True,4.5,6.75,2.0111614813764445,41,sub-pt13,01,False
RAIH4-RAIH5,0.04948438947351577,True,16.25,17.75,3.521971743482928,42,sub-pt13,01,False
MF3-MF4,0.039270553358926374,True,17.0,19.75,2.874122698284444,43,sub-pt13,01,False
MF1-MF2,0.03351900771263536,True,18.0,21.0,2.5432050808905617,44,sub-pt13,01,False
RAIH1-RAIH2,0.03341184439220195,True,16.0,21.25,2.3555999413745057,45,sub-pt13,01,False
LF4-LF5,0.032006745814066484,True,12.5,18.5,1.9556660602477927,46,sub-pt13,01,False
PP4-PP5,0.030871641479542116,True,20.25,21.0,2.5288981478136106,47,sub-pt13,01,False
LPPIH1-LPPIH2,0.030593900385482646,True,16.0,22.0,2.156929414267242,48,sub-pt13,01,False
LF2-LF3,0.03042270520741782,True,18.5,23.0,2.3491321855836067,49,sub-pt13,01,False
MF2-MF3,0.029525202953019112,True,15.0,22.0,2.0022857245041847,50,sub-pt13,01,False
G44-G45,0.029135171795991958,True,27.5,29.0,2.9539716040337836,51,sub-pt13,01,False
LF3-LF4,0.029063297547097935,True,14.5,19.75,1.931932143940444,52,sub-pt13,01,False
RAIH5-RAIH6,0.028907442687877698,True,20.5,25.0,2.387407590778552,53,sub-pt13,01,False
LPPIH3-LPPIH4,0.02879199570679658,True,16.25,19.0,2.0492239349965393,54,sub-pt13,01,False
G53-G54,0.028418410215850762,True,25.75,29.5,2.7477300079795732,55,sub-pt13,01,False
LF1-LF2,0.02602172461505762,True,18.5,24.5,2.0093042482862566,56,sub-pt13,01,False
MF4-MF5,0.025848948563595948,True,17.25,25.75,1.9091820968486495,57,sub-pt13,01,False
PP5-PP6,0.02581116863322637,True,26.0,27.25,2.51297088022695,58,sub-pt13,01,False
AP1-AP2,0.0,False,,,,59,sub-pt13,01,False
AP2-AP3,0.0,False,,,,59,sub-pt13,01,False
AP3-AP4,0.0,False,,,,59,sub-pt13,01,False
AP4-AP5,0.0,False,,,,59,sub-pt13,01,False
AP5-AP6,0.0,False,,,,59,sub-pt13,01,False
FP5-FP6,0.0,False,,,,59,sub-pt13,01,False
G11-G12,0.0,False,,,,59,sub-pt13,01,False
G12-G13,0.0,False,,,,59,sub-pt13,01,False
G13-G14,0.0,False,,,,59,sub-pt13,01,False
G14-G15,0.0,False,,,,59,sub-pt13,01,False
G15-G16,0.0,False,,,,59,sub-pt13,01,False
G21-G22,0.0,False,,,,59,sub-pt13,01,False
G22-G23,0.0,False,,,,59,sub-pt13,01,False
G23-G24,0.0,False,,,,59,sub-pt13,01,False
G25-G26,0.0,False,,,,59,sub-pt13,01,False
G31-G32,0.0,False,,,,59,sub-pt13,01,False
G32-G33,0.0,False,,,,59,sub-pt13,01,False
G33-G34,0.0,False,,,,59,sub-pt13,01,False
G37-G38,0.0,False,,,,59,sub-pt13,01,False
G38-G39,0.0,False,,,,59,sub-pt13,01,False
G39-G40,0.0,False,,,,59,sub-pt13,01,False
G4-G5,0.0,False,,,,59,sub-pt13,01,False
G40-G41,0.0,False,,,,59,sub-pt13,01,False
G41-G42,0.0,False,,,,59,sub-pt13,01,False
G43-G44,0.0,False,,,,59,sub-pt13,01,False
G46-G47,0.0,False,,,,59,sub-pt13,01,False
G47-G48,0.0,False,,,,59,sub-pt13,01,False
G5-G6,0.0,False,,,,59,sub-pt13,01,False
G50-G51,0.0,False,,,,59,sub-pt13,01,False
G56-G57,0.0,False,,,,59,sub-pt13,01,False
G59-G60,0.0,False,,,,59,sub-pt13,01,False
G6-G7,0.0,False,,,,59,sub-pt13,01,False
G7-G8,0.0,False,,,,59,sub-pt13,01,False
LF5-LF6,0.0,False,,,,59,sub-pt13,01,False
LMIH3-LMIH4,0.0,False,,,,59,sub-pt13,01,False
LPPIH5-LPPIH6,0.0,False,,,,59,sub-pt13,01,False
PP1-PP2,0.0,False,,,,59,sub-pt13,01,False
PP2-PP3,0.0,False,,,,59,sub-pt13,01,False
PP3-PP4,0.0,False,,,,59,sub-pt13,01,False
RMIH3-RMIH4,0.0,False,,,,59,sub-pt13,01,False
RPIH3-RPIH4,0.0,False,,,,59,sub-pt13,01,False
RPPIH3-RPPIH4,0.0,False,,,,59,sub-pt13,01,False
RPPIH4-RPPIH5,0.0,False,,,,59,sub-pt13,01,False
RPPIH5-RPPIH6,0.0,False,,,,59,sub-pt13,01,False
LPPIH1-LPPIH2,1.0,True,-8.499999999999993,-7.249999999999993,1.961338955004166,1,sub-pt13,02,False
G44-G45,0.8736502912756705,True,-7.249999999999993,-4.25,3.855429785991845,2,sub-pt13,02,False
G8-G9,0.8498800364925913,True,-1.5,-0.75,13.335222581226239,3,sub-pt13,02,True
LPPIH4-LPPIH5,0.6686559986768591,True,-7.999999999999993,-7.249999999999993,1.9671915865532068,4,sub-pt13,02,False
G61-G62,0.4590311280966993,True,-5.25,-4.0,3.8263414406561393,5,sub-pt13,02,False
G9-G10,0.417713615408926,True,-1.5,-0.75,6.554223887497234,6,sub-pt13,02,True
G10-G11,0.35938618824654045,True,-4.25,-0.75,3.7006101872165957,7,sub-pt13,02,True
G17-G18,0.32402521195766054,True,-1.5,-0.75,5.084186164928326,8,sub-pt13,02,True
G26-G27,0.27904840081862897,True,-1.75,-1.0,4.241640866143245,9,sub-pt13,02,False
G42-G43,0.2626894829352839,True,-5.0,-3.5,2.318504021778931,10,sub-pt13,02,False
G16-G17,0.2511034579303975,True,-1.5,-0.75,3.9399919502011036,11,sub-pt13,02,True
G27-G28,0.2503142125706299,True,-1.25,-0.25,4.0503458828742485,12,sub-pt13,02,False
G37-G38,0.22687496780391034,True,0.25,3.25,4.338542444623969,13,sub-pt13,02,False
G31-G32,0.22568299681286447,True,-4.25,-3.5,2.3238644789385456,14,sub-pt13,02,False
PP3-PP4,0.22352972888859,True,-4.5,-2.75,2.192087824353555,15,sub-pt13,02,False
G36-G37,0.2141456715308011,True,-4.0,-2.75,2.310067361903875,16,sub-pt13,02,False
G18-G19,0.20930886524313203,True,-1.5,1.25,3.284205048232576,17,sub-pt13,02,True
G28-G29,0.20327968074736402,True,-4.5,2.75,1.9935017830530743,18,sub-pt13,02,False
G1-G2,0.20257881911591172,True,-1.25,3.25,3.277937267473934,19,sub-pt13,02,True
RMIH2-RMIH3,0.19007739636513177,True,2.75,5.0,4.566875973969575,20,sub-pt13,02,False
G46-G47,0.1889053216372094,True,0.5,2.25,3.705073661346499,21,sub-pt13,02,False
G6-G7,0.18575604832658782,True,-3.75,-3.25,2.094900798835793,22,sub-pt13,02,False
G33-G34,0.17436859421343082,True,0.5,2.0,3.419959163601156,23,sub-pt13,02,False
G39-G40,0.17334467774760312,True,1.0,4.75,3.569870525644684,24,sub-pt13,02,False
G24-G25,0.1685691501615831,True,4.25,6.0,4.546042061328069,25,sub-pt13,02,False
G25-G26,0.16848593963597863,True,1.0,4.5,3.4698093861745134,26,sub-pt13,02,False
G20-G21,0.1592804905748928,True,0.75,4.25,3.202131067101287,27,sub-pt13,02,False
G19-G20,0.15743788038349688,True,1.75,6.25,3.4738767876311827,28,sub-pt13,02,False
G38-G39,0.1540179863078395,True,0.75,4.75,3.0963351322478525,29,sub-pt13,02,False
G48-G49,0.15135995483809098,True,3.5,5.5,3.8592862834710466,30,sub-pt13,02,False
G29-G30,0.14286564440395733,True,1.75,5.5,3.15233947913911,31,sub-pt13,02,False
G50-G51,0.14062834743205752,True,4.25,4.75,3.792523019949872,32,sub-pt13,02,False
G34-G35,0.13827310819620287,True,3.0,5.0,3.3900054191839795,33,sub-pt13,02,False
G49-G50,0.13555703072580744,True,4.0,4.5,3.589289347327506,34,sub-pt13,02,False
MF5-MF6,0.13419812998334332,True,4.25,6.0,3.619110275344351,35,sub-pt13,02,False
G55-G56,0.13265931443436094,True,0.75,4.5,2.6669462817286482,36,sub-pt13,02,False
G30-G31,0.12847953379239502,True,0.75,7.0,2.5829171241149327,37,sub-pt13,02,False
G45-G46,0.12638282574119872,True,2.25,6.0,2.912584822594165,38,sub-pt13,02,False
RPIH5-RPIH6,0.12434065614257564,True,2.0,4.5,2.804552984706932,39,sub-pt13,02,False
G54-G55,0.12348976924754637,True,2.5,5.5,2.9064635396362566,40,sub-pt13,02,False
G41-G42,0.11776064414008112,True,4.0,4.75,3.1180752726973746,41,sub-pt13,02,False
G12-G13,0.11684357595232919,True,1.75,3.0,2.5781608930195246,42,sub-pt13,02,False
RPIH4-RPIH5,0.11181093308938822,True,0.0,5.75,2.0833418173040217,43,sub-pt13,02,False
G35-G36,0.10903178992098932,True,0.75,5.75,2.191945043285135,44,sub-pt13,02,False
G52-G53,0.10358028250494247,True,3.75,5.25,2.6918175703764606,45,sub-pt13,02,False
G53-G54,0.10061553125009604,True,3.75,5.0,2.6147703821800925,46,sub-pt13,02,False
G40-G41,0.09972646518562456,True,4.0,6.25,2.6405649136813336,47,sub-pt13,02,False
RAIH5-RAIH6,0.09928434155043535,True,4.5,8.5,2.7262234538673047,48,sub-pt13,02,False
G47-G48,0.09847996186321524,True,3.75,4.5,2.559271757737844,49,sub-pt13,02,False
LMIH2-LMIH3,0.09760813674009788,True,4.0,8.5,2.584475652335317,50,sub-pt13,02,False
G32-G33,0.0925054133901,True,0.5,7.5,1.8143447083076698,51,sub-pt13,02,False
G57-G58,0.09165756678899,True,4.0,6.0,2.426916009565918,52,sub-pt13,02,False
RPPIH4-RPPIH5,0.08919122836500189,True,5.5,9.5,2.6240134595542597,53,sub-pt13,02,False
G43-G44,0.08594407472951114,True,4.25,5.25,2.3177750986332146,54,sub-pt13,02,False
G56-G57,0.07173315081670455,True,4.25,5.5,1.9345290671023825,55,sub-pt13,02,False
G15-G16,0.06677883402854781,True,17.0,20.25,3.4708621065736365,56,sub-pt13,02,False
MF2-MF3,0.06597694642500063,True,19.0,21.0,3.6879899219339314,57,sub-pt13,02,False
LMIH1-LMIH2,0.06318092201427905,True,14.5,18.25,2.9740608854324577,58,sub-pt13,02,False
MF3-MF4,0.05588484791248009,True,18.5,21.5,3.0690556177464514,59,sub-pt13,02,False
MF4-MF5,0.04546359727795103,True,20.5,23.75,2.675085731276001,60,sub-pt13,02,False
MF1-MF2,0.04233258491566196,True,19.25,23.0,2.387070751006899,61,sub-pt13,02,False
LPPIH3-LPPIH4,0.03633457149335086,True,22.75,23.5,2.2982772380861967,62,sub-pt13,02,False
LF3-LF4,0.03470510716396738,True,20.75,28.0,2.0590714782030717,63,sub-pt13,02,False
AP1-AP2,0.0,False,,,,64,sub-pt13,02,False
AP2-AP3,0.0,False,,,,64,sub-pt13,02,False
AP3-AP4,0.0,False,,,,64,sub-pt13,02,False
AP4-AP5,0.0,False,,,,64,sub-pt13,02,False
AP5-AP6,0.0,False,,,,64,sub-pt13,02,False
FP5-FP6,0.0,False,,,,64,sub-pt13,02,False
G11-G12,0.0,False,,,,64,sub-pt13,02,False
G13-G14,0.0,False,,,,64,sub-pt13,02,False
G14-G15,0.0,False,,,,64,sub-pt13,02,False
G2-G3,0.0,False,,,,64,sub-pt13,02,True
G21-G22,0.0,False,,,,64,sub-pt13,02,False
G22-G23,0.0,False,,,,64,sub-pt13,02,False
G23-G24,0.0,False,,,,64,sub-pt13,02,False
G3-G4,0.0,False,,,,64,sub-pt13,02,False
G4-G5,0.0,False,,,,64,sub-pt13,02,False
G5-G6,0.0,False,,,,64,sub-pt13,02,False
G51-G52,0.0,False,,,,64,sub-pt13,02,False
G58-G59,0.0,False,,,,64,sub-pt13,02,False
G59-G60,0.0,False,,,,64,sub-pt13,02,False
G60-G61,0.0,False,,,,64,sub-pt13,02,False
G7-G8,0.0,False,,,,64,sub-pt13,02,False
LF1-LF2,0.0,False,,,,64,sub-pt13,02,False
LF2-LF3,0.0,False,,,,64,sub-pt13,02,False
LF4-LF5,0.0,False,,,,64,sub-pt13,02,False
LF5-LF6,0.0,False,,,,64,sub-pt13,02,False
LMIH3-LMIH4,0.0,False,,,,64,sub-pt13,02,False
LPPIH2-LPPIH3,0.0,False,,,,64,sub-pt13,02,False
LPPIH5-LPPIH6,0.0,False,,,,64,sub-pt13,02,False
PP1-PP2,0.0,False,,,,64,sub-pt13,02,False
PP2-PP3,0.0,False,,,,64,sub-pt13,02,False
PP4-PP5,0.0,False,,,,64,sub-pt13,02,False
PP5-PP6,0.0,False,,,,64,sub-pt13,02,False
RAIH1-RAIH2,0.0,False,,,,64,sub-pt13,02,False
RAIH4-RAIH5,0.0,False,,,,64,sub-pt13,02,False
RMIH1-RMIH2,0.0,False,,,,64,sub-pt13,02,False
RMIH3-RMIH4,0.0,False,,,,64,sub-pt13,02,False
RPIH3-RPIH4,0.0,False,,,,64,sub-pt13,02,False
RPPIH3-RPPIH4,0.0,False,,,,64,sub-pt13,02,False
RPPIH5-RPPIH6,0.0,False,,,,64,sub-pt13,02,False
PP2-PP3,1.0,True,-5.499999999999986,-3.999999999999986,2.601452950810375,1,sub-pt13,03,False
G26-G27,0.30141584100795726,True,1.0000000000000142,3.750000000000014,5.88089346758356,2,sub-pt13,03,False
G17-G18,0.27641666802151293,True,-0.2499999999999858,1.5000000000000142,4.494280979235854,3,sub-pt13,03,True
G1-G2,0.2735741554932051,True,-0.4999999999999858,1.2500000000000142,4.270141764439527,4,sub-pt13,03,True
RPIH3-RPIH4,0.25517673670003466,True,1.0000000000000142,5.000000000000014,4.978727059998503,5,sub-pt13,03,False
G9-G10,0.24231025417016316,True,1.4210854715202004e-14,2.000000000000014,4.09733171719679,6,sub-pt13,03,True
G27-G28,0.23437632307529244,True,1.0000000000000142,4.000000000000014,4.57289232948229,7,sub-pt13,03,False
G34-G35,0.21601563183084665,True,3.750000000000014,5.250000000000014,5.760033654187117,8,sub-pt13,03,False
MF5-MF6,0.20402633599734268,True,2.500000000000014,4.750000000000014,4.776884224409845,9,sub-pt13,03,False
G8-G9,0.18286979968963563,True,-1.7499999999999858,3.250000000000014,2.2597041050793476,10,sub-pt13,03,True
G18-G19,0.18167037501837646,True,-0.9999999999999858,3.750000000000014,2.5993381324151055,11,sub-pt13,03,True
G37-G38,0.17643943603350687,True,0.7500000000000142,5.000000000000014,3.3277419634379646,12,sub-pt13,03,False
G48-G49,0.17176637515280951,True,3.750000000000014,5.250000000000014,4.580131970785601,13,sub-pt13,03,False
RMIH2-RMIH3,0.1601170375154413,True,2.750000000000014,5.500000000000014,3.852966692405933,14,sub-pt13,03,False
G10-G11,0.14938052878803174,True,0.5000000000000142,8.250000000000014,2.7202449218646754,15,sub-pt13,03,True
G56-G57,0.14706028297604415,True,0.7500000000000142,5.000000000000014,2.7736354514390316,16,sub-pt13,03,False
RPIH4-RPIH5,0.14527363992341985,True,2.750000000000014,5.750000000000014,3.4957834880971363,17,sub-pt13,03,False
G36-G37,0.13908590197106024,True,3.750000000000014,5.750000000000014,3.708710658512056,18,sub-pt13,03,False
G49-G50,0.13210766106436442,True,4.500000000000014,5.250000000000014,3.780390511706025,19,sub-pt13,03,False
G19-G20,0.1312906199227603,True,1.0000000000000142,4.500000000000014,2.5615977795884115,20,sub-pt13,03,False
RPIH5-RPIH6,0.1267695150768261,True,1.0000000000000142,3.250000000000014,2.473386968020572,21,sub-pt13,03,False
LMIH1-LMIH2,0.12437120401254705,True,2.750000000000014,5.500000000000014,2.9927989799870867,22,sub-pt13,03,False
G25-G26,0.12401905880677636,True,1.0000000000000142,5.250000000000014,2.4197230986721037,23,sub-pt13,03,False
G45-G46,0.11862590534350897,True,5.000000000000014,6.750000000000014,3.5488966822318715,24,sub-pt13,03,False
G28-G29,0.11296203069599445,True,3.750000000000014,7.000000000000014,3.012120432857176,25,sub-pt13,03,False
FP5-FP6,0.10469641750560203,True,0.7500000000000142,2.000000000000014,1.9746303308793696,26,sub-pt13,03,False
G54-G55,0.09948674444417635,True,4.750000000000014,6.750000000000014,2.911613455134227,27,sub-pt13,03,False
G29-G30,0.09886059773318538,True,1.0000000000000142,10.250000000000014,1.928858952689044,28,sub-pt13,03,False
G40-G41,0.09815348360393256,True,4.000000000000014,6.500000000000014,2.6810875303145654,29,sub-pt13,03,False
G16-G17,0.09565219568840476,True,2.750000000000014,8.000000000000014,2.301720852207101,30,sub-pt13,03,True
G42-G43,0.09362705950841622,True,4.750000000000014,6.250000000000014,2.7401218901310145,31,sub-pt13,03,False
G32-G33,0.09263097698452748,True,0.7500000000000142,7.250000000000014,1.74706968099314,32,sub-pt13,03,False
G50-G51,0.08647303311305088,True,5.000000000000014,6.500000000000014,2.586988562310899,33,sub-pt13,03,False
G20-G21,0.0815618088557671,True,4.000000000000014,7.250000000000014,2.227881687373304,34,sub-pt13,03,False
G12-G13,0.07873927981579604,True,4.750000000000014,6.500000000000014,2.3044109829917216,35,sub-pt13,03,False
G53-G54,0.0747707924717635,True,5.250000000000014,8.500000000000014,2.2855242098436674,36,sub-pt13,03,False
G24-G25,0.0744310475447185,True,5.750000000000014,7.750000000000014,2.371953636272162,37,sub-pt13,03,False
G33-G34,0.07228991989279059,True,8.750000000000014,10.250000000000014,2.8678970876389216,38,sub-pt13,03,False
G59-G60,0.062355409674247374,True,22.000000000000014,24.250000000000014,4.623117938137728,39,sub-pt13,03,False
PP3-PP4,0.0536592646509296,True,24.500000000000014,27.250000000000014,4.3273536232987455,40,sub-pt13,03,False
G51-G52,0.04287367217864338,True,22.000000000000014,25.000000000000014,3.1787144685344417,41,sub-pt13,03,False
LMIH3-LMIH4,0.03874358097654344,True,22.750000000000014,25.750000000000014,2.948095889399397,42,sub-pt13,03,False
MF3-MF4,0.03746151320469563,True,23.750000000000014,27.250000000000014,2.947994513062363,43,sub-pt13,03,False
AP5-AP6,0.0365323583002975,True,23.000000000000014,26.750000000000014,2.8035977333609394,44,sub-pt13,03,False
G35-G36,0.036065780995044365,True,25.750000000000014,28.000000000000014,3.0258056946690544,45,sub-pt13,03,False
G52-G53,0.03455456858939357,True,23.250000000000014,27.500000000000014,2.6742895115205076,46,sub-pt13,03,False
G58-G59,0.03431384759490877,True,23.500000000000014,28.000000000000014,2.677975802382987,47,sub-pt13,03,False
G57-G58,0.03129687867607076,True,22.000000000000014,27.500000000000014,2.3203946854160296,48,sub-pt13,03,False
G23-G24,0.03111951203332034,True,22.250000000000014,26.000000000000014,2.3274834591972295,49,sub-pt13,03,False
LF4-LF5,0.030629371069393344,True,23.250000000000014,24.750000000000014,2.3705058155606924,50,sub-pt13,03,False
RAIH4-RAIH5,0.030152454172077577,True,20.500000000000014,25.250000000000014,2.117885153763397,51,sub-pt13,03,False
LMIH2-LMIH3,0.028498839470566816,True,23.000000000000014,27.750000000000014,2.187082506043628,52,sub-pt13,03,False
PP4-PP5,0.028148042047224032,True,22.000000000000014,25.750000000000014,2.0869355007336354,53,sub-pt13,03,False
RMIH3-RMIH4,0.027768199665860825,True,22.500000000000014,26.250000000000014,2.0948922838239143,54,sub-pt13,03,False
G7-G8,0.027758273424283053,True,23.250000000000014,24.250000000000014,2.1483023086928204,55,sub-pt13,03,False
AP4-AP5,0.027325145973179983,True,26.250000000000014,27.500000000000014,2.3280364231615454,56,sub-pt13,03,False
LF5-LF6,0.02727338058107732,True,23.250000000000014,29.000000000000014,2.1107748876387347,57,sub-pt13,03,False
G15-G16,0.026001432157364324,True,22.750000000000014,26.000000000000014,1.9785139455238325,58,sub-pt13,03,False
G6-G7,0.02590537089670851,True,23.000000000000014,26.750000000000014,1.988052305051847,59,sub-pt13,03,False
MF2-MF3,0.02590525080403634,True,23.250000000000014,28.750000000000014,2.0048909115828843,60,sub-pt13,03,False
G43-G44,0.025795124627715663,True,22.750000000000014,28.750000000000014,1.9628154900692993,61,sub-pt13,03,False
LF3-LF4,0.02552140791093043,True,21.500000000000014,29.250000000000014,1.858996773724306,62,sub-pt13,03,False
G22-G23,0.024772980468546972,True,25.750000000000014,29.250000000000014,2.0783752162736855,63,sub-pt13,03,False
LPPIH3-LPPIH4,0.024402892956814696,True,21.750000000000014,28.000000000000014,1.7933941254155326,64,sub-pt13,03,False
G47-G48,0.02417253847684677,True,23.250000000000014,29.750000000000014,1.8707907160878183,65,sub-pt13,03,False
G60-G61,0.02402874595272518,True,22.500000000000014,28.500000000000014,1.8127799098267032,66,sub-pt13,03,False
LPPIH2-LPPIH3,0.023580192239176262,True,17.250000000000014,24.750000000000014,1.4568905661804235,67,sub-pt13,03,False
MF1-MF2,0.022493585104531345,True,20.750000000000014,27.000000000000014,1.594561091137281,68,sub-pt13,03,False
MF4-MF5,0.021434116932172828,True,22.250000000000014,27.250000000000014,1.6030955938099491,69,sub-pt13,03,False
RAIH5-RAIH6,0.020558940026847303,True,19.000000000000014,26.250000000000014,1.3638194375585737,70,sub-pt13,03,False
G14-G15,0.020164835032220236,True,22.000000000000014,28.500000000000014,1.4950492835194522,71,sub-pt13,03,False
AP1-AP2,0.0,False,,,,72,sub-pt13,03,False
AP2-AP3,0.0,False,,,,72,sub-pt13,03,False
AP3-AP4,0.0,False,,,,72,sub-pt13,03,False
G11-G12,0.0,False,,,,72,sub-pt13,03,False
G13-G14,0.0,False,,,,72,sub-pt13,03,False
G2-G3,0.0,False,,,,72,sub-pt13,03,True
G21-G22,0.0,False,,,,72,sub-pt13,03,False
G3-G4,0.0,False,,,,72,sub-pt13,03,False
G30-G31,0.0,False,,,,72,sub-pt13,03,False
G31-G32,0.0,False,,,,72,sub-pt13,03,False
G38-G39,0.0,False,,,,72,sub-pt13,03,False
G39-G40,0.0,False,,,,72,sub-pt13,03,False
G4-G5,0.0,False,,,,72,sub-pt13,03,False
G41-G42,0.0,False,,,,72,sub-pt13,03,False
G44-G45,0.0,False,,,,72,sub-pt13,03,False
G46-G47,0.0,False,,,,72,sub-pt13,03,False
G5-G6,0.0,False,,,,72,sub-pt13,03,False
G55-G56,0.0,False,,,,72,sub-pt13,03,False
G61-G62,0.0,False,,,,72,sub-pt13,03,False
LF1-LF2,0.0,False,,,,72,sub-pt13,03,False
LF2-LF3,0.0,False,,,,72,sub-pt13,03,False
LPPIH1-LPPIH2,0.0,False,,,,72,sub-pt13,03,False
LPPIH4-LPPIH5,0.0,False,,,,72,sub-pt13,03,False
LPPIH5-LPPIH6,0.0,False,,,,72,sub-pt13,03,False
PP1-PP2,0.0,False,,,,72,sub-pt13,03,False
PP5-PP6,0.0,False,,,,72,sub-pt13,03,False
RAIH1-RAIH2,0.0,False,,,,72,sub-pt13,03,False
RMIH1-RMIH2,0.0,False,,,,72,sub-pt13,03,False
RPPIH3-RPPIH4,0.0,False,,,,72,sub-pt13,03,False
RPPIH4-RPPIH5,0.0,False,,,,72,sub-pt13,03,False
RPPIH5-RPPIH6,0.0,False,,,,72,sub-pt13,03,False
TT2-TT3,1.0,True,0.4999999999999858,1.7499999999999858,25.581786605511788,1,sub-pt14,01,True
G11-G12,0.5712887999437983,True,-5.500000000000014,0.4999999999999858,2.0877983100401662,2,sub-pt14,01,False
TT3-TT4,0.3750158903807832,True,2.249999999999986,2.999999999999986,11.991970601746496,3,sub-pt14,01,True
MST1-MST2,0.3226188436857512,True,-0.5000000000000142,1.7499999999999858,7.074142640645016,4,sub-pt14,01,True
TT1-TT2,0.17224521614413546,True,-0.2500000000000142,2.249999999999986,3.9342324671602924,5,sub-pt14,01,True
AST1-AST2,0.12484968286922987,True,-0.7500000000000142,2.749999999999986,2.623542597618163,6,sub-pt14,01,True
G21-G22,0.123429448435942,True,-0.2500000000000142,3.499999999999986,2.8192373310038294,7,sub-pt14,01,False
PT1-PT2,0.10161015997156382,True,0.2499999999999858,6.249999999999986,2.506534806867873,8,sub-pt14,01,False
AST2-AST3,0.09661731163813471,True,-0.5000000000000142,5.999999999999986,2.118551527478565,9,sub-pt14,01,True
MST2-MST3,0.09582305540125491,True,3.499999999999986,5.749999999999986,3.5018927930900525,10,sub-pt14,01,True
PT5-PT6,0.08376879953781595,True,1.7499999999999858,4.249999999999986,2.5256261886149276,11,sub-pt14,01,False
OF2-OF3,0.07021954355283357,True,6.249999999999986,7.749999999999986,3.2719075112127323,12,sub-pt14,01,False
OF1-OF2,0.05089539804242198,True,5.999999999999986,7.999999999999986,2.3249914498639668,13,sub-pt14,01,False
AST3-AST4,0.0,False,,,,14,sub-pt14,01,False
G10-G11,0.0,False,,,,14,sub-pt14,01,False
G12-G13,0.0,False,,,,14,sub-pt14,01,False
G13-G14,0.0,False,,,,14,sub-pt14,01,False
G18-G19,0.0,False,,,,14,sub-pt14,01,False
G19-G20,0.0,False,,,,14,sub-pt14,01,False
G2-G3,0.0,False,,,,14,sub-pt14,01,False
G20-G21,0.0,False,,,,14,sub-pt14,01,False
G27-G28,0.0,False,,,,14,sub-pt14,01,False
G28-G29,0.0,False,,,,14,sub-pt14,01,False
G29-G30,0.0,False,,,,14,sub-pt14,01,False
G3-G4,0.0,False,,,,14,sub-pt14,01,False
G30-G31,0.0,False,,,,14,sub-pt14,01,False
G31-G32,0.0,False,,,,14,sub-pt14,01,False
LF1-LF2,0.0,False,,,,14,sub-pt14,01,False
LF2-LF3,0.0,False,,,,14,sub-pt14,01,False
LF3-LF4,0.0,False,,,,14,sub-pt14,01,False
LF4-LF5,0.0,False,,,,14,sub-pt14,01,False
LF5-LF6,0.0,False,,,,14,sub-pt14,01,False
MST3-MST4,0.0,False,,,,14,sub-pt14,01,False
OF3-OF4,0.0,False,,,,14,sub-pt14,01,False
PPST1-PPST2,0.0,False,,,,14,sub-pt14,01,False
PPST2-PPST3,0.0,False,,,,14,sub-pt14,01,False
PPST3-PPST4,0.0,False,,,,14,sub-pt14,01,False
PST1-PST2,0.0,False,,,,14,sub-pt14,01,False
PST2-PST3,0.0,False,,,,14,sub-pt14,01,False
PT4-PT5,0.0,False,,,,14,sub-pt14,01,False
TT4-TT5,0.0,False,,,,14,sub-pt14,01,False
TT5-TT6,0.0,False,,,,14,sub-pt14,01,False
TT2-TT3,1.0,True,-5.999999999999986,-5.499999999999986,4.264652059534635,1,sub-pt14,02,True
MST1-MST2,0.9248562122351877,True,-6.249999999999986,-5.499999999999986,3.1553519602257554,2,sub-pt14,02,True
TT1-TT2,0.1343707121415173,True,-0.4999999999999858,0.2500000000000142,3.0944394050874693,3,sub-pt14,02,True
G12-G13,0.10927599489303447,True,-1.2499999999999858,3.250000000000014,2.236915664055723,4,sub-pt14,02,False
TT4-TT5,0.05170395133361166,True,21.500000000000014,22.000000000000014,5.071485338442206,5,sub-pt14,02,False
TT3-TT4,0.03491131954498619,True,16.250000000000014,21.250000000000014,2.799031059013626,6,sub-pt14,02,True
LF4-LF5,0.028517498050163837,True,19.250000000000014,21.750000000000014,2.5782847839990106,7,sub-pt14,02,False
LF2-LF3,0.024738729644857346,True,23.500000000000014,25.000000000000014,2.5953510285232,8,sub-pt14,02,False
G11-G12,0.024484581213145826,True,26.500000000000014,27.750000000000014,2.8192919318321055,9,sub-pt14,02,False
AST1-AST2,0.0,False,,,,10,sub-pt14,02,True
AST2-AST3,0.0,False,,,,10,sub-pt14,02,True
AST3-AST4,0.0,False,,,,10,sub-pt14,02,False
G10-G11,0.0,False,,,,10,sub-pt14,02,False
G13-G14,0.0,False,,,,10,sub-pt14,02,False
G18-G19,0.0,False,,,,10,sub-pt14,02,False
G19-G20,0.0,False,,,,10,sub-pt14,02,False
G2-G3,0.0,False,,,,10,sub-pt14,02,False
G20-G21,0.0,False,,,,10,sub-pt14,02,False
G21-G22,0.0,False,,,,10,sub-pt14,02,False
G27-G28,0.0,False,,,,10,sub-pt14,02,False
G28-G29,0.0,False,,,,10,sub-pt14,02,False
G29-G30,0.0,False,,,,10,sub-pt14,02,False
G3-G4,0.0,False,,,,10,sub-pt14,02,False
G30-G31,0.0,False,,,,10,sub-pt14,02,False
G31-G32,0.0,False,,,,10,sub-pt14,02,False
LF1-LF2,0.0,False,,,,10,sub-pt14,02,False
LF3-LF4,0.0,False,,,,10,sub-pt14,02,False
LF5-LF6,0.0,False,,,,10,sub-pt14,02,False
MST2-MST3,0.0,False,,,,10,sub-pt14,02,True
MST3-MST4,0.0,False,,,,10,sub-pt14,02,False
OF1-OF2,0.0,False,,,,10,sub-pt14,02,False
OF2-OF3,0.0,False,,,,10,sub-pt14,02,False
OF3-OF4,0.0,False,,,,10,sub-pt14,02,False
PPST1-PPST2,0.0,False,,,,10,sub-pt14,02,False
PPST2-PPST3,0.0,False,,,,10,sub-pt14,02,False
PPST3-PPST4,0.0,False,,,,10,sub-pt14,02,False
PST1-PST2,0.0,False,,,,10,sub-pt14,02,False
PST2-PST3,0.0,False,,,,10,sub-pt14,02,False
PT1-PT2,0.0,False,,,,10,sub-pt14,02,False
PT4-PT5,0.0,False,,,,10,sub-pt14,02,False
PT5-PT6,0.0,False,,,,10,sub-pt14,02,False
TT5-TT6,0.0,False,,,,10,sub-pt14,02,False
TT2-TT3,1.0,True,-6.749999999999986,-4.249999999999986,2.55934276328169,1,sub-pt14,03,True
TT3-TT4,0.5794196918708844,True,0.5000000000000142,1.2500000000000142,12.234202161164399,2,sub-pt14,03,True
MST2-MST3,0.5124116280908455,True,-5.999999999999986,-2.999999999999986,2.2950147363074644,3,sub-pt14,03,True
PT1-PT2,0.4978112324212993,True,-5.499999999999986,-0.9999999999999858,2.8666565441500316,4,sub-pt14,03,False
PPST2-PPST3,0.26342345298415165,True,-3.749999999999986,0.7500000000000142,2.696763632294652,5,sub-pt14,03,False
MST1-MST2,0.2164611043609988,True,0.5000000000000142,1.0000000000000142,4.5704848280708505,6,sub-pt14,03,True
TT4-TT5,0.2141430147524982,True,0.7500000000000142,1.7500000000000142,4.658555688470108,7,sub-pt14,03,False
MST3-MST4,0.1862316641204183,True,-0.4999999999999858,2.750000000000014,3.4555722984886166,8,sub-pt14,03,False
TT1-TT2,0.12489401965503442,True,0.5000000000000142,5.250000000000014,2.6370844943955065,9,sub-pt14,03,True
PPST3-PPST4,0.09989582299855206,True,-0.4999999999999858,9.000000000000014,1.8535904746322427,10,sub-pt14,03,False
TT5-TT6,0.06527897086877761,True,5.750000000000014,7.750000000000014,2.25546203278101,11,sub-pt14,03,False
AST2-AST3,0.049479530098159474,True,13.750000000000014,15.500000000000014,2.7226541616770144,12,sub-pt14,03,True
PST2-PST3,0.0331599719504447,True,23.500000000000014,27.250000000000014,2.6521166950623267,13,sub-pt14,03,False
AST3-AST4,0.03095695504636778,True,24.750000000000014,29.750000000000014,2.574957413312634,14,sub-pt14,03,False
AST1-AST2,0.0,False,,,,15,sub-pt14,03,True
G10-G11,0.0,False,,,,15,sub-pt14,03,False
G11-G12,0.0,False,,,,15,sub-pt14,03,False
G12-G13,0.0,False,,,,15,sub-pt14,03,False
G13-G14,0.0,False,,,,15,sub-pt14,03,False
G18-G19,0.0,False,,,,15,sub-pt14,03,False
G19-G20,0.0,False,,,,15,sub-pt14,03,False
G2-G3,0.0,False,,,,15,sub-pt14,03,False
G20-G21,0.0,False,,,,15,sub-pt14,03,False
G21-G22,0.0,False,,,,15,sub-pt14,03,False
G27-G28,0.0,False,,,,15,sub-pt14,03,False
G28-G29,0.0,False,,,,15,sub-pt14,03,False
G29-G30,0.0,False,,,,15,sub-pt14,03,False
G3-G4,0.0,False,,,,15,sub-pt14,03,False
G30-G31,0.0,False,,,,15,sub-pt14,03,False
G31-G32,0.0,False,,,,15,sub-pt14,03,False
LF1-LF2,0.0,False,,,,15,sub-pt14,03,False
LF2-LF3,0.0,False,,,,15,sub-pt14,03,False
LF3-LF4,0.0,False,,,,15,sub-pt14,03,False
LF4-LF5,0.0,False,,,,15,sub-pt14,03,False
LF5-LF6,0.0,False,,,,15,sub-pt14,03,False
OF1-OF2,0.0,False,,,,15,sub-pt14,03,False
OF2-OF3,0.0,False,,,,15,sub-pt14,03,False
OF3-OF4,0.0,False,,,,15,sub-pt14,03,False
PPST1-PPST2,0.0,False,,,,15,sub-pt14,03,False
PST1-PST2,0.0,False,,,,15,sub-pt14,03,False
PT4-PT5,0.0,False,,,,15,sub-pt14,03,False
PT5-PT6,0.0,False,,,,15,sub-pt14,03,False
AST1-AST2,1.0,True,-8.25,-6.5,11.803016963588254,1,sub-pt15,01,True
TT2-TT3,0.3740869158656143,True,-8.5,-4.25,3.532283371054606,2,sub-pt15,01,True
TT1-TT2,0.29787559637889754,True,-3.75,-3.25,16.17282129865584,3,sub-pt15,01,True
TT3-TT4,0.26457939820765586,True,-4.75,-3.0,11.866773475991549,4,sub-pt15,01,True
G15-G16,0.22251959386791917,True,-8.25,-6.75,2.6264025411538188,5,sub-pt15,01,False
MST1-MST2,0.2132555274208015,True,-6.75,-3.25,5.5375289369986955,6,sub-pt15,01,True
LIF1-LIF2,0.18941131949211934,True,-8.0,-7.25,2.682750020473343,7,sub-pt15,01,False
AST2-AST3,0.17084753337789296,True,-7.75,-7.0,2.8231228685050733,8,sub-pt15,01,True
G3-G4,0.15176301787853236,True,-0.5,1.0,12.897082616152787,9,sub-pt15,01,True
LIF4-LIF5,0.11712626678164774,True,-5.25,-2.5,4.700307266598875,10,sub-pt15,01,False
G11-G12,0.10882565431115752,True,-3.5,-0.75,6.16546101075928,11,sub-pt15,01,True
G4-G5,0.1017168878007886,True,0.0,1.5,9.124302756690444,12,sub-pt15,01,True
TP3-TP4,0.097692287950933,True,-5.75,-1.0,3.4591911956898316,13,sub-pt15,01,False
G27-G28,0.09734187137978031,True,1.0,2.5,9.650993176968973,14,sub-pt15,01,False
MST2-MST3,0.08396835306132754,True,-1.25,1.25,6.541127310876949,15,sub-pt15,01,True
AST3-AST4,0.08061550785858387,True,-0.5,1.25,6.850844688838663,16,sub-pt15,01,True
TP5-TP6,0.071646664174651,True,-4.75,-0.25,3.213457812024083,17,sub-pt15,01,False
MST3-MST4,0.067195140511726,True,-0.25,1.5,5.868979836646426,18,sub-pt15,01,False
G13-G14,0.05982057193578367,True,-5.25,3.0,2.400614966120661,19,sub-pt15,01,True
G12-G13,0.049611403894646536,True,-2.0,-0.75,3.5133854505356488,20,sub-pt15,01,True
PPST3-PPST4,0.04202709596542572,True,-1.25,1.0,3.2739070756277906,21,sub-pt15,01,False
G31-G32,0.040984375999163214,True,-1.5,3.0,3.0959314250252974,22,sub-pt15,01,False
G20-G21,0.03991295130903093,True,1.5,2.5,4.145620524032804,23,sub-pt15,01,False
G5-G6,0.03864499700626882,True,-0.75,0.25,3.1928928865596573,24,sub-pt15,01,True
OF3-OF4,0.036767114787545636,True,-3.0,4.75,2.2566069736059076,25,sub-pt15,01,False
G28-G29,0.03622126392807506,True,4.0,5.0,4.617218079925314,26,sub-pt15,01,False
LIF5-LIF6,0.03334487726407188,True,8.0,10.25,5.509982127952521,27,sub-pt15,01,False
G7-G8,0.029813593952631907,True,1.0,3.75,2.9558789834149515,28,sub-pt15,01,False
LIF3-LIF4,0.028501561797077527,True,-1.0,10.25,2.2875500381817218,29,sub-pt15,01,False
G21-G22,0.02710895817328743,True,1.5,4.0,2.8157139400237403,30,sub-pt15,01,False
PPST1-PPST2,0.02503385620247685,True,10.75,14.0,4.786695476634186,31,sub-pt15,01,False
G14-G15,0.02487705764723759,True,4.0,7.25,3.171142800876688,32,sub-pt15,01,False
G6-G7,0.02341378507282815,True,1.0,6.5,2.321367740129761,33,sub-pt15,01,False
G29-G30,0.017287405389681956,True,1.75,7.25,1.8363918516375883,34,sub-pt15,01,False
G30-G31,0.015526919091148107,True,20.0,22.0,4.325041950431968,35,sub-pt15,01,False
G23-G24,0.014226697440721659,True,11.5,14.25,2.821021580641746,36,sub-pt15,01,False
TO4-TO5,0.014071460508825252,True,12.5,15.25,2.923108092751029,37,sub-pt15,01,False
G19-G20,0.01388704245544287,True,17.25,20.75,3.507652550259177,38,sub-pt15,01,False
TO3-TO4,0.012555805233160664,True,10.75,11.5,2.400781390967789,39,sub-pt15,01,False
LSF4-LSF5,0.0096144648812316,True,27.0,29.25,3.3136070089988032,40,sub-pt15,01,False
PPST2-PPST3,0.009297967974992237,True,20.25,24.0,2.6119089549104624,41,sub-pt15,01,False
G22-G23,0.0063511473154387165,True,19.0,24.75,1.7091495486540627,42,sub-pt15,01,False
PST1-PST2,0.0056519717787187835,True,24.5,30.0,1.8145206708687645,43,sub-pt15,01,False
LIF2-LIF3,0.0,False,,,,44,sub-pt15,01,False
LSF1-LSF2,0.0,False,,,,44,sub-pt15,01,False
LSF2-LSF3,0.0,False,,,,44,sub-pt15,01,False
LSF3-LSF4,0.0,False,,,,44,sub-pt15,01,False
LSF5-LSF6,0.0,False,,,,44,sub-pt15,01,False
LSF6-LSF7,0.0,False,,,,44,sub-pt15,01,False
TO1-TO2,0.0,False,,,,44,sub-pt15,01,False
TO2-TO3,0.0,False,,,,44,sub-pt15,01,False
TO5-TO6,0.0,False,,,,44,sub-pt15,01,False
TP1-TP2,0.0,False,,,,44,sub-pt15,01,False
TP2-TP3,0.0,False,,,,44,sub-pt15,01,False
TP4-TP5,0.0,False,,,,44,sub-pt15,01,False
LSF5-LSF6,1.0,True,-7.750000000000014,-6.750000000000028,3.5578750881930263,1,sub-pt15,02,False
AST2-AST3,0.3663641991410951,True,25.24999999999997,26.24999999999997,44.31825394921627,2,sub-pt15,02,True
MST1-MST2,0.24913055854695554,True,22.24999999999997,23.74999999999997,27.477637646816635,3,sub-pt15,02,True
TO1-TO2,0.1861189821688557,True,-1.5000000000000284,-0.7500000000000284,4.80086365321349,4,sub-pt15,02,False
G21-G22,0.1623418794665051,True,-3.2500000000000284,-1.7500000000000284,3.176756707983716,5,sub-pt15,02,False
TP4-TP5,0.13766498140315006,True,-3.2500000000000284,1.7499999999999716,2.693871443179524,6,sub-pt15,02,False
G3-G4,0.11320857424234083,True,25.49999999999997,27.24999999999997,13.795282337783618,7,sub-pt15,02,True
TP5-TP6,0.10978694466432445,True,-0.2500000000000284,1.2499999999999716,3.3201700011552178,8,sub-pt15,02,False
TT1-TT2,0.1078310115360763,True,22.99999999999997,25.99999999999997,12.180864312303822,9,sub-pt15,02,True
LIF1-LIF2,0.072603862483112,True,1.7499999999999716,2.7499999999999716,2.712312473170189,10,sub-pt15,02,False
LSF1-LSF2,0.07043709103748476,True,3.4999999999999716,4.999999999999972,3.069928050716375,11,sub-pt15,02,False
G4-G5,0.06256481033180489,True,26.74999999999997,27.99999999999997,7.902221192735281,12,sub-pt15,02,True
MST3-MST4,0.05644271788316614,True,25.99999999999997,27.99999999999997,6.978360860358225,13,sub-pt15,02,False
MST2-MST3,0.05562209850440021,True,26.99999999999997,27.49999999999997,7.074799110730209,14,sub-pt15,02,True
LSF3-LSF4,0.05382534466193023,True,6.749999999999972,8.499999999999972,2.9683097197343153,15,sub-pt15,02,False
G27-G28,0.05207269001435454,True,24.49999999999997,27.49999999999997,6.1601652086942185,16,sub-pt15,02,False
PPST1-PPST2,0.04678094742618338,True,11.749999999999972,12.499999999999972,3.41203573271855,17,sub-pt15,02,False
AST1-AST2,0.04279758728702823,True,17.74999999999997,20.49999999999997,4.035114445547032,18,sub-pt15,02,True
G12-G13,0.04006879355370627,True,24.99999999999997,26.74999999999997,4.811391980955476,19,sub-pt15,02,True
G19-G20,0.03982103993114813,True,12.499999999999972,16.99999999999997,3.010663576585646,20,sub-pt15,02,False
G20-G21,0.03831369636841272,True,12.749999999999972,16.74999999999997,2.9307799356839936,21,sub-pt15,02,False
LIF4-LIF5,0.036004419892377806,True,12.749999999999972,17.24999999999997,2.7541334148985457,22,sub-pt15,02,False
G31-G32,0.02928550259336054,True,25.99999999999997,26.74999999999997,3.6207470642440063,23,sub-pt15,02,False
G11-G12,0.028052226729996688,True,11.499999999999972,11.999999999999972,2.0210779526827025,24,sub-pt15,02,True
G29-G30,0.02804369712146219,True,17.99999999999997,19.24999999999997,2.66900723412826,25,sub-pt15,02,False
TT3-TT4,0.027078115445521505,True,17.99999999999997,23.74999999999997,2.577109776133855,26,sub-pt15,02,True
AST3-AST4,0.024950337926118765,True,19.24999999999997,24.74999999999997,2.4855652009813958,27,sub-pt15,02,True
G5-G6,0.023411346498153428,True,17.99999999999997,18.99999999999997,2.2281317935228384,28,sub-pt15,02,True
TT2-TT3,0.01932273478710596,True,17.24999999999997,22.74999999999997,1.7874447951049313,29,sub-pt15,02,True
G13-G14,0.0,False,,,,30,sub-pt15,02,True
G14-G15,0.0,False,,,,30,sub-pt15,02,False
G15-G16,0.0,False,,,,30,sub-pt15,02,False
G22-G23,0.0,False,,,,30,sub-pt15,02,False
G23-G24,0.0,False,,,,30,sub-pt15,02,False
G28-G29,0.0,False,,,,30,sub-pt15,02,False
G30-G31,0.0,False,,,,30,sub-pt15,02,False
G6-G7,0.0,False,,,,30,sub-pt15,02,False
G7-G8,0.0,False,,,,30,sub-pt15,02,False
LIF2-LIF3,0.0,False,,,,30,sub-pt15,02,False
LIF3-LIF4,0.0,False,,,,30,sub-pt15,02,False
LIF5-LIF6,0.0,False,,,,30,sub-pt15,02,False
LSF2-LSF3,0.0,False,,,,30,sub-pt15,02,False
LSF4-LSF5,0.0,False,,,,30,sub-pt15,02,False
LSF6-LSF7,0.0,False,,,,30,sub-pt15,02,False
OF3-OF4,0.0,False,,,,30,sub-pt15,02,False
PPST2-PPST3,0.0,False,,,,30,sub-pt15,02,False
PPST3-PPST4,0.0,False,,,,30,sub-pt15,02,False
PST1-PST2,0.0,False,,,,30,sub-pt15,02,False
TO2-TO3,0.0,False,,,,30,sub-pt15,02,False
TO3-TO4,0.0,False,,,,30,sub-pt15,02,False
TO4-TO5,0.0,False,,,,30,sub-pt15,02,False
TO5-TO6,0.0,False,,,,30,sub-pt15,02,False
TP1-TP2,0.0,False,,,,30,sub-pt15,02,False
TP2-TP3,0.0,False,,,,30,sub-pt15,02,False
TP3-TP4,0.0,False,,,,30,sub-pt15,02,False
AST2-AST3,1.0,True,0.25,2.5,27.77465415283145,1,sub-pt15,03,True
G3-G4,0.5437807881483879,True,2.5,4.0,19.35113301114996,2,sub-pt15,03,True
LIF2-LIF3,0.5350282474588814,True,-6.0,-4.75,3.2506741170675517,3,sub-pt15,03,False
AST1-AST2,0.4147886468193532,True,-4.75,-2.5,4.320229204473182,4,sub-pt15,03,True
AST3-AST4,0.3785430429243775,True,-6.75,0.25,1.3142377623981267,5,sub-pt15,03,True
TT2-TT3,0.3385187990652605,True,-3.5,-0.25,4.994941364393147,6,sub-pt15,03,True
TT3-TT4,0.2477180928148798,True,-5.5,0.0,1.9350799749372058,7,sub-pt15,03,True
PPST3-PPST4,0.14971969556113313,True,2.75,4.0,5.457916752851963,8,sub-pt15,03,False
MST2-MST3,0.13946546780468103,True,2.5,4.5,4.963056578626639,9,sub-pt15,03,True
MST3-MST4,0.1352360497113843,True,3.5,4.25,5.282064154306154,10,sub-pt15,03,False
MST1-MST2,0.13362159045123406,True,-3.25,1.5,2.08760257245055,11,sub-pt15,03,True
G5-G6,0.12982427282017475,True,6.0,6.75,6.197510478196106,12,sub-pt15,03,True
TT1-TT2,0.11564733667797318,True,-2.0,2.75,2.308671560572362,13,sub-pt15,03,True
G4-G5,0.11398837796786954,True,3.5,6.25,4.452170309296606,14,sub-pt15,03,True
G28-G29,0.11323132259336281,True,5.75,7.0,5.307121391003452,15,sub-pt15,03,False
G27-G28,0.09965463317971887,True,-1.25,5.5,2.2488967891763534,16,sub-pt15,03,False
G20-G21,0.0941436302230728,True,5.0,6.75,4.167348289907274,17,sub-pt15,03,False
G31-G32,0.09395089610934414,True,2.25,6.75,3.261817058482039,18,sub-pt15,03,False
G12-G13,0.09150609590767153,True,1.0,5.5,2.7798204948405956,19,sub-pt15,03,True
OF3-OF4,0.0908299477172071,True,5.75,8.25,4.2571750239537565,20,sub-pt15,03,False
TP3-TP4,0.09003625264305946,True,0.0,1.25,2.4225780978036227,21,sub-pt15,03,False
TO5-TO6,0.08664181314920316,True,7.75,9.5,4.662489891074639,22,sub-pt15,03,False
TP5-TP6,0.08604599829537456,True,2.25,5.5,2.9873723048614407,23,sub-pt15,03,False
G11-G12,0.07583715343929853,True,1.75,6.0,2.5012914665951778,24,sub-pt15,03,True
LIF1-LIF2,0.07450324929348459,True,9.75,10.5,4.526598086475322,25,sub-pt15,03,False
G29-G30,0.06287525637074642,True,6.25,8.25,3.0560923758191647,26,sub-pt15,03,False
G21-G22,0.058425717023740255,True,5.25,6.75,2.6369753864440715,27,sub-pt15,03,False
G13-G14,0.05511854651557798,True,2.0,8.75,1.86578262838126,28,sub-pt15,03,True
G19-G20,0.04858810249635926,True,16.250000000000014,17.000000000000014,4.048553228336116,29,sub-pt15,03,False
LIF3-LIF4,0.04479386356577607,True,8.25,9.25,2.488268137417095,30,sub-pt15,03,False
G23-G24,0.04352845049365486,True,5.75,8.0,2.0401666733304715,31,sub-pt15,03,False
LIF4-LIF5,0.04142309725483252,True,5.25,10.75,1.869582325312122,32,sub-pt15,03,False
G22-G23,0.03909999519713053,True,20.250000000000014,24.000000000000014,3.8009609539218516,33,sub-pt15,03,False
G30-G31,0.038997542670550334,True,20.000000000000014,22.750000000000014,3.7571531848067297,34,sub-pt15,03,False
G7-G8,0.03874670262429681,True,27.000000000000014,28.250000000000014,4.674640650887209,35,sub-pt15,03,False
G6-G7,0.03643054898929603,True,16.750000000000014,18.500000000000014,3.098778064999911,36,sub-pt15,03,False
PST1-PST2,0.03579077691110643,True,21.250000000000014,22.750000000000014,3.603527133305834,37,sub-pt15,03,False
TO4-TO5,0.03519339129782301,True,6.25,12.5,1.7105974755840283,38,sub-pt15,03,False
LIF5-LIF6,0.03324540968082425,True,26.500000000000014,28.000000000000014,3.9532195806065658,39,sub-pt15,03,False
PPST2-PPST3,0.02835187416680134,True,20.750000000000014,24.250000000000014,2.8053387172092323,40,sub-pt15,03,False
G14-G15,0.0,False,,,,41,sub-pt15,03,False
G15-G16,0.0,False,,,,41,sub-pt15,03,False
LSF1-LSF2,0.0,False,,,,41,sub-pt15,03,False
LSF2-LSF3,0.0,False,,,,41,sub-pt15,03,False
LSF3-LSF4,0.0,False,,,,41,sub-pt15,03,False
LSF4-LSF5,0.0,False,,,,41,sub-pt15,03,False
LSF5-LSF6,0.0,False,,,,41,sub-pt15,03,False
LSF6-LSF7,0.0,False,,,,41,sub-pt15,03,False
PPST1-PPST2,0.0,False,,,,41,sub-pt15,03,False
TO1-TO2,0.0,False,,,,41,sub-pt15,03,False
TO2-TO3,0.0,False,,,,41,sub-pt15,03,False
TO3-TO4,0.0,False,,,,41,sub-pt15,03,False
TP1-TP2,0.0,False,,,,41,sub-pt15,03,False
TP2-TP3,0.0,False,,,,41,sub-pt15,03,False
TP4-TP5,0.0,False,,,,41,sub-pt15,03,False
AST1-AST2,1.0,True,0.25,2.0,94.05142580484008,1,sub-pt16,01,True
TT4-TT5,0.3027247406983713,True,0.25,1.0,28.471693489082327,2,sub-pt16,01,True
G26-G27,0.24312235640557123,True,-3.0,0.75,5.380236297641522,3,sub-pt16,01,False
AST3-AST4,0.21921407742624166,True,-1.0,1.0,14.553456380068686,4,sub-pt16,01,False
TT3-TT4,0.20354429205986616,True,0.25,2.75,19.143630882667203,5,sub-pt16,01,True
AST2-AST3,0.13309600032756327,True,0.75,1.75,13.990559023226293,6,sub-pt16,01,False
TT5-TT6,0.059692668808600205,True,0.75,2.0,6.274672448197302,7,sub-pt16,01,True
G20-G21,0.050342235228703694,True,23.75,24.75,30.91519112719458,8,sub-pt16,01,False
TT1-TT2,0.040725776020591464,True,10.5,12.0,13.068141382424779,9,sub-pt16,01,True
OF3-OF4,0.035302113755184085,True,10.5,11.25,11.327789393575518,10,sub-pt16,01,False
G5-G6,0.028804039933860916,True,0.5,3.5,2.8684175555850047,11,sub-pt16,01,False
G21-G22,0.025726538003781,True,19.5,21.25,13.379061914478395,12,sub-pt16,01,False
G30-G31,0.024622326852226255,True,19.5,22.75,12.804817942703522,13,sub-pt16,01,False
PST2-PST3,0.024611585303811672,True,2.0,5.0,3.2678889729048515,14,sub-pt16,01,False
G7-G8,0.022638979459321154,True,2.75,3.25,3.3817155303954323,15,sub-pt16,01,False
G31-G32,0.022255838830558723,True,23.0,23.75,13.29793437915597,16,sub-pt16,01,False
G18-G19,0.02148069789152113,True,0.25,2.25,2.0202902639805846,17,sub-pt16,01,False
TT2-TT3,0.020220500314115538,True,2.25,6.25,2.79671600739674,18,sub-pt16,01,True
MST2-MST3,0.018620704273770095,True,10.75,13.0,6.078054317639004,19,sub-pt16,01,False
G27-G28,0.01790325062114967,True,3.5,5.0,2.9714580837538507,20,sub-pt16,01,False
PST1-PST2,0.017588630614728085,True,3.25,7.25,2.8219316371073697,21,sub-pt16,01,False
G19-G20,0.01664332432337427,True,3.75,5.75,2.854422345006911,22,sub-pt16,01,False
G12-G13,0.01574661151194372,True,2.25,7.0,2.177928329842964,23,sub-pt16,01,False
G28-G29,0.012123989641283086,True,12.0,13.0,4.292813222421783,24,sub-pt16,01,False
G23-G24,0.011869425315247551,True,23.0,24.75,7.092019319610254,25,sub-pt16,01,False
MST1-MST2,0.010414769493274776,True,13.5,14.25,4.0333337893521835,26,sub-pt16,01,False
G13-G14,0.009028472874361985,True,19.5,22.0,4.695248834550727,27,sub-pt16,01,False
G29-G30,0.008924727768074703,True,11.75,13.5,3.1106560238218153,28,sub-pt16,01,False
G14-G15,0.008128716292464144,True,22.25,24.25,4.722018971369121,29,sub-pt16,01,False
MST3-MST4,0.007542701615611632,True,11.25,14.0,2.5455007249113786,30,sub-pt16,01,False
OF1-OF2,0.006989851889526353,True,13.25,14.0,2.668293059402825,31,sub-pt16,01,False
G22-G23,0.006846459887237673,True,12.25,14.0,2.462044436304271,32,sub-pt16,01,False
PST3-PST4,0.00451575506731246,True,16.5,17.25,2.048616624625048,33,sub-pt16,01,False
G15-G16,0.0,False,,,,34,sub-pt16,01,False
G4-G5,0.0,False,,,,34,sub-pt16,01,False
G6-G7,0.0,False,,,,34,sub-pt16,01,False
OF2-OF3,0.0,False,,,,34,sub-pt16,01,False
AST1-AST2,1.0,True,1.25,2.75,102.5198780584333,1,sub-pt16,02,True
MST3-MST4,0.3261684235733384,True,-8.25,-7.0,3.1846425725000076,2,sub-pt16,02,False
TT1-TT2,0.1243316411052184,True,12.0,12.5,25.79641662422643,3,sub-pt16,02,True
G21-G22,0.06253415467580191,True,22.75,23.75,19.538267159925088,4,sub-pt16,02,False
G20-G21,0.059475658733694516,True,27.0,28.25,21.05067632665206,5,sub-pt16,02,False
AST2-AST3,0.04932697405647577,True,3.5,5.5,6.140637229245984,6,sub-pt16,02,False
TT4-TT5,0.04157532727967143,True,-2.75,1.75,2.6385651084937054,7,sub-pt16,02,True
AST3-AST4,0.039518054218156455,True,4.25,5.25,5.208924985138228,8,sub-pt16,02,False
G22-G23,0.035664315838164325,True,22.75,24.5,11.143013518525128,9,sub-pt16,02,False
G12-G13,0.032211686211057584,True,-2.75,-1.0,2.044304564351611,10,sub-pt16,02,False
TT3-TT4,0.031467480241892186,True,3.25,5.5,3.8405264728630315,11,sub-pt16,02,True
G13-G14,0.028505035722247562,True,-2.0,-0.75,2.0178012095854063,12,sub-pt16,02,False
G29-G30,0.025721540906282946,True,23.0,25.0,8.09926265707476,13,sub-pt16,02,False
G26-G27,0.02280467141378025,True,13.5,14.5,5.0655196204240145,14,sub-pt16,02,False
OF3-OF4,0.020358132381684872,True,14.75,16.5,4.770544569754915,15,sub-pt16,02,False
TT2-TT3,0.020055153658362045,True,1.0,6.25,2.007098290653219,16,sub-pt16,02,True
MST1-MST2,0.019992026255557294,True,15.5,17.75,4.831153078386008,17,sub-pt16,02,False
G28-G29,0.017211598821917758,True,13.75,15.25,3.86516317004902,18,sub-pt16,02,False
G19-G20,0.016939650846745646,True,13.75,15.0,3.804092533399848,19,sub-pt16,02,False
TT5-TT6,0.015941627279309405,True,13.75,14.75,3.5799690236894532,20,sub-pt16,02,True
G23-G24,0.014949923994395795,True,25.75,27.0,5.10888128296101,21,sub-pt16,02,False
OF1-OF2,0.014787318519151086,True,16.0,17.75,3.645604838829828,22,sub-pt16,02,False
MST2-MST3,0.013844394908599433,True,8.5,13.25,2.3993362648902625,23,sub-pt16,02,False
G30-G31,0.012857487569242484,True,15.0,16.0,3.044294323820154,24,sub-pt16,02,False
OF2-OF3,0.01155724615664247,True,14.75,18.5,2.708222780960647,25,sub-pt16,02,False
G27-G28,0.01146602115987009,True,14.0,15.25,2.60288198749173,26,sub-pt16,02,False
G31-G32,0.010404661996738838,True,15.0,19.0,2.463533663739368,27,sub-pt16,02,False
G18-G19,0.009856904177419898,True,14.25,17.75,2.261659279629964,28,sub-pt16,02,False
G14-G15,0.006632424193734819,True,20.25,25.75,1.9103506597541091,29,sub-pt16,02,False
G15-G16,0.0,False,,,,30,sub-pt16,02,False
G4-G5,0.0,False,,,,30,sub-pt16,02,False
G5-G6,0.0,False,,,,30,sub-pt16,02,False
G6-G7,0.0,False,,,,30,sub-pt16,02,False
G7-G8,0.0,False,,,,30,sub-pt16,02,False
PST1-PST2,0.0,False,,,,30,sub-pt16,02,False
PST2-PST3,0.0,False,,,,30,sub-pt16,02,False
PST3-PST4,0.0,False,,,,30,sub-pt16,02,False
AST1-AST2,1.0,True,-7.0,-6.25,3.3760595347974443,1,sub-pt16,03,True
TT1-TT2,0.7911696302675931,True,-7.25,-6.25,2.1368286191256614,2,sub-pt16,03,True
AST2-AST3,0.5690159516669646,True,-6.75,-6.25,2.305238074892517,3,sub-pt16,03,False
G26-G27,0.29103922032827123,True,0.5,1.0,6.877960143524921,4,sub-pt16,03,False
PST3-PST4,0.2720256579677908,True,-4.75,-1.25,2.571449485616784,5,sub-pt16,03,False
G18-G19,0.2037010515807643,True,0.5,0.75,4.813948142062537,6,sub-pt16,03,False
AST3-AST4,0.16709208208538978,True,0.25,0.75,3.8359671550120544,7,sub-pt16,03,False
TT2-TT3,0.13415472708093612,True,0.75,6.0,3.260983287598152,8,sub-pt16,03,True
TT5-TT6,0.1225407612024906,True,8.25,9.5,5.460904749418868,9,sub-pt16,03,True
TT3-TT4,0.09345710712770396,True,1.5,8.25,2.461030709381955,10,sub-pt16,03,True
OF3-OF4,0.09313319936374904,True,3.25,6.5,2.892693676607221,11,sub-pt16,03,False
MST3-MST4,0.0802850158637596,True,5.25,8.0,2.9273075277286646,12,sub-pt16,03,False
TT4-TT5,0.06022677138693898,True,6.75,10.25,2.439949989491295,13,sub-pt16,03,True
G12-G13,0.0,False,,,,14,sub-pt16,03,False
G13-G14,0.0,False,,,,14,sub-pt16,03,False
G14-G15,0.0,False,,,,14,sub-pt16,03,False
G15-G16,0.0,False,,,,14,sub-pt16,03,False
G19-G20,0.0,False,,,,14,sub-pt16,03,False
G20-G21,0.0,False,,,,14,sub-pt16,03,False
G21-G22,0.0,False,,,,14,sub-pt16,03,False
G22-G23,0.0,False,,,,14,sub-pt16,03,False
G23-G24,0.0,False,,,,14,sub-pt16,03,False
G27-G28,0.0,False,,,,14,sub-pt16,03,False
G28-G29,0.0,False,,,,14,sub-pt16,03,False
G29-G30,0.0,False,,,,14,sub-pt16,03,False
G30-G31,0.0,False,,,,14,sub-pt16,03,False
G31-G32,0.0,False,,,,14,sub-pt16,03,False
G4-G5,0.0,False,,,,14,sub-pt16,03,False
G5-G6,0.0,False,,,,14,sub-pt16,03,False
G6-G7,0.0,False,,,,14,sub-pt16,03,False
G7-G8,0.0,False,,,,14,sub-pt16,03,False
MST1-MST2,0.0,False,,,,14,sub-pt16,03,False
MST2-MST3,0.0,False,,,,14,sub-pt16,03,False
OF1-OF2,0.0,False,,,,14,sub-pt16,03,False
OF2-OF3,0.0,False,,,,14,sub-pt16,03,False
PST1-PST2,0.0,False,,,,14,sub-pt16,03,False
PST2-PST3,0.0,False,,,,14,sub-pt16,03,False
G13-G14,1.0,True,-0.25013900000000433,2.2498509999999925,5.57989576276208,1,sub-pt17,02,False
AST3-AST4,0.8963296209427261,True,-0.7501370000000094,3.2498470000000026,3.334288348342092,2,sub-pt17,02,False
G28-G29,0.7400468592252863,True,-0.25013900000000433,1.99985199999999,4.12938433403656,3,sub-pt17,02,False
G29-G30,0.6897224106497157,True,0.24985900000000072,1.4998539999999991,5.131435454591391,4,sub-pt17,02,False
TT2-TT3,0.6750386180510829,True,-0.5001380000000069,0.24985900000000072,3.1388726112034004,5,sub-pt17,02,True
TT3-TT4,0.616478217763602,True,-0.25013900000000433,3.2498470000000026,3.4398841951342414,6,sub-pt17,02,False
TT5-TT6,0.6041796907350223,True,0.24985900000000072,1.2498549999999966,4.495009931693066,7,sub-pt17,02,False
G27-G28,0.598425259286157,True,-0.00014000000000180535,2.999848,3.895674179321836,8,sub-pt17,02,False
G21-G22,0.5556408053264164,True,-0.00014000000000180535,0.7498570000000058,3.6171526931697207,9,sub-pt17,02,False
AST1-AST2,0.5017476184784992,True,0.7498570000000058,1.2498549999999966,4.66616070662355,10,sub-pt17,02,False
G20-G21,0.4170671335767494,True,-0.00014000000000180535,2.2498509999999925,2.7150552856957226,11,sub-pt17,02,False
AST2-AST3,0.3723985604507473,True,0.7498570000000058,1.4998539999999991,3.4632382217334117,12,sub-pt17,02,False
G12-G13,0.3627579440966646,True,0.9998560000000083,1.7498529999999874,3.7109399463638497,13,sub-pt17,02,False
MST3-MST4,0.31951929335527496,True,0.7498570000000058,3.999843999999996,2.9714707489466563,14,sub-pt17,02,False
G4-G5,0.2922274240874345,True,2.499849999999995,3.499846000000005,4.620021296887819,15,sub-pt17,02,False
G19-G20,0.26700507114689054,True,0.9998560000000083,3.2498470000000026,2.731407541930184,16,sub-pt17,02,False
G5-G6,0.22741755349170542,True,2.499849999999995,3.7498450000000076,3.5953981516239963,17,sub-pt17,02,False
TT1-TT2,0.17542010930716315,True,6.999831999999998,9.99982,5.709805277658,18,sub-pt17,02,True
G7-G8,0.12273020608526386,True,2.999848,11.749813000000003,2.168598273424048,19,sub-pt17,02,False
MST1-MST2,0.11620003892627008,True,13.749804999999995,14.999800000000008,6.699952945739179,20,sub-pt17,02,False
MST2-MST3,0.0739878326448727,True,16.499793999999994,17.749789000000007,5.022927831826388,21,sub-pt17,02,False
PST1-PST2,0.05796229517027201,True,12.499809999999997,14.749801000000005,3.0725165386514455,22,sub-pt17,02,False
G6-G7,0.04900629737103814,True,11.749813000000003,13.24980699999999,2.4610444458353813,23,sub-pt17,02,False
G14-G15,0.0,False,,,,24,sub-pt17,02,False
G15-G16,0.0,False,,,,24,sub-pt17,02,False
G22-G23,0.0,False,,,,24,sub-pt17,02,False
G23-G24,0.0,False,,,,24,sub-pt17,02,False
G30-G31,0.0,False,,,,24,sub-pt17,02,False
G31-G32,0.0,False,,,,24,sub-pt17,02,False
OF1-OF2,0.0,False,,,,24,sub-pt17,02,False
OF2-OF3,0.0,False,,,,24,sub-pt17,02,False
OF3-OF4,0.0,False,,,,24,sub-pt17,02,False
PST2-PST3,0.0,False,,,,24,sub-pt17,02,False
PST3-PST4,0.0,False,,,,24,sub-pt17,02,False
TT4-TT5,0.0,False,,,,24,sub-pt17,02,False
LP1-LP2,1.0,True,-2.25,7.75,1.7524095436699099,1,sub-pt2,01,False
TT1-TT2,0.3478874031808812,True,4.0,4.5,4.419898739561206,2,sub-pt2,01,False
AST1-AST2,0.2952903475708464,True,17.5,18.0,10.737494682162687,3,sub-pt2,01,True
PST1-PST2,0.1671871146207963,True,4.25,5.25,2.1973522143008895,4,sub-pt2,01,True
LP2-LP3,0.15992503767378527,True,4.75,8.0,2.2420332983304894,5,sub-pt2,01,False
MST1-MST2,0.1315728559473296,True,21.5,22.75,5.706595829137665,6,sub-pt2,01,True
TT2-TT3,0.12329702178621416,True,8.75,12.5,2.592802532210862,7,sub-pt2,01,False
TT5-TT6,0.11458867301967797,True,10.0,13.25,2.6606832655990456,8,sub-pt2,01,False
AST2-AST3,0.11170296727204611,True,17.25,18.5,4.012861591027514,9,sub-pt2,01,True
TT3-TT4,0.08303359325673978,True,17.5,19.0,3.0193088713175626,10,sub-pt2,01,False
G15-G16,0.07563984732427416,True,11.25,12.0,1.9220038598254974,11,sub-pt2,01,False
AST3-AST4,0.0,False,,,,12,sub-pt2,01,False
G1-G2,0.0,False,,,,12,sub-pt2,01,False
G10-G11,0.0,False,,,,12,sub-pt2,01,False
G11-G12,0.0,False,,,,12,sub-pt2,01,False
G12-G13,0.0,False,,,,12,sub-pt2,01,False
G13-G14,0.0,False,,,,12,sub-pt2,01,False
G14-G15,0.0,False,,,,12,sub-pt2,01,False
G18-G19,0.0,False,,,,12,sub-pt2,01,False
G19-G20,0.0,False,,,,12,sub-pt2,01,False
G2-G3,0.0,False,,,,12,sub-pt2,01,False
G20-G21,0.0,False,,,,12,sub-pt2,01,False
G21-G22,0.0,False,,,,12,sub-pt2,01,False
G22-G23,0.0,False,,,,12,sub-pt2,01,False
G23-G24,0.0,False,,,,12,sub-pt2,01,False
G26-G27,0.0,False,,,,12,sub-pt2,01,False
G27-G28,0.0,False,,,,12,sub-pt2,01,False
G28-G29,0.0,False,,,,12,sub-pt2,01,False
G29-G30,0.0,False,,,,12,sub-pt2,01,False
G3-G4,0.0,False,,,,12,sub-pt2,01,False
G30-G31,0.0,False,,,,12,sub-pt2,01,False
G31-G32,0.0,False,,,,12,sub-pt2,01,False
G7-G8,0.0,False,,,,12,sub-pt2,01,False
G8-G9,0.0,False,,,,12,sub-pt2,01,False
G9-G10,0.0,False,,,,12,sub-pt2,01,False
LF1-LF2,0.0,False,,,,12,sub-pt2,01,False
LF2-LF3,0.0,False,,,,12,sub-pt2,01,False
LF3-LF4,0.0,False,,,,12,sub-pt2,01,False
LF4-LF5,0.0,False,,,,12,sub-pt2,01,False
LF5-LF6,0.0,False,,,,12,sub-pt2,01,False
LP3-LP4,0.0,False,,,,12,sub-pt2,01,False
LP4-LP5,0.0,False,,,,12,sub-pt2,01,False
LP5-LP6,0.0,False,,,,12,sub-pt2,01,False
MST2-MST3,0.0,False,,,,12,sub-pt2,01,True
MST3-MST4,0.0,False,,,,12,sub-pt2,01,False
OF1-OF2,0.0,False,,,,12,sub-pt2,01,False
OF2-OF3,0.0,False,,,,12,sub-pt2,01,False
OF3-OF4,0.0,False,,,,12,sub-pt2,01,False
PST2-PST3,0.0,False,,,,12,sub-pt2,01,True
PST3-PST4,0.0,False,,,,12,sub-pt2,01,True
TT4-TT5,0.0,False,,,,12,sub-pt2,01,False
TT3-TT4,1.0,True,-2.5,1.75,3.0806215403042705,1,sub-pt2,02,False
TT1-TT2,0.9225215232288116,True,-1.75,0.75,4.973394432742721,2,sub-pt2,02,False
TT5-TT6,0.7725759808498464,True,-2.25,0.0,2.97501776015967,3,sub-pt2,02,False
TT2-TT3,0.627990248207136,True,-2.5,4.5,1.9346002857279285,4,sub-pt2,02,False
G3-G4,0.18543206913393048,True,-0.25,2.75,1.8565495859208248,5,sub-pt2,02,False
AST1-AST2,0.17055570085263522,True,4.25,5.0,4.0719861354794755,6,sub-pt2,02,True
MST1-MST2,0.15989895411933175,True,17.75,18.75,10.467498449557924,7,sub-pt2,02,True
AST2-AST3,0.15342561111285638,True,14.0,14.75,8.271309242500703,8,sub-pt2,02,True
G30-G31,0.14855874334784444,True,2.0,3.25,2.5170929561684683,9,sub-pt2,02,False
TT4-TT5,0.08662609022998351,True,5.25,6.25,2.3350442457547493,10,sub-pt2,02,False
PST1-PST2,0.07977812807357089,True,13.25,14.75,4.116584181458971,11,sub-pt2,02,True
PST2-PST3,0.03928486390856216,True,18.5,20.25,2.6624795552220446,12,sub-pt2,02,True
AST3-AST4,0.02564444191707114,True,26.25,30.0,2.35027439972463,13,sub-pt2,02,False
G1-G2,0.0,False,,,,14,sub-pt2,02,False
G10-G11,0.0,False,,,,14,sub-pt2,02,False
G11-G12,0.0,False,,,,14,sub-pt2,02,False
G12-G13,0.0,False,,,,14,sub-pt2,02,False
G13-G14,0.0,False,,,,14,sub-pt2,02,False
G14-G15,0.0,False,,,,14,sub-pt2,02,False
G15-G16,0.0,False,,,,14,sub-pt2,02,False
G18-G19,0.0,False,,,,14,sub-pt2,02,False
G19-G20,0.0,False,,,,14,sub-pt2,02,False
G2-G3,0.0,False,,,,14,sub-pt2,02,False
G20-G21,0.0,False,,,,14,sub-pt2,02,False
G21-G22,0.0,False,,,,14,sub-pt2,02,False
G22-G23,0.0,False,,,,14,sub-pt2,02,False
G23-G24,0.0,False,,,,14,sub-pt2,02,False
G26-G27,0.0,False,,,,14,sub-pt2,02,False
G27-G28,0.0,False,,,,14,sub-pt2,02,False
G28-G29,0.0,False,,,,14,sub-pt2,02,False
G29-G30,0.0,False,,,,14,sub-pt2,02,False
G31-G32,0.0,False,,,,14,sub-pt2,02,False
G7-G8,0.0,False,,,,14,sub-pt2,02,False
G8-G9,0.0,False,,,,14,sub-pt2,02,False
G9-G10,0.0,False,,,,14,sub-pt2,02,False
LF1-LF2,0.0,False,,,,14,sub-pt2,02,False
LF2-LF3,0.0,False,,,,14,sub-pt2,02,False
LF3-LF4,0.0,False,,,,14,sub-pt2,02,False
LF4-LF5,0.0,False,,,,14,sub-pt2,02,False
LF5-LF6,0.0,False,,,,14,sub-pt2,02,False
LP1-LP2,0.0,False,,,,14,sub-pt2,02,False
LP2-LP3,0.0,False,,,,14,sub-pt2,02,False
LP3-LP4,0.0,False,,,,14,sub-pt2,02,False
LP4-LP5,0.0,False,,,,14,sub-pt2,02,False
LP5-LP6,0.0,False,,,,14,sub-pt2,02,False
MST2-MST3,0.0,False,,,,14,sub-pt2,02,True
MST3-MST4,0.0,False,,,,14,sub-pt2,02,False
OF1-OF2,0.0,False,,,,14,sub-pt2,02,False
OF2-OF3,0.0,False,,,,14,sub-pt2,02,False
OF3-OF4,0.0,False,,,,14,sub-pt2,02,False
PST3-PST4,0.0,False,,,,14,sub-pt2,02,True
TT1-TT2,1.0,True,-2.0,1.0,15.344494258623403,1,sub-pt2,03,False
AST1-AST2,0.08158975572213577,True,1.0,4.5,5.007814152963193,2,sub-pt2,03,True
TT2-TT3,0.05362984461688346,True,1.0,4.75,3.2916913712585334,3,sub-pt2,03,False
OF3-OF4,0.03230090059402202,True,2.75,4.0,2.8499356563516822,4,sub-pt2,03,False
TT3-TT4,0.030467574737401856,True,0.75,6.0,1.7531607211209081,5,sub-pt2,03,False
LP1-LP2,0.024844173198016656,True,8.5,9.75,4.3840446394679375,6,sub-pt2,03,False
AST2-AST3,0.022505152276835316,True,2.25,4.75,1.8129834444820605,7,sub-pt2,03,True
MST1-MST2,0.01983178396262264,True,5.0,6.0,2.4344695612217824,8,sub-pt2,03,True
PST2-PST3,0.0190974606993394,True,15.25,16.75,5.347995988009215,9,sub-pt2,03,True
LP3-LP4,0.018161388996055215,True,10.0,12.25,3.622805279321741,10,sub-pt2,03,False
PST1-PST2,0.018019024346300195,True,2.5,9.25,1.5207104859528926,11,sub-pt2,03,True
LP2-LP3,0.01510128246276773,True,8.25,15.0,2.606867348037634,12,sub-pt2,03,False
LP5-LP6,0.013807446094211454,True,12.25,15.5,3.2309912291129166,13,sub-pt2,03,False
MST2-MST3,0.011091109027989246,True,14.25,18.75,2.935733664330139,14,sub-pt2,03,True
LP4-LP5,0.01072215744215555,True,14.5,19.0,2.87920645794621,15,sub-pt2,03,False
TT5-TT6,0.010183768849362092,True,19.25,22.25,3.4768914137441045,16,sub-pt2,03,False
TT4-TT5,0.004859630022711422,True,23.5,25.75,1.9760669720370274,17,sub-pt2,03,False
AST3-AST4,0.0,False,,,,18,sub-pt2,03,False
G1-G2,0.0,False,,,,18,sub-pt2,03,False
G10-G11,0.0,False,,,,18,sub-pt2,03,False
G11-G12,0.0,False,,,,18,sub-pt2,03,False
G12-G13,0.0,False,,,,18,sub-pt2,03,False
G13-G14,0.0,False,,,,18,sub-pt2,03,False
G14-G15,0.0,False,,,,18,sub-pt2,03,False
G15-G16,0.0,False,,,,18,sub-pt2,03,False
G18-G19,0.0,False,,,,18,sub-pt2,03,False
G19-G20,0.0,False,,,,18,sub-pt2,03,False
G2-G3,0.0,False,,,,18,sub-pt2,03,False
G20-G21,0.0,False,,,,18,sub-pt2,03,False
G21-G22,0.0,False,,,,18,sub-pt2,03,False
G22-G23,0.0,False,,,,18,sub-pt2,03,False
G23-G24,0.0,False,,,,18,sub-pt2,03,False
G26-G27,0.0,False,,,,18,sub-pt2,03,False
G27-G28,0.0,False,,,,18,sub-pt2,03,False
G28-G29,0.0,False,,,,18,sub-pt2,03,False
G29-G30,0.0,False,,,,18,sub-pt2,03,False
G3-G4,0.0,False,,,,18,sub-pt2,03,False
G30-G31,0.0,False,,,,18,sub-pt2,03,False
G31-G32,0.0,False,,,,18,sub-pt2,03,False
G7-G8,0.0,False,,,,18,sub-pt2,03,False
G8-G9,0.0,False,,,,18,sub-pt2,03,False
G9-G10,0.0,False,,,,18,sub-pt2,03,False
LF1-LF2,0.0,False,,,,18,sub-pt2,03,False
LF2-LF3,0.0,False,,,,18,sub-pt2,03,False
LF3-LF4,0.0,False,,,,18,sub-pt2,03,False
LF4-LF5,0.0,False,,,,18,sub-pt2,03,False
LF5-LF6,0.0,False,,,,18,sub-pt2,03,False
MST3-MST4,0.0,False,,,,18,sub-pt2,03,False
OF1-OF2,0.0,False,,,,18,sub-pt2,03,False
OF2-OF3,0.0,False,,,,18,sub-pt2,03,False
PST3-PST4,0.0,False,,,,18,sub-pt2,03,True
MFP4-MFP5,1.0,True,-7.0,-6.0,6.774805876424575,1,sub-pt3,01,False
IFP3-IFP4,0.6020063222578033,True,-6.5,-6.0,5.709866357547677,2,sub-pt3,01,True
MFP3-MFP4,0.5939867757877483,True,-7.25,-4.5,3.219316079300259,3,sub-pt3,01,True
FG17-FG18,0.47538534936239535,True,-7.25,-4.75,2.5765147667412043,4,sub-pt3,01,True
FG1-FG2,0.3043172181205532,True,-6.75,-5.75,2.4740280931443634,5,sub-pt3,01,True
IFP2-IFP3,0.24463649383346334,True,-5.5,-3.75,3.6462024632238736,6,sub-pt3,01,True
TT1-TT2,0.21021656939232572,True,-6.25,-4.0,2.2786823194255086,7,sub-pt3,01,False
FG15-FG16,0.1807901609586214,True,-6.0,-3.75,2.2046728407519836,8,sub-pt3,01,True
SFP4-SFP5,0.14394927849595765,True,-3.5,-2.75,3.7058679878736682,9,sub-pt3,01,False
IH2-IH3,0.1209537671774508,True,-3.5,-2.25,3.1138655120680374,10,sub-pt3,01,False
OF1-OF2,0.10934240920833692,True,-2.0,2.75,3.7038679822353076,11,sub-pt3,01,True
SFP1-SFP2,0.0912627355568932,True,1.5,4.5,4.822641073765492,12,sub-pt3,01,True
SFP3-SFP4,0.08584102635301032,True,1.0,3.5,4.303516544332714,13,sub-pt3,01,True
TG18-TG19,0.08107208257506805,True,1.25,4.0,4.174281922970976,14,sub-pt3,01,False
TG30-TG31,0.0712335044854121,True,23.75,25.25,12.354385018523807,15,sub-pt3,01,False
SFP2-SFP3,0.0659225280092408,True,-1.75,3.25,2.322384116757995,16,sub-pt3,01,True
TT3-TT4,0.06572415004399727,True,2.25,4.75,3.7402542067050994,17,sub-pt3,01,False
TG5-TG6,0.05869023427196395,True,15.75,17.25,7.634206925461179,18,sub-pt3,01,False
OF3-OF4,0.05847241903651255,True,0.0,1.75,2.6145193014423476,19,sub-pt3,01,True
TG29-TG30,0.057577559366730535,True,21.75,24.25,9.36184290114986,20,sub-pt3,01,False
TT2-TT3,0.05730178608479386,True,21.0,23.75,9.084078364067118,21,sub-pt3,01,False
MFP2-MFP3,0.053849365018535156,True,2.25,3.25,3.064479554382153,22,sub-pt3,01,True
TG19-TG20,0.0536271131108424,True,23.25,24.75,9.155494682183317,23,sub-pt3,01,False
TG26-TG27,0.04813354750020739,True,24.25,25.25,8.478481451896728,24,sub-pt3,01,False
IH1-IH2,0.04022883405977032,True,17.25,19.0,5.559867844352757,25,sub-pt3,01,False
TG4-TG5,0.039956488158877285,True,2.25,11.5,2.273858586552427,26,sub-pt3,01,False
TG31-TG32,0.039474867465188246,True,25.5,26.25,7.220733230004443,27,sub-pt3,01,False
FG29-FG30,0.03796305527585492,True,16.25,17.5,5.040969667409901,28,sub-pt3,01,False
PST3-PST4,0.0370663207649723,True,21.0,22.5,5.876140789021759,29,sub-pt3,01,False
FG22-FG23,0.03649082317194346,True,17.0,18.0,4.993808513869222,30,sub-pt3,01,True
IH3-IH4,0.03366037698268721,True,17.0,18.25,4.606458899656511,31,sub-pt3,01,False
TG3-TG4,0.03312332624432026,True,7.0,8.5,2.7377300844983408,32,sub-pt3,01,False
MFP1-MFP2,0.03227931374244991,True,8.0,10.75,2.842919097580929,33,sub-pt3,01,True
FG8-FG9,0.03143150824905461,True,15.75,19.25,4.088493442379187,34,sub-pt3,01,True
OF2-OF3,0.030320805664821465,True,15.75,17.5,3.944017390002432,35,sub-pt3,01,True
FG2-FG3,0.030058341688971632,True,23.75,24.5,5.2131694056965845,36,sub-pt3,01,True
FG30-FG31,0.029447056737705608,True,16.75,20.0,3.9899618606003164,37,sub-pt3,01,False
FG10-FG11,0.029418263409740724,True,18.0,20.5,4.185363500272868,38,sub-pt3,01,True
AST2-AST3,0.02892788164593075,True,21.0,24.25,4.5859503120763705,39,sub-pt3,01,False
FG16-FG17,0.028175590204681977,True,15.75,18.0,3.664975758535875,40,sub-pt3,01,True
TG27-TG28,0.027524625913677266,True,23.0,25.0,4.661849934659222,41,sub-pt3,01,False
IH5-IH6,0.027354520300838292,True,20.0,23.5,4.188267366308218,42,sub-pt3,01,False
IFP1-IFP2,0.027284375360730962,True,20.75,24.0,4.288435239460133,43,sub-pt3,01,True
FG7-FG8,0.026233815477814462,True,19.25,21.75,3.910038159722979,44,sub-pt3,01,True
SFP7-SFP8,0.026077325231058848,True,14.25,18.0,3.1800386919026216,45,sub-pt3,01,False
TG28-TG29,0.026045717994193654,True,22.0,24.75,4.270203336410804,46,sub-pt3,01,False
MST1-MST2,0.02515882235738073,True,20.5,23.75,3.920261163666214,47,sub-pt3,01,False
AST1-AST2,0.024560528782096715,True,21.75,25.5,3.9934275533050503,48,sub-pt3,01,False
SFP6-SFP7,0.024528645770726,True,16.0,18.25,3.2238301820600754,49,sub-pt3,01,False
FG21-FG22,0.024319739784435905,True,16.75,19.25,3.295230320094258,50,sub-pt3,01,True
SFP5-SFP6,0.02420202652725046,True,17.25,21.0,3.3448662433792777,51,sub-pt3,01,False
FG26-FG27,0.023898384828102866,True,16.25,19.75,3.173375592221549,52,sub-pt3,01,False
FG9-FG10,0.023520845251495805,True,14.75,19.0,2.932024555560846,53,sub-pt3,01,True
FG25-FG26,0.02303307764483621,True,15.75,19.25,2.996056891783294,54,sub-pt3,01,True
MST2-MST3,0.022102662088584458,True,24.0,27.0,3.863324121061111,55,sub-pt3,01,False
PST1-PST2,0.020907323690919053,True,24.75,28.25,3.739376768200897,56,sub-pt3,01,False
FG27-FG28,0.02050700427310711,True,12.75,20.75,2.3340403473628064,57,sub-pt3,01,False
FG13-FG14,0.020036488661091662,True,17.25,22.0,2.7691637509311944,58,sub-pt3,01,True
IH4-IH5,0.019802995088196627,True,17.0,21.5,2.7100612393852943,59,sub-pt3,01,False
AST3-AST4,0.019204933754548324,True,22.75,26.25,3.226720511805135,60,sub-pt3,01,False
FG3-FG4,0.018436609213918747,True,23.25,26.0,3.1475921007837653,61,sub-pt3,01,True
FG6-FG7,0.016381082026368784,True,15.75,25.0,2.130790094869176,62,sub-pt3,01,True
FG31-FG32,0.016342009702416036,True,27.0,30.0,3.12213320287934,63,sub-pt3,01,False
FG14-FG15,0.016295231162712608,True,16.5,21.5,2.1858611512090764,64,sub-pt3,01,True
MST3-MST4,0.01621894802982392,True,24.25,27.25,2.8568858349687734,65,sub-pt3,01,False
FG28-FG29,0.01591077543560158,True,19.5,27.75,2.3929916112147955,66,sub-pt3,01,False
FG23-FG24,0.01586748492548029,True,17.75,27.5,2.2359819064382225,67,sub-pt3,01,True
FG11-FG12,0.015178190511890535,True,17.75,26.25,2.1388493208877124,68,sub-pt3,01,True
FG5-FG6,0.015146217771350631,True,15.75,24.25,1.9701635551286898,69,sub-pt3,01,True
PST2-PST3,0.014550936747476553,True,22.25,26.75,2.4053464315365893,70,sub-pt3,01,False
FG19-FG20,0.014521348048507366,True,23.25,25.25,2.479158715134383,71,sub-pt3,01,True
FG12-FG13,0.014294614071511358,True,20.5,26.5,2.2273944144966213,72,sub-pt3,01,True
FG24-FG25,0.014173151766802674,True,17.75,26.5,1.9972233190455957,73,sub-pt3,01,True
FG18-FG19,0.0,False,,,,74,sub-pt3,01,True
FG20-FG21,0.0,False,,,,74,sub-pt3,01,True
FG4-FG5,0.0,False,,,,74,sub-pt3,01,True
SFP1-SFP2,1.0,True,-10.0,-9.25,26.092421872945113,1,sub-pt3,02,True
TG3-TG4,0.38843792438492464,True,-10.0,-6.5,10.135286194502608,2,sub-pt3,02,False
SFP2-SFP3,0.3599663891637503,True,-9.25,-8.75,16.436691050747292,3,sub-pt3,02,True
TG29-TG30,0.1403809416168669,True,-0.5,0.5,38.46022689167997,4,sub-pt3,02,False
AST3-AST4,0.10661025904277421,True,-9.5,-6.25,4.17257978239204,5,sub-pt3,02,False
TT2-TT3,0.09599285636105417,True,-9.25,-3.0,4.383200683682885,6,sub-pt3,02,False
TG18-TG19,0.09388774318683601,True,-2.5,-1.5,20.822948133402058,7,sub-pt3,02,False
SFP6-SFP7,0.0778940757802858,True,-7.0,-4.25,8.129780346649493,8,sub-pt3,02,False
FG9-FG10,0.0763886304979291,True,-7.0,-4.5,7.972657492993949,9,sub-pt3,02,True
TT3-TT4,0.061002483329097815,True,-6.0,-4.25,7.958512651600607,10,sub-pt3,02,False
OF3-OF4,0.060441833521922964,True,-4.0,-3.0,11.039516733198308,11,sub-pt3,02,True
TG28-TG29,0.053078197735420475,True,0.0,1.0,15.2343260032501,12,sub-pt3,02,False
TG27-TG28,0.050110041874156186,True,0.5,2.0,15.036162055491426,13,sub-pt3,02,False
TG30-TG31,0.04917011656347097,True,-3.5,-0.5,9.622255686869781,14,sub-pt3,02,False
MFP2-MFP3,0.04530418202410954,True,-5.5,-4.0,6.501527064899695,15,sub-pt3,02,True
SFP3-SFP4,0.04526193490065009,True,-4.5,-4.0,7.6764577513880115,16,sub-pt3,02,True
AST2-AST3,0.04157793155035806,True,-5.75,-2.75,5.695561885735982,17,sub-pt3,02,False
MST1-MST2,0.03908461794903515,True,-5.25,-4.0,5.8639209565473704,18,sub-pt3,02,False
MST3-MST4,0.03875120700064066,True,-6.25,-5.0,4.802785995446065,19,sub-pt3,02,False
SFP7-SFP8,0.03300021797544965,True,-1.75,-0.25,7.964764386159854,20,sub-pt3,02,False
FG24-FG25,0.03239792303164423,True,-0.75,0.25,8.66473782437588,21,sub-pt3,02,True
IFP3-IFP4,0.03213266550043664,True,-2.0,0.0,7.5457715772565965,22,sub-pt3,02,True
MST2-MST3,0.031615402353491716,True,-6.25,-4.0,3.918381475478487,23,sub-pt3,02,False
FG25-FG26,0.031330169062575595,True,-2.5,0.5,6.948579902517035,24,sub-pt3,02,True
AST1-AST2,0.02961819163000965,True,0.0,2.75,8.50091386236338,25,sub-pt3,02,False
TG26-TG27,0.028469932398314482,True,-1.5,-0.25,7.05707012489497,26,sub-pt3,02,False
MFP3-MFP4,0.02512487252981994,True,-2.0,0.25,5.900118961968285,27,sub-pt3,02,True
SFP5-SFP6,0.022823528886917282,True,-5.25,-0.25,3.4242465799940716,28,sub-pt3,02,False
IFP2-IFP3,0.02187817053690565,True,-3.0,-0.25,4.566835643657443,29,sub-pt3,02,True
OF2-OF3,0.021335019403953794,True,-2.5,0.25,4.731799779121175,30,sub-pt3,02,True
MFP1-MFP2,0.021010865918144744,True,0.75,3.25,6.441636435062374,31,sub-pt3,02,True
TG19-TG20,0.02078920256538085,True,0.5,1.5,6.238067402987345,32,sub-pt3,02,False
SFP4-SFP5,0.020630313770512738,True,6.0,7.75,9.151012454614605,33,sub-pt3,02,False
FG16-FG17,0.019733699759844646,True,-0.75,0.0,5.277725197290996,34,sub-pt3,02,True
OF1-OF2,0.01929828767267038,True,0.25,4.0,5.6648144630336805,35,sub-pt3,02,True
FG10-FG11,0.019070152264392605,True,-2.75,0.25,4.105088279026608,36,sub-pt3,02,True
IH4-IH5,0.018543163404276253,True,-3.25,0.0,3.7497293286258313,37,sub-pt3,02,False
PST3-PST4,0.017559860772521727,True,1.0,3.25,5.498151543681802,38,sub-pt3,02,False
TT1-TT2,0.0169654751217954,True,1.0,1.5,5.312044009834086,39,sub-pt3,02,False
FG29-FG30,0.01668923922335974,True,-3.25,-1.0,3.3748356967966395,40,sub-pt3,02,False
FG8-FG9,0.016271702722549727,True,-2.0,2.25,3.8211131882512532,41,sub-pt3,02,True
IFP1-IFP2,0.01590564332503428,True,-2.5,1.0,3.527642424277797,42,sub-pt3,02,True
TG4-TG5,0.015566799926098163,True,-2.5,4.5,3.4524918425096147,43,sub-pt3,02,False
FG30-FG31,0.015514680932459753,True,-6.75,-0.5,1.7204663004839786,44,sub-pt3,02,False
MFP4-MFP5,0.014006042807914449,True,-2.0,0.0,3.289064199431693,45,sub-pt3,02,False
IH1-IH2,0.012644190706287526,True,-3.25,2.5,2.5568610756658012,46,sub-pt3,02,False
TG31-TG32,0.011833665593307957,True,-1.25,4.0,3.010497700898479,47,sub-pt3,02,False
IH5-IH6,0.011345581927689237,True,1.75,4.5,3.77442980315445,48,sub-pt3,02,False
IH3-IH4,0.011031804110655857,True,-5.25,1.75,1.6551172995308054,49,sub-pt3,02,False
FG1-FG2,0.010863530112051354,True,-0.5,2.75,2.9762860124874093,50,sub-pt3,02,True
IH2-IH3,0.009752505264885553,True,2.25,4.0,3.3716808823860362,51,sub-pt3,02,False
FG26-FG27,0.009402804672388127,True,3.0,7.0,3.4347872482119066,52,sub-pt3,02,False
FG7-FG8,0.007603174615901689,True,1.75,5.75,2.5294118055601222,53,sub-pt3,02,True
FG2-FG3,0.007219013726253238,True,-0.25,4.25,2.0248866802587955,54,sub-pt3,02,True
PST2-PST3,0.006728774760848579,True,18.999999999999986,19.999999999999986,5.267100892442592,55,sub-pt3,02,False
FG17-FG18,0.006275389555021244,True,1.75,6.75,2.087686424005267,56,sub-pt3,02,True
FG27-FG28,0.005681036883555619,True,5.25,6.75,2.4087701794242866,57,sub-pt3,02,False
FG14-FG15,0.004967338558291985,True,3.25,13.5,1.8469409787939952,58,sub-pt3,02,True
FG18-FG19,0.00487791666378385,True,7.0,11.25,2.2909798701453092,59,sub-pt3,02,True
FG28-FG29,0.004664393641031159,True,13.25,16.75,2.951354171584237,60,sub-pt3,02,False
FG3-FG4,0.004100777874201265,True,8.5,13.25,2.08648491286752,61,sub-pt3,02,True
FG6-FG7,0.0036727557017476892,True,3.0,14.5,1.341635276887714,62,sub-pt3,02,True
FG11-FG12,0.0028614208129702024,True,8.75,14.75,1.4745626304088708,63,sub-pt3,02,True
FG12-FG13,0.0,False,,,,64,sub-pt3,02,True
FG13-FG14,0.0,False,,,,64,sub-pt3,02,True
FG15-FG16,0.0,False,,,,64,sub-pt3,02,True
FG19-FG20,0.0,False,,,,64,sub-pt3,02,True
FG20-FG21,0.0,False,,,,64,sub-pt3,02,True
FG21-FG22,0.0,False,,,,64,sub-pt3,02,True
FG22-FG23,0.0,False,,,,64,sub-pt3,02,True
FG23-FG24,0.0,False,,,,64,sub-pt3,02,True
FG31-FG32,0.0,False,,,,64,sub-pt3,02,False
FG4-FG5,0.0,False,,,,64,sub-pt3,02,True
FG5-FG6,0.0,False,,,,64,sub-pt3,02,True
PST1-PST2,0.0,False,,,,64,sub-pt3,02,False
TG5-TG6,0.0,False,,,,64,sub-pt3,02,False
LPH1-LPH2,1.0,True,0.75,1.0,115.91260411805725,1,sub-pt6,01,True
LAH1-LAH2,0.37808496819517584,True,0.0,1.25,27.3905082758723,2,sub-pt6,01,True
LPH3-LPH4,0.307735340336141,True,0.5,1.25,31.21160409282888,3,sub-pt6,01,True
LAH2-LAH3,0.2287191951845841,True,0.75,1.25,26.51143752563136,4,sub-pt6,01,True
LPH2-LPH3,0.20560153605364032,True,0.75,1.25,23.83180945465008,5,sub-pt6,01,True
LA2-LA3,0.1285110262523803,True,0.75,1.25,14.896047710797422,6,sub-pt6,01,True
LA1-LA2,0.11424496225600286,True,1.0,1.25,14.897734967770257,7,sub-pt6,01,True
LAH3-LAH4,0.07634684608509656,True,0.0,1.25,5.530976091202529,8,sub-pt6,01,True
LA3-LA4,0.04915986139993001,True,-0.25,1.75,2.8491237764743254,9,sub-pt6,01,True
LALT1-LALT2,0.03206376224021364,True,1.0,1.75,4.181168451471072,10,sub-pt6,01,False
LALT2-LALT3,0.025516338147905885,True,1.0,1.75,3.327373352565784,11,sub-pt6,01,False
LAST1-LAST2,0.02210081475363358,True,1.25,1.5,3.2022037390305598,12,sub-pt6,01,False
LAST2-LAST3,0.016377513291296424,True,1.0,6.5,2.1356552413937964,13,sub-pt6,01,False
LALT5-LALT6,0.01546535716345598,True,1.25,7.25,2.240787278040042,14,sub-pt6,01,False
LPT2-LPT3,0.015036040009355364,True,1.25,5.75,2.1785831913845977,15,sub-pt6,01,False
LAST3-LAST4,0.007099488979084138,True,19.75,20.5,8.640662682467447,16,sub-pt6,01,False
LALT3-LALT4,0.003700879125361142,True,20.25,21.75,4.611519272177755,17,sub-pt6,01,False
LPT3-LPT4,0.0028774591896195342,True,26.25,28.5,4.58608958379323,18,sub-pt6,01,False
LALT4-LALT5,0.00266057673781126,True,6.25,7.0,1.156478918008608,19,sub-pt6,01,False
LFT5-LFT6,0.00238956634261119,True,21.0,21.75,3.0814120395197886,20,sub-pt6,01,False
LPLT4-LPLT5,0.0020969330032157333,True,26.0,28.75,3.31170564899474,21,sub-pt6,01,False
LPST3-LPST4,0.0019234912192097023,True,21.0,23.5,2.48039524791205,22,sub-pt6,01,False
LPST1-LPST2,0.0016309222138646215,True,26.75,29.5,2.6466221729224952,23,sub-pt6,01,False
LFT4-LFT5,0.0013782951634322106,True,21.0,29.75,1.777349820708853,24,sub-pt6,01,False
LFT1-LFT2,0.0,False,,,,25,sub-pt6,01,False
LFT2-LFT3,0.0,False,,,,25,sub-pt6,01,False
LFT3-LFT4,0.0,False,,,,25,sub-pt6,01,False
LPLT2-LPLT3,0.0,False,,,,25,sub-pt6,01,False
LPLT3-LPLT4,0.0,False,,,,25,sub-pt6,01,False
LPST2-LPST3,0.0,False,,,,25,sub-pt6,01,False
LPT1-LPT2,0.0,False,,,,25,sub-pt6,01,False
LPT4-LPT5,0.0,False,,,,25,sub-pt6,01,False
LPT5-LPT6,0.0,False,,,,25,sub-pt6,01,False
RA1-RA2,0.0,False,,,,25,sub-pt6,01,False
RA2-RA3,0.0,False,,,,25,sub-pt6,01,False
RA3-RA4,0.0,False,,,,25,sub-pt6,01,False
RAH1-RAH2,0.0,False,,,,25,sub-pt6,01,False
RAH2-RAH3,0.0,False,,,,25,sub-pt6,01,False
RAH3-RAH4,0.0,False,,,,25,sub-pt6,01,False
RALT1-RALT2,0.0,False,,,,25,sub-pt6,01,False
RALT2-RALT3,0.0,False,,,,25,sub-pt6,01,False
RALT3-RALT4,0.0,False,,,,25,sub-pt6,01,False
RALT4-RALT5,0.0,False,,,,25,sub-pt6,01,False
RALT5-RALT6,0.0,False,,,,25,sub-pt6,01,False
RAST1-RAST2,0.0,False,,,,25,sub-pt6,01,False
RAST2-RAST3,0.0,False,,,,25,sub-pt6,01,False
RAST3-RAST4,0.0,False,,,,25,sub-pt6,01,False
RFT1-RFT2,0.0,False,,,,25,sub-pt6,01,False
RFT2-RFT3,0.0,False,,,,25,sub-pt6,01,False
RFT3-RFT4,0.0,False,,,,25,sub-pt6,01,False
RFT4-RFT5,0.0,False,,,,25,sub-pt6,01,False
RFT5-RFT6,0.0,False,,,,25,sub-pt6,01,False
RPH1-RPH2,0.0,False,,,,25,sub-pt6,01,False
RPH2-RPH3,0.0,False,,,,25,sub-pt6,01,False
RPH3-RPH4,0.0,False,,,,25,sub-pt6,01,False
RPLT1-RPLT2,0.0,False,,,,25,sub-pt6,01,False
RPLT2-RPLT3,0.0,False,,,,25,sub-pt6,01,False
RPLT3-RPLT4,0.0,False,,,,25,sub-pt6,01,False
RPLT4-RPLT5,0.0,False,,,,25,sub-pt6,01,False
RPLT5-RPLT6,0.0,False,,,,25,sub-pt6,01,False
RPST1-RPST2,0.0,False,,,,25,sub-pt6,01,False
RPST2-RPST3,0.0,False,,,,25,sub-pt6,01,False
RPST3-RPST4,0.0,False,,,,25,sub-pt6,01,False
LA3-LA4,1.0,True,-10.0,-9.25,32.568176812968304,1,sub-pt6,02,True
LAH2-LAH3,0.8345484266053642,True,-10.0,-9.25,27.179720716668005,2,sub-pt6,02,True
LAH1-LAH2,0.35987610904403,True,-9.75,-9.25,14.65063593763629,3,sub-pt6,02,True
LA2-LA3,0.047650734110030395,True,-6.75,-4.25,6.595564518493641,4,sub-pt6,02,True
LAST3-LAST4,0.03226389746772453,True,3.75,4.75,15.49895068171391,5,sub-pt6,02,False
LAH3-LAH4,0.02366955077928283,True,-5.75,-4.0,4.047089103031879,6,sub-pt6,02,True
LPH3-LPH4,0.02043410046781681,True,-5.5,-4.25,3.6602576837739895,7,sub-pt6,02,True
LPT2-LPT3,0.01760413479326684,True,13.75,15.5,14.190030721014432,8,sub-pt6,02,False
LAST1-LAST2,0.013132129339931862,True,2.75,3.75,5.880730766262958,9,sub-pt6,02,False
LAST2-LAST3,0.011525053233869608,True,2.0,4.0,4.879549629493988,10,sub-pt6,02,False
LALT3-LALT4,0.009498234791146764,True,3.75,6.25,4.562767803815035,11,sub-pt6,02,False
LALT4-LALT5,0.00875675300715539,True,-3.5,1.25,2.138936101833965,12,sub-pt6,02,False
RA3-RA4,0.008380971895815366,True,3.5,5.25,3.9578181312277785,13,sub-pt6,02,False
LPT4-LPT5,0.007974939755967764,True,-2.5,0.0,2.207698608383592,14,sub-pt6,02,False
LALT5-LALT6,0.007908219646299171,True,4.25,4.75,3.927733509676032,15,sub-pt6,02,False
RFT4-RFT5,0.007636652495908172,True,-3.25,8.0,1.9275168277809815,16,sub-pt6,02,False
LALT2-LALT3,0.007630379667906179,True,1.75,4.75,3.1684713157241964,17,sub-pt6,02,False
LPST3-LPST4,0.007578389709237535,True,6.75,8.5,4.380954464142488,18,sub-pt6,02,False
RALT2-RALT3,0.007093721764833367,True,-2.75,11.0,1.9059940737675312,19,sub-pt6,02,False
RAST1-RAST2,0.006978052956988057,True,6.5,8.5,3.977093093985259,20,sub-pt6,02,False
RALT1-RALT2,0.006870748859825875,True,7.75,10.5,4.195645569455803,21,sub-pt6,02,False
RA2-RA3,0.0062984536316427,True,2.0,5.75,2.666678969807083,22,sub-pt6,02,False
LPLT4-LPLT5,0.006235161592257404,True,9.0,10.0,4.061356903881363,23,sub-pt6,02,False
RAH3-RAH4,0.005658374351640755,True,-1.5,5.75,1.7506878954029095,24,sub-pt6,02,False
LPST1-LPST2,0.00547372304626192,True,3.25,6.5,2.5403358149412574,25,sub-pt6,02,False
LALT1-LALT2,0.005242968119043271,True,3.0,7.75,2.3905547781606,26,sub-pt6,02,False
RAST2-RAST3,0.004702476903768431,True,-1.25,10.75,1.4932232177930926,27,sub-pt6,02,False
RALT5-RALT6,0.004643212968515533,True,4.5,10.75,2.3439252045526606,28,sub-pt6,02,False
LFT5-LFT6,0.004399286090086636,True,6.75,10.75,2.543161908381731,29,sub-pt6,02,False
RALT4-RALT5,0.004164467331379806,True,8.75,11.0,2.6786748905091042,30,sub-pt6,02,False
LPLT2-LPLT3,0.0040162534022465425,True,10.25,13.25,2.7795435822635826,31,sub-pt6,02,False
LPT5-LPT6,0.0037412423154271905,True,9.5,12.5,2.4978315451943294,32,sub-pt6,02,False
LPST2-LPST3,0.0037409282613903726,True,10.25,14.25,2.588998277558825,33,sub-pt6,02,False
RALT3-RALT4,0.0037183610094526794,True,7.75,12.25,2.270629477693166,34,sub-pt6,02,False
LPT3-LPT4,0.0029466888211220816,True,9.0,13.5,1.9193656507820218,35,sub-pt6,02,False
RPLT1-RPLT2,0.0025854653429717715,True,5.75,13.5,1.410415198264582,36,sub-pt6,02,False
LPLT3-LPLT4,0.0023705302707948315,True,8.0,14.5,1.4668731309950545,37,sub-pt6,02,False
LPT1-LPT2,0.0020981290550971653,True,10.0,15.5,1.4349769988994427,38,sub-pt6,02,False
LFT4-LFT5,0.002015280221073548,True,6.5,15.0,1.1485950449330202,39,sub-pt6,02,False
RPLT3-RPLT4,0.0019079372008729155,True,11.25,18.25,1.382571303360034,40,sub-pt6,02,False
LFT3-LFT4,0.001032531710851121,True,18.25,26.5,0.9836095032268821,41,sub-pt6,02,False
LA1-LA2,0.0,False,,,,42,sub-pt6,02,True
LFT1-LFT2,0.0,False,,,,42,sub-pt6,02,False
LFT2-LFT3,0.0,False,,,,42,sub-pt6,02,False
LPH1-LPH2,0.0,False,,,,42,sub-pt6,02,True
LPH2-LPH3,0.0,False,,,,42,sub-pt6,02,True
RA1-RA2,0.0,False,,,,42,sub-pt6,02,False
RAH1-RAH2,0.0,False,,,,42,sub-pt6,02,False
RAH2-RAH3,0.0,False,,,,42,sub-pt6,02,False
RAST3-RAST4,0.0,False,,,,42,sub-pt6,02,False
RFT1-RFT2,0.0,False,,,,42,sub-pt6,02,False
RFT2-RFT3,0.0,False,,,,42,sub-pt6,02,False
RFT3-RFT4,0.0,False,,,,42,sub-pt6,02,False
RFT5-RFT6,0.0,False,,,,42,sub-pt6,02,False
RPH1-RPH2,0.0,False,,,,42,sub-pt6,02,False
RPH2-RPH3,0.0,False,,,,42,sub-pt6,02,False
RPH3-RPH4,0.0,False,,,,42,sub-pt6,02,False
RPLT2-RPLT3,0.0,False,,,,42,sub-pt6,02,False
RPLT4-RPLT5,0.0,False,,,,42,sub-pt6,02,False
RPLT5-RPLT6,0.0,False,,,,42,sub-pt6,02,False
RPST1-RPST2,0.0,False,,,,42,sub-pt6,02,False
RPST2-RPST3,0.0,False,,,,42,sub-pt6,02,False
RPST3-RPST4,0.0,False,,,,42,sub-pt6,02,False
LPH1-LPH2,1.0,True,1.0,1.5,69.01197753833502,1,sub-pt6,03,True
LAH2-LAH3,0.5378001675879716,True,0.75,1.5,36.08369049998018,2,sub-pt6,03,True
LA2-LA3,0.39148409081075985,True,-0.25,1.5,23.264717492529932,3,sub-pt6,03,True
RALT3-RALT4,0.3015561057827444,True,-7.0,-6.5,2.3123314665362815,4,sub-pt6,03,False
LAH1-LAH2,0.25112628042761587,True,-7.0,-1.25,1.9256356915729165,5,sub-pt6,03,True
LA1-LA2,0.22882344535182533,True,-6.5,-5.0,2.6319264118107664,6,sub-pt6,03,True
LPH2-LPH3,0.19519634779412645,True,1.25,1.5,13.845077246464765,7,sub-pt6,03,True
LPH3-LPH4,0.15118407013826107,True,-1.75,1.5,7.245494203149818,8,sub-pt6,03,True
LAH3-LAH4,0.10659572473946244,True,-3.5,-1.5,3.6781908807011625,9,sub-pt6,03,True
LAST1-LAST2,0.08509584223120739,True,1.5,2.75,6.198889705591662,10,sub-pt6,03,False
LA3-LA4,0.07927624862878298,True,-3.75,-1.25,2.5835328256883767,11,sub-pt6,03,True
LALT2-LALT3,0.07188209034682308,True,-1.75,3.0,3.444948058627446,12,sub-pt6,03,False
LAST2-LAST3,0.06103350200852971,True,1.5,3.0,4.4460450402373874,13,sub-pt6,03,False
LALT1-LALT2,0.04681791824928756,True,1.5,4.0,3.4104969627565183,14,sub-pt6,03,False
RFT3-RFT4,0.040780423444242805,True,-1.0,0.0,2.188929296351681,15,sub-pt6,03,False
LAST3-LAST4,0.03813755439239276,True,1.5,3.25,2.778167383044553,16,sub-pt6,03,False
LALT3-LALT4,0.026065688571936287,True,23.5,24.5,6.29595649986696,17,sub-pt6,03,False
LFT5-LFT6,0.016806038000305785,True,26.0,29.5,4.381534353056362,18,sub-pt6,03,False
LALT5-LALT6,0.01536773772515458,True,24.25,27.25,3.80033272835382,19,sub-pt6,03,False
LPLT4-LPLT5,0.014034847056467945,True,28.5,30.0,3.928099785360562,20,sub-pt6,03,False
LALT4-LALT5,0.011553425679336616,True,25.25,26.75,2.9456720058871055,21,sub-pt6,03,False
LFT1-LFT2,0.0,False,,,,22,sub-pt6,03,False
LFT2-LFT3,0.0,False,,,,22,sub-pt6,03,False
LFT3-LFT4,0.0,False,,,,22,sub-pt6,03,False
LFT4-LFT5,0.0,False,,,,22,sub-pt6,03,False
LPLT2-LPLT3,0.0,False,,,,22,sub-pt6,03,False
LPLT3-LPLT4,0.0,False,,,,22,sub-pt6,03,False
LPST1-LPST2,0.0,False,,,,22,sub-pt6,03,False
LPST2-LPST3,0.0,False,,,,22,sub-pt6,03,False
LPST3-LPST4,0.0,False,,,,22,sub-pt6,03,False
LPT1-LPT2,0.0,False,,,,22,sub-pt6,03,False
LPT2-LPT3,0.0,False,,,,22,sub-pt6,03,False
LPT3-LPT4,0.0,False,,,,22,sub-pt6,03,False
LPT4-LPT5,0.0,False,,,,22,sub-pt6,03,False
LPT5-LPT6,0.0,False,,,,22,sub-pt6,03,False
RA1-RA2,0.0,False,,,,22,sub-pt6,03,False
RA2-RA3,0.0,False,,,,22,sub-pt6,03,False
RA3-RA4,0.0,False,,,,22,sub-pt6,03,False
RAH1-RAH2,0.0,False,,,,22,sub-pt6,03,False
RAH2-RAH3,0.0,False,,,,22,sub-pt6,03,False
RAH3-RAH4,0.0,False,,,,22,sub-pt6,03,False
RALT1-RALT2,0.0,False,,,,22,sub-pt6,03,False
RALT2-RALT3,0.0,False,,,,22,sub-pt6,03,False
RALT4-RALT5,0.0,False,,,,22,sub-pt6,03,False
RALT5-RALT6,0.0,False,,,,22,sub-pt6,03,False
RAST1-RAST2,0.0,False,,,,22,sub-pt6,03,False
RAST2-RAST3,0.0,False,,,,22,sub-pt6,03,False
RAST3-RAST4,0.0,False,,,,22,sub-pt6,03,False
RFT1-RFT2,0.0,False,,,,22,sub-pt6,03,False
RFT2-RFT3,0.0,False,,,,22,sub-pt6,03,False
RFT4-RFT5,0.0,False,,,,22,sub-pt6,03,False
RFT5-RFT6,0.0,False,,,,22,sub-pt6,03,False
RPH1-RPH2,0.0,False,,,,22,sub-pt6,03,False
RPH2-RPH3,0.0,False,,,,22,sub-pt6,03,False
RPH3-RPH4,0.0,False,,,,22,sub-pt6,03,False
RPLT1-RPLT2,0.0,False,,,,22,sub-pt6,03,False
RPLT2-RPLT3,0.0,False,,,,22,sub-pt6,03,False
RPLT3-RPLT4,0.0,False,,,,22,sub-pt6,03,False
RPLT4-RPLT5,0.0,False,,,,22,sub-pt6,03,False
RPLT5-RPLT6,0.0,False,,,,22,sub-pt6,03,False
RPST1-RPST2,0.0,False,,,,22,sub-pt6,03,False
RPST2-RPST3,0.0,False,,,,22,sub-pt6,03,False
RPST3-RPST4,0.0,False,,,,22,sub-pt6,03,False
G39-G40,1.0,True,-7.25,-5.25,4.210589077452154,1,sub-pt7,01,True
G40-G41,0.955974420595931,True,-7.5,-4.5,3.2201723629479027,2,sub-pt7,01,True
G29-G30,0.7284661999324992,True,0.0,1.75,20.857448408156234,3,sub-pt7,01,True
LFP3-LFP4,0.6897445681917818,True,1.25,2.25,22.653001371470094,4,sub-pt7,01,True
G55-G56,0.6139800708498805,True,-7.0,-4.75,3.102261336112567,5,sub-pt7,01,False
G31-G32,0.5661556903499604,True,-6.0,-5.25,4.767697931849854,6,sub-pt7,01,False
MFP1-MFP2,0.47579393319907226,True,-0.25,1.25,13.222260072423689,7,sub-pt7,01,True
G38-G39,0.44920266452546603,True,-5.75,-2.25,4.161097232189329,8,sub-pt7,01,True
G30-G31,0.4088086502723085,True,-2.75,0.5,7.918096092980882,9,sub-pt7,01,True
LFP4-LFP5,0.3892422222145284,True,-0.25,1.0,10.816997725642002,10,sub-pt7,01,False
G45-G46,0.3732209556256822,True,-6.25,-1.5,2.8286641426207546,11,sub-pt7,01,True
G3-G4,0.3604221383941486,True,-2.5,0.0,7.284429692132884,12,sub-pt7,01,False
PT3-PT4,0.34515718413738206,True,-5.5,-4.75,3.4879561668792065,13,sub-pt7,01,True
PF5-PF6,0.33159376106170896,True,-5.75,-4.5,3.0716511506509643,14,sub-pt7,01,False
G2-G3,0.2952656873229465,True,-3.0,-1.75,5.470266903148966,15,sub-pt7,01,False
G10-G11,0.2853964219253568,True,-5.25,-3.0,3.1243863479473672,16,sub-pt7,01,False
PF4-PF5,0.2740385534188671,True,-5.75,0.25,2.538500227617795,17,sub-pt7,01,False
G51-G52,0.2507300376454473,True,1.0,5.25,8.023480800033067,18,sub-pt7,01,False
MT3-MT4,0.2382368545054767,True,-5.0,-2.5,2.8087289927964907,19,sub-pt7,01,True
LSF2-LSF3,0.22095496659504452,True,-2.75,-1.0,4.279612617187939,20,sub-pt7,01,False
G44-G45,0.21029117302444658,True,-5.25,0.0,2.3021692621754726,21,sub-pt7,01,True
LFP2-LFP3,0.19599111651679632,True,3.0,4.5,7.59219010124613,22,sub-pt7,01,True
G5-G6,0.18211242607469372,True,0.0,2.25,5.2142440262692435,23,sub-pt7,01,False
G7-G8,0.17733135422487947,True,-3.0,-2.0,3.2853456380319357,24,sub-pt7,01,False
G28-G29,0.1768219122210706,True,-5.0,1.25,2.084668354306282,25,sub-pt7,01,True
G26-G27,0.17172058897869863,True,-3.5,-1.25,2.8921793453094367,26,sub-pt7,01,False
G20-G21,0.16872004307284968,True,1.0,4.5,5.399121855874464,27,sub-pt7,01,False
MFP2-MFP3,0.16161363629143505,True,-4.75,2.0,2.041465835208124,28,sub-pt7,01,False
G8-G9,0.1615382889938226,True,-3.0,-2.0,2.992753963001875,29,sub-pt7,01,False
G11-G12,0.16110293785235164,True,-0.75,1.0,4.205697276892702,30,sub-pt7,01,False
G54-G55,0.15656959868002696,True,-4.25,2.25,2.2414508230148416,31,sub-pt7,01,False
G37-G38,0.15500787348153697,True,-1.75,2.25,3.5244420786024024,32,sub-pt7,01,False
G53-G54,0.15436586603638322,True,-3.0,1.25,2.859873409642645,33,sub-pt7,01,False
G41-G42,0.15322669643352912,True,0.75,2.75,4.7742924423905,34,sub-pt7,01,False
G52-G53,0.15285292616154653,True,-2.5,2.0,3.0892841344915603,35,sub-pt7,01,False
G21-G22,0.15056736110824212,True,1.5,3.75,5.071818288825268,36,sub-pt7,01,False
AT3-AT4,0.14919629024161055,True,1.25,5.0,4.899993306684112,37,sub-pt7,01,True
MT2-MT3,0.14837947336223659,True,-3.0,3.5,2.748965955371399,38,sub-pt7,01,True
G47-G48,0.14811383235861703,True,0.25,3.5,4.3655253932414055,39,sub-pt7,01,False
MT1-MT2,0.14764171473004667,True,1.25,4.75,4.8489370130654015,40,sub-pt7,01,True
LSF3-LSF4,0.1441717736189164,True,-0.75,0.75,3.763698190715626,41,sub-pt7,01,False
G12-G13,0.142311118802765,True,1.25,2.5,4.673866410961161,42,sub-pt7,01,False
G46-G47,0.14187690992732635,True,-2.5,3.5,2.867449762956784,43,sub-pt7,01,True
G4-G5,0.13849484201486956,True,-3.5,1.75,2.3325794762850856,44,sub-pt7,01,False
G24-G25,0.1376403142469659,True,-4.0,3.0,2.086368493627284,45,sub-pt7,01,False
G14-G15,0.132113450172151,True,1.5,2.25,4.450203602235027,46,sub-pt7,01,False
PT4-PT5,0.13101381827394867,True,-3.75,4.75,2.0962523384344407,47,sub-pt7,01,True
PT5-PT6,0.12764307459714552,True,-2.25,0.0,2.687262678555757,48,sub-pt7,01,True
G15-G16,0.12628816763696343,True,-2.75,6.25,2.446038864612766,49,sub-pt7,01,False
PT1-PT2,0.12260369667605102,True,1.5,3.75,4.129870288635499,50,sub-pt7,01,True
G27-G28,0.11863896826888813,True,6.75,9.75,6.094387316228711,51,sub-pt7,01,False
G25-G26,0.11843161341194977,True,-3.5,3.0,1.9946674314295667,52,sub-pt7,01,False
G61-G62,0.11295000150753516,True,-2.25,3.75,2.377930213229159,53,sub-pt7,01,False
G23-G24,0.11228136687130302,True,-2.75,4.75,2.1747452059686507,54,sub-pt7,01,False
G13-G14,0.11141310374233976,True,-3.0,2.5,2.0641051098911736,55,sub-pt7,01,False
G22-G23,0.11128163725131607,True,0.0,2.75,3.186216475053412,56,sub-pt7,01,False
G1-G2,0.10969856760906502,True,0.0,4.5,3.140890015990755,57,sub-pt7,01,False
G42-G43,0.10918887885459885,True,10.0,11.25,6.804292610129421,58,sub-pt7,01,False
AT4-AT5,0.10816682404109976,True,0.5,5.25,3.279211544521034,59,sub-pt7,01,True
G9-G10,0.10445424124467514,True,-1.75,6.75,2.37499499130326,60,sub-pt7,01,False
LSF1-LSF2,0.1041424943423861,True,-3.0,3.5,1.929405496377364,61,sub-pt7,01,False
G17-G18,0.10351720182434036,True,4.0,6.75,4.358683993299777,62,sub-pt7,01,False
MFP3-MFP4,0.10308828774656098,True,-2.75,7.0,1.996687124635006,63,sub-pt7,01,False
G19-G20,0.09850997908706054,True,3.0,6.5,3.8160223860689575,64,sub-pt7,01,False
PT2-PT3,0.09455787067776757,True,0.0,7.75,2.7073814947480015,65,sub-pt7,01,True
LSF4-LSF5,0.09309310241464272,True,-1.0,5.0,2.351860801279376,66,sub-pt7,01,False
G16-G17,0.09048506228914636,True,1.5,6.5,3.0479633195780598,67,sub-pt7,01,False
G18-G19,0.0845634039027163,True,1.5,6.25,2.8484939585996165,68,sub-pt7,01,False
AT2-AT3,0.08313201905179077,True,1.75,6.25,2.8702851255293194,69,sub-pt7,01,True
LFP1-LFP2,0.08097443490003127,True,5.25,8.0,3.7504507825722535,70,sub-pt7,01,False
G60-G61,0.0775662012738226,True,-2.0,6.25,1.6983168792876664,71,sub-pt7,01,False
G6-G7,0.07482245219370373,True,6.0,8.0,3.6545405594779403,72,sub-pt7,01,False
LSF5-LSF6,0.07306284865619597,True,2.75,7.25,2.7687386926738666,73,sub-pt7,01,False
MT4-MT5,0.07255241188405243,True,3.75,9.75,2.9937862516136495,74,sub-pt7,01,False
PF3-PF4,0.06791237207480062,True,1.75,9.75,2.344798955072582,75,sub-pt7,01,False
PF2-PF3,0.0657121871916608,True,3.25,9.25,2.600857965860164,76,sub-pt7,01,False
G43-G44,0.0625908357654186,True,1.0,8.25,2.0029365996107957,77,sub-pt7,01,False
AT5-AT6,0.054936030254683826,True,5.5,9.75,2.590706148228271,78,sub-pt7,01,False
G62-G63,0.047743691436963644,True,6.25,8.0,2.3721429750443557,79,sub-pt7,01,False
MT5-MT6,0.045104303239084986,True,5.75,11.25,2.165038826836224,80,sub-pt7,01,False
G63-G64,0.03258761927468425,True,18.75,23.0,2.9912450083637743,81,sub-pt7,01,False
AT1-AT2,0.0,False,,,,82,sub-pt7,01,False
PF1-PF2,0.0,False,,,,82,sub-pt7,01,False
AT3-AT4,1.0,True,-9.250000000000014,-7.750000000000014,2.250113982518408,1,sub-pt7,02,True
G30-G31,0.6226679715637184,True,2.499999999999986,3.249999999999986,17.863692343344194,2,sub-pt7,02,True
G39-G40,0.4255882189299531,True,1.4999999999999858,3.499999999999986,11.252058525960367,3,sub-pt7,02,True
MT3-MT4,0.4014237528682971,True,2.749999999999986,3.999999999999986,11.742239590171602,4,sub-pt7,02,True
G29-G30,0.37083294583494275,True,-1.4210854715202004e-14,2.999999999999986,8.552768065167387,5,sub-pt7,02,True
G38-G39,0.3309083673474536,True,1.7499999999999858,2.999999999999986,8.934978531610119,6,sub-pt7,02,True
G28-G29,0.328744769834713,True,2.749999999999986,4.499999999999986,9.616271642703486,7,sub-pt7,02,True
G47-G48,0.32147730494285326,True,2.499999999999986,3.499999999999986,9.222847381156665,8,sub-pt7,02,False
G46-G47,0.3129260712035977,True,0.2499999999999858,2.749999999999986,7.393252947252546,9,sub-pt7,02,True
G25-G26,0.26445755756249056,True,2.749999999999986,5.499999999999986,7.735775424702349,10,sub-pt7,02,False
PT4-PT5,0.2576994728268063,True,-1.5000000000000142,1.2499999999999858,5.073715387083171,11,sub-pt7,02,True
MFP1-MFP2,0.24098054970238972,True,-1.2500000000000142,0.2499999999999858,4.880103339602874,12,sub-pt7,02,True
G40-G41,0.2393614931387392,True,1.9999999999999858,3.999999999999986,6.597735371702524,13,sub-pt7,02,True
G20-G21,0.22061645676296615,True,3.249999999999986,4.499999999999986,6.701564350836243,14,sub-pt7,02,False
LSF1-LSF2,0.2172475584401843,True,-1.7500000000000142,0.2499999999999858,4.155070035771073,15,sub-pt7,02,False
G45-G46,0.19205496333782143,True,-2.250000000000014,1.4999999999999858,3.4571644673479383,16,sub-pt7,02,True
G52-G53,0.18807645841019613,True,4.249999999999986,5.499999999999986,6.136305298344201,17,sub-pt7,02,False
G31-G32,0.1851456230526346,True,2.749999999999986,4.999999999999986,5.415783818026604,18,sub-pt7,02,False
G37-G38,0.18491222734240115,True,2.499999999999986,4.499999999999986,5.304938250592434,19,sub-pt7,02,False
PF4-PF5,0.1836630196377728,True,1.9999999999999858,3.999999999999986,5.062468424841693,20,sub-pt7,02,False
G51-G52,0.18163400147054148,True,1.2499999999999858,3.749999999999986,4.700017873710797,21,sub-pt7,02,False
LFP4-LFP5,0.18061370721472544,True,1.2499999999999858,3.749999999999986,4.673616422440906,22,sub-pt7,02,False
PT2-PT3,0.16113643979955938,True,3.249999999999986,4.249999999999986,4.894767309864028,23,sub-pt7,02,True
G3-G4,0.15789683416169276,True,-1.2500000000000142,2.249999999999986,3.197572869083536,24,sub-pt7,02,False
PF3-PF4,0.15225534035866986,True,7.499999999999986,9.249999999999986,6.081005697011028,25,sub-pt7,02,False
LSF2-LSF3,0.15062535673076327,True,-2.750000000000014,0.4999999999999858,2.541931659762853,26,sub-pt7,02,False
PT5-PT6,0.149004556056267,True,-1.0000000000000142,2.249999999999986,3.101314424130678,27,sub-pt7,02,True
MT2-MT3,0.14820957758031986,True,-0.7500000000000142,3.749999999999986,3.168140207137933,28,sub-pt7,02,True
G24-G25,0.1352764113338896,True,2.749999999999986,4.749999999999986,3.9570354804148566,29,sub-pt7,02,False
PF2-PF3,0.13130276394493703,True,5.999999999999986,9.249999999999986,4.801000507807022,30,sub-pt7,02,False
G22-G23,0.1274128746588141,True,4.749999999999986,6.749999999999986,4.300402362339944,31,sub-pt7,02,False
G18-G19,0.12617965495993577,True,4.499999999999986,6.249999999999986,4.187799437536821,32,sub-pt7,02,False
G44-G45,0.12281120943477963,True,-2.500000000000014,2.999999999999986,2.1416289515837557,33,sub-pt7,02,True
G21-G22,0.11980871637578493,True,2.749999999999986,4.999999999999986,3.504582483281566,34,sub-pt7,02,False
LFP3-LFP4,0.11816040270513321,True,2.499999999999986,5.749999999999986,3.389898272412034,35,sub-pt7,02,True
G17-G18,0.1174376072267118,True,4.749999999999986,7.749999999999986,3.963720031414937,36,sub-pt7,02,False
PT3-PT4,0.11466998794360769,True,6.749999999999986,9.249999999999986,4.386349235201193,37,sub-pt7,02,True
G5-G6,0.11399789068376583,True,5.999999999999986,9.249999999999986,4.16825902683363,38,sub-pt7,02,False
G27-G28,0.10989444855893538,True,2.749999999999986,6.749999999999986,3.2145754589469355,39,sub-pt7,02,False
AT2-AT3,0.10777102801311286,True,-1.0000000000000142,9.499999999999986,2.2430981476448673,40,sub-pt7,02,True
G53-G54,0.1061957285740306,True,1.2499999999999858,7.749999999999986,2.7479536781037934,41,sub-pt7,02,False
G19-G20,0.10396604021179474,True,3.749999999999986,6.749999999999986,3.2750961710268265,42,sub-pt7,02,False
G43-G44,0.09948328082113135,True,3.749999999999986,7.499999999999986,3.133882096834063,43,sub-pt7,02,False
G41-G42,0.0983155462110287,True,0.9999999999999858,5.499999999999986,2.4887383338191666,44,sub-pt7,02,False
G26-G27,0.0939190806279343,True,2.749999999999986,7.999999999999986,2.7472722751004537,45,sub-pt7,02,False
G8-G9,0.09358549062835367,True,7.249999999999986,9.749999999999986,3.6851153679148205,46,sub-pt7,02,False
G13-G14,0.08768355762965545,True,3.749999999999986,7.249999999999986,2.762171986832249,47,sub-pt7,02,False
G23-G24,0.08412146547311909,True,2.749999999999986,7.749999999999986,2.460677513983062,48,sub-pt7,02,False
PF5-PF6,0.0831215937415891,True,2.749999999999986,6.499999999999986,2.4314297842531354,49,sub-pt7,02,False
G10-G11,0.0791252645469274,True,2.999999999999986,8.499999999999986,2.3590414496895002,50,sub-pt7,02,False
G2-G3,0.07730417027648731,True,8.249999999999986,11.249999999999986,3.2179490972529985,51,sub-pt7,02,False
G55-G56,0.07374262695321668,True,5.749999999999986,10.749999999999986,2.654869056241147,52,sub-pt7,02,False
G11-G12,0.0716852371607984,True,2.749999999999986,8.749999999999986,2.0968994081835888,53,sub-pt7,02,False
LFP2-LFP3,0.06493950458319485,True,6.249999999999986,11.499999999999986,2.411001240127672,54,sub-pt7,02,True
G60-G61,0.06452184196755911,True,6.749999999999986,10.999999999999986,2.468085479413813,55,sub-pt7,02,False
MFP2-MFP3,0.06448526399323253,True,7.749999999999986,11.999999999999986,2.6117854951961403,56,sub-pt7,02,False
G15-G16,0.0644822265991759,True,8.749999999999986,10.999999999999986,2.7567548341997967,57,sub-pt7,02,False
G61-G62,0.06266338459709743,True,3.999999999999986,12.749999999999986,2.0092465497024703,58,sub-pt7,02,False
PF1-PF2,0.06195187845804641,True,3.999999999999986,11.499999999999986,1.9864327284546697,59,sub-pt7,02,False
G16-G17,0.05921966229433238,True,5.249999999999986,10.999999999999986,2.0653903476116793,60,sub-pt7,02,False
G9-G10,0.058438889649405815,True,6.249999999999986,12.749999999999986,2.169653684929142,61,sub-pt7,02,False
PT1-PT2,0.057748993365569636,True,11.749999999999986,15.249999999999986,2.858719983861083,62,sub-pt7,02,True
G14-G15,0.056053751095950594,True,5.999999999999986,12.499999999999986,2.049569098096081,63,sub-pt7,02,False
G62-G63,0.055294988830806406,True,7.749999999999986,13.749999999999986,2.239560495565141,64,sub-pt7,02,False
G12-G13,0.05327209652073005,True,10.999999999999986,13.499999999999986,2.5472011467615046,65,sub-pt7,02,False
LSF3-LSF4,0.05295819348489412,True,9.249999999999986,15.499999999999986,2.3236584471608728,66,sub-pt7,02,False
LSF4-LSF5,0.05292748904036493,True,14.249999999999986,16.499999999999986,2.9177756371582158,67,sub-pt7,02,False
G4-G5,0.05238588406138808,True,10.749999999999986,15.499999999999986,2.475358414475468,68,sub-pt7,02,False
G63-G64,0.05226677324026052,True,7.249999999999986,13.249999999999986,2.0581084525580104,69,sub-pt7,02,False
MT4-MT5,0.04574662589843649,True,12.249999999999986,19.499999999999986,2.3160402582099904,70,sub-pt7,02,False
MT1-MT2,0.04263827412711647,True,14.499999999999986,24.499999999999986,2.3745391758959715,71,sub-pt7,02,True
G42-G43,0.04143301618866146,True,10.249999999999986,11.749999999999986,1.9111946858123836,72,sub-pt7,02,False
G7-G8,0.04015241876167405,True,18.249999999999986,20.999999999999986,2.5749042882959516,73,sub-pt7,02,False
G6-G7,0.03266636525829873,True,13.999999999999986,20.999999999999986,1.7824488467244748,74,sub-pt7,02,False
AT1-AT2,0.0,False,,,,75,sub-pt7,02,False
AT4-AT5,0.0,False,,,,75,sub-pt7,02,True
AT5-AT6,0.0,False,,,,75,sub-pt7,02,False
G1-G2,0.0,False,,,,75,sub-pt7,02,False
G54-G55,0.0,False,,,,75,sub-pt7,02,False
LFP1-LFP2,0.0,False,,,,75,sub-pt7,02,False
LSF5-LSF6,0.0,False,,,,75,sub-pt7,02,False
MFP3-MFP4,0.0,False,,,,75,sub-pt7,02,False
MT5-MT6,0.0,False,,,,75,sub-pt7,02,False
G45-G46,1.0,True,-0.7500000000000284,0.24999999999997158,4.762948438672261,1,sub-pt7,03,True
G39-G40,0.9749456209518842,True,1.9999999999999716,3.7499999999999716,17.413558961636756,2,sub-pt7,03,True
G29-G30,0.8254469606993307,True,-0.2500000000000284,2.2499999999999716,5.89734196900446,3,sub-pt7,03,True
G46-G47,0.6488430928985259,True,-0.5000000000000284,3.4999999999999716,3.8630077453303935,4,sub-pt7,03,True
G38-G39,0.5588982104455419,True,0.7499999999999716,3.4999999999999716,6.655008397045786,5,sub-pt7,03,True
G47-G48,0.5557566722895615,True,0.4999999999999716,3.7499999999999716,5.955840842767332,6,sub-pt7,03,False
G30-G31,0.5129409483825794,True,1.4999999999999716,3.4999999999999716,7.940111689997096,7,sub-pt7,03,True
G44-G45,0.44506067576535613,True,-0.2500000000000284,3.4999999999999716,3.179701576126537,8,sub-pt7,03,True
PT4-PT5,0.4029299042954186,True,3.4999999999999716,4.999999999999972,10.075455382430693,9,sub-pt7,03,True
G40-G41,0.39437814820230005,True,-0.2500000000000284,3.4999999999999716,2.817604177839904,10,sub-pt7,03,True
MT2-MT3,0.35423712214288644,True,3.2499999999999716,4.749999999999972,8.43606573915108,11,sub-pt7,03,True
G25-G26,0.34886726301176585,True,2.2499999999999716,4.749999999999972,6.64654714266302,12,sub-pt7,03,False
G28-G29,0.3157984122935787,True,0.24999999999997158,4.749999999999972,3.008263109537759,13,sub-pt7,03,True
MT3-MT4,0.313766677402554,True,3.2499999999999716,5.999999999999972,7.472272531209387,14,sub-pt7,03,True
LFP4-LFP5,0.30689722395655594,True,0.7499999999999716,4.999999999999972,3.654339134191823,15,sub-pt7,03,False
LSF1-LSF2,0.303847280244723,True,-0.2500000000000284,7.249999999999972,2.1708133935546248,16,sub-pt7,03,False
G24-G25,0.2847989456766554,True,3.2499999999999716,5.249999999999972,6.78241346823066,17,sub-pt7,03,False
LSF2-LSF3,0.2757215290143564,True,-0.5000000000000284,5.999999999999972,1.6415592826590717,18,sub-pt7,03,False
PF4-PF5,0.24716551071667034,True,2.7499999999999716,4.999999999999972,5.297564625127186,19,sub-pt7,03,False
G37-G38,0.2229474487061539,True,2.2499999999999716,4.499999999999972,4.2475488108837585,20,sub-pt7,03,False
G20-G21,0.2176253201275432,True,3.7499999999999716,4.999999999999972,5.700959982943681,21,sub-pt7,03,False
PT2-PT3,0.21411287818329935,True,2.7499999999999716,5.499999999999972,4.589138694792463,22,sub-pt7,03,True
G43-G44,0.2113406007410854,True,2.2499999999999716,4.999999999999972,4.026417537311241,23,sub-pt7,03,False
G41-G42,0.19804249941949068,True,1.2499999999999716,5.499999999999972,2.829798640202446,24,sub-pt7,03,False
PF5-PF6,0.19239951790207402,True,2.9999999999999716,4.499999999999972,4.352847671116651,25,sub-pt7,03,False
PT5-PT6,0.1871292650613885,True,1.9999999999999716,5.749999999999972,3.3423264032026054,26,sub-pt7,03,True
G31-G32,0.18605256536875528,True,2.9999999999999716,3.9999999999999716,4.2092541847368885,27,sub-pt7,03,False
G21-G22,0.17875148029133164,True,3.7499999999999716,6.249999999999972,4.682612461801744,28,sub-pt7,03,False
G27-G28,0.17197529316296956,True,2.2499999999999716,4.999999999999972,3.2764378162430807,29,sub-pt7,03,False
G51-G52,0.16921719494821114,True,3.7499999999999716,5.499999999999972,4.43285025961295,30,sub-pt7,03,False
G26-G27,0.1630226615786904,True,1.9999999999999716,4.999999999999972,2.911756992879074,31,sub-pt7,03,False
G52-G53,0.15250842092735775,True,1.9999999999999716,4.249999999999972,2.7239615450262393,32,sub-pt7,03,False
G10-G11,0.14976087792093168,True,2.9999999999999716,5.249999999999972,3.3881908634215208,33,sub-pt7,03,False
MFP1-MFP2,0.14402341108680963,True,3.4999999999999716,5.749999999999972,3.601374425082909,34,sub-pt7,03,True
G22-G23,0.14296288594095563,True,2.7499999999999716,5.999999999999972,3.0641618447124985,35,sub-pt7,03,False
LFP3-LFP4,0.13356638567702628,True,3.7499999999999716,6.249999999999972,3.4989339446571917,36,sub-pt7,03,True
G11-G12,0.13100145595327045,True,2.9999999999999716,6.249999999999972,2.9637776054580067,37,sub-pt7,03,False
G19-G20,0.12920502508148882,True,3.9999999999999716,5.999999999999972,3.538532016762803,38,sub-pt7,03,False
PF2-PF3,0.1263359276719232,True,4.499999999999972,7.749999999999972,3.7608219340824895,39,sub-pt7,03,False
G2-G3,0.12488547571652699,True,2.9999999999999716,5.249999999999972,2.825409637490155,40,sub-pt7,03,False
PT3-PT4,0.11916309922595368,True,3.7499999999999716,6.499999999999972,3.1216223357308204,41,sub-pt7,03,True
G23-G24,0.11739113295300123,True,3.7499999999999716,5.499999999999972,3.0752035237685575,42,sub-pt7,03,False
G17-G18,0.11140508389720341,True,3.2499999999999716,6.999999999999972,2.653083352041686,43,sub-pt7,03,False
G55-G56,0.10969591946243155,True,2.7499999999999716,7.499999999999972,2.351142037495379,44,sub-pt7,03,False
G18-G19,0.10535300494836357,True,3.2499999999999716,5.999999999999972,2.5089546521411963,45,sub-pt7,03,False
G8-G9,0.1051707591681525,True,2.7499999999999716,11.249999999999972,2.254153064282677,46,sub-pt7,03,False
G63-G64,0.1049354684859876,True,4.999999999999972,7.749999999999972,3.373665024060069,47,sub-pt7,03,False
PF3-PF4,0.1016378367425532,True,5.249999999999972,7.749999999999972,3.388670430760789,48,sub-pt7,03,False
LFP2-LFP3,0.09692867705154826,True,4.749999999999972,7.999999999999972,3.000830891664058,49,sub-pt7,03,True
G3-G4,0.088441703942054,True,3.7499999999999716,7.249999999999972,2.3168380163737625,50,sub-pt7,03,False
G16-G17,0.08710232223702041,True,3.7499999999999716,11.249999999999972,2.2817512833694953,51,sub-pt7,03,False
MFP3-MFP4,0.0819210433021945,True,3.4999999999999716,12.749999999999972,2.048474952775597,52,sub-pt7,03,False
G5-G6,0.08134969339962414,True,4.249999999999972,4.999999999999972,2.324786370985241,53,sub-pt7,03,False
LSF3-LSF4,0.07940710617206874,True,4.749999999999972,9.249999999999972,2.458377690351292,54,sub-pt7,03,False
G62-G63,0.0767047029013667,True,6.249999999999972,10.749999999999972,2.9227243593830736,55,sub-pt7,03,False
G9-G10,0.06604028682799422,True,4.499999999999972,12.499999999999972,1.9659155064803957,56,sub-pt7,03,False
G53-G54,0.058855812147156815,True,7.749999999999972,11.999999999999972,2.6631083864443403,57,sub-pt7,03,False
MFP2-MFP3,0.055332914544621116,True,3.9999999999999716,13.499999999999972,1.5153999588905607,58,sub-pt7,03,False
G61-G62,0.044702783396511535,True,14.249999999999972,17.74999999999997,3.4066728381235025,59,sub-pt7,03,False
PT1-PT2,0.04462229836619,True,8.749999999999972,14.749999999999972,2.2316039164987305,60,sub-pt7,03,True
G4-G5,0.043890081352325985,True,14.499999999999972,16.24999999999997,3.397000659816718,61,sub-pt7,03,False
LFP1-LFP2,0.040325252073182535,True,8.999999999999972,17.49999999999997,2.064721286311074,62,sub-pt7,03,False
G54-G55,0.03333544674041083,True,11.749999999999972,22.99999999999997,2.143462689063208,63,sub-pt7,03,False
LSF4-LSF5,0.029772920900027575,True,15.249999999999972,20.49999999999997,2.410717080963484,64,sub-pt7,03,False
G15-G16,0.02864937592300939,True,21.49999999999997,25.74999999999997,3.1725903824732993,65,sub-pt7,03,False
G42-G43,0.02815839041729907,True,16.99999999999997,19.74999999999997,2.5146930313799727,66,sub-pt7,03,False
AT1-AT2,0.0,False,,,,67,sub-pt7,03,False
AT2-AT3,0.0,False,,,,67,sub-pt7,03,True
AT3-AT4,0.0,False,,,,67,sub-pt7,03,True
AT4-AT5,0.0,False,,,,67,sub-pt7,03,True
AT5-AT6,0.0,False,,,,67,sub-pt7,03,False
G1-G2,0.0,False,,,,67,sub-pt7,03,False
G12-G13,0.0,False,,,,67,sub-pt7,03,False
G13-G14,0.0,False,,,,67,sub-pt7,03,False
G14-G15,0.0,False,,,,67,sub-pt7,03,False
G6-G7,0.0,False,,,,67,sub-pt7,03,False
G60-G61,0.0,False,,,,67,sub-pt7,03,False
G7-G8,0.0,False,,,,67,sub-pt7,03,False
LSF5-LSF6,0.0,False,,,,67,sub-pt7,03,False
MT1-MT2,0.0,False,,,,67,sub-pt7,03,True
MT4-MT5,0.0,False,,,,67,sub-pt7,03,False
MT5-MT6,0.0,False,,,,67,sub-pt7,03,False
PF1-PF2,0.0,False,,,,67,sub-pt7,03,False
G12-G13,1.0,True,-5.0,-4.25,3.185611610940085,1,sub-pt8,01,False
G8-G9,0.9244094212675992,True,-5.0,-0.75,2.944809385652468,2,sub-pt8,01,False
G27-G28,0.41279475104723984,True,-1.25,1.0,6.246267821388242,3,sub-pt8,01,True
G10-G11,0.36322077292539084,True,-3.25,-0.5,3.181970856805832,4,sub-pt8,01,False
G31-G32,0.29715957029259765,True,-2.75,0.25,3.0765636766347124,5,sub-pt8,01,True
G30-G31,0.2826053232080724,True,-2.75,0.25,2.92588009650661,6,sub-pt8,01,True
PST1-PST2,0.27616851649697394,True,-2.0,-0.75,3.519062530915434,7,sub-pt8,01,False
G18-G19,0.2722503857759022,True,-1.5,-1.0,3.902777955047841,8,sub-pt8,01,True
G28-G29,0.2580281351977729,True,-3.0,0.0,2.4659322703057303,9,sub-pt8,01,True
G21-G22,0.25533770235263953,True,-1.5,1.25,3.660330371963994,10,sub-pt8,01,True
AST3-AST4,0.24622493393324285,True,-2.5,0.5,2.745319529542428,11,sub-pt8,01,False
G22-G23,0.2329156706343945,True,-0.25,1.5,4.266378472271237,12,sub-pt8,01,True
MST3-MST4,0.20053252855458928,True,-0.5,2.25,3.5135031323407055,13,sub-pt8,01,True
G29-G30,0.19087931521929757,True,-1.75,6.25,2.5842862921162686,14,sub-pt8,01,True
G19-G20,0.1588515182017803,True,-1.5,1.0,2.2771765835957316,15,sub-pt8,01,True
TO4-TO5,0.1575526461721407,True,-0.25,1.25,2.8859338491367614,16,sub-pt8,01,True
TO5-TO6,0.15748183680599812,True,7.75,8.75,6.898044557818689,17,sub-pt8,01,True
G26-G27,0.15257290328288328,True,-0.25,0.75,2.7947185702235515,18,sub-pt8,01,False
AST2-AST3,0.14792795145842558,True,-1.25,0.25,2.2383947488055735,19,sub-pt8,01,False
G14-G15,0.09226629549833017,True,6.5,10.0,3.6740572779738683,20,sub-pt8,01,False
G20-G21,0.08874197448865129,True,12.0,13.0,5.088554357558333,21,sub-pt8,01,True
G24-G25,0.07569926467678934,True,6.75,9.75,3.074642820298586,22,sub-pt8,01,False
TO3-TO4,0.057341184689280754,True,8.0,12.75,2.5573344122372563,23,sub-pt8,01,False
G7-G8,0.056774127653070425,True,8.75,9.25,2.6676897237260815,24,sub-pt8,01,False
G13-G14,0.056238886168949453,True,13.0,15.5,3.403949726556719,25,sub-pt8,01,False
G11-G12,0.05519510261647862,True,19.25,22.749999999999993,4.4397115339926145,26,sub-pt8,01,False
G15-G16,0.0545612501315082,True,8.0,14.75,2.4333533269687426,27,sub-pt8,01,False
G25-G26,0.0485096298852674,True,16.75,19.999999999999993,3.5156221146617925,28,sub-pt8,01,False
PST3-PST4,0.04731642659890375,True,8.0,10.0,2.1102446114632687,29,sub-pt8,01,False
G23-G24,0.04248688704611555,True,15.0,16.5,2.842281134422917,30,sub-pt8,01,True
PPST2-PPST3,0.041144289536493156,True,15.5,19.499999999999993,2.817999119133664,31,sub-pt8,01,False
PPST1-PPST2,0.039788345075150715,True,8.75,17.75,1.8695656572594899,32,sub-pt8,01,False
G16-G17,0.039580150671220615,True,24.749999999999993,28.249999999999993,3.8771748668856993,33,sub-pt8,01,False
G6-G7,0.03836070533143684,True,23.749999999999993,26.999999999999993,3.635518672153372,34,sub-pt8,01,False
TT1-TT2,0.03693100490038467,True,10.0,12.5,1.8823654082296095,35,sub-pt8,01,False
PST2-PST3,0.03408806656585046,True,13.5,19.999999999999993,2.1175311426100984,36,sub-pt8,01,False
PPST3-PPST4,0.03231626060679517,True,22.249999999999993,25.749999999999993,2.908254304065619,37,sub-pt8,01,False
AST1-AST2,0.03179634198292682,True,11.25,19.999999999999993,1.7472662345575256,38,sub-pt8,01,False
G9-G10,0.02693021005185696,True,18.5,23.249999999999993,2.101835150743147,39,sub-pt8,01,False
G1-G2,0.0,False,,,,40,sub-pt8,01,False
G17-G18,0.0,False,,,,40,sub-pt8,01,False
G2-G3,0.0,False,,,,40,sub-pt8,01,False
G3-G4,0.0,False,,,,40,sub-pt8,01,False
G4-G5,0.0,False,,,,40,sub-pt8,01,False
G5-G6,0.0,False,,,,40,sub-pt8,01,False
TO1-TO2,0.0,False,,,,40,sub-pt8,01,False
TO2-TO3,0.0,False,,,,40,sub-pt8,01,False
TT2-TT3,0.0,False,,,,40,sub-pt8,01,False
TT3-TT4,0.0,False,,,,40,sub-pt8,01,False
TT4-TT5,0.0,False,,,,40,sub-pt8,01,False
TT5-TT6,0.0,False,,,,40,sub-pt8,01,False
G21-G22,1.0,True,-5.75,0.5,2.0846817032186205,1,sub-pt8,02,True
G29-G30,0.31236295296388616,True,5.5,6.75,7.976922326887613,2,sub-pt8,02,True
TO3-TO4,0.30982922089521225,True,8.25,9.75,9.688429618840939,3,sub-pt8,02,False
TO4-TO5,0.2787088912769447,True,7.5,9.25,8.27952539791387,4,sub-pt8,02,True
G22-G23,0.2718074175648753,True,-0.75,2.75,3.399791701179595,5,sub-pt8,02,True
G28-G29,0.25986902499346043,True,4.5,6.25,6.094622268417704,6,sub-pt8,02,True
G14-G15,0.1941893011231591,True,6.25,8.75,5.2626974791593915,7,sub-pt8,02,False
G27-G28,0.18511254621540352,True,6.0,8.0,4.920234411176153,8,sub-pt8,02,True
TO1-TO2,0.13925743808544044,True,3.5,4.25,2.97565119044163,9,sub-pt8,02,False
G7-G8,0.12610156618081886,True,9.5,13.0,4.2718264511709325,10,sub-pt8,02,False
TO2-TO3,0.12271016665027455,True,1.5,8.75,2.1104460235215647,11,sub-pt8,02,False
TO5-TO6,0.12113914729471689,True,6.75,7.75,3.4092436127688237,12,sub-pt8,02,True
G24-G25,0.11990027035438992,True,5.75,9.75,3.124423747734533,13,sub-pt8,02,False
PPST1-PPST2,0.10972560320208713,True,9.0,10.25,3.6027015785777765,14,sub-pt8,02,False
G30-G31,0.10274051791656219,True,7.5,10.25,3.0520832097880346,15,sub-pt8,02,True
MST3-MST4,0.10177159407042956,True,9.75,11.25,3.500662771089283,16,sub-pt8,02,True
G26-G27,0.09653660594477143,True,5.75,8.0,2.5156012012986357,17,sub-pt8,02,False
G13-G14,0.08997616177709575,True,11.5,15.25,3.4231827618315394,18,sub-pt8,02,False
PPST2-PPST3,0.08927648771903171,True,8.25,14.0,2.791695907132309,19,sub-pt8,02,False
AST1-AST2,0.08547810777704705,True,15.25,16.25,3.9202822407883033,20,sub-pt8,02,False
G10-G11,0.08430070893552513,True,14.75,18.0,3.778413127954326,21,sub-pt8,02,False
G15-G16,0.0821127013827176,True,7.5,13.25,2.439298557985281,22,sub-pt8,02,False
TT1-TT2,0.08059815819993013,True,8.25,10.5,2.5203225856877127,23,sub-pt8,02,False
G31-G32,0.08034601295230251,True,16.0,19.25,3.810530886167263,24,sub-pt8,02,True
G23-G24,0.07825525681714143,True,7.25,9.0,2.2839222289431653,25,sub-pt8,02,True
G11-G12,0.07738504335304434,True,16.0,18.5,3.6701024355648215,26,sub-pt8,02,False
G19-G20,0.07484514411196498,True,7.0,12.75,2.145389159443396,27,sub-pt8,02,True
PST2-PST3,0.06804355922693192,True,12.5,15.0,2.730596386638457,28,sub-pt8,02,False
G12-G13,0.06547984163428734,True,16.0,20.499999999999993,3.105480282100826,29,sub-pt8,02,False
G6-G7,0.06186354604572455,True,20.749999999999993,23.499999999999993,3.5465595697879757,30,sub-pt8,02,False
G20-G21,0.061399610071260734,True,9.25,20.249999999999993,2.04797829920504,31,sub-pt8,02,True
PPST3-PPST4,0.056339738211453175,True,16.75,22.249999999999993,2.76008490321827,32,sub-pt8,02,False
AST2-AST3,0.052122919624171225,True,9.75,16.25,1.7928849981709347,33,sub-pt8,02,False
G8-G9,0.05175547065359049,True,19.0,22.999999999999993,2.7782623298599654,34,sub-pt8,02,False
G2-G3,0.05165006484273618,True,16.25,21.999999999999993,2.476500738397271,35,sub-pt8,02,False
G18-G19,0.047002572201469785,True,14.5,24.999999999999993,2.0821897982930944,36,sub-pt8,02,True
G5-G6,0.044887272020656496,True,22.499999999999993,26.999999999999993,2.737088484649146,37,sub-pt8,02,False
G17-G18,0.04416936286252842,True,19.25,23.499999999999993,2.394055627660763,38,sub-pt8,02,False
G9-G10,0.04184990924536102,True,15.75,20.999999999999993,1.962984151916188,39,sub-pt8,02,False
AST3-AST4,0.04110463667025898,True,27.749999999999993,29.999999999999993,2.9563078974458623,40,sub-pt8,02,False
G16-G17,0.037553556180617925,True,15.25,21.749999999999993,1.722318652131588,41,sub-pt8,02,False
PST3-PST4,0.03630563643835379,True,17.5,23.249999999999993,1.8353781281635275,42,sub-pt8,02,False
G1-G2,0.03588214561526742,True,23.749999999999993,26.999999999999993,2.2814869993094136,43,sub-pt8,02,False
G25-G26,0.030951906394681216,True,17.5,24.499999999999993,1.5647281688126384,44,sub-pt8,02,False
TT5-TT6,0.030666328648533102,True,25.749999999999993,29.999999999999993,2.077709862750793,45,sub-pt8,02,False
G3-G4,0.0,False,,,,46,sub-pt8,02,False
G4-G5,0.0,False,,,,46,sub-pt8,02,False
PST1-PST2,0.0,False,,,,46,sub-pt8,02,False
TT2-TT3,0.0,False,,,,46,sub-pt8,02,False
TT3-TT4,0.0,False,,,,46,sub-pt8,02,False
TT4-TT5,0.0,False,,,,46,sub-pt8,02,False
PPST2-PPST3,1.0,True,-2.5,1.25,3.041984199723747,1,sub-pt8,03,False
PPST1-PPST2,0.9588014132745015,True,-2.5,2.5,2.916658749853832,2,sub-pt8,03,False
G21-G22,0.611376529125732,True,-0.75,0.75,5.114443789626661,3,sub-pt8,03,True
G22-G23,0.415047507813137,True,-0.5,0.25,3.787703882706843,4,sub-pt8,03,True
G29-G30,0.3792773433272772,True,0.0,1.75,4.038144900001717,5,sub-pt8,03,True
G28-G29,0.3605206075702317,True,4.5,7.0,8.773583935227602,6,sub-pt8,03,True
TO4-TO5,0.3124288874175577,True,0.0,0.75,3.32641308671518,7,sub-pt8,03,True
TO5-TO6,0.30556557648487664,True,-0.25,0.75,3.020958380851037,8,sub-pt8,03,True
G24-G25,0.19796208554351652,True,6.0,7.75,5.720876595493511,9,sub-pt8,03,False
TT1-TT2,0.1847185681371983,True,9.0,10.75,7.023887070861894,10,sub-pt8,03,False
G27-G28,0.18135658296685397,True,1.0,3.0,2.4825773695547637,11,sub-pt8,03,True
G26-G27,0.15971044165250106,True,5.25,7.5,4.251070600330834,12,sub-pt8,03,False
TO3-TO4,0.13940280080049333,True,3.5,5.5,2.9684278220263636,13,sub-pt8,03,False
TO2-TO3,0.1349886450198568,True,2.0,15.75,2.258483289108871,14,sub-pt8,03,False
MST3-MST4,0.13014620044470548,True,9.75,10.75,5.245710581641078,15,sub-pt8,03,True
G14-G15,0.11836969141497922,True,6.75,9.25,3.69080699285806,16,sub-pt8,03,False
G30-G31,0.11620208877935993,True,7.0,10.0,3.7115916394379447,17,sub-pt8,03,True
G19-G20,0.10194738249673539,True,7.0,9.25,3.2562844309617547,18,sub-pt8,03,True
G17-G18,0.09987415010138563,True,20.749999999999993,21.999999999999993,7.367527974304382,19,sub-pt8,03,False
G12-G13,0.08377830471009233,True,5.5,9.0,2.293670512869682,20,sub-pt8,03,False
G15-G16,0.07797292106169391,True,9.75,14.0,3.142799218856733,21,sub-pt8,03,False
AST2-AST3,0.07684970425886825,True,9.75,12.75,3.0975265159431897,22,sub-pt8,03,False
G6-G7,0.06668742490272295,True,22.749999999999993,25.249999999999993,5.325129937951611,23,sub-pt8,03,False
G16-G17,0.06538292176120813,True,13.25,16.5,3.3314714000669325,24,sub-pt8,03,False
PST2-PST3,0.06046193139634836,True,7.5,13.0,2.0231666399172012,25,sub-pt8,03,False
G31-G32,0.05911646918472862,True,17.75,21.249999999999993,3.821416510572255,26,sub-pt8,03,True
G11-G12,0.05743927928377375,True,7.25,19.749999999999993,1.8783408352661624,27,sub-pt8,03,False
G13-G14,0.05637583326886037,True,6.0,16.75,1.6291967434762693,28,sub-pt8,03,False
AST1-AST2,0.05620890495468667,True,10.75,15.25,2.4365590607720122,29,sub-pt8,03,False
G7-G8,0.05588263235269131,True,9.25,14.5,2.16742457936219,30,sub-pt8,03,False
G23-G24,0.054510583898783674,True,8.25,15.0,1.9483889355193338,31,sub-pt8,03,True
PPST3-PPST4,0.05209628899744909,True,21.499999999999993,24.249999999999993,3.9619021998620547,32,sub-pt8,03,False
G20-G21,0.05196933714929052,True,7.25,13.5,1.6994664516412747,33,sub-pt8,03,True
PST3-PST4,0.04965460025125798,True,6.25,15.0,1.4727229667272743,34,sub-pt8,03,False
G10-G11,0.04781873840831134,True,11.5,18.5,2.1819577003320925,35,sub-pt8,03,False
G25-G26,0.04494271901588441,True,18.0,19.999999999999993,2.939373384487304,36,sub-pt8,03,False
TT5-TT6,0.04411604175237869,True,26.749999999999993,28.249999999999993,4.059559134443944,37,sub-pt8,03,False
PST1-PST2,0.043185089188761065,True,11.75,23.499999999999993,2.0033674743820473,38,sub-pt8,03,False
G5-G6,0.04216095586188214,True,24.499999999999993,27.749999999999993,3.5910829241586804,39,sub-pt8,03,False
G8-G9,0.04187155350588433,True,14.0,20.999999999999993,2.229020573198783,40,sub-pt8,03,False
G18-G19,0.04089144419697161,True,11.25,17.5,1.834769125478326,41,sub-pt8,03,True
G4-G5,0.039053368009476244,True,16.5,19.999999999999993,2.3759945686164716,42,sub-pt8,03,False
G9-G10,0.03570094850188726,True,15.5,19.999999999999993,2.063432703899952,43,sub-pt8,03,False
TT2-TT3,0.029325703129507157,True,25.999999999999993,27.249999999999993,2.631645604189625,44,sub-pt8,03,False
AST3-AST4,0.0,False,,,,45,sub-pt8,03,False
G1-G2,0.0,False,,,,45,sub-pt8,03,False
G2-G3,0.0,False,,,,45,sub-pt8,03,False
G3-G4,0.0,False,,,,45,sub-pt8,03,False
TO1-TO2,0.0,False,,,,45,sub-pt8,03,False
TT3-TT4,0.0,False,,,,45,sub-pt8,03,False
TT4-TT5,0.0,False,,,,45,sub-pt8,03,False
C41-C42,1.0,True,-3.750273529411757,-3.250273529411757,34.69272495300578,1,sub-umf001,01,True
C58-C59,0.5725997035581086,True,-3.750273529411757,-3.250273529411757,19.865044023714105,2,sub-umf001,01,True
C43-C44,0.5049531417220057,True,-2.500273529411757,-1.250273529411757,21.689200569421896,3,sub-umf001,01,True
BTM4-BTM5,0.43051020669285134,True,0.24972647058824293,1.499726470588243,26.315055763785715,4,sub-umf001,01,True
BTM5-BTM6,0.39368741867102397,True,-8.000273529411757,-6.000273529411757,2.601540825411936,5,sub-umf001,01,True
C57-C58,0.3509331682813689,True,-4.750273529411757,-3.250273529411757,9.855813049011008,6,sub-umf001,01,True
C49-C50,0.30957722060045967,True,-3.500273529411757,-1.250273529411757,11.25150962153192,7,sub-umf001,01,True
C59-C60,0.286987333932907,True,-3.750273529411757,-2.750273529411757,9.956372641130764,8,sub-umf001,01,True
C44-C45,0.2806379793475395,True,-3.750273529411757,-2.000273529411757,9.736096228871503,9,sub-umf001,01,False
C45-C46,0.23730134950457907,True,-3.750273529411757,-1.500273529411757,8.232630449339455,10,sub-umf001,01,False
C34-C35,0.2346463041975185,True,-3.750273529411757,-2.000273529411757,8.140519692763835,11,sub-umf001,01,True
C42-C43,0.23169623863252767,True,-5.500273529411757,-1.500273529411757,5.358782586349515,12,sub-umf001,01,True
C33-C34,0.20626156092117442,True,-3.500273529411757,-2.500273529411757,7.496526820530994,13,sub-umf001,01,True
BTP5-BTP6,0.1644342544340634,True,-3.500273529411757,-2.250273529411757,5.976323426787509,14,sub-umf001,01,True
C26-C27,0.12862862495281513,True,-5.500273529411757,-3.250273529411757,2.9749850043809003,15,sub-umf001,01,False
C51-C52,0.12142278677565967,True,-3.750273529411757,-1.500273529411757,4.212487344635428,16,sub-umf001,01,True
C27-C28,0.11956082215144581,True,-6.500273529411757,0.49972647058824293,1.9751860562168333,17,sub-umf001,01,False
C52-C53,0.11213104768545212,True,-2.750273529411757,-0.5002735294117571,4.6311090429092445,18,sub-umf001,01,True
C38-C39,0.096781406165589,True,-2.750273529411757,0.49972647058824293,3.9971556007951383,19,sub-umf001,01,False
C62-C63,0.08191324896966663,True,0.24972647058824293,2.749726470588243,5.006970057663521,20,sub-umf001,01,True
C50-C51,0.07744926767997083,True,-3.500273529411757,-1.000273529411757,2.814875005310707,21,sub-umf001,01,True
BTM3-BTM4,0.07333636442571716,True,0.49972647058824293,3.749726470588243,4.603859817278214,22,sub-umf001,01,True
BTP4-BTP5,0.06833743821919967,True,1.499726470588243,3.249726470588243,4.741623896263437,23,sub-umf001,01,True
C61-C62,0.06544939686033473,True,-2.250273529411757,1.749726470588243,2.9193659017916307,24,sub-umf001,01,True
C56-C57,0.06143773366750558,True,-3.500273529411757,2.749726470588243,2.232939652808641,25,sub-umf001,01,True
C32-C33,0.05602191181818357,True,-2.750273529411757,2.999726470588243,2.3137533072021266,26,sub-umf001,01,True
C28-C29,0.04707323343981457,True,0.24972647058824293,4.249726470588243,2.8773644473293563,27,sub-umf001,01,False
BTM2-BTM3,0.03693987774782223,True,2.999726470588243,5.749726470588243,2.929245756577955,28,sub-umf001,01,True
BTP2-BTP3,0.03657493182913366,True,1.749726470588243,3.999726470588243,2.598191150252002,29,sub-umf001,01,True
C60-C61,0.033082813300585254,True,9.999726470588243,11.249726470588243,4.153700172889155,30,sub-umf001,01,True
BTP1-BTP2,0.028189666759307598,True,6.499726470588243,10.999726470588243,2.887358763554666,31,sub-umf001,01,True
C20-C21,0.02544030206126595,True,5.249726470588243,8.499726470588243,2.3956106629321177,32,sub-umf001,01,False
C31-C32,0.02471419509997101,True,5.249726470588243,6.249726470588243,2.3272360982465896,33,sub-umf001,01,False
C63-C64,0.02353724796940271,True,10.749726470588243,11.749726470588243,3.071863348871494,34,sub-umf001,01,True
C35-C36,0.013621399454000777,True,20.749726470588243,21.999726470588243,2.6778596334851414,35,sub-umf001,01,False
BTP3-BTP4,0.01212268678773182,True,18.499726470588243,22.249726470588243,2.2029806774287564,36,sub-umf001,01,True
BTM1-BTM2,0.0,False,,,,37,sub-umf001,01,True
C1-C2,0.0,False,,,,37,sub-umf001,01,False
C10-C11,0.0,False,,,,37,sub-umf001,01,False
C11-C12,0.0,False,,,,37,sub-umf001,01,False
C12-C13,0.0,False,,,,37,sub-umf001,01,False
C13-C14,0.0,False,,,,37,sub-umf001,01,False
C14-C15,0.0,False,,,,37,sub-umf001,01,False
C15-C16,0.0,False,,,,37,sub-umf001,01,False
C16-C17,0.0,False,,,,37,sub-umf001,01,False
C17-C18,0.0,False,,,,37,sub-umf001,01,False
C18-C19,0.0,False,,,,37,sub-umf001,01,False
C19-C20,0.0,False,,,,37,sub-umf001,01,False
C2-C3,0.0,False,,,,37,sub-umf001,01,False
C21-C22,0.0,False,,,,37,sub-umf001,01,False
C22-C23,0.0,False,,,,37,sub-umf001,01,False
C23-C24,0.0,False,,,,37,sub-umf001,01,False
C24-C25,0.0,False,,,,37,sub-umf001,01,False
C25-C26,0.0,False,,,,37,sub-umf001,01,False
C29-C30,0.0,False,,,,37,sub-umf001,01,False
C3-C4,0.0,False,,,,37,sub-umf001,01,False
C30-C31,0.0,False,,,,37,sub-umf001,01,False
C36-C37,0.0,False,,,,37,sub-umf001,01,False
C37-C38,0.0,False,,,,37,sub-umf001,01,False
C39-C40,0.0,False,,,,37,sub-umf001,01,False
C4-C5,0.0,False,,,,37,sub-umf001,01,False
C40-C41,0.0,False,,,,37,sub-umf001,01,True
C46-C47,0.0,False,,,,37,sub-umf001,01,False
C47-C48,0.0,False,,,,37,sub-umf001,01,False
C48-C49,0.0,False,,,,37,sub-umf001,01,True
C5-C6,0.0,False,,,,37,sub-umf001,01,False
C53-C54,0.0,False,,,,37,sub-umf001,01,True
C54-C55,0.0,False,,,,37,sub-umf001,01,True
C55-C56,0.0,False,,,,37,sub-umf001,01,True
C6-C7,0.0,False,,,,37,sub-umf001,01,False
C7-C8,0.0,False,,,,37,sub-umf001,01,False
C8-C9,0.0,False,,,,37,sub-umf001,01,False
C9-C10,0.0,False,,,,37,sub-umf001,01,False
LFUP4-LFUP5,1.0,True,-7.986646966386559,-6.986146966386556,4.034387081625874,1,sub-ummc002,01,False
G18-G19,0.7343762907502166,True,-7.736521966386562,-5.985646966386561,3.703818120346299,2,sub-ummc002,01,False
G25-G26,0.46685998309160137,True,-7.486396966386565,-4.985146966386566,2.8257117005404124,3,sub-ummc002,01,False
ANT1-ANT2,0.27962208904107344,True,1.2679780336134456,5.269978033613441,11.568280853401516,4,sub-ummc002,01,True
G17-G18,0.19342227481046587,True,-5.985646966386561,-4.985146966386566,2.3418013207088917,5,sub-ummc002,01,False
ANT2-ANT3,0.14199833981498006,True,5.770228033613435,6.270478033613443,8.453863473828537,6,sub-ummc002,01,True
G30-G31,0.09597561333625783,True,-2.483896966386567,-1.2332719663865674,2.5178828424971034,7,sub-ummc002,01,False
G9-G10,0.06856349180723295,True,2.768728033613442,6.52060303361344,3.2516738587172775,8,sub-ummc002,01,False
G10-G11,0.04986207616818246,True,9.522103033613433,10.772728033613433,3.723274120699885,9,sub-ummc002,01,False
LFL4-LFL5,0.04861774719322612,True,2.518603033613445,6.52060303361344,2.2566720787210715,10,sub-ummc002,01,False
G24-G25,0.03475805436530253,True,5.520103033613438,6.7707280336134374,2.0342444952076995,11,sub-ummc002,01,False
ANT3-ANT4,0.02652084901135101,True,5.770228033613435,6.52060303361344,1.578917310189071,12,sub-ummc002,01,True
LFL5-LFL6,0.025954959962610612,True,5.019853033613444,6.020353033613432,1.4666536027904749,13,sub-ummc002,01,False
G28-G29,0.024585973861396576,True,21.277978033613437,24.52960303361344,3.0019280379314774,14,sub-ummc002,01,False
MEST5-MEST6,0.016851648264854125,True,21.778228033613445,25.78022803361344,2.091583008784739,15,sub-ummc002,01,False
G11-G12,0.0,False,,,,16,sub-ummc002,01,False
G12-G13,0.0,False,,,,16,sub-ummc002,01,False
G13-G14,0.0,False,,,,16,sub-ummc002,01,False
G14-G15,0.0,False,,,,16,sub-ummc002,01,False
G19-G20,0.0,False,,,,16,sub-ummc002,01,False
G20-G21,0.0,False,,,,16,sub-ummc002,01,False
G21-G22,0.0,False,,,,16,sub-ummc002,01,False
G29-G30,0.0,False,,,,16,sub-ummc002,01,False
G31-G32,0.0,False,,,,16,sub-ummc002,01,False
G4-G5,0.0,False,,,,16,sub-ummc002,01,False
G5-G6,0.0,False,,,,16,sub-ummc002,01,False
G6-G7,0.0,False,,,,16,sub-ummc002,01,False
G7-G8,0.0,False,,,,16,sub-ummc002,01,False
G8-G9,0.0,False,,,,16,sub-ummc002,01,False
LFL1-LFL2,0.0,False,,,,16,sub-ummc002,01,False
LFL2-LFL3,0.0,False,,,,16,sub-ummc002,01,False
LFL3-LFL4,0.0,False,,,,16,sub-ummc002,01,False
LFUP3-LFUP4,0.0,False,,,,16,sub-ummc002,01,False
LFUP5-LFUP6,0.0,False,,,,16,sub-ummc002,01,False
MEST1-MEST2,0.0,False,,,,16,sub-ummc002,01,True
MEST2-MEST3,0.0,False,,,,16,sub-ummc002,01,True
MEST3-MEST4,0.0,False,,,,16,sub-ummc002,01,True
MEST4-MEST5,0.0,False,,,,16,sub-ummc002,01,True
SUBT2-SUBT3,0.0,False,,,,16,sub-ummc002,01,False
SUBT3-SUBT4,0.0,False,,,,16,sub-ummc002,01,False
MEST5-MEST6,1.0,True,-5.234829176470583,-3.984204176470584,3.1405801966920626,1,sub-ummc002,02,False
ANT1-ANT2,0.5169670992285019,True,-0.2323291764705857,3.2694208235294155,9.745518746655682,2,sub-ummc002,02,True
ANT2-ANT3,0.08541790272089446,True,3.0192958235294114,4.019795823529414,2.4825279868025714,3,sub-ummc002,02,True
G7-G8,0.05400264422745589,True,12.023795823529419,16.77617082352942,3.0966561361451586,4,sub-ummc002,02,False
G9-G10,0.04134730586992817,True,11.273420823529413,12.774170823529417,2.273525574901666,5,sub-ummc002,02,False
G17-G18,0.026839449549240703,True,27.281420823529423,29.532545823529425,2.825133101400293,6,sub-ummc002,02,False
IF2-IF3,0.026809264158377425,True,9.522545823529413,10.022795823529414,1.3267180948833257,7,sub-ummc002,02,False
ANT3-ANT4,0.0,False,,,,8,sub-ummc002,02,True
G10-G11,0.0,False,,,,8,sub-ummc002,02,False
G11-G12,0.0,False,,,,8,sub-ummc002,02,False
G12-G13,0.0,False,,,,8,sub-ummc002,02,False
G13-G14,0.0,False,,,,8,sub-ummc002,02,False
G14-G15,0.0,False,,,,8,sub-ummc002,02,False
G18-G19,0.0,False,,,,8,sub-ummc002,02,False
G19-G20,0.0,False,,,,8,sub-ummc002,02,False
G20-G21,0.0,False,,,,8,sub-ummc002,02,False
G21-G22,0.0,False,,,,8,sub-ummc002,02,False
G24-G25,0.0,False,,,,8,sub-ummc002,02,False
G25-G26,0.0,False,,,,8,sub-ummc002,02,False
G28-G29,0.0,False,,,,8,sub-ummc002,02,False
G29-G30,0.0,False,,,,8,sub-ummc002,02,False
G30-G31,0.0,False,,,,8,sub-ummc002,02,False
G31-G32,0.0,False,,,,8,sub-ummc002,02,False
G4-G5,0.0,False,,,,8,sub-ummc002,02,False
G5-G6,0.0,False,,,,8,sub-ummc002,02,False
G6-G7,0.0,False,,,,8,sub-ummc002,02,False
G8-G9,0.0,False,,,,8,sub-ummc002,02,False
IF1-IF2,0.0,False,,,,8,sub-ummc002,02,False
IF3-IF4,0.0,False,,,,8,sub-ummc002,02,False
IF4-IF5,0.0,False,,,,8,sub-ummc002,02,False
IF5-IF6,0.0,False,,,,8,sub-ummc002,02,False
MEST1-MEST2,0.0,False,,,,8,sub-ummc002,02,True
MEST2-MEST3,0.0,False,,,,8,sub-ummc002,02,True
MEST3-MEST4,0.0,False,,,,8,sub-ummc002,02,True
MEST4-MEST5,0.0,False,,,,8,sub-ummc002,02,True
SUBT2-SUBT3,0.0,False,,,,8,sub-ummc002,02,False
SUBT3-SUBT4,0.0,False,,,,8,sub-ummc002,02,False
SUPF3-SUPF4,0.0,False,,,,8,sub-ummc002,02,False
SUPF4-SUPF5,0.0,False,,,,8,sub-ummc002,02,False
SUPF5-SUPF6,0.0,False,,,,8,sub-ummc002,02,False
LF4-LF5,1.0,True,-6.461884966386563,-1.747528966386568,3.303801878816447,1,sub-ummc003,01,False
SF3-SF4,0.7273776055234712,True,-6.461884966386563,-1.747528966386568,2.4031114997374527,2,sub-ummc003,01,False
SF2-SF3,0.49403115514375157,True,-2.7400249663865566,-0.7550329663865654,7.706930453161678,3,sub-ummc003,01,False
SF1-SF2,0.44516518597614546,True,-3.484396966386562,-1.995652966386558,5.849841066894955,4,sub-ummc003,01,False
G22-G23,0.26973381425205284,True,-3.7325209663865593,-2.7400249663865566,3.3234118474580017,5,sub-ummc003,01,False
LF5-LF6,0.21506754098058803,True,-3.484396966386562,-0.2587849663865569,2.826166495085657,6,sub-ummc003,01,False
G10-G11,0.21115114116088393,True,6.688687033613434,9.418051033613438,9.871460774953242,7,sub-ummc003,01,True
G15-G16,0.15753475625944538,True,-2.2437769663865623,-1.0031569663865554,2.7158353985841233,8,sub-ummc003,01,False
G21-G22,0.15463477226471717,True,3.2149510336134455,5.944315033613435,5.45461028145126,9,sub-ummc003,01,False
G5-G6,0.13731402509481277,True,6.688687033613434,7.681183033613436,6.4195249200267925,10,sub-ummc003,01,False
G25-G26,0.1294391554943489,True,-2.7400249663865566,3.2149510336134455,2.019262467405836,11,sub-ummc003,01,True
G31-G32,0.12313953730908678,True,3.959323033613444,6.936811033613438,4.6464744574742864,12,sub-ummc003,01,False
MEST4-MEST5,0.12154710841809746,True,12.89178703361344,14.132407033613433,8.173374507032339,13,sub-ummc003,01,True
G29-G30,0.11429037166425579,True,4.455571033613438,7.184935033613442,4.499944920106829,14,sub-ummc003,01,False
ANTT2-ANTT3,0.11395780613186435,True,-1.0031569663865554,3.959323033613444,2.4316724300816697,15,sub-ummc003,01,False
G24-G25,0.11323394898937394,True,-2.988148966386561,3.4630750336134355,1.6736359714383866,16,sub-ummc003,01,False
ANTT3-ANTT4,0.11205226927535723,True,-0.5069089663865611,4.207447033613434,2.5747216671399658,17,sub-ummc003,01,False
G20-G21,0.10334745423043597,True,3.4630750336134355,7.184935033613442,3.730213026941678,18,sub-ummc003,01,True
G26-G27,0.09650530768804005,True,3.2149510336134455,7.184935033613442,3.4041427799218766,19,sub-ummc003,01,True
G30-G31,0.09495875237284686,True,3.7111990336134397,7.433059033613432,3.505274710864638,20,sub-ummc003,01,False
MEST1-MEST2,0.09101767338997362,True,8.177431033613445,9.914299033613446,4.702810514111801,21,sub-ummc003,01,False
ANTT1-ANTT2,0.09001945315149947,True,0.7337110336134458,5.448067033613441,2.437423017351075,22,sub-ummc003,01,False
G16-G17,0.08441975492272973,True,-1.995652966386558,7.681183033613436,1.5245656943744053,23,sub-ummc003,01,False
G4-G5,0.08387102103597167,True,3.7111990336134397,7.681183033613436,3.0959860114574687,24,sub-ummc003,01,True
G9-G10,0.08009921505929266,True,12.395539033613446,15.124903033613435,5.254908581013392,25,sub-ummc003,01,True
G27-G28,0.07129739509722183,True,2.718703033613437,5.199943033613437,2.398062627838158,26,sub-ummc003,01,True
G11-G12,0.06312312825832622,True,3.4630750336134355,8.921803033613443,2.27836009202029,27,sub-ummc003,01,True
G8-G9,0.062091504461005975,True,5.448067033613441,8.177431033613445,2.648322109014439,28,sub-ummc003,01,False
G3-G4,0.05736301204433061,True,3.959323033613444,7.681183033613436,2.164501963319491,29,sub-ummc003,01,True
G28-G29,0.05220105168536056,True,4.455571033613438,11.899291033613437,2.0553074938441,30,sub-ummc003,01,True
G12-G13,0.044521965009498746,True,6.688687033613434,12.89178703361344,2.081432422286738,31,sub-ummc003,01,True
MEST5-MEST6,0.039595069448898665,True,12.147415033613441,15.37302703361344,2.5651761634709125,32,sub-ummc003,01,True
G19-G20,0.031052467834647757,True,6.936811033613438,7.681183033613436,1.4771795237386978,33,sub-ummc003,01,True
G23-G24,0.028918964284398427,True,15.869275033613434,22.81674703361344,2.2291180200831433,34,sub-ummc003,01,False
LF3-LF4,0.0,False,,,,35,sub-ummc003,01,False
MEST2-MEST3,0.0,False,,,,35,sub-ummc003,01,True
MEST3-MEST4,0.0,False,,,,35,sub-ummc003,01,True
ANTT2-ANTT3,1.0,True,-8.942923773109243,-5.46918777310924,3.6110775319488058,1,sub-ummc003,02,False
G15-G16,0.5539163226931018,True,-8.198551773109237,-7.206055773109242,3.489153556665541,2,sub-ummc003,02,False
G12-G13,0.5246404933980169,True,-8.446675773109241,-6.213559773109239,2.834668017437453,3,sub-ummc003,02,True
G5-G6,0.5137147644552255,True,-7.95042777310924,-7.206055773109242,3.6962072884257453,4,sub-ummc003,02,False
G24-G25,0.4982159398414713,True,-8.198551773109237,-6.461683773109243,3.138293361772752,5,sub-ummc003,02,False
MEST1-MEST2,0.23656204320248694,True,-7.454179773109239,-0.5067077731092411,2.125994328697632,6,sub-ummc003,02,False
G4-G5,0.2198274558027629,True,2.222656226890763,2.9670282268907613,9.657207558551667,7,sub-ummc003,02,True
G25-G26,0.2025941932989916,True,5.200144226890764,7.929508226890761,11.078416258098434,8,sub-ummc003,02,True
G3-G4,0.15988038992205084,True,0.982036226890763,1.7264082268907615,6.307421692406197,9,sub-ummc003,02,True
G28-G29,0.15674699423882188,True,0.982036226890763,1.9745322268907657,6.18380648285532,10,sub-ummc003,02,True
G21-G22,0.15493579278045164,True,0.982036226890763,1.4782842268907643,6.1123529958240965,11,sub-ummc003,02,False
G11-G12,0.14470378029521364,True,0.7339122268907659,1.4782842268907643,5.579037259886371,12,sub-ummc003,02,True
G10-G11,0.14146869010709673,True,0.982036226890763,3.7114002268907598,5.581063976719291,13,sub-ummc003,02,True
G29-G30,0.1357835175373079,True,0.7339122268907659,2.9670282268907613,5.235117576566399,14,sub-ummc003,02,False
G20-G21,0.10977997722623596,True,0.4857882268907616,2.718904226890764,4.13419182203564,15,sub-ummc003,02,True
ANTT1-ANTT2,0.10943770822769806,True,5.696392226890765,7.185136226890762,6.180470782879969,16,sub-ummc003,02,False
LF5-LF6,0.09730453160643794,True,1.4782842268907643,3.959524226890764,4.01311791358513,17,sub-ummc003,02,False
G26-G27,0.0959020571282847,True,0.982036226890763,3.959524226890764,3.783420316726996,18,sub-ummc003,02,True
G22-G23,0.09374498379864887,True,1.23016022689076,1.9745322268907657,3.7823169177422407,19,sub-ummc003,02,False
G27-G28,0.09291488580928448,True,0.982036226890763,5.448268226890761,3.6655737866704854,20,sub-ummc003,02,True
G9-G10,0.0922957310298675,True,5.696392226890765,8.177632226890765,5.212381346910108,21,sub-ummc003,02,True
G23-G24,0.08433095207432374,True,0.982036226890763,4.455772226890765,3.3269300676223543,22,sub-ummc003,02,False
G30-G31,0.08424773854916529,True,0.7339122268907659,2.718904226890764,3.2481616683963397,23,sub-ummc003,02,False
MEST5-MEST6,0.07610065295154353,True,6.937012226890765,8.922004226890763,4.638696856171484,24,sub-ummc003,02,True
G8-G9,0.06879878225248365,True,0.982036226890763,5.448268226890761,2.7141723372204263,25,sub-ummc003,02,False
LF4-LF5,0.06271108659810473,True,1.9745322268907657,6.192640226890759,2.698762681664901,26,sub-ummc003,02,False
MEST3-MEST4,0.06141986483141892,True,2.9670282268907613,4.455772226890765,2.86332270434227,27,sub-ummc003,02,True
MEST4-MEST5,0.06014780883594726,True,2.222656226890763,2.9670282268907613,2.6423445242526893,28,sub-ummc003,02,True
LF3-LF4,0.058143972439522976,True,3.2151522268907655,6.688888226890761,2.7627011175859364,29,sub-ummc003,02,False
MEST2-MEST3,0.05481529759940632,True,7.6813842268907635,8.922004226890763,3.4885958775769685,30,sub-ummc003,02,True
G19-G20,0.05283009473175731,True,0.7339122268907659,9.17012822689076,2.0368580997019734,31,sub-ummc003,02,True
G31-G32,0.026292626225225248,True,13.388236226890761,16.613848226890767,2.215170262575889,32,sub-ummc003,02,False
ANTT3-ANTT4,0.0,False,,,,33,sub-ummc003,02,False
G16-G17,0.0,False,,,,33,sub-ummc003,02,False
SF1-SF2,0.0,False,,,,33,sub-ummc003,02,False
SF2-SF3,0.0,False,,,,33,sub-ummc003,02,False
SF3-SF4,0.0,False,,,,33,sub-ummc003,02,False
SF3-SF4,1.0,True,-6.957790773109245,-5.220922773109244,2.785679371725881,1,sub-ummc003,03,False
G21-G22,0.701570738360058,True,1.974673226890765,3.2152932268907577,19.411522278398515,2,sub-ummc003,03,False
G29-G30,0.666917503689964,True,1.974673226890765,3.463417226890762,18.452713707805202,3,sub-ummc003,03,False
G23-G24,0.448828513739251,True,2.9671692268907535,3.711541226890752,13.65939371721827,4,sub-ummc003,03,False
G31-G32,0.3865516042025952,True,2.9671692268907535,3.463417226890762,11.764093394683584,5,sub-ummc003,03,False
LF5-LF6,0.3774930618635887,True,-5.717170773109238,-3.484054773109243,2.356179159576769,6,sub-ummc003,03,False
G12-G13,0.37647828938364497,True,2.9671692268907535,3.463417226890762,11.457527815765246,7,sub-ummc003,03,True
G3-G4,0.36556305132765754,True,3.711541226890752,4.704037226890755,11.883364482815086,8,sub-ummc003,03,True
G4-G5,0.3599231641086591,True,2.9671692268907535,3.959665226890756,10.953698475055674,9,sub-ummc003,03,True
G22-G23,0.34961885891746813,True,2.9671692268907535,3.959665226890756,10.640103065494369,10,sub-ummc003,03,False
G19-G20,0.3415462265012121,True,3.2152932268907577,4.455913226890765,10.630499797057345,11,sub-ummc003,03,True
G30-G31,0.3122543673741008,True,2.9671692268907535,3.463417226890762,9.502973214312426,12,sub-ummc003,03,False
G11-G12,0.28422443052552787,True,2.9671692268907535,4.20778922689076,8.649925933306003,13,sub-ummc003,03,True
G5-G6,0.28112758146598665,True,2.7190452268907634,3.463417226890762,8.36136450475122,14,sub-ummc003,03,False
G27-G28,0.27832331769259167,True,2.9671692268907535,4.704037226890755,8.470334795293693,15,sub-ummc003,03,True
G25-G26,0.2742884867988941,True,-3.2359307731092386,-1.2509387731092474,3.6078777479962256,16,sub-ummc003,03,True
G20-G21,0.27214808413704067,True,2.7190452268907634,3.463417226890762,8.094294123946762,17,sub-ummc003,03,True
G15-G16,0.26351715816345733,True,2.7190452268907634,3.463417226890762,7.837591036678229,18,sub-ummc003,03,False
G9-G10,0.18405124222091362,True,5.944657226890762,7.185277226890754,7.12789281682404,19,sub-ummc003,03,True
ANTT2-ANTT3,0.17768063661284236,True,-3.484054773109243,4.952161226890759,2.214326115586453,20,sub-ummc003,03,False
G28-G29,0.1650603486263256,True,2.9671692268907535,3.463417226890762,5.0233535080129155,21,sub-ummc003,03,True
G26-G27,0.16320638064529386,True,2.9671692268907535,3.463417226890762,4.96693089265577,22,sub-ummc003,03,True
ANTT3-ANTT4,0.159797386927022,True,-1.7471867731092416,-0.2584427731092447,2.764614873385459,23,sub-ummc003,03,False
G24-G25,0.15974033352624206,True,-2.49155877310924,-0.010318773109240453,2.432393170287461,24,sub-ummc003,03,False
MEST5-MEST6,0.1442938197555531,True,5.696533226890757,7.185277226890754,5.488441788357276,25,sub-ummc003,03,True
SF1-SF2,0.13484890893246368,True,2.7190452268907634,3.711541226890752,4.01070885600298,26,sub-ummc003,03,False
MEST1-MEST2,0.13072101959433738,True,-1.0028147731092432,2.7190452268907634,2.5326325864720265,27,sub-ummc003,03,False
ANTT1-ANTT2,0.12850365164565888,True,-1.4990627731092374,2.7190452268907634,2.312030678607865,28,sub-ummc003,03,False
G10-G11,0.12352448669422669,True,1.4784252268907565,4.704037226890755,3.24699828781734,29,sub-ummc003,03,True
G8-G9,0.11422997980944213,True,1.974673226890765,6.937153226890764,3.160590481745552,30,sub-ummc003,03,False
G16-G17,0.10636005573386961,True,2.9671692268907535,7.185277226890754,3.236901918174973,31,sub-ummc003,03,False
LF4-LF5,0.08572764448995678,True,3.711541226890752,7.4334012268907586,2.7867500340297005,32,sub-ummc003,03,False
MEST4-MEST5,0.07670633586434283,True,3.2152932268907577,9.418393226890764,2.387456293082527,33,sub-ummc003,03,True
MEST2-MEST3,0.07598089274719613,True,2.9671692268907535,7.681525226890763,2.3123596145289285,34,sub-ummc003,03,True
MEST3-MEST4,0.0676917772941314,True,25.546453226890755,28.027693226890754,6.3178144669067215,35,sub-ummc003,03,True
LF3-LF4,0.0,False,,,,36,sub-ummc003,03,False
SF2-SF3,0.0,False,,,,36,sub-ummc003,03,False
SF1-SF2,1.0,True,-7.2063575630252075,-4.2288695630252064,2.8215143493902803,1,sub-ummc004,01,False
SF2-SF3,0.2668196413057321,True,-4.973241563025212,-0.010761563025212695,2.434004327909566,2,sub-ummc004,01,False
AT2-AT3,0.10717940842773291,True,9.9141984369748,11.899190436974791,5.4798054267255365,3,sub-ummc004,01,True
AT5-AT6,0.049363316156417245,True,19.0947864369748,20.583530436974797,3.8024843584435657,4,sub-ummc004,01,False
SF4-SF5,0.047322273760482585,True,14.8766784369748,17.854166436974793,3.0820579187198085,5,sub-ummc004,01,False
AT1-AT2,0.04316684351267441,True,8.425454436974789,12.891686436974794,2.0256859854208544,6,sub-ummc004,01,True
AT3-AT4,0.0,False,,,,7,sub-ummc004,01,False
AT4-AT5,0.0,False,,,,7,sub-ummc004,01,False
G1-G2,0.0,False,,,,7,sub-ummc004,01,False
G11-G12,0.0,False,,,,7,sub-ummc004,01,False
G12-G13,0.0,False,,,,7,sub-ummc004,01,False
G15-G16,0.0,False,,,,7,sub-ummc004,01,False
G16-G17,0.0,False,,,,7,sub-ummc004,01,False
G17-G18,0.0,False,,,,7,sub-ummc004,01,False
G18-G19,0.0,False,,,,7,sub-ummc004,01,False
G19-G20,0.0,False,,,,7,sub-ummc004,01,False
G20-G21,0.0,False,,,,7,sub-ummc004,01,False
G21-G22,0.0,False,,,,7,sub-ummc004,01,False
G22-G23,0.0,False,,,,7,sub-ummc004,01,False
G23-G24,0.0,False,,,,7,sub-ummc004,01,False
G28-G29,0.0,False,,,,7,sub-ummc004,01,False
G29-G30,0.0,False,,,,7,sub-ummc004,01,False
G30-G31,0.0,False,,,,7,sub-ummc004,01,False
G31-G32,0.0,False,,,,7,sub-ummc004,01,False
G4-G5,0.0,False,,,,7,sub-ummc004,01,False
G5-G6,0.0,False,,,,7,sub-ummc004,01,False
G6-G7,0.0,False,,,,7,sub-ummc004,01,False
G7-G8,0.0,False,,,,7,sub-ummc004,01,False
G8-G9,0.0,False,,,,7,sub-ummc004,01,False
LF3-LF4,0.0,False,,,,7,sub-ummc004,01,False
LF4-LF5,0.0,False,,,,7,sub-ummc004,01,False
LF5-LF6,0.0,False,,,,7,sub-ummc004,01,False
SF3-SF4,0.0,False,,,,7,sub-ummc004,01,False
SF5-SF6,0.0,False,,,,7,sub-ummc004,01,False
ST1-ST2,0.0,False,,,,7,sub-ummc004,01,False
ST2-ST3,0.0,False,,,,7,sub-ummc004,01,False
ST3-ST4,0.0,False,,,,7,sub-ummc004,01,False
LF3-LF4,1.0,True,-5.717625042016806,0.4854749579831932,2.5013865088700866,1,sub-ummc004,03,False
SF3-SF4,0.4559369974727942,True,-4.477005042016806,0.23735095798319605,2.55537032008164,2,sub-ummc004,03,False
AT1-AT2,0.3183847709797143,True,-2.988261042016809,-2.2438890420168036,2.97007806038484,3,sub-ummc004,03,True
SF2-SF3,0.3160582474301858,True,-2.2438890420168036,-0.2588970420168053,3.5368633687531044,4,sub-ummc004,03,False
G5-G6,0.2862546446470503,True,-2.740137042016805,-0.2588970420168053,2.8480146785940716,5,sub-ummc004,03,False
G8-G9,0.12435381789936222,True,0.7335989579831974,1.9742189579831972,2.3177551037506468,6,sub-ummc004,03,False
AT2-AT3,0.10760961487902965,True,2.966714957983193,4.455458957983197,2.606765164245262,7,sub-ummc004,03,True
G16-G17,0.047950072412039656,True,12.643550957983194,23.064758957983194,2.322211670905806,8,sub-ummc004,03,False
SF4-SF5,0.04512969768607247,True,14.628542957983193,22.320386957983196,2.4097009594148178,9,sub-ummc004,03,False
G6-G7,0.04093692543147842,True,17.357906957983197,24.057254957983197,2.4653121585151005,10,sub-ummc004,03,False
AT3-AT4,0.0,False,,,,11,sub-ummc004,03,False
AT4-AT5,0.0,False,,,,11,sub-ummc004,03,False
AT5-AT6,0.0,False,,,,11,sub-ummc004,03,False
G1-G2,0.0,False,,,,11,sub-ummc004,03,False
G11-G12,0.0,False,,,,11,sub-ummc004,03,False
G12-G13,0.0,False,,,,11,sub-ummc004,03,False
G15-G16,0.0,False,,,,11,sub-ummc004,03,False
G17-G18,0.0,False,,,,11,sub-ummc004,03,False
G18-G19,0.0,False,,,,11,sub-ummc004,03,False
G19-G20,0.0,False,,,,11,sub-ummc004,03,False
G20-G21,0.0,False,,,,11,sub-ummc004,03,False
G21-G22,0.0,False,,,,11,sub-ummc004,03,False
G22-G23,0.0,False,,,,11,sub-ummc004,03,False
G23-G24,0.0,False,,,,11,sub-ummc004,03,False
G28-G29,0.0,False,,,,11,sub-ummc004,03,False
G29-G30,0.0,False,,,,11,sub-ummc004,03,False
G30-G31,0.0,False,,,,11,sub-ummc004,03,False
G31-G32,0.0,False,,,,11,sub-ummc004,03,False
G4-G5,0.0,False,,,,11,sub-ummc004,03,False
G7-G8,0.0,False,,,,11,sub-ummc004,03,False
LF4-LF5,0.0,False,,,,11,sub-ummc004,03,False
LF5-LF6,0.0,False,,,,11,sub-ummc004,03,False
SF1-SF2,0.0,False,,,,11,sub-ummc004,03,False
SF5-SF6,0.0,False,,,,11,sub-ummc004,03,False
ST1-ST2,0.0,False,,,,11,sub-ummc004,03,False
ST2-ST3,0.0,False,,,,11,sub-ummc004,03,False
ST3-ST4,0.0,False,,,,11,sub-ummc004,03,False
G17-G18,1.0,True,2.499957058823533,3.999957058823533,29.498976186891035,1,sub-ummc005,01,True
G25-G26,0.4555247999413556,True,1.749957058823533,3.499957058823533,7.678580129147629,2,sub-ummc005,01,True
AT2-AT3,0.19929190130923083,True,3.749957058823533,4.999957058823533,10.078126373076408,3,sub-ummc005,01,True
AT1-AT2,0.1583521859792163,True,3.999957058823533,6.249957058823533,8.675136531922792,4,sub-ummc005,01,True
G9-G10,0.12920610085795134,True,6.249957058823533,7.749957058823533,11.978835604716352,5,sub-ummc005,01,False
G27-G28,0.1116618774956845,True,12.249957058823533,12.749957058823533,21.645701285788867,6,sub-ummc005,01,True
G16-G17,0.08691617117304028,True,6.749957058823533,9.249957058823533,8.790644789791749,7,sub-ummc005,01,True
G11-G12,0.08072405645815078,True,12.999957058823533,13.499957058823533,16.668939134177663,8,sub-ummc005,01,False
G18-G19,0.07387773302941837,True,4.249957058823533,5.749957058823533,4.358634974752611,9,sub-ummc005,01,True
G21-G22,0.07379477678958199,True,14.749957058823533,15.749957058823533,17.414962905862545,10,sub-ummc005,01,False
G1-G2,0.06196782139748876,True,5.499957058823533,8.499957058823533,4.961679781057532,11,sub-ummc005,01,False
G24-G25,0.06078971376290063,True,6.249957058823533,8.999957058823533,5.635879287342002,12,sub-ummc005,01,True
G20-G21,0.05539420943136191,True,13.749957058823533,14.499957058823533,12.138824025026398,13,sub-ummc005,01,False
G28-G29,0.04302277072251015,True,12.499957058823533,13.999957058823533,8.521285912108256,14,sub-ummc005,01,False
AT4-AT5,0.042778673241065844,True,12.999957058823533,14.499957058823533,8.83348944271496,15,sub-ummc005,01,False
G22-G23,0.032206863706158446,True,12.749957058823533,13.249957058823533,6.514762323582261,16,sub-ummc005,01,False
G3-G4,0.029180201107492486,True,16.249957058823533,16.999957058823533,7.624105081587709,17,sub-ummc005,01,False
G12-G13,0.028904690994911584,True,15.749957058823533,16.999957058823533,7.308503925842919,18,sub-ummc005,01,False
AT3-AT4,0.028409227869552828,True,11.499957058823533,13.749957058823533,5.147979266530243,19,sub-ummc005,01,False
PT4-PT5,0.0270603821838485,True,18.499957058823533,21.249957058823533,8.096571920730819,20,sub-ummc005,01,False
G29-G30,0.025395670855263574,True,14.999957058823533,15.499957058823533,6.100191217020564,21,sub-ummc005,01,False
G23-G24,0.024179953704707526,True,14.749957058823533,15.749957058823533,5.7062710282823605,22,sub-ummc005,01,False
G10-G11,0.022896532558176478,True,6.499957058823533,13.499957058823533,2.2192511685726477,23,sub-ummc005,01,False
G4-G5,0.02257947941993358,True,12.999957058823533,13.499957058823533,4.662500680047118,24,sub-ummc005,01,False
G26-G27,0.019064964254464908,True,6.499957058823533,8.749957058823533,1.8478756157952785,25,sub-ummc005,01,True
G8-G9,0.017236671847441355,True,10.999957058823533,12.499957058823533,2.978147295303719,26,sub-ummc005,01,False
AT5-AT6,0.016044083769393633,True,6.499957058823533,14.749957058823533,1.5550761480340054,27,sub-ummc005,01,False
PT3-PT4,0.015688302182383044,True,19.749957058823533,21.499957058823533,5.024564684186567,28,sub-ummc005,01,False
G2-G3,0.014752614307806593,True,11.499957058823533,14.249957058823533,2.6732916829851585,29,sub-ummc005,01,False
G19-G20,0.014701709371219007,True,6.749957058823533,7.999957058823533,1.4869212845080535,30,sub-ummc005,01,True
G13-G14,0.014274594099196727,True,12.999957058823533,15.749957058823533,2.9476013798681766,31,sub-ummc005,01,False
PT5-PT6,0.013730382035819989,True,18.499957058823533,22.249957058823533,4.108183871788785,32,sub-ummc005,01,False
G15-G16,0.011131978684122208,True,19.249957058823533,20.999957058823533,3.4714665835109386,33,sub-ummc005,01,False
G5-G6,0.010741788783535705,True,12.749957058823533,16.499957058823533,2.172835004778055,34,sub-ummc005,01,False
G30-G31,0.010110484253053309,True,14.999957058823533,16.249957058823533,2.4285984643527305,35,sub-ummc005,01,False
G14-G15,0.005940175060505648,True,14.749957058823533,22.249957058823533,1.4018326612465608,36,sub-ummc005,01,False
F3-F4,0.0,False,,,,37,sub-ummc005,01,False
F4-F5,0.0,False,,,,37,sub-ummc005,01,False
F5-F6,0.0,False,,,,37,sub-ummc005,01,False
G31-G32,0.0,False,,,,37,sub-ummc005,01,False
G6-G7,0.0,False,,,,37,sub-ummc005,01,False
G7-G8,0.0,False,,,,37,sub-ummc005,01,False
PT1-PT2,0.0,False,,,,37,sub-ummc005,01,False
PT2-PT3,0.0,False,,,,37,sub-ummc005,01,False
G10-G11,1.0,True,-5.250273529411757,-4.000273529411757,2.013904410865286,1,sub-ummc005,02,False
G17-G18,0.512005695613596,True,0.7497264705882429,3.499726470588243,7.217913701490589,2,sub-ummc005,02,True
G25-G26,0.4727172300263083,True,-1.500273529411757,-0.5002735294117571,4.52203474454951,3,sub-ummc005,02,True
AT2-AT3,0.45826980035773435,True,1.749726470588243,3.749726470588243,7.383292578454361,4,sub-ummc005,02,True
AT1-AT2,0.39463696877108256,True,1.749726470588243,3.999726470588243,6.358089056788714,5,sub-ummc005,02,True
G27-G28,0.260713007149925,True,22.499726470588243,22.999726470588243,15.09521840823912,6,sub-ummc005,02,True
G24-G25,0.2559150386033571,True,2.999726470588243,3.749726470588243,4.7673429317130624,7,sub-ummc005,02,True
G23-G24,0.17000610573674882,True,22.499726470588243,23.749726470588243,9.843311328746472,8,sub-ummc005,02,False
G9-G10,0.16606705268001723,True,11.749726470588243,12.749726470588243,6.01997705805032,9,sub-ummc005,02,False
G1-G2,0.1411243461262455,True,8.999726470588243,9.499726470588243,4.334216882947908,10,sub-ummc005,02,False
AT4-AT5,0.14018629712505065,True,22.499726470588243,25.249726470588243,8.116751811036568,11,sub-ummc005,02,False
G26-G27,0.13704151172728773,True,12.249726470588243,13.249726470588243,5.105787341375784,12,sub-ummc005,02,True
G19-G20,0.13502799157260972,True,23.499726470588243,24.999726470588243,8.09002066759619,13,sub-ummc005,02,True
G2-G3,0.1258793772200345,True,26.749726470588243,29.249726470588243,8.365798089673287,14,sub-ummc005,02,False
G3-G4,0.1161671769081125,True,26.249726470588243,28.499726470588243,7.603361674123012,15,sub-ummc005,02,False
G16-G17,0.11409651838885802,True,13.499726470588243,14.999726470588243,4.538144762541944,16,sub-ummc005,02,True
G12-G13,0.10008278763416152,True,26.749726470588243,28.249726470588243,6.651386526448341,17,sub-ummc005,02,False
G28-G29,0.09759173758252213,True,22.749726470588243,23.999726470588243,5.699672492662015,18,sub-ummc005,02,False
AT3-AT4,0.09497282532024404,True,26.499726470588243,28.249726470588243,6.263967782261472,19,sub-ummc005,02,False
G11-G12,0.07733928163878757,True,25.499726470588243,27.499726470588243,4.945186973509844,20,sub-ummc005,02,False
G20-G21,0.07166185988381374,True,23.749726470588243,24.999726470588243,4.329604071324677,21,sub-ummc005,02,False
PT4-PT5,0.06685569689168104,True,27.249726470588243,28.749726470588243,4.510472925864572,22,sub-ummc005,02,False
AT5-AT6,0.06568719573424976,True,22.249726470588243,25.499726470588243,3.7702003969574434,23,sub-ummc005,02,False
G29-G30,0.053668161373155075,True,21.749726470588243,23.499726470588243,3.026311313547955,24,sub-ummc005,02,False
G22-G23,0.05178628135326138,True,24.499726470588243,28.499726470588243,3.206998078519047,25,sub-ummc005,02,False
G4-G5,0.04546341269773908,True,27.499726470588243,29.499726470588243,3.0901151485675884,26,sub-ummc005,02,False
G8-G9,0.04422861461474671,True,25.999726470588243,29.249726470588243,2.8725785164059507,27,sub-ummc005,02,False
G30-G31,0.04379754333451503,True,22.249726470588243,24.249726470588243,2.5138158726336344,28,sub-ummc005,02,False
G18-G19,0.04182797594802495,True,23.249726470588243,27.499726470588243,2.485007585149188,29,sub-ummc005,02,True
G21-G22,0.039532963521689515,True,26.999726470588243,29.249726470588243,2.647219019562656,30,sub-ummc005,02,False
F3-F4,0.0,False,,,,31,sub-ummc005,02,False
F4-F5,0.0,False,,,,31,sub-ummc005,02,False
F5-F6,0.0,False,,,,31,sub-ummc005,02,False
G13-G14,0.0,False,,,,31,sub-ummc005,02,False
G14-G15,0.0,False,,,,31,sub-ummc005,02,False
G15-G16,0.0,False,,,,31,sub-ummc005,02,False
G31-G32,0.0,False,,,,31,sub-ummc005,02,False
G5-G6,0.0,False,,,,31,sub-ummc005,02,False
G6-G7,0.0,False,,,,31,sub-ummc005,02,False
G7-G8,0.0,False,,,,31,sub-ummc005,02,False
PT1-PT2,0.0,False,,,,31,sub-ummc005,02,False
PT2-PT3,0.0,False,,,,31,sub-ummc005,02,False
PT3-PT4,0.0,False,,,,31,sub-ummc005,02,False
PT5-PT6,0.0,False,,,,31,sub-ummc005,02,False
MT2-MT3,1.0,True,1.9743599579831965,2.718731957983195,69.98073746284466,1,sub-ummc006,01,True
MEST4-MEST5,0.7556804672243217,True,1.4781119579831952,2.4706079579831908,46.67258642549577,2,sub-ummc006,01,True
MT3-MT4,0.5878415517116657,True,-0.7550040420168074,2.2224839579831936,14.56641777098371,3,sub-ummc006,01,True
MEST3-MEST4,0.5370844191613433,True,-1.2512520420168087,2.4706079579831908,8.894702999876547,4,sub-ummc006,01,True
MT1-MT2,0.27071983543847633,True,1.9743599579831965,2.966855957983192,18.945173729804523,5,sub-ummc006,01,True
MEST2-MEST3,0.23295751145236057,True,1.9743599579831965,2.718731957983195,16.302538448945274,6,sub-ummc006,01,True
G11-G12,0.20714024265520592,True,2.2224839579831936,3.2149799579831964,15.347008392598568,7,sub-ummc006,01,False
MEST5-MEST6,0.1519700977013608,True,1.7262359579831923,2.718731957983195,10.010503420344921,8,sub-ummc006,01,True
MEST1-MEST2,0.07825987651764144,True,1.229987957983191,4.703723957983193,4.511926547952742,9,sub-ummc006,01,True
G19-G20,0.03994634971997596,True,1.9743599579831965,4.95184795798319,2.795475012352616,10,sub-ummc006,01,False
G20-G21,0.028366112681902308,True,4.455599957983196,7.681211957983194,3.1507028387928067,11,sub-ummc006,01,False
G3-G4,0.02216466027037428,True,4.95184795798319,10.410575957983191,2.6440485215744856,12,sub-ummc006,01,False
G4-G5,0.014001915923092727,True,4.207475957983192,13.884311957983194,1.4976949257605343,13,sub-ummc006,01,False
POST2-POST3,0.012244876849581107,True,8.921831957983194,14.380559957983195,2.2657729262604915,14,sub-ummc006,01,False
G12-G13,0.011435572765036999,True,7.681211957983194,14.13243595798319,1.8810650698217803,15,sub-ummc006,01,False
POST3-POST4,0.01057395786287648,True,6.688715957983192,12.643691957983194,1.5655337596091974,16,sub-ummc006,01,False
F2-F3,0.006765815232205802,True,15.124931957983193,16.613675957983205,1.9469887308745037,17,sub-ummc006,01,False
G7-G8,0.006124552006499041,True,26.538635957983203,28.27550395798319,2.9201368161918717,18,sub-ummc006,01,False
POST5-POST6,0.005427506276633982,True,27.779255957983196,28.7717519579832,2.6993046996410586,19,sub-ummc006,01,False
G21-G22,0.004663744406626092,True,25.546139957983186,27.034883957983197,2.146978475098743,20,sub-ummc006,01,False
F1-F2,0.0,False,,,,21,sub-ummc006,01,False
F3-F4,0.0,False,,,,21,sub-ummc006,01,False
F4-F5,0.0,False,,,,21,sub-ummc006,01,False
F5-F6,0.0,False,,,,21,sub-ummc006,01,False
G15-G16,0.0,False,,,,21,sub-ummc006,01,False
G18-G19,0.0,False,,,,21,sub-ummc006,01,False
G22-G23,0.0,False,,,,21,sub-ummc006,01,False
G23-G24,0.0,False,,,,21,sub-ummc006,01,False
G28-G29,0.0,False,,,,21,sub-ummc006,01,False
G29-G30,0.0,False,,,,21,sub-ummc006,01,False
G30-G31,0.0,False,,,,21,sub-ummc006,01,False
G31-G32,0.0,False,,,,21,sub-ummc006,01,False
LAT2-LAT3,0.0,False,,,,21,sub-ummc006,01,False
LAT3-LAT4,0.0,False,,,,21,sub-ummc006,01,False
POST4-POST5,0.0,False,,,,21,sub-ummc006,01,False
SF1-SF2,0.0,False,,,,21,sub-ummc006,01,False
SF2-SF3,0.0,False,,,,21,sub-ummc006,01,False
SF3-SF4,0.0,False,,,,21,sub-ummc006,01,False
SF4-SF5,0.0,False,,,,21,sub-ummc006,01,False
SF5-SF6,0.0,False,,,,21,sub-ummc006,01,False
G21-G22,1.0,True,-7.70243329411764,-5.9655652941176385,2.540938238626439,1,sub-ummc008,01,True
G17-G18,0.45425317029056517,True,-6.709937294117637,-3.484325294117639,2.299797164522106,2,sub-ummc008,01,True
PT3-PT4,0.37195591968922537,True,-3.484325294117639,-1.0030852941176391,4.931722679981142,3,sub-ummc008,01,False
AT1-AT2,0.37154656808660597,True,-6.709937294117637,-0.010589294117636427,1.8810694116387185,4,sub-ummc008,01,True
G4-G5,0.2640861367745457,True,1.7262787058823648,3.2150227058823617,6.997942772187601,5,sub-ummc008,01,True
G3-G4,0.24973299034106947,True,1.2300307058823563,1.974402705882369,6.302705664960958,6,sub-ummc008,01,True
G18-G19,0.23377464381704394,True,10.906866705882365,13.388106705882365,11.64806012570643,7,sub-ummc008,01,True
PT2-PT3,0.210760263977362,True,-1.0030852941176391,3.711270705882356,4.12322270242105,8,sub-ummc008,01,False
PT1-PT2,0.16299931910057092,True,-2.243705294117632,4.207518705882364,2.675019144141806,9,sub-ummc008,01,False
G9-G10,0.1482376611832658,True,0.9819067058823663,3.95939470588236,3.6477300560044705,10,sub-ummc008,01,True
SF5-SF6,0.13339733437441298,True,0.9819067058823663,3.2150227058823617,3.2825495363613797,11,sub-ummc008,01,False
G2-G3,0.13042775641697743,True,1.2300307058823563,5.448138705882357,3.2917067068901504,12,sub-ummc008,01,True
G5-G6,0.12210513011471347,True,3.2150227058823617,6.192510705882356,3.697528897856163,13,sub-ummc008,01,True
AT2-AT3,0.11932786859954395,True,1.4781547058823605,4.703766705882359,3.0868025809398545,14,sub-ummc008,01,True
G16-G17,0.10929780884794407,True,1.7262787058823648,4.951890705882363,2.896251279166481,15,sub-ummc008,01,True
G6-G7,0.10827153124421247,True,3.463146705882366,6.688758705882364,3.3468882114478946,16,sub-ummc008,01,False
AT3-AT4,0.10812519178684685,True,1.2300307058823563,5.200014705882367,2.728839541260551,17,sub-ummc008,01,True
MT3-MT4,0.1070711018188527,True,1.7262787058823648,3.711270705882356,2.8372464084438946,18,sub-ummc008,01,True
G14-G15,0.10296236710311524,True,1.7262787058823648,6.192510705882356,2.7283702260058225,19,sub-ummc008,01,False
G10-G11,0.08001010216995291,True,0.9819067058823663,6.192510705882356,1.968833372974671,20,sub-ummc008,01,True
MT2-MT3,0.07829288719474065,True,6.688758705882364,10.410618705882356,3.0618835790990553,21,sub-ummc008,01,True
G1-G2,0.07449274561556538,True,5.944386705882366,6.936882705882368,2.7723715594193754,22,sub-ummc008,01,True
G19-G20,0.06736203389746757,True,13.636230705882369,14.380602705882367,3.823547558339225,23,sub-ummc008,01,True
SF1-SF2,0.06233338177831808,True,9.169998705882364,14.380602705882367,2.830730026916949,24,sub-ummc008,01,False
G23-G24,0.05723850348027192,True,14.132478705882363,15.124974705882366,3.3210982343982023,25,sub-ummc008,01,False
SF4-SF5,0.05616627891284006,True,9.169998705882364,10.410618705882356,2.55066495163386,26,sub-ummc008,01,False
G20-G21,0.0442530527898336,True,14.380602705882367,15.124974705882366,2.5955552249584453,27,sub-ummc008,01,True
SF2-SF3,0.04382789253633494,True,9.666246705882358,14.628726705882357,2.045609092897537,28,sub-ummc008,01,False
F3-F4,0.0,False,,,,29,sub-ummc008,01,False
F4-F5,0.0,False,,,,29,sub-ummc008,01,False
F5-F6,0.0,False,,,,29,sub-ummc008,01,False
G13-G14,0.0,False,,,,29,sub-ummc008,01,True
G15-G16,0.0,False,,,,29,sub-ummc008,01,False
G22-G23,0.0,False,,,,29,sub-ummc008,01,False
G28-G29,0.0,False,,,,29,sub-ummc008,01,False
G29-G30,0.0,False,,,,29,sub-ummc008,01,False
G30-G31,0.0,False,,,,29,sub-ummc008,01,False
G31-G32,0.0,False,,,,29,sub-ummc008,01,False
G7-G8,0.0,False,,,,29,sub-ummc008,01,False
G8-G9,0.0,False,,,,29,sub-ummc008,01,True
MT1-MT2,0.0,False,,,,29,sub-ummc008,01,True
SF3-SF4,0.0,False,,,,29,sub-ummc008,01,False
G17-G18,1.0,True,-1.2495699999999985,-0.7495699999999985,12.09560841612559,1,sub-ummc008,02,True
SF5-SF6,0.8389990169483965,True,-4.9995699999999985,0.5004300000000015,2.136463909583605,2,sub-ummc008,02,False
PT3-PT4,0.7204965085464847,True,-0.7495699999999985,1.2504300000000015,9.632195593886488,3,sub-ummc008,02,False
G16-G17,0.7083898011809675,True,-2.9995699999999985,0.2504300000000015,5.411624615407606,4,sub-ummc008,02,True
SF4-SF5,0.49114613076535163,True,-4.4995699999999985,2.5004300000000015,1.87601408615776,5,sub-ummc008,02,False
G8-G9,0.47526790575419475,True,-3.4995699999999985,0.5004300000000015,3.0256076214499066,6,sub-ummc008,02,True
MT3-MT4,0.42252528186019445,True,0.00043000000000148475,1.2504300000000015,6.455621501424007,7,sub-ummc008,02,True
PT2-PT3,0.4043709819151653,True,0.00043000000000148475,0.7504300000000015,6.178248065797948,8,sub-ummc008,02,False
G3-G4,0.377680587499851,True,2.7504300000000015,4.2504300000000015,8.415246170892946,9,sub-ummc008,02,True
G4-G5,0.2878657629338152,True,0.5004300000000015,3.7504300000000015,4.764721061382811,10,sub-ummc008,02,True
AT1-AT2,0.24764824763426038,True,0.2504300000000015,0.7504300000000015,3.9413897741101507,11,sub-ummc008,02,True
SF2-SF3,0.24575255439213775,True,-0.9995699999999985,0.7504300000000015,3.1289754370420035,12,sub-ummc008,02,False
PT1-PT2,0.24356446117148361,True,-2.2495699999999985,9.750430000000001,2.325837115590704,13,sub-ummc008,02,False
G6-G7,0.23448909949919247,True,0.00043000000000148475,1.0004300000000015,3.582679989969024,14,sub-ummc008,02,False
SF1-SF2,0.2305916024929064,True,-0.7495699999999985,2.0004300000000015,3.0827400149380417,15,sub-ummc008,02,False
F5-F6,0.2081554855949831,True,0.5004300000000015,3.5004300000000015,3.4453657015294765,16,sub-ummc008,02,False
MT2-MT3,0.2065101693495278,True,0.2504300000000015,2.0004300000000015,3.2866659768416704,17,sub-ummc008,02,True
G9-G10,0.18853676935457025,True,-1.4995699999999985,4.5004300000000015,2.1604423586724657,18,sub-ummc008,02,True
G1-G2,0.18725538529449254,True,12.750430000000001,14.250430000000001,8.940662424998305,19,sub-ummc008,02,True
G5-G6,0.16825783735442854,True,0.2504300000000015,4.5004300000000015,2.6778696231359427,20,sub-ummc008,02,True
G21-G22,0.1579691587459975,True,0.2504300000000015,5.0004300000000015,2.5141224816004835,21,sub-ummc008,02,True
AT2-AT3,0.1458441888042887,True,0.5004300000000015,2.7504300000000015,2.413996270323593,22,sub-ummc008,02,True
G7-G8,0.13692281682321372,True,4.0004300000000015,7.7504300000000015,3.486662685318919,23,sub-ummc008,02,False
G2-G3,0.09700472087670246,True,4.7504300000000015,9.750430000000001,2.655433583385616,24,sub-ummc008,02,True
G30-G31,0.08547685765513476,True,8.000430000000001,9.500430000000001,3.047268291310282,25,sub-ummc008,02,False
AT3-AT4,0.08218940227217766,True,8.500430000000001,13.250430000000001,3.034715152563246,26,sub-ummc008,02,True
G18-G19,0.07120086107095186,True,4.7504300000000015,14.500430000000001,1.9490717147064924,27,sub-ummc008,02,True
G20-G21,0.06735283759319578,True,7.7504300000000015,15.250430000000001,2.35826553728005,28,sub-ummc008,02,True
G10-G11,0.060900977915923145,True,11.750430000000001,14.750430000000001,2.7526863712178122,29,sub-ummc008,02,True
G28-G29,0.057910079579785105,True,9.750430000000001,15.250430000000001,2.3225700891819128,30,sub-ummc008,02,False
G19-G20,0.053332085122455894,True,14.000430000000001,15.500430000000001,2.7161432322387533,31,sub-ummc008,02,True
F3-F4,0.0,False,,,,32,sub-ummc008,02,False
F4-F5,0.0,False,,,,32,sub-ummc008,02,False
G13-G14,0.0,False,,,,32,sub-ummc008,02,True
G14-G15,0.0,False,,,,32,sub-ummc008,02,False
G15-G16,0.0,False,,,,32,sub-ummc008,02,False
G22-G23,0.0,False,,,,32,sub-ummc008,02,False
G23-G24,0.0,False,,,,32,sub-ummc008,02,False
G29-G30,0.0,False,,,,32,sub-ummc008,02,False
G31-G32,0.0,False,,,,32,sub-ummc008,02,False
MT1-MT2,0.0,False,,,,32,sub-ummc008,02,True
SF3-SF4,0.0,False,,,,32,sub-ummc008,02,False
G17-G18,1.0,True,-0.25027352941175707,1.499726470588243,28.75565903289865,1,sub-ummc008,03,True
PT3-PT4,0.382721693505062,True,-2.750273529411757,1.499726470588243,3.144404149407173,2,sub-ummc008,03,False
AT1-AT2,0.28143896549854597,True,-0.25027352941175707,0.9997264705882429,8.092962930447914,3,sub-ummc008,03,True
G16-G17,0.19282169646055136,True,-0.25027352941175707,2.749726470588243,5.544714957564695,4,sub-ummc008,03,True
G8-G9,0.11658480791480928,True,-0.25027352941175707,3.249726470588243,3.352472984814239,5,sub-ummc008,03,True
G6-G7,0.11001453757556652,True,-0.25027352941175707,1.499726470588243,3.1635405311850073,6,sub-ummc008,03,False
MT3-MT4,0.08835360425512576,True,-0.25027352941175707,7.749726470588243,2.540666118288059,7,sub-ummc008,03,True
G4-G5,0.08595920383572234,True,2.499726470588243,3.499726470588243,4.413952778999045,8,sub-ummc008,03,True
G7-G8,0.08555715923246464,True,-0.5002735294117571,6.249726470588243,2.2845201773755863,9,sub-ummc008,03,False
G9-G10,0.08381512852725995,True,2.749726470588243,4.249726470588243,4.476010050067147,10,sub-ummc008,03,True
SF5-SF6,0.08150436500666915,True,0.7497264705882429,4.499726470588243,3.01334365263175,11,sub-ummc008,03,False
G3-G4,0.05510974298383397,True,3.499726470588243,4.499726470588243,3.2826280271700314,12,sub-ummc008,03,True
G5-G6,0.04406733005334146,True,3.249726470588243,9.749726470588243,2.534370235008189,13,sub-ummc008,03,True
MT2-MT3,0.04133845864053964,True,4.749726470588243,6.249726470588243,2.886878366774285,14,sub-ummc008,03,True
AT3-AT4,0.03752356377051182,True,3.749726470588243,4.499726470588243,2.3121745831801426,15,sub-ummc008,03,True
SF2-SF3,0.030644694148860896,True,14.749726470588243,15.999726470588243,4.657815702306857,16,sub-ummc008,03,False
SF1-SF2,0.020805459379543426,True,10.749726470588243,12.249726470588243,2.4785665974697486,17,sub-ummc008,03,False
G28-G29,0.018732860239162392,True,28.999726470588243,29.999726470588243,5.0404658692162165,18,sub-ummc008,03,False
G2-G3,0.017742596770974055,True,13.749726470588243,14.749726470588243,2.5510003155216925,19,sub-ummc008,03,True
AT2-AT3,0.015188937770898579,True,13.749726470588243,15.499726470588243,2.1838395780593762,20,sub-ummc008,03,True
G19-G20,0.012831203506882686,True,25.499726470588243,28.749726470588243,3.083532601714377,21,sub-ummc008,03,True
G18-G19,0.00917126734109382,True,15.249726470588243,15.999726470588243,1.4316545413260013,22,sub-ummc008,03,True
F3-F4,0.0,False,,,,23,sub-ummc008,03,False
F4-F5,0.0,False,,,,23,sub-ummc008,03,False
F5-F6,0.0,False,,,,23,sub-ummc008,03,False
G1-G2,0.0,False,,,,23,sub-ummc008,03,True
G10-G11,0.0,False,,,,23,sub-ummc008,03,True
G13-G14,0.0,False,,,,23,sub-ummc008,03,True
G14-G15,0.0,False,,,,23,sub-ummc008,03,False
G15-G16,0.0,False,,,,23,sub-ummc008,03,False
G20-G21,0.0,False,,,,23,sub-ummc008,03,True
G21-G22,0.0,False,,,,23,sub-ummc008,03,True
G22-G23,0.0,False,,,,23,sub-ummc008,03,False
G23-G24,0.0,False,,,,23,sub-ummc008,03,False
G29-G30,0.0,False,,,,23,sub-ummc008,03,False
G30-G31,0.0,False,,,,23,sub-ummc008,03,False
G31-G32,0.0,False,,,,23,sub-ummc008,03,False
MT1-MT2,0.0,False,,,,23,sub-ummc008,03,True
PT1-PT2,0.0,False,,,,23,sub-ummc008,03,False
PT2-PT3,0.0,False,,,,23,sub-ummc008,03,False
SF3-SF4,0.0,False,,,,23,sub-ummc008,03,False
SF4-SF5,0.0,False,,,,23,sub-ummc008,03,False
F3-F4,1.0,True,-2.4998611764705814,-0.7498611764705814,7.195802813664737,1,sub-ummc009,01,False
G3-G4,0.8742448115025148,True,-5.499861176470581,6.500138823529419,1.5727233186103984,2,sub-ummc009,01,True
G7-G8,0.865092559401092,True,-4.499861176470581,-1.4998611764705814,3.112517736509403,3,sub-ummc009,01,True
G5-G6,0.28351722609617563,True,1.7501388235294186,5.500138823529419,4.207776484859645,4,sub-ummc009,01,True
G6-G7,0.2266827400659686,True,0.0001388235294186302,2.5001388235294186,2.6506419855108847,5,sub-ummc009,01,True
F4-F5,0.08187558803091646,True,10.250138823529419,15.500138823529419,2.4671099569039177,6,sub-ummc009,01,False
AT4-AT5,0.05362077313141923,True,10.000138823529419,16.75013882352942,1.5916086044510231,7,sub-ummc009,01,True
PT1-PT2,0.053109450780540794,True,16.25013882352942,21.25013882352942,2.1735642073531993,8,sub-ummc009,01,True
G30-G31,0.04808579393018987,True,14.000138823529419,19.00013882352942,1.7733314427083353,9,sub-ummc009,01,False
F5-F6,0.047491278439191105,True,15.000138823529419,18.00013882352942,1.8368410782178093,10,sub-ummc009,01,False
G27-G28,0.04626888570641419,True,16.75013882352942,20.25013882352942,1.9352240843422066,11,sub-ummc009,01,False
G21-G22,0.04550731672854215,True,16.50013882352942,23.25013882352942,1.8829046471060618,12,sub-ummc009,01,False
AT1-AT2,0.0,False,,,,13,sub-ummc009,01,True
AT2-AT3,0.0,False,,,,13,sub-ummc009,01,True
AT3-AT4,0.0,False,,,,13,sub-ummc009,01,True
AT5-AT6,0.0,False,,,,13,sub-ummc009,01,False
G1-G2,0.0,False,,,,13,sub-ummc009,01,False
G10-G11,0.0,False,,,,13,sub-ummc009,01,False
G11-G12,0.0,False,,,,13,sub-ummc009,01,True
G12-G13,0.0,False,,,,13,sub-ummc009,01,True
G13-G14,0.0,False,,,,13,sub-ummc009,01,True
G14-G15,0.0,False,,,,13,sub-ummc009,01,True
G15-G16,0.0,False,,,,13,sub-ummc009,01,False
G16-G17,0.0,False,,,,13,sub-ummc009,01,False
G17-G18,0.0,False,,,,13,sub-ummc009,01,False
G18-G19,0.0,False,,,,13,sub-ummc009,01,False
G2-G3,0.0,False,,,,13,sub-ummc009,01,False
G22-G23,0.0,False,,,,13,sub-ummc009,01,False
G23-G24,0.0,False,,,,13,sub-ummc009,01,False
G24-G25,0.0,False,,,,13,sub-ummc009,01,False
G25-G26,0.0,False,,,,13,sub-ummc009,01,False
G26-G27,0.0,False,,,,13,sub-ummc009,01,False
G28-G29,0.0,False,,,,13,sub-ummc009,01,False
G29-G30,0.0,False,,,,13,sub-ummc009,01,False
G31-G32,0.0,False,,,,13,sub-ummc009,01,False
G4-G5,0.0,False,,,,13,sub-ummc009,01,True
G8-G9,0.0,False,,,,13,sub-ummc009,01,False
G9-G10,0.0,False,,,,13,sub-ummc009,01,False
PT2-PT3,0.0,False,,,,13,sub-ummc009,01,True
PT3-PT4,0.0,False,,,,13,sub-ummc009,01,True
PT1-PT2,1.0,True,-4.749861176470581,-3.9998611764705814,3.1002692753630647,1,sub-ummc009,02,True
AT1-AT2,0.6588678302377713,True,1.0001388235294186,2.2501388235294186,13.788006911626207,2,sub-ummc009,02,True
AT3-AT4,0.2011881494306667,True,2.0001388235294186,2.7501388235294186,4.833965146414631,3,sub-ummc009,02,True
AT2-AT3,0.19162215144179803,True,2.0001388235294186,3.0001388235294186,4.604122081603303,4,sub-ummc009,02,True
PT3-PT4,0.17381896144551193,True,2.0001388235294186,5.000138823529419,4.176363288749043,5,sub-ummc009,02,True
G24-G25,0.142651298976198,True,1.7501388235294186,3.7501388235294186,3.316930794799029,6,sub-ummc009,02,False
PT2-PT3,0.1373115912760062,True,1.7501388235294186,5.000138823529419,3.192771806881598,7,sub-ummc009,02,True
G2-G3,0.12654340572789924,True,2.0001388235294186,4.250138823529419,3.0404694040295657,8,sub-ummc009,02,False
AT5-AT6,0.1125419914105846,True,2.0001388235294186,3.5001388235294186,2.7040562057276727,9,sub-ummc009,02,False
G3-G4,0.10832503732854046,True,1.7501388235294186,5.000138823529419,2.518775887366733,10,sub-ummc009,02,True
AT4-AT5,0.10496515400014368,True,2.0001388235294186,2.7501388235294186,2.522006874960584,11,sub-ummc009,02,True
G31-G32,0.0806497028388498,True,2.5001388235294186,7.750138823529419,2.062795315172191,12,sub-ummc009,02,False
G8-G9,0.0797973300809993,True,3.2501388235294186,5.250138823529419,2.226538896355143,13,sub-ummc009,02,False
G23-G24,0.06673173190081766,True,4.250138823529419,14.500138823529419,2.0688633810387027,14,sub-ummc009,02,False
G15-G16,0.029013345880562817,True,25.00013882352942,28.25013882352942,2.7659374328764565,15,sub-ummc009,02,False
G21-G22,0.026301034374141562,True,23.50013882352942,26.50013882352942,2.3850534468272535,16,sub-ummc009,02,False
G1-G2,0.02538540807151229,True,25.00013882352942,27.75013882352942,2.4200742211148905,17,sub-ummc009,02,False
G13-G14,0.02330630283365766,True,25.75013882352942,28.00013882352942,2.2760581598211234,18,sub-ummc009,02,True
F3-F4,0.0,False,,,,19,sub-ummc009,02,False
F4-F5,0.0,False,,,,19,sub-ummc009,02,False
F5-F6,0.0,False,,,,19,sub-ummc009,02,False
G10-G11,0.0,False,,,,19,sub-ummc009,02,False
G11-G12,0.0,False,,,,19,sub-ummc009,02,True
G12-G13,0.0,False,,,,19,sub-ummc009,02,True
G14-G15,0.0,False,,,,19,sub-ummc009,02,True
G16-G17,0.0,False,,,,19,sub-ummc009,02,False
G17-G18,0.0,False,,,,19,sub-ummc009,02,False
G18-G19,0.0,False,,,,19,sub-ummc009,02,False
G22-G23,0.0,False,,,,19,sub-ummc009,02,False
G25-G26,0.0,False,,,,19,sub-ummc009,02,False
G26-G27,0.0,False,,,,19,sub-ummc009,02,False
G27-G28,0.0,False,,,,19,sub-ummc009,02,False
G28-G29,0.0,False,,,,19,sub-ummc009,02,False
G29-G30,0.0,False,,,,19,sub-ummc009,02,False
G30-G31,0.0,False,,,,19,sub-ummc009,02,False
G4-G5,0.0,False,,,,19,sub-ummc009,02,True
G5-G6,0.0,False,,,,19,sub-ummc009,02,True
G6-G7,0.0,False,,,,19,sub-ummc009,02,True
G7-G8,0.0,False,,,,19,sub-ummc009,02,True
G9-G10,0.0,False,,,,19,sub-ummc009,02,False
G15-G16,1.0,True,-3.500273529411757,-0.7502735294117571,2.928371437363236,1,sub-ummc009,03,False
G4-G5,0.6103590303399467,True,-2.750273529411757,-2.250273529411757,3.127876414222386,2,sub-ummc009,03,True
F3-F4,0.4678707792197503,True,-2.000273529411757,-1.000273529411757,3.4252485656099934,3,sub-ummc009,03,False
G5-G6,0.2847901927571098,True,0.49972647058824293,2.249726470588243,4.169857330555454,4,sub-ummc009,03,True
G6-G7,0.13955975086328182,True,5.499726470588243,5.999726470588243,4.086827882335637,5,sub-ummc009,03,True
AT1-AT2,0.0,False,,,,6,sub-ummc009,03,True
AT2-AT3,0.0,False,,,,6,sub-ummc009,03,True
AT3-AT4,0.0,False,,,,6,sub-ummc009,03,True
AT4-AT5,0.0,False,,,,6,sub-ummc009,03,True
AT5-AT6,0.0,False,,,,6,sub-ummc009,03,False
F4-F5,0.0,False,,,,6,sub-ummc009,03,False
F5-F6,0.0,False,,,,6,sub-ummc009,03,False
G1-G2,0.0,False,,,,6,sub-ummc009,03,False
G10-G11,0.0,False,,,,6,sub-ummc009,03,False
G11-G12,0.0,False,,,,6,sub-ummc009,03,True
G12-G13,0.0,False,,,,6,sub-ummc009,03,True
G13-G14,0.0,False,,,,6,sub-ummc009,03,True
G14-G15,0.0,False,,,,6,sub-ummc009,03,True
G16-G17,0.0,False,,,,6,sub-ummc009,03,False
G17-G18,0.0,False,,,,6,sub-ummc009,03,False
G18-G19,0.0,False,,,,6,sub-ummc009,03,False
G2-G3,0.0,False,,,,6,sub-ummc009,03,False
G21-G22,0.0,False,,,,6,sub-ummc009,03,False
G22-G23,0.0,False,,,,6,sub-ummc009,03,False
G23-G24,0.0,False,,,,6,sub-ummc009,03,False
G24-G25,0.0,False,,,,6,sub-ummc009,03,False
G25-G26,0.0,False,,,,6,sub-ummc009,03,False
G26-G27,0.0,False,,,,6,sub-ummc009,03,False
G27-G28,0.0,False,,,,6,sub-ummc009,03,False
G28-G29,0.0,False,,,,6,sub-ummc009,03,False
G29-G30,0.0,False,,,,6,sub-ummc009,03,False
G3-G4,0.0,False,,,,6,sub-ummc009,03,True
G30-G31,0.0,False,,,,6,sub-ummc009,03,False
G31-G32,0.0,False,,,,6,sub-ummc009,03,False
G7-G8,0.0,False,,,,6,sub-ummc009,03,True
G8-G9,0.0,False,,,,6,sub-ummc009,03,False
G9-G10,0.0,False,,,,6,sub-ummc009,03,False
PT1-PT2,0.0,False,,,,6,sub-ummc009,03,True
PT2-PT3,0.0,False,,,,6,sub-ummc009,03,True
PT3-PT4,0.0,False,,,,6,sub-ummc009,03,True
