band,subject,window,montage,threshold_sd,n_channels,n_resected_channels,n_partial_channels,n_expert_events,n_events,n_events_resected,n_events_partial,n_events_spared,share_in_rz,share_in_rz_incl_partial,top_channel_resected,top3_resected,n_candidates,candidates_resected,candidates_all_resected,leader_alone,spearman_rho,top5_overlap,precision,recall,f1,event_scoring,rho_vs_bipolar
ripple,sub-01,0,bipolar,2.0,23,9,0,752.0,891.0,450.0,0.0,441.0,0.5050505050505051,0.5050505050505051,1.0,0.6666666666666666,2,1.0,1.0,0.0,0.7417596262492423,3,0.5342312008978676,0.613031914893617,0.5709253118564647,direct,1.0
ripple,sub-01,0,referential,2.0,30,12,0,752.0,168.0,102.0,0.0,66.0,0.6071428571428571,0.6071428571428571,0.0,0.6666666666666666,5,0.6,0.0,0.0,0.5708010524040996,3,0.8468468468468469,0.2726063829787234,0.41244394978757104,projected,0.7998753858052682
ripple,sub-01,0,average,2.0,30,12,0,752.0,1333.0,684.0,0.0,649.0,0.5131282820705176,0.5131282820705176,1.0,1.0,2,1.0,1.0,0.0,0.42892205784602727,1,0.3252032520325203,0.6742021276595744,0.4387663482653801,projected,0.774010280369802
fast_ripple,sub-01,0,bipolar,5.0,23,9,0,104.0,22.0,20.0,0.0,2.0,0.9090909090909091,0.9090909090909091,1.0,1.0,2,1.0,1.0,0.0,0.21189340053711922,2,0.7272727272727273,0.21153846153846154,0.32774674115456237,direct,1.0
fast_ripple,sub-01,0,referential,5.0,30,12,0,104.0,1.0,1.0,0.0,0.0,1.0,1.0,1.0,1.0,30,0.4,0.0,0.0,0.2916168069441406,1,1.0,0.019230769230769232,0.03773584905660378,projected,0.49063542558329176
fast_ripple,sub-01,0,average,5.0,30,12,0,104.0,43.0,40.0,0.0,3.0,0.9302325581395349,0.9302325581395349,1.0,1.0,3,1.0,1.0,0.0,0.4783895140676239,3,0.37735849056603776,0.3269230769230769,0.35033487892838744,projected,0.5900918301583651
ripple,sub-01,1,bipolar,2.0,23,9,0,793.0,903.0,438.0,0.0,465.0,0.4850498338870432,0.4850498338870432,1.0,1.0,2,1.0,1.0,0.0,0.7755464936168277,3,0.5370985603543743,0.6002522068095839,0.5669220181402277,direct,1.0
ripple,sub-01,1,referential,2.0,30,12,0,793.0,156.0,84.0,0.0,72.0,0.5384615384615384,0.5384615384615384,1.0,0.3333333333333333,7,0.42857142857142855,0.0,0.0,0.6127417263598219,2,0.7614678899082569,0.23455233291298866,0.3586354291289652,projected,0.8582681311057815
ripple,sub-01,1,average,2.0,30,12,0,793.0,1364.0,682.0,0.0,682.0,0.5,0.5,1.0,1.0,11,0.7272727272727273,0.0,0.0,0.40956214401807217,0,0.32107843137254904,0.6368221941992434,0.4269124911671609,projected,0.7575622234565309
fast_ripple,sub-01,1,bipolar,5.0,23,9,0,126.0,21.0,20.0,0.0,1.0,0.9523809523809523,0.9523809523809523,1.0,1.0,3,1.0,1.0,0.0,0.6364625711575304,3,0.7142857142857143,0.1984126984126984,0.31055900621118016,direct,1.0
fast_ripple,sub-01,1,referential,5.0,30,12,0,126.0,0.0,0.0,0.0,0.0,,,,,0,,,,,1,,0.0,0.0,projected,
fast_ripple,sub-01,1,average,5.0,30,12,0,126.0,47.0,45.0,0.0,2.0,0.9574468085106383,0.9574468085106383,1.0,1.0,3,1.0,1.0,0.0,0.6742468055592514,4,0.4067796610169492,0.3333333333333333,0.366412213740458,projected,0.8091929496843682
ripple,sub-01,2,bipolar,2.0,23,9,0,716.0,915.0,433.0,0.0,482.0,0.473224043715847,0.473224043715847,1.0,0.6666666666666666,4,0.5,0.0,0.0,0.7038876401114676,2,0.5103825136612021,0.638268156424581,0.5672062264875546,direct,1.0
ripple,sub-01,2,referential,2.0,30,12,0,716.0,176.0,83.0,0.0,93.0,0.4715909090909091,0.4715909090909091,0.0,0.3333333333333333,5,0.4,0.0,0.0,0.6772524398589252,2,0.810126582278481,0.29608938547486036,0.4336764047816915,projected,0.859320680972608
ripple,sub-01,2,average,2.0,30,12,0,716.0,1456.0,696.0,0.0,760.0,0.47802197802197804,0.47802197802197804,1.0,0.6666666666666666,9,0.6666666666666666,0.0,0.0,0.35144773991770917,1,0.3029585798816568,0.6927374301675978,0.42155586837003,projected,0.8192830905490948
fast_ripple,sub-01,2,bipolar,5.0,23,9,0,111.0,19.0,18.0,0.0,1.0,0.9473684210526315,0.9473684210526315,1.0,1.0,3,1.0,1.0,0.0,0.5271320273741834,3,1.0,0.2972972972972973,0.4583333333333333,direct,1.0
fast_ripple,sub-01,2,referential,5.0,30,12,0,111.0,0.0,0.0,0.0,0.0,,,,,0,,,,,1,,0.0,0.0,projected,
fast_ripple,sub-01,2,average,5.0,30,12,0,111.0,50.0,47.0,0.0,3.0,0.94,0.94,1.0,1.0,5,1.0,1.0,0.0,0.5846973835790145,4,0.5087719298245614,0.4864864864864865,0.49737970462124825,projected,0.6476031317715428
ripple,sub-01,3,bipolar,2.0,23,9,0,696.0,880.0,406.0,0.0,474.0,0.46136363636363636,0.46136363636363636,1.0,0.6666666666666666,4,0.75,0.0,0.0,0.7061588145760684,1,0.5147727272727273,0.639367816091954,0.5703449485632802,direct,1.0
ripple,sub-01,3,referential,2.0,30,12,0,696.0,166.0,85.0,0.0,81.0,0.5120481927710844,0.5120481927710844,0.0,0.6666666666666666,7,0.42857142857142855,0.0,0.0,0.6071057606268159,3,0.788546255506608,0.28160919540229884,0.41500863516998265,projected,0.7230094136223012
ripple,sub-01,3,average,2.0,30,12,0,696.0,1403.0,694.0,0.0,709.0,0.4946543121881682,0.4946543121881682,1.0,1.0,12,0.6666666666666666,0.0,0.0,0.4255508674286885,1,0.3026706231454006,0.7040229885057471,0.42334047653331747,projected,0.7553796916691113
fast_ripple,sub-01,3,bipolar,5.0,23,9,0,106.0,22.0,22.0,0.0,0.0,1.0,1.0,1.0,1.0,2,1.0,1.0,0.0,0.576750351717657,4,0.8636363636363636,0.3113207547169811,0.4576642335766424,direct,1.0
fast_ripple,sub-01,3,referential,5.0,30,12,0,106.0,1.0,1.0,0.0,0.0,1.0,1.0,1.0,1.0,30,0.4,0.0,0.0,0.3124438908335544,1,1.0,0.03773584905660377,0.07272727272727272,projected,0.5876452473600439
fast_ripple,sub-01,3,average,5.0,30,12,0,106.0,44.0,41.0,0.0,3.0,0.9318181818181818,0.9318181818181818,1.0,1.0,5,1.0,1.0,0.0,0.40796898368684004,3,0.38461538461538464,0.330188679245283,0.3553299492385787,projected,0.7402433407476533
ripple,sub-01,4,bipolar,2.0,23,9,0,822.0,986.0,468.0,0.0,518.0,0.4746450304259635,0.4746450304259635,1.0,1.0,6,0.6666666666666666,0.0,0.0,0.7537738414416624,2,0.5679513184584178,0.6739659367396593,0.6164337290028253,direct,1.0
ripple,sub-01,4,referential,2.0,30,12,0,822.0,213.0,128.0,0.0,85.0,0.6009389671361502,0.6009389671361502,1.0,0.6666666666666666,9,0.5555555555555556,0.0,0.0,0.7247062211948408,2,0.8419243986254296,0.3236009732360097,0.4675102942653409,projected,0.8531023222137557
ripple,sub-01,4,average,2.0,30,12,0,822.0,1549.0,775.0,0.0,774.0,0.500322788896062,0.500322788896062,1.0,1.0,14,0.7142857142857143,0.0,0.0,0.4451498188100536,0,0.34439359267734554,0.7043795620437956,0.4626049148736244,projected,0.7919863669326165
fast_ripple,sub-01,4,bipolar,5.0,23,9,0,132.0,20.0,19.0,0.0,1.0,0.95,0.95,1.0,1.0,1,1.0,1.0,1.0,0.6710398609285853,4,0.95,0.25757575757575757,0.40526976160602257,direct,1.0
fast_ripple,sub-01,4,referential,5.0,30,12,0,132.0,4.0,4.0,0.0,0.0,1.0,1.0,1.0,1.0,30,0.4,0.0,0.0,0.29119025048624453,1,1.0,0.045454545454545456,0.08695652173913045,projected,0.4356574908828501
fast_ripple,sub-01,4,average,5.0,30,12,0,132.0,69.0,68.0,0.0,1.0,0.9855072463768116,0.9855072463768116,1.0,1.0,2,1.0,1.0,0.0,0.6472654398138682,3,0.3950617283950617,0.4015151515151515,0.39826229893154863,projected,0.8456008539541576
ripple,sub-02,0,bipolar,2.0,6,3,0,190.0,213.0,157.0,0.0,56.0,0.7370892018779343,0.7370892018779343,1.0,0.6666666666666666,1,1.0,1.0,1.0,0.5428571428571429,5,0.2112676056338028,0.23684210526315788,0.22332506203473942,direct,1.0
ripple,sub-02,0,referential,2.0,8,4,0,190.0,293.0,188.0,0.0,105.0,0.6416382252559727,0.6416382252559727,1.0,0.6666666666666666,1,1.0,1.0,1.0,0.7065994945288228,3,0.15170278637770898,0.28421052631578947,0.19781698564593303,projected,0.6571428571428573
ripple,sub-02,0,average,2.0,8,4,0,190.0,416.0,323.0,0.0,93.0,0.7764423076923077,0.7764423076923077,1.0,1.0,1,1.0,1.0,1.0,0.2142857142857143,3,0.17084282460136674,0.4,0.23942537909018352,projected,0.6
fast_ripple,sub-02,0,bipolar,5.0,6,3,0,51.0,1.0,1.0,0.0,0.0,1.0,1.0,1.0,0.3333333333333333,6,0.5,0.0,0.0,0.7745966692414834,5,0.0,0.0,0.0,direct,1.0
fast_ripple,sub-02,0,referential,5.0,8,4,0,51.0,3.0,3.0,0.0,0.0,1.0,1.0,1.0,0.6666666666666666,8,0.5,0.0,0.0,0.7414688179311125,4,0.0,0.0,0.0,projected,0.7745966692414834
fast_ripple,sub-02,0,average,5.0,8,4,0,51.0,12.0,12.0,0.0,0.0,1.0,1.0,1.0,0.3333333333333333,1,1.0,1.0,1.0,0.41739193556484105,3,0.08333333333333333,0.0392156862745098,0.05333333333333333,projected,1.0
ripple,sub-02,1,bipolar,2.0,6,3,0,196.0,235.0,181.0,0.0,54.0,0.7702127659574468,0.7702127659574468,1.0,0.6666666666666666,1,1.0,1.0,1.0,0.3714285714285715,4,0.1829787234042553,0.24489795918367346,0.20945808808605643,direct,1.0
ripple,sub-02,1,referential,2.0,8,4,0,196.0,286.0,187.0,0.0,99.0,0.6538461538461539,0.6538461538461539,1.0,0.6666666666666666,1,1.0,1.0,1.0,0.29277002188455997,3,0.13915857605177995,0.25,0.1787941787941788,projected,0.942857142857143
ripple,sub-02,1,average,2.0,8,4,0,196.0,434.0,328.0,0.0,106.0,0.7557603686635944,0.7557603686635944,1.0,1.0,1,1.0,1.0,1.0,0.1666666666666667,2,0.17456896551724138,0.41836734693877553,0.24634671018470436,projected,0.7714285714285715
fast_ripple,sub-02,1,bipolar,5.0,6,3,0,40.0,0.0,0.0,0.0,0.0,,,,,0,,,,,5,,0.0,0.0,direct,1.0
fast_ripple,sub-02,1,referential,5.0,8,4,0,40.0,7.0,7.0,0.0,0.0,1.0,1.0,1.0,0.6666666666666666,8,0.5,0.0,0.0,0.5923057020691221,4,0.2857142857142857,0.075,0.11881188118811879,projected,
fast_ripple,sub-02,1,average,5.0,8,4,0,40.0,27.0,27.0,0.0,0.0,1.0,1.0,1.0,1.0,2,1.0,1.0,0.0,0.4637130167514838,3,0.21428571428571427,0.225,0.2195121951219512,projected,
ripple,sub-02,2,bipolar,2.0,6,3,0,185.0,236.0,175.0,0.0,61.0,0.7415254237288136,0.7415254237288136,1.0,0.6666666666666666,1,1.0,1.0,1.0,0.4285714285714286,4,0.1906779661016949,0.25405405405405407,0.21785033733326467,direct,1.0
ripple,sub-02,2,referential,2.0,8,4,0,185.0,258.0,166.0,0.0,92.0,0.6434108527131783,0.6434108527131783,1.0,0.6666666666666666,1,1.0,1.0,1.0,0.19518001458970666,4,0.1449814126394052,0.23783783783783785,0.18014802372578864,projected,0.9856107606091623
ripple,sub-02,2,average,2.0,8,4,0,185.0,440.0,334.0,0.0,106.0,0.759090909090909,0.759090909090909,1.0,1.0,1,1.0,1.0,1.0,0.17964393928698885,3,0.15866388308977036,0.3891891891891892,0.2254263821372662,projected,0.7142857142857143
fast_ripple,sub-02,2,bipolar,5.0,6,3,0,46.0,0.0,0.0,0.0,0.0,,,,,0,,,,,5,,0.0,0.0,direct,1.0
fast_ripple,sub-02,2,referential,5.0,8,4,0,46.0,0.0,0.0,0.0,0.0,,,,,0,,,,,4,,0.0,0.0,projected,
fast_ripple,sub-02,2,average,5.0,8,4,0,46.0,15.0,15.0,0.0,0.0,1.0,1.0,1.0,0.6666666666666666,1,1.0,1.0,1.0,0.7325886315065459,4,0.0,0.0,0.0,projected,
ripple,sub-02,3,bipolar,2.0,6,3,0,186.0,217.0,174.0,0.0,43.0,0.8018433179723502,0.8018433179723502,1.0,0.6666666666666666,1,1.0,1.0,1.0,0.5507824838698261,4,0.2764976958525346,0.3870967741935484,0.3225806451612903,direct,1.0
ripple,sub-02,3,referential,2.0,8,4,0,186.0,271.0,173.0,0.0,98.0,0.6383763837638377,0.6383763837638377,1.0,0.6666666666666666,1,1.0,1.0,1.0,0.7545045450053531,4,0.20279720279720279,0.3655913978494624,0.2608810689244609,projected,0.898645105261295
ripple,sub-02,3,average,2.0,8,4,0,186.0,388.0,296.0,0.0,92.0,0.7628865979381443,0.7628865979381443,1.0,1.0,1,1.0,1.0,1.0,0.30952380952380953,3,0.21951219512195122,0.5376344086021505,0.31174229303775547,projected,0.9276336570439174
fast_ripple,sub-02,3,bipolar,5.0,6,3,0,75.0,5.0,5.0,0.0,0.0,1.0,1.0,1.0,0.3333333333333333,6,0.5,0.0,0.0,0.6642111641550715,5,0.2,0.013333333333333334,0.025,direct,1.0
fast_ripple,sub-02,3,referential,5.0,8,4,0,75.0,5.0,4.0,0.0,1.0,0.8,0.8,1.0,0.6666666666666666,8,0.5,0.0,0.0,-0.2713047581171467,3,0.16666666666666666,0.02666666666666667,0.04597701149425287,projected,0.7071067811865477
fast_ripple,sub-02,3,average,5.0,8,4,0,75.0,19.0,16.0,0.0,3.0,0.8421052631578947,0.8421052631578947,1.0,0.6666666666666666,1,1.0,1.0,1.0,-0.0437636782870311,3,0.21052631578947367,0.09333333333333334,0.12933025404157045,projected,0.6642111641550715
ripple,sub-02,4,bipolar,2.0,6,3,0,174.0,215.0,170.0,0.0,45.0,0.7906976744186046,0.7906976744186046,1.0,0.6666666666666666,1,1.0,1.0,1.0,0.4928053803045812,4,0.18604651162790697,0.22413793103448276,0.20332355816226783,direct,1.0
ripple,sub-02,4,referential,2.0,8,4,0,174.0,328.0,222.0,0.0,106.0,0.676829268292683,0.676829268292683,1.0,1.0,2,1.0,1.0,0.0,-0.08383383833392813,2,0.13753581661891118,0.3045977011494253,0.18950426459086,projected,0.8285714285714287
ripple,sub-02,4,average,2.0,8,4,0,174.0,422.0,339.0,0.0,83.0,0.8033175355450237,0.8033175355450237,1.0,1.0,1,1.0,1.0,1.0,0.29940656547831473,3,0.16150442477876106,0.4482758620689655,0.23745777555360942,projected,0.7142857142857143
fast_ripple,sub-02,4,bipolar,5.0,6,3,0,55.0,0.0,0.0,0.0,0.0,,,,,0,,,,,5,,0.0,0.0,direct,1.0
fast_ripple,sub-02,4,referential,5.0,8,4,0,55.0,6.0,5.0,0.0,1.0,0.8333333333333334,0.8333333333333334,1.0,0.3333333333333333,8,0.5,0.0,0.0,0.29615285103456107,4,0.3333333333333333,0.03636363636363636,0.06557377049180327,projected,
fast_ripple,sub-02,4,average,5.0,8,4,0,55.0,23.0,21.0,0.0,2.0,0.9130434782608695,0.9130434782608695,1.0,0.6666666666666666,1,1.0,1.0,1.0,0.8300653468880451,4,0.2916666666666667,0.14545454545454545,0.19410745233968804,projected,
ripple,sub-03,0,bipolar,2.0,15,12,0,782.0,455.0,221.0,0.0,234.0,0.4857142857142857,0.4857142857142857,0.0,0.0,3,0.0,0.0,0.0,0.9189195573550958,5,0.5054945054945055,0.29411764705882354,0.3718674211802748,direct,1.0
ripple,sub-03,0,referential,2.0,20,16,0,782.0,580.0,269.0,0.0,311.0,0.46379310344827585,0.46379310344827585,0.0,0.0,5,0.2,0.0,0.0,0.9244502161447651,4,0.49855907780979825,0.4437340153452685,0.46955161422788866,projected,0.8361713237655716
ripple,sub-03,0,average,2.0,20,16,0,782.0,790.0,461.0,0.0,329.0,0.5835443037974684,0.5835443037974684,0.0,0.0,6,0.3333333333333333,0.0,0.0,0.8982849399371882,4,0.36628511966701355,0.4514066496163683,0.40441531854508644,projected,0.9256971614278384
fast_ripple,sub-03,0,bipolar,5.0,15,12,0,179.0,78.0,25.0,0.0,53.0,0.32051282051282054,0.32051282051282054,0.0,0.3333333333333333,2,0.0,0.0,0.0,0.8763330896338922,5,0.8846153846153846,0.5363128491620112,0.6677755935278996,direct,1.0
fast_ripple,sub-03,0,referential,5.0,20,16,0,179.0,78.0,33.0,0.0,45.0,0.4230769230769231,0.4230769230769231,0.0,0.3333333333333333,5,0.4,0.0,0.0,0.8031355464264057,3,0.6395348837209303,0.43575418994413406,0.5183350450069474,projected,0.9504092720708888
fast_ripple,sub-03,0,average,5.0,20,16,0,179.0,122.0,48.0,0.0,74.0,0.39344262295081966,0.39344262295081966,0.0,0.3333333333333333,3,0.3333333333333333,0.0,0.0,0.8142596197270269,3,0.6402877697841727,0.6312849162011173,0.6357544724698148,projected,0.9001691286943909
ripple,sub-03,1,bipolar,2.0,15,12,0,853.0,509.0,269.0,0.0,240.0,0.5284872298624754,0.5284872298624754,0.0,0.3333333333333333,4,0.25,0.0,0.0,0.9009992234980384,5,0.5992141453831041,0.35990621336459555,0.4497055913627325,direct,1.0
ripple,sub-03,1,referential,2.0,20,16,0,853.0,611.0,305.0,0.0,306.0,0.49918166939443537,0.49918166939443537,0.0,0.0,5,0.2,0.0,0.0,0.9537002072011737,4,0.5314591700133868,0.451348182883939,0.48813865699193276,projected,0.9302340466056989
ripple,sub-03,1,average,2.0,20,16,0,853.0,850.0,535.0,0.0,315.0,0.6294117647058823,0.6294117647058823,0.0,0.0,6,0.3333333333333333,0.0,0.0,0.8468780162960918,4,0.3944337811900192,0.4630715123094959,0.42600564438782274,projected,0.9480755813651364
fast_ripple,sub-03,1,bipolar,5.0,15,12,0,194.0,77.0,37.0,0.0,40.0,0.4805194805194805,0.4805194805194805,0.0,0.3333333333333333,6,0.5,0.0,0.0,0.8610139311512685,4,0.8441558441558441,0.5257731958762887,0.6479671618451917,direct,1.0
fast_ripple,sub-03,1,referential,5.0,20,16,0,194.0,55.0,26.0,0.0,29.0,0.4727272727272727,0.4727272727272727,1.0,0.3333333333333333,4,0.5,0.0,0.0,0.7212968407031107,5,0.8333333333333334,0.4381443298969072,0.5743243243243245,projected,0.9580738629746863
fast_ripple,sub-03,1,average,5.0,20,16,0,194.0,117.0,60.0,0.0,57.0,0.5128205128205128,0.5128205128205128,1.0,0.3333333333333333,5,0.4,0.0,0.0,0.6819214510319724,5,0.6666666666666666,0.6752577319587629,0.6709346991037132,projected,0.9130508241208687
ripple,sub-03,2,bipolar,2.0,15,12,0,807.0,451.0,219.0,0.0,232.0,0.48558758314855877,0.48558758314855877,0.0,0.3333333333333333,4,0.25,0.0,0.0,0.8685612805463538,5,0.5454545454545454,0.2899628252788104,0.3786407766990291,direct,1.0
ripple,sub-03,2,referential,2.0,20,16,0,807.0,532.0,235.0,0.0,297.0,0.4417293233082707,0.4417293233082707,0.0,0.0,3,0.0,0.0,0.0,0.7716587289590774,4,0.5493171471927162,0.4138785625774473,0.47207558956739026,projected,0.910077830345054
ripple,sub-03,2,average,2.0,20,16,0,807.0,770.0,464.0,0.0,306.0,0.6025974025974026,0.6025974025974026,0.0,0.0,5,0.2,0.0,0.0,0.8995468124509892,4,0.387331256490135,0.4225526641883519,0.40417608048376696,projected,0.8328925015146466
fast_ripple,sub-03,2,bipolar,5.0,15,12,0,140.0,54.0,14.0,0.0,40.0,0.25925925925925924,0.25925925925925924,0.0,0.3333333333333333,3,0.3333333333333333,0.0,0.0,0.8416363101667396,5,0.8148148148148148,0.44285714285714284,0.573832562053008,direct,1.0
fast_ripple,sub-03,2,referential,5.0,20,16,0,140.0,52.0,15.0,0.0,37.0,0.28846153846153844,0.28846153846153844,0.0,0.3333333333333333,4,0.25,0.0,0.0,0.8402421536513569,5,0.7543859649122807,0.39285714285714285,0.5166575641725834,projected,0.9067068855449325
fast_ripple,sub-03,2,average,5.0,20,16,0,140.0,89.0,29.0,0.0,60.0,0.3258426966292135,0.3258426966292135,0.0,0.3333333333333333,3,0.3333333333333333,0.0,0.0,0.7100295690525075,5,0.7058823529411765,0.7071428571428572,0.7065120428189118,projected,0.8480261792744559
ripple,sub-03,3,bipolar,2.0,15,12,0,830.0,451.0,234.0,0.0,217.0,0.5188470066518847,0.5188470066518847,0.0,0.0,4,0.25,0.0,0.0,0.967527442476413,5,0.565410199556541,0.3373493975903614,0.42257272216139435,direct,1.0
ripple,sub-03,3,referential,2.0,20,16,0,830.0,576.0,311.0,0.0,265.0,0.5399305555555556,0.5399305555555556,0.0,0.0,5,0.2,0.0,0.0,0.906303941940837,4,0.5056818181818182,0.43253012048192774,0.4662541771856349,projected,0.9383381762961646
ripple,sub-03,3,average,2.0,20,16,0,830.0,781.0,494.0,0.0,287.0,0.6325224071702945,0.6325224071702945,0.0,0.0,6,0.3333333333333333,0.0,0.0,0.9148197536348346,4,0.39957716701902746,0.4530120481927711,0.4246201279883364,projected,0.9051878354203935
fast_ripple,sub-03,3,bipolar,5.0,15,12,0,167.0,71.0,23.0,0.0,48.0,0.323943661971831,0.323943661971831,0.0,0.3333333333333333,1,0.0,0.0,1.0,0.8798341720521554,5,0.8169014084507042,0.5568862275449101,0.6622874332371538,direct,1.0
fast_ripple,sub-03,3,referential,5.0,20,16,0,167.0,62.0,25.0,0.0,37.0,0.4032258064516129,0.4032258064516129,0.0,0.3333333333333333,5,0.4,0.0,0.0,0.7083018503203553,5,0.7468354430379747,0.5748502994011976,0.649653036646212,projected,0.9602656131752765
fast_ripple,sub-03,3,average,5.0,20,16,0,167.0,99.0,34.0,0.0,65.0,0.3434343434343434,0.3434343434343434,0.0,0.3333333333333333,5,0.4,0.0,0.0,0.7448678025926145,5,0.6311475409836066,0.718562874251497,0.6720244372522637,projected,0.957071306174797
ripple,sub-03,4,bipolar,2.0,15,12,0,795.0,487.0,260.0,0.0,227.0,0.5338809034907598,0.5338809034907598,0.0,0.3333333333333333,4,0.25,0.0,0.0,0.9471750845971476,5,0.5297741273100616,0.3232704402515723,0.4015272399165529,direct,1.0
ripple,sub-03,4,referential,2.0,20,16,0,795.0,569.0,277.0,0.0,292.0,0.4868189806678383,0.4868189806678383,0.0,0.0,4,0.0,0.0,0.0,0.9546235012926254,4,0.5248538011695907,0.42012578616352203,0.46668651639256536,projected,0.9517009861427537
ripple,sub-03,4,average,2.0,20,16,0,795.0,774.0,481.0,0.0,293.0,0.6214470284237726,0.6214470284237726,0.0,0.0,6,0.3333333333333333,0.0,0.0,0.9527359672507241,4,0.38461538461538464,0.42641509433962266,0.4044380816034359,projected,0.8998225489282048
fast_ripple,sub-03,4,bipolar,5.0,15,12,0,163.0,60.0,26.0,0.0,34.0,0.43333333333333335,0.43333333333333335,1.0,0.3333333333333333,4,0.25,0.0,0.0,0.8812730824724748,4,0.8833333333333333,0.49693251533742333,0.6360471146010815,direct,1.0
fast_ripple,sub-03,4,referential,5.0,20,16,0,163.0,46.0,16.0,0.0,30.0,0.34782608695652173,0.34782608695652173,0.0,0.3333333333333333,4,0.25,0.0,0.0,0.6437923554544491,5,0.7735849056603774,0.3619631901840491,0.49317023445463815,projected,0.9525991551862594
fast_ripple,sub-03,4,average,5.0,20,16,0,163.0,112.0,57.0,0.0,55.0,0.5089285714285714,0.5089285714285714,1.0,0.3333333333333333,3,0.3333333333333333,0.0,0.0,0.6073046771980523,5,0.6311475409836066,0.6932515337423313,0.6607434407867259,projected,0.913221666844649
ripple,sub-04,0,bipolar,2.0,24,12,0,706.0,740.0,279.0,0.0,461.0,0.377027027027027,0.377027027027027,0.0,0.0,6,0.16666666666666666,0.0,0.0,0.8491409824690309,4,0.5432432432432432,0.5396600566572238,0.5414457218003649,direct,1.0
ripple,sub-04,0,referential,2.0,32,16,0,706.0,957.0,383.0,0.0,574.0,0.400208986415883,0.400208986415883,0.0,0.0,6,0.16666666666666666,0.0,0.0,0.8393847467838187,5,0.36363636363636365,0.5821529745042493,0.4476514635806671,projected,0.8194326269265586
ripple,sub-04,0,average,2.0,32,16,0,706.0,1183.0,450.0,0.0,733.0,0.3803888419273035,0.3803888419273035,0.0,0.0,11,0.2727272727272727,0.0,0.0,0.7682847879822926,4,0.329232995658466,0.623229461756374,0.43085730272998246,projected,0.8806370506527991
fast_ripple,sub-04,0,bipolar,5.0,24,12,0,126.0,29.0,21.0,0.0,8.0,0.7241379310344828,0.7241379310344828,1.0,0.6666666666666666,9,0.6666666666666666,0.0,0.0,0.8216969559322981,3,0.6206896551724138,0.23809523809523808,0.3441682600382409,direct,1.0
fast_ripple,sub-04,0,referential,5.0,32,16,0,126.0,65.0,47.0,0.0,18.0,0.7230769230769231,0.7230769230769231,1.0,1.0,28,0.5714285714285714,0.0,0.0,0.465187925304044,2,0.3333333333333333,0.29365079365079366,0.3122362869198312,projected,0.8069719727973425
fast_ripple,sub-04,0,average,5.0,32,16,0,126.0,58.0,43.0,0.0,15.0,0.7413793103448276,0.7413793103448276,1.0,1.0,10,0.7,0.0,0.0,0.6226704604711869,3,0.410958904109589,0.38095238095238093,0.3953871499176277,projected,0.8760307951734843
ripple,sub-04,1,bipolar,2.0,24,12,0,641.0,745.0,300.0,0.0,445.0,0.40268456375838924,0.40268456375838924,0.0,0.0,6,0.16666666666666666,0.0,0.0,0.8623428746771293,4,0.48590604026845635,0.5600624024960998,0.5203554776104762,direct,1.0
ripple,sub-04,1,referential,2.0,32,16,0,641.0,1009.0,375.0,0.0,634.0,0.37165510406342916,0.37165510406342916,0.0,0.0,6,0.16666666666666666,0.0,0.0,0.767372472739828,5,0.3211009174311927,0.608424336973479,0.4203556855801063,projected,0.8082371078802449
ripple,sub-04,1,average,2.0,32,16,0,641.0,1203.0,481.0,0.0,722.0,0.399833748960931,0.399833748960931,0.0,0.0,10,0.2,0.0,0.0,0.8525549884558011,4,0.30945558739255014,0.6801872074882995,0.4253812242538122,projected,0.8462546764615773
fast_ripple,sub-04,1,bipolar,5.0,24,12,0,143.0,41.0,33.0,0.0,8.0,0.8048780487804879,0.8048780487804879,1.0,1.0,9,0.6666666666666666,0.0,0.0,0.6880804252959575,3,0.7317073170731707,0.34265734265734266,0.4667407525003969,direct,1.0
fast_ripple,sub-04,1,referential,5.0,32,16,0,143.0,32.0,30.0,0.0,2.0,0.9375,0.9375,1.0,1.0,7,0.7142857142857143,0.0,0.0,0.587334283894764,3,0.7073170731707317,0.32867132867132864,0.4487981560750741,projected,0.9209293994551861
fast_ripple,sub-04,1,average,5.0,32,16,0,143.0,54.0,46.0,0.0,8.0,0.8518518518518519,0.8518518518518519,1.0,1.0,6,0.8333333333333334,0.0,0.0,0.7052416430970981,3,0.6461538461538462,0.4195804195804196,0.5087825560266506,projected,0.8844908839616396
ripple,sub-04,2,bipolar,2.0,24,12,0,705.0,708.0,262.0,0.0,446.0,0.3700564971751412,0.3700564971751412,0.0,0.0,7,0.14285714285714285,0.0,0.0,0.9154955455760666,4,0.5607344632768362,0.5460992907801419,0.5533201198265953,direct,1.0
ripple,sub-04,2,referential,2.0,32,16,0,705.0,1007.0,392.0,0.0,615.0,0.38927507447864945,0.38927507447864945,0.0,0.0,5,0.2,0.0,0.0,0.8070291041510452,4,0.36326194398682043,0.6028368794326241,0.4533442985771387,projected,0.8684957219486903
ripple,sub-04,2,average,2.0,32,16,0,705.0,1169.0,447.0,0.0,722.0,0.3823781009409752,0.3823781009409752,0.0,0.3333333333333333,9,0.2222222222222222,0.0,0.0,0.7516855808462892,3,0.3377808988764045,0.6539007092198581,0.4454558147150022,projected,0.8852603673711141
fast_ripple,sub-04,2,bipolar,5.0,24,12,0,115.0,27.0,22.0,0.0,5.0,0.8148148148148148,0.8148148148148148,1.0,1.0,8,0.625,0.0,0.0,0.8202592237523982,3,0.8888888888888888,0.34782608695652173,0.5,direct,1.0
fast_ripple,sub-04,2,referential,5.0,32,16,0,115.0,27.0,20.0,0.0,7.0,0.7407407407407407,0.7407407407407407,1.0,0.6666666666666666,8,0.625,0.0,0.0,0.7122151630805632,3,0.78125,0.3565217391304348,0.48961069978504895,projected,0.9727554179566563
fast_ripple,sub-04,2,average,5.0,32,16,0,115.0,48.0,34.0,0.0,14.0,0.7083333333333334,0.7083333333333334,1.0,0.6666666666666666,8,0.625,0.0,0.0,0.6873404234381789,2,0.6964285714285714,0.5391304347826087,0.6077667462611537,projected,0.9296445036248241
ripple,sub-04,3,bipolar,2.0,24,12,0,540.0,895.0,543.0,0.0,352.0,0.6067039106145251,0.6067039106145251,1.0,1.0,5,0.8,0.0,0.0,0.8929158181662111,4,0.4435754189944134,0.7722222222222223,0.5634799479233146,direct,1.0
ripple,sub-04,3,referential,2.0,32,16,0,540.0,1245.0,742.0,0.0,503.0,0.5959839357429719,0.5959839357429719,1.0,1.0,4,1.0,1.0,0.0,0.9307568087410675,4,0.27539195637355146,0.7592592592592593,0.4041823749740737,projected,0.9061208643346514
ripple,sub-04,3,average,2.0,32,16,0,540.0,1347.0,796.0,0.0,551.0,0.5909428359317,0.5909428359317,1.0,1.0,7,0.7142857142857143,0.0,0.0,0.8598732898611073,4,0.28955597248280174,0.85,0.431962242405949,projected,0.9499243599501497
fast_ripple,sub-04,3,bipolar,5.0,24,12,0,262.0,163.0,162.0,0.0,1.0,0.9938650306748467,0.9938650306748467,1.0,1.0,4,1.0,1.0,0.0,0.7189626343187335,5,0.7975460122699386,0.6450381679389313,0.7132306393753955,direct,1.0
fast_ripple,sub-04,3,referential,5.0,32,16,0,262.0,153.0,153.0,0.0,0.0,1.0,1.0,1.0,1.0,4,1.0,1.0,0.0,0.6879923559189044,4,0.7636363636363637,0.6068702290076335,0.6762874069573143,projected,0.8117286037249477
fast_ripple,sub-04,3,average,5.0,32,16,0,262.0,236.0,233.0,0.0,3.0,0.9872881355932204,0.9872881355932204,1.0,1.0,4,1.0,1.0,0.0,0.6816588586601285,4,0.6612903225806451,0.7709923664122137,0.7119401702054499,projected,0.7943954952687341
ripple,sub-04,4,bipolar,2.0,24,12,0,979.0,1009.0,614.0,0.0,395.0,0.6085232903865213,0.6085232903865213,1.0,1.0,4,1.0,1.0,0.0,0.9019502080439805,3,0.5966303270564915,0.6332992849846782,0.6144181843024088,direct,1.0
ripple,sub-04,4,referential,2.0,32,16,0,979.0,1340.0,780.0,0.0,560.0,0.582089552238806,0.582089552238806,1.0,1.0,4,1.0,1.0,0.0,0.892927743203172,3,0.399737876802097,0.6353421859039836,0.49072597490109043,projected,0.9043992978242229
ripple,sub-04,4,average,2.0,32,16,0,979.0,1432.0,875.0,0.0,557.0,0.6110335195530726,0.6110335195530726,1.0,1.0,4,1.0,1.0,0.0,0.8967570886304934,2,0.4044073853484217,0.7037793667007151,0.5136563363951577,projected,0.9717030490387293
fast_ripple,sub-04,4,bipolar,5.0,24,12,0,296.0,123.0,123.0,0.0,0.0,1.0,1.0,1.0,1.0,3,1.0,1.0,0.0,0.7558567789211129,5,0.8292682926829268,0.4966216216216216,0.6212168292834503,direct,1.0
fast_ripple,sub-04,4,referential,5.0,32,16,0,296.0,113.0,112.0,0.0,1.0,0.9911504424778761,0.9911504424778761,1.0,1.0,5,1.0,1.0,0.0,0.6684968750178653,4,0.7637795275590551,0.5135135135135135,0.6141286237920692,projected,0.8688669016844852
fast_ripple,sub-04,4,average,5.0,32,16,0,296.0,197.0,197.0,0.0,0.0,1.0,1.0,1.0,1.0,2,1.0,1.0,0.0,0.673537456906333,4,0.6559633027522935,0.6655405405405406,0.6607172174402514,projected,0.8372335476775327
ripple,sub-05,0,bipolar,2.0,6,3,0,210.0,108.0,75.0,0.0,33.0,0.6944444444444444,0.6944444444444444,1.0,1.0,3,1.0,1.0,0.0,0.942857142857143,5,0.32407407407407407,0.19523809523809524,0.2436746476481576,direct,1.0
ripple,sub-05,0,referential,2.0,8,4,0,210.0,264.0,200.0,0.0,64.0,0.7575757575757576,0.7575757575757576,1.0,1.0,2,1.0,1.0,0.0,0.8263621207201486,4,0.2878787878787879,0.37142857142857144,0.32435981615233095,projected,0.942857142857143
ripple,sub-05,0,average,2.0,8,4,0,210.0,378.0,280.0,0.0,98.0,0.7407407407407407,0.7407407407407407,1.0,1.0,1,1.0,1.0,1.0,0.8503146459584139,4,0.2351421188630491,0.4380952380952381,0.30602770771648935,projected,0.8857142857142858
fast_ripple,sub-05,0,bipolar,5.0,6,3,0,38.0,1.0,0.0,0.0,1.0,0.0,0.0,0.0,0.0,6,0.5,0.0,0.0,0.39852669849304295,4,0.0,0.0,0.0,direct,1.0
fast_ripple,sub-05,0,referential,5.0,8,4,0,38.0,7.0,6.0,0.0,1.0,0.8571428571428571,0.8571428571428571,1.0,0.6666666666666666,8,0.5,0.0,0.0,0.4132591590396037,3,0.25,0.10526315789473684,0.14814814814814814,projected,-0.13483997249264842
fast_ripple,sub-05,0,average,5.0,8,4,0,38.0,19.0,16.0,0.0,3.0,0.8421052631578947,0.8421052631578947,1.0,0.6666666666666666,5,0.8,0.0,0.0,0.5645127977248884,3,0.2857142857142857,0.2631578947368421,0.273972602739726,projected,0.0
ripple,sub-05,1,bipolar,2.0,6,3,0,224.0,129.0,84.0,0.0,45.0,0.6511627906976745,0.6511627906976745,1.0,1.0,5,0.6,0.0,0.0,0.5217939320872036,4,0.29457364341085274,0.1875,0.22914572864321608,direct,1.0
ripple,sub-05,1,referential,2.0,8,4,0,224.0,277.0,212.0,0.0,65.0,0.7653429602888087,0.7653429602888087,1.0,1.0,3,1.0,1.0,0.0,0.6666666666666669,3,0.2653061224489796,0.36160714285714285,0.30606016567359395,projected,0.9276336570439174
ripple,sub-05,1,average,2.0,8,4,0,224.0,359.0,253.0,0.0,106.0,0.7047353760445683,0.7047353760445683,1.0,1.0,1,1.0,1.0,1.0,0.7380952380952381,3,0.24396782841823056,0.42410714285714285,0.3097511599992834,projected,0.9276336570439174
fast_ripple,sub-05,1,bipolar,5.0,6,3,0,46.0,0.0,0.0,0.0,0.0,,,,,0,,,,,4,,0.0,0.0,direct,1.0
fast_ripple,sub-05,1,referential,5.0,8,4,0,46.0,18.0,13.0,0.0,5.0,0.7222222222222222,0.7222222222222222,1.0,0.6666666666666666,8,0.5,0.0,0.0,0.676822513616406,3,0.23529411764705882,0.10869565217391304,0.14869888475836432,projected,
fast_ripple,sub-05,1,average,5.0,8,4,0,46.0,17.0,14.0,0.0,3.0,0.8235294117647058,0.8235294117647058,1.0,0.6666666666666666,5,0.6,0.0,0.0,0.8470243628419077,4,0.5,0.2391304347826087,0.3235294117647059,projected,
ripple,sub-05,2,bipolar,2.0,6,3,0,227.0,124.0,89.0,0.0,35.0,0.717741935483871,0.717741935483871,1.0,1.0,3,1.0,1.0,0.0,0.9856107606091623,5,0.28225806451612906,0.19383259911894274,0.22983359450787258,direct,1.0
ripple,sub-05,2,referential,2.0,8,4,0,227.0,250.0,193.0,0.0,57.0,0.772,0.772,1.0,1.0,2,1.0,1.0,0.0,0.8333333333333335,4,0.3253968253968254,0.40969162995594716,0.36271105826397143,projected,0.9856107606091624
ripple,sub-05,2,average,2.0,8,4,0,227.0,372.0,264.0,0.0,108.0,0.7096774193548387,0.7096774193548387,1.0,1.0,2,1.0,1.0,0.0,0.7619047619047621,4,0.2340966921119593,0.43612334801762115,0.304661236640966,projected,0.9856107606091624
fast_ripple,sub-05,2,bipolar,5.0,6,3,0,49.0,0.0,0.0,0.0,0.0,,,,,0,,,,,5,,0.0,0.0,direct,1.0
fast_ripple,sub-05,2,referential,5.0,8,4,0,49.0,3.0,3.0,0.0,0.0,1.0,1.0,1.0,0.6666666666666666,8,0.5,0.0,0.0,0.7369886027879208,3,0.75,0.08163265306122448,0.147239263803681,projected,
fast_ripple,sub-05,2,average,5.0,8,4,0,49.0,23.0,20.0,0.0,3.0,0.8695652173913043,0.8695652173913043,1.0,1.0,5,0.8,0.0,0.0,0.4540646416482798,3,0.43478260869565216,0.30612244897959184,0.3592814371257485,projected,
ripple,sub-05,3,bipolar,2.0,6,3,0,176.0,129.0,82.0,0.0,47.0,0.6356589147286822,0.6356589147286822,1.0,0.6666666666666666,4,0.75,0.0,0.0,0.7944613465542746,5,0.3023255813953488,0.2215909090909091,0.25573770491803277,direct,1.0
ripple,sub-05,3,referential,2.0,8,4,0,176.0,245.0,181.0,0.0,64.0,0.7387755102040816,0.7387755102040816,1.0,1.0,2,1.0,1.0,0.0,0.8095238095238096,4,0.27309236947791166,0.3806818181818182,0.31803427454539107,projected,0.8827348295047495
ripple,sub-05,3,average,2.0,8,4,0,176.0,323.0,221.0,0.0,102.0,0.6842105263157895,0.6842105263157895,1.0,1.0,1,1.0,1.0,1.0,0.8095238095238096,4,0.23219814241486067,0.4431818181818182,0.30473511486169713,projected,0.8827348295047495
fast_ripple,sub-05,3,bipolar,5.0,6,3,0,33.0,0.0,0.0,0.0,0.0,,,,,0,,,,,4,,0.0,0.0,direct,1.0
fast_ripple,sub-05,3,referential,5.0,8,4,0,33.0,12.0,7.0,0.0,5.0,0.5833333333333334,0.5833333333333334,1.0,0.6666666666666666,8,0.5,0.0,0.0,0.5324163804222227,3,0.18181818181818182,0.06060606060606061,0.09090909090909091,projected,
fast_ripple,sub-05,3,average,5.0,8,4,0,33.0,13.0,10.0,0.0,3.0,0.7692307692307693,0.7692307692307693,1.0,0.6666666666666666,4,0.5,0.0,0.0,0.6698913922188694,3,0.38461538461538464,0.15151515151515152,0.21739130434782608,projected,
ripple,sub-05,4,bipolar,2.0,6,3,0,58.0,26.0,18.0,0.0,8.0,0.6923076923076923,0.6923076923076923,1.0,0.6666666666666666,6,0.5,0.0,0.0,0.8064516129032258,5,0.34615384615384615,0.13793103448275862,0.19726027397260273,direct,1.0
ripple,sub-05,4,referential,2.0,8,4,0,58.0,120.0,67.0,0.0,53.0,0.5583333333333333,0.5583333333333333,1.0,0.6666666666666666,8,0.5,0.0,0.0,0.5181098946652709,3,0.14705882352941177,0.25862068965517243,0.18750000000000003,projected,0.8804062740424288
ripple,sub-05,4,average,2.0,8,4,0,58.0,238.0,129.0,0.0,109.0,0.542016806722689,0.542016806722689,1.0,0.6666666666666666,8,0.5,0.0,0.0,0.5091002590437844,3,0.21739130434782608,0.5689655172413793,0.3145853193517636,projected,0.8932596002688613
fast_ripple,sub-05,4,bipolar,5.0,6,3,0,12.0,0.0,0.0,0.0,0.0,,,,,0,,,,,4,,0.0,0.0,direct,1.0
fast_ripple,sub-05,4,referential,5.0,8,4,0,12.0,123.0,39.0,0.0,84.0,0.3170731707317073,0.3170731707317073,0.0,0.0,8,0.5,0.0,0.0,-0.9068497908749148,2,0.01904761904761905,0.16666666666666666,0.034188034188034185,projected,
fast_ripple,sub-05,4,average,5.0,8,4,0,12.0,175.0,81.0,0.0,94.0,0.46285714285714286,0.46285714285714286,0.0,0.3333333333333333,8,0.5,0.0,0.0,-0.754615428178118,2,0.032467532467532464,0.3333333333333333,0.059171597633136085,projected,
ripple,sub-06,0,bipolar,2.0,6,3,0,203.0,177.0,123.0,0.0,54.0,0.6949152542372882,0.6949152542372882,1.0,0.6666666666666666,2,1.0,1.0,0.0,0.2571428571428572,4,0.15254237288135594,0.1477832512315271,0.15012510425354464,direct,1.0
ripple,sub-06,0,referential,2.0,8,4,0,203.0,619.0,291.0,0.0,328.0,0.4701130856219709,0.4701130856219709,0.0,0.0,8,0.5,0.0,0.0,0.4879500364742666,4,0.13893653516295026,0.4039408866995074,0.2067580818378496,projected,-0.5507824838698261
ripple,sub-06,0,average,2.0,8,4,0,203.0,583.0,292.0,0.0,291.0,0.5008576329331046,0.5008576329331046,1.0,0.6666666666666666,8,0.5,0.0,0.0,-0.048492864496887195,3,0.15129151291512916,0.4187192118226601,0.22227182856049496,projected,0.49377071987869414
fast_ripple,sub-06,0,bipolar,5.0,6,3,0,58.0,1.0,1.0,0.0,0.0,1.0,1.0,1.0,0.3333333333333333,6,0.5,0.0,0.0,0.6546536707079772,5,0.0,0.0,0.0,direct,1.0
fast_ripple,sub-06,0,referential,5.0,8,4,0,58.0,81.0,12.0,0.0,69.0,0.14814814814814814,0.14814814814814814,0.0,0.0,4,0.0,0.0,0.0,-0.277128548309331,3,0.0,0.0,0.0,projected,-0.6642111641550715
fast_ripple,sub-06,0,average,5.0,8,4,0,58.0,79.0,13.0,0.0,66.0,0.16455696202531644,0.16455696202531644,0.0,0.0,4,0.0,0.0,0.0,-0.08383383833392813,3,0.0,0.0,0.0,projected,-0.6642111641550715
ripple,sub-06,1,bipolar,2.0,6,3,0,187.0,179.0,111.0,0.0,68.0,0.6201117318435754,0.6201117318435754,1.0,0.6666666666666666,2,1.0,1.0,0.0,0.48571428571428577,4,0.15083798882681565,0.12834224598930483,0.13868378812199036,direct,1.0
ripple,sub-06,1,referential,2.0,8,4,0,187.0,607.0,310.0,0.0,297.0,0.5107084019769358,0.5107084019769358,1.0,0.6666666666666666,8,0.5,0.0,0.0,0.4431217169079058,4,0.12683823529411764,0.3422459893048128,0.18508350971311216,projected,0.8285714285714287
ripple,sub-06,1,average,2.0,8,4,0,187.0,615.0,321.0,0.0,294.0,0.5219512195121951,0.5219512195121951,1.0,1.0,8,0.5,0.0,0.0,0.14371515142959107,4,0.15009041591320071,0.45454545454545453,0.22566612289287655,projected,0.6571428571428573
fast_ripple,sub-06,1,bipolar,5.0,6,3,0,58.0,3.0,3.0,0.0,0.0,1.0,1.0,1.0,0.3333333333333333,6,0.5,0.0,0.0,0.26568446566202863,5,0.0,0.0,0.0,direct,1.0
fast_ripple,sub-06,1,referential,5.0,8,4,0,58.0,84.0,18.0,0.0,66.0,0.21428571428571427,0.21428571428571427,0.0,0.0,4,0.0,0.0,0.0,-0.06060717369568862,3,0.0,0.0,0.0,projected,-0.41736500618415145
fast_ripple,sub-06,1,average,5.0,8,4,0,58.0,75.0,18.0,0.0,57.0,0.24,0.24,0.0,0.0,6,0.3333333333333333,0.0,0.0,-0.18903844776002224,3,0.03076923076923077,0.06896551724137931,0.04255319148936171,projected,-0.6546536707079772
ripple,sub-06,2,bipolar,2.0,6,3,0,180.0,160.0,112.0,0.0,48.0,0.7,0.7,1.0,0.6666666666666666,2,1.0,1.0,0.0,0.5428571428571429,5,0.2,0.19444444444444445,0.19718309859154928,direct,1.0
ripple,sub-06,2,referential,2.0,8,4,0,180.0,610.0,308.0,0.0,302.0,0.5049180327868853,0.5049180327868853,0.0,0.3333333333333333,8,0.5,0.0,0.0,0.8181968448917964,4,0.14311270125223613,0.4222222222222222,0.2137683707193587,projected,0.7826908981308054
ripple,sub-06,2,average,2.0,8,4,0,180.0,568.0,293.0,0.0,275.0,0.5158450704225352,0.5158450704225352,1.0,0.3333333333333333,8,0.5,0.0,0.0,0.6995049884851877,4,0.1431297709923664,0.45555555555555555,0.21782248353049513,projected,0.942857142857143
fast_ripple,sub-06,2,bipolar,5.0,6,3,0,49.0,0.0,0.0,0.0,0.0,,,,,0,,,,,5,,0.0,0.0,direct,1.0
fast_ripple,sub-06,2,referential,5.0,8,4,0,49.0,88.0,20.0,0.0,68.0,0.22727272727272727,0.22727272727272727,0.0,0.0,7,0.42857142857142855,0.0,0.0,-0.27006573887713003,3,0.025,0.08163265306122448,0.03827751196172248,projected,
fast_ripple,sub-06,2,average,5.0,8,4,0,49.0,77.0,20.0,0.0,57.0,0.2597402597402597,0.2597402597402597,0.0,0.0,7,0.42857142857142855,0.0,0.0,-0.4699136253940829,2,0.0273972602739726,0.08163265306122448,0.04102564102564102,projected,
ripple,sub-06,3,bipolar,2.0,6,3,0,186.0,168.0,102.0,0.0,66.0,0.6071428571428571,0.6071428571428571,1.0,0.6666666666666666,3,0.6666666666666666,0.0,0.0,0.5797710356524484,4,0.13095238095238096,0.11827956989247312,0.12429378531073447,direct,1.0
ripple,sub-06,3,referential,2.0,8,4,0,186.0,593.0,267.0,0.0,326.0,0.4502529510961214,0.4502529510961214,0.0,0.0,8,0.5,0.0,0.0,0.28917761562712796,3,0.10583941605839416,0.2956989247311828,0.1558835027365129,projected,0.05797710356524484
ripple,sub-06,3,average,2.0,8,4,0,186.0,592.0,269.0,0.0,323.0,0.4543918918918919,0.4543918918918919,0.0,0.0,8,0.5,0.0,0.0,0.7804878048780488,4,0.11870503597122302,0.3333333333333333,0.17506631299734748,projected,0.2608969660436018
fast_ripple,sub-06,3,bipolar,5.0,6,3,0,32.0,0.0,0.0,0.0,0.0,,,,,0,,,,,5,,0.0,0.0,direct,1.0
fast_ripple,sub-06,3,referential,5.0,8,4,0,32.0,106.0,24.0,0.0,82.0,0.22641509433962265,0.22641509433962265,0.0,0.0,4,0.0,0.0,0.0,-0.7228915662650601,2,0.0,0.0,0.0,projected,
fast_ripple,sub-06,3,average,5.0,8,4,0,32.0,89.0,26.0,0.0,63.0,0.29213483146067415,0.29213483146067415,0.0,0.0,6,0.3333333333333333,0.0,0.0,-0.5394038458916287,3,0.012987012987012988,0.0625,0.021505376344086023,projected,
ripple,sub-06,4,bipolar,2.0,6,3,0,205.0,160.0,103.0,0.0,57.0,0.64375,0.64375,1.0,0.6666666666666666,3,0.6666666666666666,0.0,0.0,0.5217939320872036,4,0.125,0.1024390243902439,0.1126005361930295,direct,1.0
ripple,sub-06,4,referential,2.0,8,4,0,205.0,550.0,270.0,0.0,280.0,0.4909090909090909,0.4909090909090909,0.0,0.3333333333333333,8,0.5,0.0,0.0,0.21957751641341997,3,0.15009746588693956,0.32195121951219513,0.20474185685796586,projected,0.14494275891311212
ripple,sub-06,4,average,2.0,8,4,0,205.0,516.0,250.0,0.0,266.0,0.4844961240310077,0.4844961240310077,0.0,0.0,8,0.5,0.0,0.0,0.10844160586017297,3,0.14519427402862986,0.33170731707317075,0.20197878971698704,projected,-0.6029411764705883
fast_ripple,sub-06,4,bipolar,5.0,6,3,0,58.0,2.0,2.0,0.0,0.0,1.0,1.0,1.0,0.3333333333333333,6,0.5,0.0,0.0,0.39279220242478635,4,0.5,0.017241379310344827,0.03333333333333333,direct,1.0
fast_ripple,sub-06,4,referential,5.0,8,4,0,58.0,81.0,17.0,0.0,64.0,0.20987654320987653,0.20987654320987653,0.0,0.0,5,0.2,0.0,0.0,-0.530158961983068,3,0.0684931506849315,0.1206896551724138,0.08739076154806491,projected,-0.6642111641550715
fast_ripple,sub-06,4,average,5.0,8,4,0,58.0,77.0,17.0,0.0,60.0,0.22077922077922077,0.22077922077922077,0.0,0.0,6,0.3333333333333333,0.0,0.0,-0.424312564347763,2,0.1,0.15517241379310345,0.12162162162162163,projected,-0.6546536707079772
ripple,sub-07,0,bipolar,2.0,6,3,0,19.0,75.0,39.0,0.0,36.0,0.52,0.52,0.0,0.6666666666666666,5,0.6,0.0,0.0,0.9705882352941178,5,0.22666666666666666,0.8421052631578947,0.3571897570584373,direct,1.0
ripple,sub-07,0,referential,2.0,8,4,0,19.0,401.0,196.0,0.0,205.0,0.48877805486284287,0.48877805486284287,0.0,0.3333333333333333,8,0.5,0.0,0.0,0.13173888881045848,3,0.041666666666666664,0.631578947368421,0.07817589576547232,projected,-0.7247137945655605
ripple,sub-07,0,average,2.0,8,4,0,19.0,210.0,107.0,0.0,103.0,0.5095238095238095,0.5095238095238095,0.0,0.3333333333333333,8,0.5,0.0,0.0,0.5269555552418339,4,0.07661290322580645,0.8421052631578947,0.14044814044814044,projected,0.9856107606091624
fast_ripple,sub-07,0,bipolar,5.0,6,3,0,15.0,1.0,0.0,0.0,1.0,0.0,0.0,0.0,0.0,6,0.5,0.0,0.0,0.674199862463242,5,0.0,0.0,0.0,direct,1.0
fast_ripple,sub-07,0,referential,5.0,8,4,0,15.0,10.0,1.0,0.0,9.0,0.1,0.1,0.0,0.0,8,0.5,0.0,0.0,0.6333682399226751,4,0.0,0.0,0.0,projected,0.5393598899705937
fast_ripple,sub-07,0,average,5.0,8,4,0,15.0,4.0,3.0,0.0,1.0,0.75,0.75,1.0,0.6666666666666666,8,0.5,0.0,0.0,-0.5356529839748795,3,0.0,0.0,0.0,projected,0.28284271247461906
ripple,sub-07,1,bipolar,2.0,6,3,0,29.0,83.0,38.0,0.0,45.0,0.4578313253012048,0.4578313253012048,0.0,0.3333333333333333,6,0.5,0.0,0.0,0.7715167498104596,4,0.21686746987951808,0.6206896551724138,0.32142857142857145,direct,1.0
ripple,sub-07,1,referential,2.0,8,4,0,29.0,285.0,133.0,0.0,152.0,0.4666666666666667,0.4666666666666667,0.0,0.0,8,0.5,0.0,0.0,0.5070774638885581,4,0.08992805755395683,0.8620689655172413,0.16286644951140064,projected,0.40583972495671394
ripple,sub-07,1,average,2.0,8,4,0,29.0,230.0,89.0,0.0,141.0,0.3869565217391304,0.3869565217391304,0.0,0.0,6,0.3333333333333333,0.0,0.0,0.13253974049576697,3,0.10655737704918032,0.9310344827586207,0.19122854807954237,projected,0.4285714285714286
fast_ripple,sub-07,1,bipolar,5.0,6,3,0,20.0,0.0,0.0,0.0,0.0,,,,,0,,,,,5,,0.0,0.0,direct,1.0
fast_ripple,sub-07,1,referential,5.0,8,4,0,20.0,25.0,16.0,0.0,9.0,0.64,0.64,1.0,1.0,8,0.5,0.0,0.0,0.037048332260549724,3,0.07692307692307693,0.15,0.1016949152542373,projected,
fast_ripple,sub-07,1,average,5.0,8,4,0,20.0,15.0,12.0,0.0,3.0,0.8,0.8,1.0,0.6666666666666666,8,0.5,0.0,0.0,-0.4660633153357609,3,0.05555555555555555,0.1,0.07142857142857142,projected,
ripple,sub-07,2,bipolar,2.0,6,3,0,34.0,127.0,43.0,0.0,84.0,0.33858267716535434,0.33858267716535434,0.0,0.0,1,0.0,0.0,1.0,0.6468431588153822,4,0.25984251968503935,0.9705882352941176,0.4099378881987577,direct,1.0
ripple,sub-07,2,referential,2.0,8,4,0,34.0,301.0,124.0,0.0,177.0,0.4119601328903654,0.4119601328903654,0.0,0.0,7,0.42857142857142855,0.0,0.0,0.7284505775290724,3,0.12903225806451613,0.9705882352941176,0.2277825711820535,projected,0.753702346348183
ripple,sub-07,2,average,2.0,8,4,0,34.0,289.0,116.0,0.0,173.0,0.4013840830449827,0.4013840830449827,0.0,0.0,4,0.25,0.0,0.0,0.5878895848481795,3,0.10576923076923077,1.0,0.19130434782608693,projected,0.9856107606091624
fast_ripple,sub-07,2,bipolar,5.0,6,3,0,25.0,1.0,0.0,0.0,1.0,0.0,0.0,0.0,0.0,6,0.5,0.0,0.0,0.6546536707079772,5,1.0,0.08,0.14814814814814814,direct,1.0
fast_ripple,sub-07,2,referential,5.0,8,4,0,25.0,1.0,0.0,0.0,1.0,0.0,0.0,0.0,0.0,8,0.5,0.0,0.0,0.24892194409350668,3,1.0,0.04,0.07692307692307693,projected,1.0
fast_ripple,sub-07,2,average,5.0,8,4,0,25.0,6.0,2.0,0.0,4.0,0.3333333333333333,0.3333333333333333,0.0,0.3333333333333333,8,0.5,0.0,0.0,0.24696958497680324,3,0.14285714285714285,0.08,0.10256410256410256,projected,0.6956083436402525
ripple,sub-07,3,bipolar,2.0,6,3,0,24.0,90.0,37.0,0.0,53.0,0.4111111111111111,0.4111111111111111,0.0,0.3333333333333333,3,0.3333333333333333,0.0,0.0,0.4705882352941177,4,0.18888888888888888,0.75,0.30177514792899407,direct,1.0
ripple,sub-07,3,referential,2.0,8,4,0,24.0,320.0,165.0,0.0,155.0,0.515625,0.515625,1.0,0.6666666666666666,8,0.5,0.0,0.0,0.7407971974871923,5,0.06116207951070336,0.875,0.1143323805634953,projected,0.34786262139146906
ripple,sub-07,3,average,2.0,8,4,0,24.0,287.0,119.0,0.0,168.0,0.4146341463414634,0.4146341463414634,0.0,0.0,8,0.5,0.0,0.0,0.13253974049576697,2,0.07973421926910298,0.9166666666666666,0.1467074187274243,projected,0.6087595874350709
fast_ripple,sub-07,3,bipolar,5.0,6,3,0,31.0,1.0,0.0,0.0,1.0,0.0,0.0,0.0,0.0,6,0.5,0.0,0.0,0.39852669849304295,5,1.0,0.06451612903225806,0.12121212121212122,direct,1.0
fast_ripple,sub-07,3,referential,5.0,8,4,0,31.0,12.0,12.0,0.0,0.0,1.0,1.0,1.0,1.0,4,1.0,1.0,0.0,0.2826325680272092,2,0.14285714285714285,0.06451612903225806,0.08888888888888889,projected,-0.41736500618415145
fast_ripple,sub-07,3,average,5.0,8,4,0,31.0,15.0,14.0,0.0,1.0,0.9333333333333333,0.9333333333333333,1.0,1.0,5,0.8,0.0,0.0,0.2222899935632983,3,0.17647058823529413,0.12903225806451613,0.14906832298136644,projected,-0.13284223283101432
ripple,sub-07,4,bipolar,2.0,6,3,0,28.0,101.0,43.0,0.0,58.0,0.42574257425742573,0.42574257425742573,0.0,0.3333333333333333,3,0.3333333333333333,0.0,0.0,0.9856107606091624,5,0.25742574257425743,0.8571428571428571,0.39593908629441626,direct,1.0
ripple,sub-07,4,referential,2.0,8,4,0,28.0,271.0,123.0,0.0,148.0,0.45387453874538747,0.45387453874538747,0.0,0.3333333333333333,8,0.5,0.0,0.0,0.5060240963855421,3,0.08363636363636363,0.7142857142857143,0.14973958333333334,projected,0.7714285714285715
ripple,sub-07,4,average,2.0,8,4,0,28.0,241.0,88.0,0.0,153.0,0.3651452282157676,0.3651452282157676,0.0,0.3333333333333333,2,0.0,0.0,0.0,0.3915662650602409,3,0.10820895522388059,0.9642857142857143,0.19458250497017893,projected,0.5428571428571429
fast_ripple,sub-07,4,bipolar,5.0,6,3,0,25.0,0.0,0.0,0.0,0.0,,,,,0,,,,,5,,0.0,0.0,direct,1.0
fast_ripple,sub-07,4,referential,5.0,8,4,0,25.0,1.0,0.0,0.0,1.0,0.0,0.0,0.0,0.0,8,0.5,0.0,0.0,0.0,4,0.0,0.0,0.0,projected,
fast_ripple,sub-07,4,average,5.0,8,4,0,25.0,2.0,1.0,0.0,1.0,0.5,0.5,0.0,0.3333333333333333,8,0.5,0.0,0.0,0.0,4,0.0,0.0,0.0,projected,
ripple,sub-08,0,bipolar,2.0,6,3,0,20.0,201.0,24.0,0.0,177.0,0.11940298507462686,0.11940298507462686,0.0,0.0,2,0.0,0.0,0.0,0.7714285714285715,5,0.029850746268656716,0.55,0.056628056628056624,direct,1.0
ripple,sub-08,0,referential,2.0,8,4,0,20.0,441.0,191.0,0.0,250.0,0.4331065759637188,0.4331065759637188,0.0,0.3333333333333333,2,0.0,0.0,0.0,0.19277108433734938,3,0.014373716632443531,0.6,0.028074866310160426,projected,0.48571428571428577
ripple,sub-08,0,average,2.0,8,4,0,20.0,757.0,491.0,0.0,266.0,0.6486129458388376,0.6486129458388376,1.0,1.0,4,1.0,1.0,0.0,-0.7185757571479554,2,0.014705882352941176,0.7,0.028806584362139922,projected,-1.0
fast_ripple,sub-08,0,bipolar,5.0,6,3,0,33.0,112.0,0.0,0.0,112.0,0.0,0.0,0.0,0.0,2,0.0,0.0,0.0,0.750366479376867,4,0.05357142857142857,0.3333333333333333,0.09230769230769231,direct,1.0
fast_ripple,sub-08,0,referential,5.0,8,4,0,33.0,223.0,42.0,0.0,181.0,0.18834080717488788,0.18834080717488788,0.0,0.0,2,0.0,0.0,0.0,0.5757681501090419,4,0.04895104895104895,0.48484848484848486,0.0889241762604208,projected,0.9354838709677421
fast_ripple,sub-08,0,average,5.0,8,4,0,33.0,409.0,148.0,0.0,261.0,0.36185819070904646,0.36185819070904646,0.0,0.0,2,0.0,0.0,0.0,0.29940656547831473,3,0.03260869565217391,0.5151515151515151,0.061334936861094404,projected,0.8804062740424288
ripple,sub-08,1,bipolar,2.0,6,3,0,10.0,104.0,31.0,0.0,73.0,0.2980769230769231,0.2980769230769231,0.0,0.3333333333333333,1,0.0,0.0,1.0,0.492832882906958,5,0.009615384615384616,0.1,0.01754385964912281,direct,1.0
ripple,sub-08,1,referential,2.0,8,4,0,10.0,323.0,144.0,0.0,179.0,0.4458204334365325,0.4458204334365325,0.0,0.3333333333333333,5,0.4,0.0,0.0,0.350895491162265,3,0.003003003003003003,0.1,0.005830903790087464,projected,0.753702346348183
ripple,sub-08,1,average,2.0,8,4,0,10.0,327.0,152.0,0.0,175.0,0.4648318042813456,0.4648318042813456,0.0,0.3333333333333333,7,0.5714285714285714,0.0,0.0,-0.20415737667622685,3,0.0,0.0,0.0,projected,0.6029411764705883
fast_ripple,sub-08,1,bipolar,5.0,6,3,0,19.0,65.0,0.0,0.0,65.0,0.0,0.0,0.0,0.3333333333333333,1,0.0,0.0,1.0,-0.2873684832428398,4,0.0,0.0,0.0,direct,1.0
fast_ripple,sub-08,1,referential,5.0,8,4,0,19.0,71.0,4.0,0.0,67.0,0.056338028169014086,0.056338028169014086,0.0,0.0,1,0.0,0.0,1.0,0.2561166066426108,4,0.0,0.0,0.0,projected,0.6859943405700353
fast_ripple,sub-08,1,average,5.0,8,4,0,19.0,126.0,30.0,0.0,96.0,0.23809523809523808,0.23809523809523808,0.0,0.0,2,0.0,0.0,0.0,-0.14635234665292043,3,0.0,0.0,0.0,projected,0.8574929257125441
ripple,sub-08,2,bipolar,2.0,6,3,0,10.0,41.0,22.0,0.0,19.0,0.5365853658536586,0.5365853658536586,1.0,0.6666666666666666,6,0.5,0.0,0.0,0.25425669046549126,4,0.0,0.0,0.0,direct,1.0
ripple,sub-08,2,referential,2.0,8,4,0,10.0,239.0,126.0,0.0,113.0,0.5271966527196653,0.5271966527196653,1.0,0.3333333333333333,8,0.5,0.0,0.0,0.6359963704727702,4,0.0,0.0,0.0,projected,0.12121212121212119
ripple,sub-08,2,average,2.0,8,4,0,10.0,96.0,43.0,0.0,53.0,0.4479166666666667,0.4479166666666667,0.0,0.3333333333333333,8,0.5,0.0,0.0,-0.17186001564908276,3,0.007407407407407408,0.1,0.013793103448275864,projected,0.29424494316824984
fast_ripple,sub-08,2,bipolar,5.0,6,3,0,16.0,0.0,0.0,0.0,0.0,,,,,0,,,,,4,,0.0,0.0,direct,1.0
fast_ripple,sub-08,2,referential,5.0,8,4,0,16.0,0.0,0.0,0.0,0.0,,,,,0,,,,,4,,0.0,0.0,projected,
fast_ripple,sub-08,2,average,5.0,8,4,0,16.0,0.0,0.0,0.0,0.0,,,,,0,,,,,4,,0.0,0.0,projected,
ripple,sub-08,3,bipolar,2.0,6,3,0,6.0,47.0,19.0,0.0,28.0,0.40425531914893614,0.40425531914893614,0.0,0.3333333333333333,6,0.5,0.0,0.0,0.05144957554275265,4,0.0,0.0,0.0,direct,1.0
ripple,sub-08,3,referential,2.0,8,4,0,6.0,238.0,119.0,0.0,119.0,0.5,0.5,0.0,0.6666666666666666,8,0.5,0.0,0.0,-0.34926773656784976,2,0.0,0.0,0.0,projected,-0.08823529411764706
ripple,sub-08,3,average,2.0,8,4,0,6.0,88.0,37.0,0.0,51.0,0.42045454545454547,0.42045454545454547,0.0,0.3333333333333333,8,0.5,0.0,0.0,0.36004114991154784,4,0.007751937984496124,0.16666666666666666,0.014814814814814815,projected,0.35294117647058826
fast_ripple,sub-08,3,bipolar,5.0,6,3,0,18.0,0.0,0.0,0.0,0.0,,,,,0,,,,,4,,0.0,0.0,direct,1.0
fast_ripple,sub-08,3,referential,5.0,8,4,0,18.0,0.0,0.0,0.0,0.0,,,,,0,,,,,2,,0.0,0.0,projected,
fast_ripple,sub-08,3,average,5.0,8,4,0,18.0,0.0,0.0,0.0,0.0,,,,,0,,,,,2,,0.0,0.0,projected,
ripple,sub-08,4,bipolar,2.0,6,3,0,7.0,66.0,21.0,0.0,45.0,0.3181818181818182,0.3181818181818182,0.0,0.3333333333333333,5,0.4,0.0,0.0,-0.014927035850663304,5,0.0,0.0,0.0,direct,1.0
ripple,sub-08,4,referential,2.0,8,4,0,7.0,265.0,128.0,0.0,137.0,0.4830188679245283,0.4830188679245283,0.0,0.3333333333333333,8,0.5,0.0,0.0,-0.1333553773664398,3,0.0,0.0,0.0,projected,0.45588235294117646
ripple,sub-08,4,average,2.0,8,4,0,7.0,194.0,100.0,0.0,94.0,0.5154639175257731,0.5154639175257731,0.0,0.6666666666666666,8,0.5,0.0,0.0,-0.012270169563871837,4,0.004651162790697674,0.14285714285714285,0.009009009009009009,projected,-0.6667366910003157
fast_ripple,sub-08,4,bipolar,5.0,6,3,0,19.0,31.0,0.0,0.0,31.0,0.0,0.0,0.0,0.0,2,0.0,0.0,0.0,-0.5483870967741936,4,0.03225806451612903,0.05263157894736842,0.039999999999999994,direct,1.0
fast_ripple,sub-08,4,referential,5.0,8,4,0,19.0,57.0,17.0,0.0,40.0,0.2982456140350877,0.2982456140350877,0.0,0.0,7,0.42857142857142855,0.0,0.0,-0.3818251942828384,3,0.0,0.0,0.0,projected,0.9411239481143202
fast_ripple,sub-08,4,average,5.0,8,4,0,19.0,92.0,43.0,0.0,49.0,0.4673913043478261,0.4673913043478261,1.0,0.3333333333333333,8,0.5,0.0,0.0,-0.21084337349397592,3,0.0,0.0,0.0,projected,0.7589709258986453
ripple,sub-09,0,bipolar,2.0,24,12,0,459.0,719.0,309.0,0.0,410.0,0.4297635605006954,0.4297635605006954,0.0,0.3333333333333333,3,0.3333333333333333,0.0,0.0,0.8557734204793027,3,0.39360222531293465,0.6339869281045751,0.48567788963394143,direct,1.0
ripple,sub-09,0,referential,2.0,32,16,0,459.0,889.0,441.0,0.0,448.0,0.49606299212598426,0.49606299212598426,1.0,0.3333333333333333,7,0.42857142857142855,0.0,0.0,0.7930277263739199,2,0.302504816955684,0.7625272331154684,0.4331666095154761,projected,0.8832753451005714
ripple,sub-09,0,average,2.0,32,16,0,459.0,1180.0,561.0,0.0,619.0,0.4754237288135593,0.4754237288135593,1.0,0.6666666666666666,8,0.375,0.0,0.0,0.7064929368714346,2,0.26224566691785983,0.8104575163398693,0.39626799882456654,projected,0.9321998941616062
fast_ripple,sub-09,0,bipolar,5.0,24,12,0,269.0,37.0,27.0,0.0,10.0,0.7297297297297297,0.7297297297297297,1.0,0.6666666666666666,3,0.6666666666666666,0.0,0.0,0.7975212411637906,4,0.8378378378378378,0.18587360594795538,0.30424968102856015,direct,1.0
fast_ripple,sub-09,0,referential,5.0,32,16,0,269.0,65.0,57.0,0.0,8.0,0.8769230769230769,0.8769230769230769,1.0,1.0,1,1.0,1.0,1.0,0.599650325862848,3,0.8450704225352113,0.3420074349442379,0.4869442484121383,projected,0.9119660849386528
fast_ripple,sub-09,0,average,5.0,32,16,0,269.0,113.0,88.0,0.0,25.0,0.7787610619469026,0.7787610619469026,1.0,1.0,1,1.0,1.0,1.0,0.6101077440507091,2,0.6209677419354839,0.4349442379182156,0.5115698021066978,projected,0.8356965795204493
ripple,sub-09,1,bipolar,2.0,24,12,0,676.0,1065.0,646.0,0.0,419.0,0.6065727699530516,0.6065727699530516,1.0,1.0,5,0.8,0.0,0.0,0.942123585726719,5,0.48732394366197185,0.7529585798816568,0.5916954203525701,direct,1.0
ripple,sub-09,1,referential,2.0,32,16,0,676.0,1279.0,804.0,0.0,475.0,0.6286161063330727,0.6286161063330727,1.0,1.0,4,1.0,1.0,0.0,0.8233082706766918,1,0.41234918381831087,0.8298816568047337,0.5509459476591123,projected,0.909506221214681
ripple,sub-09,1,average,2.0,32,16,0,676.0,1683.0,992.0,0.0,691.0,0.5894236482471776,0.5894236482471776,1.0,1.0,4,1.0,1.0,0.0,0.8361602675649913,3,0.32407407407407407,0.8668639053254438,0.4717762340709389,projected,0.9075081825352626
fast_ripple,sub-09,1,bipolar,5.0,24,12,0,257.0,96.0,89.0,0.0,7.0,0.9270833333333334,0.9270833333333334,1.0,1.0,1,1.0,1.0,1.0,0.8708974549651002,4,0.8020833333333334,0.4357976653696498,0.5647490258996104,direct,1.0
fast_ripple,sub-09,1,referential,5.0,32,16,0,257.0,94.0,91.0,0.0,3.0,0.9680851063829787,0.9680851063829787,1.0,1.0,1,1.0,1.0,1.0,0.6025101881029558,4,0.76,0.38910505836575876,0.5146959230665041,projected,0.9540591472944044
fast_ripple,sub-09,1,average,5.0,32,16,0,257.0,211.0,200.0,0.0,11.0,0.9478672985781991,0.9478672985781991,1.0,1.0,2,1.0,1.0,0.0,0.7484542803441113,3,0.5458515283842795,0.6070038910505836,0.5748058188035197,projected,0.8646416423619414
ripple,sub-09,2,bipolar,2.0,24,12,0,848.0,1295.0,838.0,0.0,457.0,0.6471042471042471,0.6471042471042471,1.0,1.0,5,1.0,1.0,0.0,0.9649391159123845,4,0.5420849420849421,0.8125,0.650301065308013,direct,1.0
ripple,sub-09,2,referential,2.0,32,16,0,848.0,1673.0,1120.0,0.0,553.0,0.6694560669456067,0.6694560669456067,1.0,1.0,4,1.0,1.0,0.0,0.8574573472757292,2,0.41772853185595565,0.8738207547169812,0.5652434092418573,projected,0.9109907460745971
ripple,sub-09,2,average,2.0,32,16,0,848.0,2062.0,1292.0,0.0,770.0,0.6265761396702231,0.6265761396702231,1.0,1.0,6,1.0,1.0,0.0,0.8855360947087723,3,0.35694945848375453,0.9068396226415094,0.5122625556240505,projected,0.908576748410429
fast_ripple,sub-09,2,bipolar,5.0,24,12,0,298.0,125.0,121.0,0.0,4.0,0.968,0.968,1.0,1.0,1,1.0,1.0,1.0,0.7771240956795066,4,0.76,0.4966442953020134,0.6007263405255288,direct,1.0
fast_ripple,sub-09,2,referential,5.0,32,16,0,298.0,114.0,108.0,0.0,6.0,0.9473684210526315,0.9473684210526315,1.0,1.0,1,1.0,1.0,1.0,0.6869582979264903,4,0.7295081967213115,0.42953020134228187,0.5406996060562912,projected,0.9179839643131932
fast_ripple,sub-09,2,average,5.0,32,16,0,298.0,275.0,258.0,0.0,17.0,0.9381818181818182,0.9381818181818182,1.0,1.0,2,1.0,1.0,0.0,0.6890810306930425,3,0.4827586206896552,0.6879194630872483,0.5673618661658594,projected,0.8884612587008943
ripple,sub-09,3,bipolar,2.0,24,12,0,744.0,1151.0,697.0,0.0,454.0,0.6055603822762815,0.6055603822762815,1.0,1.0,6,0.8333333333333334,0.0,0.0,0.9422291329016433,5,0.5212858384013901,0.7983870967741935,0.630743991207811,direct,1.0
ripple,sub-09,3,referential,2.0,32,16,0,744.0,1502.0,947.0,0.0,555.0,0.6304926764314248,0.6304926764314248,1.0,1.0,5,1.0,1.0,0.0,0.8282228977211574,2,0.4096612296110414,0.8481182795698925,0.5524675425670702,projected,0.8826986063220684
ripple,sub-09,3,average,2.0,32,16,0,744.0,1923.0,1117.0,0.0,806.0,0.5808632345293812,0.5808632345293812,1.0,1.0,5,1.0,1.0,0.0,0.8149445002832831,2,0.3388269510421716,0.9032258064516129,0.49279266803469585,projected,0.8729330678560604
fast_ripple,sub-09,3,bipolar,5.0,24,12,0,266.0,94.0,88.0,0.0,6.0,0.9361702127659575,0.9361702127659575,1.0,1.0,1,1.0,1.0,1.0,0.8477012596750595,5,0.776595744680851,0.4398496240601504,0.561612309310889,direct,1.0
fast_ripple,sub-09,3,referential,5.0,32,16,0,266.0,76.0,71.0,0.0,5.0,0.9342105263157895,0.9342105263157895,1.0,1.0,1,1.0,1.0,1.0,0.5814529528987789,3,0.7176470588235294,0.3458646616541353,0.46677202029443565,projected,0.9005671425841507
fast_ripple,sub-09,3,average,5.0,32,16,0,266.0,203.0,182.0,0.0,21.0,0.896551724137931,0.896551724137931,1.0,1.0,2,1.0,1.0,0.0,0.7117222851303321,3,0.5275229357798165,0.6466165413533834,0.581029873982904,projected,0.8256734789454566
ripple,sub-09,4,bipolar,2.0,24,12,0,783.0,1134.0,686.0,0.0,448.0,0.6049382716049383,0.6049382716049383,1.0,1.0,5,0.8,0.0,0.0,0.9790941695197656,5,0.5458553791887125,0.8045977011494253,0.6504394556904071,direct,1.0
ripple,sub-09,4,referential,2.0,32,16,0,783.0,1406.0,845.0,0.0,561.0,0.60099573257468,0.60099573257468,1.0,1.0,6,1.0,1.0,0.0,0.8256880872937983,2,0.4258188824662813,0.8454661558109834,0.5663803832983948,projected,0.9147085287305277
ripple,sub-09,4,average,2.0,32,16,0,783.0,1890.0,1201.0,0.0,689.0,0.6354497354497355,0.6354497354497355,1.0,1.0,5,1.0,1.0,0.0,0.8214679037365189,2,0.3558897243107769,0.9118773946360154,0.5119675210567775,projected,0.8044000846124681
fast_ripple,sub-09,4,bipolar,5.0,24,12,0,265.0,103.0,95.0,0.0,8.0,0.9223300970873787,0.9223300970873787,1.0,1.0,1,1.0,1.0,1.0,0.6027259742716181,4,0.7378640776699029,0.4490566037735849,0.5583233015402661,direct,1.0
fast_ripple,sub-09,4,referential,5.0,32,16,0,265.0,101.0,96.0,0.0,5.0,0.9504950495049505,0.9504950495049505,1.0,1.0,2,1.0,1.0,0.0,0.66589065588623,4,0.6272727272727273,0.41132075471698115,0.4968455821635013,projected,0.7213472003866387
fast_ripple,sub-09,4,average,5.0,32,16,0,265.0,250.0,220.0,0.0,30.0,0.88,0.88,1.0,1.0,2,1.0,1.0,0.0,0.6653200442439512,3,0.48872180451127817,0.6679245283018868,0.564440955698376,projected,0.796845199169183
ripple,sub-10,0,bipolar,2.0,34,3,0,1195.0,1380.0,157.0,0.0,1223.0,0.11376811594202899,0.11376811594202899,0.0,0.0,16,0.1875,0.0,0.0,0.7326604153949604,2,0.5318840579710145,0.5623430962343097,0.5466896463820803,direct,1.0
ripple,sub-10,0,referential,2.0,40,4,0,1195.0,2086.0,199.0,0.0,1887.0,0.09539789069990412,0.09539789069990412,0.0,0.3333333333333333,35,0.08571428571428572,0.0,0.0,-0.11698616771618543,0,0.22811059907834103,0.44184100418410044,0.3008832747649349,projected,0.120513113595889
ripple,sub-10,0,average,2.0,40,4,0,1195.0,1760.0,189.0,0.0,1571.0,0.10738636363636364,0.10738636363636364,0.0,0.0,26,0.11538461538461539,0.0,0.0,0.6759308750711366,1,0.3266388783630163,0.606694560669456,0.42465001792166446,projected,0.9006040243466159
fast_ripple,sub-10,0,bipolar,5.0,34,3,0,100.0,0.0,0.0,0.0,0.0,,,,,0,,,,,1,,0.0,0.0,direct,1.0
fast_ripple,sub-10,0,referential,5.0,40,4,0,100.0,1.0,0.0,0.0,1.0,0.0,0.0,0.0,0.0,40,0.1,0.0,0.0,-0.25905848257721475,1,0.0,0.0,0.0,projected,
fast_ripple,sub-10,0,average,5.0,40,4,0,100.0,4.0,3.0,0.0,1.0,0.75,0.75,1.0,0.3333333333333333,40,0.1,0.0,0.0,0.12221469040820136,2,0.0,0.0,0.0,projected,
ripple,sub-10,1,bipolar,2.0,34,3,0,945.0,1406.0,139.0,0.0,1267.0,0.09886201991465149,0.09886201991465149,0.0,0.0,14,0.14285714285714285,0.0,0.0,0.7949640287769784,3,0.4779516358463727,0.5894179894179894,0.5278645477096734,direct,1.0
ripple,sub-10,1,referential,2.0,40,4,0,945.0,1915.0,196.0,0.0,1719.0,0.10234986945169713,0.10234986945169713,0.0,0.0,36,0.1111111111111111,0.0,0.0,0.14301203424126327,2,0.2415850021303792,0.4846560846560847,0.32244290050355706,projected,0.03180323029947484
ripple,sub-10,1,average,2.0,40,4,0,945.0,1730.0,199.0,0.0,1531.0,0.11502890173410404,0.11502890173410404,0.0,0.0,21,0.14285714285714285,0.0,0.0,0.711487961243056,1,0.3040727560300514,0.6613756613756614,0.41660707397728114,projected,0.8858717708410462
fast_ripple,sub-10,1,bipolar,5.0,34,3,0,105.0,0.0,0.0,0.0,0.0,,,,,0,,,,,0,,0.0,0.0,direct,1.0
fast_ripple,sub-10,1,referential,5.0,40,4,0,105.0,1.0,1.0,0.0,0.0,1.0,1.0,1.0,0.3333333333333333,40,0.1,0.0,0.0,0.25169625376117466,1,0.5,0.01904761904761905,0.03669724770642202,projected,
fast_ripple,sub-10,1,average,5.0,40,4,0,105.0,2.0,2.0,0.0,0.0,1.0,1.0,1.0,0.3333333333333333,40,0.1,0.0,0.0,0.25169625376117466,1,0.5,0.01904761904761905,0.03669724770642202,projected,
ripple,sub-10,2,bipolar,2.0,34,3,0,1327.0,1468.0,169.0,0.0,1299.0,0.11512261580381472,0.11512261580381472,0.0,0.0,12,0.25,0.0,0.0,0.6886136467255322,3,0.5449591280653951,0.5297663903541824,0.5372553739866757,direct,1.0
ripple,sub-10,2,referential,2.0,40,4,0,1327.0,2604.0,258.0,0.0,2346.0,0.09907834101382489,0.09907834101382489,0.0,0.0,39,0.10256410256410256,0.0,0.0,-0.516192059509133,0,0.24064879179079776,0.46646571213263,0.31749995061254555,projected,-0.44817330862259874
ripple,sub-10,2,average,2.0,40,4,0,1327.0,1918.0,219.0,0.0,1699.0,0.11418143899895725,0.11418143899895725,0.0,0.0,15,0.13333333333333333,0.0,0.0,0.7009013503942614,3,0.3570140641904075,0.6201959306706858,0.45316497163860375,projected,0.8178549571603428
fast_ripple,sub-10,2,bipolar,5.0,34,3,0,123.0,3.0,3.0,0.0,0.0,1.0,1.0,1.0,0.3333333333333333,34,0.08823529411764706,0.0,0.0,0.29798309033778314,2,0.3333333333333333,0.016260162601626018,0.0310077519379845,direct,1.0
fast_ripple,sub-10,2,referential,5.0,40,4,0,123.0,4.0,1.0,0.0,3.0,0.25,0.25,0.0,0.0,40,0.1,0.0,0.0,-0.2154651205861166,0,0.5,0.024390243902439025,0.046511627906976744,projected,-0.06347090158650216
fast_ripple,sub-10,2,average,5.0,40,4,0,123.0,8.0,5.0,0.0,3.0,0.625,0.625,1.0,0.3333333333333333,40,0.1,0.0,0.0,0.16549011285506618,2,0.2,0.024390243902439025,0.04347826086956522,projected,0.42738460540846507
ripple,sub-10,3,bipolar,2.0,34,3,0,1058.0,1330.0,175.0,0.0,1155.0,0.13157894736842105,0.13157894736842105,0.0,0.3333333333333333,11,0.2727272727272727,0.0,0.0,0.8157192757915211,4,0.4849624060150376,0.5302457466918714,0.5065941450711916,direct,1.0
ripple,sub-10,3,referential,2.0,40,4,0,1058.0,2264.0,240.0,0.0,2024.0,0.10600706713780919,0.10600706713780919,0.0,0.0,36,0.1111111111111111,0.0,0.0,-0.36918038936599606,1,0.19907076483202288,0.43667296786389415,0.27347126593134263,projected,-0.21546708514440788
ripple,sub-10,3,average,2.0,40,4,0,1058.0,1650.0,210.0,0.0,1440.0,0.12727272727272726,0.12727272727272726,0.0,0.0,14,0.21428571428571427,0.0,0.0,0.7216693554503887,2,0.3101626016260163,0.6200378071833649,0.4134862499762496,projected,0.8879882676522871
fast_ripple,sub-10,3,bipolar,5.0,34,3,0,90.0,5.0,5.0,0.0,0.0,1.0,1.0,1.0,0.6666666666666666,34,0.08823529411764706,0.0,0.0,0.41407820208537155,2,0.6,0.03333333333333333,0.06315789473684211,direct,1.0
fast_ripple,sub-10,3,referential,5.0,40,4,0,90.0,2.0,2.0,0.0,0.0,1.0,1.0,1.0,0.3333333333333333,40,0.1,0.0,0.0,0.2732183956152207,2,0.75,0.03333333333333333,0.06382978723404256,projected,0.9995407577254936
fast_ripple,sub-10,3,average,5.0,40,4,0,90.0,3.0,3.0,0.0,0.0,1.0,1.0,1.0,0.3333333333333333,40,0.1,0.0,0.0,0.2732183956152207,2,0.6666666666666666,0.05555555555555555,0.10256410256410256,projected,0.9995407577254936
ripple,sub-10,4,bipolar,2.0,34,3,0,1213.0,1445.0,177.0,0.0,1268.0,0.12249134948096886,0.12249134948096886,0.0,0.0,14,0.21428571428571427,0.0,0.0,0.8155399586229577,2,0.5280276816608996,0.5292662819455894,0.5286462563046046,direct,1.0
ripple,sub-10,4,referential,2.0,40,4,0,1213.0,2708.0,249.0,0.0,2459.0,0.09194977843426884,0.09194977843426884,0.0,0.0,34,0.058823529411764705,0.0,0.0,-0.49483298801856823,0,0.18820410868124585,0.4047815333882935,0.25694230111911526,projected,-0.26883365908405454
ripple,sub-10,4,average,2.0,40,4,0,1213.0,1762.0,214.0,0.0,1548.0,0.12145289443813848,0.12145289443813848,0.0,0.0,12,0.25,0.0,0.0,0.7683964008857275,2,0.3326974437237695,0.6009892827699918,0.42829697029926445,projected,0.9031124006472554
fast_ripple,sub-10,4,bipolar,5.0,34,3,0,114.0,5.0,3.0,0.0,2.0,0.6,0.6,1.0,0.3333333333333333,34,0.08823529411764706,0.0,0.0,0.2903428538605518,2,0.8,0.05263157894736842,0.09876543209876543,direct,1.0
fast_ripple,sub-10,4,referential,5.0,40,4,0,114.0,1.0,1.0,0.0,0.0,1.0,1.0,1.0,0.3333333333333333,40,0.1,0.0,0.0,0.27332304692447457,1,1.0,0.017543859649122806,0.034482758620689655,projected,0.7064368551420789
fast_ripple,sub-10,4,average,5.0,40,4,0,114.0,2.0,2.0,0.0,0.0,1.0,1.0,1.0,0.6666666666666666,40,0.1,0.0,0.0,0.3715086016312436,2,0.6666666666666666,0.017543859649122806,0.03418803418803419,projected,0.704772557691245
ripple,sub-11,0,bipolar,2.0,65,3,1,5239.0,3038.0,397.0,48.0,2593.0,0.13067807768268597,0.14647794601711653,1.0,1.0,2,1.0,1.0,0.0,0.19294315452164348,0,0.6859776168531929,0.37373544569574346,0.48385578970834464,direct,1.0
ripple,sub-11,0,referential,2.0,74,4,0,5239.0,3773.0,313.0,0.0,3460.0,0.08295785846806256,0.08295785846806256,1.0,0.6666666666666666,16,0.25,0.0,0.0,-0.3563809540169213,0,0.36444265269098974,0.31857224661194883,0.33996715078243767,projected,0.5056357472383618
ripple,sub-11,0,average,2.0,74,4,0,5239.0,3709.0,486.0,0.0,3223.0,0.1310326233486115,0.1310326233486115,1.0,1.0,3,1.0,1.0,0.0,0.22586117976059367,0,0.5093833780160858,0.48081694979958006,0.49468810545959496,projected,0.8360103709013668
fast_ripple,sub-11,0,bipolar,5.0,65,3,1,686.0,266.0,104.0,0.0,162.0,0.39097744360902253,0.39097744360902253,1.0,0.6666666666666666,4,0.5,0.0,0.0,0.6095743896172556,5,0.7105263157894737,0.3469387755102041,0.4662265109192484,direct,1.0
fast_ripple,sub-11,0,referential,5.0,74,4,0,686.0,113.0,35.0,0.0,78.0,0.30973451327433627,0.30973451327433627,0.0,0.3333333333333333,4,0.25,0.0,0.0,0.4079423860209782,3,0.732620320855615,0.2536443148688047,0.37682579829276003,projected,0.7714577380740781
fast_ripple,sub-11,0,average,5.0,74,4,0,686.0,268.0,118.0,0.0,150.0,0.44029850746268656,0.44029850746268656,1.0,0.6666666666666666,2,0.5,0.0,0.0,0.5192265556992648,3,0.5525114155251142,0.42565597667638483,0.48085795555071653,projected,0.7313377555603875
ripple,sub-11,1,bipolar,2.0,65,3,1,5206.0,3210.0,461.0,80.0,2669.0,0.14361370716510904,0.16853582554517135,1.0,1.0,2,1.0,1.0,0.0,0.142222871302733,0,0.6884735202492211,0.39089512101421436,0.4986636256133712,direct,1.0
ripple,sub-11,1,referential,2.0,74,4,0,5206.0,3602.0,316.0,0.0,3286.0,0.08772903942254304,0.08772903942254304,1.0,0.6666666666666666,14,0.2857142857142857,0.0,0.0,-0.20254601770882352,0,0.4102617366015787,0.3422973492124472,0.37321057593800516,projected,0.5690757185415427
ripple,sub-11,1,average,2.0,74,4,0,5206.0,3797.0,534.0,0.0,3263.0,0.14063734527258362,0.14063734527258362,1.0,1.0,3,1.0,1.0,0.0,0.25083706649115756,0,0.5283719285840551,0.5005762581636574,0.5140986617903858,projected,0.7426506682014274
fast_ripple,sub-11,1,bipolar,5.0,65,3,1,666.0,287.0,125.0,0.0,162.0,0.4355400696864111,0.4355400696864111,1.0,0.6666666666666666,4,0.5,0.0,0.0,0.6141632544902615,5,0.7665505226480837,0.4024024024024024,0.5277573891405145,direct,1.0
fast_ripple,sub-11,1,referential,5.0,74,4,0,666.0,126.0,54.0,0.0,72.0,0.42857142857142855,0.42857142857142855,0.0,0.6666666666666666,3,0.6666666666666666,0.0,0.0,0.35013969199273914,4,0.6731707317073171,0.25975975975975973,0.37486751509346566,projected,0.5659104382454683
fast_ripple,sub-11,1,average,5.0,74,4,0,666.0,274.0,129.0,0.0,145.0,0.4708029197080292,0.4708029197080292,0.0,0.6666666666666666,3,0.6666666666666666,0.0,0.0,0.5524836424197751,4,0.6,0.47597597597597596,0.5308400781468043,projected,0.7316356046009468
ripple,sub-11,2,bipolar,2.0,65,3,1,4983.0,3016.0,420.0,59.0,2537.0,0.13925729442970822,0.15881962864721486,1.0,1.0,2,1.0,1.0,0.0,0.29721636807736795,0,0.6972811671087533,0.38932370058197874,0.4996629269696329,direct,1.0
ripple,sub-11,2,referential,2.0,74,4,0,4983.0,4068.0,327.0,0.0,3741.0,0.0803834808259587,0.0803834808259587,1.0,0.6666666666666666,22,0.13636363636363635,0.0,0.0,-0.43339861409530656,0,0.3411309633449991,0.33614288581176,0.338618556146239,projected,0.31936125438416674
ripple,sub-11,2,average,2.0,74,4,0,4983.0,3544.0,529.0,0.0,3015.0,0.14926636568848758,0.14926636568848758,1.0,1.0,3,1.0,1.0,0.0,0.2283055201104525,0,0.5240067783844851,0.49307645996387717,0.5080713112576167,projected,0.721541674923963
fast_ripple,sub-11,2,bipolar,5.0,65,3,1,559.0,196.0,104.0,0.0,92.0,0.5306122448979592,0.5306122448979592,1.0,0.6666666666666666,2,1.0,1.0,0.0,0.6525439980532987,5,0.7142857142857143,0.33273703041144903,0.4539907249206736,direct,1.0
fast_ripple,sub-11,2,referential,5.0,74,4,0,559.0,84.0,38.0,0.0,46.0,0.4523809523809524,0.4523809523809524,1.0,0.6666666666666666,2,0.5,0.0,0.0,0.5773459167764541,4,0.6620689655172414,0.23613595706618962,0.3481127410581836,projected,0.6540342181374416
fast_ripple,sub-11,2,average,5.0,74,4,0,559.0,200.0,107.0,0.0,93.0,0.535,0.535,1.0,0.6666666666666666,3,0.6666666666666666,0.0,0.0,0.655430271800957,4,0.5292307692307693,0.41323792486583183,0.46409652908779775,projected,0.8420744182610801
ripple,sub-11,3,bipolar,2.0,65,3,1,4991.0,3123.0,456.0,81.0,2586.0,0.14601344860710855,0.17195004803073968,1.0,1.0,2,1.0,1.0,0.0,0.2381473519633263,0,0.6772334293948127,0.38669605289521136,0.4922948341876538,direct,1.0
ripple,sub-11,3,referential,2.0,74,4,0,4991.0,4272.0,326.0,0.0,3946.0,0.07631086142322098,0.07631086142322098,1.0,1.0,32,0.125,0.0,0.0,-0.42524345991145374,0,0.34516366311143803,0.34221598877980364,0.3436835057236435,projected,0.3825035332159362
ripple,sub-11,3,average,2.0,74,4,0,4991.0,3862.0,554.0,0.0,3308.0,0.14344899016053858,0.14344899016053858,1.0,1.0,2,1.0,1.0,0.0,0.24435639221032238,0,0.5067375886524823,0.5103185734321779,0.5085217768418,projected,0.8201943465179712
fast_ripple,sub-11,3,bipolar,5.0,65,3,1,697.0,344.0,144.0,1.0,199.0,0.4186046511627907,0.42151162790697677,1.0,0.6666666666666666,4,0.5,0.0,0.0,0.6872388772303502,5,0.7383720930232558,0.40746054519368724,0.52513340176316,direct,1.0
fast_ripple,sub-11,3,referential,5.0,74,4,0,697.0,161.0,62.0,0.0,99.0,0.38509316770186336,0.38509316770186336,0.0,0.6666666666666666,2,0.5,0.0,0.0,0.5947853031418409,4,0.7086330935251799,0.3098995695839311,0.43121855318027735,projected,0.673026020413184
fast_ripple,sub-11,3,average,5.0,74,4,0,697.0,318.0,140.0,0.0,178.0,0.44025157232704404,0.44025157232704404,1.0,0.6666666666666666,2,0.5,0.0,0.0,0.6673829366587064,4,0.5933852140077821,0.45480631276901007,0.5149351704156604,projected,0.8108853907775181
ripple,sub-11,4,bipolar,2.0,65,3,1,5108.0,3127.0,428.0,65.0,2634.0,0.1368724016629357,0.1576590981771666,1.0,1.0,2,1.0,1.0,0.0,0.019256020866185723,0,0.6875599616245602,0.38625685199686766,0.49463696780933,direct,1.0
ripple,sub-11,4,referential,2.0,74,4,0,5108.0,3882.0,306.0,0.0,3576.0,0.07882534775888717,0.07882534775888717,1.0,0.3333333333333333,30,0.13333333333333333,0.0,0.0,-0.37108239344927724,0,0.3802062673542245,0.34494909945184027,0.3617205788807477,projected,0.5059687953641925
ripple,sub-11,4,average,2.0,74,4,0,5108.0,3783.0,525.0,0.0,3258.0,0.1387787470261697,0.1387787470261697,1.0,1.0,3,1.0,1.0,0.0,0.2437034727715045,0,0.521505376344086,0.5041111981205951,0.512660786965865,projected,0.7695810167906773
fast_ripple,sub-11,4,bipolar,5.0,65,3,1,672.0,272.0,116.0,0.0,156.0,0.4264705882352941,0.4264705882352941,1.0,0.6666666666666666,4,0.5,0.0,0.0,0.6752559483032106,5,0.7757352941176471,0.38392857142857145,0.5136435688405797,direct,1.0
fast_ripple,sub-11,4,referential,5.0,74,4,0,672.0,120.0,55.0,0.0,65.0,0.4583333333333333,0.4583333333333333,1.0,0.6666666666666666,3,0.6666666666666666,0.0,0.0,0.45059671983215127,4,0.7696335078534031,0.26339285714285715,0.392470077154558,projected,0.5599516780143142
fast_ripple,sub-11,4,average,5.0,74,4,0,672.0,272.0,136.0,0.0,136.0,0.5,0.5,1.0,0.6666666666666666,3,0.6666666666666666,0.0,0.0,0.42755073829052687,3,0.6211764705882353,0.4494047619047619,0.5215104756048902,projected,0.7359111445189415
ripple,sub-12,0,bipolar,2.0,37,22,4,1904.0,1025.0,623.0,130.0,272.0,0.6078048780487805,0.7346341463414634,0.0,0.3333333333333333,23,0.6521739130434783,0.0,0.0,0.3758993839593795,2,0.5980487804878049,0.31039915966386555,0.40868349345460925,direct,1.0
ripple,sub-12,0,referential,2.0,42,27,0,1904.0,1095.0,701.0,0.0,394.0,0.6401826484018265,0.6401826484018265,1.0,0.3333333333333333,32,0.65625,0.0,0.0,0.45161648613477257,2,0.36309199782253676,0.33035714285714285,0.34595193204040003,projected,0.7283479546931629
ripple,sub-12,0,average,2.0,42,27,0,1904.0,1209.0,770.0,0.0,439.0,0.6368899917287014,0.6368899917287014,0.0,0.3333333333333333,13,0.5384615384615384,0.0,0.0,0.45468213699865634,2,0.3675464320625611,0.36712184873949577,0.36733401771232466,projected,0.7452595992366479
fast_ripple,sub-12,0,bipolar,5.0,37,22,4,149.0,6.0,5.0,1.0,0.0,0.8333333333333334,1.0,1.0,1.0,37,0.5945945945945946,0.0,0.0,0.09021999344095291,2,0.16666666666666666,0.013422818791946308,0.024844720496894408,direct,1.0
fast_ripple,sub-12,0,referential,5.0,42,27,0,149.0,3.0,3.0,0.0,0.0,1.0,1.0,1.0,1.0,42,0.6428571428571429,0.0,0.0,0.11117407785713254,0,0.0,0.0,0.0,projected,0.8828548740574604
fast_ripple,sub-12,0,average,5.0,42,27,0,149.0,7.0,7.0,0.0,0.0,1.0,1.0,1.0,1.0,42,0.6428571428571429,0.0,0.0,-0.02245888627993612,0,0.0,0.0,0.0,projected,0.907578117122329
ripple,sub-12,1,bipolar,2.0,37,22,4,1989.0,1064.0,625.0,149.0,290.0,0.5874060150375939,0.7274436090225563,0.0,0.3333333333333333,23,0.5217391304347826,0.0,0.0,0.12888476372322583,1,0.5986842105263158,0.30417295123177474,0.40339391630244836,direct,1.0
ripple,sub-12,1,referential,2.0,42,27,0,1989.0,1156.0,741.0,0.0,415.0,0.6410034602076125,0.6410034602076125,1.0,0.6666666666666666,9,0.5555555555555556,0.0,0.0,0.466791330322628,1,0.3652173913043478,0.3338360985419809,0.34882237426359297,projected,0.6988347055321285
ripple,sub-12,1,average,2.0,42,27,0,1989.0,1332.0,831.0,0.0,501.0,0.6238738738738738,0.6238738738738738,1.0,0.6666666666666666,14,0.5,0.0,0.0,0.3263207928444179,0,0.3560232870577698,0.37003519356460535,0.3628940352766097,projected,0.6707664975109485
fast_ripple,sub-12,1,bipolar,5.0,37,22,4,111.0,3.0,2.0,1.0,0.0,0.6666666666666666,1.0,1.0,0.6666666666666666,37,0.5945945945945946,0.0,0.0,0.2492424355894145,1,1.0,0.04504504504504504,0.08620689655172413,direct,1.0
fast_ripple,sub-12,1,referential,5.0,42,27,0,111.0,1.0,0.0,0.0,1.0,0.0,0.0,0.0,0.6666666666666666,42,0.6428571428571429,0.0,0.0,-0.2268084608651104,0,0.0,0.0,0.0,projected,-0.03982557994001216
fast_ripple,sub-12,1,average,5.0,42,27,0,111.0,5.0,3.0,0.0,2.0,0.6,0.6,1.0,0.6666666666666666,42,0.6428571428571429,0.0,0.0,-0.014170250544462764,1,0.4444444444444444,0.05405405405405406,0.0963855421686747,projected,0.5186435447812012
ripple,sub-12,2,bipolar,2.0,37,22,4,1909.0,983.0,573.0,139.0,271.0,0.582909460834181,0.7243133265513734,0.0,0.6666666666666666,14,0.5714285714285714,0.0,0.0,0.0751928974064729,2,0.5971515768056969,0.29125196437925616,0.39153731770328787,direct,1.0
ripple,sub-12,2,referential,2.0,42,27,0,1909.0,1049.0,693.0,0.0,356.0,0.6606291706387035,0.6606291706387035,1.0,0.6666666666666666,7,0.42857142857142855,0.0,0.0,0.22676165036618268,1,0.36112708453133985,0.30906233630172864,0.33307234336331865,projected,0.7776391954771161
ripple,sub-12,2,average,2.0,42,27,0,1909.0,1178.0,755.0,0.0,423.0,0.6409168081494058,0.6409168081494058,0.0,0.6666666666666666,8,0.375,0.0,0.0,0.28576666725259436,1,0.36098310291858676,0.3368255631220534,0.34848617632678663,projected,0.7441667489332026
fast_ripple,sub-12,2,bipolar,5.0,37,22,4,126.0,5.0,4.0,0.0,1.0,0.8,0.8,1.0,0.6666666666666666,37,0.5945945945945946,0.0,0.0,0.12245888111401053,1,0.2,0.015873015873015872,0.029411764705882353,direct,1.0
fast_ripple,sub-12,2,referential,5.0,42,27,0,126.0,2.0,2.0,0.0,0.0,1.0,1.0,1.0,1.0,42,0.6428571428571429,0.0,0.0,0.2798789526147168,1,0.5,0.031746031746031744,0.05970149253731343,projected,0.5511222826219577
fast_ripple,sub-12,2,average,5.0,42,27,0,126.0,6.0,5.0,0.0,1.0,0.8333333333333334,0.8333333333333334,1.0,1.0,42,0.6428571428571429,0.0,0.0,0.06892906977814846,1,0.5555555555555556,0.06349206349206349,0.11396011396011395,projected,0.6685625794343346
ripple,sub-12,3,bipolar,2.0,37,22,4,1929.0,1004.0,584.0,132.0,288.0,0.5816733067729084,0.7131474103585658,0.0,0.3333333333333333,13,0.5384615384615384,0.0,0.0,-0.025984145719451245,1,0.5876494023904383,0.2944530844997408,0.392324433294193,direct,1.0
ripple,sub-12,3,referential,2.0,42,27,0,1929.0,1162.0,760.0,0.0,402.0,0.6540447504302926,0.6540447504302926,0.0,0.6666666666666666,23,0.6521739130434783,0.0,0.0,0.3873833990169402,0,0.3633572159672467,0.336962156557802,0.34966227094848257,projected,0.5392359728527696
ripple,sub-12,3,average,2.0,42,27,0,1929.0,1327.0,825.0,0.0,502.0,0.6217030896759608,0.6217030896759608,1.0,0.3333333333333333,27,0.5925925925925926,0.0,0.0,0.14249200667508952,0,0.34258416742493175,0.3618455158113012,0.35195150834973643,projected,0.6955531026151611
fast_ripple,sub-12,3,bipolar,5.0,37,22,4,138.0,5.0,3.0,0.0,2.0,0.6,0.6,1.0,1.0,37,0.5945945945945946,0.0,0.0,0.3081795772672367,2,0.8,0.050724637681159424,0.09540034071550256,direct,1.0
fast_ripple,sub-12,3,referential,5.0,42,27,0,138.0,3.0,2.0,0.0,1.0,0.6666666666666666,0.6666666666666666,1.0,0.6666666666666666,42,0.6428571428571429,0.0,0.0,0.1034711202385596,3,0.3333333333333333,0.021739130434782608,0.04081632653061224,projected,0.3984472412774778
fast_ripple,sub-12,3,average,5.0,42,27,0,138.0,4.0,2.0,0.0,2.0,0.5,0.5,1.0,0.3333333333333333,42,0.6428571428571429,0.0,0.0,0.18992228259796054,2,0.42857142857142855,0.036231884057971016,0.066815144766147,projected,0.7855121970820733
ripple,sub-12,4,bipolar,2.0,37,22,4,1767.0,1012.0,581.0,159.0,272.0,0.5741106719367589,0.7312252964426877,0.0,0.3333333333333333,8,0.375,0.0,0.0,0.251055099710357,2,0.5741106719367589,0.309564233163554,0.40223871671209366,direct,1.0
ripple,sub-12,4,referential,2.0,42,27,0,1767.0,1087.0,683.0,0.0,404.0,0.6283348666053358,0.6283348666053358,1.0,0.3333333333333333,11,0.5454545454545454,0.0,0.0,0.2870014245501481,0,0.3604320636725412,0.3333333333333333,0.346353455340071,projected,0.7349430933673762
ripple,sub-12,4,average,2.0,42,27,0,1767.0,1236.0,789.0,0.0,447.0,0.6383495145631068,0.6383495145631068,1.0,0.3333333333333333,8,0.5,0.0,0.0,0.06573289488294179,0,0.3485600794438927,0.3678551216751556,0.35794776614079277,projected,0.7754348742207795
fast_ripple,sub-12,4,bipolar,5.0,37,22,4,122.0,2.0,2.0,0.0,0.0,1.0,1.0,1.0,1.0,37,0.5945945945945946,0.0,0.0,0.06815482591148898,0,0.0,0.0,0.0,direct,1.0
fast_ripple,sub-12,4,referential,5.0,42,27,0,122.0,0.0,0.0,0.0,0.0,,,,,0,,,,,0,,0.0,0.0,projected,
fast_ripple,sub-12,4,average,5.0,42,27,0,122.0,5.0,5.0,0.0,0.0,1.0,1.0,1.0,1.0,42,0.6428571428571429,0.0,0.0,0.05241839948347747,1,0.0,0.0,0.0,projected,0.2452629612353242
ripple,sub-13,0,bipolar,2.0,50,3,1,5752.0,2328.0,377.0,79.0,1872.0,0.16194158075601375,0.1958762886597938,1.0,1.0,2,1.0,1.0,0.0,0.004660549039811522,0,0.7336769759450171,0.26373435326842837,0.387996039530422,direct,1.0
ripple,sub-13,0,referential,2.0,59,4,0,5752.0,2927.0,442.0,0.0,2485.0,0.1510078578749573,0.1510078578749573,1.0,0.6666666666666666,5,0.6,0.0,0.0,-0.033431326674523976,0,0.5485119767723203,0.3372739916550765,0.41770547394210716,projected,0.7178495039204531
ripple,sub-13,0,average,2.0,59,4,0,5752.0,2908.0,505.0,0.0,2403.0,0.17365887207702888,0.17365887207702888,1.0,1.0,6,0.6666666666666666,0.0,0.0,0.0838027830186585,0,0.5798496946923438,0.3676981919332406,0.4500240828792317,projected,0.7881154447452947
fast_ripple,sub-13,0,bipolar,5.0,50,3,1,410.0,113.0,102.0,10.0,1.0,0.9026548672566371,0.9911504424778761,1.0,1.0,1,1.0,1.0,1.0,0.5175223117847176,4,0.8672566371681416,0.28536585365853656,0.429430160483886,direct,1.0
fast_ripple,sub-13,0,referential,5.0,59,4,0,410.0,701.0,112.0,0.0,589.0,0.15977175463623394,0.15977175463623394,1.0,1.0,10,0.3,0.0,0.0,-0.14522736972970873,3,0.12648221343873517,0.25853658536585367,0.16986328809654966,projected,0.5076537104731332
fast_ripple,sub-13,0,average,5.0,59,4,0,410.0,285.0,147.0,0.0,138.0,0.5157894736842106,0.5157894736842106,1.0,1.0,4,0.75,0.0,0.0,0.037831511237204615,3,0.375,0.4195121951219512,0.3960092095165004,projected,0.5390979228678064
ripple,sub-13,1,bipolar,2.0,50,3,1,5905.0,2284.0,380.0,80.0,1824.0,0.16637478108581435,0.20140105078809106,1.0,1.0,3,1.0,1.0,0.0,-0.03348720395277271,0,0.7346760070052539,0.25825571549534293,0.38216983816082956,direct,1.0
ripple,sub-13,1,referential,2.0,59,4,0,5905.0,2595.0,434.0,0.0,2161.0,0.16724470134874758,0.16724470134874758,1.0,1.0,6,0.5,0.0,0.0,-0.13004197180615096,0,0.5339832114811807,0.29737510584250637,0.3820093231123875,projected,0.7002839315572054
ripple,sub-13,1,average,2.0,59,4,0,5905.0,2987.0,510.0,0.0,2477.0,0.17073987278205557,0.17073987278205557,1.0,1.0,6,0.6666666666666666,0.0,0.0,-0.016769007683076074,0,0.5703483043079743,0.36985605419136325,0.4487253679248519,projected,0.683948705445869
fast_ripple,sub-13,1,bipolar,5.0,50,3,1,434.0,112.0,96.0,14.0,2.0,0.8571428571428571,0.9821428571428571,1.0,0.6666666666666666,1,1.0,1.0,1.0,0.34911730623149123,4,0.8392857142857143,0.2511520737327189,0.38661233114481924,direct,1.0
fast_ripple,sub-13,1,referential,5.0,59,4,0,434.0,71.0,42.0,0.0,29.0,0.5915492957746479,0.5915492957746479,1.0,1.0,3,1.0,1.0,0.0,0.21551656403368866,3,0.4322033898305085,0.12672811059907835,0.1959893795416434,projected,0.31375239163930607
fast_ripple,sub-13,1,average,5.0,59,4,0,434.0,141.0,124.0,0.0,17.0,0.8794326241134752,0.8794326241134752,1.0,1.0,2,1.0,1.0,0.0,0.39540356968019974,4,0.5700483091787439,0.3248847926267281,0.4138857448475727,projected,0.5889641277763875
ripple,sub-13,2,bipolar,2.0,50,3,1,5478.0,2100.0,355.0,61.0,1684.0,0.16904761904761906,0.1980952380952381,1.0,1.0,2,1.0,1.0,0.0,-0.1584666000870092,0,0.7161904761904762,0.2568455640744797,0.37809564955440655,direct,1.0
ripple,sub-13,2,referential,2.0,59,4,0,5478.0,2171.0,367.0,0.0,1804.0,0.1690465223399355,0.1690465223399355,1.0,0.6666666666666666,4,0.75,0.0,0.0,0.22924382571444774,0,0.5436261461106182,0.31106243154435925,0.39570359375627767,projected,0.6955519311497412
ripple,sub-13,2,average,2.0,59,4,0,5478.0,2608.0,482.0,0.0,2126.0,0.1848159509202454,0.1848159509202454,1.0,0.6666666666666666,5,0.8,0.0,0.0,0.06913743446666674,0,0.5300560366785533,0.3433734939759036,0.41676445993521055,projected,0.6336860877161031
fast_ripple,sub-13,2,bipolar,5.0,50,3,1,361.0,94.0,81.0,12.0,1.0,0.8617021276595744,0.9893617021276596,1.0,1.0,1,1.0,1.0,1.0,0.41086970316058585,4,0.7446808510638298,0.23268698060941828,0.35457999155761927,direct,1.0
fast_ripple,sub-13,2,referential,5.0,59,4,0,361.0,40.0,39.0,0.0,1.0,0.975,0.975,1.0,1.0,2,1.0,1.0,0.0,0.48518572626694734,5,0.7428571428571429,0.16620498614958448,0.2716350339543792,projected,0.8115146147032772
fast_ripple,sub-13,2,average,5.0,59,4,0,361.0,104.0,98.0,0.0,6.0,0.9423076923076923,0.9423076923076923,1.0,1.0,3,1.0,1.0,0.0,0.37122298818446287,5,0.5670731707317073,0.3268698060941828,0.4147000472366556,projected,0.6520222023065497
ripple,sub-13,3,bipolar,2.0,50,3,1,5777.0,2069.0,351.0,59.0,1659.0,0.16964717254712422,0.19816336394393427,1.0,1.0,2,1.0,1.0,0.0,-0.10088437438013664,0,0.7138714354760753,0.23558940626622815,0.3542653688078588,direct,1.0
ripple,sub-13,3,referential,2.0,59,4,0,5777.0,2238.0,382.0,0.0,1856.0,0.17068811438784628,0.17068811438784628,1.0,0.6666666666666666,4,0.75,0.0,0.0,0.21776579247464503,0,0.55897583429229,0.30050199065258787,0.390873030243211,projected,0.6532118540885404
ripple,sub-13,3,average,2.0,59,4,0,5777.0,2610.0,478.0,0.0,2132.0,0.18314176245210728,0.18314176245210728,1.0,1.0,5,0.8,0.0,0.0,0.17811289481598305,0,0.5524028629856851,0.3333910334083434,0.41582169870044416,projected,0.7539471990058293
fast_ripple,sub-13,3,bipolar,5.0,50,3,1,345.0,84.0,77.0,6.0,1.0,0.9166666666666666,0.9880952380952381,1.0,1.0,1,1.0,1.0,1.0,0.4426414822878112,4,0.7738095238095238,0.2318840579710145,0.35683650711957454,direct,1.0
fast_ripple,sub-13,3,referential,5.0,59,4,0,345.0,26.0,26.0,0.0,0.0,1.0,1.0,1.0,1.0,3,1.0,1.0,0.0,0.4350849539855806,4,0.6875,0.11304347826086956,0.19416157501697215,projected,0.9021197242962136
fast_ripple,sub-13,3,average,5.0,59,4,0,345.0,87.0,80.0,0.0,7.0,0.9195402298850575,0.9195402298850575,1.0,1.0,2,1.0,1.0,0.0,0.3869604053914759,5,0.4797297297297297,0.2492753623188406,0.3280767267549633,projected,0.6521375262237868
ripple,sub-13,4,bipolar,2.0,50,3,1,5710.0,2086.0,296.0,66.0,1724.0,0.14189837008628955,0.17353787152444872,1.0,1.0,1,1.0,1.0,1.0,-0.08028656332852255,0,0.7205177372962608,0.24010507880910684,0.3601829254863383,direct,1.0
ripple,sub-13,4,referential,2.0,59,4,0,5710.0,2269.0,332.0,0.0,1937.0,0.14631996474217718,0.14631996474217718,1.0,0.6666666666666666,4,0.75,0.0,0.0,0.25822444550606505,0,0.5669134396355353,0.3110332749562172,0.4016848421798075,projected,0.7223679721760086
ripple,sub-13,4,average,2.0,59,4,0,5710.0,2510.0,394.0,0.0,2116.0,0.15697211155378485,0.15697211155378485,1.0,1.0,4,0.75,0.0,0.0,0.19930692896059474,0,0.5784061696658098,0.340630472854641,0.42875932897511704,projected,0.7698412661505385
fast_ripple,sub-13,4,bipolar,5.0,50,3,1,294.0,55.0,52.0,3.0,0.0,0.9454545454545454,1.0,1.0,1.0,1,1.0,1.0,1.0,0.4750996944539968,4,0.8181818181818182,0.16666666666666666,0.2769230769230769,direct,1.0
fast_ripple,sub-13,4,referential,5.0,59,4,0,294.0,20.0,20.0,0.0,0.0,1.0,1.0,1.0,1.0,3,1.0,1.0,0.0,0.38217684691588455,3,0.6923076923076923,0.11224489795918367,0.19317073170731705,projected,0.9985898746240739
fast_ripple,sub-13,4,average,5.0,59,4,0,294.0,64.0,62.0,0.0,2.0,0.96875,0.96875,1.0,1.0,3,1.0,1.0,0.0,0.46531309596155007,3,0.5229357798165137,0.24829931972789115,0.3367185919482096,projected,0.7789130447740085
ripple,sub-14,0,bipolar,2.0,45,1,1,1755.0,1563.0,71.0,61.0,1431.0,0.045425463851567496,0.08445297504798464,0.0,0.3333333333333333,12,0.08333333333333333,0.0,0.0,0.8381829635435961,3,0.4753678822776711,0.42108262108262107,0.4465816084605994,direct,1.0
ripple,sub-14,0,referential,2.0,52,2,0,1755.0,3861.0,153.0,0.0,3708.0,0.039627039627039624,0.039627039627039624,0.0,0.0,33,0.030303030303030304,0.0,0.0,0.34308638638692096,2,0.15944970681100587,0.35555555555555557,0.22016563026109637,projected,0.3760714887495781
ripple,sub-14,0,average,2.0,52,2,0,1755.0,2642.0,127.0,0.0,2515.0,0.04806964420893263,0.04806964420893263,0.0,0.0,21,0.047619047619047616,0.0,0.0,0.09876068700725472,3,0.24093264248704663,0.5128205128205128,0.32783995769807,projected,0.3703764953681449
fast_ripple,sub-14,0,bipolar,5.0,45,1,1,199.0,30.0,9.0,6.0,15.0,0.3,0.5,1.0,0.3333333333333333,11,0.09090909090909091,0.0,0.0,0.4912621147528321,3,0.6333333333333333,0.10552763819095477,0.18091135796871455,direct,1.0
fast_ripple,sub-14,0,referential,5.0,52,2,0,199.0,2978.0,134.0,0.0,2844.0,0.04499664204163868,0.04499664204163868,0.0,0.0,45,0.044444444444444446,0.0,0.0,0.145793024350264,0,0.01523994811932555,0.22613065326633167,0.028555419791673697,projected,-0.15265094622874797
fast_ripple,sub-14,0,average,5.0,52,2,0,199.0,495.0,19.0,0.0,476.0,0.03838383838383838,0.03838383838383838,0.0,0.0,4,0.0,0.0,0.0,0.04562785491332338,1,0.052364864864864864,0.15577889447236182,0.07838179519595449,projected,0.38758064933381575
ripple,sub-14,1,bipolar,2.0,45,1,1,2207.0,1796.0,69.0,59.0,1668.0,0.03841870824053452,0.07126948775055679,0.0,0.3333333333333333,19,0.05263157894736842,0.0,0.0,0.8760928460456417,2,0.5863028953229399,0.4372451291345718,0.5009204825798456,direct,1.0
ripple,sub-14,1,referential,2.0,52,2,0,2207.0,2746.0,163.0,0.0,2583.0,0.05935906773488711,0.05935906773488711,1.0,0.3333333333333333,24,0.08333333333333333,0.0,0.0,0.6645076220667268,3,0.29859943977591036,0.4182147711826008,0.3484269549124858,projected,0.7901243226329855
ripple,sub-14,1,average,2.0,52,2,0,2207.0,2427.0,152.0,0.0,2275.0,0.06262875978574371,0.06262875978574371,1.0,0.3333333333333333,17,0.11764705882352941,0.0,0.0,0.6053722540388068,4,0.359924791834542,0.5323969188944269,0.42949274438225804,projected,0.8071800900478653
fast_ripple,sub-14,1,bipolar,5.0,45,1,1,255.0,26.0,3.0,8.0,15.0,0.11538461538461539,0.4230769230769231,0.0,0.3333333333333333,11,0.09090909090909091,0.0,0.0,0.569268220266136,3,0.5384615384615384,0.07450980392156863,0.1309055118110236,direct,1.0
fast_ripple,sub-14,1,referential,5.0,52,2,0,255.0,1811.0,77.0,0.0,1734.0,0.04251794588625069,0.04251794588625069,0.0,0.0,46,0.043478260869565216,0.0,0.0,0.1382675414217075,0,0.01686874011597259,0.08627450980392157,0.028219826031186116,projected,-0.13426999807685688
fast_ripple,sub-14,1,average,5.0,52,2,0,255.0,261.0,11.0,0.0,250.0,0.0421455938697318,0.0421455938697318,0.0,0.0,5,0.0,0.0,0.0,-0.1387289839666038,0,0.06461538461538462,0.08627450980392157,0.07389044382247102,projected,0.41156843388171704
ripple,sub-14,2,bipolar,2.0,45,1,1,2237.0,1748.0,84.0,65.0,1599.0,0.04805491990846682,0.08524027459954234,1.0,0.3333333333333333,8,0.125,0.0,0.0,0.7491013206646914,3,0.5389016018306636,0.40768886902101026,0.4642011330755951,direct,1.0
ripple,sub-14,2,referential,2.0,52,2,0,2237.0,4915.0,201.0,0.0,4714.0,0.040895218718209565,0.040895218718209565,0.0,0.0,43,0.046511627906976744,0.0,0.0,-0.18362072320470793,0,0.1665457184325109,0.33616450603486814,0.22273968757410964,projected,-0.06571006344462835
ripple,sub-14,2,average,2.0,52,2,0,2237.0,3028.0,157.0,0.0,2871.0,0.05184940554821665,0.05184940554821665,0.0,0.0,11,0.09090909090909091,0.0,0.0,-0.18948314977752864,0,0.272108843537415,0.48368350469378635,0.3482823275688638,projected,0.11981265938107075
fast_ripple,sub-14,2,bipolar,5.0,45,1,1,348.0,79.0,10.0,8.0,61.0,0.12658227848101267,0.22784810126582278,0.0,0.3333333333333333,3,0.3333333333333333,0.0,0.0,0.6125422588922486,3,0.6455696202531646,0.16091954022988506,0.25762222623128267,direct,1.0
fast_ripple,sub-14,2,referential,5.0,52,2,0,348.0,3459.0,136.0,0.0,3323.0,0.039317721884937845,0.039317721884937845,0.0,0.0,37,0.05405405405405406,0.0,0.0,-0.4997114159513653,0,0.02408660351826793,0.2557471264367816,0.044026712837002234,projected,-0.3914215653153007
fast_ripple,sub-14,2,average,5.0,52,2,0,348.0,842.0,25.0,0.0,817.0,0.029691211401425176,0.029691211401425176,0.0,0.0,1,0.0,0.0,1.0,0.0043504371574410285,3,0.07884231536926148,0.23850574712643677,0.11850928084729526,projected,0.21859996279858487
ripple,sub-14,3,bipolar,2.0,45,1,1,2072.0,1850.0,72.0,76.0,1702.0,0.03891891891891892,0.08,0.0,0.0,13,0.07692307692307693,0.0,0.0,0.847267094872504,4,0.5356756756756756,0.4555984555984556,0.4924026620684718,direct,1.0
ripple,sub-14,3,referential,2.0,52,2,0,2072.0,4325.0,171.0,0.0,4154.0,0.03953757225433526,0.03953757225433526,0.0,0.0,40,0.025,0.0,0.0,0.13135633319000148,2,0.18638348551012307,0.3885135135135135,0.2519147010313607,projected,0.17267752394623462
ripple,sub-14,3,average,2.0,52,2,0,2072.0,3046.0,161.0,0.0,2885.0,0.05285620485883125,0.05285620485883125,0.0,0.0,15,0.06666666666666667,0.0,0.0,0.17936617211351152,2,0.2796492847254269,0.5501930501930502,0.3708200617711376,projected,0.4643857763564892
fast_ripple,sub-14,3,bipolar,5.0,45,1,1,275.0,49.0,5.0,3.0,41.0,0.10204081632653061,0.16326530612244897,0.0,0.3333333333333333,7,0.14285714285714285,0.0,0.0,0.551780744660926,2,0.6122448979591837,0.11636363636363636,0.1955591770217967,direct,1.0
fast_ripple,sub-14,3,referential,5.0,52,2,0,275.0,2561.0,112.0,0.0,2449.0,0.04373291682936353,0.04373291682936353,0.0,0.0,42,0.047619047619047616,0.0,0.0,-0.22083403421157916,0,0.01364306784660767,0.15636363636363637,0.025096418515509776,projected,-0.22656705455118087
fast_ripple,sub-14,3,average,5.0,52,2,0,275.0,556.0,19.0,0.0,537.0,0.0341726618705036,0.0341726618705036,0.0,0.0,2,0.0,0.0,0.0,0.019870784009712907,1,0.06880733944954129,0.17454545454545456,0.09870450339296731,projected,0.4034732748814323
ripple,sub-14,4,bipolar,2.0,45,1,1,598.0,593.0,30.0,29.0,534.0,0.050590219224283306,0.09949409780775717,0.0,0.3333333333333333,18,0.05555555555555555,0.0,0.0,0.7182847325904136,4,0.4671163575042159,0.451505016722408,0.45917803509375116,direct,1.0
ripple,sub-14,4,referential,2.0,52,2,0,598.0,600.0,42.0,0.0,558.0,0.07,0.07,1.0,0.3333333333333333,30,0.06666666666666667,0.0,0.0,0.5789157101964327,4,0.29372937293729373,0.4397993311036789,0.3522206589371835,projected,0.7465141814594373
ripple,sub-14,4,average,2.0,52,2,0,598.0,755.0,42.0,0.0,713.0,0.05562913907284768,0.05562913907284768,0.0,0.0,13,0.07692307692307693,0.0,0.0,0.6937615079179885,4,0.2966751918158568,0.5535117056856187,0.3862990406913863,projected,0.8223985339698467
fast_ripple,sub-14,4,bipolar,5.0,45,1,1,58.0,10.0,3.0,3.0,4.0,0.3,0.6,0.0,0.3333333333333333,45,0.022222222222222223,0.0,0.0,0.13978299226235802,1,0.4,0.08620689655172414,0.14184397163120568,direct,1.0
fast_ripple,sub-14,4,referential,5.0,52,2,0,58.0,46.0,3.0,0.0,43.0,0.06521739130434782,0.06521739130434782,1.0,0.3333333333333333,52,0.038461538461538464,0.0,0.0,-0.03641711204739058,1,0.02040816326530612,0.034482758620689655,0.02564102564102564,projected,-0.09296750223310907
fast_ripple,sub-14,4,average,5.0,52,2,0,58.0,11.0,6.0,0.0,5.0,0.5454545454545454,0.5454545454545454,1.0,0.6666666666666666,52,0.038461538461538464,0.0,0.0,0.14270579355077512,0,0.16666666666666666,0.06896551724137931,0.0975609756097561,projected,0.6197918993269166
ripple,sub-15,0,bipolar,2.0,26,4,3,2145.0,728.0,102.0,71.0,555.0,0.1401098901098901,0.23763736263736263,0.0,0.0,16,0.125,0.0,0.0,0.41755708629970734,3,0.739010989010989,0.2317016317016317,0.3527924709036525,direct,1.0
ripple,sub-15,0,referential,2.0,32,7,0,2145.0,947.0,203.0,0.0,744.0,0.21436114044350582,0.21436114044350582,0.0,0.0,32,0.21875,0.0,0.0,0.18604479240106106,1,0.34540859309182814,0.16736596736596737,0.2254778133600085,projected,0.43443052505323765
ripple,sub-15,0,average,2.0,32,7,0,2145.0,969.0,207.0,0.0,762.0,0.21362229102167182,0.21362229102167182,0.0,0.0,23,0.2608695652173913,0.0,0.0,0.14957761379826373,3,0.495703899537343,0.30536130536130535,0.3779187734275983,projected,0.625433246153757
fast_ripple,sub-15,0,bipolar,5.0,26,4,3,128.0,27.0,8.0,6.0,13.0,0.2962962962962963,0.5185185185185185,1.0,0.3333333333333333,12,0.25,0.0,0.0,0.24689950747946915,1,0.4444444444444444,0.109375,0.17554858934169276,direct,1.0
fast_ripple,sub-15,0,referential,5.0,32,7,0,128.0,335.0,107.0,0.0,228.0,0.3194029850746269,0.3194029850746269,1.0,0.6666666666666666,20,0.35,0.0,0.0,0.03106710341334662,1,0.15170278637770898,0.328125,0.20748059280169373,projected,0.3262326196967416
fast_ripple,sub-15,0,average,5.0,32,7,0,128.0,268.0,82.0,0.0,186.0,0.30597014925373134,0.30597014925373134,0.0,0.0,1,0.0,0.0,1.0,-0.008179237284347732,1,0.14285714285714285,0.3203125,0.19759036144578312,projected,0.42670174294335017
ripple,sub-15,1,bipolar,2.0,26,4,3,2298.0,846.0,129.0,72.0,645.0,0.1524822695035461,0.2375886524822695,0.0,0.0,7,0.14285714285714285,0.0,0.0,0.3026935071181881,2,0.7446808510638298,0.25326370757180156,0.377978178579381,direct,1.0
ripple,sub-15,1,referential,2.0,32,7,0,2298.0,1114.0,250.0,0.0,864.0,0.2244165170556553,0.2244165170556553,0.0,0.0,30,0.23333333333333334,0.0,0.0,-0.2230541701387392,2,0.3913352272727273,0.21018276762402088,0.2734811654340474,projected,0.3633551263161278
ripple,sub-15,1,average,2.0,32,7,0,2298.0,1040.0,226.0,0.0,814.0,0.2173076923076923,0.2173076923076923,0.0,0.3333333333333333,6,0.16666666666666666,0.0,0.0,-0.11129491787217706,2,0.5475285171102662,0.32506527415143605,0.4079389729849651,projected,0.8067296470193119
fast_ripple,sub-15,1,bipolar,5.0,26,4,3,131.0,31.0,15.0,7.0,9.0,0.4838709677419355,0.7096774193548387,1.0,0.6666666666666666,10,0.4,0.0,0.0,0.38010384249631746,2,0.3548387096774194,0.10687022900763359,0.16426666666666664,direct,1.0
fast_ripple,sub-15,1,referential,5.0,32,7,0,131.0,370.0,122.0,0.0,248.0,0.32972972972972975,0.32972972972972975,1.0,0.3333333333333333,19,0.3684210526315789,0.0,0.0,0.1751899323552399,1,0.11647727272727272,0.31297709923664124,0.16977225672877846,projected,0.4680234588606892
fast_ripple,sub-15,1,average,5.0,32,7,0,131.0,300.0,113.0,0.0,187.0,0.37666666666666665,0.37666666666666665,1.0,0.6666666666666666,16,0.375,0.0,0.0,-0.0391340752188745,1,0.12721893491124261,0.2900763358778626,0.17686853926503218,projected,0.45286715338584405
ripple,sub-15,2,bipolar,2.0,26,4,3,2414.0,817.0,145.0,82.0,590.0,0.17747858017135862,0.2778457772337821,1.0,0.3333333333333333,15,0.2,0.0,0.0,0.08630145083645273,2,0.7466340269277846,0.2315658657829329,0.35349616403947043,direct,1.0
ripple,sub-15,2,referential,2.0,32,7,0,2414.0,1375.0,316.0,0.0,1059.0,0.2298181818181818,0.2298181818181818,0.0,0.3333333333333333,30,0.2,0.0,0.0,-0.22413028865353826,1,0.33252720677146314,0.20049710024855014,0.2501602265914119,projected,0.37748466714475104
ripple,sub-15,2,average,2.0,32,7,0,2414.0,1173.0,287.0,0.0,886.0,0.24467178175618073,0.24467178175618073,0.0,0.3333333333333333,6,0.3333333333333333,0.0,0.0,0.05049583119853302,1,0.5077275329135661,0.3243579121789561,0.39583781570245985,projected,0.74576008172927
fast_ripple,sub-15,2,bipolar,5.0,26,4,3,122.0,37.0,12.0,1.0,24.0,0.32432432432432434,0.35135135135135137,1.0,0.3333333333333333,26,0.15384615384615385,0.0,0.0,0.3749090713251234,1,0.24324324324324326,0.09016393442622951,0.13156146179401992,direct,1.0
fast_ripple,sub-15,2,referential,5.0,32,7,0,122.0,164.0,49.0,0.0,115.0,0.29878048780487804,0.29878048780487804,1.0,0.3333333333333333,29,0.20689655172413793,0.0,0.0,-0.16593821953071483,0,0.1130952380952381,0.13934426229508196,0.12485504445303441,projected,0.20727708094657515
fast_ripple,sub-15,2,average,5.0,32,7,0,122.0,257.0,91.0,0.0,166.0,0.3540856031128405,0.3540856031128405,1.0,0.6666666666666666,15,0.3333333333333333,0.0,0.0,-0.4800787407801774,0,0.10181818181818182,0.21311475409836064,0.1378004921446148,projected,0.4143902809977677
ripple,sub-15,3,bipolar,2.0,26,4,3,2745.0,959.0,160.0,71.0,728.0,0.16684045881126172,0.24087591240875914,1.0,0.3333333333333333,10,0.1,0.0,0.0,0.14024287804592012,3,0.8070907194994786,0.25136612021857924,0.38334158788948947,direct,1.0
ripple,sub-15,3,referential,2.0,32,7,0,2745.0,1192.0,276.0,0.0,916.0,0.23154362416107382,0.23154362416107382,1.0,0.6666666666666666,30,0.2,0.0,0.0,-0.3441562611994988,0,0.3873570948217888,0.19453551912568307,0.25899869399261866,projected,0.32237084514378644
ripple,sub-15,3,average,2.0,32,7,0,2745.0,1154.0,251.0,0.0,903.0,0.21750433275563258,0.21750433275563258,0.0,0.3333333333333333,7,0.14285714285714285,0.0,0.0,0.25603395295930215,2,0.6189937817976258,0.3533697632058288,0.44990104210237614,projected,0.7314152543910565
fast_ripple,sub-15,3,bipolar,5.0,26,4,3,106.0,0.0,0.0,0.0,0.0,,,,,0,,,,,2,,0.0,0.0,direct,1.0
fast_ripple,sub-15,3,referential,5.0,32,7,0,106.0,0.0,0.0,0.0,0.0,,,,,0,,,,,1,,0.0,0.0,projected,
fast_ripple,sub-15,3,average,5.0,32,7,0,106.0,0.0,0.0,0.0,0.0,,,,,0,,,,,1,,0.0,0.0,projected,
ripple,sub-15,4,bipolar,2.0,26,4,3,2421.0,1017.0,164.0,96.0,757.0,0.16125860373647985,0.255653883972468,0.0,0.3333333333333333,8,0.125,0.0,0.0,0.21472614072385632,1,0.7659783677482792,0.27963651383725735,0.4097025094116532,direct,1.0
ripple,sub-15,4,referential,2.0,32,7,0,2421.0,1331.0,319.0,0.0,1012.0,0.2396694214876033,0.2396694214876033,1.0,0.6666666666666666,30,0.23333333333333334,0.0,0.0,-0.4324156503796055,0,0.34996880848409234,0.20156959933911606,0.255804750881242,projected,0.433733105624823
ripple,sub-15,4,average,2.0,32,7,0,2421.0,1311.0,308.0,0.0,1003.0,0.2349351639969489,0.2349351639969489,0.0,0.3333333333333333,5,0.4,0.0,0.0,0.11474960461016427,1,0.5596421471172962,0.38372573316811237,0.45528175741872917,projected,0.7820799388281409
fast_ripple,sub-15,4,bipolar,5.0,26,4,3,105.0,26.0,9.0,6.0,11.0,0.34615384615384615,0.5769230769230769,1.0,0.3333333333333333,9,0.1111111111111111,0.0,0.0,0.14020717886403375,0,0.07692307692307693,0.0380952380952381,0.050955414012738856,direct,1.0
fast_ripple,sub-15,4,referential,5.0,32,7,0,105.0,307.0,61.0,0.0,246.0,0.1986970684039088,0.1986970684039088,0.0,0.0,32,0.21875,0.0,0.0,0.2587117039438443,0,0.0,0.0,0.0,projected,-0.17656326586414725
fast_ripple,sub-15,4,average,5.0,32,7,0,105.0,130.0,49.0,0.0,81.0,0.3769230769230769,0.3769230769230769,1.0,0.6666666666666666,23,0.30434782608695654,0.0,0.0,-0.2687025400507276,1,0.0078125,0.01904761904761905,0.0110803324099723,projected,0.39035819440844033
ripple,sub-16,0,bipolar,2.0,37,4,1,3071.0,2510.0,375.0,78.0,2057.0,0.14940239043824702,0.1804780876494024,0.0,0.3333333333333333,18,0.2222222222222222,0.0,0.0,0.5206714743489301,0,0.7059760956175298,0.5408661673721915,0.6124889994945334,direct,1.0
ripple,sub-16,0,referential,2.0,42,5,0,3071.0,2773.0,470.0,0.0,2303.0,0.1694915254237288,0.1694915254237288,0.0,0.0,16,0.25,0.0,0.0,0.5380280618868201,2,0.5747065101387406,0.6457180071637902,0.6081463247740584,projected,0.9089885039600059
ripple,sub-16,0,average,2.0,42,5,0,3071.0,3295.0,511.0,0.0,2784.0,0.15508345978755692,0.15508345978755692,0.0,0.3333333333333333,17,0.23529411764705882,0.0,0.0,0.2474753670543449,1,0.5252716107699575,0.6646043633995441,0.5867801553540581,projected,0.8726873814041747
fast_ripple,sub-16,0,bipolar,5.0,37,4,1,508.0,248.0,123.0,0.0,125.0,0.4959677419354839,0.4959677419354839,1.0,0.6666666666666666,2,1.0,1.0,0.0,0.6479359930033103,4,0.7741935483870968,0.5354330708661418,0.6330488750969744,direct,1.0
fast_ripple,sub-16,0,referential,5.0,42,5,0,508.0,212.0,134.0,0.0,78.0,0.6320754716981132,0.6320754716981132,1.0,0.6666666666666666,2,1.0,1.0,0.0,0.6522988778908028,3,0.714828897338403,0.531496062992126,0.6096784654743745,projected,0.7882078542399672
fast_ripple,sub-16,0,average,5.0,42,5,0,508.0,321.0,164.0,0.0,157.0,0.5109034267912772,0.5109034267912772,1.0,0.6666666666666666,2,1.0,1.0,0.0,0.7664376730824303,4,0.5819070904645477,0.6712598425196851,0.6233979713718397,projected,0.8222545194778401
ripple,sub-16,1,bipolar,2.0,37,4,1,3192.0,2786.0,435.0,96.0,2255.0,0.156137832017229,0.19059583632447955,1.0,0.3333333333333333,16,0.25,0.0,0.0,0.45196134692988615,0,0.6934673366834171,0.5654761904761905,0.622965620470907,direct,1.0
ripple,sub-16,1,referential,2.0,42,5,0,3192.0,3060.0,543.0,0.0,2517.0,0.17745098039215687,0.17745098039215687,0.0,0.3333333333333333,8,0.25,0.0,0.0,0.4965531240986191,1,0.5938831787415393,0.668233082706767,0.6288681945080967,projected,0.9491133534966519
ripple,sub-16,1,average,2.0,42,5,0,3192.0,3663.0,585.0,0.0,3078.0,0.1597051597051597,0.1597051597051597,0.0,0.3333333333333333,14,0.35714285714285715,0.0,0.0,0.1645780104366853,0,0.5334195774040534,0.6885964912280702,0.6011555146962092,projected,0.8652431852098799
fast_ripple,sub-16,1,bipolar,5.0,37,4,1,587.0,345.0,159.0,0.0,186.0,0.4608695652173913,0.4608695652173913,1.0,0.6666666666666666,2,1.0,1.0,0.0,0.8352961251856849,5,0.7246376811594203,0.5826235093696763,0.6459167485079701,direct,1.0
fast_ripple,sub-16,1,referential,5.0,42,5,0,587.0,342.0,173.0,0.0,169.0,0.5058479532163743,0.5058479532163743,1.0,0.6666666666666666,1,1.0,1.0,1.0,0.629181594432704,3,0.5653206650831354,0.5519591141396933,0.558559994205208,projected,0.8498354727005563
fast_ripple,sub-16,1,average,5.0,42,5,0,587.0,454.0,221.0,0.0,233.0,0.486784140969163,0.486784140969163,1.0,0.6666666666666666,2,1.0,1.0,0.0,0.8498380608995778,3,0.5473684210526316,0.7291311754684838,0.6253090582153293,projected,0.8883937056953937
ripple,sub-16,2,bipolar,2.0,37,4,1,3231.0,2705.0,457.0,97.0,2151.0,0.1689463955637708,0.20480591497227357,1.0,0.3333333333333333,14,0.2857142857142857,0.0,0.0,0.44596037803463423,2,0.7009242144177449,0.5509130300216651,0.6169304907577784,direct,1.0
ripple,sub-16,2,referential,2.0,42,5,0,3231.0,3054.0,586.0,0.0,2468.0,0.19187950229207595,0.19187950229207595,1.0,0.3333333333333333,17,0.29411764705882354,0.0,0.0,0.5102967474255191,1,0.5901639344262295,0.6518105849582173,0.6194573130377233,projected,0.9193261424289387
ripple,sub-16,2,average,2.0,42,5,0,3231.0,3669.0,597.0,0.0,3072.0,0.16271463614063778,0.16271463614063778,1.0,0.6666666666666666,17,0.23529411764705882,0.0,0.0,0.19744629169059572,1,0.5335994677312043,0.6691426802847416,0.5937335423476581,projected,0.785172026842282
fast_ripple,sub-16,2,bipolar,5.0,37,4,1,690.0,375.0,169.0,0.0,206.0,0.45066666666666666,0.45066666666666666,1.0,0.6666666666666666,2,1.0,1.0,0.0,0.850473373472123,4,0.7306666666666667,0.5492753623188406,0.6271177740537766,direct,1.0
fast_ripple,sub-16,2,referential,5.0,42,5,0,690.0,404.0,195.0,0.0,209.0,0.48267326732673266,0.48267326732673266,1.0,0.6666666666666666,2,1.0,1.0,0.0,0.3487908229858905,4,0.5596707818930041,0.5405797101449276,0.5499596159996532,projected,0.571881575346668
fast_ripple,sub-16,2,average,5.0,42,5,0,690.0,566.0,243.0,0.0,323.0,0.4293286219081272,0.4293286219081272,1.0,0.6666666666666666,2,1.0,1.0,0.0,0.591848427819191,4,0.4915254237288136,0.7043478260869566,0.578999260537343,projected,0.6976936140944071
ripple,sub-16,3,bipolar,2.0,37,4,1,3468.0,2991.0,498.0,106.0,2387.0,0.16649949849548645,0.2019391507856904,1.0,0.3333333333333333,14,0.2857142857142857,0.0,0.0,0.475625667180643,1,0.7054496823804748,0.5608419838523645,0.6248888939643965,direct,1.0
ripple,sub-16,3,referential,2.0,42,5,0,3468.0,3239.0,642.0,0.0,2597.0,0.19820932386539056,0.19820932386539056,1.0,0.6666666666666666,12,0.3333333333333333,0.0,0.0,0.5317553710291193,1,0.625968992248062,0.6565743944636678,0.6409065241715379,projected,0.9409287721904109
ripple,sub-16,3,average,2.0,42,5,0,3468.0,3864.0,643.0,0.0,3221.0,0.16640786749482403,0.16640786749482403,1.0,0.6666666666666666,13,0.3076923076923077,0.0,0.0,0.2282807216077028,1,0.5623425692695214,0.6845444059976932,0.6174552588703153,projected,0.8999170180751209
fast_ripple,sub-16,3,bipolar,5.0,37,4,1,782.0,412.0,188.0,0.0,224.0,0.4563106796116505,0.4563106796116505,1.0,0.6666666666666666,2,1.0,1.0,0.0,0.856173113755195,4,0.7645631067961165,0.551150895140665,0.6405489948148393,direct,1.0
fast_ripple,sub-16,3,referential,5.0,42,5,0,782.0,339.0,206.0,0.0,133.0,0.6076696165191741,0.6076696165191741,1.0,0.6666666666666666,2,1.0,1.0,0.0,0.6996210177730066,4,0.7093023255813954,0.5345268542199488,0.609635385534967,projected,0.9751290671158038
fast_ripple,sub-16,3,average,5.0,42,5,0,782.0,526.0,271.0,0.0,255.0,0.5152091254752852,0.5152091254752852,1.0,0.6666666666666666,2,1.0,1.0,0.0,0.7896043687225027,4,0.5887573964497042,0.7020460358056266,0.6404302714109854,projected,0.9062270866275564
ripple,sub-16,4,bipolar,2.0,37,4,1,3322.0,2853.0,463.0,109.0,2281.0,0.16228531370487206,0.200490711531721,1.0,0.6666666666666666,14,0.14285714285714285,0.0,0.0,0.20072418074938964,0,0.6968103750438135,0.5469596628537026,0.6128579338527695,direct,1.0
ripple,sub-16,4,referential,2.0,42,5,0,3322.0,3131.0,561.0,0.0,2570.0,0.17917598211434047,0.17917598211434047,0.0,0.3333333333333333,15,0.3333333333333333,0.0,0.0,0.39051099514104437,0,0.6059611012882041,0.6441902468392534,0.624491157808256,projected,0.9032965729870747
ripple,sub-16,4,average,2.0,42,5,0,3322.0,3828.0,641.0,0.0,3187.0,0.1674503657262278,0.1674503657262278,1.0,0.6666666666666666,11,0.45454545454545453,0.0,0.0,0.07462384404316517,0,0.5471491228070176,0.670680313064419,0.6026494912475939,projected,0.8017548076275921
fast_ripple,sub-16,4,bipolar,5.0,37,4,1,749.0,489.0,195.0,1.0,293.0,0.3987730061349693,0.40081799591002043,1.0,0.6666666666666666,2,1.0,1.0,0.0,0.9233459436648432,4,0.7832310838445807,0.6408544726301736,0.7049255445400289,direct,1.0
fast_ripple,sub-16,4,referential,5.0,42,5,0,749.0,408.0,221.0,0.0,187.0,0.5416666666666666,0.5416666666666666,1.0,0.6666666666666666,2,1.0,1.0,0.0,0.8308361873179234,4,0.725,0.6328437917222964,0.6757945969863081,projected,0.9557758242920575
fast_ripple,sub-16,4,average,5.0,42,5,0,749.0,636.0,274.0,0.0,362.0,0.4308176100628931,0.4308176100628931,1.0,0.6666666666666666,2,1.0,1.0,0.0,0.8950904575475915,4,0.5845771144278606,0.7663551401869159,0.6632363317214199,projected,0.9657410982280432
ripple,sub-17,0,bipolar,2.0,37,29,3,2295.0,1811.0,1403.0,165.0,243.0,0.774710104914412,0.8658199889563777,0.0,0.3333333333333333,20,0.7,0.0,0.0,0.23091554773845943,2,0.6294864715626726,0.396078431372549,0.48622181494939937,direct,1.0
ripple,sub-17,0,referential,2.0,42,34,0,2295.0,2060.0,1615.0,0.0,445.0,0.7839805825242718,0.7839805825242718,1.0,0.6666666666666666,31,0.7419354838709677,0.0,0.0,-0.006653417353727979,1,0.40964312832194383,0.35468409586056643,0.3801876944780095,projected,0.23447621214337372
ripple,sub-17,0,average,2.0,42,34,0,2295.0,2209.0,1747.0,0.0,462.0,0.7908555907650521,0.7908555907650521,0.0,0.6666666666666666,12,0.75,0.0,0.0,0.04196981970947149,1,0.5208541875208542,0.5206971677559913,0.5207756658026135,projected,0.3255482312391098
fast_ripple,sub-17,0,bipolar,5.0,37,29,3,566.0,485.0,397.0,57.0,31.0,0.8185567010309278,0.9360824742268041,1.0,1.0,2,1.0,1.0,0.0,0.9595461567343232,3,0.7752577319587629,0.5636042402826855,0.6527014047794608,direct,1.0
fast_ripple,sub-17,0,referential,5.0,42,34,0,566.0,155.0,141.0,0.0,14.0,0.9096774193548387,0.9096774193548387,1.0,1.0,3,1.0,1.0,0.0,0.70983484537901,2,0.8532818532818532,0.3286219081272085,0.47450075031744204,projected,0.9532038471572656
fast_ripple,sub-17,0,average,5.0,42,34,0,566.0,427.0,386.0,0.0,41.0,0.9039812646370023,0.9039812646370023,1.0,0.6666666666666666,1,1.0,1.0,1.0,0.7773781269771048,3,0.640117994100295,0.6395759717314488,0.6398468681273927,projected,0.9551568161734408
ripple,sub-17,1,bipolar,2.0,37,29,3,2339.0,1721.0,1369.0,144.0,208.0,0.7954677513073795,0.8791400348634515,0.0,0.6666666666666666,12,0.8333333333333334,0.0,0.0,0.17203310159968346,1,0.6298663567693201,0.3629756306113724,0.4605488908711268,direct,1.0
ripple,sub-17,1,referential,2.0,42,34,0,2339.0,1910.0,1538.0,0.0,372.0,0.8052356020942408,0.8052356020942408,1.0,0.6666666666666666,10,0.8,0.0,0.0,-0.046067111608403294,1,0.427040395713108,0.337751175716118,0.37718353893685896,projected,0.6911234875896868
ripple,sub-17,1,average,2.0,42,34,0,2339.0,2089.0,1653.0,0.0,436.0,0.791287697462901,0.791287697462901,0.0,0.6666666666666666,9,0.7777777777777778,0.0,0.0,-0.07893566708247277,2,0.514813523875915,0.4886703719538264,0.5014014021446486,projected,0.7085817822842088
fast_ripple,sub-17,1,bipolar,5.0,37,29,3,556.0,478.0,368.0,76.0,34.0,0.7698744769874477,0.9288702928870293,1.0,0.6666666666666666,7,0.5714285714285714,0.0,0.0,0.9200932787756282,4,0.7677824267782427,0.5611510791366906,0.648402550483029,direct,1.0
fast_ripple,sub-17,1,referential,5.0,42,34,0,556.0,144.0,131.0,0.0,13.0,0.9097222222222222,0.9097222222222222,1.0,1.0,3,1.0,1.0,0.0,0.6790734606897649,3,0.8631178707224335,0.3345323741007194,0.4821789527779364,projected,0.9227367163462096
fast_ripple,sub-17,1,average,5.0,42,34,0,556.0,412.0,357.0,0.0,55.0,0.866504854368932,0.866504854368932,1.0,0.6666666666666666,3,0.6666666666666666,0.0,0.0,0.7391670590025211,3,0.6147058823529412,0.6618705035971223,0.6374169166763356,projected,0.9642320784443368
ripple,sub-17,2,bipolar,2.0,37,29,3,2504.0,1815.0,1417.0,182.0,216.0,0.7807162534435261,0.8809917355371901,0.0,0.3333333333333333,18,0.7777777777777778,0.0,0.0,0.3921347986156932,0,0.6528925619834711,0.4009584664536741,0.4968117757594739,direct,1.0
ripple,sub-17,2,referential,2.0,42,34,0,2504.0,1865.0,1507.0,0.0,358.0,0.8080428954423593,0.8080428954423593,1.0,0.6666666666666666,39,0.7948717948717948,0.0,0.0,-0.04282182578373109,0,0.4335808580858086,0.33466453674121405,0.37775465492719734,projected,0.5680793132563667
ripple,sub-17,2,average,2.0,42,34,0,2504.0,2000.0,1630.0,0.0,370.0,0.815,0.815,0.0,0.6666666666666666,20,0.85,0.0,0.0,0.35485450285304393,0,0.5403770900035575,0.5039936102236422,0.5215515916212334,projected,0.7911201155688776
fast_ripple,sub-17,2,bipolar,5.0,37,29,3,341.0,284.0,215.0,43.0,26.0,0.7570422535211268,0.9084507042253521,0.0,0.3333333333333333,15,0.8,0.0,0.0,0.9149247879562296,3,0.7147887323943662,0.5483870967741935,0.6206276413991547,direct,1.0
fast_ripple,sub-17,2,referential,5.0,42,34,0,341.0,95.0,82.0,0.0,13.0,0.8631578947368421,0.8631578947368421,1.0,0.6666666666666666,8,0.875,0.0,0.0,0.7491140649592669,3,0.8143712574850299,0.3460410557184751,0.48569958536363916,projected,0.9210204157624747
fast_ripple,sub-17,2,average,5.0,42,34,0,341.0,241.0,205.0,0.0,36.0,0.8506224066390041,0.8506224066390041,0.0,0.6666666666666666,6,0.8333333333333334,0.0,0.0,0.7657558826852864,3,0.5583126550868487,0.5953079178885631,0.5762170890786835,projected,0.945003781905049
ripple,sub-17,3,bipolar,2.0,37,29,3,2478.0,1816.0,1432.0,174.0,210.0,0.788546255506608,0.8843612334801763,1.0,0.6666666666666666,7,0.7142857142857143,0.0,0.0,0.2281932453981995,0,0.6536343612334802,0.39144471347861176,0.4896504416630909,direct,1.0
ripple,sub-17,3,referential,2.0,42,34,0,2478.0,1749.0,1402.0,0.0,347.0,0.801600914808462,0.801600914808462,1.0,0.6666666666666666,38,0.8157894736842105,0.0,0.0,0.37682760732594994,1,0.46437768240343347,0.3555286521388216,0.4027278837903254,projected,0.3119538732254442
ripple,sub-17,3,average,2.0,42,34,0,2478.0,2098.0,1688.0,0.0,410.0,0.8045757864632984,0.8045757864632984,0.0,0.6666666666666666,26,0.7692307692307693,0.0,0.0,0.29619303612816866,1,0.5432692307692307,0.5141242937853108,0.528295101338334,projected,0.6686664142478265
fast_ripple,sub-17,3,bipolar,5.0,37,29,3,544.0,498.0,383.0,78.0,37.0,0.7690763052208835,0.9257028112449799,1.0,0.6666666666666666,4,0.75,0.0,0.0,0.933189506025524,4,0.7971887550200804,0.6066176470588235,0.6889678891845556,direct,1.0
fast_ripple,sub-17,3,referential,5.0,42,34,0,544.0,170.0,151.0,0.0,19.0,0.888235294117647,0.888235294117647,1.0,1.0,7,0.8571428571428571,0.0,0.0,0.7298469758805305,3,0.8811188811188811,0.35110294117647056,0.5021229539835379,projected,0.9481156251345058
fast_ripple,sub-17,3,average,5.0,42,34,0,544.0,403.0,359.0,0.0,44.0,0.890818858560794,0.890818858560794,1.0,0.6666666666666666,1,1.0,1.0,1.0,0.7784420287313869,3,0.6434359805510534,0.6580882352941176,0.6506796320967645,projected,0.9599839461200015
ripple,sub-17,4,bipolar,2.0,37,29,3,2314.0,1748.0,1368.0,155.0,225.0,0.782608695652174,0.8712814645308925,1.0,0.3333333333333333,24,0.8333333333333334,0.0,0.0,0.32272621377789446,2,0.6630434782608695,0.4006050129645635,0.4994479725134474,direct,1.0
ripple,sub-17,4,referential,2.0,42,34,0,2314.0,1866.0,1502.0,0.0,364.0,0.804930332261522,0.804930332261522,0.0,0.6666666666666666,39,0.7948717948717948,0.0,0.0,0.21423673376676686,2,0.453646477132262,0.36084701815038894,0.4019601863383774,projected,0.6022229036590673
ripple,sub-17,4,average,2.0,42,34,0,2314.0,2004.0,1570.0,0.0,434.0,0.783433133732535,0.783433133732535,0.0,0.3333333333333333,17,0.7058823529411765,0.0,0.0,0.3621116544747009,2,0.5450923578413618,0.526361279170268,0.5355630907923316,projected,0.5817944394904344
fast_ripple,sub-17,4,bipolar,5.0,37,29,3,441.0,332.0,269.0,45.0,18.0,0.8102409638554217,0.9457831325301205,1.0,1.0,7,0.7142857142857143,0.0,0.0,0.9231472963328425,3,0.7530120481927711,0.5170068027210885,0.6130812171275531,direct,1.0
fast_ripple,sub-17,4,referential,5.0,42,34,0,441.0,99.0,88.0,0.0,11.0,0.8888888888888888,0.8888888888888888,1.0,0.6666666666666666,4,0.75,0.0,0.0,0.7370832515717163,4,0.84,0.29024943310657597,0.431426049273734,projected,0.9316239362467629
fast_ripple,sub-17,4,average,5.0,42,34,0,441.0,299.0,268.0,0.0,31.0,0.8963210702341137,0.8963210702341137,1.0,1.0,3,1.0,1.0,0.0,0.7602458697659513,4,0.6056338028169014,0.5986394557823129,0.6021163179250537,projected,0.9195010916529474
ripple,sub-18,0,bipolar,2.0,25,4,1,1374.0,1204.0,175.0,50.0,979.0,0.14534883720930233,0.18687707641196014,0.0,0.0,5,0.0,0.0,0.0,0.7064485212691283,4,0.5573089700996677,0.41848617176128095,0.4780226655780317,direct,1.0
ripple,sub-18,0,referential,2.0,30,5,0,1374.0,1334.0,221.0,0.0,1113.0,0.1656671664167916,0.1656671664167916,0.0,0.0,3,0.0,0.0,0.0,0.03123966185321582,3,0.3700054734537493,0.40611353711790393,0.38721956176955175,projected,0.5714013059304143
ripple,sub-18,0,average,2.0,30,5,0,1374.0,1423.0,188.0,0.0,1235.0,0.13211524947294448,0.13211524947294448,0.0,0.0,5,0.0,0.0,0.0,0.662249706003378,3,0.44530870199319394,0.529839883551674,0.48391048155351074,projected,0.9337952962718502
fast_ripple,sub-18,0,bipolar,5.0,25,4,1,166.0,17.0,9.0,0.0,8.0,0.5294117647058824,0.5294117647058824,1.0,0.6666666666666666,25,0.16,0.0,0.0,0.5371440988262758,3,0.7647058823529411,0.12048192771084337,0.20816653322658127,direct,1.0
fast_ripple,sub-18,0,referential,5.0,30,5,0,166.0,23.0,7.0,0.0,16.0,0.30434782608695654,0.30434782608695654,0.0,0.3333333333333333,30,0.16666666666666666,0.0,0.0,0.09572829101580457,1,0.29411764705882354,0.09036144578313253,0.1382488479262673,projected,0.6175411115704776
fast_ripple,sub-18,0,average,5.0,30,5,0,166.0,45.0,21.0,0.0,24.0,0.4666666666666667,0.4666666666666667,1.0,0.3333333333333333,5,0.4,0.0,0.0,0.4842972316211242,2,0.33783783783783783,0.1927710843373494,0.24547407180116596,projected,0.8609576510368662
ripple,sub-18,1,bipolar,2.0,25,4,1,981.0,1182.0,153.0,53.0,976.0,0.12944162436548223,0.17428087986463622,0.0,0.3333333333333333,4,0.25,0.0,0.0,0.6965908857072824,3,0.461082910321489,0.45871559633027525,0.45989620691110084,direct,1.0
ripple,sub-18,1,referential,2.0,30,5,0,981.0,1440.0,246.0,0.0,1194.0,0.17083333333333334,0.17083333333333334,0.0,0.0,3,0.0,0.0,0.0,0.03314375134868427,3,0.3141802846599895,0.4780835881753313,0.37917780419962704,projected,0.4076212773091053
ripple,sub-18,1,average,2.0,30,5,0,981.0,1433.0,181.0,0.0,1252.0,0.12630844382414516,0.12630844382414516,0.0,0.0,3,0.0,0.0,0.0,0.7224758278884064,3,0.3567251461988304,0.5902140672782875,0.4446836638338054,projected,0.9226032770561257
fast_ripple,sub-18,1,bipolar,5.0,25,4,1,146.0,32.0,17.0,0.0,15.0,0.53125,0.53125,1.0,0.6666666666666666,6,0.3333333333333333,0.0,0.0,0.6160196318103623,4,0.65625,0.1506849315068493,0.24509283819628647,direct,1.0
fast_ripple,sub-18,1,referential,5.0,30,5,0,146.0,15.0,6.0,0.0,9.0,0.4,0.4,1.0,0.3333333333333333,5,0.2,0.0,0.0,0.45708635795688335,3,0.68,0.11643835616438356,0.19883040935672514,projected,0.9251815165504422
fast_ripple,sub-18,1,average,5.0,30,5,0,146.0,40.0,11.0,0.0,29.0,0.275,0.275,0.0,0.3333333333333333,3,0.3333333333333333,0.0,0.0,0.37999238399800966,3,0.4375,0.21232876712328766,0.2859025032938077,projected,0.8439685072156907
ripple,sub-18,2,bipolar,2.0,25,4,1,1033.0,1219.0,135.0,48.0,1036.0,0.11074651353568499,0.1501230516817063,0.0,0.0,8,0.125,0.0,0.0,0.7812863310295822,4,0.48810500410172275,0.4888673765730881,0.4884858928818189,direct,1.0
ripple,sub-18,2,referential,2.0,30,5,0,1033.0,1498.0,244.0,0.0,1254.0,0.1628838451268358,0.1628838451268358,0.0,0.0,2,0.0,0.0,0.0,0.044647987293432216,3,0.30360721442885774,0.46079380445304935,0.36603908142534647,projected,0.2659989521203949
ripple,sub-18,2,average,2.0,30,5,0,1033.0,1476.0,166.0,0.0,1310.0,0.11246612466124661,0.11246612466124661,0.0,0.0,4,0.0,0.0,0.0,0.7558178423425801,4,0.3768796992481203,0.6147144240077445,0.4672746274107167,projected,0.9364896767639783
fast_ripple,sub-18,2,bipolar,5.0,25,4,1,148.0,47.0,30.0,0.0,17.0,0.6382978723404256,0.6382978723404256,1.0,0.6666666666666666,3,0.6666666666666666,0.0,0.0,0.7333552523657902,5,0.723404255319149,0.25675675675675674,0.3789967732472866,direct,1.0
fast_ripple,sub-18,2,referential,5.0,30,5,0,148.0,26.0,13.0,0.0,13.0,0.5,0.5,1.0,0.3333333333333333,2,0.5,0.0,0.0,0.49098311444898834,2,0.7804878048780488,0.25,0.378698224852071,projected,0.9326529529289482
fast_ripple,sub-18,2,average,5.0,30,5,0,148.0,49.0,25.0,0.0,24.0,0.5102040816326531,0.5102040816326531,1.0,0.3333333333333333,2,0.5,0.0,0.0,0.5119660965169617,2,0.5185185185185185,0.35135135135135137,0.4188722669735328,projected,0.854760768828456
ripple,sub-18,3,bipolar,2.0,25,4,1,1026.0,1151.0,146.0,56.0,949.0,0.1268462206776716,0.17549956559513466,0.0,0.0,3,0.0,0.0,0.0,0.7246970161937366,3,0.5430060816681147,0.5077972709551657,0.5248118131613535,direct,1.0
ripple,sub-18,3,referential,2.0,30,5,0,1026.0,1268.0,188.0,0.0,1080.0,0.14826498422712933,0.14826498422712933,0.0,0.0,2,0.0,0.0,0.0,0.3985734284033323,3,0.37844036697247707,0.4922027290448343,0.42788918273551235,projected,0.5183118346775037
ripple,sub-18,3,average,2.0,30,5,0,1026.0,1471.0,166.0,0.0,1305.0,0.11284840244731476,0.11284840244731476,0.0,0.0,3,0.0,0.0,0.0,0.7985958094266992,3,0.40951061865189287,0.6559454191033138,0.5042284333848583,projected,0.9215952222918772
fast_ripple,sub-18,3,bipolar,5.0,25,4,1,191.0,57.0,48.0,0.0,9.0,0.8421052631578947,0.8421052631578947,1.0,0.6666666666666666,2,1.0,1.0,0.0,0.651879392829356,4,0.8070175438596491,0.2670157068062827,0.4012657145300607,direct,1.0
fast_ripple,sub-18,3,referential,5.0,30,5,0,191.0,21.0,17.0,0.0,4.0,0.8095238095238095,0.8095238095238095,1.0,0.3333333333333333,1,1.0,1.0,1.0,0.46203223000480437,2,0.775,0.18848167539267016,0.3032196712403206,projected,0.9131584023139334
fast_ripple,sub-18,3,average,5.0,30,5,0,191.0,63.0,44.0,0.0,19.0,0.6984126984126984,0.6984126984126984,1.0,0.3333333333333333,1,1.0,1.0,1.0,0.4103091914984412,2,0.6,0.418848167539267,0.4933196300102774,projected,0.9996062216819165
ripple,sub-18,4,bipolar,2.0,25,4,1,951.0,1142.0,195.0,65.0,882.0,0.17075306479859895,0.2276707530647986,1.0,0.3333333333333333,5,0.4,0.0,0.0,0.7589130994656207,3,0.4413309982486865,0.47634069400630913,0.45816802624845726,direct,1.0
ripple,sub-18,4,referential,2.0,30,5,0,951.0,1195.0,177.0,0.0,1018.0,0.14811715481171547,0.14811715481171547,0.0,0.0,2,0.0,0.0,0.0,0.3482724420273711,3,0.31623415811707906,0.4216614090431125,0.3614162942118937,projected,0.5354527938342968
ripple,sub-18,4,average,2.0,30,5,0,951.0,1371.0,198.0,0.0,1173.0,0.14442013129102846,0.14442013129102846,0.0,0.3333333333333333,2,0.0,0.0,0.0,0.7884016028495103,2,0.34658811978399606,0.5741324921135647,0.4322429592152536,projected,0.9435780507719412
fast_ripple,sub-18,4,bipolar,5.0,25,4,1,225.0,85.0,79.0,0.0,6.0,0.9294117647058824,0.9294117647058824,1.0,0.6666666666666666,2,1.0,1.0,0.0,0.6310062235813164,4,0.8823529411764706,0.35555555555555557,0.5068637803590285,direct,1.0
fast_ripple,sub-18,4,referential,5.0,30,5,0,225.0,32.0,28.0,0.0,4.0,0.875,0.875,1.0,0.3333333333333333,1,1.0,1.0,1.0,0.5691942230893855,4,0.8524590163934426,0.24444444444444444,0.3799402191962803,projected,0.9118656887496225
fast_ripple,sub-18,4,average,5.0,30,5,0,225.0,81.0,70.0,0.0,11.0,0.8641975308641975,0.8641975308641975,1.0,0.3333333333333333,1,1.0,1.0,1.0,0.568634337391088,4,0.6842105263157895,0.48444444444444446,0.5672538030424339,projected,0.9118656887496225
ripple,sub-19,0,bipolar,2.0,42,6,2,2162.0,2013.0,202.0,61.0,1750.0,0.10034773969200199,0.13065076999503228,0.0,0.0,6,0.0,0.0,0.0,0.6476291562618113,2,0.5424739195230999,0.4925994449583719,0.5163350943637481,direct,1.0
ripple,sub-19,0,referential,2.0,48,8,0,2162.0,2513.0,429.0,0.0,2084.0,0.17071229606048546,0.17071229606048546,0.0,0.0,2,0.0,0.0,0.0,0.04412565317686784,1,0.2554788351846292,0.3732654949121184,0.30333930435631434,projected,0.51109129563565
ripple,sub-19,0,average,2.0,48,8,0,2162.0,2176.0,300.0,0.0,1876.0,0.13786764705882354,0.13786764705882354,0.0,0.0,3,0.0,0.0,0.0,0.4340562250618619,2,0.38615058965830057,0.5679925994449584,0.4597437359550973,projected,0.7907646178593117
fast_ripple,sub-19,0,bipolar,5.0,42,6,2,509.0,225.0,38.0,0.0,187.0,0.1688888888888889,0.1688888888888889,0.0,0.3333333333333333,2,0.0,0.0,0.0,0.7465312117635766,4,0.7822222222222223,0.39096267190569745,0.5213495188264277,direct,1.0
fast_ripple,sub-19,0,referential,5.0,48,8,0,509.0,209.0,138.0,0.0,71.0,0.6602870813397129,0.6602870813397129,0.0,0.6666666666666666,3,0.6666666666666666,0.0,0.0,0.10538948746558534,1,0.47653429602888087,0.275049115913556,0.3487845387286728,projected,0.580560332138971
fast_ripple,sub-19,0,average,5.0,48,8,0,509.0,342.0,153.0,0.0,189.0,0.4473684210526316,0.4473684210526316,0.0,0.3333333333333333,1,0.0,0.0,1.0,0.39699914696620037,3,0.4422735346358792,0.5579567779960707,0.4934253906563445,projected,0.7410727251847667
ripple,sub-19,1,bipolar,2.0,42,6,2,2288.0,2023.0,210.0,72.0,1741.0,0.10380622837370242,0.1393969352446861,0.0,0.0,6,0.0,0.0,0.0,0.6321084132576406,3,0.5501730103806228,0.48994755244755245,0.518316682684828,direct,1.0
ripple,sub-19,1,referential,2.0,48,8,0,2288.0,2593.0,391.0,0.0,2202.0,0.15079059005013498,0.15079059005013498,0.0,0.0,2,0.0,0.0,0.0,-0.10107844311098871,2,0.2565266742338252,0.3994755244755245,0.3124261715376437,projected,0.5132054076714031
ripple,sub-19,1,average,2.0,48,8,0,2288.0,2254.0,390.0,0.0,1864.0,0.1730257320319432,0.1730257320319432,0.0,0.0,3,0.0,0.0,0.0,0.5066413971066555,2,0.4018719806763285,0.5673076923076923,0.47047017661578283,projected,0.7503853593593962
fast_ripple,sub-19,1,bipolar,5.0,42,6,2,741.0,308.0,94.0,0.0,214.0,0.3051948051948052,0.3051948051948052,1.0,0.3333333333333333,3,0.3333333333333333,0.0,0.0,0.7255372701028329,5,0.8116883116883117,0.3765182186234818,0.5144146735402793,direct,1.0
fast_ripple,sub-19,1,referential,5.0,48,8,0,741.0,346.0,267.0,0.0,79.0,0.7716763005780347,0.7716763005780347,1.0,0.6666666666666666,3,0.6666666666666666,0.0,0.0,0.49121215020616915,3,0.6318289786223278,0.3441295546558704,0.44557431001014913,projected,0.5767364431749267
fast_ripple,sub-19,1,average,5.0,48,8,0,741.0,542.0,300.0,0.0,242.0,0.5535055350553506,0.5535055350553506,0.0,0.6666666666666666,3,0.6666666666666666,0.0,0.0,0.5420388540652962,3,0.5342105263157895,0.601889338731444,0.5660340790802212,projected,0.5639514153483594
ripple,sub-19,2,bipolar,2.0,42,6,2,2836.0,2906.0,421.0,149.0,2336.0,0.14487267721954578,0.1961459050240881,0.0,0.0,7,0.0,0.0,0.0,0.8300425765836983,3,0.5991052993805919,0.5927362482369535,0.5959037561051395,direct,1.0
ripple,sub-19,2,referential,2.0,48,8,0,2836.0,3002.0,570.0,0.0,2432.0,0.189873417721519,0.189873417721519,0.0,0.0,7,0.2857142857142857,0.0,0.0,0.42716275559074995,2,0.3503967238290248,0.45698166431593795,0.3966538623708858,projected,0.742323003179288
ripple,sub-19,2,average,2.0,48,8,0,2836.0,3255.0,608.0,0.0,2647.0,0.18678955453149002,0.18678955453149002,0.0,0.0,9,0.2222222222222222,0.0,0.0,0.6798251770832366,2,0.4673815907059875,0.6879407616361072,0.5566080268994329,projected,0.9061284165781436
fast_ripple,sub-19,2,bipolar,5.0,42,6,2,819.0,465.0,111.0,22.0,332.0,0.23870967741935484,0.2860215053763441,0.0,0.3333333333333333,3,0.3333333333333333,0.0,0.0,0.903294665086083,3,0.7634408602150538,0.4932844932844933,0.5993251219690559,direct,1.0
fast_ripple,sub-19,2,referential,5.0,48,8,0,819.0,332.0,223.0,0.0,109.0,0.6716867469879518,0.6716867469879518,0.0,0.6666666666666666,4,0.75,0.0,0.0,0.5275470189806488,1,0.5229759299781181,0.32844932844932845,0.403490714648826,projected,0.8394005730422798
fast_ripple,sub-19,2,average,5.0,48,8,0,819.0,551.0,260.0,0.0,291.0,0.47186932849364793,0.47186932849364793,0.0,0.6666666666666666,1,0.0,0.0,1.0,0.7048910866414465,3,0.5152198421645998,0.645909645909646,0.5732099119626891,projected,0.9156709564086264
ripple,sub-19,3,bipolar,2.0,42,6,2,2180.0,1995.0,187.0,75.0,1733.0,0.093734335839599,0.13132832080200502,0.0,0.0,7,0.0,0.0,0.0,0.5551365495584809,3,0.5533834586466165,0.5087155963302752,0.5301102469596842,direct,1.0
ripple,sub-19,3,referential,2.0,48,8,0,2180.0,2590.0,344.0,0.0,2246.0,0.13281853281853281,0.13281853281853281,0.0,0.0,3,0.0,0.0,0.0,0.11474743071441394,2,0.26139018691588783,0.4096330275229358,0.31913665973743455,projected,0.5843676963226148
ripple,sub-19,3,average,2.0,48,8,0,2180.0,2040.0,168.0,0.0,1872.0,0.08235294117647059,0.08235294117647059,0.0,0.0,3,0.0,0.0,0.0,0.2709512166059416,2,0.4018661518661519,0.5637614678899082,0.4692422773254229,projected,0.7504766514527362
fast_ripple,sub-19,3,bipolar,5.0,42,6,2,525.0,196.0,1.0,0.0,195.0,0.00510204081632653,0.00510204081632653,0.0,0.0,2,0.0,0.0,0.0,0.7248129394089315,4,0.7806122448979592,0.3657142857142857,0.49807980874386426,direct,1.0
fast_ripple,sub-19,3,referential,5.0,48,8,0,525.0,131.0,10.0,0.0,121.0,0.07633587786259542,0.07633587786259542,0.0,0.3333333333333333,1,0.0,0.0,1.0,0.12220507024617656,3,0.3838383838383838,0.1580952380952381,0.22395001242588844,projected,0.5263260081505021
fast_ripple,sub-19,3,average,5.0,48,8,0,525.0,195.0,15.0,0.0,180.0,0.07692307692307693,0.07692307692307693,0.0,0.0,1,0.0,0.0,1.0,0.5746049321275458,3,0.5761772853185596,0.49142857142857144,0.530439166147733,projected,0.7616327160475344
ripple,sub-19,4,bipolar,2.0,42,6,2,2405.0,2289.0,239.0,97.0,1953.0,0.10441240716470074,0.14678899082568808,0.0,0.0,8,0.0,0.0,0.0,0.5559520112608896,2,0.5709916994320664,0.5101871101871102,0.5388796052647055,direct,1.0
ripple,sub-19,4,referential,2.0,48,8,0,2405.0,3372.0,550.0,0.0,2822.0,0.1631079478054567,0.1631079478054567,0.0,0.0,27,0.14814814814814814,0.0,0.0,-0.08697075840633775,1,0.26308345120226306,0.4261954261954262,0.32533990895943277,projected,0.4312882721178804
ripple,sub-19,4,average,2.0,48,8,0,2405.0,2650.0,283.0,0.0,2367.0,0.10679245283018868,0.10679245283018868,0.0,0.0,5,0.0,0.0,0.0,0.24753578277416477,1,0.42021276595744683,0.5995841995841996,0.4941237196128313,projected,0.7233801084524435
fast_ripple,sub-19,4,bipolar,5.0,42,6,2,568.0,268.0,27.0,8.0,233.0,0.10074626865671642,0.13059701492537312,0.0,0.0,2,0.0,0.0,0.0,0.8121457816605551,4,0.7798507462686567,0.4454225352112676,0.5669969332389715,direct,1.0
fast_ripple,sub-19,4,referential,5.0,48,8,0,568.0,111.0,20.0,0.0,91.0,0.18018018018018017,0.18018018018018017,0.0,0.0,1,0.0,0.0,1.0,0.5876236366194453,3,0.6854460093896714,0.2852112676056338,0.4028134952398794,projected,0.8628538961100145
fast_ripple,sub-19,4,average,5.0,48,8,0,568.0,218.0,23.0,0.0,195.0,0.10550458715596331,0.10550458715596331,0.0,0.0,1,0.0,0.0,1.0,0.5784230126045047,3,0.6650246305418719,0.5633802816901409,0.6099971759390003,projected,0.8738483492814442
ripple,sub-20,0,bipolar,2.0,12,5,4,893.0,639.0,233.0,257.0,149.0,0.3646322378716745,0.7668231611893583,0.0,0.0,4,0.25,0.0,0.0,0.5000000000000001,2,0.7120500782472613,0.4400895856662934,0.5439719397300445,direct,1.0
ripple,sub-20,0,referential,2.0,14,7,0,893.0,692.0,331.0,0.0,361.0,0.47832369942196534,0.47832369942196534,0.0,0.0,14,0.5,0.0,0.0,-0.12624778253536295,1,0.40273037542662116,0.3561030235162374,0.37798416503817717,projected,0.13708281275835973
ripple,sub-20,0,average,2.0,14,7,0,893.0,723.0,323.0,0.0,400.0,0.4467496542185339,0.4467496542185339,0.0,0.3333333333333333,11,0.36363636363636365,0.0,0.0,0.02430952583030648,2,0.541030534351145,0.5543113101903695,0.5475904090466115,projected,0.6000000000000001
fast_ripple,sub-20,0,bipolar,5.0,12,5,4,80.0,22.0,6.0,4.0,12.0,0.2727272727272727,0.45454545454545453,0.0,0.3333333333333333,8,0.375,0.0,0.0,0.45705387863843433,3,0.7272727272727273,0.2375,0.3580683156654888,direct,1.0
fast_ripple,sub-20,0,referential,5.0,14,7,0,80.0,10.0,1.0,0.0,9.0,0.1,0.1,0.0,0.3333333333333333,14,0.5,0.0,0.0,0.4849514831776069,3,0.8333333333333334,0.2,0.3225806451612903,projected,0.6718267931616654
fast_ripple,sub-20,0,average,5.0,14,7,0,80.0,19.0,9.0,0.0,10.0,0.47368421052631576,0.47368421052631576,0.0,0.3333333333333333,5,0.6,0.0,0.0,0.579077731893741,3,0.40540540540540543,0.2,0.26785714285714285,projected,0.9517780938032793
ripple,sub-20,1,bipolar,2.0,12,5,4,845.0,567.0,219.0,214.0,134.0,0.3862433862433862,0.763668430335097,0.0,0.3333333333333333,3,0.3333333333333333,0.0,0.0,0.18133802816901404,1,0.6966490299823633,0.42248520710059173,0.5259849979671537,direct,1.0
ripple,sub-20,1,referential,2.0,14,7,0,845.0,599.0,288.0,0.0,311.0,0.48080133555926546,0.48080133555926546,0.0,0.3333333333333333,14,0.5,0.0,0.0,-0.43550191849868586,0,0.36993464052287583,0.31242603550295855,0.3387569571180811,projected,0.02473513675544686
ripple,sub-20,1,average,2.0,14,7,0,845.0,693.0,290.0,0.0,403.0,0.4184704184704185,0.4184704184704185,0.0,0.0,5,0.0,0.0,0.0,0.008800885413611155,1,0.5419479267116682,0.5609467455621302,0.5512836962505225,projected,0.3789497011441521
fast_ripple,sub-20,1,bipolar,5.0,12,5,4,79.0,13.0,3.0,4.0,6.0,0.23076923076923078,0.5384615384615384,0.0,0.3333333333333333,12,0.4166666666666667,0.0,0.0,0.8451173476233338,5,1.0,0.189873417721519,0.3191489361702127,direct,1.0
fast_ripple,sub-20,1,referential,5.0,14,7,0,79.0,8.0,3.0,0.0,5.0,0.375,0.375,0.0,0.3333333333333333,14,0.5,0.0,0.0,0.7180852755154419,4,1.0,0.21518987341772153,0.3541666666666667,projected,0.8791399887595533
fast_ripple,sub-20,1,average,5.0,14,7,0,79.0,13.0,5.0,0.0,8.0,0.38461538461538464,0.38461538461538464,0.0,0.3333333333333333,4,0.5,0.0,0.0,0.7324296566704842,4,0.7916666666666666,0.24050632911392406,0.36893203883495146,projected,0.8467231542024574
ripple,sub-20,2,bipolar,2.0,12,5,4,846.0,588.0,208.0,224.0,156.0,0.35374149659863946,0.7346938775510204,0.0,0.0,7,0.14285714285714285,0.0,0.0,0.5314685314685316,3,0.6836734693877551,0.4231678486997636,0.5227644225530153,direct,1.0
ripple,sub-20,2,referential,2.0,14,7,0,846.0,668.0,319.0,0.0,349.0,0.47754491017964074,0.47754491017964074,0.0,0.0,14,0.5,0.0,0.0,0.11479140575671778,2,0.3703271028037383,0.34515366430260047,0.3572975330705956,projected,0.36620626390607935
ripple,sub-20,2,average,2.0,14,7,0,846.0,708.0,262.0,0.0,446.0,0.3700564971751412,0.3700564971751412,0.0,0.0,7,0.14285714285714285,0.0,0.0,0.0792079687225004,1,0.555229716520039,0.5591016548463357,0.5571589588213275,projected,0.7986001739057148
fast_ripple,sub-20,2,bipolar,5.0,12,5,4,53.0,12.0,4.0,2.0,6.0,0.3333333333333333,0.5,0.0,0.3333333333333333,12,0.4166666666666667,0.0,0.0,0.5218295779677539,4,0.8333333333333334,0.18867924528301888,0.3076923076923077,direct,1.0
fast_ripple,sub-20,2,referential,5.0,14,7,0,53.0,8.0,3.0,0.0,5.0,0.375,0.375,0.0,0.3333333333333333,14,0.5,0.0,0.0,0.768966955039373,4,0.8666666666666667,0.24528301886792453,0.3823529411764706,projected,0.9577484175665397
fast_ripple,sub-20,2,average,5.0,14,7,0,53.0,13.0,4.0,0.0,9.0,0.3076923076923077,0.3076923076923077,0.0,0.3333333333333333,6,0.3333333333333333,0.0,0.0,0.612266012747956,3,0.6666666666666666,0.32075471698113206,0.4331210191082802,projected,0.7957586901057884
ripple,sub-20,3,bipolar,2.0,12,5,4,881.0,641.0,237.0,232.0,172.0,0.36973478939157567,0.7316692667706708,0.0,0.0,9,0.2222222222222222,0.0,0.0,0.16520440517847987,2,0.7098283931357254,0.4540295119182747,0.5538185331416269,direct,1.0
ripple,sub-20,3,referential,2.0,14,7,0,881.0,695.0,337.0,0.0,358.0,0.4848920863309353,0.4848920863309353,1.0,0.3333333333333333,14,0.5,0.0,0.0,-0.17420161443022358,1,0.3995560488346282,0.36435868331441545,0.3811465068991278,projected,0.3833922261484099
ripple,sub-20,3,average,2.0,14,7,0,881.0,733.0,316.0,0.0,417.0,0.4311050477489768,0.4311050477489768,0.0,0.0,4,0.0,0.0,0.0,-0.2134214712800705,1,0.536150234741784,0.5675368898978433,0.5513972754601173,projected,0.46655218801846204
fast_ripple,sub-20,3,bipolar,5.0,12,5,4,84.0,14.0,4.0,4.0,6.0,0.2857142857142857,0.5714285714285714,0.0,0.3333333333333333,12,0.4166666666666667,0.0,0.0,0.5410287117201963,3,0.7857142857142857,0.14285714285714285,0.24175824175824173,direct,1.0
fast_ripple,sub-20,3,referential,5.0,14,7,0,84.0,8.0,2.0,0.0,6.0,0.25,0.25,0.0,0.3333333333333333,14,0.5,0.0,0.0,0.6757038946525377,4,0.8666666666666667,0.16666666666666666,0.2795698924731182,projected,0.7251461730875524
fast_ripple,sub-20,3,average,5.0,14,7,0,84.0,16.0,7.0,0.0,9.0,0.4375,0.4375,0.0,0.3333333333333333,14,0.5,0.0,0.0,0.4503210552116671,3,0.6774193548387096,0.2976190476190476,0.4135486411973218,projected,0.8750205252108261
ripple,sub-20,4,bipolar,2.0,12,5,4,896.0,590.0,246.0,203.0,141.0,0.41694915254237286,0.7610169491525424,0.0,0.3333333333333333,12,0.4166666666666667,0.0,0.0,-0.06349453230774381,3,0.7,0.4174107142857143,0.5229724330803037,direct,1.0
ripple,sub-20,4,referential,2.0,14,7,0,896.0,666.0,349.0,0.0,317.0,0.524024024024024,0.524024024024024,0.0,0.6666666666666666,13,0.5384615384615384,0.0,0.0,-0.2998913868672203,1,0.37126436781609196,0.3236607142857143,0.3458320718911295,projected,0.21593224748049988
ripple,sub-20,4,average,2.0,14,7,0,896.0,689.0,319.0,0.0,370.0,0.4629898403483309,0.4629898403483309,0.0,0.0,8,0.5,0.0,0.0,-0.23646769740700718,2,0.539,0.5301339285714286,0.5345302021830087,projected,0.6554934011308894
fast_ripple,sub-20,4,bipolar,5.0,12,5,4,86.0,18.0,0.0,0.0,18.0,0.0,0.0,0.0,0.0,3,0.0,0.0,0.0,0.7263320112742305,3,1.0,0.22093023255813954,0.36190476190476195,direct,1.0
fast_ripple,sub-20,4,referential,5.0,14,7,0,86.0,12.0,0.0,0.0,12.0,0.0,0.0,0.0,0.0,3,0.0,0.0,0.0,0.3459525896726987,3,0.9523809523809523,0.22093023255813954,0.3586597451628126,projected,0.8873549120132189
fast_ripple,sub-20,4,average,5.0,14,7,0,86.0,22.0,2.0,0.0,20.0,0.09090909090909091,0.09090909090909091,0.0,0.0,3,0.0,0.0,0.0,0.03184801680612074,2,0.7692307692307693,0.3372093023255814,0.4688763136620856,projected,0.7661051767862503
