share_in_rz,share_in_rz_incl_partial,band,subject,window,survey_sd,n_events_survey,n_tied,rule,stricter_x,top_channel_resected,top3_resected,tied_set_argmax_resected,score_mass,score_mass_resected,score_mass_partial,score_mass_spared,n_candidates,candidates_resected,candidates_all_resected,leader_alone,n_demoted,mean_robustness,reordered
0.9090909090909091,0.9090909090909091,fast_ripple,sub-01,0,5.0,22.0,2,plain,,1.0,1.0,1.0,22.0,20.0,0.0,2.0,2.0,1.0,1.0,0.0,,,
0.875,0.875,fast_ripple,sub-01,0,5.0,22.0,2,multiplied,1.25,1.0,0.6666666666666666,1.0,16.0,14.0,0.0,2.0,,,,,3.0,0.931995540691193,0.0
0.8461538461538461,0.8461538461538461,fast_ripple,sub-01,0,5.0,22.0,2,multiplied,1.5,1.0,0.6666666666666666,1.0,13.0,11.0,0.0,2.0,,,,,3.0,0.9219620958751394,0.0
0.8333333333333334,0.8333333333333334,fast_ripple,sub-01,0,5.0,22.0,2,multiplied,2.0,1.0,0.6666666666666666,1.0,6.0,5.0,0.0,1.0,,,,,4.0,0.850613154960981,0.0
0.5050505050505051,0.5050505050505051,ripple,sub-01,0,2.0,891.0,2,plain,,1.0,0.6666666666666666,1.0,891.0,450.0,0.0,441.0,2.0,1.0,1.0,0.0,,,
0.5821596244131455,0.5821596244131455,ripple,sub-01,0,2.0,891.0,2,multiplied,1.25,1.0,1.0,1.0,639.0,372.0,0.0,267.0,,,,,23.0,0.679804110315971,1.0
0.6914893617021277,0.6914893617021277,ripple,sub-01,0,2.0,891.0,2,multiplied,1.5,1.0,1.0,1.0,470.0,325.0,0.0,145.0,,,,,23.0,0.4497835547822385,1.0
0.8111455108359134,0.8111455108359134,ripple,sub-01,0,2.0,891.0,2,multiplied,2.0,1.0,1.0,1.0,323.0,262.0,0.0,61.0,,,,,23.0,0.28413712851135997,1.0
0.9523809523809523,0.9523809523809523,fast_ripple,sub-01,1,5.0,21.0,3,plain,,1.0,1.0,1.0,21.0,20.0,0.0,1.0,3.0,1.0,1.0,0.0,,,
0.9230769230769231,0.9230769230769231,fast_ripple,sub-01,1,5.0,21.0,3,multiplied,1.25,1.0,0.6666666666666666,1.0,13.0,12.0,0.0,1.0,,,,,5.0,0.8471673254281948,0.0
1.0,1.0,fast_ripple,sub-01,1,5.0,21.0,3,multiplied,1.5,1.0,1.0,1.0,9.0,9.0,0.0,0.0,,,,,7.0,0.7312252964426879,0.0
1.0,1.0,fast_ripple,sub-01,1,5.0,21.0,3,multiplied,2.0,1.0,1.0,1.0,3.0,3.0,0.0,0.0,,,,,7.0,0.7075098814229249,0.0
0.4850498338870432,0.4850498338870432,ripple,sub-01,1,2.0,903.0,2,plain,,1.0,1.0,1.0,903.0,438.0,0.0,465.0,2.0,1.0,1.0,0.0,,,
0.5457317073170732,0.5457317073170732,ripple,sub-01,1,2.0,903.0,2,multiplied,1.25,1.0,1.0,1.0,656.0,358.0,0.0,298.0,,,,,23.0,0.6719440217433565,0.0
0.6137787056367432,0.6137787056367432,ripple,sub-01,1,2.0,903.0,2,multiplied,1.5,1.0,1.0,1.0,479.0,294.0,0.0,185.0,,,,,23.0,0.4568349747542525,0.0
0.7491638795986622,0.7491638795986622,ripple,sub-01,1,2.0,903.0,2,multiplied,2.0,1.0,1.0,1.0,299.0,224.0,0.0,75.0,,,,,23.0,0.26648228171840765,0.0
0.9473684210526315,0.9473684210526315,fast_ripple,sub-01,2,5.0,19.0,3,plain,,1.0,1.0,1.0,19.0,18.0,0.0,1.0,3.0,1.0,1.0,0.0,,,
1.0,1.0,fast_ripple,sub-01,2,5.0,19.0,3,multiplied,1.25,1.0,1.0,1.0,16.0,16.0,0.0,0.0,,,,,2.0,0.9130434782608695,0.0
1.0,1.0,fast_ripple,sub-01,2,5.0,19.0,3,multiplied,1.5,1.0,1.0,1.0,13.0,13.0,0.0,0.0,,,,,5.0,0.8547430830039526,0.0
1.0,1.0,fast_ripple,sub-01,2,5.0,19.0,3,multiplied,2.0,1.0,1.0,1.0,9.0,9.0,0.0,0.0,,,,,5.0,0.8389328063241107,0.0
0.473224043715847,0.473224043715847,ripple,sub-01,2,2.0,915.0,4,plain,,1.0,0.6666666666666666,1.0,915.0,433.0,0.0,482.0,4.0,0.5,0.0,0.0,,,
0.5350877192982456,0.5350877192982456,ripple,sub-01,2,2.0,915.0,4,multiplied,1.25,1.0,0.6666666666666666,1.0,684.0,366.0,0.0,318.0,,,,,23.0,0.6971620613162038,0.0
0.6153846153846154,0.6153846153846154,ripple,sub-01,2,2.0,915.0,4,multiplied,1.5,1.0,0.6666666666666666,1.0,494.0,304.0,0.0,190.0,,,,,23.0,0.47416432969410477,0.0
0.7192429022082019,0.7192429022082019,ripple,sub-01,2,2.0,915.0,4,multiplied,2.0,1.0,1.0,1.0,317.0,228.0,0.0,89.0,,,,,23.0,0.2840089052914526,0.0
1.0,1.0,fast_ripple,sub-01,3,5.0,22.0,2,plain,,1.0,1.0,1.0,22.0,22.0,0.0,0.0,2.0,1.0,1.0,0.0,,,
1.0,1.0,fast_ripple,sub-01,3,5.0,22.0,2,multiplied,1.25,1.0,1.0,1.0,11.0,11.0,0.0,0.0,,,,,5.0,0.8455964325529542,0.0
1.0,1.0,fast_ripple,sub-01,3,5.0,22.0,2,multiplied,1.5,1.0,1.0,1.0,10.0,10.0,0.0,0.0,,,,,6.0,0.8021181716833891,0.0
1.0,1.0,fast_ripple,sub-01,3,5.0,22.0,2,multiplied,2.0,1.0,1.0,1.0,3.0,3.0,0.0,0.0,,,,,6.0,0.7675585284280936,0.0
0.46136363636363636,0.46136363636363636,ripple,sub-01,3,2.0,880.0,4,plain,,1.0,0.6666666666666666,1.0,880.0,406.0,0.0,474.0,4.0,0.75,0.0,0.0,,,
0.535303776683087,0.535303776683087,ripple,sub-01,3,2.0,880.0,4,multiplied,1.25,1.0,0.6666666666666666,1.0,609.0,326.0,0.0,283.0,,,,,23.0,0.6395391015757317,0.0
0.6172043010752688,0.6172043010752688,ripple,sub-01,3,2.0,880.0,4,multiplied,1.5,1.0,0.6666666666666666,1.0,465.0,287.0,0.0,178.0,,,,,23.0,0.45762260182136655,0.0
0.7320872274143302,0.7320872274143302,ripple,sub-01,3,2.0,880.0,4,multiplied,2.0,1.0,1.0,1.0,321.0,235.0,0.0,86.0,,,,,23.0,0.30385425470567884,0.0
0.95,0.95,fast_ripple,sub-01,4,5.0,20.0,1,plain,,1.0,1.0,1.0,20.0,19.0,0.0,1.0,1.0,1.0,1.0,1.0,,,
1.0,1.0,fast_ripple,sub-01,4,5.0,20.0,1,multiplied,1.25,1.0,1.0,1.0,13.0,13.0,0.0,0.0,,,,,5.0,0.8188405797101449,0.0
1.0,1.0,fast_ripple,sub-01,4,5.0,20.0,1,multiplied,1.5,1.0,1.0,1.0,7.0,7.0,0.0,0.0,,,,,7.0,0.7391304347826086,0.0
1.0,1.0,fast_ripple,sub-01,4,5.0,20.0,1,multiplied,2.0,1.0,1.0,1.0,5.0,5.0,0.0,0.0,,,,,7.0,0.7318840579710146,0.0
0.4746450304259635,0.4746450304259635,ripple,sub-01,4,2.0,986.0,6,plain,,1.0,1.0,1.0,986.0,468.0,0.0,518.0,6.0,0.6666666666666666,0.0,0.0,,,
0.5485175202156334,0.5485175202156334,ripple,sub-01,4,2.0,986.0,6,multiplied,1.25,1.0,1.0,1.0,742.0,407.0,0.0,335.0,,,,,23.0,0.698031258698332,0.0
0.6132404181184669,0.6132404181184669,ripple,sub-01,4,2.0,986.0,6,multiplied,1.5,1.0,1.0,1.0,574.0,352.0,0.0,222.0,,,,,23.0,0.5130817149297017,0.0
0.746268656716418,0.746268656716418,ripple,sub-01,4,2.0,986.0,6,multiplied,2.0,1.0,1.0,1.0,402.0,300.0,0.0,102.0,,,,,23.0,0.33998100581833435,0.0
1.0,1.0,fast_ripple,sub-02,0,5.0,1.0,6,plain,,1.0,0.3333333333333333,1.0,1.0,1.0,0.0,0.0,6.0,0.5,0.0,0.0,,,
1.0,1.0,fast_ripple,sub-02,0,5.0,1.0,6,multiplied,1.25,1.0,0.3333333333333333,1.0,1.0,1.0,0.0,0.0,,,,,0.0,1.0,0.0
,,fast_ripple,sub-02,0,5.0,1.0,6,multiplied,1.5,,,1.0,0.0,0.0,0.0,0.0,,,,,1.0,0.8333333333333334,1.0
,,fast_ripple,sub-02,0,5.0,1.0,6,multiplied,2.0,,,1.0,0.0,0.0,0.0,0.0,,,,,1.0,0.8333333333333334,1.0
0.7370892018779343,0.7370892018779343,ripple,sub-02,0,2.0,213.0,1,plain,,1.0,0.6666666666666666,1.0,213.0,157.0,0.0,56.0,1.0,1.0,1.0,1.0,,,
0.7837837837837838,0.7837837837837838,ripple,sub-02,0,2.0,213.0,1,multiplied,1.25,1.0,0.6666666666666666,1.0,148.0,116.0,0.0,32.0,,,,,6.0,0.5803084261417594,0.0
0.8035714285714286,0.8035714285714286,ripple,sub-02,0,2.0,213.0,1,multiplied,1.5,1.0,0.6666666666666666,1.0,112.0,90.0,0.0,22.0,,,,,6.0,0.4026353276353276,0.0
0.8833333333333333,0.8833333333333333,ripple,sub-02,0,2.0,213.0,1,multiplied,2.0,1.0,0.6666666666666666,1.0,60.0,53.0,0.0,7.0,,,,,6.0,0.15467981092981092,0.0
,,fast_ripple,sub-02,1,5.0,0.0,0,plain,,,,,0.0,0.0,0.0,0.0,0.0,,,,,,
,,fast_ripple,sub-02,1,5.0,0.0,0,multiplied,1.25,,,,0.0,0.0,0.0,0.0,,,,,0.0,1.0,0.0
,,fast_ripple,sub-02,1,5.0,0.0,0,multiplied,1.5,,,,0.0,0.0,0.0,0.0,,,,,0.0,1.0,0.0
,,fast_ripple,sub-02,1,5.0,0.0,0,multiplied,2.0,,,,0.0,0.0,0.0,0.0,,,,,0.0,1.0,0.0
0.7702127659574468,0.7702127659574468,ripple,sub-02,1,2.0,235.0,1,plain,,1.0,0.6666666666666666,1.0,235.0,181.0,0.0,54.0,1.0,1.0,1.0,1.0,,,
0.8034682080924855,0.8034682080924855,ripple,sub-02,1,2.0,235.0,1,multiplied,1.25,1.0,0.6666666666666666,1.0,173.0,139.0,0.0,34.0,,,,,6.0,0.6403853910331901,0.0
0.8346456692913385,0.8346456692913385,ripple,sub-02,1,2.0,235.0,1,multiplied,1.5,1.0,0.6666666666666666,1.0,127.0,106.0,0.0,21.0,,,,,6.0,0.4386723283724418,0.0
0.8202247191011236,0.8202247191011236,ripple,sub-02,1,2.0,235.0,1,multiplied,2.0,1.0,0.6666666666666666,1.0,89.0,73.0,0.0,16.0,,,,,6.0,0.3041506388284459,0.0
,,fast_ripple,sub-02,2,5.0,0.0,0,plain,,,,,0.0,0.0,0.0,0.0,0.0,,,,,,
,,fast_ripple,sub-02,2,5.0,0.0,0,multiplied,1.25,,,,0.0,0.0,0.0,0.0,,,,,0.0,1.0,0.0
,,fast_ripple,sub-02,2,5.0,0.0,0,multiplied,1.5,,,,0.0,0.0,0.0,0.0,,,,,0.0,1.0,0.0
,,fast_ripple,sub-02,2,5.0,0.0,0,multiplied,2.0,,,,0.0,0.0,0.0,0.0,,,,,0.0,1.0,0.0
0.7415254237288136,0.7415254237288136,ripple,sub-02,2,2.0,236.0,1,plain,,1.0,0.6666666666666666,1.0,236.0,175.0,0.0,61.0,1.0,1.0,1.0,1.0,,,
0.8121212121212121,0.8121212121212121,ripple,sub-02,2,2.0,236.0,1,multiplied,1.25,1.0,0.6666666666666666,1.0,165.0,134.0,0.0,31.0,,,,,6.0,0.5603322790427719,0.0
0.8211382113821138,0.8211382113821138,ripple,sub-02,2,2.0,236.0,1,multiplied,1.5,1.0,0.6666666666666666,1.0,123.0,101.0,0.0,22.0,,,,,6.0,0.41314567578790085,0.0
0.8571428571428571,0.8571428571428571,ripple,sub-02,2,2.0,236.0,1,multiplied,2.0,1.0,0.6666666666666666,1.0,70.0,60.0,0.0,10.0,,,,,6.0,0.20243883802670148,0.0
1.0,1.0,fast_ripple,sub-02,3,5.0,5.0,6,plain,,1.0,0.3333333333333333,1.0,5.0,5.0,0.0,0.0,6.0,0.5,0.0,0.0,,,
1.0,1.0,fast_ripple,sub-02,3,5.0,5.0,6,multiplied,1.25,1.0,0.3333333333333333,1.0,1.0,1.0,0.0,0.0,,,,,1.0,0.8666666666666667,0.0
1.0,1.0,fast_ripple,sub-02,3,5.0,5.0,6,multiplied,1.5,1.0,0.3333333333333333,1.0,1.0,1.0,0.0,0.0,,,,,1.0,0.8666666666666667,0.0
,,fast_ripple,sub-02,3,5.0,5.0,6,multiplied,2.0,,,1.0,0.0,0.0,0.0,0.0,,,,,1.0,0.8333333333333334,1.0
0.8018433179723502,0.8018433179723502,ripple,sub-02,3,2.0,217.0,1,plain,,1.0,0.6666666666666666,1.0,217.0,174.0,0.0,43.0,1.0,1.0,1.0,1.0,,,
0.8630952380952381,0.8630952380952381,ripple,sub-02,3,2.0,217.0,1,multiplied,1.25,1.0,0.6666666666666666,1.0,168.0,145.0,0.0,23.0,,,,,6.0,0.6655479510742669,0.0
0.8861788617886179,0.8861788617886179,ripple,sub-02,3,2.0,217.0,1,multiplied,1.5,1.0,0.6666666666666666,1.0,123.0,109.0,0.0,14.0,,,,,6.0,0.44500942527258314,0.0
0.8734177215189873,0.8734177215189873,ripple,sub-02,3,2.0,217.0,1,multiplied,2.0,1.0,0.6666666666666666,1.0,79.0,69.0,0.0,10.0,,,,,6.0,0.2744537626116573,0.0
,,fast_ripple,sub-02,4,5.0,0.0,0,plain,,,,,0.0,0.0,0.0,0.0,0.0,,,,,,
,,fast_ripple,sub-02,4,5.0,0.0,0,multiplied,1.25,,,,0.0,0.0,0.0,0.0,,,,,0.0,1.0,0.0
,,fast_ripple,sub-02,4,5.0,0.0,0,multiplied,1.5,,,,0.0,0.0,0.0,0.0,,,,,0.0,1.0,0.0
,,fast_ripple,sub-02,4,5.0,0.0,0,multiplied,2.0,,,,0.0,0.0,0.0,0.0,,,,,0.0,1.0,0.0
0.7906976744186046,0.7906976744186046,ripple,sub-02,4,2.0,215.0,1,plain,,1.0,0.6666666666666666,1.0,215.0,170.0,0.0,45.0,1.0,1.0,1.0,1.0,,,
0.8116883116883117,0.8116883116883117,ripple,sub-02,4,2.0,215.0,1,multiplied,1.25,1.0,0.6666666666666666,1.0,154.0,125.0,0.0,29.0,,,,,6.0,0.6157877956488543,0.0
0.8108108108108109,0.8108108108108109,ripple,sub-02,4,2.0,215.0,1,multiplied,1.5,1.0,0.6666666666666666,1.0,111.0,90.0,0.0,21.0,,,,,6.0,0.4122951048911934,0.0
0.8732394366197183,0.8732394366197183,ripple,sub-02,4,2.0,215.0,1,multiplied,2.0,1.0,0.6666666666666666,1.0,71.0,62.0,0.0,9.0,,,,,6.0,0.2042441709246814,0.0
0.32051282051282054,0.32051282051282054,fast_ripple,sub-03,0,5.0,78.0,2,plain,,0.0,0.3333333333333333,0.0,78.0,25.0,0.0,53.0,2.0,0.0,0.0,0.0,,,
0.34,0.34,fast_ripple,sub-03,0,5.0,78.0,2,multiplied,1.25,0.0,0.3333333333333333,0.0,50.0,17.0,0.0,33.0,,,,,6.0,0.8357263107263108,0.0
0.3142857142857143,0.3142857142857143,fast_ripple,sub-03,0,5.0,78.0,2,multiplied,1.5,0.0,0.3333333333333333,0.0,35.0,11.0,0.0,24.0,,,,,6.0,0.7496031746031746,0.0
0.38095238095238093,0.38095238095238093,fast_ripple,sub-03,0,5.0,78.0,2,multiplied,2.0,0.0,0.6666666666666666,0.0,21.0,8.0,0.0,13.0,,,,,6.0,0.6948472823472823,0.0
0.4857142857142857,0.4857142857142857,ripple,sub-03,0,2.0,455.0,3,plain,,0.0,0.0,0.0,455.0,221.0,0.0,234.0,3.0,0.0,0.0,0.0,,,
0.46557377049180326,0.46557377049180326,ripple,sub-03,0,2.0,455.0,3,multiplied,1.25,0.0,0.3333333333333333,0.0,305.0,142.0,0.0,163.0,,,,,15.0,0.5110607146156028,0.0
0.5130890052356021,0.5130890052356021,ripple,sub-03,0,2.0,455.0,3,multiplied,1.5,1.0,0.3333333333333333,0.0,191.0,98.0,0.0,93.0,,,,,15.0,0.2807030246768374,1.0
0.574468085106383,0.574468085106383,ripple,sub-03,0,2.0,455.0,3,multiplied,2.0,1.0,0.6666666666666666,0.0,94.0,54.0,0.0,40.0,,,,,15.0,0.1170295104069575,1.0
0.4805194805194805,0.4805194805194805,fast_ripple,sub-03,1,5.0,77.0,6,plain,,0.0,0.3333333333333333,0.0,77.0,37.0,0.0,40.0,6.0,0.5,0.0,0.0,,,
0.45454545454545453,0.45454545454545453,fast_ripple,sub-03,1,5.0,77.0,6,multiplied,1.25,0.0,0.3333333333333333,0.0,55.0,25.0,0.0,30.0,,,,,6.0,0.8781537176274018,0.0
0.3225806451612903,0.3225806451612903,fast_ripple,sub-03,1,5.0,77.0,6,multiplied,1.5,0.0,0.3333333333333333,0.0,31.0,10.0,0.0,21.0,,,,,6.0,0.7555137844611528,0.0
0.25,0.25,fast_ripple,sub-03,1,5.0,77.0,6,multiplied,2.0,0.0,0.3333333333333333,0.0,16.0,4.0,0.0,12.0,,,,,6.0,0.6695210247841827,0.0
0.5284872298624754,0.5284872298624754,ripple,sub-03,1,2.0,509.0,4,plain,,0.0,0.3333333333333333,0.0,509.0,269.0,0.0,240.0,4.0,0.25,0.0,0.0,,,
0.4937888198757764,0.4937888198757764,ripple,sub-03,1,2.0,509.0,4,multiplied,1.25,0.0,0.3333333333333333,0.0,322.0,159.0,0.0,163.0,,,,,15.0,0.4959117030965256,0.0
0.5518867924528302,0.5518867924528302,ripple,sub-03,1,2.0,509.0,4,multiplied,1.5,1.0,0.3333333333333333,1.0,212.0,117.0,0.0,95.0,,,,,15.0,0.29791389504975796,1.0
0.6724137931034483,0.6724137931034483,ripple,sub-03,1,2.0,509.0,4,multiplied,2.0,1.0,1.0,1.0,116.0,78.0,0.0,38.0,,,,,15.0,0.14487919180697642,1.0
0.25925925925925924,0.25925925925925924,fast_ripple,sub-03,2,5.0,54.0,3,plain,,0.0,0.3333333333333333,0.0,54.0,14.0,0.0,40.0,3.0,0.3333333333333333,0.0,0.0,,,
0.3,0.3,fast_ripple,sub-03,2,5.0,54.0,3,multiplied,1.25,0.0,0.3333333333333333,0.0,40.0,12.0,0.0,28.0,,,,,4.0,0.9198653198653198,0.0
0.23076923076923078,0.23076923076923078,fast_ripple,sub-03,2,5.0,54.0,3,multiplied,1.5,0.0,0.3333333333333333,0.0,26.0,6.0,0.0,20.0,,,,,5.0,0.8431577681577681,0.0
0.13333333333333333,0.13333333333333333,fast_ripple,sub-03,2,5.0,54.0,3,multiplied,2.0,0.0,0.0,0.0,15.0,2.0,0.0,13.0,,,,,5.0,0.7557720057720058,0.0
0.48558758314855877,0.48558758314855877,ripple,sub-03,2,2.0,451.0,4,plain,,0.0,0.3333333333333333,0.0,451.0,219.0,0.0,232.0,4.0,0.25,0.0,0.0,,,
0.49491525423728816,0.49491525423728816,ripple,sub-03,2,2.0,451.0,4,multiplied,1.25,0.0,0.3333333333333333,0.0,295.0,146.0,0.0,149.0,,,,,15.0,0.5206714203700501,0.0
0.5,0.5,ripple,sub-03,2,2.0,451.0,4,multiplied,1.5,1.0,0.3333333333333333,1.0,180.0,90.0,0.0,90.0,,,,,15.0,0.24850406866934482,1.0
0.5714285714285714,0.5714285714285714,ripple,sub-03,2,2.0,451.0,4,multiplied,2.0,1.0,0.6666666666666666,1.0,84.0,48.0,0.0,36.0,,,,,15.0,0.10153635864182212,1.0
0.323943661971831,0.323943661971831,fast_ripple,sub-03,3,5.0,71.0,1,plain,,0.0,0.3333333333333333,0.0,71.0,23.0,0.0,48.0,1.0,0.0,0.0,1.0,,,
0.3404255319148936,0.3404255319148936,fast_ripple,sub-03,3,5.0,71.0,1,multiplied,1.25,0.0,0.3333333333333333,0.0,47.0,16.0,0.0,31.0,,,,,6.0,0.8356565656565657,0.0
0.3333333333333333,0.3333333333333333,fast_ripple,sub-03,3,5.0,71.0,1,multiplied,1.5,0.0,0.3333333333333333,0.0,30.0,10.0,0.0,20.0,,,,,6.0,0.7547474747474747,0.0
0.4375,0.4375,fast_ripple,sub-03,3,5.0,71.0,1,multiplied,2.0,0.0,0.6666666666666666,0.0,16.0,7.0,0.0,9.0,,,,,6.0,0.6853535353535354,0.0
0.5188470066518847,0.5188470066518847,ripple,sub-03,3,2.0,451.0,4,plain,,0.0,0.0,0.0,451.0,234.0,0.0,217.0,4.0,0.25,0.0,0.0,,,
0.5243055555555556,0.5243055555555556,ripple,sub-03,3,2.0,451.0,4,multiplied,1.25,0.0,0.3333333333333333,0.0,288.0,151.0,0.0,137.0,,,,,15.0,0.5189279348102878,0.0
0.5489130434782609,0.5489130434782609,ripple,sub-03,3,2.0,451.0,4,multiplied,1.5,0.0,0.6666666666666666,0.0,184.0,101.0,0.0,83.0,,,,,15.0,0.3078016047133694,1.0
0.64,0.64,ripple,sub-03,3,2.0,451.0,4,multiplied,2.0,1.0,1.0,1.0,100.0,64.0,0.0,36.0,,,,,15.0,0.1515109563638975,1.0
0.43333333333333335,0.43333333333333335,fast_ripple,sub-03,4,5.0,60.0,4,plain,,1.0,0.3333333333333333,0.0,60.0,26.0,0.0,34.0,4.0,0.25,0.0,0.0,,,
0.3611111111111111,0.3611111111111111,fast_ripple,sub-03,4,5.0,60.0,4,multiplied,1.25,0.0,0.3333333333333333,0.0,36.0,13.0,0.0,23.0,,,,,6.0,0.8080896686159844,0.0
0.3448275862068966,0.3448275862068966,fast_ripple,sub-03,4,5.0,60.0,4,multiplied,1.5,0.0,0.3333333333333333,0.0,29.0,10.0,0.0,19.0,,,,,6.0,0.7572124756335282,0.0
0.4,0.4,fast_ripple,sub-03,4,5.0,60.0,4,multiplied,2.0,0.0,0.3333333333333333,0.0,15.0,6.0,0.0,9.0,,,,,6.0,0.6774853801169591,0.0
0.5338809034907598,0.5338809034907598,ripple,sub-03,4,2.0,487.0,4,plain,,0.0,0.3333333333333333,0.0,487.0,260.0,0.0,227.0,4.0,0.25,0.0,0.0,,,
0.5154320987654321,0.5154320987654321,ripple,sub-03,4,2.0,487.0,4,multiplied,1.25,0.0,0.3333333333333333,0.0,324.0,167.0,0.0,157.0,,,,,15.0,0.5656240058212341,0.0
0.5377358490566038,0.5377358490566038,ripple,sub-03,4,2.0,487.0,4,multiplied,1.5,0.0,0.6666666666666666,0.0,212.0,114.0,0.0,98.0,,,,,15.0,0.31698113739691564,0.0
0.5955882352941176,0.5955882352941176,ripple,sub-03,4,2.0,487.0,4,multiplied,2.0,1.0,0.6666666666666666,0.0,136.0,81.0,0.0,55.0,,,,,15.0,0.19390919551900362,1.0
0.7241379310344828,0.7241379310344828,fast_ripple,sub-04,0,5.0,29.0,9,plain,,1.0,0.6666666666666666,1.0,29.0,21.0,0.0,8.0,9.0,0.6666666666666666,0.0,0.0,,,
0.8181818181818182,0.8181818181818182,fast_ripple,sub-04,0,5.0,29.0,9,multiplied,1.25,1.0,1.0,1.0,22.0,18.0,0.0,4.0,,,,,5.0,0.8979166666666666,1.0
0.875,0.875,fast_ripple,sub-04,0,5.0,29.0,9,multiplied,1.5,1.0,1.0,1.0,16.0,14.0,0.0,2.0,,,,,7.0,0.8354166666666667,1.0
1.0,1.0,fast_ripple,sub-04,0,5.0,29.0,9,multiplied,2.0,1.0,1.0,1.0,10.0,10.0,0.0,0.0,,,,,9.0,0.7298611111111111,0.0
0.377027027027027,0.377027027027027,ripple,sub-04,0,2.0,740.0,6,plain,,0.0,0.0,0.0,740.0,279.0,0.0,461.0,6.0,0.16666666666666666,0.0,0.0,,,
0.3603238866396761,0.3603238866396761,ripple,sub-04,0,2.0,740.0,6,multiplied,1.25,0.0,0.0,0.0,494.0,178.0,0.0,316.0,,,,,24.0,0.5192723868607607,1.0
0.33055555555555555,0.33055555555555555,ripple,sub-04,0,2.0,740.0,6,multiplied,1.5,0.0,0.0,0.0,360.0,119.0,0.0,241.0,,,,,24.0,0.34791916465963996,1.0
0.32589285714285715,0.32589285714285715,ripple,sub-04,0,2.0,740.0,6,multiplied,2.0,0.0,0.0,0.0,224.0,73.0,0.0,151.0,,,,,24.0,0.1909414550056734,1.0
0.8048780487804879,0.8048780487804879,fast_ripple,sub-04,1,5.0,41.0,9,plain,,1.0,1.0,1.0,41.0,33.0,0.0,8.0,9.0,0.6666666666666666,0.0,0.0,,,
0.8125,0.8125,fast_ripple,sub-04,1,5.0,41.0,9,multiplied,1.25,1.0,1.0,1.0,32.0,26.0,0.0,6.0,,,,,6.0,0.8895833333333334,0.0
0.875,0.875,fast_ripple,sub-04,1,5.0,41.0,9,multiplied,1.5,1.0,1.0,1.0,24.0,21.0,0.0,3.0,,,,,8.0,0.7944444444444444,1.0
1.0,1.0,fast_ripple,sub-04,1,5.0,41.0,9,multiplied,2.0,1.0,1.0,1.0,10.0,10.0,0.0,0.0,,,,,9.0,0.6849206349206348,1.0
0.40268456375838924,0.40268456375838924,ripple,sub-04,1,2.0,745.0,6,plain,,0.0,0.0,0.0,745.0,300.0,0.0,445.0,6.0,0.16666666666666666,0.0,0.0,,,
0.379110251450677,0.379110251450677,ripple,sub-04,1,2.0,745.0,6,multiplied,1.25,0.0,0.0,0.0,517.0,196.0,0.0,321.0,,,,,24.0,0.5860529165540965,1.0
0.36813186813186816,0.36813186813186816,ripple,sub-04,1,2.0,745.0,6,multiplied,1.5,0.0,0.0,0.0,364.0,134.0,0.0,230.0,,,,,24.0,0.35772896108594127,1.0
0.3574468085106383,0.3574468085106383,ripple,sub-04,1,2.0,745.0,6,multiplied,2.0,0.0,0.0,0.0,235.0,84.0,0.0,151.0,,,,,24.0,0.21916143758292528,1.0
0.8148148148148148,0.8148148148148148,fast_ripple,sub-04,2,5.0,27.0,8,plain,,1.0,1.0,1.0,27.0,22.0,0.0,5.0,8.0,0.625,0.0,0.0,,,
0.8695652173913043,0.8695652173913043,fast_ripple,sub-04,2,5.0,27.0,8,multiplied,1.25,1.0,0.6666666666666666,1.0,23.0,20.0,0.0,3.0,,,,,3.0,0.8888888888888888,0.0
0.8333333333333334,0.8333333333333334,fast_ripple,sub-04,2,5.0,27.0,8,multiplied,1.5,1.0,0.6666666666666666,1.0,18.0,15.0,0.0,3.0,,,,,6.0,0.8398148148148148,0.0
1.0,1.0,fast_ripple,sub-04,2,5.0,27.0,8,multiplied,2.0,1.0,0.6666666666666666,1.0,6.0,6.0,0.0,0.0,,,,,8.0,0.6981481481481482,0.0
0.3700564971751412,0.3700564971751412,ripple,sub-04,2,2.0,708.0,7,plain,,0.0,0.0,0.0,708.0,262.0,0.0,446.0,7.0,0.14285714285714285,0.0,0.0,,,
0.3122448979591837,0.3122448979591837,ripple,sub-04,2,2.0,708.0,7,multiplied,1.25,0.0,0.0,0.0,490.0,153.0,0.0,337.0,,,,,24.0,0.5142330073057411,0.0
0.3081395348837209,0.3081395348837209,ripple,sub-04,2,2.0,708.0,7,multiplied,1.5,0.0,0.0,0.0,344.0,106.0,0.0,238.0,,,,,24.0,0.32104994331453945,0.0
0.2878787878787879,0.2878787878787879,ripple,sub-04,2,2.0,708.0,7,multiplied,2.0,0.0,0.0,0.0,198.0,57.0,0.0,141.0,,,,,24.0,0.15412113259814095,0.0
0.9938650306748467,0.9938650306748467,fast_ripple,sub-04,3,5.0,163.0,4,plain,,1.0,1.0,1.0,163.0,162.0,0.0,1.0,4.0,1.0,1.0,0.0,,,
1.0,1.0,fast_ripple,sub-04,3,5.0,163.0,4,multiplied,1.25,1.0,1.0,1.0,134.0,134.0,0.0,0.0,,,,,7.0,0.9032775789741735,0.0
1.0,1.0,fast_ripple,sub-04,3,5.0,163.0,4,multiplied,1.5,1.0,1.0,1.0,114.0,114.0,0.0,0.0,,,,,7.0,0.8675706227467064,0.0
1.0,1.0,fast_ripple,sub-04,3,5.0,163.0,4,multiplied,2.0,1.0,1.0,1.0,79.0,79.0,0.0,0.0,,,,,7.0,0.8233205737438515,0.0
0.6067039106145251,0.6067039106145251,ripple,sub-04,3,2.0,895.0,5,plain,,1.0,1.0,1.0,895.0,543.0,0.0,352.0,5.0,0.8,0.0,0.0,,,
0.6788990825688074,0.6788990825688074,ripple,sub-04,3,2.0,895.0,5,multiplied,1.25,1.0,1.0,1.0,654.0,444.0,0.0,210.0,,,,,24.0,0.5765856347298998,1.0
0.7464788732394366,0.7464788732394366,ripple,sub-04,3,2.0,895.0,5,multiplied,1.5,1.0,1.0,1.0,497.0,371.0,0.0,126.0,,,,,24.0,0.405976291339639,1.0
0.8538011695906432,0.8538011695906432,ripple,sub-04,3,2.0,895.0,5,multiplied,2.0,1.0,1.0,1.0,342.0,292.0,0.0,50.0,,,,,24.0,0.24720537787054084,1.0
1.0,1.0,fast_ripple,sub-04,4,5.0,123.0,3,plain,,1.0,1.0,1.0,123.0,123.0,0.0,0.0,3.0,1.0,1.0,0.0,,,
1.0,1.0,fast_ripple,sub-04,4,5.0,123.0,3,multiplied,1.25,1.0,1.0,1.0,101.0,101.0,0.0,0.0,,,,,6.0,0.9255761898542071,0.0
1.0,1.0,fast_ripple,sub-04,4,5.0,123.0,3,multiplied,1.5,1.0,1.0,1.0,82.0,82.0,0.0,0.0,,,,,6.0,0.8981164010797631,0.0
1.0,1.0,fast_ripple,sub-04,4,5.0,123.0,3,multiplied,2.0,1.0,1.0,1.0,50.0,50.0,0.0,0.0,,,,,6.0,0.8346515493606012,0.0
0.6085232903865213,0.6085232903865213,ripple,sub-04,4,2.0,1009.0,4,plain,,1.0,1.0,1.0,1009.0,614.0,0.0,395.0,4.0,1.0,1.0,0.0,,,
0.6486486486486487,0.6486486486486487,ripple,sub-04,4,2.0,1009.0,4,multiplied,1.25,1.0,1.0,1.0,740.0,480.0,0.0,260.0,,,,,24.0,0.598621276644156,0.0
0.6992753623188406,0.6992753623188406,ripple,sub-04,4,2.0,1009.0,4,multiplied,1.5,1.0,1.0,1.0,552.0,386.0,0.0,166.0,,,,,24.0,0.3639678502617249,0.0
0.7661971830985915,0.7661971830985915,ripple,sub-04,4,2.0,1009.0,4,multiplied,2.0,1.0,1.0,1.0,355.0,272.0,0.0,83.0,,,,,24.0,0.21300028047496525,0.0
0.0,0.0,fast_ripple,sub-05,0,5.0,1.0,6,plain,,0.0,0.0,0.0,1.0,0.0,0.0,1.0,6.0,0.5,0.0,0.0,,,
,,fast_ripple,sub-05,0,5.0,1.0,6,multiplied,1.25,,,1.0,0.0,0.0,0.0,0.0,,,,,1.0,0.8333333333333334,1.0
,,fast_ripple,sub-05,0,5.0,1.0,6,multiplied,1.5,,,1.0,0.0,0.0,0.0,0.0,,,,,1.0,0.8333333333333334,1.0
,,fast_ripple,sub-05,0,5.0,1.0,6,multiplied,2.0,,,1.0,0.0,0.0,0.0,0.0,,,,,1.0,0.8333333333333334,1.0
0.6944444444444444,0.6944444444444444,ripple,sub-05,0,2.0,108.0,3,plain,,1.0,1.0,1.0,108.0,75.0,0.0,33.0,3.0,1.0,1.0,0.0,,,
0.7096774193548387,0.7096774193548387,ripple,sub-05,0,2.0,108.0,3,multiplied,1.25,1.0,0.6666666666666666,1.0,62.0,44.0,0.0,18.0,,,,,6.0,0.559587731956153,0.0
0.7297297297297297,0.7297297297297297,ripple,sub-05,0,2.0,108.0,3,multiplied,1.5,1.0,0.6666666666666666,1.0,37.0,27.0,0.0,10.0,,,,,6.0,0.31443507759297235,0.0
0.6818181818181818,0.6818181818181818,ripple,sub-05,0,2.0,108.0,3,multiplied,2.0,1.0,0.6666666666666666,1.0,22.0,15.0,0.0,7.0,,,,,6.0,0.19267676767676767,1.0
,,fast_ripple,sub-05,1,5.0,0.0,0,plain,,,,,0.0,0.0,0.0,0.0,0.0,,,,,,
,,fast_ripple,sub-05,1,5.0,0.0,0,multiplied,1.25,,,,0.0,0.0,0.0,0.0,,,,,0.0,1.0,0.0
,,fast_ripple,sub-05,1,5.0,0.0,0,multiplied,1.5,,,,0.0,0.0,0.0,0.0,,,,,0.0,1.0,0.0
,,fast_ripple,sub-05,1,5.0,0.0,0,multiplied,2.0,,,,0.0,0.0,0.0,0.0,,,,,0.0,1.0,0.0
0.6511627906976745,0.6511627906976745,ripple,sub-05,1,2.0,129.0,5,plain,,1.0,1.0,1.0,129.0,84.0,0.0,45.0,5.0,0.6,0.0,0.0,,,
0.6666666666666666,0.6666666666666666,ripple,sub-05,1,2.0,129.0,5,multiplied,1.25,1.0,1.0,1.0,72.0,48.0,0.0,24.0,,,,,6.0,0.5447009009509008,0.0
0.7045454545454546,0.7045454545454546,ripple,sub-05,1,2.0,129.0,5,multiplied,1.5,1.0,1.0,1.0,44.0,31.0,0.0,13.0,,,,,6.0,0.3274503274503274,0.0
0.6206896551724138,0.6206896551724138,ripple,sub-05,1,2.0,129.0,5,multiplied,2.0,1.0,0.6666666666666666,1.0,29.0,18.0,0.0,11.0,,,,,6.0,0.22401433443100108,0.0
,,fast_ripple,sub-05,2,5.0,0.0,0,plain,,,,,0.0,0.0,0.0,0.0,0.0,,,,,,
,,fast_ripple,sub-05,2,5.0,0.0,0,multiplied,1.25,,,,0.0,0.0,0.0,0.0,,,,,0.0,1.0,0.0
,,fast_ripple,sub-05,2,5.0,0.0,0,multiplied,1.5,,,,0.0,0.0,0.0,0.0,,,,,0.0,1.0,0.0
,,fast_ripple,sub-05,2,5.0,0.0,0,multiplied,2.0,,,,0.0,0.0,0.0,0.0,,,,,0.0,1.0,0.0
0.717741935483871,0.717741935483871,ripple,sub-05,2,2.0,124.0,3,plain,,1.0,1.0,1.0,124.0,89.0,0.0,35.0,3.0,1.0,1.0,0.0,,,
0.7123287671232876,0.7123287671232876,ripple,sub-05,2,2.0,124.0,3,multiplied,1.25,1.0,1.0,1.0,73.0,52.0,0.0,21.0,,,,,6.0,0.6005383505383505,0.0
0.6666666666666666,0.6666666666666666,ripple,sub-05,2,2.0,124.0,3,multiplied,1.5,1.0,0.6666666666666666,1.0,42.0,28.0,0.0,14.0,,,,,6.0,0.3658147408147408,1.0
0.5384615384615384,0.5384615384615384,ripple,sub-05,2,2.0,124.0,3,multiplied,2.0,1.0,0.6666666666666666,1.0,26.0,14.0,0.0,12.0,,,,,6.0,0.25575813075813075,1.0
,,fast_ripple,sub-05,3,5.0,0.0,0,plain,,,,,0.0,0.0,0.0,0.0,0.0,,,,,,
,,fast_ripple,sub-05,3,5.0,0.0,0,multiplied,1.25,,,,0.0,0.0,0.0,0.0,,,,,0.0,1.0,0.0
,,fast_ripple,sub-05,3,5.0,0.0,0,multiplied,1.5,,,,0.0,0.0,0.0,0.0,,,,,0.0,1.0,0.0
,,fast_ripple,sub-05,3,5.0,0.0,0,multiplied,2.0,,,,0.0,0.0,0.0,0.0,,,,,0.0,1.0,0.0
0.6356589147286822,0.6356589147286822,ripple,sub-05,3,2.0,129.0,4,plain,,1.0,0.6666666666666666,1.0,129.0,82.0,0.0,47.0,4.0,0.75,0.0,0.0,,,
0.6987951807228916,0.6987951807228916,ripple,sub-05,3,2.0,129.0,4,multiplied,1.25,1.0,1.0,1.0,83.0,58.0,0.0,25.0,,,,,6.0,0.6156140350877193,0.0
0.660377358490566,0.660377358490566,ripple,sub-05,3,2.0,129.0,4,multiplied,1.5,1.0,0.6666666666666666,1.0,53.0,35.0,0.0,18.0,,,,,6.0,0.4010275689223058,0.0
0.56,0.56,ripple,sub-05,3,2.0,129.0,4,multiplied,2.0,0.0,0.6666666666666666,1.0,25.0,14.0,0.0,11.0,,,,,6.0,0.1981203007518797,0.0
,,fast_ripple,sub-05,4,5.0,0.0,0,plain,,,,,0.0,0.0,0.0,0.0,0.0,,,,,,
,,fast_ripple,sub-05,4,5.0,0.0,0,multiplied,1.25,,,,0.0,0.0,0.0,0.0,,,,,0.0,1.0,0.0
,,fast_ripple,sub-05,4,5.0,0.0,0,multiplied,1.5,,,,0.0,0.0,0.0,0.0,,,,,0.0,1.0,0.0
,,fast_ripple,sub-05,4,5.0,0.0,0,multiplied,2.0,,,,0.0,0.0,0.0,0.0,,,,,0.0,1.0,0.0
0.6923076923076923,0.6923076923076923,ripple,sub-05,4,2.0,26.0,6,plain,,1.0,0.6666666666666666,1.0,26.0,18.0,0.0,8.0,6.0,0.5,0.0,0.0,,,
0.6,0.6,ripple,sub-05,4,2.0,26.0,6,multiplied,1.25,1.0,0.6666666666666666,1.0,15.0,9.0,0.0,6.0,,,,,5.0,0.5922619047619048,0.0
0.5833333333333334,0.5833333333333334,ripple,sub-05,4,2.0,26.0,6,multiplied,1.5,0.0,0.6666666666666666,1.0,12.0,7.0,0.0,5.0,,,,,5.0,0.4672619047619047,0.0
0.5,0.5,ripple,sub-05,4,2.0,26.0,6,multiplied,2.0,0.0,0.3333333333333333,1.0,8.0,4.0,0.0,4.0,,,,,6.0,0.3462301587301588,1.0
1.0,1.0,fast_ripple,sub-06,0,5.0,1.0,6,plain,,1.0,0.3333333333333333,1.0,1.0,1.0,0.0,0.0,6.0,0.5,0.0,0.0,,,
,,fast_ripple,sub-06,0,5.0,1.0,6,multiplied,1.25,,,1.0,0.0,0.0,0.0,0.0,,,,,1.0,0.8333333333333334,1.0
,,fast_ripple,sub-06,0,5.0,1.0,6,multiplied,1.5,,,1.0,0.0,0.0,0.0,0.0,,,,,1.0,0.8333333333333334,1.0
,,fast_ripple,sub-06,0,5.0,1.0,6,multiplied,2.0,,,1.0,0.0,0.0,0.0,0.0,,,,,1.0,0.8333333333333334,1.0
0.6949152542372882,0.6949152542372882,ripple,sub-06,0,2.0,177.0,2,plain,,1.0,0.6666666666666666,1.0,177.0,123.0,0.0,54.0,2.0,1.0,1.0,0.0,,,
0.8108108108108109,0.8108108108108109,ripple,sub-06,0,2.0,177.0,2,multiplied,1.25,1.0,0.6666666666666666,1.0,111.0,90.0,0.0,21.0,,,,,6.0,0.5152506697282816,0.0
0.8904109589041096,0.8904109589041096,ripple,sub-06,0,2.0,177.0,2,multiplied,1.5,1.0,0.6666666666666666,1.0,73.0,65.0,0.0,8.0,,,,,6.0,0.2958882742464832,0.0
0.9428571428571428,0.9428571428571428,ripple,sub-06,0,2.0,177.0,2,multiplied,2.0,1.0,0.6666666666666666,1.0,35.0,33.0,0.0,2.0,,,,,6.0,0.12791636224472044,0.0
1.0,1.0,fast_ripple,sub-06,1,5.0,3.0,6,plain,,1.0,0.3333333333333333,1.0,3.0,3.0,0.0,0.0,6.0,0.5,0.0,0.0,,,
,,fast_ripple,sub-06,1,5.0,3.0,6,multiplied,1.25,,,1.0,0.0,0.0,0.0,0.0,,,,,1.0,0.8333333333333334,1.0
,,fast_ripple,sub-06,1,5.0,3.0,6,multiplied,1.5,,,1.0,0.0,0.0,0.0,0.0,,,,,1.0,0.8333333333333334,1.0
,,fast_ripple,sub-06,1,5.0,3.0,6,multiplied,2.0,,,1.0,0.0,0.0,0.0,0.0,,,,,1.0,0.8333333333333334,1.0
0.6201117318435754,0.6201117318435754,ripple,sub-06,1,2.0,179.0,2,plain,,1.0,0.6666666666666666,1.0,179.0,111.0,0.0,68.0,2.0,1.0,1.0,0.0,,,
0.6810344827586207,0.6810344827586207,ripple,sub-06,1,2.0,179.0,2,multiplied,1.25,1.0,0.6666666666666666,1.0,116.0,79.0,0.0,37.0,,,,,6.0,0.633936228635656,0.0
0.7415730337078652,0.7415730337078652,ripple,sub-06,1,2.0,179.0,2,multiplied,1.5,1.0,0.6666666666666666,1.0,89.0,66.0,0.0,23.0,,,,,6.0,0.4769582071221023,0.0
0.8571428571428571,0.8571428571428571,ripple,sub-06,1,2.0,179.0,2,multiplied,2.0,1.0,0.6666666666666666,1.0,49.0,42.0,0.0,7.0,,,,,6.0,0.20629648954476107,0.0
,,fast_ripple,sub-06,2,5.0,0.0,0,plain,,,,,0.0,0.0,0.0,0.0,0.0,,,,,,
,,fast_ripple,sub-06,2,5.0,0.0,0,multiplied,1.25,,,,0.0,0.0,0.0,0.0,,,,,0.0,1.0,0.0
,,fast_ripple,sub-06,2,5.0,0.0,0,multiplied,1.5,,,,0.0,0.0,0.0,0.0,,,,,0.0,1.0,0.0
,,fast_ripple,sub-06,2,5.0,0.0,0,multiplied,2.0,,,,0.0,0.0,0.0,0.0,,,,,0.0,1.0,0.0
0.7,0.7,ripple,sub-06,2,2.0,160.0,2,plain,,1.0,0.6666666666666666,1.0,160.0,112.0,0.0,48.0,2.0,1.0,1.0,0.0,,,
0.79,0.79,ripple,sub-06,2,2.0,160.0,2,multiplied,1.25,1.0,0.6666666666666666,1.0,100.0,79.0,0.0,21.0,,,,,6.0,0.5510243384620254,0.0
0.8888888888888888,0.8888888888888888,ripple,sub-06,2,2.0,160.0,2,multiplied,1.5,1.0,0.6666666666666666,1.0,63.0,56.0,0.0,7.0,,,,,6.0,0.28818909571651347,0.0
0.9142857142857143,0.9142857142857143,ripple,sub-06,2,2.0,160.0,2,multiplied,2.0,1.0,0.6666666666666666,1.0,35.0,32.0,0.0,3.0,,,,,6.0,0.1573798141594752,0.0
,,fast_ripple,sub-06,3,5.0,0.0,0,plain,,,,,0.0,0.0,0.0,0.0,0.0,,,,,,
,,fast_ripple,sub-06,3,5.0,0.0,0,multiplied,1.25,,,,0.0,0.0,0.0,0.0,,,,,0.0,1.0,0.0
,,fast_ripple,sub-06,3,5.0,0.0,0,multiplied,1.5,,,,0.0,0.0,0.0,0.0,,,,,0.0,1.0,0.0
,,fast_ripple,sub-06,3,5.0,0.0,0,multiplied,2.0,,,,0.0,0.0,0.0,0.0,,,,,0.0,1.0,0.0
0.6071428571428571,0.6071428571428571,ripple,sub-06,3,2.0,168.0,3,plain,,1.0,0.6666666666666666,1.0,168.0,102.0,0.0,66.0,3.0,0.6666666666666666,0.0,0.0,,,
0.6371681415929203,0.6371681415929203,ripple,sub-06,3,2.0,168.0,3,multiplied,1.25,1.0,0.6666666666666666,1.0,113.0,72.0,0.0,41.0,,,,,6.0,0.6173851916245425,0.0
0.6388888888888888,0.6388888888888888,ripple,sub-06,3,2.0,168.0,3,multiplied,1.5,1.0,0.6666666666666666,1.0,72.0,46.0,0.0,26.0,,,,,6.0,0.35752170600040784,0.0
0.6923076923076923,0.6923076923076923,ripple,sub-06,3,2.0,168.0,3,multiplied,2.0,1.0,0.6666666666666666,1.0,39.0,27.0,0.0,12.0,,,,,6.0,0.18385975079687045,0.0
1.0,1.0,fast_ripple,sub-06,4,5.0,2.0,6,plain,,1.0,0.3333333333333333,1.0,2.0,2.0,0.0,0.0,6.0,0.5,0.0,0.0,,,
,,fast_ripple,sub-06,4,5.0,2.0,6,multiplied,1.25,,,1.0,0.0,0.0,0.0,0.0,,,,,1.0,0.8333333333333334,1.0
,,fast_ripple,sub-06,4,5.0,2.0,6,multiplied,1.5,,,1.0,0.0,0.0,0.0,0.0,,,,,1.0,0.8333333333333334,1.0
,,fast_ripple,sub-06,4,5.0,2.0,6,multiplied,2.0,,,1.0,0.0,0.0,0.0,0.0,,,,,1.0,0.8333333333333334,1.0
0.64375,0.64375,ripple,sub-06,4,2.0,160.0,3,plain,,1.0,0.6666666666666666,1.0,160.0,103.0,0.0,57.0,3.0,0.6666666666666666,0.0,0.0,,,
0.7333333333333333,0.7333333333333333,ripple,sub-06,4,2.0,160.0,3,multiplied,1.25,1.0,0.6666666666666666,1.0,90.0,66.0,0.0,24.0,,,,,6.0,0.5141907475240809,0.0
0.7627118644067796,0.7627118644067796,ripple,sub-06,4,2.0,160.0,3,multiplied,1.5,1.0,0.6666666666666666,1.0,59.0,45.0,0.0,14.0,,,,,6.0,0.32992589200922534,0.0
0.8529411764705882,0.8529411764705882,ripple,sub-06,4,2.0,160.0,3,multiplied,2.0,1.0,0.6666666666666666,1.0,34.0,29.0,0.0,5.0,,,,,6.0,0.1716824379324379,0.0
0.0,0.0,fast_ripple,sub-07,0,5.0,1.0,6,plain,,0.0,0.0,0.0,1.0,0.0,0.0,1.0,6.0,0.5,0.0,0.0,,,
0.0,0.0,fast_ripple,sub-07,0,5.0,1.0,6,multiplied,1.25,0.0,0.0,0.0,1.0,0.0,0.0,1.0,,,,,0.0,1.0,0.0
0.0,0.0,fast_ripple,sub-07,0,5.0,1.0,6,multiplied,1.5,0.0,0.0,0.0,1.0,0.0,0.0,1.0,,,,,0.0,1.0,0.0
,,fast_ripple,sub-07,0,5.0,1.0,6,multiplied,2.0,,,1.0,0.0,0.0,0.0,0.0,,,,,1.0,0.8333333333333334,1.0
0.52,0.52,ripple,sub-07,0,2.0,75.0,5,plain,,0.0,0.6666666666666666,0.0,75.0,39.0,0.0,36.0,5.0,0.6,0.0,0.0,,,
0.425,0.425,ripple,sub-07,0,2.0,75.0,5,multiplied,1.25,0.0,0.3333333333333333,0.0,40.0,17.0,0.0,23.0,,,,,6.0,0.48250360750360755,0.0
0.4166666666666667,0.4166666666666667,ripple,sub-07,0,2.0,75.0,5,multiplied,1.5,0.0,0.3333333333333333,0.0,24.0,10.0,0.0,14.0,,,,,6.0,0.2732323232323232,0.0
0.5833333333333334,0.5833333333333334,ripple,sub-07,0,2.0,75.0,5,multiplied,2.0,0.0,0.3333333333333333,1.0,12.0,7.0,0.0,5.0,,,,,6.0,0.1426046176046176,1.0
,,fast_ripple,sub-07,1,5.0,0.0,0,plain,,,,,0.0,0.0,0.0,0.0,0.0,,,,,,
,,fast_ripple,sub-07,1,5.0,0.0,0,multiplied,1.25,,,,0.0,0.0,0.0,0.0,,,,,0.0,1.0,0.0
,,fast_ripple,sub-07,1,5.0,0.0,0,multiplied,1.5,,,,0.0,0.0,0.0,0.0,,,,,0.0,1.0,0.0
,,fast_ripple,sub-07,1,5.0,0.0,0,multiplied,2.0,,,,0.0,0.0,0.0,0.0,,,,,0.0,1.0,0.0
0.4578313253012048,0.4578313253012048,ripple,sub-07,1,2.0,83.0,6,plain,,0.0,0.3333333333333333,0.0,83.0,38.0,0.0,45.0,6.0,0.5,0.0,0.0,,,
0.4716981132075472,0.4716981132075472,ripple,sub-07,1,2.0,83.0,6,multiplied,1.25,0.0,0.3333333333333333,0.0,53.0,25.0,0.0,28.0,,,,,6.0,0.6257097371227807,0.0
0.45714285714285713,0.45714285714285713,ripple,sub-07,1,2.0,83.0,6,multiplied,1.5,0.0,0.3333333333333333,0.0,35.0,16.0,0.0,19.0,,,,,6.0,0.39852327624066747,0.0
0.5294117647058824,0.5294117647058824,ripple,sub-07,1,2.0,83.0,6,multiplied,2.0,0.0,0.3333333333333333,0.0,17.0,9.0,0.0,8.0,,,,,6.0,0.19484179266787963,0.0
0.0,0.0,fast_ripple,sub-07,2,5.0,1.0,6,plain,,0.0,0.0,0.0,1.0,0.0,0.0,1.0,6.0,0.5,0.0,0.0,,,
,,fast_ripple,sub-07,2,5.0,1.0,6,multiplied,1.25,,,1.0,0.0,0.0,0.0,0.0,,,,,1.0,0.8333333333333334,1.0
,,fast_ripple,sub-07,2,5.0,1.0,6,multiplied,1.5,,,1.0,0.0,0.0,0.0,0.0,,,,,1.0,0.8333333333333334,1.0
,,fast_ripple,sub-07,2,5.0,1.0,6,multiplied,2.0,,,1.0,0.0,0.0,0.0,0.0,,,,,1.0,0.8333333333333334,1.0
0.33858267716535434,0.33858267716535434,ripple,sub-07,2,2.0,127.0,1,plain,,0.0,0.0,0.0,127.0,43.0,0.0,84.0,1.0,0.0,0.0,1.0,,,
0.29333333333333333,0.29333333333333333,ripple,sub-07,2,2.0,127.0,1,multiplied,1.25,0.0,0.3333333333333333,0.0,75.0,22.0,0.0,53.0,,,,,6.0,0.5421799516908212,0.0
0.2708333333333333,0.2708333333333333,ripple,sub-07,2,2.0,127.0,1,multiplied,1.5,0.0,0.3333333333333333,0.0,48.0,13.0,0.0,35.0,,,,,6.0,0.33287037037037037,0.0
0.3,0.3,ripple,sub-07,2,2.0,127.0,1,multiplied,2.0,0.0,0.3333333333333333,0.0,30.0,9.0,0.0,21.0,,,,,6.0,0.20928945249597428,0.0
0.0,0.0,fast_ripple,sub-07,3,5.0,1.0,6,plain,,0.0,0.0,0.0,1.0,0.0,0.0,1.0,6.0,0.5,0.0,0.0,,,
0.0,0.0,fast_ripple,sub-07,3,5.0,1.0,6,multiplied,1.25,0.0,0.0,0.0,1.0,0.0,0.0,1.0,,,,,0.0,1.0,0.0
0.0,0.0,fast_ripple,sub-07,3,5.0,1.0,6,multiplied,1.5,0.0,0.0,0.0,1.0,0.0,0.0,1.0,,,,,0.0,1.0,0.0
,,fast_ripple,sub-07,3,5.0,1.0,6,multiplied,2.0,,,1.0,0.0,0.0,0.0,0.0,,,,,1.0,0.8333333333333334,1.0
0.4111111111111111,0.4111111111111111,ripple,sub-07,3,2.0,90.0,3,plain,,0.0,0.3333333333333333,0.0,90.0,37.0,0.0,53.0,3.0,0.3333333333333333,0.0,0.0,,,
0.3541666666666667,0.3541666666666667,ripple,sub-07,3,2.0,90.0,3,multiplied,1.25,0.0,0.3333333333333333,0.0,48.0,17.0,0.0,31.0,,,,,6.0,0.4998822287199481,0.0
0.39285714285714285,0.39285714285714285,ripple,sub-07,3,2.0,90.0,3,multiplied,1.5,0.0,0.3333333333333333,0.0,28.0,11.0,0.0,17.0,,,,,6.0,0.2873781676413255,0.0
0.42857142857142855,0.42857142857142855,ripple,sub-07,3,2.0,90.0,3,multiplied,2.0,0.0,0.6666666666666666,0.0,14.0,6.0,0.0,8.0,,,,,6.0,0.1354978882391163,0.0
,,fast_ripple,sub-07,4,5.0,0.0,0,plain,,,,,0.0,0.0,0.0,0.0,0.0,,,,,,
,,fast_ripple,sub-07,4,5.0,0.0,0,multiplied,1.25,,,,0.0,0.0,0.0,0.0,,,,,0.0,1.0,0.0
,,fast_ripple,sub-07,4,5.0,0.0,0,multiplied,1.5,,,,0.0,0.0,0.0,0.0,,,,,0.0,1.0,0.0
,,fast_ripple,sub-07,4,5.0,0.0,0,multiplied,2.0,,,,0.0,0.0,0.0,0.0,,,,,0.0,1.0,0.0
0.42574257425742573,0.42574257425742573,ripple,sub-07,4,2.0,101.0,3,plain,,0.0,0.3333333333333333,0.0,101.0,43.0,0.0,58.0,3.0,0.3333333333333333,0.0,0.0,,,
0.3103448275862069,0.3103448275862069,ripple,sub-07,4,2.0,101.0,3,multiplied,1.25,0.0,0.3333333333333333,0.0,58.0,18.0,0.0,40.0,,,,,6.0,0.544936544936545,0.0
0.275,0.275,ripple,sub-07,4,2.0,101.0,3,multiplied,1.5,0.0,0.3333333333333333,0.0,40.0,11.0,0.0,29.0,,,,,6.0,0.35085631960631963,0.0
0.2857142857142857,0.2857142857142857,ripple,sub-07,4,2.0,101.0,3,multiplied,2.0,0.0,0.3333333333333333,0.0,21.0,6.0,0.0,15.0,,,,,6.0,0.1709644522144522,0.0
0.0,0.0,fast_ripple,sub-08,0,5.0,112.0,2,plain,,0.0,0.0,0.0,112.0,0.0,0.0,112.0,2.0,0.0,0.0,0.0,,,
0.0,0.0,fast_ripple,sub-08,0,5.0,112.0,2,multiplied,1.25,0.0,0.0,0.0,82.0,0.0,0.0,82.0,,,,,2.0,0.9098072562358276,0.0
0.0,0.0,fast_ripple,sub-08,0,5.0,112.0,2,multiplied,1.5,0.0,0.0,0.0,66.0,0.0,0.0,66.0,,,,,2.0,0.8653628117913832,1.0
0.0,0.0,fast_ripple,sub-08,0,5.0,112.0,2,multiplied,2.0,0.0,0.0,0.0,39.0,0.0,0.0,39.0,,,,,2.0,0.784750566893424,1.0
0.11940298507462686,0.11940298507462686,ripple,sub-08,0,2.0,201.0,2,plain,,0.0,0.0,0.0,201.0,24.0,0.0,177.0,2.0,0.0,0.0,0.0,,,
0.042682926829268296,0.042682926829268296,ripple,sub-08,0,2.0,201.0,2,multiplied,1.25,0.0,0.0,0.0,164.0,7.0,0.0,157.0,,,,,6.0,0.5222353543964797,0.0
0.007194244604316547,0.007194244604316547,ripple,sub-08,0,2.0,201.0,2,multiplied,1.5,0.0,0.0,0.0,139.0,1.0,0.0,138.0,,,,,6.0,0.34972056455432415,0.0
0.0,0.0,ripple,sub-08,0,2.0,201.0,2,multiplied,2.0,0.0,0.0,0.0,100.0,0.0,0.0,100.0,,,,,6.0,0.21696504688832055,0.0
0.0,0.0,fast_ripple,sub-08,1,5.0,65.0,1,plain,,0.0,0.3333333333333333,0.0,65.0,0.0,0.0,65.0,1.0,0.0,0.0,1.0,,,
0.0,0.0,fast_ripple,sub-08,1,5.0,65.0,1,multiplied,1.25,0.0,0.3333333333333333,0.0,53.0,0.0,0.0,53.0,,,,,2.0,0.9470029239766081,0.0
0.0,0.0,fast_ripple,sub-08,1,5.0,65.0,1,multiplied,1.5,0.0,0.3333333333333333,0.0,37.0,0.0,0.0,37.0,,,,,2.0,0.900219298245614,0.0
0.0,0.0,fast_ripple,sub-08,1,5.0,65.0,1,multiplied,2.0,0.0,0.3333333333333333,0.0,12.0,0.0,0.0,12.0,,,,,2.0,0.7375730994152047,0.0
0.2980769230769231,0.2980769230769231,ripple,sub-08,1,2.0,104.0,1,plain,,0.0,0.3333333333333333,0.0,104.0,31.0,0.0,73.0,1.0,0.0,0.0,1.0,,,
0.15384615384615385,0.15384615384615385,ripple,sub-08,1,2.0,104.0,1,multiplied,1.25,0.0,0.3333333333333333,0.0,65.0,10.0,0.0,55.0,,,,,6.0,0.4895401382243487,0.0
0.021739130434782608,0.021739130434782608,ripple,sub-08,1,2.0,104.0,1,multiplied,1.5,0.0,0.3333333333333333,0.0,46.0,1.0,0.0,45.0,,,,,6.0,0.23488835725677834,0.0
0.0,0.0,ripple,sub-08,1,2.0,104.0,1,multiplied,2.0,0.0,0.3333333333333333,0.0,50.0,0.0,0.0,50.0,,,,,5.0,0.2192982456140351,0.0
,,fast_ripple,sub-08,2,5.0,0.0,0,plain,,,,,0.0,0.0,0.0,0.0,0.0,,,,,,
,,fast_ripple,sub-08,2,5.0,0.0,0,multiplied,1.25,,,,0.0,0.0,0.0,0.0,,,,,0.0,1.0,0.0
,,fast_ripple,sub-08,2,5.0,0.0,0,multiplied,1.5,,,,0.0,0.0,0.0,0.0,,,,,0.0,1.0,0.0
,,fast_ripple,sub-08,2,5.0,0.0,0,multiplied,2.0,,,,0.0,0.0,0.0,0.0,,,,,0.0,1.0,0.0
0.5365853658536586,0.5365853658536586,ripple,sub-08,2,2.0,41.0,6,plain,,1.0,0.6666666666666666,1.0,41.0,22.0,0.0,19.0,6.0,0.5,0.0,0.0,,,
0.6,0.6,ripple,sub-08,2,2.0,41.0,6,multiplied,1.25,1.0,0.6666666666666666,0.0,15.0,9.0,0.0,6.0,,,,,6.0,0.33796296296296297,1.0
0.4,0.4,ripple,sub-08,2,2.0,41.0,6,multiplied,1.5,1.0,0.3333333333333333,0.0,5.0,2.0,0.0,3.0,,,,,6.0,0.09259259259259257,1.0
,,ripple,sub-08,2,2.0,41.0,6,multiplied,2.0,,,0.0,0.0,0.0,0.0,0.0,,,,,6.0,0.0,1.0
,,fast_ripple,sub-08,3,5.0,0.0,0,plain,,,,,0.0,0.0,0.0,0.0,0.0,,,,,,
,,fast_ripple,sub-08,3,5.0,0.0,0,multiplied,1.25,,,,0.0,0.0,0.0,0.0,,,,,0.0,1.0,0.0
,,fast_ripple,sub-08,3,5.0,0.0,0,multiplied,1.5,,,,0.0,0.0,0.0,0.0,,,,,0.0,1.0,0.0
,,fast_ripple,sub-08,3,5.0,0.0,0,multiplied,2.0,,,,0.0,0.0,0.0,0.0,,,,,0.0,1.0,0.0
0.40425531914893614,0.40425531914893614,ripple,sub-08,3,2.0,47.0,6,plain,,0.0,0.3333333333333333,0.0,47.0,19.0,0.0,28.0,6.0,0.5,0.0,0.0,,,
0.42857142857142855,0.42857142857142855,ripple,sub-08,3,2.0,47.0,6,multiplied,1.25,1.0,0.3333333333333333,1.0,14.0,6.0,0.0,8.0,,,,,6.0,0.25042087542087543,1.0
0.4,0.4,ripple,sub-08,3,2.0,47.0,6,multiplied,1.5,1.0,0.3333333333333333,1.0,5.0,2.0,0.0,3.0,,,,,6.0,0.09154040404040403,1.0
,,ripple,sub-08,3,2.0,47.0,6,multiplied,2.0,,,0.0,0.0,0.0,0.0,0.0,,,,,6.0,0.0,0.0
0.0,0.0,fast_ripple,sub-08,4,5.0,31.0,2,plain,,0.0,0.0,0.0,31.0,0.0,0.0,31.0,2.0,0.0,0.0,0.0,,,
0.0,0.0,fast_ripple,sub-08,4,5.0,31.0,2,multiplied,1.25,0.0,0.3333333333333333,0.0,22.0,0.0,0.0,22.0,,,,,3.0,0.7425595238095238,0.0
0.0,0.0,fast_ripple,sub-08,4,5.0,31.0,2,multiplied,1.5,0.0,0.3333333333333333,0.0,20.0,0.0,0.0,20.0,,,,,3.0,0.71875,0.0
0.0,0.0,fast_ripple,sub-08,4,5.0,31.0,2,multiplied,2.0,0.0,0.3333333333333333,0.0,13.0,0.0,0.0,13.0,,,,,3.0,0.6398809523809524,0.0
0.3181818181818182,0.3181818181818182,ripple,sub-08,4,2.0,66.0,5,plain,,0.0,0.3333333333333333,0.0,66.0,21.0,0.0,45.0,5.0,0.4,0.0,0.0,,,
0.2631578947368421,0.2631578947368421,ripple,sub-08,4,2.0,66.0,5,multiplied,1.25,0.0,0.3333333333333333,0.0,38.0,10.0,0.0,28.0,,,,,6.0,0.46098484848484844,0.0
0.09523809523809523,0.09523809523809523,ripple,sub-08,4,2.0,66.0,5,multiplied,1.5,0.0,0.3333333333333333,0.0,21.0,2.0,0.0,19.0,,,,,6.0,0.20606060606060606,0.0
0.0,0.0,ripple,sub-08,4,2.0,66.0,5,multiplied,2.0,0.0,0.3333333333333333,0.0,16.0,0.0,0.0,16.0,,,,,6.0,0.15303030303030304,1.0
0.7297297297297297,0.7297297297297297,fast_ripple,sub-09,0,5.0,37.0,3,plain,,1.0,0.6666666666666666,1.0,37.0,27.0,0.0,10.0,3.0,0.6666666666666666,0.0,0.0,,,
0.8636363636363636,0.8636363636363636,fast_ripple,sub-09,0,5.0,37.0,3,multiplied,1.25,1.0,1.0,1.0,22.0,19.0,0.0,3.0,,,,,9.0,0.7902777777777779,0.0
0.8333333333333334,0.8333333333333334,fast_ripple,sub-09,0,5.0,37.0,3,multiplied,1.5,1.0,1.0,1.0,18.0,15.0,0.0,3.0,,,,,9.0,0.7611111111111111,0.0
0.6666666666666666,0.6666666666666666,fast_ripple,sub-09,0,5.0,37.0,3,multiplied,2.0,1.0,0.6666666666666666,1.0,12.0,8.0,0.0,4.0,,,,,8.0,0.7347222222222222,0.0
0.4297635605006954,0.4297635605006954,ripple,sub-09,0,2.0,719.0,3,plain,,0.0,0.3333333333333333,0.0,719.0,309.0,0.0,410.0,3.0,0.3333333333333333,0.0,0.0,,,
0.4437869822485207,0.4437869822485207,ripple,sub-09,0,2.0,719.0,3,multiplied,1.25,0.0,0.3333333333333333,0.0,507.0,225.0,0.0,282.0,,,,,23.0,0.6525582510473192,0.0
0.4496124031007752,0.4496124031007752,ripple,sub-09,0,2.0,719.0,3,multiplied,1.5,1.0,0.6666666666666666,1.0,387.0,174.0,0.0,213.0,,,,,24.0,0.48093792468638985,1.0
0.45454545454545453,0.45454545454545453,ripple,sub-09,0,2.0,719.0,3,multiplied,2.0,1.0,0.6666666666666666,1.0,253.0,115.0,0.0,138.0,,,,,24.0,0.30878766555501624,1.0
0.9270833333333334,0.9270833333333334,fast_ripple,sub-09,1,5.0,96.0,1,plain,,1.0,1.0,1.0,96.0,89.0,0.0,7.0,1.0,1.0,1.0,1.0,,,
0.9615384615384616,0.9615384615384616,fast_ripple,sub-09,1,5.0,96.0,1,multiplied,1.25,1.0,1.0,1.0,78.0,75.0,0.0,3.0,,,,,7.0,0.8708228291316527,0.0
0.9473684210526315,0.9473684210526315,fast_ripple,sub-09,1,5.0,96.0,1,multiplied,1.5,1.0,1.0,1.0,57.0,54.0,0.0,3.0,,,,,8.0,0.8227941176470588,0.0
0.9655172413793104,0.9655172413793104,fast_ripple,sub-09,1,5.0,96.0,1,multiplied,2.0,1.0,1.0,1.0,29.0,28.0,0.0,1.0,,,,,8.0,0.7577696078431373,0.0
0.6065727699530516,0.6065727699530516,ripple,sub-09,1,2.0,1065.0,5,plain,,1.0,1.0,1.0,1065.0,646.0,0.0,419.0,5.0,0.8,0.0,0.0,,,
0.6457345971563981,0.6457345971563981,ripple,sub-09,1,2.0,1065.0,5,multiplied,1.25,1.0,1.0,1.0,844.0,545.0,0.0,299.0,,,,,24.0,0.7248199476018539,1.0
0.6745562130177515,0.6745562130177515,ripple,sub-09,1,2.0,1065.0,5,multiplied,1.5,1.0,1.0,1.0,676.0,456.0,0.0,220.0,,,,,24.0,0.5344325392396944,1.0
0.7252525252525253,0.7252525252525253,ripple,sub-09,1,2.0,1065.0,5,multiplied,2.0,1.0,1.0,1.0,495.0,359.0,0.0,136.0,,,,,24.0,0.3736342364352116,1.0
0.968,0.968,fast_ripple,sub-09,2,5.0,125.0,1,plain,,1.0,1.0,1.0,125.0,121.0,0.0,4.0,1.0,1.0,1.0,1.0,,,
1.0,1.0,fast_ripple,sub-09,2,5.0,125.0,1,multiplied,1.25,1.0,1.0,1.0,80.0,80.0,0.0,0.0,,,,,9.0,0.7800099206349206,0.0
1.0,1.0,fast_ripple,sub-09,2,5.0,125.0,1,multiplied,1.5,1.0,1.0,1.0,65.0,65.0,0.0,0.0,,,,,9.0,0.7625330687830688,0.0
1.0,1.0,fast_ripple,sub-09,2,5.0,125.0,1,multiplied,2.0,1.0,1.0,1.0,34.0,34.0,0.0,0.0,,,,,9.0,0.696362433862434,0.0
0.6471042471042471,0.6471042471042471,ripple,sub-09,2,2.0,1295.0,5,plain,,1.0,1.0,1.0,1295.0,838.0,0.0,457.0,5.0,1.0,1.0,0.0,,,
0.6944704779756327,0.6944704779756327,ripple,sub-09,2,2.0,1295.0,5,multiplied,1.25,1.0,1.0,1.0,1067.0,741.0,0.0,326.0,,,,,23.0,0.7501207029932777,0.0
0.7220930232558139,0.7220930232558139,ripple,sub-09,2,2.0,1295.0,5,multiplied,1.5,1.0,1.0,1.0,860.0,621.0,0.0,239.0,,,,,24.0,0.5652084006600419,1.0
0.7452229299363057,0.7452229299363057,ripple,sub-09,2,2.0,1295.0,5,multiplied,2.0,1.0,1.0,1.0,628.0,468.0,0.0,160.0,,,,,24.0,0.3789175979034803,1.0
0.9361702127659575,0.9361702127659575,fast_ripple,sub-09,3,5.0,94.0,1,plain,,1.0,1.0,1.0,94.0,88.0,0.0,6.0,1.0,1.0,1.0,1.0,,,
0.9545454545454546,0.9545454545454546,fast_ripple,sub-09,3,5.0,94.0,1,multiplied,1.25,1.0,1.0,1.0,66.0,63.0,0.0,3.0,,,,,8.0,0.8604952248044354,0.0
0.9583333333333334,0.9583333333333334,fast_ripple,sub-09,3,5.0,94.0,1,multiplied,1.5,1.0,1.0,1.0,48.0,46.0,0.0,2.0,,,,,8.0,0.7908181913116122,0.0
0.9310344827586207,0.9310344827586207,fast_ripple,sub-09,3,5.0,94.0,1,multiplied,2.0,1.0,1.0,1.0,29.0,27.0,0.0,2.0,,,,,8.0,0.7491212643350801,0.0
0.6055603822762815,0.6055603822762815,ripple,sub-09,3,2.0,1151.0,6,plain,,1.0,1.0,1.0,1151.0,697.0,0.0,454.0,6.0,0.8333333333333334,0.0,0.0,,,
0.6403887688984882,0.6403887688984882,ripple,sub-09,3,2.0,1151.0,6,multiplied,1.25,1.0,1.0,1.0,926.0,593.0,0.0,333.0,,,,,24.0,0.7157606432831146,0.0
0.6767015706806283,0.6767015706806283,ripple,sub-09,3,2.0,1151.0,6,multiplied,1.5,1.0,1.0,1.0,764.0,517.0,0.0,247.0,,,,,24.0,0.5496237127760141,0.0
0.7054409005628518,0.7054409005628518,ripple,sub-09,3,2.0,1151.0,6,multiplied,2.0,1.0,1.0,1.0,533.0,376.0,0.0,157.0,,,,,24.0,0.35174552920919605,0.0
0.9223300970873787,0.9223300970873787,fast_ripple,sub-09,4,5.0,103.0,1,plain,,1.0,1.0,1.0,103.0,95.0,0.0,8.0,1.0,1.0,1.0,1.0,,,
0.9375,0.9375,fast_ripple,sub-09,4,5.0,103.0,1,multiplied,1.25,1.0,1.0,1.0,64.0,60.0,0.0,4.0,,,,,9.0,0.793652904424181,0.0
0.9069767441860465,0.9069767441860465,fast_ripple,sub-09,4,5.0,103.0,1,multiplied,1.5,1.0,1.0,1.0,43.0,39.0,0.0,4.0,,,,,9.0,0.7416328942924686,0.0
1.0,1.0,fast_ripple,sub-09,4,5.0,103.0,1,multiplied,2.0,1.0,1.0,1.0,22.0,22.0,0.0,0.0,,,,,10.0,0.6238454069571091,0.0
0.6049382716049383,0.6049382716049383,ripple,sub-09,4,2.0,1134.0,5,plain,,1.0,1.0,1.0,1134.0,686.0,0.0,448.0,5.0,0.8,0.0,0.0,,,
0.648590021691974,0.648590021691974,ripple,sub-09,4,2.0,1134.0,5,multiplied,1.25,1.0,1.0,1.0,922.0,598.0,0.0,324.0,,,,,24.0,0.7425853156089941,1.0
0.6640106241699867,0.6640106241699867,ripple,sub-09,4,2.0,1134.0,5,multiplied,1.5,1.0,1.0,1.0,753.0,500.0,0.0,253.0,,,,,24.0,0.5567852076140308,1.0
0.7284644194756554,0.7284644194756554,ripple,sub-09,4,2.0,1134.0,5,multiplied,2.0,1.0,1.0,1.0,534.0,389.0,0.0,145.0,,,,,24.0,0.34529475459049835,1.0
,,fast_ripple,sub-10,0,5.0,0.0,0,plain,,,,,0.0,0.0,0.0,0.0,0.0,,,,,,
,,fast_ripple,sub-10,0,5.0,0.0,0,multiplied,1.25,,,,0.0,0.0,0.0,0.0,,,,,0.0,1.0,0.0
,,fast_ripple,sub-10,0,5.0,0.0,0,multiplied,1.5,,,,0.0,0.0,0.0,0.0,,,,,0.0,1.0,0.0
,,fast_ripple,sub-10,0,5.0,0.0,0,multiplied,2.0,,,,0.0,0.0,0.0,0.0,,,,,0.0,1.0,0.0
0.11376811594202899,0.11376811594202899,ripple,sub-10,0,2.0,1380.0,16,plain,,0.0,0.0,0.0,1380.0,157.0,0.0,1223.0,16.0,0.1875,0.0,0.0,,,
0.09492273730684327,0.09492273730684327,ripple,sub-10,0,2.0,1380.0,16,multiplied,1.25,0.0,0.0,0.0,906.0,86.0,0.0,820.0,,,,,34.0,0.6418934113223933,1.0
0.08905380333951762,0.08905380333951762,ripple,sub-10,0,2.0,1380.0,16,multiplied,1.5,0.0,0.0,0.0,539.0,48.0,0.0,491.0,,,,,34.0,0.3795789739602764,1.0
0.12875536480686695,0.12875536480686695,ripple,sub-10,0,2.0,1380.0,16,multiplied,2.0,0.0,0.0,0.0,233.0,30.0,0.0,203.0,,,,,34.0,0.1557806849241159,1.0
,,fast_ripple,sub-10,1,5.0,0.0,0,plain,,,,,0.0,0.0,0.0,0.0,0.0,,,,,,
,,fast_ripple,sub-10,1,5.0,0.0,0,multiplied,1.25,,,,0.0,0.0,0.0,0.0,,,,,0.0,1.0,0.0
,,fast_ripple,sub-10,1,5.0,0.0,0,multiplied,1.5,,,,0.0,0.0,0.0,0.0,,,,,0.0,1.0,0.0
,,fast_ripple,sub-10,1,5.0,0.0,0,multiplied,2.0,,,,0.0,0.0,0.0,0.0,,,,,0.0,1.0,0.0
0.09886201991465149,0.09886201991465149,ripple,sub-10,1,2.0,1406.0,14,plain,,0.0,0.0,0.0,1406.0,139.0,0.0,1267.0,14.0,0.14285714285714285,0.0,0.0,,,
0.08191489361702127,0.08191489361702127,ripple,sub-10,1,2.0,1406.0,14,multiplied,1.25,0.0,0.0,0.0,940.0,77.0,0.0,863.0,,,,,34.0,0.6369281581266186,1.0
0.08170515097690942,0.08170515097690942,ripple,sub-10,1,2.0,1406.0,14,multiplied,1.5,0.0,0.0,0.0,563.0,46.0,0.0,517.0,,,,,34.0,0.3600723087973364,1.0
0.06557377049180328,0.06557377049180328,ripple,sub-10,1,2.0,1406.0,14,multiplied,2.0,0.0,0.0,0.0,244.0,16.0,0.0,228.0,,,,,34.0,0.1427711978728358,1.0
1.0,1.0,fast_ripple,sub-10,2,5.0,3.0,34,plain,,1.0,0.3333333333333333,1.0,3.0,3.0,0.0,0.0,34.0,0.08823529411764706,0.0,0.0,,,
1.0,1.0,fast_ripple,sub-10,2,5.0,3.0,34,multiplied,1.25,1.0,0.3333333333333333,1.0,1.0,1.0,0.0,0.0,,,,,1.0,0.9803921568627452,0.0
,,fast_ripple,sub-10,2,5.0,3.0,34,multiplied,1.5,,,1.0,0.0,0.0,0.0,0.0,,,,,1.0,0.9705882352941176,1.0
,,fast_ripple,sub-10,2,5.0,3.0,34,multiplied,2.0,,,1.0,0.0,0.0,0.0,0.0,,,,,1.0,0.9705882352941176,1.0
0.11512261580381472,0.11512261580381472,ripple,sub-10,2,2.0,1468.0,12,plain,,0.0,0.0,0.0,1468.0,169.0,0.0,1299.0,12.0,0.25,0.0,0.0,,,
0.11503531786074672,0.11503531786074672,ripple,sub-10,2,2.0,1468.0,12,multiplied,1.25,0.0,0.0,0.0,991.0,114.0,0.0,877.0,,,,,34.0,0.6354040436566799,0.0
0.12366412213740458,0.12366412213740458,ripple,sub-10,2,2.0,1468.0,12,multiplied,1.5,0.0,0.0,0.0,655.0,81.0,0.0,574.0,,,,,34.0,0.40514307851744685,1.0
0.12460063897763578,0.12460063897763578,ripple,sub-10,2,2.0,1468.0,12,multiplied,2.0,0.0,0.0,0.0,313.0,39.0,0.0,274.0,,,,,34.0,0.18717718686799711,1.0
1.0,1.0,fast_ripple,sub-10,3,5.0,5.0,34,plain,,1.0,0.6666666666666666,1.0,5.0,5.0,0.0,0.0,34.0,0.08823529411764706,0.0,0.0,,,
1.0,1.0,fast_ripple,sub-10,3,5.0,5.0,34,multiplied,1.25,1.0,0.3333333333333333,1.0,2.0,2.0,0.0,0.0,,,,,2.0,0.9558823529411765,0.0
1.0,1.0,fast_ripple,sub-10,3,5.0,5.0,34,multiplied,1.5,1.0,0.3333333333333333,1.0,1.0,1.0,0.0,0.0,,,,,2.0,0.9485294117647058,0.0
,,fast_ripple,sub-10,3,5.0,5.0,34,multiplied,2.0,,,1.0,0.0,0.0,0.0,0.0,,,,,2.0,0.9411764705882353,1.0
0.13157894736842105,0.13157894736842105,ripple,sub-10,3,2.0,1330.0,11,plain,,0.0,0.3333333333333333,0.0,1330.0,175.0,0.0,1155.0,11.0,0.2727272727272727,0.0,0.0,,,
0.13443396226415094,0.13443396226415094,ripple,sub-10,3,2.0,1330.0,11,multiplied,1.25,0.0,0.0,0.0,848.0,114.0,0.0,734.0,,,,,34.0,0.6074403352088928,0.0
0.15310077519379844,0.15310077519379844,ripple,sub-10,3,2.0,1330.0,11,multiplied,1.5,0.0,0.3333333333333333,0.0,516.0,79.0,0.0,437.0,,,,,34.0,0.3371782409410147,0.0
0.17061611374407584,0.17061611374407584,ripple,sub-10,3,2.0,1330.0,11,multiplied,2.0,0.0,0.0,0.0,211.0,36.0,0.0,175.0,,,,,34.0,0.12897450739445268,0.0
0.6,0.6,fast_ripple,sub-10,4,5.0,5.0,34,plain,,1.0,0.3333333333333333,1.0,5.0,3.0,0.0,2.0,34.0,0.08823529411764706,0.0,0.0,,,
1.0,1.0,fast_ripple,sub-10,4,5.0,5.0,34,multiplied,1.25,1.0,0.3333333333333333,1.0,2.0,2.0,0.0,0.0,,,,,3.0,0.9117647058823529,0.0
,,fast_ripple,sub-10,4,5.0,5.0,34,multiplied,1.5,,,1.0,0.0,0.0,0.0,0.0,,,,,4.0,0.8823529411764706,1.0
,,fast_ripple,sub-10,4,5.0,5.0,34,multiplied,2.0,,,1.0,0.0,0.0,0.0,0.0,,,,,4.0,0.8823529411764706,1.0
0.12249134948096886,0.12249134948096886,ripple,sub-10,4,2.0,1445.0,14,plain,,0.0,0.0,0.0,1445.0,177.0,0.0,1268.0,14.0,0.21428571428571427,0.0,0.0,,,
0.12551867219917012,0.12551867219917012,ripple,sub-10,4,2.0,1445.0,14,multiplied,1.25,0.0,0.0,0.0,964.0,121.0,0.0,843.0,,,,,34.0,0.6354737584723219,1.0
0.12859560067681894,0.12859560067681894,ripple,sub-10,4,2.0,1445.0,14,multiplied,1.5,0.0,0.0,0.0,591.0,76.0,0.0,515.0,,,,,34.0,0.3730924851324115,1.0
0.11923076923076924,0.11923076923076924,ripple,sub-10,4,2.0,1445.0,14,multiplied,2.0,0.0,0.0,0.0,260.0,31.0,0.0,229.0,,,,,34.0,0.14910544074616708,1.0
0.39097744360902253,0.39097744360902253,fast_ripple,sub-11,0,5.0,266.0,4,plain,,1.0,0.6666666666666666,1.0,266.0,104.0,0.0,162.0,4.0,0.5,0.0,0.0,,,
0.30857142857142855,0.30857142857142855,fast_ripple,sub-11,0,5.0,266.0,4,multiplied,1.25,0.0,0.3333333333333333,0.0,175.0,54.0,0.0,121.0,,,,,17.0,0.850935262902398,1.0
0.23140495867768596,0.23140495867768596,fast_ripple,sub-11,0,5.0,266.0,4,multiplied,1.5,0.0,0.3333333333333333,0.0,121.0,28.0,0.0,93.0,,,,,18.0,0.8049335729140444,1.0
0.09523809523809523,0.09523809523809523,fast_ripple,sub-11,0,5.0,266.0,4,multiplied,2.0,0.0,0.0,0.0,63.0,6.0,0.0,57.0,,,,,18.0,0.7606548874231657,1.0
0.13067807768268597,0.14647794601711653,ripple,sub-11,0,2.0,3038.0,2,plain,,1.0,1.0,1.0,3038.0,397.0,48.0,2593.0,2.0,1.0,1.0,0.0,,,
0.15281757402101243,0.17096466093600765,ripple,sub-11,0,2.0,3038.0,2,multiplied,1.25,1.0,0.6666666666666666,1.0,2094.0,320.0,38.0,1736.0,,,,,64.0,0.6456045246616274,0.0
0.17642698295033357,0.20088954781319496,ripple,sub-11,0,2.0,3038.0,2,multiplied,1.5,1.0,0.6666666666666666,1.0,1349.0,238.0,33.0,1078.0,,,,,65.0,0.3663147449896015,0.0
0.20025839793281655,0.22997416020671835,ripple,sub-11,0,2.0,3038.0,2,multiplied,2.0,0.0,0.6666666666666666,1.0,774.0,155.0,23.0,596.0,,,,,65.0,0.1842915788494212,1.0
0.4355400696864111,0.4355400696864111,fast_ripple,sub-11,1,5.0,287.0,4,plain,,1.0,0.6666666666666666,1.0,287.0,125.0,0.0,162.0,4.0,0.5,0.0,0.0,,,
0.3821656050955414,0.3821656050955414,fast_ripple,sub-11,1,5.0,287.0,4,multiplied,1.25,0.0,0.6666666666666666,0.0,157.0,60.0,0.0,97.0,,,,,19.0,0.7909098807764221,1.0
0.31683168316831684,0.31683168316831684,fast_ripple,sub-11,1,5.0,287.0,4,multiplied,1.5,0.0,0.3333333333333333,0.0,101.0,32.0,0.0,69.0,,,,,20.0,0.7441064941046145,1.0
0.18604651162790697,0.18604651162790697,fast_ripple,sub-11,1,5.0,287.0,4,multiplied,2.0,0.0,0.3333333333333333,0.0,43.0,8.0,0.0,35.0,,,,,20.0,0.717790115933913,1.0
0.14361370716510904,0.16853582554517135,ripple,sub-11,1,2.0,3210.0,2,plain,,1.0,1.0,1.0,3210.0,461.0,80.0,2669.0,2.0,1.0,1.0,0.0,,,
0.1740139211136891,0.20185614849187936,ripple,sub-11,1,2.0,3210.0,2,multiplied,1.25,1.0,1.0,1.0,2155.0,375.0,60.0,1720.0,,,,,65.0,0.6044826424986555,0.0
0.20608575380359612,0.23789764868603042,ripple,sub-11,1,2.0,3210.0,2,multiplied,1.5,1.0,0.6666666666666666,1.0,1446.0,298.0,46.0,1102.0,,,,,65.0,0.36909484313699137,0.0
0.24081115335868186,0.2889733840304182,ripple,sub-11,1,2.0,3210.0,2,multiplied,2.0,1.0,0.6666666666666666,1.0,789.0,190.0,38.0,561.0,,,,,65.0,0.16558911462000098,1.0
0.5306122448979592,0.5306122448979592,fast_ripple,sub-11,2,5.0,196.0,2,plain,,1.0,0.6666666666666666,1.0,196.0,104.0,0.0,92.0,2.0,1.0,1.0,0.0,,,
0.46153846153846156,0.46153846153846156,fast_ripple,sub-11,2,5.0,196.0,2,multiplied,1.25,1.0,0.6666666666666666,1.0,117.0,54.0,0.0,63.0,,,,,13.0,0.8898171061549807,0.0
0.3684210526315789,0.3684210526315789,fast_ripple,sub-11,2,5.0,196.0,2,multiplied,1.5,1.0,0.3333333333333333,1.0,76.0,28.0,0.0,48.0,,,,,14.0,0.8471941120983215,0.0
0.1724137931034483,0.1724137931034483,fast_ripple,sub-11,2,5.0,196.0,2,multiplied,2.0,0.0,0.3333333333333333,1.0,29.0,5.0,0.0,24.0,,,,,14.0,0.8089314315968033,1.0
0.13925729442970822,0.15881962864721486,ripple,sub-11,2,2.0,3016.0,2,plain,,1.0,1.0,1.0,3016.0,420.0,59.0,2537.0,2.0,1.0,1.0,0.0,,,
0.16411270390509144,0.1883341571922887,ripple,sub-11,2,2.0,3016.0,2,multiplied,1.25,1.0,1.0,1.0,2023.0,332.0,49.0,1642.0,,,,,65.0,0.6236228795291362,0.0
0.2017001545595054,0.2302936630602782,ripple,sub-11,2,2.0,3016.0,2,multiplied,1.5,1.0,0.6666666666666666,1.0,1294.0,261.0,37.0,996.0,,,,,65.0,0.35215876836505167,0.0
0.24175824175824176,0.27001569858712715,ripple,sub-11,2,2.0,3016.0,2,multiplied,2.0,1.0,0.6666666666666666,1.0,637.0,154.0,18.0,465.0,,,,,65.0,0.15168462736142366,0.0
0.4186046511627907,0.42151162790697677,fast_ripple,sub-11,3,5.0,344.0,4,plain,,1.0,0.6666666666666666,1.0,344.0,144.0,1.0,199.0,4.0,0.5,0.0,0.0,,,
0.3562231759656652,0.3605150214592275,fast_ripple,sub-11,3,5.0,344.0,4,multiplied,1.25,0.0,0.3333333333333333,1.0,233.0,83.0,1.0,149.0,,,,,15.0,0.8778678403299278,0.0
0.25,0.25625,fast_ripple,sub-11,3,5.0,344.0,4,multiplied,1.5,0.0,0.3333333333333333,0.0,160.0,40.0,1.0,119.0,,,,,15.0,0.834371747467198,1.0
0.1276595744680851,0.1276595744680851,fast_ripple,sub-11,3,5.0,344.0,4,multiplied,2.0,0.0,0.0,0.0,94.0,12.0,0.0,82.0,,,,,17.0,0.7762161214257557,1.0
0.14601344860710855,0.17195004803073968,ripple,sub-11,3,2.0,3123.0,2,plain,,1.0,1.0,1.0,3123.0,456.0,81.0,2586.0,2.0,1.0,1.0,0.0,,,
0.17449976733364356,0.20521172638436483,ripple,sub-11,3,2.0,3123.0,2,multiplied,1.25,1.0,1.0,1.0,2149.0,375.0,66.0,1708.0,,,,,65.0,0.6332942056698618,0.0
0.2064343163538874,0.2432975871313673,ripple,sub-11,3,2.0,3123.0,2,multiplied,1.5,1.0,1.0,1.0,1492.0,308.0,55.0,1129.0,,,,,65.0,0.4012003920320187,1.0
0.248,0.29028571428571426,ripple,sub-11,3,2.0,3123.0,2,multiplied,2.0,1.0,1.0,1.0,875.0,217.0,37.0,621.0,,,,,65.0,0.20110363167066422,1.0
0.4264705882352941,0.4264705882352941,fast_ripple,sub-11,4,5.0,272.0,4,plain,,1.0,0.6666666666666666,1.0,272.0,116.0,0.0,156.0,4.0,0.5,0.0,0.0,,,
0.4012345679012346,0.4012345679012346,fast_ripple,sub-11,4,5.0,272.0,4,multiplied,1.25,1.0,0.6666666666666666,1.0,162.0,65.0,0.0,97.0,,,,,18.0,0.8243688525721732,0.0
0.2962962962962963,0.2962962962962963,fast_ripple,sub-11,4,5.0,272.0,4,multiplied,1.5,0.0,0.3333333333333333,0.0,108.0,32.0,0.0,76.0,,,,,18.0,0.789666012319339,1.0
0.19672131147540983,0.19672131147540983,fast_ripple,sub-11,4,5.0,272.0,4,multiplied,2.0,0.0,0.3333333333333333,0.0,61.0,12.0,0.0,49.0,,,,,19.0,0.753138039393526,1.0
0.1368724016629357,0.1576590981771666,ripple,sub-11,4,2.0,3127.0,2,plain,,1.0,1.0,1.0,3127.0,428.0,65.0,2634.0,2.0,1.0,1.0,0.0,,,
0.15801561782269177,0.18511713367018834,ripple,sub-11,4,2.0,3127.0,2,multiplied,1.25,1.0,1.0,1.0,2177.0,344.0,59.0,1774.0,,,,,65.0,0.64764437853961,0.0
0.18700787401574803,0.21916010498687663,ripple,sub-11,4,2.0,3127.0,2,multiplied,1.5,1.0,0.6666666666666666,1.0,1524.0,285.0,49.0,1190.0,,,,,65.0,0.40803848470840187,0.0
0.21251475796930341,0.2538370720188902,ripple,sub-11,4,2.0,3127.0,2,multiplied,2.0,1.0,0.6666666666666666,1.0,847.0,180.0,35.0,632.0,,,,,65.0,0.19865037898150364,1.0
0.8333333333333334,1.0,fast_ripple,sub-12,0,5.0,6.0,37,plain,,1.0,1.0,1.0,6.0,5.0,1.0,0.0,37.0,0.5945945945945946,0.0,0.0,,,
1.0,1.0,fast_ripple,sub-12,0,5.0,6.0,37,multiplied,1.25,1.0,1.0,1.0,3.0,3.0,0.0,0.0,,,,,3.0,0.9324324324324325,1.0
1.0,1.0,fast_ripple,sub-12,0,5.0,6.0,37,multiplied,1.5,1.0,1.0,1.0,3.0,3.0,0.0,0.0,,,,,3.0,0.9324324324324325,1.0
1.0,1.0,fast_ripple,sub-12,0,5.0,6.0,37,multiplied,2.0,1.0,1.0,1.0,2.0,2.0,0.0,0.0,,,,,4.0,0.9054054054054054,1.0
0.6078048780487805,0.7346341463414634,ripple,sub-12,0,2.0,1025.0,23,plain,,0.0,0.3333333333333333,0.0,1025.0,623.0,130.0,272.0,23.0,0.6521739130434783,0.0,0.0,,,
0.5610619469026549,0.7079646017699115,ripple,sub-12,0,2.0,1025.0,23,multiplied,1.25,0.0,0.3333333333333333,0.0,565.0,317.0,83.0,165.0,,,,,37.0,0.5302559785748797,0.0
0.47924528301886793,0.660377358490566,ripple,sub-12,0,2.0,1025.0,23,multiplied,1.5,0.0,0.3333333333333333,0.0,265.0,127.0,48.0,90.0,,,,,37.0,0.23265742549841248,0.0
0.410958904109589,0.6027397260273972,ripple,sub-12,0,2.0,1025.0,23,multiplied,2.0,0.0,0.0,0.0,73.0,30.0,14.0,29.0,,,,,37.0,0.058402720103008544,0.0
0.6666666666666666,1.0,fast_ripple,sub-12,1,5.0,3.0,37,plain,,1.0,0.6666666666666666,1.0,3.0,2.0,1.0,0.0,37.0,0.5945945945945946,0.0,0.0,,,
1.0,1.0,fast_ripple,sub-12,1,5.0,3.0,37,multiplied,1.25,1.0,1.0,1.0,2.0,2.0,0.0,0.0,,,,,1.0,0.972972972972973,0.0
1.0,1.0,fast_ripple,sub-12,1,5.0,3.0,37,multiplied,1.5,1.0,1.0,1.0,1.0,1.0,0.0,0.0,,,,,2.0,0.9594594594594594,0.0
,,fast_ripple,sub-12,1,5.0,3.0,37,multiplied,2.0,,,0.0,0.0,0.0,0.0,0.0,,,,,2.0,0.9459459459459459,1.0
0.5874060150375939,0.7274436090225563,ripple,sub-12,1,2.0,1064.0,23,plain,,0.0,0.3333333333333333,0.0,1064.0,625.0,149.0,290.0,23.0,0.5217391304347826,0.0,0.0,,,
0.572463768115942,0.717391304347826,ripple,sub-12,1,2.0,1064.0,23,multiplied,1.25,0.0,0.3333333333333333,0.0,552.0,316.0,80.0,156.0,,,,,37.0,0.48878451249110694,1.0
0.5413533834586466,0.7293233082706767,ripple,sub-12,1,2.0,1064.0,23,multiplied,1.5,0.0,0.3333333333333333,0.0,266.0,144.0,50.0,72.0,,,,,37.0,0.225905917622169,1.0
0.49295774647887325,0.6901408450704225,ripple,sub-12,1,2.0,1064.0,23,multiplied,2.0,0.0,0.3333333333333333,0.0,71.0,35.0,14.0,22.0,,,,,37.0,0.05651397517103541,0.0
0.8,0.8,fast_ripple,sub-12,2,5.0,5.0,37,plain,,1.0,0.6666666666666666,1.0,5.0,4.0,0.0,1.0,37.0,0.5945945945945946,0.0,0.0,,,
1.0,1.0,fast_ripple,sub-12,2,5.0,5.0,37,multiplied,1.25,1.0,1.0,1.0,1.0,1.0,0.0,0.0,,,,,3.0,0.9324324324324325,1.0
1.0,1.0,fast_ripple,sub-12,2,5.0,5.0,37,multiplied,1.5,1.0,1.0,1.0,1.0,1.0,0.0,0.0,,,,,3.0,0.9324324324324325,1.0
,,fast_ripple,sub-12,2,5.0,5.0,37,multiplied,2.0,,,0.0,0.0,0.0,0.0,0.0,,,,,3.0,0.918918918918919,1.0
0.582909460834181,0.7243133265513734,ripple,sub-12,2,2.0,983.0,14,plain,,0.0,0.6666666666666666,0.0,983.0,573.0,139.0,271.0,14.0,0.5714285714285714,0.0,0.0,,,
0.5695732838589982,0.7179962894248608,ripple,sub-12,2,2.0,983.0,14,multiplied,1.25,0.0,0.3333333333333333,0.0,539.0,307.0,80.0,152.0,,,,,37.0,0.5335561715933643,0.0
0.5776892430278885,0.7171314741035857,ripple,sub-12,2,2.0,983.0,14,multiplied,1.5,0.0,0.3333333333333333,0.0,251.0,145.0,35.0,71.0,,,,,37.0,0.2374096196611534,0.0
0.5846153846153846,0.6923076923076923,ripple,sub-12,2,2.0,983.0,14,multiplied,2.0,1.0,0.6666666666666666,1.0,65.0,38.0,7.0,20.0,,,,,37.0,0.05127640291682928,1.0
0.6,0.6,fast_ripple,sub-12,3,5.0,5.0,37,plain,,1.0,1.0,0.0,5.0,3.0,0.0,2.0,37.0,0.5945945945945946,0.0,0.0,,,
0.5,0.5,fast_ripple,sub-12,3,5.0,5.0,37,multiplied,1.25,1.0,0.6666666666666666,0.0,4.0,2.0,0.0,2.0,,,,,1.0,0.972972972972973,0.0
0.5,0.5,fast_ripple,sub-12,3,5.0,5.0,37,multiplied,1.5,1.0,0.6666666666666666,0.0,2.0,1.0,0.0,1.0,,,,,3.0,0.918918918918919,1.0
,,fast_ripple,sub-12,3,5.0,5.0,37,multiplied,2.0,,,0.0,0.0,0.0,0.0,0.0,,,,,5.0,0.8648648648648649,1.0
0.5816733067729084,0.7131474103585658,ripple,sub-12,3,2.0,1004.0,13,plain,,0.0,0.3333333333333333,0.0,1004.0,584.0,132.0,288.0,13.0,0.5384615384615384,0.0,0.0,,,
0.5681818181818182,0.7097902097902098,ripple,sub-12,3,2.0,1004.0,13,multiplied,1.25,0.0,0.3333333333333333,0.0,572.0,325.0,81.0,166.0,,,,,37.0,0.5523837148433739,0.0
0.5649122807017544,0.7052631578947368,ripple,sub-12,3,2.0,1004.0,13,multiplied,1.5,1.0,0.3333333333333333,0.0,285.0,161.0,40.0,84.0,,,,,37.0,0.26353230613300344,0.0
0.5053763440860215,0.6774193548387096,ripple,sub-12,3,2.0,1004.0,13,multiplied,2.0,0.0,0.3333333333333333,0.0,93.0,47.0,16.0,30.0,,,,,37.0,0.07610424906582838,0.0
1.0,1.0,fast_ripple,sub-12,4,5.0,2.0,37,plain,,1.0,1.0,1.0,2.0,2.0,0.0,0.0,37.0,0.5945945945945946,0.0,0.0,,,
,,fast_ripple,sub-12,4,5.0,2.0,37,multiplied,1.25,,,0.0,0.0,0.0,0.0,0.0,,,,,2.0,0.9459459459459459,1.0
,,fast_ripple,sub-12,4,5.0,2.0,37,multiplied,1.5,,,0.0,0.0,0.0,0.0,0.0,,,,,2.0,0.9459459459459459,1.0
,,fast_ripple,sub-12,4,5.0,2.0,37,multiplied,2.0,,,0.0,0.0,0.0,0.0,0.0,,,,,2.0,0.9459459459459459,1.0
0.5741106719367589,0.7312252964426877,ripple,sub-12,4,2.0,1012.0,8,plain,,0.0,0.3333333333333333,0.0,1012.0,581.0,159.0,272.0,8.0,0.375,0.0,0.0,,,
0.5827338129496403,0.7284172661870504,ripple,sub-12,4,2.0,1012.0,8,multiplied,1.25,1.0,0.3333333333333333,1.0,556.0,324.0,81.0,151.0,,,,,37.0,0.5255324256388693,1.0
0.5526315789473685,0.7105263157894737,ripple,sub-12,4,2.0,1012.0,8,multiplied,1.5,0.0,0.6666666666666666,1.0,266.0,147.0,42.0,77.0,,,,,37.0,0.2340382826391454,1.0
0.6172839506172839,0.7654320987654321,ripple,sub-12,4,2.0,1012.0,8,multiplied,2.0,1.0,1.0,1.0,81.0,50.0,12.0,19.0,,,,,37.0,0.0638492394962452,1.0
0.9026548672566371,0.9911504424778761,fast_ripple,sub-13,0,5.0,113.0,1,plain,,1.0,1.0,1.0,113.0,102.0,10.0,1.0,1.0,1.0,1.0,1.0,,,
0.9456521739130435,1.0,fast_ripple,sub-13,0,5.0,113.0,1,multiplied,1.25,1.0,1.0,1.0,92.0,87.0,5.0,0.0,,,,,5.0,0.9600456174649723,0.0
0.9365079365079365,1.0,fast_ripple,sub-13,0,5.0,113.0,1,multiplied,1.5,1.0,1.0,1.0,63.0,59.0,4.0,0.0,,,,,5.0,0.9380130335614205,0.0
0.9428571428571428,1.0,fast_ripple,sub-13,0,5.0,113.0,1,multiplied,2.0,1.0,1.0,1.0,35.0,33.0,2.0,0.0,,,,,5.0,0.9181837732160312,0.0
0.16194158075601375,0.1958762886597938,ripple,sub-13,0,2.0,2328.0,2,plain,,1.0,1.0,1.0,2328.0,377.0,79.0,1872.0,2.0,1.0,1.0,0.0,,,
0.19348659003831417,0.23754789272030652,ripple,sub-13,0,2.0,2328.0,2,multiplied,1.25,1.0,1.0,1.0,1566.0,303.0,69.0,1194.0,,,,,50.0,0.6410279947135646,0.0
0.2490234375,0.298828125,ripple,sub-13,0,2.0,2328.0,2,multiplied,1.5,1.0,1.0,1.0,1024.0,255.0,51.0,718.0,,,,,50.0,0.38971466359779355,0.0
0.4077669902912621,0.48349514563106794,ripple,sub-13,0,2.0,2328.0,2,multiplied,2.0,1.0,1.0,1.0,515.0,210.0,39.0,266.0,,,,,50.0,0.15939035733092305,0.0
0.8571428571428571,0.9821428571428571,fast_ripple,sub-13,1,5.0,112.0,1,plain,,1.0,0.6666666666666666,1.0,112.0,96.0,14.0,2.0,1.0,1.0,1.0,1.0,,,
0.8955223880597015,1.0,fast_ripple,sub-13,1,5.0,112.0,1,multiplied,1.25,1.0,0.6666666666666666,1.0,67.0,60.0,7.0,0.0,,,,,6.0,0.9274680306905371,0.0
0.9534883720930233,1.0,fast_ripple,sub-13,1,5.0,112.0,1,multiplied,1.5,1.0,1.0,1.0,43.0,41.0,2.0,0.0,,,,,6.0,0.9069645597369381,0.0
1.0,1.0,fast_ripple,sub-13,1,5.0,112.0,1,multiplied,2.0,1.0,1.0,1.0,22.0,22.0,0.0,0.0,,,,,6.0,0.8934066496163683,0.0
0.16637478108581435,0.20140105078809106,ripple,sub-13,1,2.0,2284.0,3,plain,,1.0,1.0,1.0,2284.0,380.0,80.0,1824.0,3.0,1.0,1.0,0.0,,,
0.21083172147001933,0.2559638942617666,ripple,sub-13,1,2.0,2284.0,3,multiplied,1.25,1.0,1.0,1.0,1551.0,327.0,70.0,1154.0,,,,,50.0,0.6434014603008141,0.0
0.28078817733990147,0.3330049261083744,ripple,sub-13,1,2.0,2284.0,3,multiplied,1.5,1.0,1.0,1.0,1015.0,285.0,53.0,677.0,,,,,50.0,0.38750267453937554,0.0
0.4543524416135881,0.5307855626326964,ripple,sub-13,1,2.0,2284.0,3,multiplied,2.0,1.0,1.0,1.0,471.0,214.0,36.0,221.0,,,,,50.0,0.14522092118104352,0.0
0.8617021276595744,0.9893617021276596,fast_ripple,sub-13,2,5.0,94.0,1,plain,,1.0,1.0,1.0,94.0,81.0,12.0,1.0,1.0,1.0,1.0,1.0,,,
0.9333333333333333,1.0,fast_ripple,sub-13,2,5.0,94.0,1,multiplied,1.25,1.0,1.0,1.0,60.0,56.0,4.0,0.0,,,,,5.0,0.9456689342403628,0.0
0.9393939393939394,1.0,fast_ripple,sub-13,2,5.0,94.0,1,multiplied,1.5,1.0,1.0,1.0,33.0,31.0,2.0,0.0,,,,,5.0,0.921859410430839,0.0
1.0,1.0,fast_ripple,sub-13,2,5.0,94.0,1,multiplied,2.0,1.0,0.6666666666666666,1.0,12.0,12.0,0.0,0.0,,,,,5.0,0.9063038548752834,0.0
0.16904761904761906,0.1980952380952381,ripple,sub-13,2,2.0,2100.0,2,plain,,1.0,1.0,1.0,2100.0,355.0,61.0,1684.0,2.0,1.0,1.0,0.0,,,
0.22181551976573938,0.2554904831625183,ripple,sub-13,2,2.0,2100.0,2,multiplied,1.25,1.0,1.0,1.0,1366.0,303.0,46.0,1017.0,,,,,50.0,0.6181005135992232,0.0
0.3036144578313253,0.3469879518072289,ripple,sub-13,2,2.0,2100.0,2,multiplied,1.5,1.0,1.0,1.0,830.0,252.0,36.0,542.0,,,,,50.0,0.34356300490158254,0.0
0.4937655860349127,0.5586034912718204,ripple,sub-13,2,2.0,2100.0,2,multiplied,2.0,1.0,1.0,1.0,401.0,198.0,26.0,177.0,,,,,50.0,0.1328814373525306,0.0
0.9166666666666666,0.9880952380952381,fast_ripple,sub-13,3,5.0,84.0,1,plain,,1.0,1.0,1.0,84.0,77.0,6.0,1.0,1.0,1.0,1.0,1.0,,,
0.88,1.0,fast_ripple,sub-13,3,5.0,84.0,1,multiplied,1.25,1.0,0.6666666666666666,1.0,50.0,44.0,6.0,0.0,,,,,4.0,0.9533240093240093,0.0
0.9166666666666666,1.0,fast_ripple,sub-13,3,5.0,84.0,1,multiplied,1.5,1.0,0.6666666666666666,1.0,36.0,33.0,3.0,0.0,,,,,5.0,0.9351157731157731,0.0
1.0,1.0,fast_ripple,sub-13,3,5.0,84.0,1,multiplied,2.0,1.0,0.6666666666666666,1.0,12.0,12.0,0.0,0.0,,,,,5.0,0.9067132867132867,0.0
0.16964717254712422,0.19816336394393427,ripple,sub-13,3,2.0,2069.0,2,plain,,1.0,1.0,1.0,2069.0,351.0,59.0,1659.0,2.0,1.0,1.0,0.0,,,
0.21501457725947523,0.24927113702623907,ripple,sub-13,3,2.0,2069.0,2,multiplied,1.25,1.0,1.0,1.0,1372.0,295.0,47.0,1030.0,,,,,50.0,0.6284939635639951,0.0
0.29058823529411765,0.33294117647058824,ripple,sub-13,3,2.0,2069.0,2,multiplied,1.5,1.0,1.0,1.0,850.0,247.0,36.0,567.0,,,,,50.0,0.35318424295918105,0.0
0.4760705289672544,0.5239294710327456,ripple,sub-13,3,2.0,2069.0,2,multiplied,2.0,1.0,1.0,1.0,397.0,189.0,19.0,189.0,,,,,50.0,0.13266887579397324,0.0
0.9454545454545454,1.0,fast_ripple,sub-13,4,5.0,55.0,1,plain,,1.0,1.0,1.0,55.0,52.0,3.0,0.0,1.0,1.0,1.0,1.0,,,
0.925,1.0,fast_ripple,sub-13,4,5.0,55.0,1,multiplied,1.25,1.0,0.6666666666666666,1.0,40.0,37.0,3.0,0.0,,,,,3.0,0.9810852713178295,0.0
0.923076923076923,1.0,fast_ripple,sub-13,4,5.0,55.0,1,multiplied,1.5,1.0,0.6666666666666666,1.0,25.999999999999996,23.999999999999996,2.0,0.0,,,,,4.0,0.9506976744186048,0.0
0.8571428571428571,1.0,fast_ripple,sub-13,4,5.0,55.0,1,multiplied,2.0,1.0,0.3333333333333333,1.0,7.0,6.0,1.0,0.0,,,,,4.0,0.9294573643410853,0.0
0.14189837008628955,0.17353787152444872,ripple,sub-13,4,2.0,2086.0,1,plain,,1.0,1.0,1.0,2086.0,296.0,66.0,1724.0,1.0,1.0,1.0,1.0,,,
0.1786492374727669,0.20915032679738563,ripple,sub-13,4,2.0,2086.0,1,multiplied,1.25,1.0,1.0,1.0,1377.0,246.0,42.0,1089.0,,,,,50.0,0.6364631449440656,0.0
0.24439197166469895,0.27863046044864226,ripple,sub-13,4,2.0,2086.0,1,multiplied,1.5,1.0,1.0,1.0,847.0,207.0,29.0,611.0,,,,,50.0,0.36970511136986983,0.0
0.40591397849462363,0.4543010752688172,ripple,sub-13,4,2.0,2086.0,1,multiplied,2.0,1.0,1.0,1.0,372.0,151.0,18.0,203.0,,,,,50.0,0.13584483896049313,0.0
0.3,0.5,fast_ripple,sub-14,0,5.0,30.0,11,plain,,1.0,0.3333333333333333,1.0,30.0,9.0,6.0,15.0,11.0,0.09090909090909091,0.0,0.0,,,
0.36363636363636365,0.6363636363636364,fast_ripple,sub-14,0,5.0,30.0,11,multiplied,1.25,1.0,0.3333333333333333,1.0,11.0,4.0,3.0,4.0,,,,,9.0,0.8432098765432099,0.0
0.4444444444444444,0.7777777777777778,fast_ripple,sub-14,0,5.0,30.0,11,multiplied,1.5,1.0,0.3333333333333333,1.0,9.0,4.0,3.0,2.0,,,,,10.0,0.8098765432098765,0.0
0.0,1.0,fast_ripple,sub-14,0,5.0,30.0,11,multiplied,2.0,0.0,0.0,0.0,1.0,0.0,1.0,0.0,,,,,11.0,0.7592592592592594,1.0
0.045425463851567496,0.08445297504798464,ripple,sub-14,0,2.0,1563.0,12,plain,,0.0,0.3333333333333333,0.0,1563.0,71.0,61.0,1431.0,12.0,0.08333333333333333,0.0,0.0,,,
0.05934065934065934,0.1087912087912088,ripple,sub-14,0,2.0,1563.0,12,multiplied,1.25,1.0,0.3333333333333333,1.0,910.0,54.0,45.0,811.0,,,,,45.0,0.5557030517180824,1.0
0.07261410788381743,0.14522821576763487,ripple,sub-14,0,2.0,1563.0,12,multiplied,1.5,0.0,0.3333333333333333,1.0,482.0,35.0,35.0,412.0,,,,,45.0,0.2670619908782405,1.0
0.1320754716981132,0.27672955974842767,ripple,sub-14,0,2.0,1563.0,12,multiplied,2.0,0.0,0.3333333333333333,0.0,159.0,21.0,23.0,115.0,,,,,45.0,0.07709943014768979,1.0
0.11538461538461539,0.4230769230769231,fast_ripple,sub-14,1,5.0,26.0,11,plain,,0.0,0.3333333333333333,0.0,26.0,3.0,8.0,15.0,11.0,0.09090909090909091,0.0,0.0,,,
0.14285714285714285,0.8571428571428571,fast_ripple,sub-14,1,5.0,26.0,11,multiplied,1.25,0.0,0.3333333333333333,0.0,7.0,1.0,5.0,1.0,,,,,11.0,0.7824074074074073,0.0
0.0,1.0,fast_ripple,sub-14,1,5.0,26.0,11,multiplied,1.5,0.0,0.0,0.0,3.0,0.0,3.0,0.0,,,,,11.0,0.7638888888888888,0.0
,,fast_ripple,sub-14,1,5.0,26.0,11,multiplied,2.0,,,0.0,0.0,0.0,0.0,0.0,,,,,11.0,0.7555555555555555,1.0
0.03841870824053452,0.07126948775055679,ripple,sub-14,1,2.0,1796.0,19,plain,,0.0,0.3333333333333333,0.0,1796.0,69.0,59.0,1668.0,19.0,0.05263157894736842,0.0,0.0,,,
0.04284490145672665,0.08483290488431877,ripple,sub-14,1,2.0,1796.0,19,multiplied,1.25,0.0,0.3333333333333333,0.0,1167.0,50.0,49.0,1068.0,,,,,45.0,0.6153865349980143,1.0
0.059084194977843424,0.10782865583456426,ripple,sub-14,1,2.0,1796.0,19,multiplied,1.5,1.0,0.3333333333333333,1.0,677.0,40.0,33.0,604.0,,,,,45.0,0.3233964767513759,1.0
0.07335907335907337,0.16216216216216217,ripple,sub-14,1,2.0,1796.0,19,multiplied,2.0,0.0,0.3333333333333333,0.0,259.0,19.0,23.0,217.0,,,,,45.0,0.1093142245554198,1.0
0.12658227848101267,0.22784810126582278,fast_ripple,sub-14,2,5.0,79.0,3,plain,,0.0,0.3333333333333333,0.0,79.0,10.0,8.0,61.0,3.0,0.3333333333333333,0.0,0.0,,,
0.125,0.34375,fast_ripple,sub-14,2,5.0,79.0,3,multiplied,1.25,0.0,0.3333333333333333,0.0,32.0,4.0,7.0,21.0,,,,,14.0,0.7464285714285714,0.0
0.23076923076923078,0.5384615384615384,fast_ripple,sub-14,2,5.0,79.0,3,multiplied,1.5,0.0,0.3333333333333333,0.0,13.0,3.0,4.0,6.0,,,,,15.0,0.6888888888888889,0.0
0.0,0.75,fast_ripple,sub-14,2,5.0,79.0,3,multiplied,2.0,0.0,0.0,0.0,4.0,0.0,3.0,1.0,,,,,16.0,0.6536666666666666,1.0
0.04805491990846682,0.08524027459954234,ripple,sub-14,2,2.0,1748.0,8,plain,,1.0,0.3333333333333333,1.0,1748.0,84.0,65.0,1599.0,8.0,0.125,0.0,0.0,,,
0.0610200364298725,0.1092896174863388,ripple,sub-14,2,2.0,1748.0,8,multiplied,1.25,1.0,0.3333333333333333,1.0,1098.0,67.0,53.0,978.0,,,,,45.0,0.5963949950287682,0.0
0.08024691358024691,0.14660493827160495,ripple,sub-14,2,2.0,1748.0,8,multiplied,1.5,1.0,0.3333333333333333,1.0,648.0,52.0,43.0,553.0,,,,,45.0,0.3349110740206046,0.0
0.1322314049586777,0.25206611570247933,ripple,sub-14,2,2.0,1748.0,8,multiplied,2.0,1.0,0.3333333333333333,1.0,242.0,32.0,29.0,181.0,,,,,45.0,0.11105854075483018,0.0
0.10204081632653061,0.16326530612244897,fast_ripple,sub-14,3,5.0,49.0,7,plain,,0.0,0.3333333333333333,0.0,49.0,5.0,3.0,41.0,7.0,0.14285714285714285,0.0,0.0,,,
0.18181818181818182,0.2727272727272727,fast_ripple,sub-14,3,5.0,49.0,7,multiplied,1.25,0.0,0.3333333333333333,0.0,11.0,2.0,1.0,8.0,,,,,15.0,0.7088888888888889,0.0
0.25,0.25,fast_ripple,sub-14,3,5.0,49.0,7,multiplied,1.5,1.0,0.3333333333333333,0.0,4.0,1.0,0.0,3.0,,,,,15.0,0.6877777777777777,1.0
,,fast_ripple,sub-14,3,5.0,49.0,7,multiplied,2.0,,,0.0,0.0,0.0,0.0,0.0,,,,,15.0,0.6666666666666666,1.0
0.03891891891891892,0.08,ripple,sub-14,3,2.0,1850.0,13,plain,,0.0,0.0,0.0,1850.0,72.0,76.0,1702.0,13.0,0.07692307692307693,0.0,0.0,,,
0.045689655172413794,0.09655172413793103,ripple,sub-14,3,2.0,1850.0,13,multiplied,1.25,0.0,0.0,0.0,1160.0,53.0,59.0,1048.0,,,,,45.0,0.5771291510642212,1.0
0.05412719891745602,0.11907983761840325,ripple,sub-14,3,2.0,1850.0,13,multiplied,1.5,0.0,0.3333333333333333,0.0,739.0,40.0,48.0,651.0,,,,,45.0,0.35412983232587236,1.0
0.10344827586206896,0.20689655172413793,ripple,sub-14,3,2.0,1850.0,13,multiplied,2.0,0.0,0.3333333333333333,1.0,319.0,33.0,33.0,253.0,,,,,45.0,0.13879267090082845,1.0
0.3,0.6,fast_ripple,sub-14,4,5.0,10.0,45,plain,,0.0,0.3333333333333333,1.0,10.0,3.0,3.0,4.0,45.0,0.022222222222222223,0.0,0.0,,,
0.0,0.75,fast_ripple,sub-14,4,5.0,10.0,45,multiplied,1.25,0.0,0.0,0.0,4.0,0.0,3.0,1.0,,,,,4.0,0.9111111111111111,1.0
0.0,0.5,fast_ripple,sub-14,4,5.0,10.0,45,multiplied,1.5,0.0,0.0,0.0,2.0,0.0,1.0,1.0,,,,,5.0,0.8962962962962961,1.0
0.0,0.0,fast_ripple,sub-14,4,5.0,10.0,45,multiplied,2.0,0.0,0.0,0.0,1.0,0.0,0.0,1.0,,,,,5.0,0.8888888888888888,1.0
0.050590219224283306,0.09949409780775717,ripple,sub-14,4,2.0,593.0,18,plain,,0.0,0.3333333333333333,0.0,593.0,30.0,29.0,534.0,18.0,0.05555555555555555,0.0,0.0,,,
0.07520891364902507,0.1309192200557103,ripple,sub-14,4,2.0,593.0,18,multiplied,1.25,1.0,0.3333333333333333,1.0,359.0,27.0,20.0,312.0,,,,,45.0,0.5599129775533712,1.0
0.09615384615384616,0.18269230769230768,ripple,sub-14,4,2.0,593.0,18,multiplied,1.5,1.0,0.3333333333333333,1.0,208.0,20.0,18.0,170.0,,,,,45.0,0.2974329381865015,1.0
0.10344827586206896,0.25287356321839083,ripple,sub-14,4,2.0,593.0,18,multiplied,2.0,0.0,0.3333333333333333,0.0,87.0,9.0,13.0,65.0,,,,,45.0,0.10664204028551878,1.0
0.2962962962962963,0.5185185185185185,fast_ripple,sub-15,0,5.0,27.0,12,plain,,1.0,0.3333333333333333,1.0,27.0,8.0,6.0,13.0,12.0,0.25,0.0,0.0,,,
0.2631578947368421,0.5789473684210527,fast_ripple,sub-15,0,5.0,27.0,12,multiplied,1.25,0.0,0.3333333333333333,0.0,19.0,5.0,6.0,8.0,,,,,5.0,0.8814102564102563,1.0
0.3125,0.625,fast_ripple,sub-15,0,5.0,27.0,12,multiplied,1.5,1.0,0.3333333333333333,0.0,16.0,5.0,5.0,6.0,,,,,7.0,0.8256410256410256,1.0
0.3333333333333333,0.6666666666666666,fast_ripple,sub-15,0,5.0,27.0,12,multiplied,2.0,0.0,0.3333333333333333,0.0,12.0,4.0,4.0,4.0,,,,,9.0,0.7230769230769231,1.0
0.1401098901098901,0.23763736263736263,ripple,sub-15,0,2.0,728.0,16,plain,,0.0,0.0,0.0,728.0,102.0,71.0,555.0,16.0,0.125,0.0,0.0,,,
0.14950980392156862,0.26715686274509803,ripple,sub-15,0,2.0,728.0,16,multiplied,1.25,0.0,0.0,0.0,408.0,61.0,48.0,299.0,,,,,26.0,0.5572923145481864,0.0
0.12435233160621761,0.24870466321243523,ripple,sub-15,0,2.0,728.0,16,multiplied,1.5,0.0,0.0,0.0,193.0,24.0,24.0,145.0,,,,,26.0,0.252102169380708,1.0
0.15384615384615385,0.3076923076923077,ripple,sub-15,0,2.0,728.0,16,multiplied,2.0,1.0,0.3333333333333333,0.0,52.0,8.0,8.0,36.0,,,,,26.0,0.06389124920743068,1.0
0.4838709677419355,0.7096774193548387,fast_ripple,sub-15,1,5.0,31.0,10,plain,,1.0,0.6666666666666666,0.0,31.0,15.0,7.0,9.0,10.0,0.4,0.0,0.0,,,
0.4,0.75,fast_ripple,sub-15,1,5.0,31.0,10,multiplied,1.25,0.0,0.3333333333333333,0.0,20.0,8.0,7.0,5.0,,,,,6.0,0.8447802197802198,0.0
0.375,0.75,fast_ripple,sub-15,1,5.0,31.0,10,multiplied,1.5,0.0,0.3333333333333333,0.0,16.0,6.0,6.0,4.0,,,,,8.0,0.771978021978022,0.0
0.3076923076923077,0.6923076923076923,fast_ripple,sub-15,1,5.0,31.0,10,multiplied,2.0,0.0,0.3333333333333333,0.0,13.0,4.0,5.0,4.0,,,,,8.0,0.7417582417582417,0.0
0.1524822695035461,0.2375886524822695,ripple,sub-15,1,2.0,846.0,7,plain,,0.0,0.0,0.0,846.0,129.0,72.0,645.0,7.0,0.14285714285714285,0.0,0.0,,,
0.1575875486381323,0.23540856031128404,ripple,sub-15,1,2.0,846.0,7,multiplied,1.25,0.0,0.0,0.0,514.0,81.0,40.0,393.0,,,,,26.0,0.6029993633664232,0.0
0.17689530685920576,0.2490974729241877,ripple,sub-15,1,2.0,846.0,7,multiplied,1.5,0.0,0.3333333333333333,0.0,277.0,49.0,20.0,208.0,,,,,26.0,0.32049786734182373,1.0
0.18181818181818182,0.20909090909090908,ripple,sub-15,1,2.0,846.0,7,multiplied,2.0,0.0,0.3333333333333333,0.0,110.0,20.0,3.0,87.0,,,,,26.0,0.11071495869847243,0.0
0.32432432432432434,0.35135135135135137,fast_ripple,sub-15,2,5.0,37.0,26,plain,,1.0,0.3333333333333333,0.0,37.0,12.0,1.0,24.0,26.0,0.15384615384615385,0.0,0.0,,,
0.24,0.28,fast_ripple,sub-15,2,5.0,37.0,26,multiplied,1.25,1.0,0.3333333333333333,1.0,25.0,6.0,1.0,18.0,,,,,8.0,0.7826923076923078,1.0
0.2,0.25,fast_ripple,sub-15,2,5.0,37.0,26,multiplied,1.5,1.0,0.3333333333333333,0.0,20.0,4.0,1.0,15.0,,,,,13.0,0.6692307692307692,0.0
0.1875,0.25,fast_ripple,sub-15,2,5.0,37.0,26,multiplied,2.0,0.0,0.3333333333333333,0.0,16.0,3.0,1.0,12.0,,,,,13.0,0.6346153846153846,0.0
0.17747858017135862,0.2778457772337821,ripple,sub-15,2,2.0,817.0,15,plain,,1.0,0.3333333333333333,1.0,817.0,145.0,82.0,590.0,15.0,0.2,0.0,0.0,,,
0.1996124031007752,0.3003875968992248,ripple,sub-15,2,2.0,817.0,15,multiplied,1.25,1.0,0.3333333333333333,1.0,516.0,103.0,52.0,361.0,,,,,26.0,0.6147891326462323,0.0
0.22916666666666666,0.3090277777777778,ripple,sub-15,2,2.0,817.0,15,multiplied,1.5,1.0,0.3333333333333333,1.0,288.0,66.0,23.0,199.0,,,,,26.0,0.3246323295952678,0.0
0.2903225806451613,0.3548387096774194,ripple,sub-15,2,2.0,817.0,15,multiplied,2.0,1.0,0.3333333333333333,1.0,124.0,36.0,8.0,80.0,,,,,26.0,0.13005268420096117,0.0
,,fast_ripple,sub-15,3,5.0,0.0,0,plain,,,,,0.0,0.0,0.0,0.0,0.0,,,,,,
,,fast_ripple,sub-15,3,5.0,0.0,0,multiplied,1.25,,,,0.0,0.0,0.0,0.0,,,,,0.0,1.0,0.0
,,fast_ripple,sub-15,3,5.0,0.0,0,multiplied,1.5,,,,0.0,0.0,0.0,0.0,,,,,0.0,1.0,0.0
,,fast_ripple,sub-15,3,5.0,0.0,0,multiplied,2.0,,,,0.0,0.0,0.0,0.0,,,,,0.0,1.0,0.0
0.16684045881126172,0.24087591240875914,ripple,sub-15,3,2.0,959.0,10,plain,,1.0,0.3333333333333333,1.0,959.0,160.0,71.0,728.0,10.0,0.1,0.0,0.0,,,
0.18887015177065766,0.2580101180438449,ripple,sub-15,3,2.0,959.0,10,multiplied,1.25,1.0,0.3333333333333333,1.0,593.0,112.0,41.0,440.0,,,,,26.0,0.6030121363415796,0.0
0.22388059701492538,0.29253731343283584,ripple,sub-15,3,2.0,959.0,10,multiplied,1.5,1.0,0.3333333333333333,1.0,335.0,75.0,23.0,237.0,,,,,26.0,0.3294172708983192,0.0
0.26495726495726496,0.29914529914529914,ripple,sub-15,3,2.0,959.0,10,multiplied,2.0,1.0,0.3333333333333333,1.0,117.0,31.0,4.0,82.0,,,,,26.0,0.10264268194244101,0.0
0.34615384615384615,0.5769230769230769,fast_ripple,sub-15,4,5.0,26.0,9,plain,,1.0,0.3333333333333333,1.0,26.0,9.0,6.0,11.0,9.0,0.1111111111111111,0.0,0.0,,,
0.36363636363636365,0.6363636363636364,fast_ripple,sub-15,4,5.0,26.0,9,multiplied,1.25,1.0,0.3333333333333333,1.0,22.0,8.0,6.0,8.0,,,,,4.0,0.8803418803418803,0.0
0.45,0.75,fast_ripple,sub-15,4,5.0,26.0,9,multiplied,1.5,1.0,0.3333333333333333,1.0,20.0,9.0,6.0,5.0,,,,,5.0,0.8076923076923077,0.0
0.5333333333333333,0.8666666666666667,fast_ripple,sub-15,4,5.0,26.0,9,multiplied,2.0,1.0,0.3333333333333333,1.0,15.0,8.0,5.0,2.0,,,,,9.0,0.7521367521367522,0.0
0.16125860373647985,0.255653883972468,ripple,sub-15,4,2.0,1017.0,8,plain,,0.0,0.3333333333333333,0.0,1017.0,164.0,96.0,757.0,8.0,0.125,0.0,0.0,,,
0.1646525679758308,0.2598187311178248,ripple,sub-15,4,2.0,1017.0,8,multiplied,1.25,0.0,0.3333333333333333,0.0,662.0,109.0,63.0,490.0,,,,,26.0,0.6367111601202169,0.0
0.16062176165803108,0.25129533678756477,ripple,sub-15,4,2.0,1017.0,8,multiplied,1.5,0.0,0.3333333333333333,0.0,386.0,62.0,35.0,289.0,,,,,26.0,0.3560540737590982,0.0
0.1893491124260355,0.28402366863905326,ripple,sub-15,4,2.0,1017.0,8,multiplied,2.0,1.0,0.3333333333333333,1.0,169.0,32.0,16.0,121.0,,,,,26.0,0.14301538390298457,1.0
0.4959677419354839,0.4959677419354839,fast_ripple,sub-16,0,5.0,248.0,2,plain,,1.0,0.6666666666666666,1.0,248.0,123.0,0.0,125.0,2.0,1.0,1.0,0.0,,,
0.5174129353233831,0.5174129353233831,fast_ripple,sub-16,0,5.0,248.0,2,multiplied,1.25,1.0,0.6666666666666666,1.0,201.0,104.0,0.0,97.0,,,,,11.0,0.8699276738413844,0.0
0.5207100591715976,0.5207100591715976,fast_ripple,sub-16,0,5.0,248.0,2,multiplied,1.5,1.0,0.6666666666666666,1.0,169.0,88.0,0.0,81.0,,,,,12.0,0.8303927673966421,0.0
0.5169491525423728,0.5169491525423728,fast_ripple,sub-16,0,5.0,248.0,2,multiplied,2.0,1.0,0.3333333333333333,1.0,118.0,61.0,0.0,57.0,,,,,14.0,0.7397780609929359,0.0
0.14940239043824702,0.1804780876494024,ripple,sub-16,0,2.0,2510.0,18,plain,,0.0,0.3333333333333333,0.0,2510.0,375.0,78.0,2057.0,18.0,0.2222222222222222,0.0,0.0,,,
0.17029903699949317,0.20070957932083122,ripple,sub-16,0,2.0,2510.0,18,multiplied,1.25,0.0,0.3333333333333333,0.0,1973.0,336.0,60.0,1577.0,,,,,37.0,0.701308099328804,0.0
0.18863049095607234,0.2235142118863049,ripple,sub-16,0,2.0,2510.0,18,multiplied,1.5,0.0,0.3333333333333333,0.0,1548.0,292.0,54.0,1202.0,,,,,37.0,0.5134901448248129,1.0
0.21668177697189483,0.257479601087942,ripple,sub-16,0,2.0,2510.0,18,multiplied,2.0,0.0,0.3333333333333333,0.0,1103.0,239.0,44.99999999999999,819.0,,,,,37.0,0.3486011660255646,1.0
0.4608695652173913,0.4608695652173913,fast_ripple,sub-16,1,5.0,345.0,2,plain,,1.0,0.6666666666666666,1.0,345.0,159.0,0.0,186.0,2.0,1.0,1.0,0.0,,,
0.48928571428571427,0.48928571428571427,fast_ripple,sub-16,1,5.0,345.0,2,multiplied,1.25,1.0,0.6666666666666666,1.0,280.0,137.0,0.0,143.0,,,,,16.0,0.8183604217521376,0.0
0.5,0.5,fast_ripple,sub-16,1,5.0,345.0,2,multiplied,1.5,1.0,0.6666666666666666,1.0,238.0,119.0,0.0,119.0,,,,,18.0,0.7118252046486808,0.0
0.51875,0.51875,fast_ripple,sub-16,1,5.0,345.0,2,multiplied,2.0,1.0,0.6666666666666666,1.0,160.0,83.0,0.0,77.0,,,,,19.0,0.6160793589042491,0.0
0.156137832017229,0.19059583632447955,ripple,sub-16,1,2.0,2786.0,16,plain,,1.0,0.3333333333333333,1.0,2786.0,435.0,96.0,2255.0,16.0,0.25,0.0,0.0,,,
0.17590471827759963,0.21300961978928082,ripple,sub-16,1,2.0,2786.0,16,multiplied,1.25,1.0,0.3333333333333333,1.0,2183.0,384.0,81.0,1718.0,,,,,37.0,0.7080666374538168,0.0
0.19688221709006928,0.2338337182448037,ripple,sub-16,1,2.0,2786.0,16,multiplied,1.5,1.0,0.3333333333333333,1.0,1732.0,341.0,64.0,1327.0,,,,,37.0,0.5319409866618546,0.0
0.23273026315789475,0.2680921052631579,ripple,sub-16,1,2.0,2786.0,16,multiplied,2.0,1.0,0.3333333333333333,1.0,1216.0,283.0,43.0,890.0,,,,,37.0,0.34472313959295475,0.0
0.45066666666666666,0.45066666666666666,fast_ripple,sub-16,2,5.0,375.0,2,plain,,1.0,0.6666666666666666,1.0,375.0,169.0,0.0,206.0,2.0,1.0,1.0,0.0,,,
0.4867549668874172,0.4867549668874172,fast_ripple,sub-16,2,5.0,375.0,2,multiplied,1.25,1.0,0.6666666666666666,1.0,302.0,147.0,0.0,155.0,,,,,16.0,0.8319877125793058,0.0
0.50199203187251,0.50199203187251,fast_ripple,sub-16,2,5.0,375.0,2,multiplied,1.5,1.0,0.6666666666666666,1.0,251.0,126.0,0.0,125.0,,,,,17.0,0.7398036745727457,0.0
0.515625,0.515625,fast_ripple,sub-16,2,5.0,375.0,2,multiplied,2.0,1.0,0.6666666666666666,1.0,192.0,99.0,0.0,93.0,,,,,17.0,0.6592485769185302,0.0
0.1689463955637708,0.20480591497227357,ripple,sub-16,2,2.0,2705.0,14,plain,,1.0,0.3333333333333333,1.0,2705.0,457.0,97.0,2151.0,14.0,0.2857142857142857,0.0,0.0,,,
0.1864951768488746,0.223242994947175,ripple,sub-16,2,2.0,2705.0,14,multiplied,1.25,1.0,0.3333333333333333,1.0,2177.0,406.0,80.0,1691.0,,,,,37.0,0.7194996604374884,0.0
0.21010332950631458,0.24741676234213547,ripple,sub-16,2,2.0,2705.0,14,multiplied,1.5,1.0,0.6666666666666666,1.0,1742.0,366.0,65.0,1311.0,,,,,37.0,0.5384232837101439,0.0
0.24209714726291442,0.27833461835003853,ripple,sub-16,2,2.0,2705.0,14,multiplied,2.0,1.0,0.6666666666666666,1.0,1297.0,314.0,47.0,936.0,,,,,37.0,0.3766438717836292,0.0
0.4563106796116505,0.4563106796116505,fast_ripple,sub-16,3,5.0,412.0,2,plain,,1.0,0.6666666666666666,1.0,412.0,188.0,0.0,224.0,2.0,1.0,1.0,0.0,,,
0.4775641025641026,0.4775641025641026,fast_ripple,sub-16,3,5.0,412.0,2,multiplied,1.25,1.0,0.6666666666666666,1.0,312.0,149.0,0.0,163.0,,,,,14.0,0.835492734498534,0.0
0.5,0.5,fast_ripple,sub-16,3,5.0,412.0,2,multiplied,1.5,1.0,0.6666666666666666,1.0,256.0,128.0,0.0,128.0,,,,,16.0,0.7693913873284213,0.0
0.5083798882681564,0.5083798882681564,fast_ripple,sub-16,3,5.0,412.0,2,multiplied,2.0,1.0,0.6666666666666666,1.0,179.0,91.0,0.0,88.0,,,,,18.0,0.6312690263601614,0.0
0.16649949849548645,0.2019391507856904,ripple,sub-16,3,2.0,2991.0,14,plain,,1.0,0.3333333333333333,1.0,2991.0,498.0,106.0,2387.0,14.0,0.2857142857142857,0.0,0.0,,,
0.18546365914786966,0.22138680033416874,ripple,sub-16,3,2.0,2991.0,14,multiplied,1.25,1.0,0.3333333333333333,1.0,2394.0,444.0,86.0,1864.0,,,,,37.0,0.7217944550364161,0.0
0.2163157894736842,0.2536842105263158,ripple,sub-16,3,2.0,2991.0,14,multiplied,1.5,1.0,0.6666666666666666,1.0,1900.0,411.0,71.0,1418.0,,,,,37.0,0.5364483703145553,0.0
0.2404692082111437,0.2793255131964809,ripple,sub-16,3,2.0,2991.0,14,multiplied,2.0,1.0,0.6666666666666666,1.0,1364.0,328.0,53.0,983.0,,,,,37.0,0.35818074984422876,0.0
0.3987730061349693,0.40081799591002043,fast_ripple,sub-16,4,5.0,489.0,2,plain,,1.0,0.6666666666666666,1.0,489.0,195.0,1.0,293.0,2.0,1.0,1.0,0.0,,,
0.41450777202072536,0.41450777202072536,fast_ripple,sub-16,4,5.0,489.0,2,multiplied,1.25,1.0,0.6666666666666666,1.0,386.0,160.0,0.0,226.0,,,,,19.0,0.7972182448498238,0.0
0.4276729559748428,0.4276729559748428,fast_ripple,sub-16,4,5.0,489.0,2,multiplied,1.5,1.0,0.6666666666666666,1.0,318.0,136.0,0.0,182.0,,,,,20.0,0.6995289584763269,0.0
0.4560669456066946,0.4560669456066946,fast_ripple,sub-16,4,5.0,489.0,2,multiplied,2.0,1.0,0.6666666666666666,1.0,239.0,109.0,0.0,130.0,,,,,20.0,0.6116076818708397,0.0
0.16228531370487206,0.200490711531721,ripple,sub-16,4,2.0,2853.0,14,plain,,1.0,0.6666666666666666,1.0,2853.0,463.0,109.0,2281.0,14.0,0.14285714285714285,0.0,0.0,,,
0.17799490229396772,0.2179269328802039,ripple,sub-16,4,2.0,2853.0,14,multiplied,1.25,1.0,0.3333333333333333,1.0,2354.0,419.0,94.0,1841.0,,,,,37.0,0.7283991220063438,0.0
0.19580777096114518,0.2387525562372188,ripple,sub-16,4,2.0,2853.0,14,multiplied,1.5,1.0,0.3333333333333333,1.0,1956.0,383.0,84.0,1489.0,,,,,37.0,0.5812267002610135,0.0
0.2259552042160738,0.274703557312253,ripple,sub-16,4,2.0,2853.0,14,multiplied,2.0,1.0,0.6666666666666666,1.0,1518.0,343.0,74.0,1101.0,,,,,37.0,0.42939692889236847,0.0
0.8185567010309278,0.9360824742268041,fast_ripple,sub-17,0,5.0,485.0,2,plain,,1.0,1.0,1.0,485.0,397.0,57.0,31.0,2.0,1.0,1.0,0.0,,,
0.8461538461538461,0.9476923076923077,fast_ripple,sub-17,0,5.0,485.0,2,multiplied,1.25,1.0,1.0,1.0,325.0,275.0,33.0,17.0,,,,,27.0,0.7060762064480591,1.0
0.8461538461538461,0.9502262443438914,fast_ripple,sub-17,0,5.0,485.0,2,multiplied,1.5,1.0,1.0,1.0,221.0,187.0,23.0,11.0,,,,,29.0,0.5198333624212079,0.0
0.8859649122807017,0.9736842105263158,fast_ripple,sub-17,0,5.0,485.0,2,multiplied,2.0,1.0,1.0,1.0,114.0,101.0,10.0,3.0,,,,,29.0,0.38194011635322755,0.0
0.774710104914412,0.8658199889563777,ripple,sub-17,0,2.0,1811.0,20,plain,,0.0,0.3333333333333333,0.0,1811.0,1403.0,165.0,243.0,20.0,0.7,0.0,0.0,,,
0.7865239294710328,0.8797229219143576,ripple,sub-17,0,2.0,1811.0,20,multiplied,1.25,0.0,0.3333333333333333,0.0,1588.0,1249.0,148.0,191.0,,,,,31.0,0.8718536551322984,1.0
0.7850140056022409,0.8872549019607843,ripple,sub-17,0,2.0,1811.0,20,multiplied,1.5,0.0,0.6666666666666666,0.0,1428.0,1121.0,146.0,161.0,,,,,34.0,0.7832497216439651,1.0
0.795417348608838,0.8960720130932897,ripple,sub-17,0,2.0,1811.0,20,multiplied,2.0,0.0,0.6666666666666666,1.0,1222.0,972.0,123.0,127.0,,,,,35.0,0.6695092716132518,1.0
0.7698744769874477,0.9288702928870293,fast_ripple,sub-17,1,5.0,478.0,7,plain,,1.0,0.6666666666666666,1.0,478.0,368.0,76.0,34.0,7.0,0.5714285714285714,0.0,0.0,,,
0.8076923076923077,0.9423076923076923,fast_ripple,sub-17,1,5.0,478.0,7,multiplied,1.25,1.0,1.0,1.0,312.0,252.0,42.0,18.0,,,,,26.0,0.6492680791643207,0.0
0.8333333333333334,0.9558823529411765,fast_ripple,sub-17,1,5.0,478.0,7,multiplied,1.5,1.0,1.0,1.0,204.0,170.0,25.0,9.0,,,,,27.0,0.5047032473800737,0.0
0.8311688311688312,0.935064935064935,fast_ripple,sub-17,1,5.0,478.0,7,multiplied,2.0,1.0,1.0,1.0,77.0,64.0,8.0,5.0,,,,,28.0,0.33231844235127084,0.0
0.7954677513073795,0.8791400348634515,ripple,sub-17,1,2.0,1721.0,12,plain,,0.0,0.6666666666666666,0.0,1721.0,1369.0,144.0,208.0,12.0,0.8333333333333334,0.0,0.0,,,
0.804089709762533,0.8825857519788918,ripple,sub-17,1,2.0,1721.0,12,multiplied,1.25,0.0,0.6666666666666666,0.0,1516.0,1219.0,119.0,178.0,,,,,34.0,0.8796250917029456,0.0
0.8066255778120185,0.8882896764252697,ripple,sub-17,1,2.0,1721.0,12,multiplied,1.5,0.0,0.6666666666666666,0.0,1298.0,1047.0,106.0,145.0,,,,,35.0,0.7522870073574659,0.0
0.8161120840630472,0.8931698774080561,ripple,sub-17,1,2.0,1721.0,12,multiplied,2.0,0.0,0.6666666666666666,0.0,1142.0,932.0,88.0,122.0,,,,,36.0,0.6631724069611821,0.0
0.7570422535211268,0.9084507042253521,fast_ripple,sub-17,2,5.0,284.0,15,plain,,0.0,0.3333333333333333,0.0,284.0,215.0,43.0,26.0,15.0,0.8,0.0,0.0,,,
0.7569060773480663,0.9171270718232044,fast_ripple,sub-17,2,5.0,284.0,15,multiplied,1.25,1.0,0.6666666666666666,1.0,181.0,137.0,29.0,15.0,,,,,28.0,0.6488169151017449,1.0
0.782608695652174,0.9347826086956522,fast_ripple,sub-17,2,5.0,284.0,15,multiplied,1.5,1.0,1.0,1.0,138.0,108.0,21.0,9.0,,,,,28.0,0.5206466067611578,1.0
0.8032786885245902,0.9344262295081968,fast_ripple,sub-17,2,5.0,284.0,15,multiplied,2.0,1.0,1.0,1.0,61.0,49.0,8.0,4.0,,,,,29.0,0.3276229035516961,1.0
0.7807162534435261,0.8809917355371901,ripple,sub-17,2,2.0,1815.0,18,plain,,0.0,0.3333333333333333,1.0,1815.0,1417.0,182.0,216.0,18.0,0.7777777777777778,0.0,0.0,,,
0.7839838492597577,0.8815612382234186,ripple,sub-17,2,2.0,1815.0,18,multiplied,1.25,1.0,0.3333333333333333,1.0,1486.0,1165.0,145.0,176.0,,,,,37.0,0.808379292541273,0.0
0.7928571428571428,0.8888888888888888,ripple,sub-17,2,2.0,1815.0,18,multiplied,1.5,1.0,0.3333333333333333,1.0,1260.0,999.0,121.0,140.0,,,,,37.0,0.6826348007834055,0.0
0.801440329218107,0.8991769547325102,ripple,sub-17,2,2.0,1815.0,18,multiplied,2.0,1.0,0.3333333333333333,1.0,972.0,779.0,95.0,98.0,,,,,37.0,0.515072881789546,0.0
0.7690763052208835,0.9257028112449799,fast_ripple,sub-17,3,5.0,498.0,4,plain,,1.0,0.6666666666666666,1.0,498.0,383.0,78.0,37.0,4.0,0.75,0.0,0.0,,,
0.7737003058103975,0.9327217125382263,fast_ripple,sub-17,3,5.0,498.0,4,multiplied,1.25,1.0,1.0,1.0,327.0,253.0,52.0,22.0,,,,,29.0,0.6745556065429629,0.0
0.8034188034188035,0.9401709401709402,fast_ripple,sub-17,3,5.0,498.0,4,multiplied,1.5,1.0,1.0,1.0,234.0,188.0,32.0,14.0,,,,,31.0,0.5008510679893415,0.0
0.8114754098360656,0.9508196721311475,fast_ripple,sub-17,3,5.0,498.0,4,multiplied,2.0,1.0,1.0,1.0,122.0,99.0,17.0,6.0,,,,,31.0,0.3193875938891808,1.0
0.788546255506608,0.8843612334801763,ripple,sub-17,3,2.0,1816.0,7,plain,,1.0,0.6666666666666666,1.0,1816.0,1432.0,174.0,210.0,7.0,0.7142857142857143,0.0,0.0,,,
0.7785280216070223,0.8771100607697502,ripple,sub-17,3,2.0,1816.0,7,multiplied,1.25,0.0,0.3333333333333333,0.0,1481.0,1153.0,146.0,182.0,,,,,35.0,0.8139620612004305,1.0
0.775494071146245,0.8790513833992095,ripple,sub-17,3,2.0,1816.0,7,multiplied,1.5,0.0,0.3333333333333333,0.0,1265.0,981.0,131.0,153.0,,,,,37.0,0.6903162161681038,1.0
0.7883858267716536,0.889763779527559,ripple,sub-17,3,2.0,1816.0,7,multiplied,2.0,0.0,0.3333333333333333,0.0,1016.0,801.0,103.0,112.0,,,,,37.0,0.5553664875067841,1.0
0.8102409638554217,0.9457831325301205,fast_ripple,sub-17,4,5.0,332.0,7,plain,,1.0,1.0,1.0,332.0,269.0,45.0,18.0,7.0,0.7142857142857143,0.0,0.0,,,
0.8207547169811321,0.9481132075471698,fast_ripple,sub-17,4,5.0,332.0,7,multiplied,1.25,1.0,1.0,1.0,212.0,174.0,27.0,11.0,,,,,28.0,0.6899763661367657,0.0
0.8424657534246576,0.9315068493150684,fast_ripple,sub-17,4,5.0,332.0,7,multiplied,1.5,1.0,1.0,1.0,146.0,123.0,13.0,10.0,,,,,29.0,0.5548278794459758,0.0
0.8571428571428571,0.9714285714285714,fast_ripple,sub-17,4,5.0,332.0,7,multiplied,2.0,1.0,1.0,1.0,70.0,60.0,8.0,2.0,,,,,29.0,0.393623343535212,0.0
0.782608695652174,0.8712814645308925,ripple,sub-17,4,2.0,1748.0,24,plain,,1.0,0.3333333333333333,1.0,1748.0,1368.0,155.0,225.0,24.0,0.8333333333333334,0.0,0.0,,,
0.786774628879892,0.8771929824561403,ripple,sub-17,4,2.0,1748.0,24,multiplied,1.25,0.0,0.6666666666666666,0.0,1482.0,1166.0,134.0,182.0,,,,,35.0,0.844889701236653,1.0
0.7955418908531898,0.8862413528055342,ripple,sub-17,4,2.0,1748.0,24,multiplied,1.5,1.0,0.6666666666666666,1.0,1301.0,1035.0,118.0,148.0,,,,,36.0,0.740051000526859,1.0
0.8095238095238095,0.8956043956043956,ripple,sub-17,4,2.0,1748.0,24,multiplied,2.0,1.0,1.0,1.0,1092.0,884.0,94.0,114.0,,,,,37.0,0.6263263650381821,1.0
0.5294117647058824,0.5294117647058824,fast_ripple,sub-18,0,5.0,17.0,25,plain,,1.0,0.6666666666666666,1.0,17.0,9.0,0.0,8.0,25.0,0.16,0.0,0.0,,,
0.8571428571428571,0.8571428571428571,fast_ripple,sub-18,0,5.0,17.0,25,multiplied,1.25,1.0,0.6666666666666666,1.0,7.0,6.0,0.0,1.0,,,,,6.0,0.804,1.0
1.0,1.0,fast_ripple,sub-18,0,5.0,17.0,25,multiplied,1.5,1.0,0.6666666666666666,1.0,2.0,2.0,0.0,0.0,,,,,7.0,0.7413333333333333,1.0
,,fast_ripple,sub-18,0,5.0,17.0,25,multiplied,2.0,,,0.0,0.0,0.0,0.0,0.0,,,,,7.0,0.72,1.0
0.14534883720930233,0.18687707641196014,ripple,sub-18,0,2.0,1204.0,5,plain,,0.0,0.0,0.0,1204.0,175.0,50.0,979.0,5.0,0.0,0.0,0.0,,,
0.14304291287386217,0.1859557867360208,ripple,sub-18,0,2.0,1204.0,5,multiplied,1.25,0.0,0.0,0.0,769.0,110.0,33.0,626.0,,,,,25.0,0.594252033236779,0.0
0.156,0.212,ripple,sub-18,0,2.0,1204.0,5,multiplied,1.5,0.0,0.0,0.0,500.0,78.0,28.000000000000004,394.0,,,,,25.0,0.36593718070348386,0.0
0.17272727272727273,0.20909090909090908,ripple,sub-18,0,2.0,1204.0,5,multiplied,2.0,0.0,0.0,0.0,220.0,38.0,8.0,174.0,,,,,25.0,0.15568587235455975,0.0
0.53125,0.53125,fast_ripple,sub-18,1,5.0,32.0,6,plain,,1.0,0.6666666666666666,1.0,32.0,17.0,0.0,15.0,6.0,0.3333333333333333,0.0,0.0,,,
0.8461538461538461,0.8461538461538461,fast_ripple,sub-18,1,5.0,32.0,6,multiplied,1.25,1.0,0.6666666666666666,1.0,13.0,11.0,0.0,2.0,,,,,5.0,0.8583333333333334,0.0
0.7777777777777778,0.7777777777777778,fast_ripple,sub-18,1,5.0,32.0,6,multiplied,1.5,1.0,0.6666666666666666,1.0,9.0,7.0,0.0,2.0,,,,,5.0,0.8394444444444445,0.0
1.0,1.0,fast_ripple,sub-18,1,5.0,32.0,6,multiplied,2.0,1.0,0.3333333333333333,1.0,1.0,1.0,0.0,0.0,,,,,6.0,0.765,1.0
0.12944162436548223,0.17428087986463622,ripple,sub-18,1,2.0,1182.0,4,plain,,0.0,0.3333333333333333,0.0,1182.0,153.0,53.0,976.0,4.0,0.25,0.0,0.0,,,
0.13636363636363635,0.18051948051948052,ripple,sub-18,1,2.0,1182.0,4,multiplied,1.25,0.0,0.3333333333333333,0.0,770.0,105.0,34.0,631.0,,,,,25.0,0.6042389058715664,0.0
0.1509433962264151,0.18658280922431866,ripple,sub-18,1,2.0,1182.0,4,multiplied,1.5,0.0,0.3333333333333333,0.0,477.0,72.0,17.0,388.0,,,,,25.0,0.3511345714820495,1.0
0.1509433962264151,0.18867924528301888,ripple,sub-18,1,2.0,1182.0,4,multiplied,2.0,0.0,0.0,0.0,212.0,32.0,8.0,172.0,,,,,25.0,0.14039738359548742,0.0
0.6382978723404256,0.6382978723404256,fast_ripple,sub-18,2,5.0,47.0,3,plain,,1.0,0.6666666666666666,1.0,47.0,30.0,0.0,17.0,3.0,0.6666666666666666,0.0,0.0,,,
0.8888888888888888,0.8888888888888888,fast_ripple,sub-18,2,5.0,47.0,3,multiplied,1.25,1.0,0.6666666666666666,1.0,27.0,24.0,0.0,3.0,,,,,6.0,0.8441774891774892,0.0
0.9375,0.9375,fast_ripple,sub-18,2,5.0,47.0,3,multiplied,1.5,1.0,0.6666666666666666,1.0,16.0,15.0,0.0,1.0,,,,,6.0,0.802564935064935,0.0
0.6666666666666666,0.6666666666666666,fast_ripple,sub-18,2,5.0,47.0,3,multiplied,2.0,1.0,0.3333333333333333,1.0,3.0,2.0,0.0,1.0,,,,,6.0,0.7686363636363636,0.0
0.11074651353568499,0.1501230516817063,ripple,sub-18,2,2.0,1219.0,8,plain,,0.0,0.0,0.0,1219.0,135.0,48.0,1036.0,8.0,0.125,0.0,0.0,,,
0.10459183673469388,0.14285714285714285,ripple,sub-18,2,2.0,1219.0,8,multiplied,1.25,0.0,0.0,0.0,784.0,82.0,30.0,672.0,,,,,25.0,0.5894464603728705,1.0
0.12096774193548387,0.16733870967741934,ripple,sub-18,2,2.0,1219.0,8,multiplied,1.5,0.0,0.0,0.0,496.0,60.0,23.0,413.0,,,,,25.0,0.35092334544032766,1.0
0.1336405529953917,0.1889400921658986,ripple,sub-18,2,2.0,1219.0,8,multiplied,2.0,0.0,0.0,0.0,217.0,29.0,12.0,176.0,,,,,25.0,0.13295536421669182,0.0
0.8421052631578947,0.8421052631578947,fast_ripple,sub-18,3,5.0,57.0,2,plain,,1.0,0.6666666666666666,1.0,57.0,48.0,0.0,9.0,2.0,1.0,1.0,0.0,,,
0.9642857142857143,0.9642857142857143,fast_ripple,sub-18,3,5.0,57.0,2,multiplied,1.25,1.0,0.6666666666666666,1.0,28.0,27.0,0.0,1.0,,,,,5.0,0.8607380520266181,1.0
1.0,1.0,fast_ripple,sub-18,3,5.0,57.0,2,multiplied,1.5,1.0,0.6666666666666666,1.0,13.0,13.0,0.0,0.0,,,,,5.0,0.8222867513611615,0.0
1.0,1.0,fast_ripple,sub-18,3,5.0,57.0,2,multiplied,2.0,1.0,0.3333333333333333,1.0,2.0,2.0,0.0,0.0,,,,,5.0,0.8027586206896552,0.0
0.1268462206776716,0.17549956559513466,ripple,sub-18,3,2.0,1151.0,3,plain,,0.0,0.0,0.0,1151.0,146.0,56.0,949.0,3.0,0.0,0.0,0.0,,,
0.12037037037037036,0.17857142857142858,ripple,sub-18,3,2.0,1151.0,3,multiplied,1.25,0.0,0.0,0.0,756.0,91.0,44.0,621.0,,,,,25.0,0.5975744733238078,0.0
0.13771186440677965,0.2033898305084746,ripple,sub-18,3,2.0,1151.0,3,multiplied,1.5,0.0,0.3333333333333333,0.0,472.0,65.0,31.0,376.0,,,,,25.0,0.34467522187017663,0.0
0.14798206278026907,0.21524663677130046,ripple,sub-18,3,2.0,1151.0,3,multiplied,2.0,0.0,0.0,0.0,223.0,33.0,15.0,175.0,,,,,25.0,0.15593340056319832,0.0
0.9294117647058824,0.9294117647058824,fast_ripple,sub-18,4,5.0,85.0,2,plain,,1.0,0.6666666666666666,1.0,85.0,79.0,0.0,6.0,2.0,1.0,1.0,0.0,,,
0.94,0.94,fast_ripple,sub-18,4,5.0,85.0,2,multiplied,1.25,1.0,0.6666666666666666,1.0,50.0,47.0,0.0,3.0,,,,,4.0,0.9287765957446809,0.0
0.9655172413793104,0.9655172413793104,fast_ripple,sub-18,4,5.0,85.0,2,multiplied,1.5,1.0,0.6666666666666666,1.0,29.0,28.0,0.0,1.0,,,,,4.0,0.8874202127659575,0.0
0.9230769230769231,0.9230769230769231,fast_ripple,sub-18,4,5.0,85.0,2,multiplied,2.0,1.0,0.6666666666666666,1.0,13.0,12.0,0.0,1.0,,,,,4.0,0.8718085106382978,0.0
0.17075306479859895,0.2276707530647986,ripple,sub-18,4,2.0,1142.0,5,plain,,1.0,0.3333333333333333,1.0,1142.0,195.0,65.0,882.0,5.0,0.4,0.0,0.0,,,
0.1704225352112676,0.2352112676056338,ripple,sub-18,4,2.0,1142.0,5,multiplied,1.25,0.0,0.3333333333333333,0.0,710.0,121.0,46.0,543.0,,,,,25.0,0.5652268494336498,1.0
0.18561484918793503,0.26450116009280744,ripple,sub-18,4,2.0,1142.0,5,multiplied,1.5,0.0,0.3333333333333333,0.0,431.0,80.0,34.0,317.0,,,,,25.0,0.3209765265922083,1.0
0.20408163265306123,0.29081632653061223,ripple,sub-18,4,2.0,1142.0,5,multiplied,2.0,0.0,0.3333333333333333,0.0,196.0,40.0,17.0,139.0,,,,,25.0,0.13312110991137355,1.0
0.1688888888888889,0.1688888888888889,fast_ripple,sub-19,0,5.0,225.0,2,plain,,0.0,0.3333333333333333,0.0,225.0,38.0,0.0,187.0,2.0,0.0,0.0,0.0,,,
0.19594594594594594,0.19594594594594594,fast_ripple,sub-19,0,5.0,225.0,2,multiplied,1.25,0.0,0.3333333333333333,0.0,148.0,29.0,0.0,119.0,,,,,10.0,0.8802715979002785,0.0
0.19607843137254902,0.19607843137254902,fast_ripple,sub-19,0,5.0,225.0,2,multiplied,1.5,0.0,0.3333333333333333,0.0,102.0,20.0,0.0,82.0,,,,,12.0,0.7924350537894889,0.0
0.11538461538461539,0.11538461538461539,fast_ripple,sub-19,0,5.0,225.0,2,multiplied,2.0,0.0,0.3333333333333333,0.0,52.0,6.0,0.0,46.0,,,,,12.0,0.7446124527316436,0.0
0.10034773969200199,0.13065076999503228,ripple,sub-19,0,2.0,2013.0,6,plain,,0.0,0.0,0.0,2013.0,202.0,61.0,1750.0,6.0,0.0,0.0,0.0,,,
0.08247422680412371,0.10927835051546392,ripple,sub-19,0,2.0,2013.0,6,multiplied,1.25,0.0,0.0,0.0,1455.0,120.0,39.0,1296.0,,,,,42.0,0.6505088060257849,0.0
0.06566604127579738,0.08536585365853659,ripple,sub-19,0,2.0,2013.0,6,multiplied,1.5,0.0,0.0,0.0,1066.0,70.0,21.0,975.0,,,,,42.0,0.4233366248080247,1.0
0.0273972602739726,0.043835616438356165,ripple,sub-19,0,2.0,2013.0,6,multiplied,2.0,0.0,0.0,0.0,730.0,20.0,12.0,698.0,,,,,42.0,0.240247023864291,1.0
0.3051948051948052,0.3051948051948052,fast_ripple,sub-19,1,5.0,308.0,3,plain,,1.0,0.3333333333333333,1.0,308.0,94.0,0.0,214.0,3.0,0.3333333333333333,0.0,0.0,,,
0.2972972972972973,0.2972972972972973,fast_ripple,sub-19,1,5.0,308.0,3,multiplied,1.25,1.0,0.3333333333333333,1.0,185.0,55.0,0.0,130.0,,,,,16.0,0.7505474967997655,0.0
0.23529411764705882,0.23529411764705882,fast_ripple,sub-19,1,5.0,308.0,3,multiplied,1.5,0.0,0.3333333333333333,0.0,119.0,28.0,0.0,91.0,,,,,17.0,0.6888573094244601,1.0
0.1206896551724138,0.1206896551724138,fast_ripple,sub-19,1,5.0,308.0,3,multiplied,2.0,0.0,0.3333333333333333,0.0,58.0,7.0,0.0,51.0,,,,,17.0,0.6393343456637468,1.0
0.10380622837370242,0.1393969352446861,ripple,sub-19,1,2.0,2023.0,6,plain,,0.0,0.0,0.0,2023.0,210.0,72.0,1741.0,6.0,0.0,0.0,0.0,,,
0.09385550303848751,0.12424037812288993,ripple,sub-19,1,2.0,2023.0,6,multiplied,1.25,0.0,0.0,0.0,1481.0,139.0,45.0,1297.0,,,,,41.0,0.6681377711205391,0.0
0.08385933273219116,0.10820559062218214,ripple,sub-19,1,2.0,2023.0,6,multiplied,1.5,0.0,0.0,0.0,1109.0,93.0,27.0,989.0,,,,,42.0,0.4619683269567786,1.0
0.07591623036649214,0.09816753926701571,ripple,sub-19,1,2.0,2023.0,6,multiplied,2.0,0.0,0.0,0.0,764.0,58.0,17.0,689.0,,,,,42.0,0.27653315773705206,1.0
0.23870967741935484,0.2860215053763441,fast_ripple,sub-19,2,5.0,465.0,3,plain,,0.0,0.3333333333333333,0.0,465.0,111.0,22.0,332.0,3.0,0.3333333333333333,0.0,0.0,,,
0.23123123123123124,0.27927927927927926,fast_ripple,sub-19,2,5.0,465.0,3,multiplied,1.25,0.0,0.3333333333333333,0.0,333.0,77.0,16.0,240.0,,,,,24.0,0.7449937939150433,1.0
0.22083333333333333,0.2625,fast_ripple,sub-19,2,5.0,465.0,3,multiplied,1.5,0.0,0.3333333333333333,0.0,240.0,53.0,10.0,177.0,,,,,25.0,0.6106126194114757,1.0
0.17647058823529413,0.21568627450980393,fast_ripple,sub-19,2,5.0,465.0,3,multiplied,2.0,0.0,0.3333333333333333,0.0,153.0,27.0,6.0,120.0,,,,,26.0,0.5229762091124637,1.0
0.14487267721954578,0.1961459050240881,ripple,sub-19,2,2.0,2906.0,7,plain,,0.0,0.0,0.0,2906.0,421.0,149.0,2336.0,7.0,0.0,0.0,0.0,,,
0.14698275862068966,0.2025862068965517,ripple,sub-19,2,2.0,2906.0,7,multiplied,1.25,0.0,0.0,0.0,2320.0,341.0,129.0,1850.0,,,,,42.0,0.7378798142242805,1.0
0.15380493033226153,0.21168274383708469,ripple,sub-19,2,2.0,2906.0,7,multiplied,1.5,0.0,0.0,0.0,1866.0,287.0,108.0,1471.0,,,,,42.0,0.5610414015489522,1.0
0.1685878962536023,0.2255043227665706,ripple,sub-19,2,2.0,2906.0,7,multiplied,2.0,0.0,0.0,0.0,1388.0,234.0,79.0,1075.0,,,,,42.0,0.39013327650418994,1.0
0.00510204081632653,0.00510204081632653,fast_ripple,sub-19,3,5.0,196.0,2,plain,,0.0,0.0,0.0,196.0,1.0,0.0,195.0,2.0,0.0,0.0,0.0,,,
0.0,0.0,fast_ripple,sub-19,3,5.0,196.0,2,multiplied,1.25,0.0,0.0,0.0,110.0,0.0,0.0,110.0,,,,,12.0,0.7977273488804687,0.0
0.0,0.0,fast_ripple,sub-19,3,5.0,196.0,2,multiplied,1.5,0.0,0.0,0.0,68.0,0.0,0.0,68.0,,,,,13.0,0.7346316916290069,0.0
0.0,0.0,fast_ripple,sub-19,3,5.0,196.0,2,multiplied,2.0,0.0,0.0,0.0,38.0,0.0,0.0,38.0,,,,,13.0,0.711670744638948,1.0
0.093734335839599,0.13132832080200502,ripple,sub-19,3,2.0,1995.0,7,plain,,0.0,0.0,0.0,1995.0,187.0,75.0,1733.0,7.0,0.0,0.0,0.0,,,
0.08293351610692255,0.11583276216586703,ripple,sub-19,3,2.0,1995.0,7,multiplied,1.25,0.0,0.0,0.0,1459.0,121.0,48.0,1290.0,,,,,41.0,0.6687446038598716,0.0
0.06307129798903108,0.08775137111517367,ripple,sub-19,3,2.0,1995.0,7,multiplied,1.5,0.0,0.0,0.0,1094.0,69.0,27.0,998.0,,,,,41.0,0.4509810752730791,0.0
0.05343511450381679,0.06743002544529263,ripple,sub-19,3,2.0,1995.0,7,multiplied,2.0,0.0,0.0,0.0,786.0,42.0,11.0,733.0,,,,,41.0,0.2826482629657849,0.0
0.10074626865671642,0.13059701492537312,fast_ripple,sub-19,4,5.0,268.0,2,plain,,0.0,0.0,0.0,268.0,27.0,8.0,233.0,2.0,0.0,0.0,0.0,,,
0.08947368421052632,0.11052631578947368,fast_ripple,sub-19,4,5.0,268.0,2,multiplied,1.25,0.0,0.0,0.0,190.0,17.0,4.0,169.0,,,,,22.0,0.749601609759346,0.0
0.08163265306122448,0.10884353741496598,fast_ripple,sub-19,4,5.0,268.0,2,multiplied,1.5,0.0,0.0,0.0,147.0,12.0,4.0,131.0,,,,,23.0,0.6526680445624861,0.0
0.1,0.12222222222222222,fast_ripple,sub-19,4,5.0,268.0,2,multiplied,2.0,0.0,0.0,0.0,90.0,9.0,2.0,79.0,,,,,24.0,0.5390843335501783,1.0
0.10441240716470074,0.14678899082568808,ripple,sub-19,4,2.0,2289.0,8,plain,,0.0,0.0,0.0,2289.0,239.0,97.0,1953.0,8.0,0.0,0.0,0.0,,,
0.10954263128176171,0.1535855448898927,ripple,sub-19,4,2.0,2289.0,8,multiplied,1.25,0.0,0.0,0.0,1771.0,194.0,78.0,1499.0,,,,,39.0,0.7286450772096242,0.0
0.11527581329561527,0.15346534653465346,ripple,sub-19,4,2.0,2289.0,8,multiplied,1.5,0.0,0.0,0.0,1414.0,163.0,54.0,1197.0,,,,,40.0,0.5504907763563911,1.0
0.11348205625606207,0.14742967992240544,ripple,sub-19,4,2.0,2289.0,8,multiplied,2.0,0.0,0.0,0.0,1031.0,117.0,35.0,879.0,,,,,42.0,0.3741702228100579,1.0
0.2727272727272727,0.45454545454545453,fast_ripple,sub-20,0,5.0,22.0,8,plain,,0.0,0.3333333333333333,0.0,22.0,6.0,4.0,12.0,8.0,0.375,0.0,0.0,,,
0.35714285714285715,0.42857142857142855,fast_ripple,sub-20,0,5.0,22.0,8,multiplied,1.25,0.0,0.3333333333333333,1.0,14.0,5.0,1.0,8.0,,,,,4.0,0.736111111111111,1.0
0.375,0.375,fast_ripple,sub-20,0,5.0,22.0,8,multiplied,1.5,0.0,0.3333333333333333,0.0,8.0,3.0,0.0,5.0,,,,,6.0,0.5625,1.0
0.0,0.0,fast_ripple,sub-20,0,5.0,22.0,8,multiplied,2.0,0.0,0.0,0.0,2.0,0.0,0.0,2.0,,,,,8.0,0.37152777777777785,0.0
0.3646322378716745,0.7668231611893583,ripple,sub-20,0,2.0,639.0,4,plain,,0.0,0.0,0.0,639.0,233.0,257.0,149.0,4.0,0.25,0.0,0.0,,,
0.3867924528301887,0.7712264150943396,ripple,sub-20,0,2.0,639.0,4,multiplied,1.25,0.0,0.3333333333333333,0.0,424.0,164.0,163.0,97.0,,,,,12.0,0.6631203256377959,0.0
0.37542662116040953,0.764505119453925,ripple,sub-20,0,2.0,639.0,4,multiplied,1.5,0.0,0.3333333333333333,0.0,293.0,110.0,114.0,69.0,,,,,12.0,0.4523170190430416,0.0
0.39375,0.73125,ripple,sub-20,0,2.0,639.0,4,multiplied,2.0,0.0,0.3333333333333333,0.0,160.0,63.0,54.0,43.0,,,,,12.0,0.24825694093253772,0.0
0.23076923076923078,0.5384615384615384,fast_ripple,sub-20,1,5.0,13.0,12,plain,,0.0,0.3333333333333333,0.0,13.0,3.0,4.0,6.0,12.0,0.4166666666666667,0.0,0.0,,,
0.2222222222222222,0.5555555555555556,fast_ripple,sub-20,1,5.0,13.0,12,multiplied,1.25,0.0,0.3333333333333333,0.0,9.0,2.0,3.0,4.0,,,,,4.0,0.8402777777777777,0.0
0.3333333333333333,0.5555555555555556,fast_ripple,sub-20,1,5.0,13.0,12,multiplied,1.5,1.0,0.3333333333333333,1.0,9.0,3.0,2.0,4.0,,,,,3.0,0.8472222222222222,1.0
0.5,0.5,fast_ripple,sub-20,1,5.0,13.0,12,multiplied,2.0,1.0,0.3333333333333333,0.0,2.0,1.0,0.0,1.0,,,,,5.0,0.6527777777777778,1.0
0.3862433862433862,0.763668430335097,ripple,sub-20,1,2.0,567.0,3,plain,,0.0,0.3333333333333333,0.0,567.0,219.0,214.0,134.0,3.0,0.3333333333333333,0.0,0.0,,,
0.38903394255874674,0.762402088772846,ripple,sub-20,1,2.0,567.0,3,multiplied,1.25,0.0,0.0,0.0,383.0,149.0,143.0,91.0,,,,,12.0,0.6694208860342178,0.0
0.3937007874015748,0.7637795275590551,ripple,sub-20,1,2.0,567.0,3,multiplied,1.5,0.0,0.3333333333333333,0.0,254.0,100.0,94.0,60.0,,,,,12.0,0.4371103823873423,0.0
0.4180327868852459,0.7704918032786885,ripple,sub-20,1,2.0,567.0,3,multiplied,2.0,0.0,0.3333333333333333,0.0,122.0,51.0,43.0,28.0,,,,,12.0,0.20885389059913695,0.0
0.3333333333333333,0.5,fast_ripple,sub-20,2,5.0,12.0,12,plain,,0.0,0.3333333333333333,1.0,12.0,4.0,2.0,6.0,12.0,0.4166666666666667,0.0,0.0,,,
0.3,0.4,fast_ripple,sub-20,2,5.0,12.0,12,multiplied,1.25,0.0,0.3333333333333333,0.0,10.0,3.0,1.0,6.0,,,,,2.0,0.9305555555555555,1.0
0.25,0.375,fast_ripple,sub-20,2,5.0,12.0,12,multiplied,1.5,0.0,0.3333333333333333,0.0,8.0,2.0,1.0,5.0,,,,,3.0,0.875,1.0
0.2,0.4,fast_ripple,sub-20,2,5.0,12.0,12,multiplied,2.0,0.0,0.3333333333333333,0.0,5.0,1.0,1.0,3.0,,,,,4.0,0.736111111111111,1.0
0.35374149659863946,0.7346938775510204,ripple,sub-20,2,2.0,588.0,7,plain,,0.0,0.0,0.0,588.0,208.0,224.0,156.0,7.0,0.14285714285714285,0.0,0.0,,,
0.30864197530864196,0.7234567901234568,ripple,sub-20,2,2.0,588.0,7,multiplied,1.25,0.0,0.0,0.0,405.0,125.0,168.0,112.0,,,,,12.0,0.6811772917379925,0.0
0.3333333333333333,0.7170542635658915,ripple,sub-20,2,2.0,588.0,7,multiplied,1.5,0.0,0.0,0.0,258.0,86.0,99.0,73.0,,,,,12.0,0.4352290273419724,0.0
0.3435114503816794,0.7099236641221374,ripple,sub-20,2,2.0,588.0,7,multiplied,2.0,0.0,0.3333333333333333,0.0,131.0,45.0,48.0,38.0,,,,,12.0,0.2193181986761488,0.0
0.2857142857142857,0.5714285714285714,fast_ripple,sub-20,3,5.0,14.0,12,plain,,0.0,0.3333333333333333,0.0,14.0,4.0,4.0,6.0,12.0,0.4166666666666667,0.0,0.0,,,
0.3333333333333333,0.5555555555555556,fast_ripple,sub-20,3,5.0,14.0,12,multiplied,1.25,0.0,0.3333333333333333,0.0,9.0,3.0,2.0,4.0,,,,,4.0,0.8194444444444443,1.0
0.25,0.5,fast_ripple,sub-20,3,5.0,14.0,12,multiplied,1.5,0.0,0.3333333333333333,0.0,8.0,2.0,2.0,4.0,,,,,4.0,0.7777777777777777,1.0
0.2,0.6,fast_ripple,sub-20,3,5.0,14.0,12,multiplied,2.0,0.0,0.0,0.0,5.0,1.0,2.0,2.0,,,,,5.0,0.6805555555555555,1.0
0.36973478939157567,0.7316692667706708,ripple,sub-20,3,2.0,641.0,9,plain,,0.0,0.0,0.0,641.0,237.0,232.0,172.0,9.0,0.2222222222222222,0.0,0.0,,,
0.35650224215246634,0.7062780269058296,ripple,sub-20,3,2.0,641.0,9,multiplied,1.25,0.0,0.0,0.0,446.0,159.0,156.0,131.0,,,,,12.0,0.6869882056197206,0.0
0.3642611683848797,0.7079037800687286,ripple,sub-20,3,2.0,641.0,9,multiplied,1.5,0.0,0.0,0.0,291.0,106.0,100.0,85.0,,,,,12.0,0.4501217306885256,0.0
0.35802469135802467,0.691358024691358,ripple,sub-20,3,2.0,641.0,9,multiplied,2.0,0.0,0.3333333333333333,0.0,162.0,58.0,54.0,50.0,,,,,12.0,0.2417638297642388,0.0
0.0,0.0,fast_ripple,sub-20,4,5.0,18.0,3,plain,,0.0,0.0,0.0,18.0,0.0,0.0,18.0,3.0,0.0,0.0,0.0,,,
0.0,0.0,fast_ripple,sub-20,4,5.0,18.0,3,multiplied,1.25,0.0,0.0,0.0,15.0,0.0,0.0,15.0,,,,,2.0,0.9642857142857143,1.0
0.0,0.0,fast_ripple,sub-20,4,5.0,18.0,3,multiplied,1.5,0.0,0.0,0.0,12.0,0.0,0.0,12.0,,,,,3.0,0.9196428571428572,1.0
0.0,0.0,fast_ripple,sub-20,4,5.0,18.0,3,multiplied,2.0,0.0,0.0,0.0,10.0,0.0,0.0,10.0,,,,,3.0,0.8958333333333334,1.0
0.41694915254237286,0.7610169491525424,ripple,sub-20,4,2.0,590.0,12,plain,,0.0,0.3333333333333333,0.0,590.0,246.0,203.0,141.0,12.0,0.4166666666666667,0.0,0.0,,,
0.4257907542579075,0.7566909975669099,ripple,sub-20,4,2.0,590.0,12,multiplied,1.25,0.0,0.3333333333333333,0.0,411.0,175.0,136.0,100.0,,,,,12.0,0.6890206965577019,0.0
0.423728813559322,0.7389830508474576,ripple,sub-20,4,2.0,590.0,12,multiplied,1.5,1.0,0.3333333333333333,0.0,295.0,125.0,93.0,77.0,,,,,12.0,0.49405809264767914,0.0
0.4093567251461988,0.6842105263157895,ripple,sub-20,4,2.0,590.0,12,multiplied,2.0,0.0,0.3333333333333333,0.0,171.0,70.0,47.0,54.0,,,,,12.0,0.28266086682981784,0.0
