channel,ei,detected,change_s,alarm_s,er_after,rank,subject,run,soz
RPFc2-RPFc3,1.0,True,-5.5,-2.25,2.602960121549487,1,sub-HUP060,01,True
RPFa3-RPFa4,0.3565708958132783,True,-3.25,-1.75,3.0164544224982057,2,sub-HUP060,01,True
RAFd2-RAFd3,0.11849942183222298,True,18.5,20.0,7.711231736398676,3,sub-HUP060,01,False
RAFc2-RAFc3,0.08769569912227436,True,18.5,21.75,5.706710191167063,4,sub-HUP060,01,False
RAFd1-RAFd2,0.07980599387140994,True,18.0,20.75,5.089429577943619,5,sub-HUP060,01,False
RAFd3-RAFd4,0.07904520010455196,True,18.5,20.25,5.143787591801202,6,sub-HUP060,01,False
RAFb2-RAFb3,0.06754175051630755,True,16.25,20.5,3.999642991289241,7,sub-HUP060,01,False
RAFc3-RAFc4,0.05177322945574986,True,15.75,20.25,2.9984912489265456,8,sub-HUP060,01,False
LAF2-LAF3,0.04935510459933481,True,17.25,20.0,3.051147515340589,9,sub-HUP060,01,False
RAFb3-RAFb4,0.044806216587462214,True,15.75,19.75,2.5949906881864804,10,sub-HUP060,01,False
RPFc1-RPFc2,0.044270195160713156,True,18.5,22.0,2.8808388144137353,11,sub-HUP060,01,False
RAFb1-RAFb2,0.04341923090398243,True,16.25,21.0,2.571171479044699,12,sub-HUP060,01,False
LAF1-LAF2,0.040469773416002476,True,17.75,21.75,2.5545242535024513,13,sub-HUP060,01,False
RAFc1-RAFc2,0.036845209121349295,True,18.0,24.25,2.3497119453190787,14,sub-HUP060,01,False
RPFb2-RPFb3,0.03581383269498955,True,19.0,21.25,2.3771604467750262,15,sub-HUP060,01,True
LAF3-LAF4,0.0,False,,,,16,sub-HUP060,01,False
RA2-RA3,0.0,False,,,,16,sub-HUP060,01,False
RAFa1-RAFa2,0.0,False,,,,16,sub-HUP060,01,False
RAFa2-RAFa3,0.0,False,,,,16,sub-HUP060,01,False
RAFa3-RAFa4,0.0,False,,,,16,sub-HUP060,01,False
RH1-RH2,0.0,False,,,,16,sub-HUP060,01,False
RH2-RH3,0.0,False,,,,16,sub-HUP060,01,False
RH3-RH4,0.0,False,,,,16,sub-HUP060,01,False
RPFa1-RPFa2,0.0,False,,,,16,sub-HUP060,01,False
RPFa2-RPFa3,0.0,False,,,,16,sub-HUP060,01,True
RPFb1-RPFb2,0.0,False,,,,16,sub-HUP060,01,False
RAFd3-RAFd4,1.0,True,-7.25,-4.75,7.698028965050528,1,sub-HUP060,02,False
RAFd1-RAFd2,0.6297111027614704,True,-7.5,-4.5,4.039611923893091,2,sub-HUP060,02,False
RAFd2-RAFd3,0.622774868947912,True,-5.25,-4.75,11.186324286355338,3,sub-HUP060,02,False
RPFa3-RPFa4,0.4962694689981541,True,-7.75,-3.5,2.5468644978786905,4,sub-HUP060,02,True
RPFa1-RPFa2,0.46826334036748596,True,-7.5,-4.0,3.003920631183518,5,sub-HUP060,02,False
RAFc1-RAFc2,0.15402412266909424,True,-5.5,-4.75,2.5689780081835636,6,sub-HUP060,02,False
RAFc3-RAFc4,0.1099651311613156,True,-5.0,-3.25,2.1162869120634697,7,sub-HUP060,02,False
RH2-RH3,0.07502996493575169,True,-0.5,1.0,3.1767056382717813,8,sub-HUP060,02,False
RPFc2-RPFc3,0.0619556590938365,True,0.75,5.25,3.020597568936614,9,sub-HUP060,02,True
RPFc1-RPFc2,0.05598788404798747,True,10.25,11.5,5.459287139181774,10,sub-HUP060,02,False
RPFb2-RPFb3,0.035219876237432175,True,4.75,9.75,2.4401126467912295,11,sub-HUP060,02,True
RH3-RH4,0.021393198573570398,True,12.0,13.75,2.278148894796179,12,sub-HUP060,02,False
RAFa3-RAFa4,0.014194931553173118,True,20.5,21.5,2.1308233879381087,13,sub-HUP060,02,False
LAF1-LAF2,0.0,False,,,,14,sub-HUP060,02,False
LAF2-LAF3,0.0,False,,,,14,sub-HUP060,02,False
LAF3-LAF4,0.0,False,,,,14,sub-HUP060,02,False
RA2-RA3,0.0,False,,,,14,sub-HUP060,02,False
RAFa1-RAFa2,0.0,False,,,,14,sub-HUP060,02,False
RAFa2-RAFa3,0.0,False,,,,14,sub-HUP060,02,False
RAFb1-RAFb2,0.0,False,,,,14,sub-HUP060,02,False
RAFb2-RAFb3,0.0,False,,,,14,sub-HUP060,02,False
RAFb3-RAFb4,0.0,False,,,,14,sub-HUP060,02,False
RAFc2-RAFc3,0.0,False,,,,14,sub-HUP060,02,False
RH1-RH2,0.0,False,,,,14,sub-HUP060,02,False
RPFa2-RPFa3,0.0,False,,,,14,sub-HUP060,02,True
RPFb1-RPFb2,0.0,False,,,,14,sub-HUP060,02,False
RPFb2-RPFb3,1.0,True,-7.0,-6.0,3.124621812689798,1,sub-HUP060,03,True
RPFa1-RPFa2,0.7976748625957816,True,-6.75,-4.5,3.1155403438763956,2,sub-HUP060,03,False
RAFa3-RAFa4,0.1526823431347115,True,-2.0,1.0,2.8624474786278475,3,sub-HUP060,03,False
RAFc3-RAFc4,0.11647108476597147,True,-0.25,2.0,2.820442713057326,4,sub-HUP060,03,False
RAFb2-RAFb3,0.10271711453432138,True,-1.5,1.75,2.0861888879682295,5,sub-HUP060,03,False
RPFc2-RPFc3,0.09152673564245532,True,0.25,2.0,2.359388085719847,6,sub-HUP060,03,True
RAFd2-RAFd3,0.07325564335160505,True,8.0,8.5,3.6623388979047915,7,sub-HUP060,03,False
RAFc2-RAFc3,0.05450733519042397,True,6.25,8.75,2.4269860209482,8,sub-HUP060,03,False
RPFa3-RPFa4,0.03429573613555501,True,14.5,23.5,2.4111271172567004,9,sub-HUP060,03,True
RPFa2-RPFa3,0.028266171100746813,True,22.0,26.0,2.6496328434784644,10,sub-HUP060,03,True
LAF1-LAF2,0.0,False,,,,11,sub-HUP060,03,False
LAF2-LAF3,0.0,False,,,,11,sub-HUP060,03,False
LAF3-LAF4,0.0,False,,,,11,sub-HUP060,03,False
RA2-RA3,0.0,False,,,,11,sub-HUP060,03,False
RAFa1-RAFa2,0.0,False,,,,11,sub-HUP060,03,False
RAFa2-RAFa3,0.0,False,,,,11,sub-HUP060,03,False
RAFb1-RAFb2,0.0,False,,,,11,sub-HUP060,03,False
RAFb3-RAFb4,0.0,False,,,,11,sub-HUP060,03,False
RAFc1-RAFc2,0.0,False,,,,11,sub-HUP060,03,False
RAFd1-RAFd2,0.0,False,,,,11,sub-HUP060,03,False
RAFd3-RAFd4,0.0,False,,,,11,sub-HUP060,03,False
RH1-RH2,0.0,False,,,,11,sub-HUP060,03,False
RH2-RH3,0.0,False,,,,11,sub-HUP060,03,False
RH3-RH4,0.0,False,,,,11,sub-HUP060,03,False
RPFb1-RPFb2,0.0,False,,,,11,sub-HUP060,03,False
RPFc1-RPFc2,0.0,False,,,,11,sub-HUP060,03,False
LG41-LG42,1.0,True,-4.5,-0.75,2.808013590191893,1,sub-HUP064,01,False
LG49-LG50,0.9060007785779212,True,-4.25,-0.5,3.1800781237140483,2,sub-HUP064,01,False
LG42-LG43,0.4342633409779166,True,-2.5,-1.25,3.6582520895643773,3,sub-HUP064,01,False
LG30-LG31,0.4230261231708985,True,-2.5,-0.25,3.5635893086102177,4,sub-HUP064,01,True
LG48-LG49,0.418720536404248,True,-2.5,-0.5,3.527318870146703,5,sub-HUP064,01,False
LG40-LG41,0.3787697261346754,True,-2.0,-0.5,3.7225668848880047,6,sub-HUP064,01,False
LG31-LG32,0.29404181950651265,True,-2.5,-2.0,2.477020275777117,7,sub-HUP064,01,True
LG08-LG09,0.24928214937898896,True,-1.5,-0.5,2.799950652993786,8,sub-HUP064,01,False
LG47-LG48,0.1373580016290887,True,0.75,1.75,2.410644595600508,9,sub-HUP064,01,False
LF03-LF04,0.12355039174188148,True,5.0,7.75,3.6427773803897217,10,sub-HUP064,01,False
LG58-LG59,0.10615893991183412,True,5.0,6.0,3.1300053329243447,11,sub-HUP064,01,False
LST05-LST06,0.0922790586870776,True,9.0,10.25,3.757252337809723,12,sub-HUP064,01,False
LG57-LG58,0.08527264669115685,True,7.5,9.5,3.1128077601452024,13,sub-HUP064,01,False
LG09-LG10,0.08161743504785243,True,4.5,15.0,2.2918286681097375,14,sub-HUP064,01,False
LF01-LF02,0.08080628470127187,True,13.25,16.25,4.254471480264125,15,sub-HUP064,01,False
LG16-LG17,0.07944077877018985,True,12.5,13.25,4.015274155238172,16,sub-HUP064,01,False
LF02-LF03,0.07580933662055354,True,7.25,10.0,2.714139005547815,17,sub-HUP064,01,False
LG15-LG16,0.07211015917120635,True,12.25,13.5,3.594131948249752,18,sub-HUP064,01,False
LG50-LG51,0.06979297247799746,True,9.0,10.0,2.8417044206625315,19,sub-HUP064,01,False
RFR03-RFR04,0.06427000059275487,True,11.75,15.5,3.1131253555801677,20,sub-HUP064,01,False
LF04-LF05,0.06313755034219892,True,12.75,14.5,3.2355625642748285,21,sub-HUP064,01,False
LST02-LST03,0.05858278515296848,True,6.75,13.0,2.015140396545135,22,sub-HUP064,01,False
LG43-LG44,0.05754377625303523,True,8.75,10.25,2.3025678069301536,23,sub-HUP064,01,False
LG07-LG08,0.05548643614314595,True,11.5,14.0,2.648713334941564,24,sub-HUP064,01,False
LG56-LG57,0.05536938377123001,True,13.75,17.75,2.992951155620663,25,sub-HUP064,01,False
LG17-LG18,0.052038077510874296,True,17.0,20.5,3.2877816493048675,26,sub-HUP064,01,False
RFR02-RFR03,0.050167600492864874,True,17.75,21.0,3.275257817332308,27,sub-HUP064,01,False
LST01-LST02,0.04836527939830528,True,11.0,16.25,2.240870970423842,28,sub-HUP064,01,False
LIH03-LIH04,0.04158456893307316,True,23.0,24.75,3.3279459891307193,29,sub-HUP064,01,False
RFR01-RFR02,0.03820890858902058,True,19.5,25.75,2.6822783646092385,30,sub-HUP064,01,False
LF05-LF06,0.0,False,,,,31,sub-HUP064,01,False
LG01-LG02,0.0,False,,,,31,sub-HUP064,01,False
LG02-LG03,0.0,False,,,,31,sub-HUP064,01,False
LG03-LG04,0.0,False,,,,31,sub-HUP064,01,False
LG04-LG05,0.0,False,,,,31,sub-HUP064,01,False
LG05-LG06,0.0,False,,,,31,sub-HUP064,01,False
LG06-LG07,0.0,False,,,,31,sub-HUP064,01,False
LG10-LG11,0.0,False,,,,31,sub-HUP064,01,False
LG11-LG12,0.0,False,,,,31,sub-HUP064,01,False
LG12-LG13,0.0,False,,,,31,sub-HUP064,01,False
LG13-LG14,0.0,False,,,,31,sub-HUP064,01,False
LG14-LG15,0.0,False,,,,31,sub-HUP064,01,False
LG18-LG19,0.0,False,,,,31,sub-HUP064,01,False
LG19-LG20,0.0,False,,,,31,sub-HUP064,01,False
LG20-LG21,0.0,False,,,,31,sub-HUP064,01,False
LG21-LG22,0.0,False,,,,31,sub-HUP064,01,False
LG22-LG23,0.0,False,,,,31,sub-HUP064,01,True
LG23-LG24,0.0,False,,,,31,sub-HUP064,01,True
LG24-LG25,0.0,False,,,,31,sub-HUP064,01,False
LG25-LG26,0.0,False,,,,31,sub-HUP064,01,False
LG26-LG27,0.0,False,,,,31,sub-HUP064,01,False
LG27-LG28,0.0,False,,,,31,sub-HUP064,01,False
LG28-LG29,0.0,False,,,,31,sub-HUP064,01,False
LG29-LG30,0.0,False,,,,31,sub-HUP064,01,False
LG32-LG33,0.0,False,,,,31,sub-HUP064,01,False
LG33-LG34,0.0,False,,,,31,sub-HUP064,01,False
LG34-LG35,0.0,False,,,,31,sub-HUP064,01,False
LG35-LG36,0.0,False,,,,31,sub-HUP064,01,False
LG36-LG37,0.0,False,,,,31,sub-HUP064,01,False
LG37-LG38,0.0,False,,,,31,sub-HUP064,01,False
LG38-LG39,0.0,False,,,,31,sub-HUP064,01,False
LG39-LG40,0.0,False,,,,31,sub-HUP064,01,False
LG44-LG45,0.0,False,,,,31,sub-HUP064,01,False
LG45-LG46,0.0,False,,,,31,sub-HUP064,01,False
LG46-LG47,0.0,False,,,,31,sub-HUP064,01,False
LG51-LG52,0.0,False,,,,31,sub-HUP064,01,False
LG52-LG53,0.0,False,,,,31,sub-HUP064,01,False
LG53-LG54,0.0,False,,,,31,sub-HUP064,01,False
LG54-LG55,0.0,False,,,,31,sub-HUP064,01,False
LG55-LG56,0.0,False,,,,31,sub-HUP064,01,False
LG59-LG60,0.0,False,,,,31,sub-HUP064,01,False
LG60-LG61,0.0,False,,,,31,sub-HUP064,01,False
LG61-LG62,0.0,False,,,,31,sub-HUP064,01,False
LG62-LG63,0.0,False,,,,31,sub-HUP064,01,False
LG63-LG64,0.0,False,,,,31,sub-HUP064,01,False
LIH01-LIH02,0.0,False,,,,31,sub-HUP064,01,False
LIH02-LIH03,0.0,False,,,,31,sub-HUP064,01,False
LIH04-LIH05,0.0,False,,,,31,sub-HUP064,01,False
LIH05-LIH06,0.0,False,,,,31,sub-HUP064,01,False
LST03-LST04,0.0,False,,,,31,sub-HUP064,01,False
LST04-LST05,0.0,False,,,,31,sub-HUP064,01,False
RG16-RG17,1.0,True,-10.0,-9.0,4.278533106497301,1,sub-HUP065,01,True
RG57-RG58,0.9589629700327454,True,-10.0,-9.0,4.102954815190081,2,sub-HUP065,01,False
RG13-RG14,0.8782174499351911,True,-10.0,-7.75,3.7574824342513518,3,sub-HUP065,01,False
RG50-RG51,0.6874306576827244,True,-9.5,-8.0,4.4117922409751245,4,sub-HUP065,01,False
RG06-RG07,0.427453018934152,True,-9.5,-6.25,2.7433078394729806,5,sub-HUP065,01,True
RG24-RG25,0.3089365366295267,True,-8.25,-7.75,3.634936799384127,6,sub-HUP065,01,True
RG02-RG03,0.260605381808789,True,-8.25,-7.0,3.0662740729507516,7,sub-HUP065,01,True
RG11-RG12,0.24232927159714737,True,-8.25,-6.75,2.851237980804871,8,sub-HUP065,01,True
RG35-RG36,0.23586456470139486,True,-8.25,-7.75,2.7751744589923546,9,sub-HUP065,01,False
RG53-RG54,0.22647607752547586,True,-7.75,-6.0,3.149202535447793,10,sub-HUP065,01,False
RG34-RG35,0.22481395024421444,True,-8.25,-7.75,2.6451533045363487,11,sub-HUP065,01,False
RG43-RG44,0.20833346940594025,True,-8.25,-7.75,2.4512445266230847,12,sub-HUP065,01,False
RG45-RG46,0.2047015120107766,True,-7.75,-6.0,2.846422137286529,13,sub-HUP065,01,False
RG46-RG47,0.14928136540573125,True,-7.0,-6.25,2.5548210562861686,14,sub-HUP065,01,False
RG22-RG23,0.05910164208408619,True,3.75,7.75,3.7298079015004744,15,sub-HUP065,01,True
RG30-RG31,0.05576469697130623,True,7.25,7.75,4.354287614520804,16,sub-HUP065,01,False
RG19-RG20,0.04758127567769998,True,7.25,8.25,3.715299654064559,17,sub-HUP065,01,False
RG10-RG11,0.044449297995690626,True,8.5,9.0,3.7084669641849666,18,sub-HUP065,01,True
RG18-RG19,0.044448816936830775,True,7.5,9.75,3.5182510939640665,19,sub-HUP065,01,False
RG42-RG43,0.04387592997950669,True,7.25,8.25,3.4259742966711024,20,sub-HUP065,01,False
RG44-RG45,0.042224344465175645,True,7.0,7.75,3.2518486024992015,21,sub-HUP065,01,False
RG32-RG33,0.041018852114053865,True,7.75,8.5,3.2906346892593055,22,sub-HUP065,01,False
RG26-RG27,0.04085650100456357,True,7.5,9.0,3.2339090050278116,23,sub-HUP065,01,True
RG33-RG34,0.0393193485596937,True,7.25,11.25,3.0701817053286558,24,sub-HUP065,01,False
RG21-RG22,0.03786421766827834,True,7.5,9.5,2.997061213638955,25,sub-HUP065,01,True
RG48-RG49,0.037381519769853044,True,7.25,8.0,2.918869775793618,26,sub-HUP065,01,False
RG36-RG37,0.037355141532029214,True,7.0,7.75,2.8768537753682275,27,sub-HUP065,01,False
RG27-RG28,0.037052128662428026,True,7.25,10.75,2.893149854458225,28,sub-HUP065,01,True
RG17-RG18,0.036507755955979986,True,9.5,11.0,3.20209267128248,29,sub-HUP065,01,True
RG39-RG40,0.035315843909158054,True,7.0,9.0,2.719800132286029,30,sub-HUP065,01,False
RG29-RG30,0.034624035930618656,True,7.5,10.5,2.7405915541795247,31,sub-HUP065,01,False
RG25-RG26,0.03454669750042188,True,9.5,11.25,3.0300883740019033,32,sub-HUP065,01,True
RG54-RG55,0.03424982324616072,True,7.25,10.5,2.674336798369427,33,sub-HUP065,01,False
RG52-RG53,0.034138068291567326,True,7.0,7.75,2.6290953967920583,34,sub-HUP065,01,False
RG38-RG39,0.033450645821243394,True,7.0,8.25,2.5761545204382985,35,sub-HUP065,01,False
RG40-RG41,0.032655772005777885,True,7.0,8.5,2.5149384296090727,36,sub-HUP065,01,False
RG56-RG57,0.03205400157448049,True,7.25,7.75,2.5028799515113977,37,sub-HUP065,01,False
RG15-RG16,0.03145592958913207,True,7.5,10.75,2.489826868640868,38,sub-HUP065,01,False
RG12-RG13,0.0278706485504812,True,8.25,10.25,2.2954757310636085,39,sub-HUP065,01,False
RG08-RG09,0.024152959584561314,True,24.0,26.5,3.616873302085291,40,sub-HUP065,01,True
RG37-RG38,0.020245214564986333,True,23.75,26.0,3.01003877156413,41,sub-HUP065,01,False
RG41-RG42,0.020132140637476374,True,22.5,25.75,2.8855570124404286,42,sub-HUP065,01,False
RG62-RG63,0.01817881020234953,True,24.0,28.25,2.7222524450619177,43,sub-HUP065,01,False
RG61-RG62,0.018178392954574886,True,25.5,26.25,2.838855246885907,44,sub-HUP065,01,False
RG55-RG56,0.017437692723383358,True,24.5,25.75,2.6485749694362593,45,sub-HUP065,01,False
RG14-RG15,0.01664557864874988,True,22.25,25.0,2.3680204225722425,46,sub-HUP065,01,False
RG63-RG64,0.016407181697910108,True,16.25,17.0,1.912913759647981,47,sub-HUP065,01,False
RG31-RG32,0.014812596409761881,True,22.25,29.0,2.1072581224006135,48,sub-HUP065,01,False
RG01-RG02,0.0,False,,,,49,sub-HUP065,01,False
RG03-RG04,0.0,False,,,,49,sub-HUP065,01,True
RG04-RG05,0.0,False,,,,49,sub-HUP065,01,True
RG05-RG06,0.0,False,,,,49,sub-HUP065,01,True
RG07-RG08,0.0,False,,,,49,sub-HUP065,01,False
RG09-RG10,0.0,False,,,,49,sub-HUP065,01,True
RG20-RG21,0.0,False,,,,49,sub-HUP065,01,False
RG23-RG24,0.0,False,,,,49,sub-HUP065,01,True
RG28-RG29,0.0,False,,,,49,sub-HUP065,01,False
RG47-RG48,0.0,False,,,,49,sub-HUP065,01,False
RG49-RG50,0.0,False,,,,49,sub-HUP065,01,False
RG51-RG52,0.0,False,,,,49,sub-HUP065,01,False
RG58-RG59,0.0,False,,,,49,sub-HUP065,01,False
RG59-RG60,0.0,False,,,,49,sub-HUP065,01,False
RG60-RG61,0.0,False,,,,49,sub-HUP065,01,False
RG20-RG21,1.0,True,-9.0,-7.75,2.2746502389224696,1,sub-HUP065,02,False
RG13-RG14,0.855223778340972,True,-8.75,-8.25,2.4316687146693363,2,sub-HUP065,02,False
RG41-RG42,0.0887667977661566,True,1.25,2.0,2.2715259496556697,3,sub-HUP065,02,False
RG57-RG58,0.06582564255041574,True,8.5,11.25,2.7700108007587723,4,sub-HUP065,02,False
RG49-RG50,0.06365336499518187,True,9.5,12.0,2.823388266942937,5,sub-HUP065,02,False
RG58-RG59,0.055375469411739396,True,8.0,14.75,2.2672768451014247,6,sub-HUP065,02,False
RG03-RG04,0.05512603447759864,True,10.75,13.5,2.6018932855278494,7,sub-HUP065,02,True
RG60-RG61,0.04906920058103519,True,11.25,16.5,2.3718244625394584,8,sub-HUP065,02,False
RG63-RG64,0.042539879666506276,True,16.0,16.5,2.5158470336259415,9,sub-HUP065,02,False
RG56-RG57,0.04124359988062719,True,11.25,16.5,1.9935637418529413,10,sub-HUP065,02,False
RG38-RG39,0.035984140215180156,True,14.0,15.25,1.9644319953091003,11,sub-HUP065,02,False
RG11-RG12,0.034007152401423824,True,26.0,29.25,2.7847575840589753,12,sub-HUP065,02,True
RG39-RG40,0.030965570732007616,True,27.5,28.25,2.641344107397441,13,sub-HUP065,02,False
RG04-RG05,0.029327020342440915,True,25.0,28.25,2.334804984008607,14,sub-HUP065,02,True
RG01-RG02,0.0,False,,,,15,sub-HUP065,02,False
RG02-RG03,0.0,False,,,,15,sub-HUP065,02,True
RG05-RG06,0.0,False,,,,15,sub-HUP065,02,True
RG06-RG07,0.0,False,,,,15,sub-HUP065,02,True
RG07-RG08,0.0,False,,,,15,sub-HUP065,02,False
RG08-RG09,0.0,False,,,,15,sub-HUP065,02,True
RG09-RG10,0.0,False,,,,15,sub-HUP065,02,True
RG10-RG11,0.0,False,,,,15,sub-HUP065,02,True
RG12-RG13,0.0,False,,,,15,sub-HUP065,02,False
RG14-RG15,0.0,False,,,,15,sub-HUP065,02,False
RG15-RG16,0.0,False,,,,15,sub-HUP065,02,False
RG16-RG17,0.0,False,,,,15,sub-HUP065,02,True
RG17-RG18,0.0,False,,,,15,sub-HUP065,02,True
RG18-RG19,0.0,False,,,,15,sub-HUP065,02,False
RG19-RG20,0.0,False,,,,15,sub-HUP065,02,False
RG21-RG22,0.0,False,,,,15,sub-HUP065,02,True
RG22-RG23,0.0,False,,,,15,sub-HUP065,02,True
RG23-RG24,0.0,False,,,,15,sub-HUP065,02,True
RG24-RG25,0.0,False,,,,15,sub-HUP065,02,True
RG25-RG26,0.0,False,,,,15,sub-HUP065,02,True
RG26-RG27,0.0,False,,,,15,sub-HUP065,02,True
RG27-RG28,0.0,False,,,,15,sub-HUP065,02,True
RG28-RG29,0.0,False,,,,15,sub-HUP065,02,False
RG29-RG30,0.0,False,,,,15,sub-HUP065,02,False
RG30-RG31,0.0,False,,,,15,sub-HUP065,02,False
RG31-RG32,0.0,False,,,,15,sub-HUP065,02,False
RG32-RG33,0.0,False,,,,15,sub-HUP065,02,False
RG33-RG34,0.0,False,,,,15,sub-HUP065,02,False
RG34-RG35,0.0,False,,,,15,sub-HUP065,02,False
RG35-RG36,0.0,False,,,,15,sub-HUP065,02,False
RG36-RG37,0.0,False,,,,15,sub-HUP065,02,False
RG37-RG38,0.0,False,,,,15,sub-HUP065,02,False
RG40-RG41,0.0,False,,,,15,sub-HUP065,02,False
RG42-RG43,0.0,False,,,,15,sub-HUP065,02,False
RG43-RG44,0.0,False,,,,15,sub-HUP065,02,False
RG44-RG45,0.0,False,,,,15,sub-HUP065,02,False
RG45-RG46,0.0,False,,,,15,sub-HUP065,02,False
RG46-RG47,0.0,False,,,,15,sub-HUP065,02,False
RG47-RG48,0.0,False,,,,15,sub-HUP065,02,False
RG48-RG49,0.0,False,,,,15,sub-HUP065,02,False
RG50-RG51,0.0,False,,,,15,sub-HUP065,02,False
RG51-RG52,0.0,False,,,,15,sub-HUP065,02,False
RG52-RG53,0.0,False,,,,15,sub-HUP065,02,False
RG53-RG54,0.0,False,,,,15,sub-HUP065,02,False
RG54-RG55,0.0,False,,,,15,sub-HUP065,02,False
RG55-RG56,0.0,False,,,,15,sub-HUP065,02,False
RG59-RG60,0.0,False,,,,15,sub-HUP065,02,False
RG61-RG62,0.0,False,,,,15,sub-HUP065,02,False
RG62-RG63,0.0,False,,,,15,sub-HUP065,02,False
RG57-RG58,1.0,True,-7.75,-3.75,3.6224734072165683,1,sub-HUP065,03,False
RG63-RG64,0.1060429426822795,True,-3.75,-2.75,1.9206886994477412,2,sub-HUP065,03,False
RG31-RG32,0.06821286098374515,True,15.0,15.75,5.868607779914713,3,sub-HUP065,03,False
RG30-RG31,0.06325520880246227,True,15.0,15.75,5.442082404177709,4,sub-HUP065,03,False
RG17-RG18,0.0597334936544461,True,9.75,11.75,4.003085357242356,5,sub-HUP065,03,True
RG50-RG51,0.055813506147342096,True,3.25,4.0,2.426195301387182,6,sub-HUP065,03,False
RG39-RG40,0.054346153859946005,True,3.75,6.0,2.4608437142769306,7,sub-HUP065,03,False
RG22-RG23,0.05246595951308029,True,14.75,15.75,4.46632876332551,8,sub-HUP065,03,True
RG34-RG35,0.052234999596405714,True,3.0,6.25,2.2233337893263876,9,sub-HUP065,03,False
RG24-RG25,0.05124103490645179,True,7.75,10.5,3.062718224063479,10,sub-HUP065,03,True
RG42-RG43,0.05006219120489129,True,3.25,10.25,2.1761874761605187,11,sub-HUP065,03,False
RG33-RG34,0.04907312678667032,True,2.75,5.0,2.044310113127323,12,sub-HUP065,03,False
RG08-RG09,0.04875101336768709,True,9.75,10.5,3.26708611573716,13,sub-HUP065,03,True
RG54-RG55,0.04622073693937149,True,4.0,6.0,2.134775727916528,14,sub-HUP065,03,False
RG13-RG14,0.043598469383825646,True,9.75,10.5,2.9217844748577013,15,sub-HUP065,03,False
RG10-RG11,0.042990001025509025,True,9.0,10.5,2.76420990496737,16,sub-HUP065,03,True
RG29-RG30,0.04291185590281583,True,15.0,16.0,3.691867600478667,17,sub-HUP065,03,False
RG09-RG10,0.04086124475293081,True,9.0,13.0,2.6273332119328545,18,sub-HUP065,03,True
RG32-RG33,0.04073114900102405,True,3.25,10.5,1.7705700492190235,19,sub-HUP065,03,False
RG18-RG19,0.04062763692900469,True,9.5,12.0,2.6858987523139897,20,sub-HUP065,03,False
RG62-RG63,0.04037256384839146,True,8.75,19.0,2.5593494311341436,21,sub-HUP065,03,False
RG27-RG28,0.040279565985827916,True,5.75,10.5,2.115719021249356,22,sub-HUP065,03,True
RG55-RG56,0.03764632024095547,True,15.0,16.0,3.2388538563699756,23,sub-HUP065,03,False
RG26-RG27,0.03741419574821119,True,3.25,10.25,1.6263831498034826,24,sub-HUP065,03,True
RG16-RG17,0.0371925313320526,True,5.0,10.5,1.8525231408396565,25,sub-HUP065,03,True
RG38-RG39,0.0370677237107196,True,15.0,19.5,3.1890750309431537,26,sub-HUP065,03,False
RG20-RG21,0.037060632675047674,True,5.75,10.75,1.9466417666397333,27,sub-HUP065,03,False
RG43-RG44,0.03665316361098396,True,8.75,10.5,2.323564433245079,28,sub-HUP065,03,False
RG41-RG42,0.03584653999635933,True,9.75,10.5,2.4022830507344306,29,sub-HUP065,03,False
RG44-RG45,0.03538680115468552,True,8.75,10.75,2.2432855576129045,30,sub-HUP065,03,False
RG46-RG47,0.034267367698033915,True,14.75,16.25,2.917116763203837,31,sub-HUP065,03,False
RG35-RG36,0.03406697851032636,True,8.75,10.5,2.1596176650628225,32,sub-HUP065,03,False
RG01-RG02,0.03401301545448922,True,9.75,13.75,2.279408013687967,33,sub-HUP065,03,False
RG53-RG54,0.03388912469349309,True,15.0,16.0,2.9156082586555945,34,sub-HUP065,03,False
RG56-RG57,0.033851865829186305,True,15.0,17.5,2.9124027390836527,35,sub-HUP065,03,False
RG14-RG15,0.03326462038730749,True,9.75,10.75,2.229253750952247,36,sub-HUP065,03,False
RG51-RG52,0.03320695045094769,True,8.5,10.5,2.075024837772205,37,sub-HUP065,03,False
RG36-RG37,0.03237148882284464,True,9.5,10.75,2.140083647782926,38,sub-HUP065,03,False
RG02-RG03,0.03184809054749299,True,8.75,16.0,2.0189550688810773,39,sub-HUP065,03,True
RG40-RG41,0.031445575705175366,True,15.0,16.0,2.705380591957062,40,sub-HUP065,03,False
RG48-RG49,0.03139536571760125,True,14.75,15.25,2.6726286194134574,41,sub-HUP065,03,False
RG12-RG13,0.031047718407356675,True,5.0,12.25,1.546456096424221,42,sub-HUP065,03,False
RG19-RG20,0.030921046639325427,True,9.75,12.0,2.0721973797238027,43,sub-HUP065,03,False
RG04-RG05,0.030859387405256566,True,8.5,15.5,1.9283311016147426,44,sub-HUP065,03,True
RG61-RG62,0.030590552774116063,True,15.0,16.25,2.6318197684868982,45,sub-HUP065,03,False
RG45-RG46,0.03032969835240767,True,8.75,17.0,1.9226992002836965,46,sub-HUP065,03,False
RG21-RG22,0.030160326522648957,True,9.5,16.5,1.993903399258075,47,sub-HUP065,03,True
RG28-RG29,0.030007291795580447,True,9.5,10.75,1.983786252075425,48,sub-HUP065,03,False
RG60-RG61,0.02936561524118245,True,14.75,15.25,2.499839766996819,49,sub-HUP065,03,False
RG37-RG38,0.028927378655934453,True,15.0,17.0,2.4887306731381593,50,sub-HUP065,03,False
RG05-RG06,0.028131747828777087,True,9.75,21.5,1.8852704055529474,51,sub-HUP065,03,True
RG23-RG24,0.027627133990104455,True,9.5,10.75,1.8264336870909126,52,sub-HUP065,03,True
RG06-RG07,0.02703322110571101,True,9.75,17.25,1.8116518044866106,53,sub-HUP065,03,True
RG15-RG16,0.026165583278660615,True,19.0,19.5,2.630259596712426,54,sub-HUP065,03,False
RG52-RG53,0.02594448124658087,True,8.75,15.5,1.6447058841459428,55,sub-HUP065,03,False
RG03-RG04,0.0,False,,,,56,sub-HUP065,03,True
RG07-RG08,0.0,False,,,,56,sub-HUP065,03,False
RG11-RG12,0.0,False,,,,56,sub-HUP065,03,True
RG25-RG26,0.0,False,,,,56,sub-HUP065,03,True
RG47-RG48,0.0,False,,,,56,sub-HUP065,03,False
RG49-RG50,0.0,False,,,,56,sub-HUP065,03,False
RG58-RG59,0.0,False,,,,56,sub-HUP065,03,False
RG59-RG60,0.0,False,,,,56,sub-HUP065,03,False
LG29-LG30,1.0,True,-9.5,-6.75,9.505046648987442,1,sub-HUP070,01,True
LG21-LG22,0.7023035819122377,True,-8.0,-7.25,16.68857076956698,2,sub-HUP070,01,True
LG12-LG13,0.5024250427110184,True,-8.75,-7.0,8.35725357002854,3,sub-HUP070,01,True
LG19-LG20,0.4694104540248996,True,-8.75,-6.75,7.808094460300829,4,sub-HUP070,01,True
LG22-LG23,0.4236044870036179,True,-8.5,-7.5,8.052760819379564,5,sub-HUP070,01,True
LG37-LG38,0.42297657623193513,True,-7.0,-6.5,14.071442309797376,6,sub-HUP070,01,False
LG28-LG29,0.4084998332066456,True,-8.0,-6.5,9.707024926831888,7,sub-HUP070,01,True
LG23-LG24,0.35442494060324387,True,-8.5,-7.25,6.737651187996872,8,sub-HUP070,01,True
LG30-LG31,0.26970136481828744,True,-8.75,-7.25,4.486167094313453,9,sub-HUP070,01,True
LG14-LG15,0.23769967196452788,True,-7.75,-6.5,6.213202793797587,10,sub-HUP070,01,True
LG11-LG12,0.1784980569358108,True,-9.0,-6.25,2.544948536892747,11,sub-HUP070,01,True
LG36-LG37,0.16324733930270485,True,-7.75,-6.25,4.267102332337049,12,sub-HUP070,01,False
LG35-LG36,0.15257180006663798,True,-7.0,-6.5,5.075707269336827,13,sub-HUP070,01,False
LG34-LG35,0.15235359304238505,True,-7.75,-6.0,3.982352024773976,14,sub-HUP070,01,False
LG41-LG42,0.1471108574166978,True,-6.75,-5.75,5.243608358693447,15,sub-HUP070,01,False
LG32-LG33,0.14299465072915954,True,-7.5,-6.25,4.077512477208982,16,sub-HUP070,01,False
LG24-LG25,0.13584123743382098,True,-8.5,-3.75,2.582354597329295,17,sub-HUP070,01,False
LG46-LG47,0.13126854633341417,True,-7.0,-5.75,4.366997797553549,18,sub-HUP070,01,False
LG31-LG32,0.1306428808587429,True,-8.0,-6.25,3.1044166923011494,19,sub-HUP070,01,False
LG13-LG14,0.1224818518261097,True,-7.75,-6.25,3.2015382169692357,20,sub-HUP070,01,True
LG26-LG27,0.08916794480404877,True,-7.0,-6.0,2.966409162348873,21,sub-HUP070,01,False
LG33-LG34,0.08859500178536878,True,-6.75,-3.0,3.1578735931389597,22,sub-HUP070,01,False
LG45-LG46,0.08638280615429539,True,-6.25,-1.75,3.489558559209823,23,sub-HUP070,01,False
LG49-LG50,0.08325811179674128,True,-6.75,-3.75,2.9676458870048905,24,sub-HUP070,01,False
LG42-LG43,0.06270906228152144,True,-5.0,-1.5,3.2782890926506605,25,sub-HUP070,01,False
LG59-LG60,0.03417306509529486,True,2.75,5.0,4.3038196567730225,26,sub-HUP070,01,False
LG02-LG03,0.029600747145794956,True,-1.75,-0.75,2.4618692215745503,27,sub-HUP070,01,False
LG01-LG02,0.029475590600745862,True,-2.0,-0.5,2.381418341165634,28,sub-HUP070,01,False
LG57-LG58,0.027587730196998422,True,3.0,7.5,3.540005943239018,29,sub-HUP070,01,False
LG25-LG26,0.025681784928903204,True,2.5,4.5,3.173385329120338,30,sub-HUP070,01,False
LG44-LG45,0.024320376606093312,True,4.0,6.75,3.351911555346967,31,sub-HUP070,01,False
LG58-LG59,0.021704109422515085,True,2.75,5.25,2.7334560860984722,32,sub-HUP070,01,False
LG43-LG44,0.02024016380500922,True,2.75,5.25,2.549084040234317,33,sub-HUP070,01,False
LG60-LG61,0.01540283336755641,True,2.75,7.75,1.9398616083289528,34,sub-HUP070,01,False
LG07-LG08,0.01116199471058393,True,14.75,21.75,2.678905830601246,35,sub-HUP070,01,False
LG63-LG64,0.006963847971666204,True,17.75,19.0,1.8699155201168132,36,sub-HUP070,01,False
LG08-LG09,0.0060178213037549305,True,18.25,25.25,1.6444905762520048,37,sub-HUP070,01,False
LG03-LG04,0.0,False,,,,38,sub-HUP070,01,False
LG04-LG05,0.0,False,,,,38,sub-HUP070,01,False
LG05-LG06,0.0,False,,,,38,sub-HUP070,01,False
LG06-LG07,0.0,False,,,,38,sub-HUP070,01,False
LG09-LG10,0.0,False,,,,38,sub-HUP070,01,False
LG10-LG11,0.0,False,,,,38,sub-HUP070,01,False
LG15-LG16,0.0,False,,,,38,sub-HUP070,01,True
LG16-LG17,0.0,False,,,,38,sub-HUP070,01,False
LG17-LG18,0.0,False,,,,38,sub-HUP070,01,False
LG18-LG19,0.0,False,,,,38,sub-HUP070,01,False
LG20-LG21,0.0,False,,,,38,sub-HUP070,01,True
LG27-LG28,0.0,False,,,,38,sub-HUP070,01,False
LG38-LG39,0.0,False,,,,38,sub-HUP070,01,False
LG39-LG40,0.0,False,,,,38,sub-HUP070,01,False
LG40-LG41,0.0,False,,,,38,sub-HUP070,01,False
LG47-LG48,0.0,False,,,,38,sub-HUP070,01,False
LG48-LG49,0.0,False,,,,38,sub-HUP070,01,False
LG52-LG53,0.0,False,,,,38,sub-HUP070,01,False
LG53-LG54,0.0,False,,,,38,sub-HUP070,01,False
LG54-LG55,0.0,False,,,,38,sub-HUP070,01,False
LG55-LG56,0.0,False,,,,38,sub-HUP070,01,False
LG56-LG57,0.0,False,,,,38,sub-HUP070,01,False
LG61-LG62,0.0,False,,,,38,sub-HUP070,01,False
LG62-LG63,0.0,False,,,,38,sub-HUP070,01,False
LG33-LG34,1.0,True,-7.0,-6.25,3.102362585281369,1,sub-HUP070,02,False
LG44-LG45,0.9592643751053955,True,-7.0,-2.75,2.975985906720292,2,sub-HUP070,02,False
LG43-LG44,0.8469265818434686,True,-7.0,-2.0,2.627473339991416,3,sub-HUP070,02,False
LG59-LG60,0.7628139084967595,True,-6.75,-3.25,2.9581566615657406,4,sub-HUP070,02,False
LG58-LG59,0.6959557341114646,True,-6.5,-3.75,3.2386605457791546,5,sub-HUP070,02,False
LG49-LG50,0.6372519549752945,True,-6.75,-4.25,2.471233278140952,6,sub-HUP070,02,False
LG57-LG58,0.5438275133810547,True,-6.25,-3.0,2.9525127281299777,7,sub-HUP070,02,False
LG18-LG19,0.37939943813765814,True,-6.25,-4.5,2.059810588071327,8,sub-HUP070,02,False
LG22-LG23,0.25215913539085044,True,6.0,8.0,10.95204694042863,9,sub-HUP070,02,True
LG21-LG22,0.17142942493467944,True,7.0,8.0,7.977543509004758,10,sub-HUP070,02,True
LG23-LG24,0.13053897957774752,True,7.75,8.25,6.378423127064299,11,sub-HUP070,02,True
LG19-LG20,0.09973459095923366,True,7.5,8.0,4.795899383479155,12,sub-HUP070,02,True
LG30-LG31,0.08058161306706409,True,9.0,9.5,4.249887484494958,13,sub-HUP070,02,True
LG11-LG12,0.0743996143254597,True,4.75,9.5,2.9428858929940422,14,sub-HUP070,02,True
LG12-LG13,0.061425842906498586,True,7.5,10.5,2.953761170438629,15,sub-HUP070,02,True
LG29-LG30,0.05321605716950289,True,7.5,13.25,2.558980322832332,16,sub-HUP070,02,True
LG28-LG29,0.053097616942112104,True,6.5,13.25,2.3885568724477553,17,sub-HUP070,02,True
LG62-LG63,0.04853134148907504,True,10.0,14.75,2.710112724885957,18,sub-HUP070,02,False
LG15-LG16,0.048396290779804174,True,7.75,11.75,2.364749758061179,19,sub-HUP070,02,True
LG27-LG28,0.03981298826241577,True,13.0,15.75,2.593800829064865,20,sub-HUP070,02,False
LG46-LG47,0.03480033918503313,True,12.5,13.25,2.2132470399763315,21,sub-HUP070,02,False
LG03-LG04,0.03223547518977048,True,12.5,13.5,2.05012570902395,22,sub-HUP070,02,False
LG08-LG09,0.027786724775777587,True,10.5,17.5,1.5947831632698395,23,sub-HUP070,02,False
LG17-LG18,0.021880842021790328,True,21.5,23.25,2.0025280158742125,24,sub-HUP070,02,False
LG01-LG02,0.0,False,,,,25,sub-HUP070,02,False
LG02-LG03,0.0,False,,,,25,sub-HUP070,02,False
LG04-LG05,0.0,False,,,,25,sub-HUP070,02,False
LG05-LG06,0.0,False,,,,25,sub-HUP070,02,False
LG06-LG07,0.0,False,,,,25,sub-HUP070,02,False
LG07-LG08,0.0,False,,,,25,sub-HUP070,02,False
LG09-LG10,0.0,False,,,,25,sub-HUP070,02,False
LG10-LG11,0.0,False,,,,25,sub-HUP070,02,False
LG13-LG14,0.0,False,,,,25,sub-HUP070,02,True
LG14-LG15,0.0,False,,,,25,sub-HUP070,02,True
LG16-LG17,0.0,False,,,,25,sub-HUP070,02,False
LG20-LG21,0.0,False,,,,25,sub-HUP070,02,True
LG24-LG25,0.0,False,,,,25,sub-HUP070,02,False
LG25-LG26,0.0,False,,,,25,sub-HUP070,02,False
LG26-LG27,0.0,False,,,,25,sub-HUP070,02,False
LG31-LG32,0.0,False,,,,25,sub-HUP070,02,False
LG32-LG33,0.0,False,,,,25,sub-HUP070,02,False
LG34-LG35,0.0,False,,,,25,sub-HUP070,02,False
LG35-LG36,0.0,False,,,,25,sub-HUP070,02,False
LG36-LG37,0.0,False,,,,25,sub-HUP070,02,False
LG37-LG38,0.0,False,,,,25,sub-HUP070,02,False
LG38-LG39,0.0,False,,,,25,sub-HUP070,02,False
LG39-LG40,0.0,False,,,,25,sub-HUP070,02,False
LG40-LG41,0.0,False,,,,25,sub-HUP070,02,False
LG41-LG42,0.0,False,,,,25,sub-HUP070,02,False
LG42-LG43,0.0,False,,,,25,sub-HUP070,02,False
LG45-LG46,0.0,False,,,,25,sub-HUP070,02,False
LG47-LG48,0.0,False,,,,25,sub-HUP070,02,False
LG48-LG49,0.0,False,,,,25,sub-HUP070,02,False
LG52-LG53,0.0,False,,,,25,sub-HUP070,02,False
LG53-LG54,0.0,False,,,,25,sub-HUP070,02,False
LG54-LG55,0.0,False,,,,25,sub-HUP070,02,False
LG55-LG56,0.0,False,,,,25,sub-HUP070,02,False
LG56-LG57,0.0,False,,,,25,sub-HUP070,02,False
LG60-LG61,0.0,False,,,,25,sub-HUP070,02,False
LG61-LG62,0.0,False,,,,25,sub-HUP070,02,False
LG63-LG64,0.0,False,,,,25,sub-HUP070,02,False
LG21-LG22,1.0,True,-7.25,-6.0,9.895516829360606,1,sub-HUP070,03,True
LG19-LG20,0.858142113520054,True,-7.0,-5.75,9.144972012960832,2,sub-HUP070,03,True
LG28-LG29,0.8022003536086499,True,-6.5,-5.75,9.770076430342675,3,sub-HUP070,03,True
LG45-LG46,0.737093713799411,True,-9.5,-7.5,2.2442840768363017,4,sub-HUP070,03,False
LG23-LG24,0.7101896754066483,True,-7.0,-5.5,7.568285722334221,5,sub-HUP070,03,True
LG12-LG13,0.588503287065534,True,-7.5,-6.0,5.375579244268641,6,sub-HUP070,03,True
LG22-LG23,0.5856127510010423,True,-7.0,-6.0,6.240705512481973,7,sub-HUP070,03,True
LG29-LG30,0.5314362240255041,True,-7.0,-5.75,5.66336195231286,8,sub-HUP070,03,True
LG14-LG15,0.4912254283860665,True,-6.25,-5.5,6.356600107020869,9,sub-HUP070,03,True
LG37-LG38,0.4587654958522276,True,-7.25,-5.25,4.539721684935681,10,sub-HUP070,03,False
LG13-LG14,0.4380381898565201,True,-6.5,-5.5,5.334909882618893,11,sub-HUP070,03,True
LG20-LG21,0.43639982051403375,True,-7.5,-6.0,3.986217016824525,12,sub-HUP070,03,True
LG32-LG33,0.34610847109339843,True,-7.0,-5.5,3.688377754372761,13,sub-HUP070,03,False
LG11-LG12,0.33209204399639575,True,-7.75,-5.5,2.7806497317610814,14,sub-HUP070,03,True
LG15-LG16,0.30713668486970863,True,-6.5,-5.0,3.740647672667355,15,sub-HUP070,03,True
LG30-LG31,0.2869169983364405,True,-6.25,-5.25,3.71278951971953,16,sub-HUP070,03,True
LG35-LG36,0.22645469055232204,True,-5.75,-5.0,3.275141371347297,17,sub-HUP070,03,False
LG06-LG07,0.2005507902827631,True,-6.0,-4.75,2.7478436128402866,18,sub-HUP070,03,False
LG34-LG35,0.18528647510356233,True,-5.75,-4.5,2.6797387092433773,19,sub-HUP070,03,False
LG24-LG25,0.18384302817813095,True,-6.0,-4.5,2.51892246364243,20,sub-HUP070,03,False
LG44-LG45,0.047376635653563245,True,4.5,7.5,2.1637675173614803,21,sub-HUP070,03,False
LG49-LG50,0.04418952902783812,True,17.5,18.5,3.767320119674385,22,sub-HUP070,03,False
LG05-LG06,0.023638269532818976,True,18.75,20.0,2.1052160458107503,23,sub-HUP070,03,False
LG01-LG02,0.0,False,,,,24,sub-HUP070,03,False
LG02-LG03,0.0,False,,,,24,sub-HUP070,03,False
LG03-LG04,0.0,False,,,,24,sub-HUP070,03,False
LG04-LG05,0.0,False,,,,24,sub-HUP070,03,False
LG07-LG08,0.0,False,,,,24,sub-HUP070,03,False
LG08-LG09,0.0,False,,,,24,sub-HUP070,03,False
LG09-LG10,0.0,False,,,,24,sub-HUP070,03,False
LG10-LG11,0.0,False,,,,24,sub-HUP070,03,False
LG16-LG17,0.0,False,,,,24,sub-HUP070,03,False
LG17-LG18,0.0,False,,,,24,sub-HUP070,03,False
LG18-LG19,0.0,False,,,,24,sub-HUP070,03,False
LG25-LG26,0.0,False,,,,24,sub-HUP070,03,False
LG26-LG27,0.0,False,,,,24,sub-HUP070,03,False
LG27-LG28,0.0,False,,,,24,sub-HUP070,03,False
LG31-LG32,0.0,False,,,,24,sub-HUP070,03,False
LG33-LG34,0.0,False,,,,24,sub-HUP070,03,False
LG36-LG37,0.0,False,,,,24,sub-HUP070,03,False
LG38-LG39,0.0,False,,,,24,sub-HUP070,03,False
LG39-LG40,0.0,False,,,,24,sub-HUP070,03,False
LG40-LG41,0.0,False,,,,24,sub-HUP070,03,False
LG41-LG42,0.0,False,,,,24,sub-HUP070,03,False
LG42-LG43,0.0,False,,,,24,sub-HUP070,03,False
LG43-LG44,0.0,False,,,,24,sub-HUP070,03,False
LG46-LG47,0.0,False,,,,24,sub-HUP070,03,False
LG47-LG48,0.0,False,,,,24,sub-HUP070,03,False
LG48-LG49,0.0,False,,,,24,sub-HUP070,03,False
LG52-LG53,0.0,False,,,,24,sub-HUP070,03,False
LG53-LG54,0.0,False,,,,24,sub-HUP070,03,False
LG54-LG55,0.0,False,,,,24,sub-HUP070,03,False
LG55-LG56,0.0,False,,,,24,sub-HUP070,03,False
LG56-LG57,0.0,False,,,,24,sub-HUP070,03,False
LG57-LG58,0.0,False,,,,24,sub-HUP070,03,False
LG58-LG59,0.0,False,,,,24,sub-HUP070,03,False
LG59-LG60,0.0,False,,,,24,sub-HUP070,03,False
LG60-LG61,0.0,False,,,,24,sub-HUP070,03,False
LG61-LG62,0.0,False,,,,24,sub-HUP070,03,False
LG62-LG63,0.0,False,,,,24,sub-HUP070,03,False
LG63-LG64,0.0,False,,,,24,sub-HUP070,03,False
AIT01-AIT02,1.0,True,-7.25,-6.25,1.8708626085148015,1,sub-HUP074,01,False
GRID59-GRID60,0.8469596658607677,True,-4.75,-3.0,5.545908094226851,2,sub-HUP074,01,False
HD03-HD04,0.5342912738905805,True,-5.0,-3.0,3.24865309072729,3,sub-HUP074,01,False
GRID51-GRID52,0.4587097179318414,True,-5.5,-2.75,2.360002863462898,4,sub-HUP074,01,False
AIT05-AIT06,0.45020013586676744,True,-4.75,-2.75,2.947919101894965,5,sub-HUP074,01,False
HD04-HD05,0.36107178044734584,True,-5.0,2.0,2.1954260023436167,6,sub-HUP074,01,False
GRID53-GRID54,0.3590879222306815,True,-5.0,0.75,2.183363542329622,7,sub-HUP074,01,False
GRID41-GRID42,0.19687529391917638,True,-1.5,0.5,2.486204725052803,8,sub-HUP074,01,False
AD05-AD06,0.18526481925307306,True,-0.75,2.5,2.5995376726037063,9,sub-HUP074,01,False
PIT05-PIT06,0.18432439608529558,True,-0.25,3.0,2.7587649637844125,10,sub-HUP074,01,False
TLD05-TLD06,0.10094186273018103,True,18.0,20.75,4.9572693611629,11,sub-HUP074,01,False
GRID58-GRID59,0.08791847109265814,True,6.75,7.25,2.4672507024756536,12,sub-HUP074,01,False
GRID54-GRID55,0.08459512128102453,True,8.5,12.25,2.6509529752296794,13,sub-HUP074,01,False
GRID14-GRID15,0.08441585958677751,True,6.25,11.25,2.289991891364798,14,sub-HUP074,01,False
GRID21-GRID22,0.08228751797011716,True,6.5,11.5,2.2707424476372844,15,sub-HUP074,01,False
GRID28-GRID29,0.08028552980982204,True,6.5,14.0,2.2154971369584486,16,sub-HUP074,01,False
GRID63-GRID64,0.07930797735354173,True,6.75,15.25,2.225614940815198,17,sub-HUP074,01,False
FOP01-FOP02,0.07650742611879191,True,7.5,9.75,2.254374404089865,18,sub-HUP074,01,False
FOP02-FOP03,0.0754955655089929,True,14.25,18.25,3.1779411889377274,19,sub-HUP074,01,False
TLD04-TLD05,0.07546493448522924,True,19.25,21.75,3.8825744150169514,20,sub-HUP074,01,False
FOP04-FOP05,0.07416797006366097,True,8.25,14.75,2.2895083520355497,21,sub-HUP074,01,False
GRID13-GRID14,0.06714051011279111,True,6.0,11.5,1.7899520458844886,22,sub-HUP074,01,False
GRID22-GRID23,0.06476253094639615,True,10.25,11.25,2.2414932552373124,23,sub-HUP074,01,False
GRID57-GRID58,0.061564386018499666,True,13.5,14.25,2.505132545045469,24,sub-HUP074,01,False
GRID40-GRID41,0.051037193320971064,True,19.0,19.5,2.6019274631060823,25,sub-HUP074,01,True
GRID01-GRID02,0.050601373510071435,True,18.25,20.25,2.5087077674463267,26,sub-HUP074,01,False
TLD07-TLD08,0.046730043808084855,True,22.5,27.25,2.688333868385241,27,sub-HUP074,01,False
GRID17-GRID18,0.04659841292314256,True,18.75,20.75,2.353839165559089,28,sub-HUP074,01,False
AD01-AD02,0.0,False,,,,29,sub-HUP074,01,False
AD02-AD03,0.0,False,,,,29,sub-HUP074,01,False
AD03-AD04,0.0,False,,,,29,sub-HUP074,01,False
AD04-AD05,0.0,False,,,,29,sub-HUP074,01,False
AD06-AD07,0.0,False,,,,29,sub-HUP074,01,False
AD07-AD08,0.0,False,,,,29,sub-HUP074,01,False
AIT02-AIT03,0.0,False,,,,29,sub-HUP074,01,True
AIT03-AIT04,0.0,False,,,,29,sub-HUP074,01,True
AIT04-AIT05,0.0,False,,,,29,sub-HUP074,01,False
FOP03-FOP04,0.0,False,,,,29,sub-HUP074,01,False
FOP05-FOP06,0.0,False,,,,29,sub-HUP074,01,False
GRID02-GRID03,0.0,False,,,,29,sub-HUP074,01,False
GRID03-GRID04,0.0,False,,,,29,sub-HUP074,01,False
GRID04-GRID05,0.0,False,,,,29,sub-HUP074,01,False
GRID05-GRID06,0.0,False,,,,29,sub-HUP074,01,False
GRID06-GRID07,0.0,False,,,,29,sub-HUP074,01,False
GRID07-GRID08,0.0,False,,,,29,sub-HUP074,01,False
GRID08-GRID09,0.0,False,,,,29,sub-HUP074,01,False
GRID09-GRID10,0.0,False,,,,29,sub-HUP074,01,False
GRID10-GRID11,0.0,False,,,,29,sub-HUP074,01,False
GRID11-GRID12,0.0,False,,,,29,sub-HUP074,01,False
GRID12-GRID13,0.0,False,,,,29,sub-HUP074,01,False
GRID15-GRID16,0.0,False,,,,29,sub-HUP074,01,False
GRID16-GRID17,0.0,False,,,,29,sub-HUP074,01,False
GRID18-GRID19,0.0,False,,,,29,sub-HUP074,01,False
GRID19-GRID20,0.0,False,,,,29,sub-HUP074,01,False
GRID20-GRID21,0.0,False,,,,29,sub-HUP074,01,False
GRID23-GRID24,0.0,False,,,,29,sub-HUP074,01,False
GRID24-GRID25,0.0,False,,,,29,sub-HUP074,01,False
GRID25-GRID26,0.0,False,,,,29,sub-HUP074,01,False
GRID26-GRID27,0.0,False,,,,29,sub-HUP074,01,False
GRID27-GRID28,0.0,False,,,,29,sub-HUP074,01,False
GRID29-GRID30,0.0,False,,,,29,sub-HUP074,01,False
GRID30-GRID31,0.0,False,,,,29,sub-HUP074,01,False
GRID33-GRID34,0.0,False,,,,29,sub-HUP074,01,False
GRID34-GRID35,0.0,False,,,,29,sub-HUP074,01,False
GRID35-GRID36,0.0,False,,,,29,sub-HUP074,01,False
GRID36-GRID37,0.0,False,,,,29,sub-HUP074,01,False
GRID37-GRID38,0.0,False,,,,29,sub-HUP074,01,False
GRID38-GRID39,0.0,False,,,,29,sub-HUP074,01,True
GRID39-GRID40,0.0,False,,,,29,sub-HUP074,01,True
GRID42-GRID43,0.0,False,,,,29,sub-HUP074,01,True
GRID43-GRID44,0.0,False,,,,29,sub-HUP074,01,True
GRID44-GRID45,0.0,False,,,,29,sub-HUP074,01,True
GRID45-GRID46,0.0,False,,,,29,sub-HUP074,01,True
GRID46-GRID47,0.0,False,,,,29,sub-HUP074,01,False
GRID47-GRID48,0.0,False,,,,29,sub-HUP074,01,False
GRID48-GRID49,0.0,False,,,,29,sub-HUP074,01,False
GRID49-GRID50,0.0,False,,,,29,sub-HUP074,01,False
GRID50-GRID51,0.0,False,,,,29,sub-HUP074,01,False
GRID52-GRID53,0.0,False,,,,29,sub-HUP074,01,False
GRID55-GRID56,0.0,False,,,,29,sub-HUP074,01,False
GRID56-GRID57,0.0,False,,,,29,sub-HUP074,01,False
GRID60-GRID61,0.0,False,,,,29,sub-HUP074,01,False
GRID61-GRID62,0.0,False,,,,29,sub-HUP074,01,False
GRID62-GRID63,0.0,False,,,,29,sub-HUP074,01,False
HD05-HD06,0.0,False,,,,29,sub-HUP074,01,False
HD06-HD07,0.0,False,,,,29,sub-HUP074,01,False
LPP01-LPP02,0.0,False,,,,29,sub-HUP074,01,False
LPP02-LPP03,0.0,False,,,,29,sub-HUP074,01,False
LPP03-LPP04,0.0,False,,,,29,sub-HUP074,01,False
MIT02-MIT03,0.0,False,,,,29,sub-HUP074,01,False
MIT03-MIT04,0.0,False,,,,29,sub-HUP074,01,False
MIT04-MIT05,0.0,False,,,,29,sub-HUP074,01,False
MIT05-MIT06,0.0,False,,,,29,sub-HUP074,01,False
PIT01-PIT02,0.0,False,,,,29,sub-HUP074,01,False
PIT02-PIT03,0.0,False,,,,29,sub-HUP074,01,False
PIT03-PIT04,0.0,False,,,,29,sub-HUP074,01,False
PIT04-PIT05,0.0,False,,,,29,sub-HUP074,01,False
PIT06-PIT07,0.0,False,,,,29,sub-HUP074,01,False
PIT07-PIT08,0.0,False,,,,29,sub-HUP074,01,False
TLD01-TLD02,0.0,False,,,,29,sub-HUP074,01,False
TLD02-TLD03,0.0,False,,,,29,sub-HUP074,01,False
TLD03-TLD04,0.0,False,,,,29,sub-HUP074,01,False
TLD06-TLD07,0.0,False,,,,29,sub-HUP074,01,False
TLD03-TLD04,1.0,True,-7.5,-5.5,3.056503726672023,1,sub-HUP074,02,False
GRID20-GRID21,0.3783661781103405,True,-5.75,-4.0,3.1803134919624925,2,sub-HUP074,02,False
GRID15-GRID16,0.280086290411635,True,-5.25,-2.5,2.7822755689069414,3,sub-HUP074,02,False
PIT06-PIT07,0.27306850989232107,True,-2.0,-0.75,5.425126967797261,4,sub-HUP074,02,False
PIT07-PIT08,0.20974985333155724,True,-4.5,0.0,2.5644048335072602,5,sub-HUP074,02,False
GRID23-GRID24,0.2088934072650386,True,-5.25,3.0,2.0750713027941234,6,sub-HUP074,02,False
GRID08-GRID09,0.20337730167791926,True,-1.75,1.25,4.195958493368659,7,sub-HUP074,02,False
GRID01-GRID02,0.1834350646583592,True,-4.5,-1.0,2.2426798349223938,8,sub-HUP074,02,False
GRID09-GRID10,0.1801873140166723,True,-2.5,-1.0,3.304459180745886,9,sub-HUP074,02,False
GRID10-GRID11,0.17364084518211545,True,-2.0,0.75,3.4497702876105016,10,sub-HUP074,02,False
GRID02-GRID03,0.1670862998128655,True,-1.75,-0.75,3.447224311863571,11,sub-HUP074,02,False
GRID39-GRID40,0.16260439261255075,True,-2.25,0.5,3.106255824959389,12,sub-HUP074,02,True
PIT04-PIT05,0.14600790885168385,True,-0.75,-0.25,3.4586213108478967,13,sub-HUP074,02,False
GRID03-GRID04,0.13712851790071812,True,-2.75,0.0,2.4100194994801982,14,sub-HUP074,02,False
PIT05-PIT06,0.1353205942736527,True,0.25,2.0,3.6190691310628074,15,sub-HUP074,02,False
GRID36-GRID37,0.09913877833117837,True,-1.25,5.5,2.196880829345448,16,sub-HUP074,02,False
TLD04-TLD05,0.09478726890817897,True,8.75,10.0,4.997629301366237,17,sub-HUP074,02,False
GRID07-GRID08,0.09293650191390171,True,0.25,2.25,2.485531688882394,18,sub-HUP074,02,False
GRID14-GRID15,0.0769236901087308,True,8.5,11.75,3.996998273273893,19,sub-HUP074,02,False
AIT01-AIT02,0.07570505110166777,True,4.0,7.75,2.892409635251794,20,sub-HUP074,02,False
GRID40-GRID41,0.07142941534514294,True,3.0,6.75,2.510729153258982,21,sub-HUP074,02,True
FOP03-FOP04,0.06844331397647069,True,5.25,7.0,2.8764621082294077,22,sub-HUP074,02,False
AD01-AD02,0.06725435495513606,True,3.75,5.0,2.5181490353023808,23,sub-HUP074,02,False
GRID17-GRID18,0.06612510137028899,True,7.5,10.25,3.2337859002376574,24,sub-HUP074,02,False
TLD06-TLD07,0.06582444847420792,True,7.75,10.0,3.26938092109764,25,sub-HUP074,02,False
GRID27-GRID28,0.05911746618688622,True,7.0,10.5,2.8007377135301885,26,sub-HUP074,02,False
TLD05-TLD06,0.05740188690813461,True,3.5,9.5,2.1053889750326333,27,sub-HUP074,02,False
AD03-AD04,0.05697307298804508,True,8.5,11.0,2.960352968434589,28,sub-HUP074,02,False
GRID19-GRID20,0.05412047808348817,True,8.0,10.5,2.729420808698977,29,sub-HUP074,02,False
GRID24-GRID25,0.050942414824570285,True,8.0,11.75,2.569143732490025,30,sub-HUP074,02,False
GRID44-GRID45,0.049940404351484315,True,3.5,4.5,1.8317163841418342,31,sub-HUP074,02,True
GRID12-GRID13,0.0497699291363752,True,9.25,12.25,2.700165036397216,32,sub-HUP074,02,False
AD06-AD07,0.049076401904098566,True,8.5,9.0,2.550037490296031,33,sub-HUP074,02,False
TLD07-TLD08,0.04849594222286055,True,8.75,14.75,2.556933485288116,34,sub-HUP074,02,False
FOP04-FOP05,0.047555058690639446,True,5.5,9.75,2.0349309975406475,35,sub-HUP074,02,False
GRID51-GRID52,0.04711601365941552,True,7.75,10.75,2.3401669092089192,36,sub-HUP074,02,False
FOP01-FOP02,0.04634028850085446,True,3.5,9.75,1.6996711739750203,37,sub-HUP074,02,False
GRID06-GRID07,0.04543213327553036,True,15.75,19.25,3.3674395031824758,38,sub-HUP074,02,False
GRID28-GRID29,0.045394998915092744,True,17.25,19.75,3.572812071423525,39,sub-HUP074,02,False
AIT02-AIT03,0.045082533467265345,True,11.5,14.75,2.755898631010255,40,sub-HUP074,02,True
GRID41-GRID42,0.044884342296445244,True,3.5,8.75,1.6462699139796915,41,sub-HUP074,02,False
GRID13-GRID14,0.041902129522163926,True,10.25,19.25,2.401387781999772,42,sub-HUP074,02,False
GRID46-GRID47,0.04119333098445977,True,9.25,13.75,2.2348593616076284,43,sub-HUP074,02,False
GRID33-GRID34,0.040675617595589665,True,8.0,10.5,2.051365416632498,44,sub-HUP074,02,False
GRID05-GRID06,0.03903282804852753,True,19.0,21.0,3.2808595708039983,45,sub-HUP074,02,False
GRID21-GRID22,0.03739351245517242,True,15.75,20.75,2.7716151966853366,46,sub-HUP074,02,False
GRID29-GRID30,0.03738370607803907,True,17.0,19.5,2.9137176420806186,47,sub-HUP074,02,False
FOP02-FOP03,0.03587394973718575,True,3.5,10.5,1.3157863327458372,48,sub-HUP074,02,False
GRID30-GRID31,0.034525885737645666,True,17.0,19.25,2.690976709806044,49,sub-HUP074,02,False
TLD02-TLD03,0.034139367389416045,True,16.0,23.25,2.556504039473399,50,sub-HUP074,02,False
AD04-AD05,0.03284659594142693,True,20.75,22.25,2.9365754799262502,51,sub-HUP074,02,False
GRID54-GRID55,0.031898994320125204,True,9.25,10.75,1.730614261543805,52,sub-HUP074,02,False
GRID38-GRID39,0.027020689333959687,True,20.0,25.25,2.353781872925101,53,sub-HUP074,02,True
GRID37-GRID38,0.026033223330572675,True,21.0,25.0,2.3473340017518227,54,sub-HUP074,02,False
GRID34-GRID35,0.0224373770695645,True,23.0,25.0,2.1602676888408827,55,sub-HUP074,02,False
GRID49-GRID50,0.020952092103928004,True,21.0,26.5,1.8891843541183266,56,sub-HUP074,02,False
AD02-AD03,0.0,False,,,,57,sub-HUP074,02,False
AD05-AD06,0.0,False,,,,57,sub-HUP074,02,False
AD07-AD08,0.0,False,,,,57,sub-HUP074,02,False
AIT03-AIT04,0.0,False,,,,57,sub-HUP074,02,True
AIT04-AIT05,0.0,False,,,,57,sub-HUP074,02,False
AIT05-AIT06,0.0,False,,,,57,sub-HUP074,02,False
FOP05-FOP06,0.0,False,,,,57,sub-HUP074,02,False
GRID04-GRID05,0.0,False,,,,57,sub-HUP074,02,False
GRID11-GRID12,0.0,False,,,,57,sub-HUP074,02,False
GRID16-GRID17,0.0,False,,,,57,sub-HUP074,02,False
GRID18-GRID19,0.0,False,,,,57,sub-HUP074,02,False
GRID22-GRID23,0.0,False,,,,57,sub-HUP074,02,False
GRID25-GRID26,0.0,False,,,,57,sub-HUP074,02,False
GRID26-GRID27,0.0,False,,,,57,sub-HUP074,02,False
GRID35-GRID36,0.0,False,,,,57,sub-HUP074,02,False
GRID42-GRID43,0.0,False,,,,57,sub-HUP074,02,True
GRID43-GRID44,0.0,False,,,,57,sub-HUP074,02,True
GRID45-GRID46,0.0,False,,,,57,sub-HUP074,02,True
GRID47-GRID48,0.0,False,,,,57,sub-HUP074,02,False
GRID48-GRID49,0.0,False,,,,57,sub-HUP074,02,False
GRID50-GRID51,0.0,False,,,,57,sub-HUP074,02,False
GRID52-GRID53,0.0,False,,,,57,sub-HUP074,02,False
GRID53-GRID54,0.0,False,,,,57,sub-HUP074,02,False
GRID55-GRID56,0.0,False,,,,57,sub-HUP074,02,False
GRID56-GRID57,0.0,False,,,,57,sub-HUP074,02,False
GRID57-GRID58,0.0,False,,,,57,sub-HUP074,02,False
GRID58-GRID59,0.0,False,,,,57,sub-HUP074,02,False
GRID59-GRID60,0.0,False,,,,57,sub-HUP074,02,False
GRID60-GRID61,0.0,False,,,,57,sub-HUP074,02,False
GRID61-GRID62,0.0,False,,,,57,sub-HUP074,02,False
GRID62-GRID63,0.0,False,,,,57,sub-HUP074,02,False
GRID63-GRID64,0.0,False,,,,57,sub-HUP074,02,False
HD03-HD04,0.0,False,,,,57,sub-HUP074,02,False
HD04-HD05,0.0,False,,,,57,sub-HUP074,02,False
HD05-HD06,0.0,False,,,,57,sub-HUP074,02,False
HD06-HD07,0.0,False,,,,57,sub-HUP074,02,False
LPP01-LPP02,0.0,False,,,,57,sub-HUP074,02,False
LPP02-LPP03,0.0,False,,,,57,sub-HUP074,02,False
LPP03-LPP04,0.0,False,,,,57,sub-HUP074,02,False
MIT02-MIT03,0.0,False,,,,57,sub-HUP074,02,False
MIT03-MIT04,0.0,False,,,,57,sub-HUP074,02,False
MIT04-MIT05,0.0,False,,,,57,sub-HUP074,02,False
MIT05-MIT06,0.0,False,,,,57,sub-HUP074,02,False
PIT01-PIT02,0.0,False,,,,57,sub-HUP074,02,False
PIT02-PIT03,0.0,False,,,,57,sub-HUP074,02,False
PIT03-PIT04,0.0,False,,,,57,sub-HUP074,02,False
TLD01-TLD02,0.0,False,,,,57,sub-HUP074,02,False
AD02-AD03,1.0,True,-10.0,-9.5,5.71676288961018,1,sub-HUP074,03,False
GRID23-GRID24,0.22140841805254463,True,-8.25,-6.5,3.4807834263677306,2,sub-HUP074,03,False
AD03-AD04,0.1849283709849276,True,-7.75,-7.0,3.4358728575687687,3,sub-HUP074,03,False
PIT06-PIT07,0.14409676282800765,True,-7.75,-6.5,2.6772428353063704,4,sub-HUP074,03,False
PIT03-PIT04,0.14089752726404126,True,-6.25,-5.75,3.8260193367293205,5,sub-HUP074,03,False
MIT05-MIT06,0.11379931104548137,True,-7.5,-6.75,2.276972873868048,6,sub-HUP074,03,False
GRID49-GRID50,0.0842513359047837,True,-3.75,-3.25,3.491925601128982,7,sub-HUP074,03,False
TLD04-TLD05,0.06860477092912036,True,7.0,8.75,7.059549752960447,8,sub-HUP074,03,False
GRID56-GRID57,0.06816568790801193,True,-2.75,0.25,3.2149183685624942,9,sub-HUP074,03,False
GRID28-GRID29,0.06506184125845463,True,-1.5,1.25,3.5334596365423985,10,sub-HUP074,03,False
GRID13-GRID14,0.05591904418707153,True,12.0,14.25,7.352546082515815,11,sub-HUP074,03,False
GRID16-GRID17,0.04898974600300741,True,-1.25,2.75,2.7306119287338584,12,sub-HUP074,03,False
TLD05-TLD06,0.04514634508812901,True,3.75,7.25,3.806841515469924,13,sub-HUP074,03,False
GRID25-GRID26,0.04358960691147298,True,2.25,2.75,3.3017866749257054,14,sub-HUP074,03,False
GRID14-GRID15,0.042057904427396285,True,-2.0,5.25,2.163915605207797,15,sub-HUP074,03,False
GRID21-GRID22,0.0402685726557691,True,13.5,15.75,5.640044103513765,16,sub-HUP074,03,False
FOP03-FOP04,0.03989900018202297,True,3.25,3.75,3.250327010917227,17,sub-HUP074,03,False
GRID15-GRID16,0.039220551304551994,True,13.5,15.5,5.493257509093917,18,sub-HUP074,03,False
TLD07-TLD08,0.03644174782673457,True,3.75,6.0,3.0728502662240276,19,sub-HUP074,03,False
PIT02-PIT03,0.03544538909415827,True,14.0,15.25,5.065822124531936,20,sub-HUP074,03,False
HD03-HD04,0.034068305887400806,True,7.5,8.0,3.6030678959661477,21,sub-HUP074,03,False
GRID33-GRID34,0.03402751587928061,True,0.75,4.0,2.285695070050437,22,sub-HUP074,03,False
GRID22-GRID23,0.03347209446438888,True,13.5,14.75,4.688124673052846,23,sub-HUP074,03,False
GRID34-GRID35,0.032939967143158506,True,2.5,4.5,2.542184753611328,24,sub-HUP074,03,False
PIT01-PIT02,0.03202932098855079,True,5.5,8.0,3.0212165545115335,25,sub-HUP074,03,False
GRID51-GRID52,0.02997417722347095,True,2.25,3.75,2.270457247970021,26,sub-HUP074,03,False
GRID48-GRID49,0.029822737846564747,True,7.25,8.25,3.1114337580276126,27,sub-HUP074,03,False
TLD06-TLD07,0.029672928099927207,True,5.25,10.0,2.756537780550693,28,sub-HUP074,03,False
PIT04-PIT05,0.0296297423735198,True,12.25,15.0,3.9382294203893218,29,sub-HUP074,03,False
GRID30-GRID31,0.028981362191928716,True,2.5,4.0,2.23667427423379,30,sub-HUP074,03,False
AD05-AD06,0.02821803711968054,True,7.25,8.5,2.944013850477639,31,sub-HUP074,03,False
GRID20-GRID21,0.027792473272863737,True,13.5,14.0,3.8926330055113603,32,sub-HUP074,03,False
GRID08-GRID09,0.027224149409255206,True,13.5,15.25,3.8130331725788102,33,sub-HUP074,03,False
GRID47-GRID48,0.026448821699906526,True,5.0,8.75,2.419226277887073,34,sub-HUP074,03,False
GRID42-GRID43,0.026230547505563622,True,2.75,4.75,2.0618650326169914,35,sub-HUP074,03,True
GRID06-GRID07,0.024744429493092725,True,25.75,26.75,5.1985828322127885,36,sub-HUP074,03,False
GRID07-GRID08,0.02415445227783117,True,13.5,16.0,3.3830892718187506,37,sub-HUP074,03,False
TLD02-TLD03,0.023860613796437242,True,5.25,15.25,2.216588911465388,38,sub-HUP074,03,False
GRID12-GRID13,0.023806106021791843,True,13.5,16.0,3.3342996545618737,39,sub-HUP074,03,False
AD01-AD02,0.022700040691999296,True,7.25,11.5,2.368316191527092,40,sub-HUP074,03,False
GRID04-GRID05,0.020970422838461195,True,9.5,11.25,2.4576001687781495,41,sub-HUP074,03,False
GRID46-GRID47,0.020205071935768225,True,10.0,24.5,2.4256597139103824,42,sub-HUP074,03,False
GRID58-GRID59,0.01381808835776296,True,17.75,19.25,2.271098623459146,43,sub-HUP074,03,False
TLD03-TLD04,0.01335528411244247,True,20.25,25.25,2.385906018569111,44,sub-HUP074,03,False
AD04-AD05,0.0,False,,,,45,sub-HUP074,03,False
AD06-AD07,0.0,False,,,,45,sub-HUP074,03,False
AD07-AD08,0.0,False,,,,45,sub-HUP074,03,False
AIT01-AIT02,0.0,False,,,,45,sub-HUP074,03,False
AIT02-AIT03,0.0,False,,,,45,sub-HUP074,03,True
AIT03-AIT04,0.0,False,,,,45,sub-HUP074,03,True
AIT04-AIT05,0.0,False,,,,45,sub-HUP074,03,False
AIT05-AIT06,0.0,False,,,,45,sub-HUP074,03,False
FOP01-FOP02,0.0,False,,,,45,sub-HUP074,03,False
FOP02-FOP03,0.0,False,,,,45,sub-HUP074,03,False
FOP04-FOP05,0.0,False,,,,45,sub-HUP074,03,False
FOP05-FOP06,0.0,False,,,,45,sub-HUP074,03,False
GRID01-GRID02,0.0,False,,,,45,sub-HUP074,03,False
GRID02-GRID03,0.0,False,,,,45,sub-HUP074,03,False
GRID03-GRID04,0.0,False,,,,45,sub-HUP074,03,False
GRID05-GRID06,0.0,False,,,,45,sub-HUP074,03,False
GRID09-GRID10,0.0,False,,,,45,sub-HUP074,03,False
GRID10-GRID11,0.0,False,,,,45,sub-HUP074,03,False
GRID11-GRID12,0.0,False,,,,45,sub-HUP074,03,False
GRID17-GRID18,0.0,False,,,,45,sub-HUP074,03,False
GRID18-GRID19,0.0,False,,,,45,sub-HUP074,03,False
GRID19-GRID20,0.0,False,,,,45,sub-HUP074,03,False
GRID24-GRID25,0.0,False,,,,45,sub-HUP074,03,False
GRID26-GRID27,0.0,False,,,,45,sub-HUP074,03,False
GRID27-GRID28,0.0,False,,,,45,sub-HUP074,03,False
GRID29-GRID30,0.0,False,,,,45,sub-HUP074,03,False
GRID35-GRID36,0.0,False,,,,45,sub-HUP074,03,False
GRID36-GRID37,0.0,False,,,,45,sub-HUP074,03,False
GRID37-GRID38,0.0,False,,,,45,sub-HUP074,03,False
GRID38-GRID39,0.0,False,,,,45,sub-HUP074,03,True
GRID39-GRID40,0.0,False,,,,45,sub-HUP074,03,True
GRID40-GRID41,0.0,False,,,,45,sub-HUP074,03,True
GRID41-GRID42,0.0,False,,,,45,sub-HUP074,03,False
GRID43-GRID44,0.0,False,,,,45,sub-HUP074,03,True
GRID44-GRID45,0.0,False,,,,45,sub-HUP074,03,True
GRID45-GRID46,0.0,False,,,,45,sub-HUP074,03,True
GRID50-GRID51,0.0,False,,,,45,sub-HUP074,03,False
GRID52-GRID53,0.0,False,,,,45,sub-HUP074,03,False
GRID53-GRID54,0.0,False,,,,45,sub-HUP074,03,False
GRID54-GRID55,0.0,False,,,,45,sub-HUP074,03,False
GRID55-GRID56,0.0,False,,,,45,sub-HUP074,03,False
GRID57-GRID58,0.0,False,,,,45,sub-HUP074,03,False
GRID59-GRID60,0.0,False,,,,45,sub-HUP074,03,False
GRID60-GRID61,0.0,False,,,,45,sub-HUP074,03,False
GRID61-GRID62,0.0,False,,,,45,sub-HUP074,03,False
GRID62-GRID63,0.0,False,,,,45,sub-HUP074,03,False
GRID63-GRID64,0.0,False,,,,45,sub-HUP074,03,False
HD04-HD05,0.0,False,,,,45,sub-HUP074,03,False
HD05-HD06,0.0,False,,,,45,sub-HUP074,03,False
HD06-HD07,0.0,False,,,,45,sub-HUP074,03,False
LPP01-LPP02,0.0,False,,,,45,sub-HUP074,03,False
LPP02-LPP03,0.0,False,,,,45,sub-HUP074,03,False
LPP03-LPP04,0.0,False,,,,45,sub-HUP074,03,False
MIT02-MIT03,0.0,False,,,,45,sub-HUP074,03,False
MIT03-MIT04,0.0,False,,,,45,sub-HUP074,03,False
MIT04-MIT05,0.0,False,,,,45,sub-HUP074,03,False
PIT05-PIT06,0.0,False,,,,45,sub-HUP074,03,False
PIT07-PIT08,0.0,False,,,,45,sub-HUP074,03,False
TLD01-TLD02,0.0,False,,,,45,sub-HUP074,03,False
G56-G57,1.0,True,-5.75,-3.75,2.0094701979277376,1,sub-HUP075,01,False
G61-G62,0.24685889745034661,True,-0.25,3.25,3.2243613838785117,2,sub-HUP075,01,False
HIP05-HIP06,0.2352822202130643,True,-1.0,3.0,2.7185575053174373,3,sub-HUP075,01,False
LOF01-LOF02,0.22787516007915548,True,-0.75,4.0,2.7474500581624524,4,sub-HUP075,01,False
LOF05-LOF06,0.2192804183114108,True,1.0,5.0,3.4149403582907842,5,sub-HUP075,01,False
LOF03-LOF04,0.18393231653195055,True,-0.75,4.25,2.2176390510405954,6,sub-HUP075,01,False
HIP04-HIP05,0.18210089454650144,True,0.25,5.0,2.561484244250234,7,sub-HUP075,01,False
G38-G39,0.17553216055052012,True,4.0,7.0,3.7918114380944727,8,sub-HUP075,01,False
LOF04-LOF05,0.16604648346017264,True,-0.75,7.25,2.0019927599035077,9,sub-HUP075,01,False
G31-G32,0.16203765979001492,True,1.75,5.75,2.7676837104649037,10,sub-HUP075,01,False
OCC07-OCC08,0.1611745232890219,True,2.75,5.0,3.076816311537746,11,sub-HUP075,01,False
G32-G33,0.1550272158322834,True,2.25,3.75,2.8037031307441618,12,sub-HUP075,01,False
G25-G26,0.153338282056591,True,2.75,5.0,2.927222725944493,13,sub-HUP075,01,False
G11-G12,0.15237838433102055,True,2.25,6.25,2.755798399094082,14,sub-HUP075,01,False
G62-G63,0.14540712066809003,True,1.25,4.0,2.337530204392074,15,sub-HUP075,01,False
LFP06-LFP07,0.14520632525108446,True,3.25,5.25,2.917877831426561,16,sub-HUP075,01,False
G35-G36,0.14496916171956487,True,3.0,7.25,2.840284298416814,17,sub-HUP075,01,True
G51-G52,0.14364155164635722,True,2.75,7.5,2.7421124635658014,18,sub-HUP075,01,False
LFP07-LFP08,0.14315928541736697,True,2.25,6.25,2.589068858425469,19,sub-HUP075,01,False
G24-G25,0.14084144938667412,True,2.5,7.0,2.617904430373092,20,sub-HUP075,01,False
G02-G03,0.13795207739408688,True,0.25,6.0,1.940474117859468,21,sub-HUP075,01,False
LFP04-LFP05,0.1368292386191121,True,3.5,7.0,2.81828134140505,22,sub-HUP075,01,False
G36-G37,0.1361932964291934,True,3.0,7.0,2.668344610737022,23,sub-HUP075,01,False
G01-G02,0.13376120123921778,True,3.25,7.5,2.6878914752922287,24,sub-HUP075,01,False
LOF02-LOF03,0.13345724839235484,True,-0.75,10.0,1.609070180051259,25,sub-HUP075,01,False
G19-G20,0.13336452763419324,True,4.0,7.25,2.880914470222431,26,sub-HUP075,01,False
G50-G51,0.13250549375510634,True,4.75,7.25,3.0620571687697398,27,sub-HUP075,01,False
G63-G64,0.13246815852880459,True,2.0,6.0,2.3291696464574985,28,sub-HUP075,01,False
LFP05-LFP06,0.1278891354553856,True,0.25,6.0,1.7989258443543865,29,sub-HUP075,01,False
AST01-AST02,0.11876113944533667,True,2.25,8.0,2.1478227334860986,30,sub-HUP075,01,True
G06-G07,0.11436349936352225,True,3.0,6.0,2.2406479260918255,31,sub-HUP075,01,False
MST03-MST04,0.11306957641361279,True,3.25,8.5,2.2720994409546793,32,sub-HUP075,01,False
OCC06-OCC07,0.10896275727620805,True,6.0,8.75,2.7917070212398163,33,sub-HUP075,01,False
G12-G13,0.10840395367989382,True,4.25,7.0,2.3961796568301406,34,sub-HUP075,01,False
G05-G06,0.10764129985159057,True,4.25,7.75,2.3793218252977213,35,sub-HUP075,01,False
G53-G54,0.10723266701921734,True,0.5,6.5,1.562236152490837,36,sub-HUP075,01,False
AMY06-AMY07,0.10703583035682246,True,2.0,7.25,1.8819964731092331,37,sub-HUP075,01,False
G30-G31,0.1022984829706275,True,1.75,7.25,1.7473088989929,38,sub-HUP075,01,False
G33-G34,0.09964114314034304,True,2.25,3.5,1.8020331686517401,39,sub-HUP075,01,True
MST02-MST03,0.09476376285360247,True,1.75,10.5,1.6186121370313487,40,sub-HUP075,01,False
AMY07-AMY08,0.08669584307124509,True,6.5,8.75,2.3083184464005018,41,sub-HUP075,01,False
G49-G50,0.08474398781282096,True,6.75,7.5,2.298921992506104,42,sub-HUP075,01,False
LFP02-LFP03,0.08458658437018768,True,3.75,6.25,1.784729314582119,43,sub-HUP075,01,False
HIP01-HIP02,0.07770138346152881,True,8.0,12.0,2.3030445624545353,44,sub-HUP075,01,False
HIP02-HIP03,0.07507769252664852,True,2.75,11.5,1.4332306637840808,45,sub-HUP075,01,False
OCC03-OCC04,0.07280420842402485,True,8.5,9.75,2.2310427784549116,46,sub-HUP075,01,False
G21-G22,0.07264017830310177,True,6.75,7.75,1.9705716918752405,47,sub-HUP075,01,False
AST03-AST04,0.04824868014306171,True,23.5,24.25,2.9328671163141165,48,sub-HUP075,01,True
AMY01-AMY02,0.0,False,,,,49,sub-HUP075,01,False
AMY02-AMY03,0.0,False,,,,49,sub-HUP075,01,False
AMY03-AMY04,0.0,False,,,,49,sub-HUP075,01,False
AMY04-AMY05,0.0,False,,,,49,sub-HUP075,01,False
AMY05-AMY06,0.0,False,,,,49,sub-HUP075,01,False
AST02-AST03,0.0,False,,,,49,sub-HUP075,01,True
G07-G08,0.0,False,,,,49,sub-HUP075,01,False
G08-G09,0.0,False,,,,49,sub-HUP075,01,False
G09-G10,0.0,False,,,,49,sub-HUP075,01,False
G10-G11,0.0,False,,,,49,sub-HUP075,01,False
G13-G14,0.0,False,,,,49,sub-HUP075,01,False
G14-G15,0.0,False,,,,49,sub-HUP075,01,False
G17-G18,0.0,False,,,,49,sub-HUP075,01,False
G18-G19,0.0,False,,,,49,sub-HUP075,01,False
G20-G21,0.0,False,,,,49,sub-HUP075,01,False
G22-G23,0.0,False,,,,49,sub-HUP075,01,False
G23-G24,0.0,False,,,,49,sub-HUP075,01,False
G26-G27,0.0,False,,,,49,sub-HUP075,01,False
G27-G28,0.0,False,,,,49,sub-HUP075,01,False
G28-G29,0.0,False,,,,49,sub-HUP075,01,False
G29-G30,0.0,False,,,,49,sub-HUP075,01,False
G34-G35,0.0,False,,,,49,sub-HUP075,01,True
G37-G38,0.0,False,,,,49,sub-HUP075,01,False
G39-G40,0.0,False,,,,49,sub-HUP075,01,False
G40-G41,0.0,False,,,,49,sub-HUP075,01,False
G41-G42,0.0,False,,,,49,sub-HUP075,01,True
G42-G43,0.0,False,,,,49,sub-HUP075,01,True
G43-G44,0.0,False,,,,49,sub-HUP075,01,True
G44-G45,0.0,False,,,,49,sub-HUP075,01,True
G45-G46,0.0,False,,,,49,sub-HUP075,01,True
G46-G47,0.0,False,,,,49,sub-HUP075,01,False
G52-G53,0.0,False,,,,49,sub-HUP075,01,False
G54-G55,0.0,False,,,,49,sub-HUP075,01,False
G55-G56,0.0,False,,,,49,sub-HUP075,01,False
HIP03-HIP04,0.0,False,,,,49,sub-HUP075,01,False
LFP01-LFP02,0.0,False,,,,49,sub-HUP075,01,False
LFP03-LFP04,0.0,False,,,,49,sub-HUP075,01,False
MST01-MST02,0.0,False,,,,49,sub-HUP075,01,False
OCC04-OCC05,0.0,False,,,,49,sub-HUP075,01,False
OCC05-OCC06,0.0,False,,,,49,sub-HUP075,01,False
PST01-PST02,0.0,False,,,,49,sub-HUP075,01,False
PST02-PST03,0.0,False,,,,49,sub-HUP075,01,False
PST03-PST04,0.0,False,,,,49,sub-HUP075,01,False
PST04-PST05,0.0,False,,,,49,sub-HUP075,01,False
PST05-PST06,0.0,False,,,,49,sub-HUP075,01,False
GRID01-GRID02,1.0,True,-5.0,-1.25,2.291012973155019,1,sub-HUP080,01,True
AST02-AST03,0.45934301579845116,True,-3.75,-2.75,2.3678118187254062,2,sub-HUP080,01,False
GRID18-GRID19,0.20295699274451143,True,-0.5,0.25,2.5573740685361264,3,sub-HUP080,01,False
GRID13-GRID14,0.09854036933929672,True,7.0,8.5,2.934844438965606,4,sub-HUP080,01,False
GRID46-GRID47,0.05601253507301,True,11.25,15.0,2.2136139178245213,5,sub-HUP080,01,True
GRID57-GRID58,0.053119043075488856,True,12.75,13.25,2.2818078151410988,6,sub-HUP080,01,False
LH01-LH02,0.049752130320863605,True,17.0,17.75,2.6216038481655475,7,sub-HUP080,01,False
GRID52-GRID53,0.04861568454451454,True,27.5,29.0,3.731201993674875,8,sub-HUP080,01,True
OF07-OF08,0.04119433581472758,True,15.0,16.25,1.981911913212952,9,sub-HUP080,01,False
GRID59-GRID60,0.04030320055561805,True,26.75,29.75,3.023976337142307,10,sub-HUP080,01,False
GRID11-GRID12,0.03558141975246509,True,26.5,28.0,2.649318563325583,11,sub-HUP080,01,False
AST01-AST02,0.0,False,,,,12,sub-HUP080,01,False
AST03-AST04,0.0,False,,,,12,sub-HUP080,01,False
GRID02-GRID03,0.0,False,,,,12,sub-HUP080,01,True
GRID03-GRID04,0.0,False,,,,12,sub-HUP080,01,True
GRID04-GRID05,0.0,False,,,,12,sub-HUP080,01,False
GRID05-GRID06,0.0,False,,,,12,sub-HUP080,01,False
GRID06-GRID07,0.0,False,,,,12,sub-HUP080,01,False
GRID07-GRID08,0.0,False,,,,12,sub-HUP080,01,False
GRID08-GRID09,0.0,False,,,,12,sub-HUP080,01,False
GRID09-GRID10,0.0,False,,,,12,sub-HUP080,01,False
GRID10-GRID11,0.0,False,,,,12,sub-HUP080,01,False
GRID12-GRID13,0.0,False,,,,12,sub-HUP080,01,False
GRID14-GRID15,0.0,False,,,,12,sub-HUP080,01,False
GRID15-GRID16,0.0,False,,,,12,sub-HUP080,01,False
GRID16-GRID17,0.0,False,,,,12,sub-HUP080,01,False
GRID17-GRID18,0.0,False,,,,12,sub-HUP080,01,False
GRID21-GRID22,0.0,False,,,,12,sub-HUP080,01,False
GRID22-GRID23,0.0,False,,,,12,sub-HUP080,01,False
GRID23-GRID24,0.0,False,,,,12,sub-HUP080,01,False
GRID24-GRID25,0.0,False,,,,12,sub-HUP080,01,False
GRID25-GRID26,0.0,False,,,,12,sub-HUP080,01,False
GRID26-GRID27,0.0,False,,,,12,sub-HUP080,01,False
GRID27-GRID28,0.0,False,,,,12,sub-HUP080,01,False
GRID28-GRID29,0.0,False,,,,12,sub-HUP080,01,False
GRID29-GRID30,0.0,False,,,,12,sub-HUP080,01,False
GRID30-GRID31,0.0,False,,,,12,sub-HUP080,01,False
GRID31-GRID32,0.0,False,,,,12,sub-HUP080,01,True
GRID32-GRID33,0.0,False,,,,12,sub-HUP080,01,True
GRID35-GRID36,0.0,False,,,,12,sub-HUP080,01,False
GRID36-GRID37,0.0,False,,,,12,sub-HUP080,01,False
GRID37-GRID38,0.0,False,,,,12,sub-HUP080,01,True
GRID38-GRID39,0.0,False,,,,12,sub-HUP080,01,True
GRID39-GRID40,0.0,False,,,,12,sub-HUP080,01,True
GRID40-GRID41,0.0,False,,,,12,sub-HUP080,01,True
GRID41-GRID42,0.0,False,,,,12,sub-HUP080,01,False
GRID42-GRID43,0.0,False,,,,12,sub-HUP080,01,False
GRID43-GRID44,0.0,False,,,,12,sub-HUP080,01,False
GRID44-GRID45,0.0,False,,,,12,sub-HUP080,01,True
GRID45-GRID46,0.0,False,,,,12,sub-HUP080,01,True
GRID47-GRID48,0.0,False,,,,12,sub-HUP080,01,True
GRID48-GRID49,0.0,False,,,,12,sub-HUP080,01,False
GRID49-GRID50,0.0,False,,,,12,sub-HUP080,01,False
GRID50-GRID51,0.0,False,,,,12,sub-HUP080,01,False
GRID51-GRID52,0.0,False,,,,12,sub-HUP080,01,True
GRID53-GRID54,0.0,False,,,,12,sub-HUP080,01,True
GRID54-GRID55,0.0,False,,,,12,sub-HUP080,01,True
GRID55-GRID56,0.0,False,,,,12,sub-HUP080,01,True
GRID56-GRID57,0.0,False,,,,12,sub-HUP080,01,True
GRID58-GRID59,0.0,False,,,,12,sub-HUP080,01,False
GRID60-GRID61,0.0,False,,,,12,sub-HUP080,01,False
GRID61-GRID62,0.0,False,,,,12,sub-HUP080,01,False
GRID62-GRID63,0.0,False,,,,12,sub-HUP080,01,False
GRID63-GRID64,0.0,False,,,,12,sub-HUP080,01,False
LA01-LA02,0.0,False,,,,12,sub-HUP080,01,False
LA02-LA03,0.0,False,,,,12,sub-HUP080,01,False
LA03-LA04,0.0,False,,,,12,sub-HUP080,01,False
LFP01-LFP02,0.0,False,,,,12,sub-HUP080,01,False
LFP02-LFP03,0.0,False,,,,12,sub-HUP080,01,False
LFP03-LFP04,0.0,False,,,,12,sub-HUP080,01,False
LFP04-LFP05,0.0,False,,,,12,sub-HUP080,01,False
LFP05-LFP06,0.0,False,,,,12,sub-HUP080,01,False
LH02-LH03,0.0,False,,,,12,sub-HUP080,01,False
LH03-LH04,0.0,False,,,,12,sub-HUP080,01,False
MST03-MST04,0.0,False,,,,12,sub-HUP080,01,False
OF01-OF02,0.0,False,,,,12,sub-HUP080,01,False
OF02-OF03,0.0,False,,,,12,sub-HUP080,01,False
OF03-OF04,0.0,False,,,,12,sub-HUP080,01,False
OF04-OF05,0.0,False,,,,12,sub-HUP080,01,False
OF05-OF06,0.0,False,,,,12,sub-HUP080,01,False
OF06-OF07,0.0,False,,,,12,sub-HUP080,01,False
PPO03-PPO04,0.0,False,,,,12,sub-HUP080,01,False
PPO04-PPO05,0.0,False,,,,12,sub-HUP080,01,False
PPO05-PPO06,0.0,False,,,,12,sub-HUP080,01,False
PST03-PST04,0.0,False,,,,12,sub-HUP080,01,False
GRID51-GRID52,1.0,True,-3.5,1.0,2.758852791144471,1,sub-HUP080,02,True
GRID23-GRID24,0.4991561796386735,True,-2.75,4.5,2.409922233973039,2,sub-HUP080,02,False
PPO03-PPO04,0.4318498761412812,True,-2.75,-1.75,2.0849679132585934,3,sub-HUP080,02,False
GRID15-GRID16,0.33684319581517647,True,-2.0,-1.25,2.323251977381808,4,sub-HUP080,02,False
GRID38-GRID39,0.2584387124837662,True,-1.25,1.5,2.3172316806457705,5,sub-HUP080,02,True
GRID17-GRID18,0.208535970679305,True,0.5,2.5,2.8766002238131105,6,sub-HUP080,02,False
LH01-LH02,0.2010637479517325,True,-0.25,5.0,2.3574974494970737,7,sub-HUP080,02,False
GRID26-GRID27,0.18911589677745386,True,1.0,1.75,2.869586058208475,8,sub-HUP080,02,False
AST01-AST02,0.1863158835840892,True,1.0,1.75,2.8270995250328204,9,sub-HUP080,02,False
LA03-LA04,0.13494382984535494,True,2.0,5.25,2.4198860505077833,10,sub-HUP080,02,False
GRID09-GRID10,0.11071402772970056,True,1.75,7.5,1.909023152630817,11,sub-HUP080,02,False
AST02-AST03,0.026949589258880212,True,25.5,26.0,2.230498486411762,12,sub-HUP080,02,False
LFP05-LFP06,0.023115875518277013,True,28.25,29.75,2.0885754994571037,13,sub-HUP080,02,False
AST03-AST04,0.0,False,,,,14,sub-HUP080,02,False
GRID01-GRID02,0.0,False,,,,14,sub-HUP080,02,True
GRID02-GRID03,0.0,False,,,,14,sub-HUP080,02,True
GRID03-GRID04,0.0,False,,,,14,sub-HUP080,02,True
GRID04-GRID05,0.0,False,,,,14,sub-HUP080,02,False
GRID05-GRID06,0.0,False,,,,14,sub-HUP080,02,False
GRID06-GRID07,0.0,False,,,,14,sub-HUP080,02,False
GRID07-GRID08,0.0,False,,,,14,sub-HUP080,02,False
GRID08-GRID09,0.0,False,,,,14,sub-HUP080,02,False
GRID10-GRID11,0.0,False,,,,14,sub-HUP080,02,False
GRID11-GRID12,0.0,False,,,,14,sub-HUP080,02,False
GRID12-GRID13,0.0,False,,,,14,sub-HUP080,02,False
GRID13-GRID14,0.0,False,,,,14,sub-HUP080,02,False
GRID14-GRID15,0.0,False,,,,14,sub-HUP080,02,False
GRID16-GRID17,0.0,False,,,,14,sub-HUP080,02,False
GRID18-GRID19,0.0,False,,,,14,sub-HUP080,02,False
GRID21-GRID22,0.0,False,,,,14,sub-HUP080,02,False
GRID22-GRID23,0.0,False,,,,14,sub-HUP080,02,False
GRID24-GRID25,0.0,False,,,,14,sub-HUP080,02,False
GRID25-GRID26,0.0,False,,,,14,sub-HUP080,02,False
GRID27-GRID28,0.0,False,,,,14,sub-HUP080,02,False
GRID28-GRID29,0.0,False,,,,14,sub-HUP080,02,False
GRID29-GRID30,0.0,False,,,,14,sub-HUP080,02,False
GRID30-GRID31,0.0,False,,,,14,sub-HUP080,02,False
GRID31-GRID32,0.0,False,,,,14,sub-HUP080,02,True
GRID32-GRID33,0.0,False,,,,14,sub-HUP080,02,True
GRID35-GRID36,0.0,False,,,,14,sub-HUP080,02,False
GRID36-GRID37,0.0,False,,,,14,sub-HUP080,02,False
GRID37-GRID38,0.0,False,,,,14,sub-HUP080,02,True
GRID39-GRID40,0.0,False,,,,14,sub-HUP080,02,True
GRID40-GRID41,0.0,False,,,,14,sub-HUP080,02,True
GRID41-GRID42,0.0,False,,,,14,sub-HUP080,02,False
GRID42-GRID43,0.0,False,,,,14,sub-HUP080,02,False
GRID43-GRID44,0.0,False,,,,14,sub-HUP080,02,False
GRID44-GRID45,0.0,False,,,,14,sub-HUP080,02,True
GRID45-GRID46,0.0,False,,,,14,sub-HUP080,02,True
GRID46-GRID47,0.0,False,,,,14,sub-HUP080,02,True
GRID47-GRID48,0.0,False,,,,14,sub-HUP080,02,True
GRID48-GRID49,0.0,False,,,,14,sub-HUP080,02,False
GRID49-GRID50,0.0,False,,,,14,sub-HUP080,02,False
GRID50-GRID51,0.0,False,,,,14,sub-HUP080,02,False
GRID52-GRID53,0.0,False,,,,14,sub-HUP080,02,True
GRID53-GRID54,0.0,False,,,,14,sub-HUP080,02,True
GRID54-GRID55,0.0,False,,,,14,sub-HUP080,02,True
GRID55-GRID56,0.0,False,,,,14,sub-HUP080,02,True
GRID56-GRID57,0.0,False,,,,14,sub-HUP080,02,True
GRID57-GRID58,0.0,False,,,,14,sub-HUP080,02,False
GRID58-GRID59,0.0,False,,,,14,sub-HUP080,02,False
GRID59-GRID60,0.0,False,,,,14,sub-HUP080,02,False
GRID60-GRID61,0.0,False,,,,14,sub-HUP080,02,False
GRID61-GRID62,0.0,False,,,,14,sub-HUP080,02,False
GRID62-GRID63,0.0,False,,,,14,sub-HUP080,02,False
GRID63-GRID64,0.0,False,,,,14,sub-HUP080,02,False
LA01-LA02,0.0,False,,,,14,sub-HUP080,02,False
LA02-LA03,0.0,False,,,,14,sub-HUP080,02,False
LFP01-LFP02,0.0,False,,,,14,sub-HUP080,02,False
LFP02-LFP03,0.0,False,,,,14,sub-HUP080,02,False
LFP03-LFP04,0.0,False,,,,14,sub-HUP080,02,False
LFP04-LFP05,0.0,False,,,,14,sub-HUP080,02,False
LH02-LH03,0.0,False,,,,14,sub-HUP080,02,False
LH03-LH04,0.0,False,,,,14,sub-HUP080,02,False
MST03-MST04,0.0,False,,,,14,sub-HUP080,02,False
OF01-OF02,0.0,False,,,,14,sub-HUP080,02,False
OF02-OF03,0.0,False,,,,14,sub-HUP080,02,False
OF03-OF04,0.0,False,,,,14,sub-HUP080,02,False
OF04-OF05,0.0,False,,,,14,sub-HUP080,02,False
OF05-OF06,0.0,False,,,,14,sub-HUP080,02,False
OF06-OF07,0.0,False,,,,14,sub-HUP080,02,False
OF07-OF08,0.0,False,,,,14,sub-HUP080,02,False
PPO04-PPO05,0.0,False,,,,14,sub-HUP080,02,False
PPO05-PPO06,0.0,False,,,,14,sub-HUP080,02,False
PST03-PST04,0.0,False,,,,14,sub-HUP080,02,False
GRID60-GRID61,1.0,True,-7.75,-6.25,2.505249096918099,1,sub-HUP080,03,False
GRID07-GRID08,0.32176270388731415,True,-5.0,-1.0,3.0228589625085727,2,sub-HUP080,03,False
GRID15-GRID16,0.227661929254475,True,-2.75,0.5,3.422099056004434,3,sub-HUP080,03,False
GRID08-GRID09,0.1847553118495195,True,-2.75,-0.75,2.777148468970983,4,sub-HUP080,03,False
GRID32-GRID33,0.0898989001139559,True,1.25,11.0,2.252191383244184,5,sub-HUP080,03,True
GRID16-GRID17,0.08827628848457128,True,7.0,8.75,3.4831769490827478,6,sub-HUP080,03,False
GRID26-GRID27,0.07989355338825148,True,12.75,13.5,4.30329492822314,7,sub-HUP080,03,False
GRID24-GRID25,0.06376761940206616,True,7.75,8.5,2.6359372201741142,8,sub-HUP080,03,False
MST03-MST04,0.05425742651318743,True,8.0,11.0,2.276800176952154,9,sub-HUP080,03,False
GRID55-GRID56,0.05294071959164685,True,7.5,8.0,2.155232461641473,10,sub-HUP080,03,True
GRID42-GRID43,0.05044417754994635,True,12.0,17.0,2.6222860277244218,11,sub-HUP080,03,False
GRID58-GRID59,0.05024661453158581,True,10.75,13.25,2.45466557072972,12,sub-HUP080,03,False
GRID05-GRID06,0.04370093315152187,True,19.0,19.5,3.0381178219171128,13,sub-HUP080,03,False
OF05-OF06,0.03826564146307448,True,21.25,22.0,2.875948911550773,14,sub-HUP080,03,False
GRID06-GRID07,0.03518587902487139,True,21.75,23.0,2.6885564453655206,15,sub-HUP080,03,False
PPO03-PPO04,0.029452488508137864,True,13.5,19.5,1.6417345002733186,16,sub-HUP080,03,False
AST01-AST02,0.0,False,,,,17,sub-HUP080,03,False
AST02-AST03,0.0,False,,,,17,sub-HUP080,03,False
AST03-AST04,0.0,False,,,,17,sub-HUP080,03,False
GRID01-GRID02,0.0,False,,,,17,sub-HUP080,03,True
GRID02-GRID03,0.0,False,,,,17,sub-HUP080,03,True
GRID03-GRID04,0.0,False,,,,17,sub-HUP080,03,True
GRID04-GRID05,0.0,False,,,,17,sub-HUP080,03,False
GRID09-GRID10,0.0,False,,,,17,sub-HUP080,03,False
GRID10-GRID11,0.0,False,,,,17,sub-HUP080,03,False
GRID11-GRID12,0.0,False,,,,17,sub-HUP080,03,False
GRID12-GRID13,0.0,False,,,,17,sub-HUP080,03,False
GRID13-GRID14,0.0,False,,,,17,sub-HUP080,03,False
GRID14-GRID15,0.0,False,,,,17,sub-HUP080,03,False
GRID17-GRID18,0.0,False,,,,17,sub-HUP080,03,False
GRID18-GRID19,0.0,False,,,,17,sub-HUP080,03,False
GRID21-GRID22,0.0,False,,,,17,sub-HUP080,03,False
GRID22-GRID23,0.0,False,,,,17,sub-HUP080,03,False
GRID23-GRID24,0.0,False,,,,17,sub-HUP080,03,False
GRID25-GRID26,0.0,False,,,,17,sub-HUP080,03,False
GRID27-GRID28,0.0,False,,,,17,sub-HUP080,03,False
GRID28-GRID29,0.0,False,,,,17,sub-HUP080,03,False
GRID29-GRID30,0.0,False,,,,17,sub-HUP080,03,False
GRID30-GRID31,0.0,False,,,,17,sub-HUP080,03,False
GRID31-GRID32,0.0,False,,,,17,sub-HUP080,03,True
GRID35-GRID36,0.0,False,,,,17,sub-HUP080,03,False
GRID36-GRID37,0.0,False,,,,17,sub-HUP080,03,False
GRID37-GRID38,0.0,False,,,,17,sub-HUP080,03,True
GRID38-GRID39,0.0,False,,,,17,sub-HUP080,03,True
GRID39-GRID40,0.0,False,,,,17,sub-HUP080,03,True
GRID40-GRID41,0.0,False,,,,17,sub-HUP080,03,True
GRID41-GRID42,0.0,False,,,,17,sub-HUP080,03,False
GRID43-GRID44,0.0,False,,,,17,sub-HUP080,03,False
GRID44-GRID45,0.0,False,,,,17,sub-HUP080,03,True
GRID45-GRID46,0.0,False,,,,17,sub-HUP080,03,True
GRID46-GRID47,0.0,False,,,,17,sub-HUP080,03,True
GRID47-GRID48,0.0,False,,,,17,sub-HUP080,03,True
GRID48-GRID49,0.0,False,,,,17,sub-HUP080,03,False
GRID49-GRID50,0.0,False,,,,17,sub-HUP080,03,False
GRID50-GRID51,0.0,False,,,,17,sub-HUP080,03,False
GRID51-GRID52,0.0,False,,,,17,sub-HUP080,03,True
GRID52-GRID53,0.0,False,,,,17,sub-HUP080,03,True
GRID53-GRID54,0.0,False,,,,17,sub-HUP080,03,True
GRID54-GRID55,0.0,False,,,,17,sub-HUP080,03,True
GRID56-GRID57,0.0,False,,,,17,sub-HUP080,03,True
GRID57-GRID58,0.0,False,,,,17,sub-HUP080,03,False
GRID59-GRID60,0.0,False,,,,17,sub-HUP080,03,False
GRID61-GRID62,0.0,False,,,,17,sub-HUP080,03,False
GRID62-GRID63,0.0,False,,,,17,sub-HUP080,03,False
GRID63-GRID64,0.0,False,,,,17,sub-HUP080,03,False
LA01-LA02,0.0,False,,,,17,sub-HUP080,03,False
LA02-LA03,0.0,False,,,,17,sub-HUP080,03,False
LA03-LA04,0.0,False,,,,17,sub-HUP080,03,False
LFP01-LFP02,0.0,False,,,,17,sub-HUP080,03,False
LFP02-LFP03,0.0,False,,,,17,sub-HUP080,03,False
LFP03-LFP04,0.0,False,,,,17,sub-HUP080,03,False
LFP04-LFP05,0.0,False,,,,17,sub-HUP080,03,False
LFP05-LFP06,0.0,False,,,,17,sub-HUP080,03,False
LH01-LH02,0.0,False,,,,17,sub-HUP080,03,False
LH02-LH03,0.0,False,,,,17,sub-HUP080,03,False
LH03-LH04,0.0,False,,,,17,sub-HUP080,03,False
OF01-OF02,0.0,False,,,,17,sub-HUP080,03,False
OF02-OF03,0.0,False,,,,17,sub-HUP080,03,False
OF03-OF04,0.0,False,,,,17,sub-HUP080,03,False
OF04-OF05,0.0,False,,,,17,sub-HUP080,03,False
OF06-OF07,0.0,False,,,,17,sub-HUP080,03,False
OF07-OF08,0.0,False,,,,17,sub-HUP080,03,False
PPO04-PPO05,0.0,False,,,,17,sub-HUP080,03,False
PPO05-PPO06,0.0,False,,,,17,sub-HUP080,03,False
PST03-PST04,0.0,False,,,,17,sub-HUP080,03,False
RH01-RH02,1.0,True,-4.5,-3.75,2.8857110202916987,1,sub-HUP082,01,True
OC05-OC06,0.3228612189777552,True,0.25,2.75,5.3571840213662885,2,sub-HUP082,01,False
RG01-RG02,0.30141700138495003,True,-3.25,-2.25,1.9570553158496142,3,sub-HUP082,01,False
OC04-OC05,0.17993840135523526,True,2.75,3.25,4.283814379056904,4,sub-HUP082,01,False
RG24-RG25,0.16085270547105568,True,2.5,3.25,3.7133953985724815,5,sub-HUP082,01,False
RG40-RG41,0.13384838668105276,True,2.5,3.25,3.089982115950229,6,sub-HUP082,01,False
RG23-RG24,0.11565343587881015,True,2.75,3.25,2.753374754213175,7,sub-HUP082,01,False
RG32-RG33,0.10833631941014758,True,2.5,3.5,2.501018486557635,8,sub-HUP082,01,False
PST03-PST04,0.10017757574853824,True,2.75,3.5,2.3849391581702215,9,sub-HUP082,01,False
RG42-RG43,0.09850301364005196,True,2.5,4.75,2.274009855944332,10,sub-HUP082,01,True
RG63-RG64,0.09816802889207091,True,2.75,3.25,2.337097643216844,11,sub-HUP082,01,False
RG29-RG30,0.0977447583104392,True,2.75,4.25,2.3270207914155097,12,sub-HUP082,01,False
OC03-OC04,0.09725210970498181,True,2.75,4.5,2.3152922489588375,13,sub-HUP082,01,False
RG26-RG27,0.09707134818467994,True,2.5,6.0,2.240958873688828,14,sub-HUP082,01,True
RG21-RG22,0.09274957127633186,True,2.75,3.5,2.2080997946653906,15,sub-HUP082,01,False
RG62-RG63,0.08996312657432035,True,2.75,7.75,2.141762582647159,16,sub-HUP082,01,True
RG46-RG47,0.04939644001152962,True,10.25,17.5,2.245065658045069,17,sub-HUP082,01,False
RG51-RG52,0.04378415810760744,True,15.75,18.75,2.6849040857629847,18,sub-HUP082,01,False
RG58-RG59,0.04147342205379035,True,15.75,17.25,2.5432066102339212,19,sub-HUP082,01,True
RG57-RG58,0.04027735637427802,True,15.25,21.25,2.4117478315175065,20,sub-HUP082,01,True
RG08-RG09,0.03922743074209744,True,15.75,19.5,2.405479370291749,21,sub-HUP082,01,False
RG09-RG10,0.03712899371662259,True,16.0,17.75,2.3035862463185794,22,sub-HUP082,01,False
MST02-MST03,0.03709919080606556,True,20.5,21.75,2.7834961375771643,23,sub-HUP082,01,False
RG50-RG51,0.03692879189001912,True,8.0,17.0,1.4386385932616732,24,sub-HUP082,01,False
PST02-PST03,0.036429444331400405,True,15.25,16.5,2.181340616132171,25,sub-HUP082,01,False
RG60-RG61,0.03618001170885299,True,10.5,17.0,1.6704809360403163,26,sub-HUP082,01,True
MST03-MST04,0.033841471012236,True,20.0,21.25,2.4902459989937333,27,sub-HUP082,01,False
RG07-RG08,0.02943549538799436,True,21.5,24.75,2.2934430025797816,28,sub-HUP082,01,False
MST01-MST02,0.0,False,,,,29,sub-HUP082,01,False
PST01-PST02,0.0,False,,,,29,sub-HUP082,01,False
PST04-PST05,0.0,False,,,,29,sub-HUP082,01,False
PST05-PST06,0.0,False,,,,29,sub-HUP082,01,False
RG02-RG03,0.0,False,,,,29,sub-HUP082,01,False
RG03-RG04,0.0,False,,,,29,sub-HUP082,01,False
RG04-RG05,0.0,False,,,,29,sub-HUP082,01,False
RG05-RG06,0.0,False,,,,29,sub-HUP082,01,False
RG06-RG07,0.0,False,,,,29,sub-HUP082,01,False
RG10-RG11,0.0,False,,,,29,sub-HUP082,01,False
RG11-RG12,0.0,False,,,,29,sub-HUP082,01,False
RG12-RG13,0.0,False,,,,29,sub-HUP082,01,False
RG13-RG14,0.0,False,,,,29,sub-HUP082,01,False
RG14-RG15,0.0,False,,,,29,sub-HUP082,01,False
RG15-RG16,0.0,False,,,,29,sub-HUP082,01,False
RG16-RG17,0.0,False,,,,29,sub-HUP082,01,False
RG17-RG18,0.0,False,,,,29,sub-HUP082,01,False
RG18-RG19,0.0,False,,,,29,sub-HUP082,01,False
RG19-RG20,0.0,False,,,,29,sub-HUP082,01,False
RG20-RG21,0.0,False,,,,29,sub-HUP082,01,False
RG22-RG23,0.0,False,,,,29,sub-HUP082,01,False
RG25-RG26,0.0,False,,,,29,sub-HUP082,01,False
RG27-RG28,0.0,False,,,,29,sub-HUP082,01,True
RG28-RG29,0.0,False,,,,29,sub-HUP082,01,False
RG30-RG31,0.0,False,,,,29,sub-HUP082,01,False
RG31-RG32,0.0,False,,,,29,sub-HUP082,01,False
RG33-RG34,0.0,False,,,,29,sub-HUP082,01,False
RG34-RG35,0.0,False,,,,29,sub-HUP082,01,False
RG35-RG36,0.0,False,,,,29,sub-HUP082,01,False
RG36-RG37,0.0,False,,,,29,sub-HUP082,01,False
RG37-RG38,0.0,False,,,,29,sub-HUP082,01,False
RG38-RG39,0.0,False,,,,29,sub-HUP082,01,False
RG39-RG40,0.0,False,,,,29,sub-HUP082,01,False
RG41-RG42,0.0,False,,,,29,sub-HUP082,01,False
RG43-RG44,0.0,False,,,,29,sub-HUP082,01,True
RG44-RG45,0.0,False,,,,29,sub-HUP082,01,True
RG45-RG46,0.0,False,,,,29,sub-HUP082,01,False
RG47-RG48,0.0,False,,,,29,sub-HUP082,01,False
RG48-RG49,0.0,False,,,,29,sub-HUP082,01,False
RG49-RG50,0.0,False,,,,29,sub-HUP082,01,False
RG52-RG53,0.0,False,,,,29,sub-HUP082,01,True
RG53-RG54,0.0,False,,,,29,sub-HUP082,01,True
RG54-RG55,0.0,False,,,,29,sub-HUP082,01,True
RG55-RG56,0.0,False,,,,29,sub-HUP082,01,False
RG56-RG57,0.0,False,,,,29,sub-HUP082,01,True
RG59-RG60,0.0,False,,,,29,sub-HUP082,01,True
RG61-RG62,0.0,False,,,,29,sub-HUP082,01,True
RH02-RH03,0.0,False,,,,29,sub-HUP082,01,True
RH03-RH04,0.0,False,,,,29,sub-HUP082,01,True
RH04-RH05,0.0,False,,,,29,sub-HUP082,01,False
RH05-RH06,0.0,False,,,,29,sub-HUP082,01,False
RH06-RH07,0.0,False,,,,29,sub-HUP082,01,False
RH07-RH08,0.0,False,,,,29,sub-HUP082,01,False
RG48-RG49,1.0,True,-9.25,-6.75,2.822480732769794,1,sub-HUP082,02,False
RG60-RG61,0.23195726352144103,True,-4.75,0.0,3.600821989134002,2,sub-HUP082,02,True
RG52-RG53,0.11423596355925739,True,1.25,1.75,3.7079312705570566,3,sub-HUP082,02,True
RG54-RG55,0.1017889002810555,True,-2.75,3.75,2.154729073898287,4,sub-HUP082,02,True
RG57-RG58,0.08090560485405286,True,0.75,1.5,2.5118996196101557,5,sub-HUP082,02,True
RG10-RG11,0.078515858785531,True,-1.75,-1.25,1.8836807384317988,6,sub-HUP082,02,False
PST02-PST03,0.07602543047153852,True,1.5,6.0,2.521318674300753,7,sub-HUP082,02,False
PST03-PST04,0.05759034103894511,True,2.5,11.25,2.072482256694818,8,sub-HUP082,02,False
RG59-RG60,0.054492348976558,True,22.5,25.25,5.037068066032765,9,sub-HUP082,02,True
OC03-OC04,0.051896809461485977,True,18.0,18.5,4.1379962905228584,10,sub-HUP082,02,False
RG53-RG54,0.04841515187825571,True,15.0,18.75,3.450433542100126,11,sub-HUP082,02,True
RG43-RG44,0.04735569222945166,True,5.5,7.0,2.105153330247506,12,sub-HUP082,02,True
RG62-RG63,0.04500700309633671,True,21.25,22.5,4.001489070992306,13,sub-HUP082,02,True
RG40-RG41,0.043039569795911135,True,18.25,19.75,3.462133160126309,14,sub-HUP082,02,False
MST01-MST02,0.04211139719600838,True,18.0,20.0,3.357755653844925,15,sub-HUP082,02,False
RG30-RG31,0.03902901588244998,True,18.5,19.5,3.167061053731463,16,sub-HUP082,02,False
RG56-RG57,0.03601267214513154,True,21.25,26.0,3.20181980785346,17,sub-HUP082,02,True
RH05-RH06,0.03414955844833584,True,19.75,24.25,2.8915941225907154,18,sub-HUP082,02,False
RH07-RH08,0.033995784008093236,True,18.75,21.0,2.7826209153891526,19,sub-HUP082,02,False
OC05-OC06,0.033834337539416295,True,18.0,19.5,2.6977836341616612,20,sub-HUP082,02,False
RG39-RG40,0.03368650933951738,True,18.0,19.0,2.6859965407128756,21,sub-HUP082,02,False
RG21-RG22,0.03323978501504808,True,18.5,19.5,2.6972862670335203,22,sub-HUP082,02,False
PST05-PST06,0.03201987511194948,True,18.25,21.25,2.575701196221415,23,sub-HUP082,02,False
RG58-RG59,0.03168207298699865,True,23.75,25.25,3.0403493797203414,24,sub-HUP082,02,True
MST03-MST04,0.031214029876749722,True,25.0,26.0,3.1055601766527445,25,sub-HUP082,02,False
RG45-RG46,0.03090294363580741,True,18.25,19.25,2.485854445441214,26,sub-HUP082,02,False
RG37-RG38,0.030810671392821936,True,18.0,19.75,2.456691369950844,27,sub-HUP082,02,False
RG44-RG45,0.029796192358703656,True,18.25,19.75,2.3968265970067932,28,sub-HUP082,02,True
RG22-RG23,0.02839976020431527,True,18.75,19.75,2.3245755037669036,29,sub-HUP082,02,False
RH01-RH02,0.0264297305733738,True,19.5,20.75,2.219272808140418,30,sub-HUP082,02,True
RG38-RG39,0.02541128650357254,True,18.25,19.5,2.0441016967099577,31,sub-HUP082,02,False
OC04-OC05,0.024306857696762937,True,18.0,19.5,1.9381092600329581,32,sub-HUP082,02,False
RG51-RG52,0.023611291541749072,True,25.0,26.25,2.3491451446969998,33,sub-HUP082,02,False
RG46-RG47,0.023242834037802654,True,18.75,19.5,1.9024710861532543,34,sub-HUP082,02,False
RG32-RG33,0.022706464004778985,True,18.75,20.0,1.8585681577217668,35,sub-HUP082,02,False
RG50-RG51,0.01782579271753415,True,19.5,25.75,1.4968104556247503,36,sub-HUP082,02,False
MST02-MST03,0.0,False,,,,37,sub-HUP082,02,False
PST01-PST02,0.0,False,,,,37,sub-HUP082,02,False
PST04-PST05,0.0,False,,,,37,sub-HUP082,02,False
RG01-RG02,0.0,False,,,,37,sub-HUP082,02,False
RG02-RG03,0.0,False,,,,37,sub-HUP082,02,False
RG03-RG04,0.0,False,,,,37,sub-HUP082,02,False
RG04-RG05,0.0,False,,,,37,sub-HUP082,02,False
RG05-RG06,0.0,False,,,,37,sub-HUP082,02,False
RG06-RG07,0.0,False,,,,37,sub-HUP082,02,False
RG07-RG08,0.0,False,,,,37,sub-HUP082,02,False
RG08-RG09,0.0,False,,,,37,sub-HUP082,02,False
RG09-RG10,0.0,False,,,,37,sub-HUP082,02,False
RG11-RG12,0.0,False,,,,37,sub-HUP082,02,False
RG12-RG13,0.0,False,,,,37,sub-HUP082,02,False
RG13-RG14,0.0,False,,,,37,sub-HUP082,02,False
RG14-RG15,0.0,False,,,,37,sub-HUP082,02,False
RG15-RG16,0.0,False,,,,37,sub-HUP082,02,False
RG16-RG17,0.0,False,,,,37,sub-HUP082,02,False
RG17-RG18,0.0,False,,,,37,sub-HUP082,02,False
RG18-RG19,0.0,False,,,,37,sub-HUP082,02,False
RG19-RG20,0.0,False,,,,37,sub-HUP082,02,False
RG20-RG21,0.0,False,,,,37,sub-HUP082,02,False
RG23-RG24,0.0,False,,,,37,sub-HUP082,02,False
RG24-RG25,0.0,False,,,,37,sub-HUP082,02,False
RG25-RG26,0.0,False,,,,37,sub-HUP082,02,False
RG26-RG27,0.0,False,,,,37,sub-HUP082,02,True
RG27-RG28,0.0,False,,,,37,sub-HUP082,02,True
RG28-RG29,0.0,False,,,,37,sub-HUP082,02,False
RG29-RG30,0.0,False,,,,37,sub-HUP082,02,False
RG31-RG32,0.0,False,,,,37,sub-HUP082,02,False
RG33-RG34,0.0,False,,,,37,sub-HUP082,02,False
RG34-RG35,0.0,False,,,,37,sub-HUP082,02,False
RG35-RG36,0.0,False,,,,37,sub-HUP082,02,False
RG36-RG37,0.0,False,,,,37,sub-HUP082,02,False
RG41-RG42,0.0,False,,,,37,sub-HUP082,02,False
RG42-RG43,0.0,False,,,,37,sub-HUP082,02,True
RG47-RG48,0.0,False,,,,37,sub-HUP082,02,False
RG49-RG50,0.0,False,,,,37,sub-HUP082,02,False
RG55-RG56,0.0,False,,,,37,sub-HUP082,02,False
RG61-RG62,0.0,False,,,,37,sub-HUP082,02,True
RG63-RG64,0.0,False,,,,37,sub-HUP082,02,False
RH02-RH03,0.0,False,,,,37,sub-HUP082,02,True
RH03-RH04,0.0,False,,,,37,sub-HUP082,02,True
RH04-RH05,0.0,False,,,,37,sub-HUP082,02,False
RH06-RH07,0.0,False,,,,37,sub-HUP082,02,False
RG54-RG55,1.0,True,-9.0,-6.75,7.130488156673235,1,sub-HUP082,03,True
PST03-PST04,0.8099809123624298,True,-9.25,-8.0,4.62044744218535,2,sub-HUP082,03,False
RG12-RG13,0.5425270419996231,True,-9.25,-6.0,3.09478611812262,3,sub-HUP082,03,False
RG21-RG22,0.4277853430543488,True,-8.0,-5.0,5.490572980045376,4,sub-HUP082,03,False
RG23-RG24,0.3624712057510562,True,-7.75,-4.25,5.169193279485947,5,sub-HUP082,03,False
OC03-OC04,0.33987552065336907,True,-7.75,-5.25,4.846956749523995,6,sub-HUP082,03,False
RG29-RG30,0.30879961464837274,True,-8.0,-4.25,3.9634055910638653,7,sub-HUP082,03,False
RG31-RG32,0.3041211871706704,True,-8.0,-4.0,3.9033585419649652,8,sub-HUP082,03,False
RG55-RG56,0.30072212915004853,True,-8.75,-5.25,2.573154696424776,9,sub-HUP082,03,False
RG47-RG48,0.22191162019801697,True,-7.75,-1.25,3.164676359300258,10,sub-HUP082,03,False
RG45-RG46,0.165772824687532,True,-6.0,-4.75,4.018939954651232,11,sub-HUP082,03,False
MST01-MST02,0.13081696407066487,True,-3.75,-3.25,4.850501827588685,12,sub-HUP082,03,False
RH01-RH02,0.11474946670661315,True,-2.75,0.75,4.909318280016448,13,sub-HUP082,03,True
RH03-RH04,0.11367760619468371,True,-2.25,-1.75,5.187691677761,14,sub-HUP082,03,True
RG14-RG15,0.10279961927047679,True,-4.5,-0.25,3.371852751505801,15,sub-HUP082,03,False
RG39-RG40,0.09058320100235628,True,-4.25,-0.75,3.1003317213160924,16,sub-HUP082,03,False
RG60-RG61,0.048573864352892494,True,3.75,6.75,3.8791800823121045,17,sub-HUP082,03,True
MST03-MST04,0.03024224581395926,True,2.25,3.25,2.156419756076372,18,sub-HUP082,03,False
RG53-RG54,0.028810419522906618,True,10.75,13.25,3.4512635673074663,19,sub-HUP082,03,True
RG42-RG43,0.02575736313097279,True,13.25,17.5,3.4528563677476263,20,sub-HUP082,03,True
RG59-RG60,0.025739685445374524,True,9.5,14.75,2.899877051150852,21,sub-HUP082,03,True
RH04-RH05,0.02420814529971556,True,12.25,13.0,3.1070860803836395,22,sub-HUP082,03,False
RG34-RG35,0.0225347098506837,True,13.0,17.5,2.988712759701241,23,sub-HUP082,03,False
RG32-RG33,0.02200334136680951,True,22.0,22.5,4.047879777600455,24,sub-HUP082,03,False
RG04-RG05,0.02157014584817973,True,22.0,22.5,3.9681862733105255,25,sub-HUP082,03,False
PST01-PST02,0.021501698392710537,True,11.5,12.5,2.667726339833934,26,sub-HUP082,03,False
RG30-RG31,0.021384289455018902,True,12.75,14.75,2.805639777641077,27,sub-HUP082,03,False
RG49-RG50,0.021303194898982178,True,10.5,12.25,2.5215761701798023,28,sub-HUP082,03,False
RG62-RG63,0.021230560215658605,True,11.5,15.5,2.634086092284875,29,sub-HUP082,03,True
RG40-RG41,0.021184690863122527,True,9.5,11.0,2.3867035593760066,30,sub-HUP082,03,False
OC04-OC05,0.020741531033312104,True,21.0,24.25,3.6974310346075585,31,sub-HUP082,03,False
RG26-RG27,0.019713775428645632,True,15.0,15.75,2.839490612788925,32,sub-HUP082,03,True
RG27-RG28,0.01856456664453239,True,21.75,22.5,3.3887852183707947,33,sub-HUP082,03,True
RG63-RG64,0.018130997207416333,True,13.75,15.5,2.482230928438227,34,sub-HUP082,03,False
RH05-RH06,0.018091111151240676,True,8.75,14.75,1.9607764978357072,35,sub-HUP082,03,False
RG22-RG23,0.01794653980812834,True,21.75,23.25,3.2759702926111713,36,sub-HUP082,03,False
RG28-RG29,0.01776138345799881,True,22.0,22.75,3.2675012273495248,37,sub-HUP082,03,False
RG52-RG53,0.01748651737131852,True,24.25,27.25,3.4413723784870713,38,sub-HUP082,03,True
RG16-RG17,0.016698092228137975,True,22.0,22.5,3.0718911608918007,39,sub-HUP082,03,False
RG05-RG06,0.01616606202516932,True,29.25,29.5,3.642592476412267,40,sub-HUP082,03,False
RG08-RG09,0.016014599988876478,True,21.75,22.75,2.923313038196302,41,sub-HUP082,03,False
RG50-RG51,0.01585005382355405,True,23.75,27.75,3.074106493144405,42,sub-HUP082,03,False
RG48-RG49,0.01570018038077692,True,11.5,22.5,1.9479291345720817,43,sub-HUP082,03,False
RG58-RG59,0.015045461828366894,True,10.5,16.75,1.7808726904888996,44,sub-HUP082,03,True
PST04-PST05,0.014005008575263938,True,15.0,15.5,2.0172234651565377,45,sub-HUP082,03,False
RG51-RG52,0.01389657955856719,True,23.75,28.75,2.6952315701291556,46,sub-HUP082,03,False
RG07-RG08,0.013821639443356315,True,22.0,22.5,2.542719938001824,47,sub-HUP082,03,False
RG15-RG16,0.01143310110614892,True,22.0,22.75,2.1033086744112177,48,sub-HUP082,03,False
MST02-MST03,0.0,False,,,,49,sub-HUP082,03,False
OC05-OC06,0.0,False,,,,49,sub-HUP082,03,False
PST02-PST03,0.0,False,,,,49,sub-HUP082,03,False
PST05-PST06,0.0,False,,,,49,sub-HUP082,03,False
RG01-RG02,0.0,False,,,,49,sub-HUP082,03,False
RG02-RG03,0.0,False,,,,49,sub-HUP082,03,False
RG03-RG04,0.0,False,,,,49,sub-HUP082,03,False
RG06-RG07,0.0,False,,,,49,sub-HUP082,03,False
RG09-RG10,0.0,False,,,,49,sub-HUP082,03,False
RG10-RG11,0.0,False,,,,49,sub-HUP082,03,False
RG11-RG12,0.0,False,,,,49,sub-HUP082,03,False
RG13-RG14,0.0,False,,,,49,sub-HUP082,03,False
RG17-RG18,0.0,False,,,,49,sub-HUP082,03,False
RG18-RG19,0.0,False,,,,49,sub-HUP082,03,False
RG19-RG20,0.0,False,,,,49,sub-HUP082,03,False
RG20-RG21,0.0,False,,,,49,sub-HUP082,03,False
RG24-RG25,0.0,False,,,,49,sub-HUP082,03,False
RG25-RG26,0.0,False,,,,49,sub-HUP082,03,False
RG33-RG34,0.0,False,,,,49,sub-HUP082,03,False
RG35-RG36,0.0,False,,,,49,sub-HUP082,03,False
RG36-RG37,0.0,False,,,,49,sub-HUP082,03,False
RG37-RG38,0.0,False,,,,49,sub-HUP082,03,False
RG38-RG39,0.0,False,,,,49,sub-HUP082,03,False
RG41-RG42,0.0,False,,,,49,sub-HUP082,03,False
RG43-RG44,0.0,False,,,,49,sub-HUP082,03,True
RG44-RG45,0.0,False,,,,49,sub-HUP082,03,True
RG46-RG47,0.0,False,,,,49,sub-HUP082,03,False
RG56-RG57,0.0,False,,,,49,sub-HUP082,03,True
RG57-RG58,0.0,False,,,,49,sub-HUP082,03,True
RG61-RG62,0.0,False,,,,49,sub-HUP082,03,True
RH02-RH03,0.0,False,,,,49,sub-HUP082,03,True
RH06-RH07,0.0,False,,,,49,sub-HUP082,03,False
RH07-RH08,0.0,False,,,,49,sub-HUP082,03,False
LG36-LG37,1.0,True,-7.75,-4.5,2.629653949536384,1,sub-HUP086,01,False
LG09-LG10,0.07569604152193785,True,3.25,5.5,2.3886527346292072,2,sub-HUP086,01,False
LG04-LG05,0.031727984634461665,True,23.5,24.0,2.6907342483811485,3,sub-HUP086,01,False
LG30-LG31,0.031107912472280064,True,19.25,22.25,2.2904852570477754,4,sub-HUP086,01,False
LG02-LG03,0.02999568332075925,True,18.5,19.75,2.1494327788422534,5,sub-HUP086,01,False
LG03-LG04,0.029507448142713236,True,18.25,24.0,2.0950481938290992,6,sub-HUP086,01,False
LPST01-LPST02,0.02769369418267568,True,23.5,25.25,2.3486008411824097,7,sub-HUP086,01,False
LG45-LG46,0.027360805088568974,True,22.25,24.5,2.230432924073168,8,sub-HUP086,01,False
LA01-LA02,0.0,False,,,,9,sub-HUP086,01,False
LA02-LA03,0.0,False,,,,9,sub-HUP086,01,False
LA03-LA04,0.0,False,,,,9,sub-HUP086,01,False
LG01-LG02,0.0,False,,,,9,sub-HUP086,01,False
LG05-LG06,0.0,False,,,,9,sub-HUP086,01,False
LG06-LG07,0.0,False,,,,9,sub-HUP086,01,False
LG07-LG08,0.0,False,,,,9,sub-HUP086,01,False
LG08-LG09,0.0,False,,,,9,sub-HUP086,01,False
LG10-LG11,0.0,False,,,,9,sub-HUP086,01,False
LG11-LG12,0.0,False,,,,9,sub-HUP086,01,False
LG12-LG13,0.0,False,,,,9,sub-HUP086,01,False
LG13-LG14,0.0,False,,,,9,sub-HUP086,01,False
LG14-LG15,0.0,False,,,,9,sub-HUP086,01,False
LG15-LG16,0.0,False,,,,9,sub-HUP086,01,False
LG16-LG17,0.0,False,,,,9,sub-HUP086,01,False
LG17-LG18,0.0,False,,,,9,sub-HUP086,01,False
LG18-LG19,0.0,False,,,,9,sub-HUP086,01,False
LG19-LG20,0.0,False,,,,9,sub-HUP086,01,False
LG20-LG21,0.0,False,,,,9,sub-HUP086,01,False
LG21-LG22,0.0,False,,,,9,sub-HUP086,01,False
LG22-LG23,0.0,False,,,,9,sub-HUP086,01,False
LG23-LG24,0.0,False,,,,9,sub-HUP086,01,False
LG24-LG25,0.0,False,,,,9,sub-HUP086,01,False
LG25-LG26,0.0,False,,,,9,sub-HUP086,01,False
LG26-LG27,0.0,False,,,,9,sub-HUP086,01,False
LG27-LG28,0.0,False,,,,9,sub-HUP086,01,False
LG28-LG29,0.0,False,,,,9,sub-HUP086,01,False
LG29-LG30,0.0,False,,,,9,sub-HUP086,01,False
LG31-LG32,0.0,False,,,,9,sub-HUP086,01,False
LG35-LG36,0.0,False,,,,9,sub-HUP086,01,False
LG37-LG38,0.0,False,,,,9,sub-HUP086,01,False
LG38-LG39,0.0,False,,,,9,sub-HUP086,01,False
LG39-LG40,0.0,False,,,,9,sub-HUP086,01,False
LG42-LG43,0.0,False,,,,9,sub-HUP086,01,False
LG43-LG44,0.0,False,,,,9,sub-HUP086,01,False
LG44-LG45,0.0,False,,,,9,sub-HUP086,01,False
LG46-LG47,0.0,False,,,,9,sub-HUP086,01,False
LG49-LG50,0.0,False,,,,9,sub-HUP086,01,False
LG50-LG51,0.0,False,,,,9,sub-HUP086,01,False
LG51-LG52,0.0,False,,,,9,sub-HUP086,01,True
LG52-LG53,0.0,False,,,,9,sub-HUP086,01,True
LG53-LG54,0.0,False,,,,9,sub-HUP086,01,True
LG54-LG55,0.0,False,,,,9,sub-HUP086,01,False
LG55-LG56,0.0,False,,,,9,sub-HUP086,01,False
LG56-LG57,0.0,False,,,,9,sub-HUP086,01,True
LG57-LG58,0.0,False,,,,9,sub-HUP086,01,True
LG58-LG59,0.0,False,,,,9,sub-HUP086,01,False
LG59-LG60,0.0,False,,,,9,sub-HUP086,01,False
LG60-LG61,0.0,False,,,,9,sub-HUP086,01,False
LG61-LG62,0.0,False,,,,9,sub-HUP086,01,False
LG62-LG63,0.0,False,,,,9,sub-HUP086,01,False
LG63-LG64,0.0,False,,,,9,sub-HUP086,01,False
LH01-LH02,0.0,False,,,,9,sub-HUP086,01,False
LH02-LH03,0.0,False,,,,9,sub-HUP086,01,False
LH03-LH04,0.0,False,,,,9,sub-HUP086,01,False
LIPI01-LIPI02,0.0,False,,,,9,sub-HUP086,01,False
LIPI02-LIPI03,0.0,False,,,,9,sub-HUP086,01,False
LIPI03-LIPI04,0.0,False,,,,9,sub-HUP086,01,False
LIPI04-LIPI05,0.0,False,,,,9,sub-HUP086,01,False
LIPI05-LIPI06,0.0,False,,,,9,sub-HUP086,01,False
LMST01-LMST02,0.0,False,,,,9,sub-HUP086,01,False
LMST02-LMST03,0.0,False,,,,9,sub-HUP086,01,True
LMST03-LMST04,0.0,False,,,,9,sub-HUP086,01,True
LOI01-LOI02,0.0,False,,,,9,sub-HUP086,01,False
LOI02-LOI03,0.0,False,,,,9,sub-HUP086,01,False
LOI03-LOI04,0.0,False,,,,9,sub-HUP086,01,False
LOI04-LOI05,0.0,False,,,,9,sub-HUP086,01,False
LOI05-LOI06,0.0,False,,,,9,sub-HUP086,01,False
LPF01-LPF02,0.0,False,,,,9,sub-HUP086,01,False
LPF02-LPF03,0.0,False,,,,9,sub-HUP086,01,False
LPF03-LPF04,0.0,False,,,,9,sub-HUP086,01,False
LPST02-LPST03,0.0,False,,,,9,sub-HUP086,01,True
LPST03-LPST04,0.0,False,,,,9,sub-HUP086,01,True
RRPT01-RRPT02,0.0,False,,,,9,sub-HUP086,01,False
RRPT02-RRPT03,0.0,False,,,,9,sub-HUP086,01,False
RRPT03-RRPT04,0.0,False,,,,9,sub-HUP086,01,False
RRPT04-RRPT05,0.0,False,,,,9,sub-HUP086,01,False
RRPT05-RRPT06,0.0,False,,,,9,sub-HUP086,01,False
RSPI03-RSPI04,0.0,False,,,,9,sub-HUP086,01,False
LG04-LG05,1.0,True,0.75,2.0,2.6619005829545364,1,sub-HUP086,02,False
LG06-LG07,0.09501124094190075,True,9.0,11.0,2.339421918266935,2,sub-HUP086,02,False
LG08-LG09,0.07104197086460949,True,11.75,12.25,2.269279963904918,3,sub-HUP086,02,False
LPST01-LPST02,0.048689215038770085,True,16.5,18.75,2.170897985746289,4,sub-HUP086,02,False
LG60-LG61,0.03794401774586211,True,22.0,25.0,2.2473212658009842,5,sub-HUP086,02,False
LA01-LA02,0.0,False,,,,6,sub-HUP086,02,False
LA02-LA03,0.0,False,,,,6,sub-HUP086,02,False
LA03-LA04,0.0,False,,,,6,sub-HUP086,02,False
LG01-LG02,0.0,False,,,,6,sub-HUP086,02,False
LG02-LG03,0.0,False,,,,6,sub-HUP086,02,False
LG03-LG04,0.0,False,,,,6,sub-HUP086,02,False
LG05-LG06,0.0,False,,,,6,sub-HUP086,02,False
LG07-LG08,0.0,False,,,,6,sub-HUP086,02,False
LG09-LG10,0.0,False,,,,6,sub-HUP086,02,False
LG10-LG11,0.0,False,,,,6,sub-HUP086,02,False
LG11-LG12,0.0,False,,,,6,sub-HUP086,02,False
LG12-LG13,0.0,False,,,,6,sub-HUP086,02,False
LG13-LG14,0.0,False,,,,6,sub-HUP086,02,False
LG14-LG15,0.0,False,,,,6,sub-HUP086,02,False
LG15-LG16,0.0,False,,,,6,sub-HUP086,02,False
LG16-LG17,0.0,False,,,,6,sub-HUP086,02,False
LG17-LG18,0.0,False,,,,6,sub-HUP086,02,False
LG18-LG19,0.0,False,,,,6,sub-HUP086,02,False
LG19-LG20,0.0,False,,,,6,sub-HUP086,02,False
LG20-LG21,0.0,False,,,,6,sub-HUP086,02,False
LG21-LG22,0.0,False,,,,6,sub-HUP086,02,False
LG22-LG23,0.0,False,,,,6,sub-HUP086,02,False
LG23-LG24,0.0,False,,,,6,sub-HUP086,02,False
LG24-LG25,0.0,False,,,,6,sub-HUP086,02,False
LG25-LG26,0.0,False,,,,6,sub-HUP086,02,False
LG26-LG27,0.0,False,,,,6,sub-HUP086,02,False
LG27-LG28,0.0,False,,,,6,sub-HUP086,02,False
LG28-LG29,0.0,False,,,,6,sub-HUP086,02,False
LG29-LG30,0.0,False,,,,6,sub-HUP086,02,False
LG30-LG31,0.0,False,,,,6,sub-HUP086,02,False
LG31-LG32,0.0,False,,,,6,sub-HUP086,02,False
LG35-LG36,0.0,False,,,,6,sub-HUP086,02,False
LG36-LG37,0.0,False,,,,6,sub-HUP086,02,False
LG37-LG38,0.0,False,,,,6,sub-HUP086,02,False
LG38-LG39,0.0,False,,,,6,sub-HUP086,02,False
LG39-LG40,0.0,False,,,,6,sub-HUP086,02,False
LG42-LG43,0.0,False,,,,6,sub-HUP086,02,False
LG43-LG44,0.0,False,,,,6,sub-HUP086,02,False
LG44-LG45,0.0,False,,,,6,sub-HUP086,02,False
LG45-LG46,0.0,False,,,,6,sub-HUP086,02,False
LG46-LG47,0.0,False,,,,6,sub-HUP086,02,False
LG49-LG50,0.0,False,,,,6,sub-HUP086,02,False
LG50-LG51,0.0,False,,,,6,sub-HUP086,02,False
LG51-LG52,0.0,False,,,,6,sub-HUP086,02,True
LG52-LG53,0.0,False,,,,6,sub-HUP086,02,True
LG53-LG54,0.0,False,,,,6,sub-HUP086,02,True
LG54-LG55,0.0,False,,,,6,sub-HUP086,02,False
LG55-LG56,0.0,False,,,,6,sub-HUP086,02,False
LG56-LG57,0.0,False,,,,6,sub-HUP086,02,True
LG57-LG58,0.0,False,,,,6,sub-HUP086,02,True
LG58-LG59,0.0,False,,,,6,sub-HUP086,02,False
LG59-LG60,0.0,False,,,,6,sub-HUP086,02,False
LG61-LG62,0.0,False,,,,6,sub-HUP086,02,False
LG62-LG63,0.0,False,,,,6,sub-HUP086,02,False
LG63-LG64,0.0,False,,,,6,sub-HUP086,02,False
LH01-LH02,0.0,False,,,,6,sub-HUP086,02,False
LH02-LH03,0.0,False,,,,6,sub-HUP086,02,False
LH03-LH04,0.0,False,,,,6,sub-HUP086,02,False
LIPI01-LIPI02,0.0,False,,,,6,sub-HUP086,02,False
LIPI02-LIPI03,0.0,False,,,,6,sub-HUP086,02,False
LIPI03-LIPI04,0.0,False,,,,6,sub-HUP086,02,False
LIPI04-LIPI05,0.0,False,,,,6,sub-HUP086,02,False
LIPI05-LIPI06,0.0,False,,,,6,sub-HUP086,02,False
LMST01-LMST02,0.0,False,,,,6,sub-HUP086,02,False
LMST02-LMST03,0.0,False,,,,6,sub-HUP086,02,True
LMST03-LMST04,0.0,False,,,,6,sub-HUP086,02,True
LOI01-LOI02,0.0,False,,,,6,sub-HUP086,02,False
LOI02-LOI03,0.0,False,,,,6,sub-HUP086,02,False
LOI03-LOI04,0.0,False,,,,6,sub-HUP086,02,False
LOI04-LOI05,0.0,False,,,,6,sub-HUP086,02,False
LOI05-LOI06,0.0,False,,,,6,sub-HUP086,02,False
LPF01-LPF02,0.0,False,,,,6,sub-HUP086,02,False
LPF02-LPF03,0.0,False,,,,6,sub-HUP086,02,False
LPF03-LPF04,0.0,False,,,,6,sub-HUP086,02,False
LPST02-LPST03,0.0,False,,,,6,sub-HUP086,02,True
LPST03-LPST04,0.0,False,,,,6,sub-HUP086,02,True
RRPT01-RRPT02,0.0,False,,,,6,sub-HUP086,02,False
RRPT02-RRPT03,0.0,False,,,,6,sub-HUP086,02,False
RRPT03-RRPT04,0.0,False,,,,6,sub-HUP086,02,False
RRPT04-RRPT05,0.0,False,,,,6,sub-HUP086,02,False
RRPT05-RRPT06,0.0,False,,,,6,sub-HUP086,02,False
RSPI03-RSPI04,0.0,False,,,,6,sub-HUP086,02,False
LG39-LG40,1.0,True,3.25,4.25,2.949881686717869,1,sub-HUP087,01,True
LG54-LG55,0.14710988146769877,True,11.0,12.5,3.7971215211720093,2,sub-HUP087,01,False
LG44-LG45,0.1267213440433204,True,16.5,18.0,5.326834852562731,3,sub-HUP087,01,False
LG16-LG17,0.12445571328794555,True,12.75,15.5,3.8548611090729636,4,sub-HUP087,01,True
LG40-LG41,0.07979506282444887,True,15.0,15.75,3.0011714300833807,5,sub-HUP087,01,True
LG61-LG62,0.07600636150557492,True,16.5,18.0,3.1949892777807873,6,sub-HUP087,01,False
LG46-LG47,0.0744386368838421,True,11.75,14.25,2.0860591314149275,7,sub-HUP087,01,False
LG62-LG63,0.07427075341684533,True,13.5,14.75,2.46476177283477,8,sub-HUP087,01,False
LG29-LG30,0.06942095638808601,True,15.25,17.75,2.662186903007513,9,sub-HUP087,01,True
LG45-LG46,0.06439130118438467,True,16.5,19.5,2.7067407621054516,10,sub-HUP087,01,False
LG21-LG22,0.06150299825613806,True,16.5,21.5,2.5853285973348235,11,sub-HUP087,01,False
LG10-LG11,0.04737736047377292,True,16.25,18.5,1.9566065123725926,12,sub-HUP087,01,False
LOF01-LOF02,0.044008233080825694,True,23.75,27.5,2.7911102378436934,13,sub-HUP087,01,False
AST01-AST02,0.0,False,,,,14,sub-HUP087,01,False
AST02-AST03,0.0,False,,,,14,sub-HUP087,01,False
AST03-AST04,0.0,False,,,,14,sub-HUP087,01,False
LA01-LA02,0.0,False,,,,14,sub-HUP087,01,False
LA02-LA03,0.0,False,,,,14,sub-HUP087,01,False
LA03-LA04,0.0,False,,,,14,sub-HUP087,01,False
LG01-LG02,0.0,False,,,,14,sub-HUP087,01,False
LG02-LG03,0.0,False,,,,14,sub-HUP087,01,False
LG03-LG04,0.0,False,,,,14,sub-HUP087,01,False
LG04-LG05,0.0,False,,,,14,sub-HUP087,01,False
LG05-LG06,0.0,False,,,,14,sub-HUP087,01,False
LG06-LG07,0.0,False,,,,14,sub-HUP087,01,False
LG07-LG08,0.0,False,,,,14,sub-HUP087,01,False
LG08-LG09,0.0,False,,,,14,sub-HUP087,01,False
LG09-LG10,0.0,False,,,,14,sub-HUP087,01,False
LG11-LG12,0.0,False,,,,14,sub-HUP087,01,False
LG12-LG13,0.0,False,,,,14,sub-HUP087,01,False
LG13-LG14,0.0,False,,,,14,sub-HUP087,01,False
LG14-LG15,0.0,False,,,,14,sub-HUP087,01,True
LG15-LG16,0.0,False,,,,14,sub-HUP087,01,True
LG19-LG20,0.0,False,,,,14,sub-HUP087,01,False
LG20-LG21,0.0,False,,,,14,sub-HUP087,01,False
LG22-LG23,0.0,False,,,,14,sub-HUP087,01,False
LG23-LG24,0.0,False,,,,14,sub-HUP087,01,False
LG24-LG25,0.0,False,,,,14,sub-HUP087,01,False
LG25-LG26,0.0,False,,,,14,sub-HUP087,01,False
LG26-LG27,0.0,False,,,,14,sub-HUP087,01,False
LG27-LG28,0.0,False,,,,14,sub-HUP087,01,True
LG28-LG29,0.0,False,,,,14,sub-HUP087,01,True
LG32-LG33,0.0,False,,,,14,sub-HUP087,01,True
LG35-LG36,0.0,False,,,,14,sub-HUP087,01,True
LG36-LG37,0.0,False,,,,14,sub-HUP087,01,True
LG37-LG38,0.0,False,,,,14,sub-HUP087,01,True
LG38-LG39,0.0,False,,,,14,sub-HUP087,01,True
LG43-LG44,0.0,False,,,,14,sub-HUP087,01,False
LG47-LG48,0.0,False,,,,14,sub-HUP087,01,False
LG48-LG49,0.0,False,,,,14,sub-HUP087,01,False
LG49-LG50,0.0,False,,,,14,sub-HUP087,01,False
LG50-LG51,0.0,False,,,,14,sub-HUP087,01,False
LG51-LG52,0.0,False,,,,14,sub-HUP087,01,False
LG52-LG53,0.0,False,,,,14,sub-HUP087,01,False
LG53-LG54,0.0,False,,,,14,sub-HUP087,01,False
LG55-LG56,0.0,False,,,,14,sub-HUP087,01,False
LG56-LG57,0.0,False,,,,14,sub-HUP087,01,False
LG57-LG58,0.0,False,,,,14,sub-HUP087,01,False
LG58-LG59,0.0,False,,,,14,sub-HUP087,01,False
LG59-LG60,0.0,False,,,,14,sub-HUP087,01,False
LG60-LG61,0.0,False,,,,14,sub-HUP087,01,False
LG63-LG64,0.0,False,,,,14,sub-HUP087,01,False
LH01-LH02,0.0,False,,,,14,sub-HUP087,01,False
LH02-LH03,0.0,False,,,,14,sub-HUP087,01,False
LH03-LH04,0.0,False,,,,14,sub-HUP087,01,False
LOF02-LOF03,0.0,False,,,,14,sub-HUP087,01,False
LOF03-LOF04,0.0,False,,,,14,sub-HUP087,01,False
MST01-MST02,0.0,False,,,,14,sub-HUP087,01,False
MST02-MST03,0.0,False,,,,14,sub-HUP087,01,False
MST03-MST04,0.0,False,,,,14,sub-HUP087,01,False
PST01-PST02,0.0,False,,,,14,sub-HUP087,01,False
PST02-PST03,0.0,False,,,,14,sub-HUP087,01,False
PST03-PST04,0.0,False,,,,14,sub-HUP087,01,False
LOF03-LOF04,1.0,True,-8.25,-7.0,8.68288141674825,1,sub-HUP087,02,False
LG32-LG33,0.4740760600561516,True,-8.5,-7.5,3.2930769695894293,2,sub-HUP087,02,True
LOF02-LOF03,0.3653052180935592,True,-8.0,-6.25,3.8062822675508783,3,sub-HUP087,02,False
LG48-LG49,0.25449454570975083,True,-7.75,-5.25,3.0936443462497776,4,sub-HUP087,02,False
PST02-PST03,0.11401517105947283,True,-6.0,-1.0,2.771944588055075,5,sub-HUP087,02,False
LG02-LG03,0.09387248067223812,True,-0.75,0.5,5.705585325811249,6,sub-HUP087,02,False
LG01-LG02,0.06437413389967919,True,-0.5,1.0,4.024461390888874,7,sub-HUP087,02,False
LOF01-LOF02,0.05858048012383839,True,4.0,5.25,5.493391512315839,8,sub-HUP087,02,False
LG13-LG14,0.04701462541603495,True,4.25,6.25,4.490446590742968,9,sub-HUP087,02,False
MST03-MST04,0.03698922549063124,True,3.0,7.0,3.211730586325127,10,sub-HUP087,02,False
LG44-LG45,0.029769757203704783,True,11.0,12.0,4.239191254324552,11,sub-HUP087,02,False
LG63-LG64,0.029039646062291976,True,3.0,4.75,2.5214780314322147,12,sub-HUP087,02,False
LG29-LG30,0.02735483133111586,True,11.25,13.5,3.9428113599455967,13,sub-HUP087,02,True
LG45-LG46,0.020504926604268215,True,10.25,12.0,2.8130611693909993,14,sub-HUP087,02,False
MST02-MST03,0.012934655061538824,True,17.0,19.75,2.380973612596744,15,sub-HUP087,02,False
AST01-AST02,0.0,False,,,,16,sub-HUP087,02,False
AST02-AST03,0.0,False,,,,16,sub-HUP087,02,False
AST03-AST04,0.0,False,,,,16,sub-HUP087,02,False
LA01-LA02,0.0,False,,,,16,sub-HUP087,02,False
LA02-LA03,0.0,False,,,,16,sub-HUP087,02,False
LA03-LA04,0.0,False,,,,16,sub-HUP087,02,False
LG03-LG04,0.0,False,,,,16,sub-HUP087,02,False
LG04-LG05,0.0,False,,,,16,sub-HUP087,02,False
LG05-LG06,0.0,False,,,,16,sub-HUP087,02,False
LG06-LG07,0.0,False,,,,16,sub-HUP087,02,False
LG07-LG08,0.0,False,,,,16,sub-HUP087,02,False
LG08-LG09,0.0,False,,,,16,sub-HUP087,02,False
LG09-LG10,0.0,False,,,,16,sub-HUP087,02,False
LG10-LG11,0.0,False,,,,16,sub-HUP087,02,False
LG11-LG12,0.0,False,,,,16,sub-HUP087,02,False
LG12-LG13,0.0,False,,,,16,sub-HUP087,02,False
LG14-LG15,0.0,False,,,,16,sub-HUP087,02,True
LG15-LG16,0.0,False,,,,16,sub-HUP087,02,True
LG16-LG17,0.0,False,,,,16,sub-HUP087,02,True
LG19-LG20,0.0,False,,,,16,sub-HUP087,02,False
LG20-LG21,0.0,False,,,,16,sub-HUP087,02,False
LG21-LG22,0.0,False,,,,16,sub-HUP087,02,False
LG22-LG23,0.0,False,,,,16,sub-HUP087,02,False
LG23-LG24,0.0,False,,,,16,sub-HUP087,02,False
LG24-LG25,0.0,False,,,,16,sub-HUP087,02,False
LG25-LG26,0.0,False,,,,16,sub-HUP087,02,False
LG26-LG27,0.0,False,,,,16,sub-HUP087,02,False
LG27-LG28,0.0,False,,,,16,sub-HUP087,02,True
LG28-LG29,0.0,False,,,,16,sub-HUP087,02,True
LG35-LG36,0.0,False,,,,16,sub-HUP087,02,True
LG36-LG37,0.0,False,,,,16,sub-HUP087,02,True
LG37-LG38,0.0,False,,,,16,sub-HUP087,02,True
LG38-LG39,0.0,False,,,,16,sub-HUP087,02,True
LG39-LG40,0.0,False,,,,16,sub-HUP087,02,True
LG40-LG41,0.0,False,,,,16,sub-HUP087,02,True
LG43-LG44,0.0,False,,,,16,sub-HUP087,02,False
LG46-LG47,0.0,False,,,,16,sub-HUP087,02,False
LG47-LG48,0.0,False,,,,16,sub-HUP087,02,False
LG49-LG50,0.0,False,,,,16,sub-HUP087,02,False
LG50-LG51,0.0,False,,,,16,sub-HUP087,02,False
LG51-LG52,0.0,False,,,,16,sub-HUP087,02,False
LG52-LG53,0.0,False,,,,16,sub-HUP087,02,False
LG53-LG54,0.0,False,,,,16,sub-HUP087,02,False
LG54-LG55,0.0,False,,,,16,sub-HUP087,02,False
LG55-LG56,0.0,False,,,,16,sub-HUP087,02,False
LG56-LG57,0.0,False,,,,16,sub-HUP087,02,False
LG57-LG58,0.0,False,,,,16,sub-HUP087,02,False
LG58-LG59,0.0,False,,,,16,sub-HUP087,02,False
LG59-LG60,0.0,False,,,,16,sub-HUP087,02,False
LG60-LG61,0.0,False,,,,16,sub-HUP087,02,False
LG61-LG62,0.0,False,,,,16,sub-HUP087,02,False
LG62-LG63,0.0,False,,,,16,sub-HUP087,02,False
LH01-LH02,0.0,False,,,,16,sub-HUP087,02,False
LH02-LH03,0.0,False,,,,16,sub-HUP087,02,False
LH03-LH04,0.0,False,,,,16,sub-HUP087,02,False
MST01-MST02,0.0,False,,,,16,sub-HUP087,02,False
PST01-PST02,0.0,False,,,,16,sub-HUP087,02,False
PST03-PST04,0.0,False,,,,16,sub-HUP087,02,False
LAST04-LAST05,1.0,True,-5.5,-4.5,4.746442545518056,1,sub-HUP088,01,False
LMST03-LMST04,0.1392037194026013,True,-3.5,-2.0,1.9821673688005919,2,sub-HUP088,01,True
LPA02-LPA03,0.06449405459689216,True,3.5,7.0,3.0611732467165327,3,sub-HUP088,01,False
LAST02-LAST03,0.042484166873988774,True,17.0,19.5,4.738743443297344,4,sub-HUP088,01,False
RFP03-RFP04,0.031008055407843058,True,11.25,12.0,2.612408673587823,5,sub-HUP088,01,False
LAST03-LAST04,0.026004753714969055,True,18.5,20.0,3.0857517354611956,6,sub-HUP088,01,False
RFP05-RFP06,0.025685620256363235,True,11.0,12.0,2.1335181138743993,7,sub-HUP088,01,False
LAD01-LAD02,0.025640596948554657,True,15.25,15.75,2.6470102404179303,8,sub-HUP088,01,False
RFP04-RFP05,0.023314414569326578,True,11.0,12.0,1.9365592616247091,9,sub-HUP088,01,False
LAST01-LAST02,0.018120273775532963,True,18.5,24.5,2.1501709596156187,10,sub-HUP088,01,False
LAD02-LAD03,0.0,False,,,,11,sub-HUP088,01,False
LAD03-LAD04,0.0,False,,,,11,sub-HUP088,01,False
LAST05-LAST06,0.0,False,,,,11,sub-HUP088,01,False
LFPA02-LFPA03,0.0,False,,,,11,sub-HUP088,01,False
LFPA03-LFPA04,0.0,False,,,,11,sub-HUP088,01,False
LFPA04-LFPA05,0.0,False,,,,11,sub-HUP088,01,False
LFPA05-LFPA06,0.0,False,,,,11,sub-HUP088,01,False
LMST01-LMST02,0.0,False,,,,11,sub-HUP088,01,True
LMST02-LMST03,0.0,False,,,,11,sub-HUP088,01,True
LPA01-LPA02,0.0,False,,,,11,sub-HUP088,01,False
LPA03-LPA04,0.0,False,,,,11,sub-HUP088,01,False
LPST01-LPST02,0.0,False,,,,11,sub-HUP088,01,False
LPST02-LPST03,0.0,False,,,,11,sub-HUP088,01,False
LPST03-LPST04,0.0,False,,,,11,sub-HUP088,01,True
RAD01-RAD02,0.0,False,,,,11,sub-HUP088,01,True
RAD02-RAD03,0.0,False,,,,11,sub-HUP088,01,True
RAST01-RAST02,0.0,False,,,,11,sub-HUP088,01,False
RAST02-RAST03,0.0,False,,,,11,sub-HUP088,01,False
RAST03-RAST04,0.0,False,,,,11,sub-HUP088,01,False
RFPA01-RFPA02,0.0,False,,,,11,sub-HUP088,01,False
RFPA02-RFPA03,0.0,False,,,,11,sub-HUP088,01,False
RFPA03-RFPA04,0.0,False,,,,11,sub-HUP088,01,False
RFPA04-RFPA05,0.0,False,,,,11,sub-HUP088,01,False
RFPA05-RFPA06,0.0,False,,,,11,sub-HUP088,01,False
RHD01-RHD02,0.0,False,,,,11,sub-HUP088,01,True
RHD02-RHD03,0.0,False,,,,11,sub-HUP088,01,True
RHD03-RHD04,0.0,False,,,,11,sub-HUP088,01,True
RMST01-RMST02,0.0,False,,,,11,sub-HUP088,01,False
RMST02-RMST03,0.0,False,,,,11,sub-HUP088,01,False
RPT01-RPT02,0.0,False,,,,11,sub-HUP088,01,False
RPT02-RPT03,0.0,False,,,,11,sub-HUP088,01,False
LAD01-LAD02,1.0,True,-7.0,-4.5,2.628933301358844,1,sub-HUP088,02,False
LAST03-LAST04,0.5102505513473146,True,-6.25,-3.75,2.3474756663289154,2,sub-HUP088,02,False
LFPA04-LFPA05,0.4329451749157212,True,-6.0,-4.75,2.2763679759971382,3,sub-HUP088,02,False
RHD01-RHD02,0.3962098554773565,True,-6.0,-3.75,2.0832185667819947,4,sub-HUP088,02,True
LPA03-LPA04,0.3265794597749869,True,-4.0,0.5,3.4342224693689767,5,sub-HUP088,02,False
RFP03-RFP04,0.07188803886255711,True,3.0,12.25,2.0788774526867067,6,sub-HUP088,02,False
LAST01-LAST02,0.06645049191780127,True,7.5,10.75,2.707755621962959,7,sub-HUP088,02,False
LFPA02-LFPA03,0.054899790205580015,True,8.5,10.5,2.381410130699546,8,sub-HUP088,02,False
LAST04-LAST05,0.052398514549336514,True,7.25,12.25,2.100721047567421,9,sub-HUP088,02,False
LAST05-LAST06,0.049352808917415156,True,8.5,12.5,2.1407965074967747,10,sub-HUP088,02,False
RAD01-RAD02,0.03879692544323487,True,12.75,15.5,2.1163864827271697,11,sub-HUP088,02,True
LFPA05-LFPA06,0.03807171324846092,True,17.0,18.5,2.50219986996659,12,sub-HUP088,02,False
LAD02-LAD03,0.0,False,,,,13,sub-HUP088,02,False
LAD03-LAD04,0.0,False,,,,13,sub-HUP088,02,False
LAST02-LAST03,0.0,False,,,,13,sub-HUP088,02,False
LFPA03-LFPA04,0.0,False,,,,13,sub-HUP088,02,False
LMST01-LMST02,0.0,False,,,,13,sub-HUP088,02,True
LMST02-LMST03,0.0,False,,,,13,sub-HUP088,02,True
LMST03-LMST04,0.0,False,,,,13,sub-HUP088,02,True
LPA01-LPA02,0.0,False,,,,13,sub-HUP088,02,False
LPA02-LPA03,0.0,False,,,,13,sub-HUP088,02,False
LPST01-LPST02,0.0,False,,,,13,sub-HUP088,02,False
LPST02-LPST03,0.0,False,,,,13,sub-HUP088,02,False
LPST03-LPST04,0.0,False,,,,13,sub-HUP088,02,True
RAD02-RAD03,0.0,False,,,,13,sub-HUP088,02,True
RAST01-RAST02,0.0,False,,,,13,sub-HUP088,02,False
RAST02-RAST03,0.0,False,,,,13,sub-HUP088,02,False
RAST03-RAST04,0.0,False,,,,13,sub-HUP088,02,False
RFP04-RFP05,0.0,False,,,,13,sub-HUP088,02,False
RFP05-RFP06,0.0,False,,,,13,sub-HUP088,02,False
RFPA01-RFPA02,0.0,False,,,,13,sub-HUP088,02,False
RFPA02-RFPA03,0.0,False,,,,13,sub-HUP088,02,False
RFPA03-RFPA04,0.0,False,,,,13,sub-HUP088,02,False
RFPA04-RFPA05,0.0,False,,,,13,sub-HUP088,02,False
RFPA05-RFPA06,0.0,False,,,,13,sub-HUP088,02,False
RHD02-RHD03,0.0,False,,,,13,sub-HUP088,02,True
RHD03-RHD04,0.0,False,,,,13,sub-HUP088,02,True
RMST01-RMST02,0.0,False,,,,13,sub-HUP088,02,False
RMST02-RMST03,0.0,False,,,,13,sub-HUP088,02,False
RPT01-RPT02,0.0,False,,,,13,sub-HUP088,02,False
RPT02-RPT03,0.0,False,,,,13,sub-HUP088,02,False
RFPA04-RFPA05,1.0,True,-6.0,-3.5,2.35620334904837,1,sub-HUP088,03,False
LAST04-LAST05,0.48973595023922095,True,-5.0,-3.25,2.3078349722060763,2,sub-HUP088,03,False
LAST03-LAST04,0.2799892394926736,True,0.25,0.75,4.782908982478542,3,sub-HUP088,03,False
RMST01-RMST02,0.24402411034995997,True,-2.0,-0.75,2.8748521302756234,4,sub-HUP088,03,False
LAST02-LAST03,0.24279249254981466,True,-1.25,-0.75,3.2893937834006293,5,sub-HUP088,03,False
RMST02-RMST03,0.1873137246419688,True,-1.5,-0.25,2.427420739282721,6,sub-HUP088,03,False
RAD02-RAD03,0.10671603564834416,True,2.0,5.25,2.2630021253261434,7,sub-HUP088,03,True
LAST01-LAST02,0.10241652992896733,True,8.0,9.75,3.619712562248181,8,sub-HUP088,03,False
RHD03-RHD04,0.09381728946059952,True,2.25,2.75,2.0447366575377703,9,sub-HUP088,03,True
RFPA03-RFPA04,0.09045729401555841,True,2.25,3.25,1.971505956724134,10,sub-HUP088,03,False
RAST01-RAST02,0.026385928609100832,True,22.75,29.75,1.8495757473563088,11,sub-HUP088,03,False
LAD01-LAD02,0.0,False,,,,12,sub-HUP088,03,False
LAD02-LAD03,0.0,False,,,,12,sub-HUP088,03,False
LAD03-LAD04,0.0,False,,,,12,sub-HUP088,03,False
LAST05-LAST06,0.0,False,,,,12,sub-HUP088,03,False
LFPA02-LFPA03,0.0,False,,,,12,sub-HUP088,03,False
LFPA03-LFPA04,0.0,False,,,,12,sub-HUP088,03,False
LFPA04-LFPA05,0.0,False,,,,12,sub-HUP088,03,False
LFPA05-LFPA06,0.0,False,,,,12,sub-HUP088,03,False
LMST01-LMST02,0.0,False,,,,12,sub-HUP088,03,True
LMST02-LMST03,0.0,False,,,,12,sub-HUP088,03,True
LMST03-LMST04,0.0,False,,,,12,sub-HUP088,03,True
LPA01-LPA02,0.0,False,,,,12,sub-HUP088,03,False
LPA02-LPA03,0.0,False,,,,12,sub-HUP088,03,False
LPA03-LPA04,0.0,False,,,,12,sub-HUP088,03,False
LPST01-LPST02,0.0,False,,,,12,sub-HUP088,03,False
LPST02-LPST03,0.0,False,,,,12,sub-HUP088,03,False
LPST03-LPST04,0.0,False,,,,12,sub-HUP088,03,True
RAD01-RAD02,0.0,False,,,,12,sub-HUP088,03,True
RAST02-RAST03,0.0,False,,,,12,sub-HUP088,03,False
RAST03-RAST04,0.0,False,,,,12,sub-HUP088,03,False
RFP03-RFP04,0.0,False,,,,12,sub-HUP088,03,False
RFP04-RFP05,0.0,False,,,,12,sub-HUP088,03,False
RFP05-RFP06,0.0,False,,,,12,sub-HUP088,03,False
RFPA01-RFPA02,0.0,False,,,,12,sub-HUP088,03,False
RFPA02-RFPA03,0.0,False,,,,12,sub-HUP088,03,False
RFPA05-RFPA06,0.0,False,,,,12,sub-HUP088,03,False
RHD01-RHD02,0.0,False,,,,12,sub-HUP088,03,True
RHD02-RHD03,0.0,False,,,,12,sub-HUP088,03,True
RPT01-RPT02,0.0,False,,,,12,sub-HUP088,03,False
RPT02-RPT03,0.0,False,,,,12,sub-HUP088,03,False
RG12-RG13,1.0,True,-8.0,-7.25,9.835280610694031,1,sub-HUP089,01,False
AOF03-AOF04,0.2934305583983741,True,-7.5,-7.0,4.3289578224009775,2,sub-HUP089,01,False
RG13-RG14,0.22717679334856294,True,-7.25,-6.0,3.9101081439363403,3,sub-HUP089,01,False
RG11-RG12,0.208761991952924,True,-7.5,-5.5,3.0798491575566858,4,sub-HUP089,01,False
FD03-FD04,0.19910772984580566,True,-7.5,-7.0,2.937420592187637,5,sub-HUP089,01,False
RG14-RG15,0.19754003689798488,True,-7.5,-6.5,2.9142925421078014,6,sub-HUP089,01,False
RG31-RG32,0.03371732151897821,True,-0.75,2.0,2.7358593782861798,7,sub-HUP089,01,False
AOF01-AOF02,0.02396842082474026,True,0.0,2.5,2.1216253014587063,8,sub-HUP089,01,False
MS02-MS03,0.018097806004877988,True,6.75,10.0,2.8034527578100863,9,sub-HUP089,01,False
RG02-RG03,0.014514606287885461,True,9.0,11.25,2.5695940643117563,10,sub-HUP089,01,False
RG01-RG02,0.013367389251048986,True,6.25,16.75,2.004948370825739,11,sub-HUP089,01,False
POF05-POF06,0.013347448957476762,True,15.5,18.75,3.216259695375637,12,sub-HUP089,01,False
AS03-AS04,0.013213574282598551,True,21.5,24.25,3.963755933658008,13,sub-HUP089,01,False
HD02-HD03,0.013172483078646399,True,18.5,20.0,3.5627643539979195,14,sub-HUP089,01,False
RG45-RG46,0.011558218265269603,True,15.5,16.75,2.7851188399651057,15,sub-HUP089,01,False
RG27-RG28,0.01114613485424734,True,8.25,20.0,1.8910375292787567,16,sub-HUP089,01,False
RG38-RG39,0.010850080591835174,True,14.75,19.25,2.534447697646923,17,sub-HUP089,01,False
RG03-RG04,0.010797015405380923,True,10.75,16.5,2.0972856063306784,18,sub-HUP089,01,False
RG37-RG38,0.00977872694049401,True,18.25,21.75,2.620810264696805,19,sub-HUP089,01,False
RG56-RG57,0.009741320530449326,True,18.75,21.25,2.65868923096523,20,sub-HUP089,01,False
RG22-RG23,0.009487886706418223,True,23.25,24.75,3.0094419081631223,21,sub-HUP089,01,False
RG54-RG55,0.009288426395713964,True,14.0,20.75,2.1011484407733567,22,sub-HUP089,01,False
AS01-AS02,0.009070014321054533,True,22.5,25.5,2.809993283703423,23,sub-HUP089,01,False
RG63-RG64,0.008911792555454195,True,13.5,20.5,1.9721245618616865,24,sub-HUP089,01,False
RG28-RG29,0.008731885524494581,True,22.5,25.0,2.7052371484066358,25,sub-HUP089,01,False
RG23-RG24,0.0086018169850486,True,20.25,24.75,2.4745875514362723,26,sub-HUP089,01,False
RG41-RG42,0.008556848894924604,True,15.0,28.5,2.0198162405973745,27,sub-HUP089,01,False
AS02-AS03,0.008124145434950002,True,23.75,24.75,2.6168314399504267,28,sub-HUP089,01,False
POF01-POF02,0.008078568620088733,True,15.0,22.25,1.9069197434716791,29,sub-HUP089,01,False
PT01-PT02,0.007977164945428609,True,19.25,24.5,2.21642877397932,30,sub-HUP089,01,False
RG47-RG48,0.007696244864282844,True,26.25,28.5,2.668239158081419,31,sub-HUP089,01,False
RG44-RG45,0.00689772156510053,True,26.0,29.25,2.3744359508519763,32,sub-HUP089,01,False
RG34-RG35,0.004336411431056378,True,27.0,28.0,1.535393637642987,33,sub-HUP089,01,False
AD01-AD02,0.0,False,,,,34,sub-HUP089,01,True
AD02-AD03,0.0,False,,,,34,sub-HUP089,01,True
AD03-AD04,0.0,False,,,,34,sub-HUP089,01,True
AOF02-AOF03,0.0,False,,,,34,sub-HUP089,01,False
FD01-FD02,0.0,False,,,,34,sub-HUP089,01,False
FD02-FD03,0.0,False,,,,34,sub-HUP089,01,False
HD01-HD02,0.0,False,,,,34,sub-HUP089,01,False
MS01-MS02,0.0,False,,,,34,sub-HUP089,01,False
MS03-MS04,0.0,False,,,,34,sub-HUP089,01,False
POF02-POF03,0.0,False,,,,34,sub-HUP089,01,False
POF03-POF04,0.0,False,,,,34,sub-HUP089,01,False
POF04-POF05,0.0,False,,,,34,sub-HUP089,01,False
PT02-PT03,0.0,False,,,,34,sub-HUP089,01,False
PT03-PT04,0.0,False,,,,34,sub-HUP089,01,False
RG04-RG05,0.0,False,,,,34,sub-HUP089,01,False
RG05-RG06,0.0,False,,,,34,sub-HUP089,01,False
RG06-RG07,0.0,False,,,,34,sub-HUP089,01,False
RG07-RG08,0.0,False,,,,34,sub-HUP089,01,False
RG08-RG09,0.0,False,,,,34,sub-HUP089,01,False
RG09-RG10,0.0,False,,,,34,sub-HUP089,01,False
RG10-RG11,0.0,False,,,,34,sub-HUP089,01,False
RG15-RG16,0.0,False,,,,34,sub-HUP089,01,False
RG16-RG17,0.0,False,,,,34,sub-HUP089,01,False
RG17-RG18,0.0,False,,,,34,sub-HUP089,01,False
RG18-RG19,0.0,False,,,,34,sub-HUP089,01,False
RG19-RG20,0.0,False,,,,34,sub-HUP089,01,False
RG20-RG21,0.0,False,,,,34,sub-HUP089,01,False
RG21-RG22,0.0,False,,,,34,sub-HUP089,01,False
RG26-RG27,0.0,False,,,,34,sub-HUP089,01,False
RG29-RG30,0.0,False,,,,34,sub-HUP089,01,False
RG30-RG31,0.0,False,,,,34,sub-HUP089,01,False
RG32-RG33,0.0,False,,,,34,sub-HUP089,01,False
RG33-RG34,0.0,False,,,,34,sub-HUP089,01,False
RG35-RG36,0.0,False,,,,34,sub-HUP089,01,False
RG36-RG37,0.0,False,,,,34,sub-HUP089,01,False
RG39-RG40,0.0,False,,,,34,sub-HUP089,01,False
RG40-RG41,0.0,False,,,,34,sub-HUP089,01,False
RG42-RG43,0.0,False,,,,34,sub-HUP089,01,False
RG43-RG44,0.0,False,,,,34,sub-HUP089,01,False
RG46-RG47,0.0,False,,,,34,sub-HUP089,01,False
RG48-RG49,0.0,False,,,,34,sub-HUP089,01,False
RG49-RG50,0.0,False,,,,34,sub-HUP089,01,False
RG50-RG51,0.0,False,,,,34,sub-HUP089,01,False
RG51-RG52,0.0,False,,,,34,sub-HUP089,01,False
RG52-RG53,0.0,False,,,,34,sub-HUP089,01,False
RG53-RG54,0.0,False,,,,34,sub-HUP089,01,False
RG55-RG56,0.0,False,,,,34,sub-HUP089,01,False
RG57-RG58,0.0,False,,,,34,sub-HUP089,01,False
RG58-RG59,0.0,False,,,,34,sub-HUP089,01,False
RG59-RG60,0.0,False,,,,34,sub-HUP089,01,False
FD03-FD04,1.0,True,-9.75,-8.75,3.411343654054319,1,sub-HUP089,02,False
RG01-RG02,0.4227021911375162,True,-8.25,-7.25,3.6049560932295543,2,sub-HUP089,02,False
RG16-RG17,0.10945820176876199,True,-4.5,-3.25,2.3337471374253966,3,sub-HUP089,02,False
AOF02-AOF03,0.10152426912248724,True,-2.25,1.0,2.9438404552297475,4,sub-HUP089,02,False
RG17-RG18,0.07216458128183877,True,1.0,1.75,2.8925936902386313,5,sub-HUP089,02,False
RG33-RG34,0.05514960091300917,True,1.5,3.0,2.3046444534532204,6,sub-HUP089,02,False
RG45-RG46,0.0454962399982247,True,10.75,12.75,3.3368711564274363,7,sub-HUP089,02,False
POF05-POF06,0.03939642477691603,True,13.0,13.5,3.19187516181007,8,sub-HUP089,02,False
MS02-MS03,0.03803631776451171,True,3.75,4.75,1.8814467928286285,9,sub-HUP089,02,False
RG37-RG38,0.036162530905040784,True,14.25,16.75,3.084070507936352,10,sub-HUP089,02,False
AOF01-AOF02,0.03559514974484232,True,17.75,19.5,3.46067771361966,11,sub-HUP089,02,False
POF04-POF05,0.03350304029449109,True,16.25,19.5,3.085840365303735,12,sub-HUP089,02,False
RG35-RG36,0.03333548254505979,True,12.0,16.75,2.5871024004946177,13,sub-HUP089,02,False
FD02-FD03,0.03292937226590987,True,16.0,19.5,3.0049185867273795,14,sub-HUP089,02,False
RG46-RG47,0.030429921095446316,True,15.5,18.25,2.7249316033360165,15,sub-HUP089,02,False
POF03-POF04,0.02673036527768715,True,18.0,23.75,2.6216107813670195,16,sub-HUP089,02,False
RG50-RG51,0.024797101312704788,True,14.75,17.0,2.1570815721519563,17,sub-HUP089,02,False
FD01-FD02,0.02251292676341107,True,17.75,19.75,2.1887809006837315,18,sub-HUP089,02,False
POF01-POF02,0.02060875601516111,True,25.75,28.75,2.566079540334987,19,sub-HUP089,02,False
RG27-RG28,0.017607300025743917,True,28.25,29.5,2.3425174971062264,20,sub-HUP089,02,False
AD01-AD02,0.0,False,,,,21,sub-HUP089,02,True
AD02-AD03,0.0,False,,,,21,sub-HUP089,02,True
AD03-AD04,0.0,False,,,,21,sub-HUP089,02,True
AOF03-AOF04,0.0,False,,,,21,sub-HUP089,02,False
AS01-AS02,0.0,False,,,,21,sub-HUP089,02,False
AS02-AS03,0.0,False,,,,21,sub-HUP089,02,False
AS03-AS04,0.0,False,,,,21,sub-HUP089,02,False
HD01-HD02,0.0,False,,,,21,sub-HUP089,02,False
HD02-HD03,0.0,False,,,,21,sub-HUP089,02,False
MS01-MS02,0.0,False,,,,21,sub-HUP089,02,False
MS03-MS04,0.0,False,,,,21,sub-HUP089,02,False
POF02-POF03,0.0,False,,,,21,sub-HUP089,02,False
PT01-PT02,0.0,False,,,,21,sub-HUP089,02,False
PT02-PT03,0.0,False,,,,21,sub-HUP089,02,False
PT03-PT04,0.0,False,,,,21,sub-HUP089,02,False
RG02-RG03,0.0,False,,,,21,sub-HUP089,02,False
RG03-RG04,0.0,False,,,,21,sub-HUP089,02,False
RG04-RG05,0.0,False,,,,21,sub-HUP089,02,False
RG05-RG06,0.0,False,,,,21,sub-HUP089,02,False
RG06-RG07,0.0,False,,,,21,sub-HUP089,02,False
RG07-RG08,0.0,False,,,,21,sub-HUP089,02,False
RG08-RG09,0.0,False,,,,21,sub-HUP089,02,False
RG09-RG10,0.0,False,,,,21,sub-HUP089,02,False
RG10-RG11,0.0,False,,,,21,sub-HUP089,02,False
RG11-RG12,0.0,False,,,,21,sub-HUP089,02,False
RG12-RG13,0.0,False,,,,21,sub-HUP089,02,False
RG13-RG14,0.0,False,,,,21,sub-HUP089,02,False
RG14-RG15,0.0,False,,,,21,sub-HUP089,02,False
RG15-RG16,0.0,False,,,,21,sub-HUP089,02,False
RG18-RG19,0.0,False,,,,21,sub-HUP089,02,False
RG19-RG20,0.0,False,,,,21,sub-HUP089,02,False
RG20-RG21,0.0,False,,,,21,sub-HUP089,02,False
RG21-RG22,0.0,False,,,,21,sub-HUP089,02,False
RG22-RG23,0.0,False,,,,21,sub-HUP089,02,False
RG23-RG24,0.0,False,,,,21,sub-HUP089,02,False
RG26-RG27,0.0,False,,,,21,sub-HUP089,02,False
RG28-RG29,0.0,False,,,,21,sub-HUP089,02,False
RG29-RG30,0.0,False,,,,21,sub-HUP089,02,False
RG30-RG31,0.0,False,,,,21,sub-HUP089,02,False
RG31-RG32,0.0,False,,,,21,sub-HUP089,02,False
RG32-RG33,0.0,False,,,,21,sub-HUP089,02,False
RG34-RG35,0.0,False,,,,21,sub-HUP089,02,False
RG36-RG37,0.0,False,,,,21,sub-HUP089,02,False
RG38-RG39,0.0,False,,,,21,sub-HUP089,02,False
RG39-RG40,0.0,False,,,,21,sub-HUP089,02,False
RG40-RG41,0.0,False,,,,21,sub-HUP089,02,False
RG41-RG42,0.0,False,,,,21,sub-HUP089,02,False
RG42-RG43,0.0,False,,,,21,sub-HUP089,02,False
RG43-RG44,0.0,False,,,,21,sub-HUP089,02,False
RG44-RG45,0.0,False,,,,21,sub-HUP089,02,False
RG47-RG48,0.0,False,,,,21,sub-HUP089,02,False
RG48-RG49,0.0,False,,,,21,sub-HUP089,02,False
RG49-RG50,0.0,False,,,,21,sub-HUP089,02,False
RG51-RG52,0.0,False,,,,21,sub-HUP089,02,False
RG52-RG53,0.0,False,,,,21,sub-HUP089,02,False
RG53-RG54,0.0,False,,,,21,sub-HUP089,02,False
RG54-RG55,0.0,False,,,,21,sub-HUP089,02,False
RG55-RG56,0.0,False,,,,21,sub-HUP089,02,False
RG56-RG57,0.0,False,,,,21,sub-HUP089,02,False
RG57-RG58,0.0,False,,,,21,sub-HUP089,02,False
RG58-RG59,0.0,False,,,,21,sub-HUP089,02,False
RG59-RG60,0.0,False,,,,21,sub-HUP089,02,False
RG63-RG64,0.0,False,,,,21,sub-HUP089,02,False
RG63-RG64,1.0,True,-8.75,-7.75,2.1714773075676392,1,sub-HUP089,03,False
RG55-RG56,0.9716829468739708,True,-8.75,-8.0,2.10998746928728,2,sub-HUP089,03,False
RG03-RG04,0.162983852608359,True,-2.25,0.5,2.6543680307925026,3,sub-HUP089,03,False
PT01-PT02,0.15563543715337902,True,-1.25,2.75,2.8726499702714223,4,sub-HUP089,03,False
POF04-POF05,0.15256446377778077,True,3.75,6.75,4.4724186589681265,5,sub-HUP089,03,False
RG43-RG44,0.14680322019800343,True,-2.0,0.0,2.4705439253681036,6,sub-HUP089,03,False
FD01-FD02,0.1371379859965783,True,0.5,1.25,3.0523682521202598,7,sub-HUP089,03,False
RG58-RG59,0.13649990294158115,True,-0.25,1.75,2.815861196366873,8,sub-HUP089,03,False
RG18-RG19,0.12497560595486003,True,1.5,4.25,3.053044038718054,9,sub-HUP089,03,False
POF05-POF06,0.08696316688029154,True,2.5,5.5,2.3132721575659425,10,sub-HUP089,03,False
RG17-RG18,0.08406335108372795,True,7.5,10.0,3.148843622518017,11,sub-HUP089,03,False
PT03-PT04,0.06089955590724017,True,8.5,10.0,2.4134165674067183,12,sub-HUP089,03,False
FD03-FD04,0.059235238296053025,True,15.5,16.25,3.2478563881480786,13,sub-HUP089,03,False
AOF02-AOF03,0.05751451925455047,True,7.75,9.25,2.185600784796072,14,sub-HUP089,03,False
AD03-AD04,0.054135880027942306,True,12.0,20.25,2.55681766137791,15,sub-HUP089,03,True
RG45-RG46,0.05136458011203654,True,24.0,26.75,3.764374429253425,16,sub-HUP089,03,False
RG05-RG06,0.05121083661897151,True,16.0,18.5,2.863481617706001,17,sub-HUP089,03,False
RG35-RG36,0.050956848166212314,True,9.0,17.0,2.0747182398393695,18,sub-HUP089,03,False
MS01-MS02,0.049201304614205264,True,29.0,29.5,4.1400312633082015,19,sub-HUP089,03,False
AS02-AS03,0.047492578162402384,True,26.0,28.5,3.686863743332026,20,sub-HUP089,03,False
RG30-RG31,0.04669281288309954,True,26.0,27.25,3.624777713776955,21,sub-HUP089,03,False
AOF01-AOF02,0.045817597686332374,True,16.0,16.25,2.5619157468257088,22,sub-HUP089,03,False
RG56-RG57,0.04136925171361375,True,23.75,27.25,3.0093851094600588,23,sub-HUP089,03,False
RG13-RG14,0.03563944295178856,True,27.25,29.0,2.863438940093931,24,sub-HUP089,03,False
RG46-RG47,0.034129240825814956,True,23.5,27.75,2.4641864932607933,25,sub-HUP089,03,False
RG47-RG48,0.034091735523547495,True,20.0,27.5,2.202375544433184,26,sub-HUP089,03,False
RG28-RG29,0.033177222667015414,True,27.0,27.75,2.6476017909956937,27,sub-HUP089,03,False
AS03-AS04,0.030235965153094492,True,27.0,28.5,2.4128841734363844,28,sub-HUP089,03,False
RG38-RG39,0.028562458483779786,True,26.75,29.25,2.2638296612742774,29,sub-HUP089,03,False
AD01-AD02,0.0,False,,,,30,sub-HUP089,03,True
AD02-AD03,0.0,False,,,,30,sub-HUP089,03,True
AOF03-AOF04,0.0,False,,,,30,sub-HUP089,03,False
AS01-AS02,0.0,False,,,,30,sub-HUP089,03,False
FD02-FD03,0.0,False,,,,30,sub-HUP089,03,False
HD01-HD02,0.0,False,,,,30,sub-HUP089,03,False
HD02-HD03,0.0,False,,,,30,sub-HUP089,03,False
MS02-MS03,0.0,False,,,,30,sub-HUP089,03,False
MS03-MS04,0.0,False,,,,30,sub-HUP089,03,False
POF01-POF02,0.0,False,,,,30,sub-HUP089,03,False
POF02-POF03,0.0,False,,,,30,sub-HUP089,03,False
POF03-POF04,0.0,False,,,,30,sub-HUP089,03,False
PT02-PT03,0.0,False,,,,30,sub-HUP089,03,False
RG01-RG02,0.0,False,,,,30,sub-HUP089,03,False
RG02-RG03,0.0,False,,,,30,sub-HUP089,03,False
RG04-RG05,0.0,False,,,,30,sub-HUP089,03,False
RG06-RG07,0.0,False,,,,30,sub-HUP089,03,False
RG07-RG08,0.0,False,,,,30,sub-HUP089,03,False
RG08-RG09,0.0,False,,,,30,sub-HUP089,03,False
RG09-RG10,0.0,False,,,,30,sub-HUP089,03,False
RG10-RG11,0.0,False,,,,30,sub-HUP089,03,False
RG11-RG12,0.0,False,,,,30,sub-HUP089,03,False
RG12-RG13,0.0,False,,,,30,sub-HUP089,03,False
RG14-RG15,0.0,False,,,,30,sub-HUP089,03,False
RG15-RG16,0.0,False,,,,30,sub-HUP089,03,False
RG16-RG17,0.0,False,,,,30,sub-HUP089,03,False
RG19-RG20,0.0,False,,,,30,sub-HUP089,03,False
RG20-RG21,0.0,False,,,,30,sub-HUP089,03,False
RG21-RG22,0.0,False,,,,30,sub-HUP089,03,False
RG22-RG23,0.0,False,,,,30,sub-HUP089,03,False
RG23-RG24,0.0,False,,,,30,sub-HUP089,03,False
RG26-RG27,0.0,False,,,,30,sub-HUP089,03,False
RG27-RG28,0.0,False,,,,30,sub-HUP089,03,False
RG29-RG30,0.0,False,,,,30,sub-HUP089,03,False
RG31-RG32,0.0,False,,,,30,sub-HUP089,03,False
RG32-RG33,0.0,False,,,,30,sub-HUP089,03,False
RG33-RG34,0.0,False,,,,30,sub-HUP089,03,False
RG34-RG35,0.0,False,,,,30,sub-HUP089,03,False
RG36-RG37,0.0,False,,,,30,sub-HUP089,03,False
RG37-RG38,0.0,False,,,,30,sub-HUP089,03,False
RG39-RG40,0.0,False,,,,30,sub-HUP089,03,False
RG40-RG41,0.0,False,,,,30,sub-HUP089,03,False
RG41-RG42,0.0,False,,,,30,sub-HUP089,03,False
RG42-RG43,0.0,False,,,,30,sub-HUP089,03,False
RG44-RG45,0.0,False,,,,30,sub-HUP089,03,False
RG48-RG49,0.0,False,,,,30,sub-HUP089,03,False
RG49-RG50,0.0,False,,,,30,sub-HUP089,03,False
RG50-RG51,0.0,False,,,,30,sub-HUP089,03,False
RG51-RG52,0.0,False,,,,30,sub-HUP089,03,False
RG52-RG53,0.0,False,,,,30,sub-HUP089,03,False
RG53-RG54,0.0,False,,,,30,sub-HUP089,03,False
RG54-RG55,0.0,False,,,,30,sub-HUP089,03,False
RG57-RG58,0.0,False,,,,30,sub-HUP089,03,False
RG59-RG60,0.0,False,,,,30,sub-HUP089,03,False
LAF4-LAF5,1.0,True,-7.25,-1.5,2.2992734153492167,1,sub-HUP094,01,False
LDH1-LDH2,0.5937925972841266,True,-5.75,-4.5,3.4132288329163893,2,sub-HUP094,01,False
LAT1-LAT2,0.5708715941770663,True,-5.75,-4.0,3.2814747001733884,3,sub-HUP094,01,False
RAT3-RAT4,0.4412057737456841,True,-5.75,0.5,2.536131765680082,4,sub-HUP094,01,False
RPF5-RPF6,0.4370870761492758,True,-5.5,-5.0,2.7637024095525584,5,sub-HUP094,01,False
RDA2-RDA3,0.24411502747087757,True,-3.25,-2.75,2.806435964755163,6,sub-HUP094,01,True
LDH5-LDH6,0.14211543912251695,True,0.5,4.0,2.8591696969944786,7,sub-HUP094,01,False
RDA1-RDA2,0.12287754432651261,True,-0.5,0.25,2.189600300353427,8,sub-HUP094,01,True
RAF1-RAF2,0.12216958871781876,True,3.5,5.0,3.3005901281605823,9,sub-HUP094,01,False
LAF1-LAF2,0.11838889099198686,True,2.5,6.5,2.9262406196034316,10,sub-HUP094,01,False
RAF4-RAF5,0.10790889987945096,True,3.0,5.5,2.7912607286895215,11,sub-HUP094,01,False
RAT2-RAT3,0.06457822932720718,True,9.5,13.5,2.635573354767114,12,sub-HUP094,01,False
RAF2-RAF3,0.05498993527568633,True,9.5,15.25,2.2442549091680846,13,sub-HUP094,01,False
RMT1-RMT2,0.05348002631451909,True,9.75,17.0,2.2133736496287058,14,sub-HUP094,01,False
LDA4-LDA5,0.050815022295909354,True,17.0,18.5,2.9501501541003927,15,sub-HUP094,01,False
RAF3-RAF4,0.043785306974149944,True,16.75,18.25,2.516859807714191,16,sub-HUP094,01,False
LAF2-LAF3,0.040819991622391284,True,16.5,22.5,2.3229439584155154,17,sub-HUP094,01,False
LPT3-LPT4,0.04007243781558818,True,11.0,11.5,1.7736467009341186,18,sub-HUP094,01,False
RDH2-RDH3,0.03883621492430073,True,24.0,27.75,2.8797662180355195,19,sub-HUP094,01,False
RDH3-RDH4,0.037403402993090216,True,24.75,27.5,2.838021454804987,20,sub-HUP094,01,False
RP4-RP5,0.036764012142187365,True,25.25,26.25,2.831772277963592,21,sub-HUP094,01,False
RP5-RP6,0.03326331587112194,True,25.5,29.0,2.5812492037481594,22,sub-HUP094,01,False
LAF3-LAF4,0.0,False,,,,23,sub-HUP094,01,False
LAF5-LAF6,0.0,False,,,,23,sub-HUP094,01,False
LAT2-LAT3,0.0,False,,,,23,sub-HUP094,01,False
LAT3-LAT4,0.0,False,,,,23,sub-HUP094,01,False
LDA5-LDA6,0.0,False,,,,23,sub-HUP094,01,False
LDH2-LDH3,0.0,False,,,,23,sub-HUP094,01,False
LDH3-LDH4,0.0,False,,,,23,sub-HUP094,01,False
LDH4-LDH5,0.0,False,,,,23,sub-HUP094,01,False
LMT1-LMT2,0.0,False,,,,23,sub-HUP094,01,False
LMT2-LMT3,0.0,False,,,,23,sub-HUP094,01,False
LMT3-LMT4,0.0,False,,,,23,sub-HUP094,01,False
LP3-LP4,0.0,False,,,,23,sub-HUP094,01,False
LP4-LP5,0.0,False,,,,23,sub-HUP094,01,False
LP5-LP6,0.0,False,,,,23,sub-HUP094,01,False
LP6-LP7,0.0,False,,,,23,sub-HUP094,01,False
LP7-LP8,0.0,False,,,,23,sub-HUP094,01,False
LPF1-LPF2,0.0,False,,,,23,sub-HUP094,01,False
LPF2-LPF3,0.0,False,,,,23,sub-HUP094,01,False
LPF3-LPF4,0.0,False,,,,23,sub-HUP094,01,False
LPF4-LPF5,0.0,False,,,,23,sub-HUP094,01,False
LPF5-LPF6,0.0,False,,,,23,sub-HUP094,01,False
LPF6-LPF7,0.0,False,,,,23,sub-HUP094,01,False
LPF7-LPF8,0.0,False,,,,23,sub-HUP094,01,False
LPT1-LPT2,0.0,False,,,,23,sub-HUP094,01,False
LPT2-LPT3,0.0,False,,,,23,sub-HUP094,01,False
RAF5-RAF6,0.0,False,,,,23,sub-HUP094,01,False
RAT1-RAT2,0.0,False,,,,23,sub-HUP094,01,False
RDA3-RDA4,0.0,False,,,,23,sub-HUP094,01,True
RDH1-RDH2,0.0,False,,,,23,sub-HUP094,01,False
RDH4-RDH5,0.0,False,,,,23,sub-HUP094,01,False
RDH5-RDH6,0.0,False,,,,23,sub-HUP094,01,False
RMT2-RMT3,0.0,False,,,,23,sub-HUP094,01,False
RMT3-RMT4,0.0,False,,,,23,sub-HUP094,01,False
RP1-RP2,0.0,False,,,,23,sub-HUP094,01,False
RP2-RP3,0.0,False,,,,23,sub-HUP094,01,False
RP3-RP4,0.0,False,,,,23,sub-HUP094,01,False
RPF1-RPF2,0.0,False,,,,23,sub-HUP094,01,False
RPF2-RPF3,0.0,False,,,,23,sub-HUP094,01,False
RPF3-RPF4,0.0,False,,,,23,sub-HUP094,01,False
RPF4-RPF5,0.0,False,,,,23,sub-HUP094,01,False
RPF6-RPF7,0.0,False,,,,23,sub-HUP094,01,False
RPF7-RPF8,0.0,False,,,,23,sub-HUP094,01,False
RPT1-RPT2,0.0,False,,,,23,sub-HUP094,01,False
RPT2-RPT3,0.0,False,,,,23,sub-HUP094,01,False
RPT3-RPT4,0.0,False,,,,23,sub-HUP094,01,False
RDA3-RDA4,1.0,True,-2.25,-0.5,2.657211313535818,1,sub-HUP094,02,True
RDA1-RDA2,0.998624246400743,True,-2.0,-1.0,3.316944556884043,2,sub-HUP094,02,True
RPF5-RPF6,0.6570138283088856,True,-1.75,1.0,2.6187368665977755,3,sub-HUP094,02,False
LAF1-LAF2,0.6310434792380363,True,-0.25,1.5,5.030447617092945,4,sub-HUP094,02,False
RDA2-RDA3,0.40949635487339353,True,-1.25,-0.5,2.176236694042519,5,sub-HUP094,02,True
LAF2-LAF3,0.397963663089239,True,-0.25,2.0,3.1724206438106473,6,sub-HUP094,02,False
RDH5-RDH6,0.38462233730899903,True,-0.5,3.25,2.81056277187417,7,sub-HUP094,02,False
RAT2-RAT3,0.38093230227505764,True,-0.25,0.5,3.036652869889587,8,sub-HUP094,02,False
RAF5-RAF6,0.31681248496596437,True,0.25,4.0,2.9464320176233483,9,sub-HUP094,02,False
LAF3-LAF4,0.2738747055397661,True,0.0,1.75,2.365164639667561,10,sub-HUP094,02,False
RDH3-RDH4,0.13987133799543347,True,4.25,5.0,2.7875077632064356,11,sub-HUP094,02,False
RPT3-RPT4,0.05366035113554055,True,17.5,20.0,2.958678011607506,12,sub-HUP094,02,False
LPT3-LPT4,0.05307304124408297,True,17.0,18.0,2.85578228415999,13,sub-HUP094,02,False
RDH1-RDH2,0.04998860689164264,True,11.0,17.75,1.892831657870235,14,sub-HUP094,02,False
RDH2-RDH3,0.04824221717958329,True,22.25,23.75,3.2688390146308386,15,sub-HUP094,02,False
RDH4-RDH5,0.045059712548806974,True,11.75,12.5,1.7959976695404265,16,sub-HUP094,02,False
RMT2-RMT3,0.0397409819020392,True,17.0,18.5,2.1384037811026952,17,sub-HUP094,02,False
LDH4-LDH5,0.03303962926992189,True,19.0,19.75,1.9534004063762098,18,sub-HUP094,02,False
LDA5-LDA6,0.029744569759366308,True,22.25,22.75,2.0154589856615095,19,sub-HUP094,02,False
LAF4-LAF5,0.0,False,,,,20,sub-HUP094,02,False
LAF5-LAF6,0.0,False,,,,20,sub-HUP094,02,False
LAT1-LAT2,0.0,False,,,,20,sub-HUP094,02,False
LAT2-LAT3,0.0,False,,,,20,sub-HUP094,02,False
LAT3-LAT4,0.0,False,,,,20,sub-HUP094,02,False
LDA4-LDA5,0.0,False,,,,20,sub-HUP094,02,False
LDH1-LDH2,0.0,False,,,,20,sub-HUP094,02,False
LDH2-LDH3,0.0,False,,,,20,sub-HUP094,02,False
LDH3-LDH4,0.0,False,,,,20,sub-HUP094,02,False
LDH5-LDH6,0.0,False,,,,20,sub-HUP094,02,False
LMT1-LMT2,0.0,False,,,,20,sub-HUP094,02,False
LMT2-LMT3,0.0,False,,,,20,sub-HUP094,02,False
LMT3-LMT4,0.0,False,,,,20,sub-HUP094,02,False
LP3-LP4,0.0,False,,,,20,sub-HUP094,02,False
LP4-LP5,0.0,False,,,,20,sub-HUP094,02,False
LP5-LP6,0.0,False,,,,20,sub-HUP094,02,False
LP6-LP7,0.0,False,,,,20,sub-HUP094,02,False
LP7-LP8,0.0,False,,,,20,sub-HUP094,02,False
LPF1-LPF2,0.0,False,,,,20,sub-HUP094,02,False
LPF2-LPF3,0.0,False,,,,20,sub-HUP094,02,False
LPF3-LPF4,0.0,False,,,,20,sub-HUP094,02,False
LPF4-LPF5,0.0,False,,,,20,sub-HUP094,02,False
LPF5-LPF6,0.0,False,,,,20,sub-HUP094,02,False
LPF6-LPF7,0.0,False,,,,20,sub-HUP094,02,False
LPF7-LPF8,0.0,False,,,,20,sub-HUP094,02,False
LPT1-LPT2,0.0,False,,,,20,sub-HUP094,02,False
LPT2-LPT3,0.0,False,,,,20,sub-HUP094,02,False
RAF1-RAF2,0.0,False,,,,20,sub-HUP094,02,False
RAF2-RAF3,0.0,False,,,,20,sub-HUP094,02,False
RAF3-RAF4,0.0,False,,,,20,sub-HUP094,02,False
RAF4-RAF5,0.0,False,,,,20,sub-HUP094,02,False
RAT1-RAT2,0.0,False,,,,20,sub-HUP094,02,False
RAT3-RAT4,0.0,False,,,,20,sub-HUP094,02,False
RMT1-RMT2,0.0,False,,,,20,sub-HUP094,02,False
RMT3-RMT4,0.0,False,,,,20,sub-HUP094,02,False
RP1-RP2,0.0,False,,,,20,sub-HUP094,02,False
RP2-RP3,0.0,False,,,,20,sub-HUP094,02,False
RP3-RP4,0.0,False,,,,20,sub-HUP094,02,False
RP4-RP5,0.0,False,,,,20,sub-HUP094,02,False
RP5-RP6,0.0,False,,,,20,sub-HUP094,02,False
RPF1-RPF2,0.0,False,,,,20,sub-HUP094,02,False
RPF2-RPF3,0.0,False,,,,20,sub-HUP094,02,False
RPF3-RPF4,0.0,False,,,,20,sub-HUP094,02,False
RPF4-RPF5,0.0,False,,,,20,sub-HUP094,02,False
RPF6-RPF7,0.0,False,,,,20,sub-HUP094,02,False
RPF7-RPF8,0.0,False,,,,20,sub-HUP094,02,False
RPT1-RPT2,0.0,False,,,,20,sub-HUP094,02,False
RPT2-RPT3,0.0,False,,,,20,sub-HUP094,02,False
LPF2-LPF3,1.0,True,-7.5,-5.5,2.8879810704849915,1,sub-HUP094,03,False
LPF1-LPF2,0.742488584451359,True,-6.5,-6.0,4.288585953893444,2,sub-HUP094,03,False
RDH3-RDH4,0.29150811307675456,True,-5.5,-5.0,2.5256097373753965,3,sub-HUP094,03,False
RAT3-RAT4,0.22482337251735207,True,-3.25,-0.75,3.4087496311717196,4,sub-HUP094,03,False
RAT1-RAT2,0.16924377610954444,True,-3.25,1.5,2.5660573139342633,5,sub-HUP094,03,False
RP5-RP6,0.13805752371697047,True,7.0,8.0,6.179966484555974,6,sub-HUP094,03,False
RP3-RP4,0.12607003907965006,True,5.25,8.25,5.006208438238322,7,sub-HUP094,03,False
RDH5-RDH6,0.1125025957381143,True,4.5,5.0,4.223769769337294,8,sub-HUP094,03,False
RDA1-RDA2,0.10373308742623141,True,0.75,5.5,2.7711075340467692,9,sub-HUP094,03,True
RP4-RP5,0.05752899545658947,True,7.75,8.25,2.6998180605930213,10,sub-HUP094,03,False
RAF4-RAF5,0.056474928416511604,True,8.0,8.5,2.6911256496940275,11,sub-HUP094,03,False
LPF7-LPF8,0.055033397301255026,True,8.25,13.0,2.662168111645948,12,sub-HUP094,03,False
RAF5-RAF6,0.05444820065775988,True,8.0,8.75,2.594548651556054,13,sub-HUP094,03,False
RMT2-RMT3,0.052521196673865,True,8.0,9.0,2.5027236595901337,14,sub-HUP094,03,False
RMT1-RMT2,0.051322046350340204,True,7.75,9.25,2.4085278483229575,15,sub-HUP094,03,False
RAF1-RAF2,0.050263840292121095,True,24.5,25.25,4.790313636686376,16,sub-HUP094,03,False
LAF1-LAF2,0.04776938563561611,True,24.75,25.0,4.587072958689871,17,sub-HUP094,03,False
RMT3-RMT4,0.044023120630400765,True,8.25,9.25,2.1295604789916016,18,sub-HUP094,03,False
LDA5-LDA6,0.03751862156711925,True,9.25,9.75,1.9232669725584135,19,sub-HUP094,03,False
RAT2-RAT3,0.03548859521233519,True,8.25,9.0,1.7167140524547495,20,sub-HUP094,03,False
RPF2-RPF3,0.028512685685767113,True,18.25,18.75,2.202704582155667,21,sub-HUP094,03,False
RDH1-RDH2,0.027835728112949397,True,25.5,26.25,2.733227899694403,22,sub-HUP094,03,False
RAF2-RAF3,0.026591385489426543,True,24.75,27.0,2.553447646220152,23,sub-HUP094,03,False
LAF5-LAF6,0.026082648726115664,True,14.25,21.0,1.7136709542027422,24,sub-HUP094,03,False
RAF3-RAF4,0.02520038479668155,True,24.75,26.25,2.419876289203324,25,sub-HUP094,03,False
LAF2-LAF3,0.0,False,,,,26,sub-HUP094,03,False
LAF3-LAF4,0.0,False,,,,26,sub-HUP094,03,False
LAF4-LAF5,0.0,False,,,,26,sub-HUP094,03,False
LAT1-LAT2,0.0,False,,,,26,sub-HUP094,03,False
LAT2-LAT3,0.0,False,,,,26,sub-HUP094,03,False
LAT3-LAT4,0.0,False,,,,26,sub-HUP094,03,False
LDA4-LDA5,0.0,False,,,,26,sub-HUP094,03,False
LDH1-LDH2,0.0,False,,,,26,sub-HUP094,03,False
LDH2-LDH3,0.0,False,,,,26,sub-HUP094,03,False
LDH3-LDH4,0.0,False,,,,26,sub-HUP094,03,False
LDH4-LDH5,0.0,False,,,,26,sub-HUP094,03,False
LDH5-LDH6,0.0,False,,,,26,sub-HUP094,03,False
LMT1-LMT2,0.0,False,,,,26,sub-HUP094,03,False
LMT2-LMT3,0.0,False,,,,26,sub-HUP094,03,False
LMT3-LMT4,0.0,False,,,,26,sub-HUP094,03,False
LP3-LP4,0.0,False,,,,26,sub-HUP094,03,False
LP4-LP5,0.0,False,,,,26,sub-HUP094,03,False
LP5-LP6,0.0,False,,,,26,sub-HUP094,03,False
LP6-LP7,0.0,False,,,,26,sub-HUP094,03,False
LP7-LP8,0.0,False,,,,26,sub-HUP094,03,False
LPF3-LPF4,0.0,False,,,,26,sub-HUP094,03,False
LPF4-LPF5,0.0,False,,,,26,sub-HUP094,03,False
LPF5-LPF6,0.0,False,,,,26,sub-HUP094,03,False
LPF6-LPF7,0.0,False,,,,26,sub-HUP094,03,False
LPT1-LPT2,0.0,False,,,,26,sub-HUP094,03,False
LPT2-LPT3,0.0,False,,,,26,sub-HUP094,03,False
LPT3-LPT4,0.0,False,,,,26,sub-HUP094,03,False
RDA2-RDA3,0.0,False,,,,26,sub-HUP094,03,True
RDA3-RDA4,0.0,False,,,,26,sub-HUP094,03,True
RDH2-RDH3,0.0,False,,,,26,sub-HUP094,03,False
RDH4-RDH5,0.0,False,,,,26,sub-HUP094,03,False
RP1-RP2,0.0,False,,,,26,sub-HUP094,03,False
RP2-RP3,0.0,False,,,,26,sub-HUP094,03,False
RPF1-RPF2,0.0,False,,,,26,sub-HUP094,03,False
RPF3-RPF4,0.0,False,,,,26,sub-HUP094,03,False
RPF4-RPF5,0.0,False,,,,26,sub-HUP094,03,False
RPF5-RPF6,0.0,False,,,,26,sub-HUP094,03,False
RPF6-RPF7,0.0,False,,,,26,sub-HUP094,03,False
RPF7-RPF8,0.0,False,,,,26,sub-HUP094,03,False
RPT1-RPT2,0.0,False,,,,26,sub-HUP094,03,False
RPT2-RPT3,0.0,False,,,,26,sub-HUP094,03,False
RPT3-RPT4,0.0,False,,,,26,sub-HUP094,03,False
LG39-LG40,1.0,True,0.5,2.5,4.3402772536115695,1,sub-HUP097,01,False
LG55-LG56,0.424680725571263,True,1.0,4.25,2.764848139866315,2,sub-HUP097,01,False
LG56-LG57,0.38665655488498746,True,1.0,4.0,2.517294975190686,3,sub-HUP097,01,False
LG54-LG55,0.334742740690777,True,1.25,4.0,2.5425335306556063,4,sub-HUP097,01,False
DH1-DH2,0.29071426133478223,True,1.25,2.75,2.208115867600728,5,sub-HUP097,01,True
LG48-LG49,0.1033920720542318,True,5.5,8.5,2.692501551244504,6,sub-HUP097,01,False
LG47-LG48,0.07364804182731995,True,12.0,12.75,3.9956615089518777,7,sub-HUP097,01,True
LG62-LG63,0.055306149746249325,True,15.5,18.5,3.840704379655699,8,sub-HUP097,01,False
AT2-AT3,0.04196023653357258,True,15.0,16.75,2.822845432833806,9,sub-HUP097,01,True
LG45-LG46,0.037477864036754766,True,15.0,18.0,2.5212969722864433,10,sub-HUP097,01,True
LG40-LG41,0.03686884768880893,True,25.0,26.0,4.080536035260475,11,sub-HUP097,01,False
LG53-LG54,0.024524883270262286,True,23.75,24.25,2.5812862303809085,12,sub-HUP097,01,False
AT3-AT4,0.017751660380871035,True,26.25,27.5,2.0610106677119377,13,sub-HUP097,01,True
AT1-AT2,0.0,False,,,,14,sub-HUP097,01,True
DA1-DA2,0.0,False,,,,14,sub-HUP097,01,False
DA2-DA3,0.0,False,,,,14,sub-HUP097,01,False
DA3-DA4,0.0,False,,,,14,sub-HUP097,01,False
DH2-DH3,0.0,False,,,,14,sub-HUP097,01,True
DH3-DH4,0.0,False,,,,14,sub-HUP097,01,False
IF1-IF2,0.0,False,,,,14,sub-HUP097,01,False
IF2-IF3,0.0,False,,,,14,sub-HUP097,01,False
IF3-IF4,0.0,False,,,,14,sub-HUP097,01,False
IF4-IF5,0.0,False,,,,14,sub-HUP097,01,False
IF5-IF6,0.0,False,,,,14,sub-HUP097,01,False
LG1-LG2,0.0,False,,,,14,sub-HUP097,01,False
LG10-LG11,0.0,False,,,,14,sub-HUP097,01,False
LG11-LG12,0.0,False,,,,14,sub-HUP097,01,False
LG14-LG15,0.0,False,,,,14,sub-HUP097,01,False
LG17-LG18,0.0,False,,,,14,sub-HUP097,01,False
LG18-LG19,0.0,False,,,,14,sub-HUP097,01,False
LG19-LG20,0.0,False,,,,14,sub-HUP097,01,False
LG2-LG3,0.0,False,,,,14,sub-HUP097,01,False
LG22-LG23,0.0,False,,,,14,sub-HUP097,01,False
LG23-LG24,0.0,False,,,,14,sub-HUP097,01,False
LG24-LG25,0.0,False,,,,14,sub-HUP097,01,False
LG25-LG26,0.0,False,,,,14,sub-HUP097,01,False
LG26-LG27,0.0,False,,,,14,sub-HUP097,01,False
LG27-LG28,0.0,False,,,,14,sub-HUP097,01,False
LG28-LG29,0.0,False,,,,14,sub-HUP097,01,False
LG29-LG30,0.0,False,,,,14,sub-HUP097,01,False
LG3-LG4,0.0,False,,,,14,sub-HUP097,01,False
LG30-LG31,0.0,False,,,,14,sub-HUP097,01,False
LG31-LG32,0.0,False,,,,14,sub-HUP097,01,False
LG32-LG33,0.0,False,,,,14,sub-HUP097,01,False
LG33-LG34,0.0,False,,,,14,sub-HUP097,01,False
LG34-LG35,0.0,False,,,,14,sub-HUP097,01,False
LG35-LG36,0.0,False,,,,14,sub-HUP097,01,False
LG36-LG37,0.0,False,,,,14,sub-HUP097,01,False
LG37-LG38,0.0,False,,,,14,sub-HUP097,01,False
LG38-LG39,0.0,False,,,,14,sub-HUP097,01,False
LG4-LG5,0.0,False,,,,14,sub-HUP097,01,False
LG41-LG42,0.0,False,,,,14,sub-HUP097,01,False
LG42-LG43,0.0,False,,,,14,sub-HUP097,01,False
LG43-LG44,0.0,False,,,,14,sub-HUP097,01,False
LG44-LG45,0.0,False,,,,14,sub-HUP097,01,True
LG46-LG47,0.0,False,,,,14,sub-HUP097,01,True
LG49-LG50,0.0,False,,,,14,sub-HUP097,01,False
LG5-LG6,0.0,False,,,,14,sub-HUP097,01,False
LG50-LG51,0.0,False,,,,14,sub-HUP097,01,False
LG59-LG60,0.0,False,,,,14,sub-HUP097,01,False
LG6-LG7,0.0,False,,,,14,sub-HUP097,01,False
LG9-LG10,0.0,False,,,,14,sub-HUP097,01,False
MF1-MF2,0.0,False,,,,14,sub-HUP097,01,False
MF2-MF3,0.0,False,,,,14,sub-HUP097,01,False
MF3-MF4,0.0,False,,,,14,sub-HUP097,01,False
MF4-MF5,0.0,False,,,,14,sub-HUP097,01,False
MF5-MF6,0.0,False,,,,14,sub-HUP097,01,False
MT1-MT2,0.0,False,,,,14,sub-HUP097,01,False
MT2-MT3,0.0,False,,,,14,sub-HUP097,01,False
MT3-MT4,0.0,False,,,,14,sub-HUP097,01,False
PT1-PT2,0.0,False,,,,14,sub-HUP097,01,False
PT2-PT3,0.0,False,,,,14,sub-HUP097,01,False
PT3-PT4,0.0,False,,,,14,sub-HUP097,01,False
SF1-SF2,0.0,False,,,,14,sub-HUP097,01,False
SF2-SF3,0.0,False,,,,14,sub-HUP097,01,False
SF3-SF4,0.0,False,,,,14,sub-HUP097,01,False
LG10-LG11,1.0,True,-9.5,-8.25,2.7425373779523188,1,sub-HUP097,02,False
LG5-LG6,0.7757737769598538,True,-9.0,-8.0,3.1913828702214664,2,sub-HUP097,02,False
LG45-LG46,0.2316910087878107,True,-4.25,-0.5,3.971382823350313,3,sub-HUP097,02,True
LG39-LG40,0.14958396741413693,True,-3.75,0.0,2.7691174469857875,4,sub-HUP097,02,False
LG22-LG23,0.11320864236917454,True,-0.25,0.75,3.1824090653481516,5,sub-HUP097,02,False
LG11-LG12,0.1120226882050008,True,-0.5,1.25,3.0722640958091305,6,sub-HUP097,02,False
LG6-LG7,0.10756250662201856,True,-0.25,1.0,3.0236904974905796,7,sub-HUP097,02,False
LG2-LG3,0.10491982493182017,True,0.0,2.0,3.021338686419169,8,sub-HUP097,02,False
DH2-DH3,0.0975080498029657,True,-2.75,11.5,2.07250090207799,9,sub-HUP097,02,True
SF2-SF3,0.09341433875818118,True,1.0,3.5,2.9462116303316366,10,sub-HUP097,02,False
LG1-LG2,0.09321214747562814,True,-0.5,4.5,2.5563779853111406,11,sub-HUP097,02,False
PT2-PT3,0.08783547374103,True,7.0,8.25,4.215611222286173,12,sub-HUP097,02,False
PT3-PT4,0.08716770998132639,True,-0.75,11.5,2.3308418520493768,13,sub-HUP097,02,False
LG46-LG47,0.08189929729515251,True,-1.25,-0.25,2.077659927554861,14,sub-HUP097,02,True
MF5-MF6,0.07223104222416568,True,-0.5,6.25,1.9809633314822659,15,sub-HUP097,02,False
LG24-LG25,0.07130202609030352,True,4.75,8.5,2.9821141930649295,16,sub-HUP097,02,False
LG31-LG32,0.06278630605456985,True,6.25,11.0,2.884246002235048,17,sub-HUP097,02,False
DA3-DA4,0.05872625252988071,True,6.0,11.75,2.6574725533993684,18,sub-HUP097,02,False
LG3-LG4,0.05398019157633669,True,5.5,6.5,2.3686830890740844,19,sub-HUP097,02,False
MT2-MT3,0.05306244911179893,True,6.5,12.5,2.4739377509316234,20,sub-HUP097,02,False
IF4-IF5,0.05004269311492425,True,9.5,15.5,2.7448791272215383,21,sub-HUP097,02,False
LG27-LG28,0.04923061816665765,True,5.0,11.5,2.0927605621572343,22,sub-HUP097,02,False
DA2-DA3,0.046938645449978035,True,6.25,15.25,2.1562440760850228,23,sub-HUP097,02,False
DH1-DH2,0.041616954709319816,True,7.5,15.75,2.0544489692434507,24,sub-HUP097,02,True
PT1-PT2,0.038057858642814156,True,19.0,22.5,3.0790654456559343,25,sub-HUP097,02,False
LG47-LG48,0.03769612134852016,True,16.75,18.5,2.8171873441083943,26,sub-HUP097,02,True
LG29-LG30,0.036325150996348546,True,14.5,16.75,2.490577109181195,27,sub-HUP097,02,False
LG62-LG63,0.03415499366572785,True,12.25,26.25,2.1310231390626204,28,sub-HUP097,02,False
LG56-LG57,0.03290172362824868,True,16.0,18.75,2.3912064815125182,29,sub-HUP097,02,False
LG54-LG55,0.03239477181132064,True,16.75,20.75,2.4209955267908363,30,sub-HUP097,02,False
MF3-MF4,0.03221633044201541,True,21.75,26.75,2.849432315970516,31,sub-HUP097,02,False
LG53-LG54,0.028775037499678715,True,17.0,23.25,2.170206937108334,32,sub-HUP097,02,False
AT1-AT2,0.0,False,,,,33,sub-HUP097,02,True
AT2-AT3,0.0,False,,,,33,sub-HUP097,02,True
AT3-AT4,0.0,False,,,,33,sub-HUP097,02,True
DA1-DA2,0.0,False,,,,33,sub-HUP097,02,False
DH3-DH4,0.0,False,,,,33,sub-HUP097,02,False
IF1-IF2,0.0,False,,,,33,sub-HUP097,02,False
IF2-IF3,0.0,False,,,,33,sub-HUP097,02,False
IF3-IF4,0.0,False,,,,33,sub-HUP097,02,False
IF5-IF6,0.0,False,,,,33,sub-HUP097,02,False
LG14-LG15,0.0,False,,,,33,sub-HUP097,02,False
LG17-LG18,0.0,False,,,,33,sub-HUP097,02,False
LG18-LG19,0.0,False,,,,33,sub-HUP097,02,False
LG19-LG20,0.0,False,,,,33,sub-HUP097,02,False
LG23-LG24,0.0,False,,,,33,sub-HUP097,02,False
LG25-LG26,0.0,False,,,,33,sub-HUP097,02,False
LG26-LG27,0.0,False,,,,33,sub-HUP097,02,False
LG28-LG29,0.0,False,,,,33,sub-HUP097,02,False
LG30-LG31,0.0,False,,,,33,sub-HUP097,02,False
LG32-LG33,0.0,False,,,,33,sub-HUP097,02,False
LG33-LG34,0.0,False,,,,33,sub-HUP097,02,False
LG34-LG35,0.0,False,,,,33,sub-HUP097,02,False
LG35-LG36,0.0,False,,,,33,sub-HUP097,02,False
LG36-LG37,0.0,False,,,,33,sub-HUP097,02,False
LG37-LG38,0.0,False,,,,33,sub-HUP097,02,False
LG38-LG39,0.0,False,,,,33,sub-HUP097,02,False
LG4-LG5,0.0,False,,,,33,sub-HUP097,02,False
LG40-LG41,0.0,False,,,,33,sub-HUP097,02,False
LG41-LG42,0.0,False,,,,33,sub-HUP097,02,False
LG42-LG43,0.0,False,,,,33,sub-HUP097,02,False
LG43-LG44,0.0,False,,,,33,sub-HUP097,02,False
LG44-LG45,0.0,False,,,,33,sub-HUP097,02,True
LG48-LG49,0.0,False,,,,33,sub-HUP097,02,False
LG49-LG50,0.0,False,,,,33,sub-HUP097,02,False
LG50-LG51,0.0,False,,,,33,sub-HUP097,02,False
LG55-LG56,0.0,False,,,,33,sub-HUP097,02,False
LG59-LG60,0.0,False,,,,33,sub-HUP097,02,False
LG9-LG10,0.0,False,,,,33,sub-HUP097,02,False
MF1-MF2,0.0,False,,,,33,sub-HUP097,02,False
MF2-MF3,0.0,False,,,,33,sub-HUP097,02,False
MF4-MF5,0.0,False,,,,33,sub-HUP097,02,False
MT1-MT2,0.0,False,,,,33,sub-HUP097,02,False
MT3-MT4,0.0,False,,,,33,sub-HUP097,02,False
SF1-SF2,0.0,False,,,,33,sub-HUP097,02,False
SF3-SF4,0.0,False,,,,33,sub-HUP097,02,False
DA3-DA4,1.0,True,-3.5,-1.0,2.2696459468039683,1,sub-HUP097,03,False
LG59-LG60,0.5448396146999004,True,-0.75,0.5,4.637223836856991,2,sub-HUP097,03,False
LG25-LG26,0.21945515275266322,True,0.25,2.0,2.365906115264057,3,sub-HUP097,03,False
LG44-LG45,0.21831678984534622,True,0.75,5.0,2.6013845402566544,4,sub-HUP097,03,True
DH2-DH3,0.10782627854822609,True,5.0,8.25,2.3249110226264014,5,sub-HUP097,03,True
LG10-LG11,0.10471619540062829,True,11.25,13.5,3.7432818431783517,6,sub-HUP097,03,False
LG4-LG5,0.0685147183316928,True,13.25,14.5,2.760198711453472,7,sub-HUP097,03,False
LG22-LG23,0.05675472283539633,True,13.0,14.5,2.2542297162934477,8,sub-HUP097,03,False
LG11-LG12,0.05674694732379374,True,13.25,13.75,2.2861197520183048,9,sub-HUP097,03,False
LG5-LG6,0.05357738134264116,True,11.0,17.0,1.8848261392727885,10,sub-HUP097,03,False
LG48-LG49,0.0462919682850466,True,22.5,23.25,2.836792211068814,11,sub-HUP097,03,False
AT2-AT3,0.04523691249013896,True,16.75,18.25,2.181775220432356,12,sub-HUP097,03,True
LG42-LG43,0.03837049972591868,True,9.75,17.5,1.240996150811781,13,sub-HUP097,03,False
AT1-AT2,0.0,False,,,,14,sub-HUP097,03,True
AT3-AT4,0.0,False,,,,14,sub-HUP097,03,True
DA1-DA2,0.0,False,,,,14,sub-HUP097,03,False
DA2-DA3,0.0,False,,,,14,sub-HUP097,03,False
DH1-DH2,0.0,False,,,,14,sub-HUP097,03,True
DH3-DH4,0.0,False,,,,14,sub-HUP097,03,False
IF1-IF2,0.0,False,,,,14,sub-HUP097,03,False
IF2-IF3,0.0,False,,,,14,sub-HUP097,03,False
IF3-IF4,0.0,False,,,,14,sub-HUP097,03,False
IF4-IF5,0.0,False,,,,14,sub-HUP097,03,False
IF5-IF6,0.0,False,,,,14,sub-HUP097,03,False
LG1-LG2,0.0,False,,,,14,sub-HUP097,03,False
LG14-LG15,0.0,False,,,,14,sub-HUP097,03,False
LG17-LG18,0.0,False,,,,14,sub-HUP097,03,False
LG18-LG19,0.0,False,,,,14,sub-HUP097,03,False
LG19-LG20,0.0,False,,,,14,sub-HUP097,03,False
LG2-LG3,0.0,False,,,,14,sub-HUP097,03,False
LG23-LG24,0.0,False,,,,14,sub-HUP097,03,False
LG24-LG25,0.0,False,,,,14,sub-HUP097,03,False
LG26-LG27,0.0,False,,,,14,sub-HUP097,03,False
LG27-LG28,0.0,False,,,,14,sub-HUP097,03,False
LG28-LG29,0.0,False,,,,14,sub-HUP097,03,False
LG29-LG30,0.0,False,,,,14,sub-HUP097,03,False
LG3-LG4,0.0,False,,,,14,sub-HUP097,03,False
LG30-LG31,0.0,False,,,,14,sub-HUP097,03,False
LG31-LG32,0.0,False,,,,14,sub-HUP097,03,False
LG32-LG33,0.0,False,,,,14,sub-HUP097,03,False
LG33-LG34,0.0,False,,,,14,sub-HUP097,03,False
LG34-LG35,0.0,False,,,,14,sub-HUP097,03,False
LG35-LG36,0.0,False,,,,14,sub-HUP097,03,False
LG36-LG37,0.0,False,,,,14,sub-HUP097,03,False
LG37-LG38,0.0,False,,,,14,sub-HUP097,03,False
LG38-LG39,0.0,False,,,,14,sub-HUP097,03,False
LG39-LG40,0.0,False,,,,14,sub-HUP097,03,False
LG40-LG41,0.0,False,,,,14,sub-HUP097,03,False
LG41-LG42,0.0,False,,,,14,sub-HUP097,03,False
LG43-LG44,0.0,False,,,,14,sub-HUP097,03,False
LG45-LG46,0.0,False,,,,14,sub-HUP097,03,True
LG46-LG47,0.0,False,,,,14,sub-HUP097,03,True
LG47-LG48,0.0,False,,,,14,sub-HUP097,03,True
LG49-LG50,0.0,False,,,,14,sub-HUP097,03,False
LG50-LG51,0.0,False,,,,14,sub-HUP097,03,False
LG53-LG54,0.0,False,,,,14,sub-HUP097,03,False
LG54-LG55,0.0,False,,,,14,sub-HUP097,03,False
LG55-LG56,0.0,False,,,,14,sub-HUP097,03,False
LG56-LG57,0.0,False,,,,14,sub-HUP097,03,False
LG6-LG7,0.0,False,,,,14,sub-HUP097,03,False
LG62-LG63,0.0,False,,,,14,sub-HUP097,03,False
LG9-LG10,0.0,False,,,,14,sub-HUP097,03,False
MF1-MF2,0.0,False,,,,14,sub-HUP097,03,False
MF2-MF3,0.0,False,,,,14,sub-HUP097,03,False
MF3-MF4,0.0,False,,,,14,sub-HUP097,03,False
MF4-MF5,0.0,False,,,,14,sub-HUP097,03,False
MF5-MF6,0.0,False,,,,14,sub-HUP097,03,False
MT1-MT2,0.0,False,,,,14,sub-HUP097,03,False
MT2-MT3,0.0,False,,,,14,sub-HUP097,03,False
MT3-MT4,0.0,False,,,,14,sub-HUP097,03,False
PT1-PT2,0.0,False,,,,14,sub-HUP097,03,False
PT2-PT3,0.0,False,,,,14,sub-HUP097,03,False
PT3-PT4,0.0,False,,,,14,sub-HUP097,03,False
SF1-SF2,0.0,False,,,,14,sub-HUP097,03,False
SF2-SF3,0.0,False,,,,14,sub-HUP097,03,False
SF3-SF4,0.0,False,,,,14,sub-HUP097,03,False
RH1-RH2,1.0,True,-2.25,-1.75,3.5785561378133486,1,sub-HUP105,01,False
LH3-LH4,0.3992219409606949,True,-1.25,2.75,2.857276254349306,2,sub-HUP105,01,False
LF3-LF4,0.0372941720018758,True,17.25,18.5,2.7359154065005775,3,sub-HUP105,01,False
LF4-LF5,0.026255340167883452,True,21.0,22.25,2.2784380611727997,4,sub-HUP105,01,False
RA3-RA4,0.020084663699962917,True,26.0,28.75,2.102317324363013,5,sub-HUP105,01,True
LAT1-LAT2,0.0,False,,,,6,sub-HUP105,01,False
LAT2-LAT3,0.0,False,,,,6,sub-HUP105,01,False
LAT3-LAT4,0.0,False,,,,6,sub-HUP105,01,False
LF1-LF2,0.0,False,,,,6,sub-HUP105,01,False
LF2-LF3,0.0,False,,,,6,sub-HUP105,01,False
LF5-LF6,0.0,False,,,,6,sub-HUP105,01,False
LH1-LH2,0.0,False,,,,6,sub-HUP105,01,False
LH2-LH3,0.0,False,,,,6,sub-HUP105,01,False
LMT1-LMT2,0.0,False,,,,6,sub-HUP105,01,False
LMT2-LMT3,0.0,False,,,,6,sub-HUP105,01,False
LMT3-LMT4,0.0,False,,,,6,sub-HUP105,01,False
LP3-LP4,0.0,False,,,,6,sub-HUP105,01,False
LP4-LP5,0.0,False,,,,6,sub-HUP105,01,False
LP5-LP6,0.0,False,,,,6,sub-HUP105,01,False
LPT1-LPT2,0.0,False,,,,6,sub-HUP105,01,False
LPT2-LPT3,0.0,False,,,,6,sub-HUP105,01,False
LPT3-LPT4,0.0,False,,,,6,sub-HUP105,01,False
RA1-RA2,0.0,False,,,,6,sub-HUP105,01,True
RA2-RA3,0.0,False,,,,6,sub-HUP105,01,True
RAT1-RAT2,0.0,False,,,,6,sub-HUP105,01,True
RAT2-RAT3,0.0,False,,,,6,sub-HUP105,01,True
RAT3-RAT4,0.0,False,,,,6,sub-HUP105,01,False
RDNET1-RDNET2,0.0,False,,,,6,sub-HUP105,01,True
RDNET2-RDNET3,0.0,False,,,,6,sub-HUP105,01,True
RDNET3-RDNET4,0.0,False,,,,6,sub-HUP105,01,True
RF1-RF2,0.0,False,,,,6,sub-HUP105,01,False
RF2-RF3,0.0,False,,,,6,sub-HUP105,01,False
RF3-RF4,0.0,False,,,,6,sub-HUP105,01,False
RH2-RH3,0.0,False,,,,6,sub-HUP105,01,False
RH3-RH4,0.0,False,,,,6,sub-HUP105,01,False
RMT1-RMT2,0.0,False,,,,6,sub-HUP105,01,False
RMT2-RMT3,0.0,False,,,,6,sub-HUP105,01,False
RMT3-RMT4,0.0,False,,,,6,sub-HUP105,01,False
RPT1-RPT2,0.0,False,,,,6,sub-HUP105,01,False
RPT2-RPT3,0.0,False,,,,6,sub-HUP105,01,False
RPT3-RPT4,0.0,False,,,,6,sub-HUP105,01,False
RH1-RH2,1.0,True,-0.75,2.75,2.783173649494633,1,sub-HUP105,02,False
RDNET2-RDNET3,0.2655237669270697,True,0.75,14.5,1.8474968785649373,2,sub-HUP105,02,True
LPT2-LPT3,0.22938084690500482,True,1.25,9.25,1.915220186414316,3,sub-HUP105,02,False
LPT3-LPT4,0.21787066631307053,True,3.0,7.5,2.8802665130317857,4,sub-HUP105,02,False
LAT2-LAT3,0.1880124205930837,True,5.25,7.5,3.662898503406609,5,sub-HUP105,02,False
LAT1-LAT2,0.17938402249889185,True,4.5,7.75,3.120355528495426,6,sub-HUP105,02,False
RDNET1-RDNET2,0.1432898672778319,True,4.75,8.75,2.592203788507093,7,sub-HUP105,02,True
LAT3-LAT4,0.14130833155568343,True,3.25,14.0,1.9664281241991453,8,sub-HUP105,02,False
LF1-LF2,0.12322489713082063,True,8.0,10.75,3.3438237948978213,9,sub-HUP105,02,False
LF3-LF4,0.11894679540863012,True,7.75,10.0,3.1449710733947214,10,sub-HUP105,02,False
LF5-LF6,0.11853539335901983,True,3.25,12.25,1.6495229166465255,11,sub-HUP105,02,False
RA2-RA3,0.044614997626357726,True,19.25,21.0,2.607597001084833,12,sub-HUP105,02,True
RMT1-RMT2,0.02783947204509883,True,26.25,27.5,2.1694983803293226,13,sub-HUP105,02,False
LF2-LF3,0.0,False,,,,14,sub-HUP105,02,False
LF4-LF5,0.0,False,,,,14,sub-HUP105,02,False
LH1-LH2,0.0,False,,,,14,sub-HUP105,02,False
LH2-LH3,0.0,False,,,,14,sub-HUP105,02,False
LH3-LH4,0.0,False,,,,14,sub-HUP105,02,False
LMT1-LMT2,0.0,False,,,,14,sub-HUP105,02,False
LMT2-LMT3,0.0,False,,,,14,sub-HUP105,02,False
LMT3-LMT4,0.0,False,,,,14,sub-HUP105,02,False
LP3-LP4,0.0,False,,,,14,sub-HUP105,02,False
LP4-LP5,0.0,False,,,,14,sub-HUP105,02,False
LP5-LP6,0.0,False,,,,14,sub-HUP105,02,False
LPT1-LPT2,0.0,False,,,,14,sub-HUP105,02,False
RA1-RA2,0.0,False,,,,14,sub-HUP105,02,True
RA3-RA4,0.0,False,,,,14,sub-HUP105,02,True
RAT1-RAT2,0.0,False,,,,14,sub-HUP105,02,True
RAT2-RAT3,0.0,False,,,,14,sub-HUP105,02,True
RAT3-RAT4,0.0,False,,,,14,sub-HUP105,02,False
RDNET3-RDNET4,0.0,False,,,,14,sub-HUP105,02,True
RF1-RF2,0.0,False,,,,14,sub-HUP105,02,False
RF2-RF3,0.0,False,,,,14,sub-HUP105,02,False
RF3-RF4,0.0,False,,,,14,sub-HUP105,02,False
RH2-RH3,0.0,False,,,,14,sub-HUP105,02,False
RH3-RH4,0.0,False,,,,14,sub-HUP105,02,False
RMT2-RMT3,0.0,False,,,,14,sub-HUP105,02,False
RMT3-RMT4,0.0,False,,,,14,sub-HUP105,02,False
RPT1-RPT2,0.0,False,,,,14,sub-HUP105,02,False
RPT2-RPT3,0.0,False,,,,14,sub-HUP105,02,False
RPT3-RPT4,0.0,False,,,,14,sub-HUP105,02,False
LH1-LH2,1.0,True,-6.0,-5.0,3.4407822159873556,1,sub-HUP106,01,True
LH2-LH3,0.8800329505976697,True,-6.0,-5.0,3.0280017258993412,2,sub-HUP106,01,True
LA3-LA4,0.5382093617250762,True,-5.5,-5.0,2.7777918004523214,3,sub-HUP106,01,True
LG56-LG57,0.23760460347834644,True,-4.25,-2.0,2.2482506587338102,4,sub-HUP106,01,False
LA1-LA2,0.11630680346702929,True,-1.5,6.25,2.2010250953223,5,sub-HUP106,01,True
LG36-LG37,0.06565000346180198,True,12.75,14.25,4.461275446719812,6,sub-HUP106,01,False
LFP3-LFP4,0.04372543803733922,True,8.0,8.5,2.2567456437770077,7,sub-HUP106,01,False
LG50-LG51,0.042733795420879836,True,15.5,16.75,3.3083478743806176,8,sub-HUP106,01,False
LG52-LG53,0.04209762298572836,True,8.0,9.0,2.17273128756952,9,sub-HUP106,01,False
LOF2-LOF3,0.039005144640805775,True,14.5,17.0,2.885476472260129,10,sub-HUP106,01,False
LG49-LG50,0.038093281884096296,True,14.75,16.5,2.850787439104772,11,sub-HUP106,01,False
LG54-LG55,0.03698155358720848,True,11.0,15.75,2.2904184942441055,12,sub-HUP106,01,False
LG32-LG33,0.03537951940048555,True,11.25,17.0,2.221631286231508,13,sub-HUP106,01,False
LG35-LG36,0.03479984545896392,True,15.75,20.25,2.724055183265584,14,sub-HUP106,01,False
LG29-LG30,0.03380708739168395,True,12.5,16.75,2.268295088896911,15,sub-HUP106,01,False
LG25-LG26,0.03361466008994645,True,16.5,19.5,2.7180270288977697,16,sub-HUP106,01,False
LG26-LG27,0.032559301622551,True,15.25,17.0,2.492655618229479,17,sub-HUP106,01,False
LG51-LG52,0.032090333019233405,True,13.75,24.75,2.29112882852207,18,sub-HUP106,01,False
LG22-LG23,0.03192999898060231,True,13.0,17.25,2.197283452979016,19,sub-HUP106,01,False
LG23-LG24,0.031920950340312435,True,15.0,17.0,2.416326841463976,20,sub-HUP106,01,False
LFP1-LFP2,0.03166550749997535,True,13.5,15.75,2.233559358855653,21,sub-HUP106,01,False
LG27-LG28,0.03052363250547084,True,15.5,20.25,2.3630663675735466,22,sub-HUP106,01,False
LFP6-LFP7,0.029533058877076853,True,20.0,22.25,2.743654241734746,23,sub-HUP106,01,False
LG28-LG29,0.02893967707454365,True,19.75,24.75,2.663634626238056,24,sub-HUP106,01,False
LG21-LG22,0.027363541407350752,True,13.75,20.5,1.9536537227975561,25,sub-HUP106,01,False
LOF3-LOF4,0.027125718373944972,True,17.75,27.75,2.310008812079545,26,sub-HUP106,01,False
LAT3-LAT4,0.026064119325307857,True,13.0,19.25,1.7936191649978324,27,sub-HUP106,01,False
LFP7-LFP8,0.025198602771795052,True,19.0,22.0,2.2542755114079744,28,sub-HUP106,01,False
LG4-LG5,0.024654829746044406,True,19.0,22.0,2.2056293929380266,29,sub-HUP106,01,False
LOF7-LOF8,0.024443212425884587,True,19.75,24.0,2.2497758639936443,30,sub-HUP106,01,False
RAT3-RAT4,0.02443965427153597,True,21.25,23.0,2.375585659852246,31,sub-HUP106,01,False
LA2-LA3,0.0,False,,,,32,sub-HUP106,01,True
LAT1-LAT2,0.0,False,,,,32,sub-HUP106,01,False
LAT2-LAT3,0.0,False,,,,32,sub-HUP106,01,False
LFP2-LFP3,0.0,False,,,,32,sub-HUP106,01,False
LFP4-LFP5,0.0,False,,,,32,sub-HUP106,01,False
LFP5-LFP6,0.0,False,,,,32,sub-HUP106,01,False
LG1-LG2,0.0,False,,,,32,sub-HUP106,01,False
LG10-LG11,0.0,False,,,,32,sub-HUP106,01,False
LG11-LG12,0.0,False,,,,32,sub-HUP106,01,False
LG12-LG13,0.0,False,,,,32,sub-HUP106,01,False
LG13-LG14,0.0,False,,,,32,sub-HUP106,01,False
LG14-LG15,0.0,False,,,,32,sub-HUP106,01,False
LG15-LG16,0.0,False,,,,32,sub-HUP106,01,False
LG16-LG17,0.0,False,,,,32,sub-HUP106,01,False
LG17-LG18,0.0,False,,,,32,sub-HUP106,01,False
LG18-LG19,0.0,False,,,,32,sub-HUP106,01,False
LG19-LG20,0.0,False,,,,32,sub-HUP106,01,False
LG2-LG3,0.0,False,,,,32,sub-HUP106,01,False
LG20-LG21,0.0,False,,,,32,sub-HUP106,01,False
LG24-LG25,0.0,False,,,,32,sub-HUP106,01,False
LG3-LG4,0.0,False,,,,32,sub-HUP106,01,False
LG30-LG31,0.0,False,,,,32,sub-HUP106,01,False
LG31-LG32,0.0,False,,,,32,sub-HUP106,01,False
LG33-LG34,0.0,False,,,,32,sub-HUP106,01,False
LG34-LG35,0.0,False,,,,32,sub-HUP106,01,False
LG37-LG38,0.0,False,,,,32,sub-HUP106,01,False
LG38-LG39,0.0,False,,,,32,sub-HUP106,01,False
LG39-LG40,0.0,False,,,,32,sub-HUP106,01,False
LG40-LG41,0.0,False,,,,32,sub-HUP106,01,False
LG41-LG42,0.0,False,,,,32,sub-HUP106,01,False
LG42-LG43,0.0,False,,,,32,sub-HUP106,01,False
LG43-LG44,0.0,False,,,,32,sub-HUP106,01,False
LG44-LG45,0.0,False,,,,32,sub-HUP106,01,False
LG45-LG46,0.0,False,,,,32,sub-HUP106,01,False
LG46-LG47,0.0,False,,,,32,sub-HUP106,01,False
LG47-LG48,0.0,False,,,,32,sub-HUP106,01,False
LG48-LG49,0.0,False,,,,32,sub-HUP106,01,False
LG5-LG6,0.0,False,,,,32,sub-HUP106,01,False
LG53-LG54,0.0,False,,,,32,sub-HUP106,01,False
LG55-LG56,0.0,False,,,,32,sub-HUP106,01,False
LG57-LG58,0.0,False,,,,32,sub-HUP106,01,False
LG58-LG59,0.0,False,,,,32,sub-HUP106,01,False
LG59-LG60,0.0,False,,,,32,sub-HUP106,01,False
LG6-LG7,0.0,False,,,,32,sub-HUP106,01,False
LG60-LG61,0.0,False,,,,32,sub-HUP106,01,False
LG61-LG62,0.0,False,,,,32,sub-HUP106,01,False
LG62-LG63,0.0,False,,,,32,sub-HUP106,01,False
LG63-LG64,0.0,False,,,,32,sub-HUP106,01,False
LG7-LG8,0.0,False,,,,32,sub-HUP106,01,False
LG8-LG9,0.0,False,,,,32,sub-HUP106,01,False
LG9-LG10,0.0,False,,,,32,sub-HUP106,01,False
LH3-LH4,0.0,False,,,,32,sub-HUP106,01,False
LMT1-LMT2,0.0,False,,,,32,sub-HUP106,01,False
LMT2-LMT3,0.0,False,,,,32,sub-HUP106,01,False
LMT3-LMT4,0.0,False,,,,32,sub-HUP106,01,False
LO1-LO2,0.0,False,,,,32,sub-HUP106,01,False
LO5-LO6,0.0,False,,,,32,sub-HUP106,01,False
LOF1-LOF2,0.0,False,,,,32,sub-HUP106,01,False
LOF4-LOF5,0.0,False,,,,32,sub-HUP106,01,False
LOF5-LOF6,0.0,False,,,,32,sub-HUP106,01,False
LOF6-LOF7,0.0,False,,,,32,sub-HUP106,01,False
LPT1-LPT2,0.0,False,,,,32,sub-HUP106,01,False
LPT2-LPT3,0.0,False,,,,32,sub-HUP106,01,False
LPT3-LPT4,0.0,False,,,,32,sub-HUP106,01,False
RA1-RA2,0.0,False,,,,32,sub-HUP106,01,False
RA2-RA3,0.0,False,,,,32,sub-HUP106,01,False
RA3-RA4,0.0,False,,,,32,sub-HUP106,01,False
RAT1-RAT2,0.0,False,,,,32,sub-HUP106,01,False
RAT2-RAT3,0.0,False,,,,32,sub-HUP106,01,False
RH1-RH2,0.0,False,,,,32,sub-HUP106,01,False
RH2-RH3,0.0,False,,,,32,sub-HUP106,01,False
LG58-LG59,1.0,True,-7.5,-6.5,2.2498919074351433,1,sub-HUP106,02,False
LPT1-LPT2,0.3151096785771268,True,-5.75,0.25,1.9496474684092084,2,sub-HUP106,02,False
LG23-LG24,0.19565887591448675,True,-3.0,-2.5,2.4211622684582332,3,sub-HUP106,02,False
LH1-LH2,0.17869100443869232,True,-2.75,-2.0,2.311703807703909,4,sub-HUP106,02,True
LPT2-LPT3,0.17841502399622913,True,-0.5,0.5,3.2113161492317026,5,sub-HUP106,02,False
LG52-LG53,0.1600168092550978,True,0.25,1.75,3.1501795867205784,6,sub-HUP106,02,False
LG53-LG54,0.1459042420971571,True,-0.5,2.0,2.626150188438814,7,sub-HUP106,02,False
LFP2-LFP3,0.13297323027062255,True,-0.5,3.25,2.393403157531068,8,sub-HUP106,02,False
LFP3-LFP4,0.13174165018294096,True,-0.75,2.5,2.2971346627953158,9,sub-HUP106,02,False
LG6-LG7,0.12887315540185482,True,-0.25,3.0,2.3920930227501844,10,sub-HUP106,02,False
LO5-LO6,0.1262448206139939,True,-0.75,6.5,2.201288301976453,11,sub-HUP106,02,False
LG44-LG45,0.12247908269990879,True,0.25,3.25,2.411191098720289,12,sub-HUP106,02,False
LOF2-LOF3,0.11682143544406298,True,0.25,3.25,2.2998115194298503,13,sub-HUP106,02,False
LFP5-LFP6,0.11382601899058291,True,0.25,1.75,2.240842091096625,14,sub-HUP106,02,False
LG4-LG5,0.09058557935644036,True,1.0,1.75,1.936173738281602,15,sub-HUP106,02,False
LA3-LA4,0.08410449752390084,True,9.25,13.25,3.358762003353143,16,sub-HUP106,02,True
LA1-LA2,0.06399837544086717,True,16.25,16.75,3.5637383180867266,17,sub-HUP106,02,True
LG9-LG10,0.061827457609411086,True,10.25,12.25,2.608220559988188,18,sub-HUP106,02,False
LH3-LH4,0.05893623458438408,True,11.0,13.0,2.585703066299047,19,sub-HUP106,02,False
LFP7-LFP8,0.05457738653518704,True,10.75,12.5,2.363769490668684,20,sub-HUP106,02,False
LFP4-LFP5,0.050357701991817674,True,15.0,15.5,2.6625355754278983,21,sub-HUP106,02,False
LG8-LG9,0.04834563299964985,True,11.0,12.5,2.121062744691961,22,sub-HUP106,02,False
LG55-LG56,0.04567281379047792,True,19.5,21.0,2.8772490358356775,23,sub-HUP106,02,False
LG29-LG30,0.0454704002778452,True,16.75,20.0,2.5831630117272555,24,sub-HUP106,02,False
LG45-LG46,0.04040660573877749,True,14.5,18.25,2.090941390947752,25,sub-HUP106,02,False
RAT1-RAT2,0.038816854858180795,True,14.0,14.75,1.965008871393874,26,sub-HUP106,02,False
LA2-LA3,0.0,False,,,,27,sub-HUP106,02,True
LAT1-LAT2,0.0,False,,,,27,sub-HUP106,02,False
LAT2-LAT3,0.0,False,,,,27,sub-HUP106,02,False
LAT3-LAT4,0.0,False,,,,27,sub-HUP106,02,False
LFP1-LFP2,0.0,False,,,,27,sub-HUP106,02,False
LFP6-LFP7,0.0,False,,,,27,sub-HUP106,02,False
LG1-LG2,0.0,False,,,,27,sub-HUP106,02,False
LG10-LG11,0.0,False,,,,27,sub-HUP106,02,False
LG11-LG12,0.0,False,,,,27,sub-HUP106,02,False
LG12-LG13,0.0,False,,,,27,sub-HUP106,02,False
LG13-LG14,0.0,False,,,,27,sub-HUP106,02,False
LG14-LG15,0.0,False,,,,27,sub-HUP106,02,False
LG15-LG16,0.0,False,,,,27,sub-HUP106,02,False
LG16-LG17,0.0,False,,,,27,sub-HUP106,02,False
LG17-LG18,0.0,False,,,,27,sub-HUP106,02,False
LG18-LG19,0.0,False,,,,27,sub-HUP106,02,False
LG19-LG20,0.0,False,,,,27,sub-HUP106,02,False
LG2-LG3,0.0,False,,,,27,sub-HUP106,02,False
LG20-LG21,0.0,False,,,,27,sub-HUP106,02,False
LG21-LG22,0.0,False,,,,27,sub-HUP106,02,False
LG22-LG23,0.0,False,,,,27,sub-HUP106,02,False
LG24-LG25,0.0,False,,,,27,sub-HUP106,02,False
LG25-LG26,0.0,False,,,,27,sub-HUP106,02,False
LG26-LG27,0.0,False,,,,27,sub-HUP106,02,False
LG27-LG28,0.0,False,,,,27,sub-HUP106,02,False
LG28-LG29,0.0,False,,,,27,sub-HUP106,02,False
LG3-LG4,0.0,False,,,,27,sub-HUP106,02,False
LG30-LG31,0.0,False,,,,27,sub-HUP106,02,False
LG31-LG32,0.0,False,,,,27,sub-HUP106,02,False
LG32-LG33,0.0,False,,,,27,sub-HUP106,02,False
LG33-LG34,0.0,False,,,,27,sub-HUP106,02,False
LG34-LG35,0.0,False,,,,27,sub-HUP106,02,False
LG35-LG36,0.0,False,,,,27,sub-HUP106,02,False
LG36-LG37,0.0,False,,,,27,sub-HUP106,02,False
LG37-LG38,0.0,False,,,,27,sub-HUP106,02,False
LG38-LG39,0.0,False,,,,27,sub-HUP106,02,False
LG39-LG40,0.0,False,,,,27,sub-HUP106,02,False
LG40-LG41,0.0,False,,,,27,sub-HUP106,02,False
LG41-LG42,0.0,False,,,,27,sub-HUP106,02,False
LG42-LG43,0.0,False,,,,27,sub-HUP106,02,False
LG43-LG44,0.0,False,,,,27,sub-HUP106,02,False
LG46-LG47,0.0,False,,,,27,sub-HUP106,02,False
LG47-LG48,0.0,False,,,,27,sub-HUP106,02,False
LG48-LG49,0.0,False,,,,27,sub-HUP106,02,False
LG49-LG50,0.0,False,,,,27,sub-HUP106,02,False
LG5-LG6,0.0,False,,,,27,sub-HUP106,02,False
LG50-LG51,0.0,False,,,,27,sub-HUP106,02,False
LG51-LG52,0.0,False,,,,27,sub-HUP106,02,False
LG54-LG55,0.0,False,,,,27,sub-HUP106,02,False
LG56-LG57,0.0,False,,,,27,sub-HUP106,02,False
LG57-LG58,0.0,False,,,,27,sub-HUP106,02,False
LG59-LG60,0.0,False,,,,27,sub-HUP106,02,False
LG60-LG61,0.0,False,,,,27,sub-HUP106,02,False
LG61-LG62,0.0,False,,,,27,sub-HUP106,02,False
LG62-LG63,0.0,False,,,,27,sub-HUP106,02,False
LG63-LG64,0.0,False,,,,27,sub-HUP106,02,False
LG7-LG8,0.0,False,,,,27,sub-HUP106,02,False
LH2-LH3,0.0,False,,,,27,sub-HUP106,02,True
LMT1-LMT2,0.0,False,,,,27,sub-HUP106,02,False
LMT2-LMT3,0.0,False,,,,27,sub-HUP106,02,False
LMT3-LMT4,0.0,False,,,,27,sub-HUP106,02,False
LO1-LO2,0.0,False,,,,27,sub-HUP106,02,False
LOF1-LOF2,0.0,False,,,,27,sub-HUP106,02,False
LOF3-LOF4,0.0,False,,,,27,sub-HUP106,02,False
LOF4-LOF5,0.0,False,,,,27,sub-HUP106,02,False
LOF5-LOF6,0.0,False,,,,27,sub-HUP106,02,False
LOF6-LOF7,0.0,False,,,,27,sub-HUP106,02,False
LOF7-LOF8,0.0,False,,,,27,sub-HUP106,02,False
LPT3-LPT4,0.0,False,,,,27,sub-HUP106,02,False
RA1-RA2,0.0,False,,,,27,sub-HUP106,02,False
RA2-RA3,0.0,False,,,,27,sub-HUP106,02,False
RA3-RA4,0.0,False,,,,27,sub-HUP106,02,False
RAT2-RAT3,0.0,False,,,,27,sub-HUP106,02,False
RAT3-RAT4,0.0,False,,,,27,sub-HUP106,02,False
RH1-RH2,0.0,False,,,,27,sub-HUP106,02,False
RH2-RH3,0.0,False,,,,27,sub-HUP106,02,False
LG62-LG63,1.0,True,-9.0,-7.75,3.2156017162255646,1,sub-HUP106,03,False
LFP6-LFP7,0.5221030359185826,True,-8.25,-6.75,2.938031982106151,2,sub-HUP106,03,False
LG1-LG2,0.509644836413221,True,-8.25,-7.0,2.8679259186127384,3,sub-HUP106,03,False
LOF2-LOF3,0.4554595838872003,True,-7.25,-3.75,4.027585703952423,4,sub-HUP106,03,False
LG2-LG3,0.41817577402410805,True,-7.75,-6.0,3.02554515743072,5,sub-HUP106,03,False
LG30-LG31,0.35789286910025186,True,-7.25,-4.0,3.1648125412850683,6,sub-HUP106,03,False
LH1-LH2,0.21330245815925994,True,-5.75,-5.25,2.9150569397612034,7,sub-HUP106,03,True
LG35-LG36,0.19138386207497216,True,-4.25,-3.0,3.5386320832404037,8,sub-HUP106,03,False
LG50-LG51,0.1600242328289257,True,-3.75,0.75,3.21608873576483,9,sub-HUP106,03,False
LG52-LG53,0.14562070182964443,True,-3.75,-2.5,2.9266136170085986,10,sub-HUP106,03,False
LG15-LG16,0.1106150069848552,True,-0.75,2.5,3.2901677082824294,11,sub-HUP106,03,False
LG49-LG50,0.10771235930889476,True,-0.5,1.75,3.290420450797673,12,sub-HUP106,03,False
LA3-LA4,0.10760967449603955,True,3.5,4.0,4.671403028891178,13,sub-HUP106,03,True
LG32-LG33,0.08918182620432585,True,-1.5,0.25,2.437572483889462,14,sub-HUP106,03,False
LG55-LG56,0.08761275064131255,True,0.0,2.75,2.8172771132544705,15,sub-HUP106,03,False
LG59-LG60,0.08251524290442663,True,2.0,2.5,3.184033880378923,16,sub-HUP106,03,False
LFP3-LFP4,0.08250336624114639,True,1.25,2.25,2.984602118393437,17,sub-HUP106,03,False
LG56-LG57,0.0735909523054994,True,0.5,2.25,2.484711521588494,18,sub-HUP106,03,False
LG28-LG29,0.07022719077434744,True,1.25,3.75,2.540505095771532,19,sub-HUP106,03,False
LG42-LG43,0.06682530954075663,True,1.0,2.75,2.3637193805121774,20,sub-HUP106,03,False
RH2-RH3,0.06103634866565737,True,3.5,4.5,2.649625931539302,21,sub-HUP106,03,False
LG53-LG54,0.056984358414624695,True,1.25,2.25,2.0614387580558984,22,sub-HUP106,03,False
LG10-LG11,0.05679961208225105,True,1.5,3.75,2.100416696065277,23,sub-HUP106,03,False
LH2-LH3,0.054785640219524596,True,8.5,9.0,3.2591227762167625,24,sub-HUP106,03,True
LOF3-LOF4,0.052962909060804295,True,18.25,20.0,4.811190300940238,25,sub-HUP106,03,False
LG4-LG5,0.046108477409688056,True,19.0,20.75,4.299728473643077,26,sub-HUP106,03,False
LOF6-LOF7,0.04503456057687158,True,19.0,20.25,4.19958309813312,27,sub-HUP106,03,False
LA1-LA2,0.045013268366327734,True,6.25,11.25,2.352102073939887,28,sub-HUP106,03,True
LFP1-LFP2,0.0446840975144705,True,19.0,20.5,4.166901559010133,29,sub-HUP106,03,False
LFP7-LFP8,0.04166863874188405,True,19.5,20.5,3.9526975144099685,30,sub-HUP106,03,False
LFP4-LFP5,0.040386042040328606,True,18.0,18.5,3.6362319307002764,31,sub-HUP106,03,False
LFP2-LFP3,0.03987742855966706,True,18.25,20.5,3.6224954579523585,32,sub-HUP106,03,False
RA1-RA2,0.03958687193841598,True,17.0,17.5,3.4369815603196456,33,sub-HUP106,03,False
LG61-LG62,0.037945496864926355,True,16.25,20.0,3.2029621270995845,34,sub-HUP106,03,False
LAT1-LAT2,0.037654766489690655,True,8.0,8.75,2.1794891714697986,35,sub-HUP106,03,False
LOF7-LOF8,0.03487192490842376,True,18.0,20.25,3.1397582043412604,36,sub-HUP106,03,False
LOF1-LOF2,0.034030325476607615,True,19.0,21.25,3.1734112171825255,37,sub-HUP106,03,False
LOF5-LOF6,0.031718777027364496,True,18.0,20.5,2.85585870768154,38,sub-HUP106,03,False
LPT2-LPT3,0.03129641031198326,True,20.0,23.5,3.019103721327385,39,sub-HUP106,03,False
LO5-LO6,0.029428581909642287,True,18.25,21.75,2.673314407476132,40,sub-HUP106,03,False
LPT3-LPT4,0.02917384604616884,True,19.25,20.5,2.7439854803876065,41,sub-HUP106,03,False
LG21-LG22,0.029111917880669944,True,8.25,9.0,1.7084250790695243,42,sub-HUP106,03,False
LPT1-LPT2,0.028800009778879403,True,20.5,24.0,2.8245855066044685,43,sub-HUP106,03,False
RA3-RA4,0.02841504222571024,True,18.5,19.25,2.6040865686070482,44,sub-HUP106,03,False
RA2-RA3,0.027092060577572248,True,17.0,19.5,2.3521664652118632,45,sub-HUP106,03,False
LMT3-LMT4,0.02553198591809302,True,17.5,21.75,2.257769187763839,46,sub-HUP106,03,False
LG34-LG35,0.02535607828053103,True,18.75,29.0,2.344132654024228,47,sub-HUP106,03,False
LG29-LG30,0.023159354588367115,True,18.5,20.25,2.1224309202893465,48,sub-HUP106,03,False
LG33-LG34,0.021958191098434412,True,24.5,28.25,2.436003495856044,49,sub-HUP106,03,False
LG58-LG59,0.021785692033586292,True,26.75,29.5,2.574488494444292,50,sub-HUP106,03,False
LG44-LG45,0.017026049559579662,True,18.5,30.0,1.5603463342532873,51,sub-HUP106,03,False
LA2-LA3,0.0,False,,,,52,sub-HUP106,03,True
LAT2-LAT3,0.0,False,,,,52,sub-HUP106,03,False
LAT3-LAT4,0.0,False,,,,52,sub-HUP106,03,False
LFP5-LFP6,0.0,False,,,,52,sub-HUP106,03,False
LG11-LG12,0.0,False,,,,52,sub-HUP106,03,False
LG12-LG13,0.0,False,,,,52,sub-HUP106,03,False
LG13-LG14,0.0,False,,,,52,sub-HUP106,03,False
LG14-LG15,0.0,False,,,,52,sub-HUP106,03,False
LG16-LG17,0.0,False,,,,52,sub-HUP106,03,False
LG17-LG18,0.0,False,,,,52,sub-HUP106,03,False
LG18-LG19,0.0,False,,,,52,sub-HUP106,03,False
LG19-LG20,0.0,False,,,,52,sub-HUP106,03,False
LG20-LG21,0.0,False,,,,52,sub-HUP106,03,False
LG22-LG23,0.0,False,,,,52,sub-HUP106,03,False
LG23-LG24,0.0,False,,,,52,sub-HUP106,03,False
LG24-LG25,0.0,False,,,,52,sub-HUP106,03,False
LG25-LG26,0.0,False,,,,52,sub-HUP106,03,False
LG26-LG27,0.0,False,,,,52,sub-HUP106,03,False
LG27-LG28,0.0,False,,,,52,sub-HUP106,03,False
LG3-LG4,0.0,False,,,,52,sub-HUP106,03,False
LG31-LG32,0.0,False,,,,52,sub-HUP106,03,False
LG36-LG37,0.0,False,,,,52,sub-HUP106,03,False
LG37-LG38,0.0,False,,,,52,sub-HUP106,03,False
LG38-LG39,0.0,False,,,,52,sub-HUP106,03,False
LG39-LG40,0.0,False,,,,52,sub-HUP106,03,False
LG40-LG41,0.0,False,,,,52,sub-HUP106,03,False
LG41-LG42,0.0,False,,,,52,sub-HUP106,03,False
LG43-LG44,0.0,False,,,,52,sub-HUP106,03,False
LG45-LG46,0.0,False,,,,52,sub-HUP106,03,False
LG46-LG47,0.0,False,,,,52,sub-HUP106,03,False
LG47-LG48,0.0,False,,,,52,sub-HUP106,03,False
LG48-LG49,0.0,False,,,,52,sub-HUP106,03,False
LG5-LG6,0.0,False,,,,52,sub-HUP106,03,False
LG51-LG52,0.0,False,,,,52,sub-HUP106,03,False
LG54-LG55,0.0,False,,,,52,sub-HUP106,03,False
LG57-LG58,0.0,False,,,,52,sub-HUP106,03,False
LG6-LG7,0.0,False,,,,52,sub-HUP106,03,False
LG60-LG61,0.0,False,,,,52,sub-HUP106,03,False
LG63-LG64,0.0,False,,,,52,sub-HUP106,03,False
LG7-LG8,0.0,False,,,,52,sub-HUP106,03,False
LG8-LG9,0.0,False,,,,52,sub-HUP106,03,False
LG9-LG10,0.0,False,,,,52,sub-HUP106,03,False
LH3-LH4,0.0,False,,,,52,sub-HUP106,03,False
LMT1-LMT2,0.0,False,,,,52,sub-HUP106,03,False
LMT2-LMT3,0.0,False,,,,52,sub-HUP106,03,False
LO1-LO2,0.0,False,,,,52,sub-HUP106,03,False
LOF4-LOF5,0.0,False,,,,52,sub-HUP106,03,False
RAT1-RAT2,0.0,False,,,,52,sub-HUP106,03,False
RAT2-RAT3,0.0,False,,,,52,sub-HUP106,03,False
RAT3-RAT4,0.0,False,,,,52,sub-HUP106,03,False
RH1-RH2,0.0,False,,,,52,sub-HUP106,03,False
RG59-RG60,1.0,True,-6.75,-3.0,2.7911066333087886,1,sub-HUP107,01,False
RDA2-RDA3,0.21512482628271373,True,-0.5,1.75,4.353163389796352,2,sub-HUP107,01,False
ROF3-ROF4,0.1916675984250672,True,-4.5,-2.25,1.738635292402353,3,sub-HUP107,01,False
RG56-RG57,0.1854313024584243,True,-4.25,-2.5,1.8114548841017872,4,sub-HUP107,01,False
RG03-RG04,0.11881199006532438,True,2.75,3.5,3.48197780267342,5,sub-HUP107,01,True
RG02-RG03,0.10321870418865546,True,2.75,4.25,3.0249913043961856,6,sub-HUP107,01,False
RAT3-RAT4,0.09256707526082883,True,25.75,27.0,8.655213355847522,7,sub-HUP107,01,False
RAT2-RAT3,0.08315581306618347,True,25.75,26.75,7.775240838481544,8,sub-HUP107,01,True
RMT3-RMT4,0.07843381745558699,True,3.0,7.75,2.353359342892209,9,sub-HUP107,01,True
RTO4-RTO5,0.0638721953546767,True,20.25,23.0,4.991675027876122,10,sub-HUP107,01,True
RG57-RG58,0.05765028655164048,True,20.25,22.75,4.505426721780212,11,sub-HUP107,01,False
RG11-RG12,0.046527812528447315,True,27.0,28.5,4.512776994807022,12,sub-HUP107,01,False
RG60-RG61,0.04160725498840097,True,20.0,23.0,3.222615419625117,13,sub-HUP107,01,False
RG52-RG53,0.03993846631353116,True,19.0,20.5,2.981889863237694,14,sub-HUP107,01,False
RPT2-RPT3,0.03942553913674312,True,20.0,23.75,3.053634525625906,15,sub-HUP107,01,True
RG54-RG55,0.03846371047084176,True,20.25,23.5,3.005976888231384,16,sub-HUP107,01,False
RAT1-RAT2,0.03840054770631378,True,22.5,24.75,3.242195708629935,17,sub-HUP107,01,True
RG51-RG52,0.038373026676504725,True,19.75,20.75,2.945338255665504,18,sub-HUP107,01,False
RG50-RG51,0.03743838049750318,True,19.75,21.0,2.873599084040286,19,sub-HUP107,01,False
RG12-RG13,0.035665852343265664,True,19.75,22.75,2.7375479190922665,20,sub-HUP107,01,False
RG01-RG02,0.03511162715763254,True,23.75,27.0,3.0870093071768947,21,sub-HUP107,01,False
RDA3-RDA4,0.034973692404492426,True,17.25,21.75,2.440382621537,22,sub-HUP107,01,False
RTO5-RTO6,0.034639231338774494,True,22.75,24.5,2.94879454505232,23,sub-HUP107,01,True
ROF1-ROF2,0.03450983773060209,True,19.75,21.0,2.648817517618068,24,sub-HUP107,01,False
RMT1-RMT2,0.034423613639184704,True,19.5,22.75,2.618179356103954,25,sub-HUP107,01,True
LDA3-LDA4,0.033771064474471923,True,28.0,29.75,3.369746453952356,26,sub-HUP107,01,False
RDA1-RDA2,0.03343638502256793,True,21.25,25.25,2.7064109648803236,27,sub-HUP107,01,False
RMT2-RMT3,0.03333948715479486,True,19.0,23.25,2.489196205282034,28,sub-HUP107,01,True
RG53-RG54,0.032310587507921214,True,19.0,23.0,2.4123763944456345,29,sub-HUP107,01,False
RG13-RG14,0.03209823763998298,True,20.75,23.0,2.553303713842632,30,sub-HUP107,01,False
RG09-RG10,0.03189460943148304,True,24.25,27.25,2.8486801904321717,31,sub-HUP107,01,False
LDA2-LDA3,0.03169062286148325,True,17.75,27.5,2.2555236459005124,32,sub-HUP107,01,False
RG10-RG11,0.029943602854289448,True,26.75,29.0,2.883364705036108,33,sub-HUP107,01,False
RTO1-RTO2,0.02814498534081862,True,23.25,24.0,2.4352253136532616,34,sub-HUP107,01,False
RG04-RG05,0.028108016397830705,True,21.25,24.5,2.2751216594969867,35,sub-HUP107,01,True
RDH3-RDH4,0.02800816977857998,True,24.75,28.25,2.540648124814583,36,sub-HUP107,01,True
RG49-RG50,0.027846478584870705,True,19.75,23.75,2.137368505044403,37,sub-HUP107,01,False
RTO3-RTO4,0.02757475381200097,True,20.25,24.75,2.154994191742916,38,sub-HUP107,01,True
RG55-RG56,0.026916757038655325,True,22.25,26.25,2.253826173532557,39,sub-HUP107,01,False
RG58-RG59,0.025778501088562646,True,19.75,24.5,1.9786399980887381,40,sub-HUP107,01,False
RG48-RG49,0.02547970082152679,True,21.0,24.25,2.0446011568584956,41,sub-HUP107,01,False
RG05-RG06,0.02446692716503023,True,22.5,23.5,2.0657665318867156,42,sub-HUP107,01,True
RG08-RG09,0.02409969093027944,True,21.5,27.25,1.9674956110736919,43,sub-HUP107,01,True
RG41-RG42,0.01849063586040801,True,22.5,28.5,1.561182426223485,44,sub-HUP107,01,False
RDH1-RDH2,0.018079696849541776,True,20.0,25.75,1.4003305400878636,45,sub-HUP107,01,True
LAT1-LAT2,0.0,False,,,,46,sub-HUP107,01,False
LAT2-LAT3,0.0,False,,,,46,sub-HUP107,01,False
LAT3-LAT4,0.0,False,,,,46,sub-HUP107,01,False
LDA1-LDA2,0.0,False,,,,46,sub-HUP107,01,False
LDH1-LDH2,0.0,False,,,,46,sub-HUP107,01,False
LDH2-LDH3,0.0,False,,,,46,sub-HUP107,01,False
LDH3-LDH4,0.0,False,,,,46,sub-HUP107,01,False
LPT1-LPT2,0.0,False,,,,46,sub-HUP107,01,False
LPT2-LPT3,0.0,False,,,,46,sub-HUP107,01,False
LPT3-LPT4,0.0,False,,,,46,sub-HUP107,01,False
RDH2-RDH3,0.0,False,,,,46,sub-HUP107,01,True
RG06-RG07,0.0,False,,,,46,sub-HUP107,01,True
RG07-RG08,0.0,False,,,,46,sub-HUP107,01,True
RG14-RG15,0.0,False,,,,46,sub-HUP107,01,False
RG15-RG16,0.0,False,,,,46,sub-HUP107,01,False
RG16-RG17,0.0,False,,,,46,sub-HUP107,01,False
RG17-RG18,0.0,False,,,,46,sub-HUP107,01,False
RG18-RG19,0.0,False,,,,46,sub-HUP107,01,False
RG19-RG20,0.0,False,,,,46,sub-HUP107,01,False
RG20-RG21,0.0,False,,,,46,sub-HUP107,01,False
RG21-RG22,0.0,False,,,,46,sub-HUP107,01,False
RG22-RG23,0.0,False,,,,46,sub-HUP107,01,False
RG23-RG24,0.0,False,,,,46,sub-HUP107,01,False
RG24-RG25,0.0,False,,,,46,sub-HUP107,01,False
RG25-RG26,0.0,False,,,,46,sub-HUP107,01,False
RG26-RG27,0.0,False,,,,46,sub-HUP107,01,False
RG27-RG28,0.0,False,,,,46,sub-HUP107,01,False
RG28-RG29,0.0,False,,,,46,sub-HUP107,01,False
RG29-RG30,0.0,False,,,,46,sub-HUP107,01,False
RG30-RG31,0.0,False,,,,46,sub-HUP107,01,False
RG31-RG32,0.0,False,,,,46,sub-HUP107,01,False
RG32-RG33,0.0,False,,,,46,sub-HUP107,01,False
RG33-RG34,0.0,False,,,,46,sub-HUP107,01,False
RG34-RG35,0.0,False,,,,46,sub-HUP107,01,False
RG35-RG36,0.0,False,,,,46,sub-HUP107,01,False
RG36-RG37,0.0,False,,,,46,sub-HUP107,01,True
RG37-RG38,0.0,False,,,,46,sub-HUP107,01,True
RG38-RG39,0.0,False,,,,46,sub-HUP107,01,True
RG39-RG40,0.0,False,,,,46,sub-HUP107,01,True
RG40-RG41,0.0,False,,,,46,sub-HUP107,01,False
RG42-RG43,0.0,False,,,,46,sub-HUP107,01,False
RG43-RG44,0.0,False,,,,46,sub-HUP107,01,False
RG44-RG45,0.0,False,,,,46,sub-HUP107,01,False
RG45-RG46,0.0,False,,,,46,sub-HUP107,01,False
RG46-RG47,0.0,False,,,,46,sub-HUP107,01,False
RG47-RG48,0.0,False,,,,46,sub-HUP107,01,False
RG61-RG62,0.0,False,,,,46,sub-HUP107,01,False
RG62-RG63,0.0,False,,,,46,sub-HUP107,01,False
RG63-RG64,0.0,False,,,,46,sub-HUP107,01,False
ROF2-ROF3,0.0,False,,,,46,sub-HUP107,01,False
RP1-RP2,0.0,False,,,,46,sub-HUP107,01,False
RP2-RP3,0.0,False,,,,46,sub-HUP107,01,False
RP3-RP4,0.0,False,,,,46,sub-HUP107,01,False
RP4-RP5,0.0,False,,,,46,sub-HUP107,01,False
RPT1-RPT2,0.0,False,,,,46,sub-HUP107,01,True
RPT3-RPT4,0.0,False,,,,46,sub-HUP107,01,True
RTO2-RTO3,0.0,False,,,,46,sub-HUP107,01,False
RG57-RG58,1.0,True,-8.5,-7.75,2.6541669310076825,1,sub-HUP107,02,False
RG54-RG55,0.7740528652650472,True,-5.25,-0.75,8.731478450812494,2,sub-HUP107,02,False
RG47-RG48,0.36005324290933743,True,-5.25,-0.5,4.061475995611169,3,sub-HUP107,02,False
RMT2-RMT3,0.35793200283990606,True,-4.25,-2.25,4.98755924880689,4,sub-HUP107,02,True
RG58-RG59,0.3381170221932755,True,-5.5,-4.75,3.5896760764647304,5,sub-HUP107,02,False
RG55-RG56,0.32941402035383766,True,-1.5,-0.75,6.994558395467581,6,sub-HUP107,02,False
RG22-RG23,0.3195709193759763,True,-6.0,-5.25,2.9686809821180353,7,sub-HUP107,02,False
RG03-RG04,0.2902074991798349,True,-3.0,-0.5,5.00668445844812,8,sub-HUP107,02,True
RG53-RG54,0.27143745521156626,True,-6.0,-2.25,2.5215411111079638,9,sub-HUP107,02,False
RG56-RG57,0.25785442222703703,True,-5.25,-4.75,2.9086518920786495,10,sub-HUP107,02,False
RPT2-RPT3,0.23500904651964824,True,-2.25,-0.25,4.5222109882607,11,sub-HUP107,02,True
RG52-RG53,0.20257246353216934,True,-5.25,0.5,2.2850598188193354,12,sub-HUP107,02,False
RTO4-RTO5,0.1982233270855976,True,-5.75,-0.5,1.972941748893422,13,sub-HUP107,02,True
RG49-RG50,0.19821856764544551,True,-5.5,-4.75,2.1044206694250036,14,sub-HUP107,02,False
RPT3-RPT4,0.19796833652742182,True,-1.25,0.0,4.334888350630887,15,sub-HUP107,02,True
RMT3-RMT4,0.19594847818768807,True,2.0,4.75,5.9809196663509825,16,sub-HUP107,02,True
RG08-RG09,0.19124789249367513,True,-1.75,2.25,3.9339296970825934,17,sub-HUP107,02,True
RG40-RG41,0.19104129001944534,True,-4.5,1.0,2.5352773721332995,18,sub-HUP107,02,False
RG02-RG03,0.18801149436921452,True,0.0,4.0,4.74063196453901,19,sub-HUP107,02,False
RG04-RG05,0.18085134566202726,True,0.25,3.75,4.680094195572827,20,sub-HUP107,02,True
RG41-RG42,0.16938797408359657,True,-5.25,1.0,1.910731827123041,21,sub-HUP107,02,False
RMT1-RMT2,0.16092138497321187,True,-2.75,0.0,2.8830074747930254,22,sub-HUP107,02,True
RG39-RG40,0.15159925627837198,True,-2.75,2.25,2.715995696261042,23,sub-HUP107,02,True
RAT2-RAT3,0.15059761914647318,True,-4.0,2.25,2.1984117134488224,24,sub-HUP107,02,True
RP4-RP5,0.14885517988920252,True,-3.25,0.0,2.4692905998195074,25,sub-HUP107,02,False
RG50-RG51,0.1481602649781194,True,4.25,5.25,5.407078542171078,26,sub-HUP107,02,False
RG51-RG52,0.14523161628745104,True,4.5,6.5,5.396565346017291,27,sub-HUP107,02,False
RG09-RG10,0.13942000557925213,True,0.5,4.5,3.700439683293576,28,sub-HUP107,02,False
RP1-RP2,0.13555137598197672,True,-1.5,2.25,2.878207836671613,29,sub-HUP107,02,False
RG35-RG36,0.13496935936485524,True,-2.75,-1.0,2.4180606696970637,30,sub-HUP107,02,False
RG34-RG35,0.1349349243218695,True,-4.0,2.5,1.9697689768522164,31,sub-HUP107,02,False
RAT3-RAT4,0.12821379109135753,True,-3.25,2.5,2.126880027586304,32,sub-HUP107,02,False
RP2-RP3,0.12627107208557178,True,-2.75,2.25,2.262225401138781,33,sub-HUP107,02,False
RTO3-RTO4,0.12181334307165033,True,-1.0,1.25,2.7481600489582787,34,sub-HUP107,02,True
RG11-RG12,0.12067878216718761,True,0.75,4.75,3.2830917372498973,35,sub-HUP107,02,False
RG18-RG19,0.12038638864604502,True,3.0,5.0,3.994069646097143,36,sub-HUP107,02,False
RG27-RG28,0.11971267049781276,True,4.0,5.5,4.289455051981834,37,sub-HUP107,02,False
RG60-RG61,0.11873804029201152,True,1.75,6.25,3.5454440249517916,38,sub-HUP107,02,False
RG01-RG02,0.11656594105466256,True,-0.75,4.0,2.7071228277544166,39,sub-HUP107,02,False
RDA1-RDA2,0.11628035134084479,True,-0.5,4.5,2.777647169293426,40,sub-HUP107,02,False
RDH2-RDH3,0.10975543616713733,True,2.25,6.0,3.4228836777844007,41,sub-HUP107,02,True
RG59-RG60,0.10795456554958088,True,4.75,8.25,4.083044490545232,42,sub-HUP107,02,False
RDH3-RDH4,0.10790880179419202,True,6.75,8.75,4.654129565910614,43,sub-HUP107,02,True
RG38-RG39,0.10627182782418115,True,0.5,1.0,2.8206317110868375,44,sub-HUP107,02,True
ROF3-ROF4,0.10517772695193571,True,4.75,5.5,3.978019237749961,45,sub-HUP107,02,False
RG26-RG27,0.09886762677017648,True,3.5,5.75,3.41134541176796,46,sub-HUP107,02,False
RG17-RG18,0.09438464250351546,True,3.5,5.25,3.256663760061568,47,sub-HUP107,02,False
RG10-RG11,0.09386609366913841,True,-2.0,4.75,1.8685221131962257,48,sub-HUP107,02,False
RDH1-RDH2,0.09382648524096934,True,3.0,4.5,3.1128894297407657,49,sub-HUP107,02,True
RG25-RG26,0.08525135425947639,True,3.5,8.0,2.941527228888601,50,sub-HUP107,02,False
ROF2-ROF3,0.08471529826616031,True,4.75,6.5,3.2040917407210565,51,sub-HUP107,02,False
RTO5-RTO6,0.08405004553984084,True,4.5,8.25,3.1231599199014943,52,sub-HUP107,02,True
RG19-RG20,0.08329354001711368,True,3.75,8.5,2.9292432131098445,53,sub-HUP107,02,False
ROF1-ROF2,0.08066788489724332,True,4.75,5.5,3.0510109629625113,54,sub-HUP107,02,False
RG13-RG14,0.0775042464599549,True,3.75,8.5,2.725647005558531,55,sub-HUP107,02,False
RAT1-RAT2,0.06692138762397468,True,6.5,7.25,2.8419285441392064,56,sub-HUP107,02,True
RDA3-RDA4,0.06316999000678505,True,2.75,10.75,2.0538803067241598,57,sub-HUP107,02,False
RG12-RG13,0.061913328501115784,True,3.75,11.0,2.17735009552567,58,sub-HUP107,02,False
RG05-RG06,0.061862645057609106,True,14.0,14.5,3.858553989249441,59,sub-HUP107,02,True
RG37-RG38,0.0569128014873312,True,7.0,10.75,2.492425248368209,60,sub-HUP107,02,True
RP3-RP4,0.055177001815759665,True,6.25,13.25,2.3065713337517577,61,sub-HUP107,02,False
RG16-RG17,0.05186923228246587,True,15.25,16.75,3.4073226262567076,62,sub-HUP107,02,False
RG61-RG62,0.04789409404624678,True,9.75,12.5,2.447039221706313,63,sub-HUP107,02,False
RTO1-RTO2,0.046932567830036916,True,10.75,16.25,2.5224791078156192,64,sub-HUP107,02,False
RG45-RG46,0.041493578033330585,True,7.0,12.75,1.8171595639766718,65,sub-HUP107,02,False
RDA2-RDA3,0.0378596863984421,True,9.25,16.5,1.8841111435699947,66,sub-HUP107,02,False
RG07-RG08,0.030506406102577602,True,26.5,30.0,2.9148873934086876,67,sub-HUP107,02,True
LAT1-LAT2,0.0,False,,,,68,sub-HUP107,02,False
LAT2-LAT3,0.0,False,,,,68,sub-HUP107,02,False
LAT3-LAT4,0.0,False,,,,68,sub-HUP107,02,False
LDA1-LDA2,0.0,False,,,,68,sub-HUP107,02,False
LDA2-LDA3,0.0,False,,,,68,sub-HUP107,02,False
LDA3-LDA4,0.0,False,,,,68,sub-HUP107,02,False
LDH1-LDH2,0.0,False,,,,68,sub-HUP107,02,False
LDH2-LDH3,0.0,False,,,,68,sub-HUP107,02,False
LDH3-LDH4,0.0,False,,,,68,sub-HUP107,02,False
LPT1-LPT2,0.0,False,,,,68,sub-HUP107,02,False
LPT2-LPT3,0.0,False,,,,68,sub-HUP107,02,False
LPT3-LPT4,0.0,False,,,,68,sub-HUP107,02,False
RG06-RG07,0.0,False,,,,68,sub-HUP107,02,True
RG14-RG15,0.0,False,,,,68,sub-HUP107,02,False
RG15-RG16,0.0,False,,,,68,sub-HUP107,02,False
RG20-RG21,0.0,False,,,,68,sub-HUP107,02,False
RG21-RG22,0.0,False,,,,68,sub-HUP107,02,False
RG23-RG24,0.0,False,,,,68,sub-HUP107,02,False
RG24-RG25,0.0,False,,,,68,sub-HUP107,02,False
RG28-RG29,0.0,False,,,,68,sub-HUP107,02,False
RG29-RG30,0.0,False,,,,68,sub-HUP107,02,False
RG30-RG31,0.0,False,,,,68,sub-HUP107,02,False
RG31-RG32,0.0,False,,,,68,sub-HUP107,02,False
RG32-RG33,0.0,False,,,,68,sub-HUP107,02,False
RG33-RG34,0.0,False,,,,68,sub-HUP107,02,False
RG36-RG37,0.0,False,,,,68,sub-HUP107,02,True
RG42-RG43,0.0,False,,,,68,sub-HUP107,02,False
RG43-RG44,0.0,False,,,,68,sub-HUP107,02,False
RG44-RG45,0.0,False,,,,68,sub-HUP107,02,False
RG46-RG47,0.0,False,,,,68,sub-HUP107,02,False
RG48-RG49,0.0,False,,,,68,sub-HUP107,02,False
RG62-RG63,0.0,False,,,,68,sub-HUP107,02,False
RG63-RG64,0.0,False,,,,68,sub-HUP107,02,False
RPT1-RPT2,0.0,False,,,,68,sub-HUP107,02,True
RTO2-RTO3,0.0,False,,,,68,sub-HUP107,02,False
ROF3-ROF4,1.0,True,-8.75,-7.75,11.648610037642197,1,sub-HUP107,03,False
RG56-RG57,0.6979735126649628,True,-8.0,-7.0,11.614887522339238,2,sub-HUP107,03,False
RG44-RG45,0.6446876862222495,True,-9.5,-9.0,4.291265973070181,3,sub-HUP107,03,False
RG60-RG61,0.5641790979910605,True,-8.0,-7.0,9.388431862695123,4,sub-HUP107,03,False
RG52-RG53,0.5279087205594699,True,-9.0,-6.75,5.2709167039439055,5,sub-HUP107,03,False
RG58-RG59,0.5149479467607593,True,-8.75,-7.0,5.99842782150062,6,sub-HUP107,03,False
RG57-RG58,0.5146406277162554,True,-7.75,-7.25,9.420475399962083,7,sub-HUP107,03,False
RG51-RG52,0.48660086016139,True,-8.0,-7.0,8.097462377144705,8,sub-HUP107,03,False
RG50-RG51,0.47250208208204436,True,-7.75,-7.0,8.649131065375018,9,sub-HUP107,03,False
RG49-RG50,0.46285139154407745,True,-7.75,-7.0,8.472475574320999,10,sub-HUP107,03,False
RG59-RG60,0.4542938160982422,True,-7.75,-6.5,8.31582950980691,11,sub-HUP107,03,False
RG15-RG16,0.35937938328237196,True,-9.25,-4.5,2.990193065303357,12,sub-HUP107,03,False
RG61-RG62,0.3588926176904376,True,-8.0,-6.75,5.972285926949307,13,sub-HUP107,03,False
RG62-RG63,0.34396332351342,True,-8.5,-4.75,4.579079568981936,14,sub-HUP107,03,False
ROF1-ROF2,0.34114479683155274,True,-9.0,-5.5,3.406168032566942,15,sub-HUP107,03,False
RG20-RG21,0.3098316343917942,True,-8.25,-7.75,4.640281568171152,16,sub-HUP107,03,False
ROF2-ROF3,0.2982317714260205,True,-9.0,-5.0,2.9777019481516755,17,sub-HUP107,03,False
RG12-RG13,0.2885152478538013,True,-6.75,-5.5,7.201717740348461,18,sub-HUP107,03,False
RG14-RG15,0.28426530249393156,True,-8.75,-7.5,3.311295655984206,19,sub-HUP107,03,False
RG21-RG22,0.2241525794907125,True,-6.5,-3.5,5.968150828386065,20,sub-HUP107,03,False
RG13-RG14,0.21399919222020417,True,-8.25,-3.5,3.2050197495560466,21,sub-HUP107,03,False
RG54-RG55,0.1958199795955421,True,-0.25,1.5,13.360321967912625,22,sub-HUP107,03,False
LAT3-LAT4,0.18330947185801655,True,-7.75,-6.0,3.35547229895457,23,sub-HUP107,03,False
RG37-RG38,0.14969397507638557,True,-1.75,1.25,8.718633703246727,24,sub-HUP107,03,True
RG55-RG56,0.13174628127418525,True,-0.25,0.75,8.988729033338966,25,sub-HUP107,03,False
RG63-RG64,0.1313435581298934,True,-6.0,-4.5,3.934208287572473,26,sub-HUP107,03,False
RG43-RG44,0.12831519346066625,True,-7.0,-4.5,2.9893873010558343,27,sub-HUP107,03,False
RDA2-RDA3,0.1214756911100601,True,0.5,1.5,8.894430001563347,28,sub-HUP107,03,False
RG48-RG49,0.12062951164142582,True,-5.75,-5.0,3.8140223803859414,29,sub-HUP107,03,False
RG31-RG32,0.1193592258688766,True,-6.75,-4.25,2.979362306874424,30,sub-HUP107,03,False
RTO2-RTO3,0.1144995501422174,True,0.0,2.0,8.002563654552898,31,sub-HUP107,03,False
RG39-RG40,0.10519842279087009,True,-0.5,0.5,7.002373735233467,32,sub-HUP107,03,True
LDA1-LDA2,0.10051573769495295,True,-6.0,-4.5,3.0108050512828433,33,sub-HUP107,03,False
RG18-RG19,0.09792879986338422,True,-6.5,-5.5,2.607392916715134,34,sub-HUP107,03,False
RG38-RG39,0.09713764362793693,True,-1.5,1.25,5.819238157357526,35,sub-HUP107,03,True
RG23-RG24,0.09212603364031023,True,-6.25,-5.25,2.606197726177366,36,sub-HUP107,03,False
RG42-RG43,0.0897034170143967,True,-5.0,-4.25,3.2840346749405014,37,sub-HUP107,03,False
RG46-RG47,0.08918187810621578,True,-6.5,-5.25,2.3745026753916525,38,sub-HUP107,03,False
RAT1-RAT2,0.08260608836923689,True,-5.25,-4.0,2.8867383304447527,39,sub-HUP107,03,True
RG53-RG54,0.08213210450287664,True,-5.0,-4.5,3.0068495503353576,40,sub-HUP107,03,False
RDH3-RDH4,0.08200913973873071,True,-6.5,-6.0,2.183525687631954,41,sub-HUP107,03,True
RG40-RG41,0.07676277703850956,True,-0.75,0.5,4.9818580785706885,42,sub-HUP107,03,False
RAT3-RAT4,0.0736449360446674,True,24.5,26.25,17.157222824628604,43,sub-HUP107,03,False
RTO5-RTO6,0.06733480886869954,True,0.5,2.0,4.930243562958385,44,sub-HUP107,03,True
RG36-RG37,0.0669167599522273,True,-1.75,1.75,3.8974362083300407,45,sub-HUP107,03,True
LPT3-LPT4,0.06499644840007991,True,0.0,2.0,4.5427096874655835,46,sub-HUP107,03,False
RP2-RP3,0.06094438756573154,True,2.25,5.25,5.172255377363281,47,sub-HUP107,03,False
RTO4-RTO5,0.06085667538211151,True,1.5,2.5,4.860998946607521,48,sub-HUP107,03,True
RP4-RP5,0.05814807558239077,True,-0.75,3.5,3.773775145577993,49,sub-HUP107,03,False
RTO1-RTO2,0.056902737077618164,True,1.75,3.5,4.6398645600416035,50,sub-HUP107,03,False
RG25-RG26,0.05616898599819855,True,24.75,26.25,13.179282369784962,51,sub-HUP107,03,False
RG35-RG36,0.05360724347633927,True,0.25,2.0,3.835906371614148,52,sub-HUP107,03,False
RP1-RP2,0.05331328411718809,True,0.75,2.5,3.9923077918316614,53,sub-HUP107,03,False
RTO3-RTO4,0.051664247508937715,True,0.0,6.0,3.610900032719056,54,sub-HUP107,03,True
RG16-RG17,0.05076418614762037,True,-0.75,0.25,3.294565160594913,55,sub-HUP107,03,False
RG32-RG33,0.05065012230678684,True,-0.75,3.5,3.287162485902148,56,sub-HUP107,03,False
RG17-RG18,0.05008294942658246,True,-0.75,0.5,3.250353306971911,57,sub-HUP107,03,False
RG06-RG07,0.04847410328698895,True,-0.75,7.25,3.1459401597809196,58,sub-HUP107,03,True
RG47-RG48,0.048157286919537086,True,0.75,5.0,3.6062065015491527,59,sub-HUP107,03,False
RG09-RG10,0.04786237058912607,True,24.5,26.25,11.150601809396889,60,sub-HUP107,03,False
RG41-RG42,0.04612849922391436,True,1.75,4.25,3.7613302935674136,61,sub-HUP107,03,False
RP3-RP4,0.04602212966641137,True,0.5,3.75,3.369732718539504,62,sub-HUP107,03,False
RG34-RG35,0.04596688082554012,True,0.0,2.25,3.212701616300935,63,sub-HUP107,03,False
RG45-RG46,0.04244465609005013,True,0.75,2.0,3.178422301981043,64,sub-HUP107,03,False
RDH1-RDH2,0.04114497338087554,True,0.0,2.75,2.8756904995379267,65,sub-HUP107,03,True
RG26-RG27,0.04101148045122635,True,25.0,25.75,9.691028211952359,66,sub-HUP107,03,False
RG02-RG03,0.04090991374733921,True,24.5,25.5,9.530872638326638,67,sub-HUP107,03,False
RDA3-RDA4,0.038722427463812534,True,0.0,5.5,2.706374743421031,68,sub-HUP107,03,False
RG07-RG08,0.03800020411827002,True,0.25,9.75,2.7191330060506993,69,sub-HUP107,03,True
RG24-RG25,0.036622708503263816,True,1.5,6.75,2.925282170583518,70,sub-HUP107,03,False
RDA1-RDA2,0.03557389261820416,True,0.25,11.75,2.5455164733011424,71,sub-HUP107,03,False
RG33-RG34,0.03470601734551861,True,-0.75,7.0,2.2523996598123,72,sub-HUP107,03,False
RPT2-RPT3,0.03426229145823503,True,0.5,6.25,2.5086793109275476,73,sub-HUP107,03,True
RG01-RG02,0.033255383808965325,True,24.75,25.75,7.802919809661253,74,sub-HUP107,03,False
LDA2-LDA3,0.032637781175579035,True,2.5,5.75,2.8242298344610584,75,sub-HUP107,03,False
RG22-RG23,0.030615025297072877,True,7.0,7.75,3.5662249097815284,76,sub-HUP107,03,False
LDH1-LDH2,0.029392613152485442,True,2.75,8.5,2.5923290994043606,77,sub-HUP107,03,False
RG11-RG12,0.028453926847958583,True,25.75,28.0,6.865723027751818,78,sub-HUP107,03,False
LAT2-LAT3,0.027415783720551274,True,2.75,4.0,2.417979427451882,79,sub-HUP107,03,False
LAT1-LAT2,0.026372161183519895,True,2.75,12.25,2.3259354483233414,80,sub-HUP107,03,False
RMT1-RMT2,0.023330056813540546,True,5.0,6.25,2.407041358081744,81,sub-HUP107,03,True
RDH2-RDH3,0.022133423387096465,True,25.5,26.5,5.303800138305937,82,sub-HUP107,03,True
RG19-RG20,0.021845538886857165,True,7.0,14.0,2.5447016355514727,83,sub-HUP107,03,False
RMT2-RMT3,0.020575116787841075,True,20.5,24.5,4.245609640088963,84,sub-HUP107,03,True
RG10-RG11,0.0194634562099368,True,13.5,14.25,3.1093331845615424,85,sub-HUP107,03,False
RG03-RG04,0.018610129459943645,True,13.5,16.5,2.973012217082335,86,sub-HUP107,03,True
RPT3-RPT4,0.018223459891083017,True,24.0,27.25,4.184908705354552,87,sub-HUP107,03,True
RG28-RG29,0.017688172862867127,True,24.5,27.5,4.120852559158886,88,sub-HUP107,03,False
RG08-RG09,0.017325104975916026,True,22.0,25.5,3.7479629891908317,89,sub-HUP107,03,True
RG27-RG28,0.01642619855982977,True,10.75,16.75,2.3234432030098042,90,sub-HUP107,03,False
RMT3-RMT4,0.014791692907809817,True,11.5,13.75,2.1660906140296885,91,sub-HUP107,03,True
RAT2-RAT3,0.012397594976952562,True,21.25,26.25,2.620096165710902,92,sub-HUP107,03,True
RG05-RG06,0.010884953217774213,True,27.75,29.25,2.771367146101436,93,sub-HUP107,03,True
RG04-RG05,0.009708251575909878,True,21.5,27.0,2.0678882149503903,94,sub-HUP107,03,True
LDA3-LDA4,0.0,False,,,,95,sub-HUP107,03,False
LDH2-LDH3,0.0,False,,,,95,sub-HUP107,03,False
LDH3-LDH4,0.0,False,,,,95,sub-HUP107,03,False
LPT1-LPT2,0.0,False,,,,95,sub-HUP107,03,False
LPT2-LPT3,0.0,False,,,,95,sub-HUP107,03,False
RG29-RG30,0.0,False,,,,95,sub-HUP107,03,False
RG30-RG31,0.0,False,,,,95,sub-HUP107,03,False
RPT1-RPT2,0.0,False,,,,95,sub-HUP107,03,True
LDH1-LDH2,1.0,True,-7.25,-6.75,3.0301411357986416,1,sub-HUP111,01,False
LDH2-LDH3,0.845052229532317,True,-7.25,-5.75,2.5606275226042294,2,sub-HUP111,01,False
RG32-RG33,0.2331614162454627,True,-2.5,-1.25,4.062443992217066,3,sub-HUP111,01,False
RG40-RG41,0.23141176425289076,True,-2.25,-1.5,4.207261837022531,4,sub-HUP111,01,False
RG26-RG27,0.1721124181926986,True,-3.0,-2.0,2.7380058213242413,5,sub-HUP111,01,False
RG19-RG20,0.09159825590697598,True,3.25,4.0,3.1918898966980964,6,sub-HUP111,01,False
RO1-RO2,0.08606988437531796,True,2.0,2.75,2.6732399462906082,7,sub-HUP111,01,False
RO3-RO4,0.08193805745499841,True,2.25,3.25,2.606980724059144,8,sub-HUP111,01,False
RG24-RG25,0.08045615593148335,True,14.0,17.0,5.424405546685841,9,sub-HUP111,01,False
RSP3-RSP4,0.06590328124832587,True,3.25,4.25,2.2965068001885838,10,sub-HUP111,01,False
RPST1-RPST2,0.06489175027445232,True,3.0,4.0,2.212100571156646,11,sub-HUP111,01,True
RSP2-RSP3,0.055636417644148194,True,3.0,4.5,1.8965947247100765,12,sub-HUP111,01,False
RG20-RG21,0.05364717536151268,True,3.5,4.5,1.9100625263672946,13,sub-HUP111,01,False
RG43-RG44,0.05119575621327209,True,13.0,14.5,3.296520296203287,14,sub-HUP111,01,False
RPST2-RPST3,0.05099096379418421,True,13.0,17.5,3.2833336101190063,15,sub-HUP111,01,True
RSP1-RSP2,0.05043958002375753,True,3.5,4.25,1.7958587940531427,16,sub-HUP111,01,False
RG38-RG39,0.04702516763100646,True,7.0,10.0,2.1730166465622265,17,sub-HUP111,01,True
RG25-RG26,0.046367417805318056,True,14.25,17.5,3.1612459511847737,18,sub-HUP111,01,False
ROF2-ROF3,0.0462636625678592,True,14.0,17.25,3.1191257516306106,19,sub-HUP111,01,False
RG22-RG23,0.04269519201563022,True,12.5,15.0,2.684478495768194,20,sub-HUP111,01,False
RG16-RG17,0.042437013791041325,True,20.75,21.5,3.729114093891969,21,sub-HUP111,01,False
RG18-RG19,0.04236884855124158,True,13.25,17.25,2.760247203738106,22,sub-HUP111,01,False
RG23-RG24,0.04157273330157496,True,20.75,23.5,3.653166229835963,23,sub-HUP111,01,False
RG33-RG34,0.04083655257526169,True,16.0,17.0,3.000707556710732,24,sub-HUP111,01,False
RG37-RG38,0.03667381042910569,True,15.0,16.0,2.5836986019143593,25,sub-HUP111,01,True
RO2-RO3,0.03520962501933497,True,12.5,14.75,2.2138202628029875,26,sub-HUP111,01,False
RG30-RG31,0.03504472443886091,True,12.75,13.0,2.2299996834133293,27,sub-HUP111,01,False
RG41-RG42,0.034674227881350425,True,15.25,17.0,2.4690934000003986,28,sub-HUP111,01,False
RG42-RG43,0.03394742406520767,True,14.25,17.0,2.3144734375736964,29,sub-HUP111,01,False
RG28-RG29,0.02997946427409691,True,21.25,24.0,2.6798392338213306,30,sub-HUP111,01,True
RPST3-RPST4,0.027134027789260714,True,16.25,18.25,2.014388377711488,31,sub-HUP111,01,True
RSF1-RSF2,0.026917520493247523,True,16.75,18.25,2.0390971530073068,32,sub-HUP111,01,False
RG29-RG30,0.025679909415355473,True,21.25,23.5,2.295505621550018,33,sub-HUP111,01,True
LAST1-LAST2,0.0,False,,,,34,sub-HUP111,01,False
LAST2-LAST3,0.0,False,,,,34,sub-HUP111,01,False
LAST3-LAST4,0.0,False,,,,34,sub-HUP111,01,False
LDA1-LDA2,0.0,False,,,,34,sub-HUP111,01,False
LDA2-LDA3,0.0,False,,,,34,sub-HUP111,01,False
LDA3-LDA4,0.0,False,,,,34,sub-HUP111,01,False
LDH3-LDH4,0.0,False,,,,34,sub-HUP111,01,False
LPST1-LPST2,0.0,False,,,,34,sub-HUP111,01,False
LPST2-LPST3,0.0,False,,,,34,sub-HUP111,01,False
LPST3-LPST4,0.0,False,,,,34,sub-HUP111,01,False
RAST1-RAST2,0.0,False,,,,34,sub-HUP111,01,False
RAST2-RAST3,0.0,False,,,,34,sub-HUP111,01,False
RAST3-RAST4,0.0,False,,,,34,sub-HUP111,01,False
RDH1-RDH2,0.0,False,,,,34,sub-HUP111,01,False
RDH2-RDH3,0.0,False,,,,34,sub-HUP111,01,False
RDH3-RDH4,0.0,False,,,,34,sub-HUP111,01,False
RG1-RG2,0.0,False,,,,34,sub-HUP111,01,False
RG10-RG11,0.0,False,,,,34,sub-HUP111,01,False
RG11-RG12,0.0,False,,,,34,sub-HUP111,01,False
RG12-RG13,0.0,False,,,,34,sub-HUP111,01,False
RG13-RG14,0.0,False,,,,34,sub-HUP111,01,False
RG14-RG15,0.0,False,,,,34,sub-HUP111,01,False
RG15-RG16,0.0,False,,,,34,sub-HUP111,01,False
RG17-RG18,0.0,False,,,,34,sub-HUP111,01,False
RG2-RG3,0.0,False,,,,34,sub-HUP111,01,False
RG21-RG22,0.0,False,,,,34,sub-HUP111,01,False
RG27-RG28,0.0,False,,,,34,sub-HUP111,01,True
RG3-RG4,0.0,False,,,,34,sub-HUP111,01,False
RG31-RG32,0.0,False,,,,34,sub-HUP111,01,False
RG34-RG35,0.0,False,,,,34,sub-HUP111,01,False
RG35-RG36,0.0,False,,,,34,sub-HUP111,01,True
RG36-RG37,0.0,False,,,,34,sub-HUP111,01,True
RG39-RG40,0.0,False,,,,34,sub-HUP111,01,False
RG4-RG5,0.0,False,,,,34,sub-HUP111,01,False
RG44-RG45,0.0,False,,,,34,sub-HUP111,01,False
RG45-RG46,0.0,False,,,,34,sub-HUP111,01,True
RG46-RG47,0.0,False,,,,34,sub-HUP111,01,True
RG47-RG48,0.0,False,,,,34,sub-HUP111,01,True
RG5-RG6,0.0,False,,,,34,sub-HUP111,01,False
RG6-RG7,0.0,False,,,,34,sub-HUP111,01,False
RG9-RG10,0.0,False,,,,34,sub-HUP111,01,False
RMST1-RMST2,0.0,False,,,,34,sub-HUP111,01,True
RMST2-RMST3,0.0,False,,,,34,sub-HUP111,01,True
RMST3-RMST4,0.0,False,,,,34,sub-HUP111,01,True
RO4-RO5,0.0,False,,,,34,sub-HUP111,01,False
RO5-RO6,0.0,False,,,,34,sub-HUP111,01,False
ROF1-ROF2,0.0,False,,,,34,sub-HUP111,01,False
ROF3-ROF4,0.0,False,,,,34,sub-HUP111,01,False
ROF4-ROF5,0.0,False,,,,34,sub-HUP111,01,False
ROF5-ROF6,0.0,False,,,,34,sub-HUP111,01,False
RSF5-RSF6,0.0,False,,,,34,sub-HUP111,01,False
RSP4-RSP5,0.0,False,,,,34,sub-HUP111,01,False
RSP5-RSP6,0.0,False,,,,34,sub-HUP111,01,False
RG40-RG41,1.0,True,-6.75,-5.25,3.291086247077717,1,sub-HUP111,02,False
RG26-RG27,0.998174684855197,True,-7.0,-4.25,2.6280631820064584,2,sub-HUP111,02,False
RG41-RG42,0.9674741303683447,True,-6.75,-6.0,3.1840408048587334,3,sub-HUP111,02,False
RG42-RG43,0.8585089071857195,True,-6.75,-3.5,2.8254268574326415,4,sub-HUP111,02,False
RG35-RG36,0.33574019320930404,True,-5.5,-3.75,2.209899864924712,5,sub-HUP111,02,True
RG1-RG2,0.08361936384062178,True,6.5,9.5,3.1923030445729936,6,sub-HUP111,02,False
RG10-RG11,0.0740169354368076,True,7.25,8.0,2.971872642856385,7,sub-HUP111,02,False
RG2-RG3,0.06684215139338756,True,5.0,8.75,2.2878261658289905,8,sub-HUP111,02,False
RG11-RG12,0.06648627873840873,True,5.0,11.5,2.275645606783667,9,sub-HUP111,02,False
LAST1-LAST2,0.0,False,,,,10,sub-HUP111,02,False
LAST2-LAST3,0.0,False,,,,10,sub-HUP111,02,False
LAST3-LAST4,0.0,False,,,,10,sub-HUP111,02,False
LDA1-LDA2,0.0,False,,,,10,sub-HUP111,02,False
LDA2-LDA3,0.0,False,,,,10,sub-HUP111,02,False
LDA3-LDA4,0.0,False,,,,10,sub-HUP111,02,False
LDH1-LDH2,0.0,False,,,,10,sub-HUP111,02,False
LDH2-LDH3,0.0,False,,,,10,sub-HUP111,02,False
LDH3-LDH4,0.0,False,,,,10,sub-HUP111,02,False
LPST1-LPST2,0.0,False,,,,10,sub-HUP111,02,False
LPST2-LPST3,0.0,False,,,,10,sub-HUP111,02,False
LPST3-LPST4,0.0,False,,,,10,sub-HUP111,02,False
RAST1-RAST2,0.0,False,,,,10,sub-HUP111,02,False
RAST2-RAST3,0.0,False,,,,10,sub-HUP111,02,False
RAST3-RAST4,0.0,False,,,,10,sub-HUP111,02,False
RDH1-RDH2,0.0,False,,,,10,sub-HUP111,02,False
RDH2-RDH3,0.0,False,,,,10,sub-HUP111,02,False
RDH3-RDH4,0.0,False,,,,10,sub-HUP111,02,False
RG12-RG13,0.0,False,,,,10,sub-HUP111,02,False
RG13-RG14,0.0,False,,,,10,sub-HUP111,02,False
RG14-RG15,0.0,False,,,,10,sub-HUP111,02,False
RG15-RG16,0.0,False,,,,10,sub-HUP111,02,False
RG16-RG17,0.0,False,,,,10,sub-HUP111,02,False
RG17-RG18,0.0,False,,,,10,sub-HUP111,02,False
RG18-RG19,0.0,False,,,,10,sub-HUP111,02,False
RG19-RG20,0.0,False,,,,10,sub-HUP111,02,False
RG20-RG21,0.0,False,,,,10,sub-HUP111,02,False
RG21-RG22,0.0,False,,,,10,sub-HUP111,02,False
RG22-RG23,0.0,False,,,,10,sub-HUP111,02,False
RG23-RG24,0.0,False,,,,10,sub-HUP111,02,False
RG24-RG25,0.0,False,,,,10,sub-HUP111,02,False
RG25-RG26,0.0,False,,,,10,sub-HUP111,02,False
RG27-RG28,0.0,False,,,,10,sub-HUP111,02,True
RG28-RG29,0.0,False,,,,10,sub-HUP111,02,True
RG29-RG30,0.0,False,,,,10,sub-HUP111,02,True
RG3-RG4,0.0,False,,,,10,sub-HUP111,02,False
RG30-RG31,0.0,False,,,,10,sub-HUP111,02,False
RG31-RG32,0.0,False,,,,10,sub-HUP111,02,False
RG32-RG33,0.0,False,,,,10,sub-HUP111,02,False
RG33-RG34,0.0,False,,,,10,sub-HUP111,02,False
RG34-RG35,0.0,False,,,,10,sub-HUP111,02,False
RG36-RG37,0.0,False,,,,10,sub-HUP111,02,True
RG37-RG38,0.0,False,,,,10,sub-HUP111,02,True
RG38-RG39,0.0,False,,,,10,sub-HUP111,02,True
RG39-RG40,0.0,False,,,,10,sub-HUP111,02,False
RG4-RG5,0.0,False,,,,10,sub-HUP111,02,False
RG43-RG44,0.0,False,,,,10,sub-HUP111,02,False
RG44-RG45,0.0,False,,,,10,sub-HUP111,02,False
RG45-RG46,0.0,False,,,,10,sub-HUP111,02,True
RG46-RG47,0.0,False,,,,10,sub-HUP111,02,True
RG47-RG48,0.0,False,,,,10,sub-HUP111,02,True
RG5-RG6,0.0,False,,,,10,sub-HUP111,02,False
RG6-RG7,0.0,False,,,,10,sub-HUP111,02,False
RG9-RG10,0.0,False,,,,10,sub-HUP111,02,False
RMST1-RMST2,0.0,False,,,,10,sub-HUP111,02,True
RMST2-RMST3,0.0,False,,,,10,sub-HUP111,02,True
RMST3-RMST4,0.0,False,,,,10,sub-HUP111,02,True
RO1-RO2,0.0,False,,,,10,sub-HUP111,02,False
RO2-RO3,0.0,False,,,,10,sub-HUP111,02,False
RO3-RO4,0.0,False,,,,10,sub-HUP111,02,False
RO4-RO5,0.0,False,,,,10,sub-HUP111,02,False
RO5-RO6,0.0,False,,,,10,sub-HUP111,02,False
ROF1-ROF2,0.0,False,,,,10,sub-HUP111,02,False
ROF2-ROF3,0.0,False,,,,10,sub-HUP111,02,False
ROF3-ROF4,0.0,False,,,,10,sub-HUP111,02,False
ROF4-ROF5,0.0,False,,,,10,sub-HUP111,02,False
ROF5-ROF6,0.0,False,,,,10,sub-HUP111,02,False
RPST1-RPST2,0.0,False,,,,10,sub-HUP111,02,True
RPST2-RPST3,0.0,False,,,,10,sub-HUP111,02,True
RPST3-RPST4,0.0,False,,,,10,sub-HUP111,02,True
RSF1-RSF2,0.0,False,,,,10,sub-HUP111,02,False
RSF5-RSF6,0.0,False,,,,10,sub-HUP111,02,False
RSP1-RSP2,0.0,False,,,,10,sub-HUP111,02,False
RSP2-RSP3,0.0,False,,,,10,sub-HUP111,02,False
RSP3-RSP4,0.0,False,,,,10,sub-HUP111,02,False
RSP4-RSP5,0.0,False,,,,10,sub-HUP111,02,False
RSP5-RSP6,0.0,False,,,,10,sub-HUP111,02,False
LDH2-LDH3,1.0,True,-6.75,-6.0,2.6241785186686974,1,sub-HUP111,03,False
LAST3-LAST4,0.4087499816244737,True,-1.5,1.0,6.703955758032303,2,sub-HUP111,03,False
LDA3-LDA4,0.40535887446268987,True,-3.25,-1.0,4.786803228225205,3,sub-HUP111,03,False
LDA2-LDA3,0.3956042603013798,True,-1.25,0.25,6.747885311548555,4,sub-HUP111,03,False
RG41-RG42,0.2833720371744808,True,-1.25,0.5,4.83352228284029,5,sub-HUP111,03,False
LDH3-LDH4,0.25618410012635295,True,-1.75,0.5,4.033636874256277,6,sub-HUP111,03,False
RG42-RG43,0.239407545256627,True,-1.25,0.75,4.08361289355269,7,sub-HUP111,03,False
RG27-RG28,0.21650899344974922,True,-3.5,0.25,2.414672561265008,8,sub-HUP111,03,True
RG26-RG27,0.20322795754273834,True,-3.25,1.75,2.3998789825945566,9,sub-HUP111,03,False
LDA1-LDA2,0.19786599093079124,True,-1.5,0.75,3.2452230185979856,10,sub-HUP111,03,False
ROF5-ROF6,0.19650848524163841,True,-1.5,1.5,3.222958410670202,11,sub-HUP111,03,False
RG40-RG41,0.1812258980957749,True,-1.5,2.25,2.9723069300585934,12,sub-HUP111,03,False
RG18-RG19,0.1795896211921569,True,-3.25,2.75,2.1207385174873807,13,sub-HUP111,03,False
ROF1-ROF2,0.17812312400163233,True,-3.5,1.75,1.9865642216537882,14,sub-HUP111,03,False
RG35-RG36,0.1760864575086372,True,-1.5,0.25,2.888014370141463,15,sub-HUP111,03,True
RG33-RG34,0.1697024633493111,True,-0.5,2.0,3.228639301926575,16,sub-HUP111,03,False
LPST1-LPST2,0.16956843147298015,True,-2.75,0.0,2.224889176578698,17,sub-HUP111,03,False
RDH3-RDH4,0.1680056465407183,True,-2.5,6.25,2.3146032455027945,18,sub-HUP111,03,False
ROF2-ROF3,0.16317057865870097,True,0.75,1.75,3.6396041828566843,19,sub-HUP111,03,False
LAST2-LAST3,0.16264772809048514,True,-1.5,3.5,2.6676042135332403,20,sub-HUP111,03,False
RO5-RO6,0.1596988951232174,True,-0.5,0.5,3.0383184727716737,21,sub-HUP111,03,False
RO4-RO5,0.15606300924869798,True,-1.75,6.0,2.4572231785753655,22,sub-HUP111,03,False
RPST3-RPST4,0.1427737029432603,True,-3.25,3.25,1.6859865793252027,23,sub-HUP111,03,True
RG17-RG18,0.14155990040931224,True,-3.0,4.75,1.7645226363552375,24,sub-HUP111,03,False
RG34-RG35,0.13956372859495608,True,-0.5,1.75,2.655241004590392,25,sub-HUP111,03,False
RG25-RG26,0.13943056752367966,True,-0.25,3.75,2.744180251060691,26,sub-HUP111,03,False
RAST2-RAST3,0.13670870249346284,True,-0.25,2.25,2.6906103029881123,27,sub-HUP111,03,False
LPST3-LPST4,0.1309083361571479,True,-1.25,2.0,2.2329244837786137,28,sub-HUP111,03,False
RG32-RG33,0.10776297066293052,True,-0.25,2.25,2.1209195454119047,29,sub-HUP111,03,False
RG22-RG23,0.08784281414380252,True,9.0,10.5,3.861130033750854,30,sub-HUP111,03,False
RG31-RG32,0.08055831057513736,True,9.25,11.25,3.5937895978957863,31,sub-HUP111,03,False
RMST1-RMST2,0.07148468864767613,True,6.0,7.25,2.579343034990587,32,sub-HUP111,03,True
RAST1-RAST2,0.0699976800465783,True,1.5,7.5,1.6990992770975963,33,sub-HUP111,03,False
RDH2-RDH3,0.0662545667160085,True,16.75,17.25,4.259663363126364,34,sub-HUP111,03,False
RG30-RG31,0.06194630320077865,True,9.25,12.25,2.7634886888971626,35,sub-HUP111,03,False
RSF5-RSF6,0.0562677253593258,True,21.75,24.25,4.355868407377635,36,sub-HUP111,03,False
RG11-RG12,0.05588167964262145,True,10.0,13.75,2.6029221836689524,37,sub-HUP111,03,False
RG39-RG40,0.05359197217511199,True,13.0,15.0,2.9181742197166534,38,sub-HUP111,03,False
RG5-RG6,0.05306254956106931,True,4.25,5.75,1.6709472324474146,39,sub-HUP111,03,False
RG23-RG24,0.05167677626165819,True,12.25,14.5,2.712181723597838,40,sub-HUP111,03,False
RG1-RG2,0.05067399343007608,True,5.0,5.75,1.6954644639331455,41,sub-HUP111,03,False
RSF1-RSF2,0.0487481953346545,True,23.25,25.5,3.965642977653045,42,sub-HUP111,03,False
RG24-RG25,0.04390640775349802,True,24.0,26.75,3.6581795028617643,43,sub-HUP111,03,False
RG13-RG14,0.043369713271531836,True,11.25,13.75,2.162387528631517,44,sub-HUP111,03,False
RG47-RG48,0.0355165018290793,True,12.5,18.25,1.8873332334520796,45,sub-HUP111,03,True
RG12-RG13,0.0338657282451994,True,9.25,16.5,1.5107851818621083,46,sub-HUP111,03,False
RG19-RG20,0.027951519682931598,True,20.0,25.75,2.035456326071619,47,sub-HUP111,03,False
RG16-RG17,0.02699644733243347,True,23.25,28.75,2.196148412274426,48,sub-HUP111,03,False
RG6-RG7,0.026732312627179757,True,23.75,27.5,2.209736357343304,49,sub-HUP111,03,False
RG43-RG44,0.026285924478663656,True,22.5,27.75,2.0866134903977693,50,sub-HUP111,03,False
RPST2-RPST3,0.025918393392473753,True,17.5,26.75,1.7173659022680918,51,sub-HUP111,03,True
RSP1-RSP2,0.02582634892343199,True,23.5,25.25,2.117904689391021,52,sub-HUP111,03,False
ROF3-ROF4,0.025301328259182767,True,23.75,24.5,2.0914488665132795,53,sub-HUP111,03,False
RG28-RG29,0.02281778487304826,True,22.25,28.75,1.7963382272237038,54,sub-HUP111,03,True
LAST1-LAST2,0.0,False,,,,55,sub-HUP111,03,False
LDH1-LDH2,0.0,False,,,,55,sub-HUP111,03,False
LPST2-LPST3,0.0,False,,,,55,sub-HUP111,03,False
RAST3-RAST4,0.0,False,,,,55,sub-HUP111,03,False
RDH1-RDH2,0.0,False,,,,55,sub-HUP111,03,False
RG10-RG11,0.0,False,,,,55,sub-HUP111,03,False
RG14-RG15,0.0,False,,,,55,sub-HUP111,03,False
RG15-RG16,0.0,False,,,,55,sub-HUP111,03,False
RG2-RG3,0.0,False,,,,55,sub-HUP111,03,False
RG20-RG21,0.0,False,,,,55,sub-HUP111,03,False
RG21-RG22,0.0,False,,,,55,sub-HUP111,03,False
RG29-RG30,0.0,False,,,,55,sub-HUP111,03,True
RG3-RG4,0.0,False,,,,55,sub-HUP111,03,False
RG36-RG37,0.0,False,,,,55,sub-HUP111,03,True
RG37-RG38,0.0,False,,,,55,sub-HUP111,03,True
RG38-RG39,0.0,False,,,,55,sub-HUP111,03,True
RG4-RG5,0.0,False,,,,55,sub-HUP111,03,False
RG44-RG45,0.0,False,,,,55,sub-HUP111,03,False
RG45-RG46,0.0,False,,,,55,sub-HUP111,03,True
RG46-RG47,0.0,False,,,,55,sub-HUP111,03,True
RG9-RG10,0.0,False,,,,55,sub-HUP111,03,False
RMST2-RMST3,0.0,False,,,,55,sub-HUP111,03,True
RMST3-RMST4,0.0,False,,,,55,sub-HUP111,03,True
RO1-RO2,0.0,False,,,,55,sub-HUP111,03,False
RO2-RO3,0.0,False,,,,55,sub-HUP111,03,False
RO3-RO4,0.0,False,,,,55,sub-HUP111,03,False
ROF4-ROF5,0.0,False,,,,55,sub-HUP111,03,False
RPST1-RPST2,0.0,False,,,,55,sub-HUP111,03,True
RSP2-RSP3,0.0,False,,,,55,sub-HUP111,03,False
RSP3-RSP4,0.0,False,,,,55,sub-HUP111,03,False
RSP4-RSP5,0.0,False,,,,55,sub-HUP111,03,False
RSP5-RSP6,0.0,False,,,,55,sub-HUP111,03,False
RT11-4,1.0,True,0.25,6.75,2.3852279988557954,1,sub-HUP112,01,False
RPF7-3,0.916367296153862,True,1.75,3.25,5.46436233005493,2,sub-HUP112,01,False
RAF5-3,0.8344343168581713,True,1.0,3.25,3.4830531676083822,3,sub-HUP112,01,False
RPF9-4,0.8045581228963783,True,2.5,3.0,6.236927324677736,4,sub-HUP112,01,False
RPF9-3,0.7975444316338027,True,1.75,3.25,4.755813271661195,5,sub-HUP112,01,False
RPF7-4,0.7966857930689212,True,1.75,3.5,4.750693149796563,6,sub-HUP112,01,False
RPF8-4,0.5875889114379376,True,2.5,3.0,4.554983950981642,7,sub-HUP112,01,False
RPF7-2,0.5711346894120812,True,1.75,3.5,3.405716130758762,8,sub-HUP112,01,False
LPF15-2,0.562219604840957,True,1.75,3.5,3.3525548574307296,9,sub-HUP112,01,False
LPF15-1,0.5210187474325976,True,1.75,3.5,3.1068712607625195,10,sub-HUP112,01,False
RAF4-4,0.520700379523464,True,2.5,4.5,4.036464653826167,11,sub-HUP112,01,False
RPF7-1,0.507322376874394,True,1.75,4.75,3.025198844417191,12,sub-HUP112,01,False
LAF14-3,0.4990867803095802,True,2.0,3.0,3.273698346196306,13,sub-HUP112,01,False
LAF14-4,0.4899736469201609,True,2.25,2.75,3.506096584006354,14,sub-HUP112,01,False
LAF14-5,0.48670875928349744,True,1.5,4.5,2.612050559845568,15,sub-HUP112,01,False
LAF14-6,0.47799863717230295,True,1.5,4.75,2.565305398796151,16,sub-HUP112,01,False
LAF14-2,0.4669146150380837,True,2.0,3.25,3.062668985375484,17,sub-HUP112,01,False
RAF4-3,0.4542074258185001,True,2.5,4.75,3.521011875389135,18,sub-HUP112,01,False
LAF14-1,0.4493638355932294,True,1.75,3.5,2.679588005825508,19,sub-HUP112,01,False
RPF8-3,0.4335920282252396,True,2.5,7.0,3.36120149886142,20,sub-HUP112,01,False
RAF4-2,0.43149265519664154,True,2.5,5.0,3.3449271780458916,21,sub-HUP112,01,False
LAF14-8,0.4312124645680218,True,1.5,6.5,2.3142150988723307,22,sub-HUP112,01,False
RAF5-2,0.4249426358034673,True,1.75,5.0,2.5339626820650283,23,sub-HUP112,01,False
RPF9-2,0.4186613276389655,True,2.25,4.75,2.9958081621678003,24,sub-HUP112,01,False
RT11-6,0.41837634487182956,True,1.75,4.75,2.49480742961809,25,sub-HUP112,01,False
RPF10-3,0.4122550858626537,True,3.0,7.25,3.6874589005136307,26,sub-HUP112,01,False
RPF10-4,0.4109782469294441,True,2.5,7.25,3.185899669864538,27,sub-HUP112,01,False
RPF10-2,0.4085549249907106,True,3.0,7.25,3.654362423093521,28,sub-HUP112,01,False
RT11-3,0.4069433084424192,True,4.0,6.5,4.610599722908374,29,sub-HUP112,01,False
RT11-7,0.40319115111038345,True,1.75,4.75,2.4042570562984613,30,sub-HUP112,01,False
RPF9-1,0.4025036460905602,True,1.75,6.75,2.4001574157418704,31,sub-HUP112,01,False
RAF2-2,0.3988348647303057,True,2.5,7.0,3.0917642803924137,32,sub-HUP112,01,False
RT11-8,0.39674875847582614,True,1.75,4.75,2.36584061806954,33,sub-HUP112,01,False
RT11-1,0.3951783623883649,True,2.25,5.0,2.8277714835321297,34,sub-HUP112,01,False
RAF4-1,0.3947565016163588,True,2.25,5.0,2.824752781157106,35,sub-HUP112,01,False
RAF1-4,0.38913603378461875,True,2.5,7.0,3.016579030226994,36,sub-HUP112,01,False
RAF5-1,0.38778095177277183,True,1.75,6.5,2.3123649589784105,37,sub-HUP112,01,False
RAF6-1,0.3866793919452023,True,1.75,6.75,2.3057962806205765,38,sub-HUP112,01,False
LAF14-7,0.3853217688377796,True,1.5,7.25,2.067930611101153,39,sub-HUP112,01,False
RAF6-2,0.38105000801563904,True,1.75,7.0,2.2722278702078187,40,sub-HUP112,01,False
RAF5-4,0.3809041487173589,True,2.25,6.75,2.7256297212029286,41,sub-HUP112,01,False
RAF3-3,0.37656348484639585,True,1.75,7.0,2.2454744185058333,42,sub-HUP112,01,False
RAF3-1,0.37456005047478275,True,1.75,7.0,2.2335277991132294,43,sub-HUP112,01,False
RT11-2,0.3677990063819608,True,3.75,5.0,3.947780195881174,44,sub-HUP112,01,False
RAF1-1,0.3675835922619317,True,1.75,7.0,2.19192669045788,45,sub-HUP112,01,False
RPF10-1,0.36295003160139006,True,1.75,7.0,2.164296443903078,46,sub-HUP112,01,False
RAF3-2,0.3617646629657763,True,1.75,7.0,2.1572280077565,47,sub-HUP112,01,False
RAF1-2,0.36037533110915654,True,1.75,7.0,2.14894332464622,48,sub-HUP112,01,False
RAF6-3,0.35715060010245697,True,1.75,7.0,2.1297140279313247,49,sub-HUP112,01,False
RAF1-3,0.35309636564032987,True,2.25,7.0,2.5266460128586146,50,sub-HUP112,01,False
RAF3-4,0.3443965665247748,True,3.0,7.0,3.0804912494426078,51,sub-HUP112,01,False
RAF2-1,0.34406086213641357,True,2.25,7.0,2.4619908050347123,52,sub-HUP112,01,False
RPF8-2,0.34168796193871964,True,2.25,7.0,2.445011081064622,53,sub-HUP112,01,False
RAF6-4,0.33398967760372983,True,1.75,7.25,1.9916038258730917,54,sub-HUP112,01,False
RT12-1,0.33346974278936165,True,2.25,7.0,2.3862041018172775,55,sub-HUP112,01,False
RPF8-1,0.33343777145842723,True,1.75,7.0,1.9883127708968011,56,sub-HUP112,01,False
RAF2-3,0.3327856750996537,True,1.5,7.25,1.785981847198099,57,sub-HUP112,01,False
RAF2-4,0.3156260711113529,True,2.5,7.5,2.44673046144686,58,sub-HUP112,01,False
RT13-1,0.2983563138288698,True,2.25,7.5,2.1349435001400803,59,sub-HUP112,01,False
RT13-2,0.23718998418389933,True,5.25,7.25,3.3945131479415998,60,sub-HUP112,01,False
RT12-3,0.23402734935943764,True,6.0,8.75,3.7679079567834286,61,sub-HUP112,01,False
RT12-2,0.2181352366436117,True,6.25,8.75,3.642115917855641,62,sub-HUP112,01,False
RT13-6,0.19360037107264402,True,6.25,8.75,3.2324671796993947,63,sub-HUP112,01,False
RT13-5,0.1818851717256912,True,6.25,8.75,3.0368632292376923,64,sub-HUP112,01,False
RT12-4,0.17548917704975445,True,6.25,8.75,2.9300718901666527,65,sub-HUP112,01,False
RT13-3,0.17240856558424994,True,6.25,8.75,2.87863616511883,66,sub-HUP112,01,False
LPF15-5,0.16841859226826622,True,6.0,8.5,2.711588007191491,67,sub-HUP112,01,False
RT13-4,0.1671457080264164,True,6.25,17.75,2.7907643587122895,68,sub-HUP112,01,False
LPF15-8,0.15044497201921206,True,6.25,12.5,2.5119189168311093,69,sub-HUP112,01,False
LPF15-7,0.14736969475757034,True,6.25,12.75,2.4605722548301223,70,sub-HUP112,01,False
LPF15-6,0.1416336016026857,True,6.0,13.0,2.2803419168202126,71,sub-HUP112,01,False
RPF9-4,1.0,True,-3.5,-0.25,7.0282033611164065,1,sub-HUP112,02,False
RPF9-2,0.38357441926461305,True,-3.5,4.5,2.6958390227138276,2,sub-HUP112,02,False
RPF10-2,0.3300582617130002,True,-3.5,7.0,2.3197165843355463,3,sub-HUP112,02,False
RPF10-3,0.27075093633037683,True,-3.5,7.0,1.9028926407425686,4,sub-HUP112,02,False
RAF4-1,0.24944990354641805,True,-2.5,0.25,3.5063693010701975,5,sub-HUP112,02,False
LPF15-2,0.20686322550987313,True,-2.75,2.0,2.544284429434775,6,sub-HUP112,02,False
RAF5-3,0.1917412070174083,True,-2.25,0.25,3.0320914401545975,7,sub-HUP112,02,False
LPF15-1,0.18231066295515835,True,-2.75,6.75,2.2423037247604074,8,sub-HUP112,02,False
RPF9-3,0.17674881880204094,True,-0.75,-0.25,4.65834990891697,9,sub-HUP112,02,False
RT11-6,0.16720842899237648,True,-2.5,0.75,2.3503496853024286,10,sub-HUP112,02,False
RPF7-3,0.15961131149636157,True,-1.0,0.0,3.9262326457582413,11,sub-HUP112,02,False
RT11-7,0.14365763672030465,True,-2.5,6.5,2.0193101704953698,12,sub-HUP112,02,False
RT11-8,0.14269061012345868,True,-2.5,6.5,2.0057172513388863,13,sub-HUP112,02,False
LAF14-2,0.13114614353850046,True,-1.5,0.75,2.765165300444231,14,sub-HUP112,02,False
RAF3-4,0.1271459856429426,True,-2.0,7.0,2.234019609120469,15,sub-HUP112,02,False
RAF4-2,0.1259229328186927,True,-0.75,0.25,3.3187949237923933,16,sub-HUP112,02,False
RPF8-4,0.12183115480591804,True,-0.75,0.0,3.210952993858674,17,sub-HUP112,02,False
RPF7-2,0.12133399839117809,True,-1.0,0.25,2.984660053586997,18,sub-HUP112,02,False
RAF2-3,0.12031624607202973,True,-1.0,0.5,2.959624657641218,19,sub-HUP112,02,False
RPF10-1,0.10674695135057205,True,-1.75,7.0,2.063158026245305,20,sub-HUP112,02,False
RPF7-4,0.10553549445727703,True,-0.5,0.25,2.966899667446865,21,sub-HUP112,02,False
LAF14-3,0.10541722544499967,True,-1.5,2.75,2.222681094576338,22,sub-HUP112,02,False
LAF14-4,0.10424204192317271,True,4.0,6.5,6.227391290019678,23,sub-HUP112,02,False
RAF2-4,0.09673390957798694,True,-1.0,0.25,2.3795295595047845,24,sub-HUP112,02,False
LAF14-1,0.09027688109503071,True,-1.5,6.75,1.9034528374296031,25,sub-HUP112,02,False
RPF7-1,0.08672640133379082,True,-1.0,7.0,2.1333577487308766,26,sub-HUP112,02,False
RAF1-4,0.0832431965517912,True,-1.0,11.5,2.047675398283804,27,sub-HUP112,02,False
RPF8-3,0.08130905356093597,True,-1.0,11.5,2.000097972341574,28,sub-HUP112,02,False
RPF9-1,0.08012822954106828,True,-1.0,8.75,1.9710512226329509,29,sub-HUP112,02,False
RAF2-2,0.07735382450963227,True,-0.75,12.0,2.0387190353017735,30,sub-HUP112,02,False
RPF8-2,0.07588191296673914,True,-1.0,9.0,1.8665973051627254,31,sub-HUP112,02,False
RAF1-3,0.07388592756445753,True,-1.0,9.5,1.817498635567033,32,sub-HUP112,02,False
RAF6-2,0.055451738757146415,True,4.25,7.25,3.4101033462363466,33,sub-HUP112,02,False
RAF6-1,0.055017301926505224,True,4.25,7.25,3.383386880294927,34,sub-HUP112,02,False
RAF3-3,0.05456846804441406,True,4.25,7.25,3.355785042056336,35,sub-HUP112,02,False
RAF5-2,0.05282433920192725,True,4.25,7.25,3.2485267353677103,36,sub-HUP112,02,False
LAF14-5,0.05271594303706415,True,2.5,7.0,2.593488576262607,37,sub-HUP112,02,False
RAF3-2,0.05247727710819876,True,4.25,7.25,3.227183534348196,38,sub-HUP112,02,False
RAF3-1,0.05243197808362157,True,4.25,7.25,3.2243977902262957,39,sub-HUP112,02,False
RAF5-1,0.051669239584799,True,4.25,7.25,3.1774918290168657,40,sub-HUP112,02,False
RT11-1,0.05131148082894456,True,4.0,4.75,3.0653339372197097,41,sub-HUP112,02,False
RAF6-3,0.05081759595031363,True,4.25,8.75,3.1251184882911858,42,sub-HUP112,02,False
RT11-2,0.047337226154729115,True,4.0,4.5,2.8279130417160543,43,sub-HUP112,02,False
RAF1-1,0.0461708185366648,True,4.25,8.75,2.839356642717728,44,sub-HUP112,02,False
LAF14-6,0.04563544683706146,True,4.25,7.5,2.806433007404989,45,sub-HUP112,02,False
RAF1-2,0.045214587170756604,True,4.25,8.75,2.7805514933437707,46,sub-HUP112,02,False
RAF6-4,0.04285634659868182,True,4.0,8.75,2.5602265132852144,47,sub-HUP112,02,False
RT13-1,0.0427850004081142,True,4.25,10.75,2.631139732144657,48,sub-HUP112,02,False
RAF4-3,0.04217605568951925,True,6.0,8.5,3.1124299117349756,49,sub-HUP112,02,False
RPF8-1,0.041521747337655165,True,6.5,9.0,3.210056126177277,50,sub-HUP112,02,False
RAF4-4,0.04146673210930254,True,6.0,8.25,3.060084572843694,51,sub-HUP112,02,False
RPF10-4,0.03965622093337409,True,4.25,13.75,2.4387298709647527,52,sub-HUP112,02,False
LAF14-8,0.03904311664055327,True,4.25,8.25,2.4010259315139684,53,sub-HUP112,02,False
RAF5-4,0.03700673896136417,True,4.25,12.25,2.2757952625819002,54,sub-HUP112,02,False
LAF14-7,0.03620993194937614,True,4.25,8.75,2.2267941975335153,55,sub-HUP112,02,False
RAF2-1,0.03518215236292558,True,6.25,11.5,2.658123706000548,56,sub-HUP112,02,False
RT11-3,0.03256225011984076,True,4.0,4.75,1.9452599837711126,57,sub-HUP112,02,False
LPF15-5,0.032002123787954674,True,5.0,10.5,2.1367156227089805,58,sub-HUP112,02,False
LPF15-6,0.02873910419661766,True,6.0,11.5,2.1208348214565005,59,sub-HUP112,02,False
LPF15-8,0.02834741822147436,True,6.0,11.5,2.0919299102429547,60,sub-HUP112,02,False
LPF15-7,0.0281142502617397,True,6.0,11.5,2.0747230159406813,61,sub-HUP112,02,False
RT12-1,0.023997193537550147,True,7.0,13.25,1.939557297196665,62,sub-HUP112,02,False
RT13-2,0.021335871576264143,True,10.25,15.5,2.2118044537885533,63,sub-HUP112,02,False
RT11-4,0.014581100009099318,True,20.5,29.0,2.561973402318157,64,sub-HUP112,02,False
RT13-6,0.0128946139369901,True,19.25,27.75,2.1523667640409916,65,sub-HUP112,02,False
RT13-5,0.011906157922061351,True,23.0,28.0,2.3011697259598938,66,sub-HUP112,02,False
RT12-2,0.0,False,,,,67,sub-HUP112,02,False
RT12-3,0.0,False,,,,67,sub-HUP112,02,False
RT12-4,0.0,False,,,,67,sub-HUP112,02,False
RT13-3,0.0,False,,,,67,sub-HUP112,02,False
RT13-4,0.0,False,,,,67,sub-HUP112,02,False
RT13-3,1.0,True,5.0,6.5,2.084802064722429,1,sub-HUP112,03,False
RPF9-2,0.7856258987681038,True,5.5,8.5,2.4568117437767354,2,sub-HUP112,03,False
RT12-3,0.5943797031378107,True,5.75,6.75,2.1685370565789213,3,sub-HUP112,03,False
RPF9-4,0.13768025705698228,True,16.0,18.0,3.444433010206937,4,sub-HUP112,03,False
RPF10-3,0.13432355243221802,True,14.5,17.0,2.940399204241165,5,sub-HUP112,03,False
RT13-2,0.12510187283519883,True,13.75,22.0,2.5429232671777866,6,sub-HUP112,03,False
LPF15-2,0.1195543392922923,True,19.0,20.25,3.738707001046452,7,sub-HUP112,03,False
RAF4-4,0.11514942225093859,True,16.0,17.5,2.8807650391242188,8,sub-HUP112,03,False
RPF7-3,0.10722802071130189,True,21.5,23.75,3.9121109820628766,9,sub-HUP112,03,False
LAF14-3,0.10614826306879165,True,14.25,19.5,2.268305709628293,10,sub-HUP112,03,False
RAF5-3,0.10449239733645875,True,16.5,20.75,2.7230745714355704,11,sub-HUP112,03,False
RPF10-2,0.1034636110735901,True,14.5,18.0,2.2648620748935193,12,sub-HUP112,03,False
LAF14-5,0.10113575969638801,True,16.25,19.75,2.5828884977456887,13,sub-HUP112,03,False
RT11-8,0.0975874762723889,True,16.25,20.5,2.492269507290661,14,sub-HUP112,03,False
LAF14-2,0.09748202122898468,True,16.25,21.0,2.4895763093609107,15,sub-HUP112,03,False
RT11-7,0.09742785393831128,True,16.25,20.5,2.4881929403878162,16,sub-HUP112,03,False
RAF4-3,0.09663622467955246,True,16.25,20.75,2.467975659051666,17,sub-HUP112,03,False
RAF6-4,0.09643718719827367,True,16.0,18.0,2.412629363843812,18,sub-HUP112,03,False
RPF9-3,0.09618571898860176,True,16.75,23.5,2.5567343656891657,19,sub-HUP112,03,False
RAF5-4,0.0958630193855788,True,16.75,21.25,2.5481566145061563,20,sub-HUP112,03,False
RPF7-2,0.09422357123547048,True,21.75,24.75,3.4867655514658273,21,sub-HUP112,03,False
RAF6-3,0.09234398916014512,True,16.25,21.5,2.358357006005758,22,sub-HUP112,03,False
RAF2-3,0.09194494930180161,True,16.75,19.75,2.444009506851237,23,sub-HUP112,03,False
LPF15-1,0.08715605674160766,True,16.25,22.5,2.225863306337618,24,sub-HUP112,03,False
RT13-4,0.08675276762364897,True,20.0,22.5,2.8937975849946955,25,sub-HUP112,03,False
RT11-6,0.08538914238752085,True,16.5,21.0,2.2252432544297616,26,sub-HUP112,03,False
LPF15-7,0.08527091083523392,True,16.25,28.5,2.177718894383208,27,sub-HUP112,03,False
LPF15-8,0.08518722025246407,True,16.25,28.5,2.1755815352111925,28,sub-HUP112,03,False
RAF4-1,0.08481284000766487,True,14.0,19.75,1.7681798396295274,29,sub-HUP112,03,False
LPF15-6,0.08383727284188686,True,16.25,28.5,2.141105464137926,30,sub-HUP112,03,False
LAF14-1,0.08365671979797341,True,16.25,28.75,2.136494351493328,31,sub-HUP112,03,False
RAF4-2,0.08043269986021433,True,16.25,22.0,2.054156669562235,32,sub-HUP112,03,False
RT13-6,0.07937083251472327,True,20.0,23.0,2.6475596080869304,33,sub-HUP112,03,False
RAF6-2,0.07875432477125574,True,16.25,29.25,2.01129294138945,34,sub-HUP112,03,False
RAF2-4,0.07851618452224346,True,17.0,27.75,2.127979146879305,35,sub-HUP112,03,False
RAF3-4,0.0781602420078686,True,13.75,21.0,1.5887491806927894,36,sub-HUP112,03,False
RPF8-4,0.07729001254432587,True,19.5,23.25,2.4975828548899113,37,sub-HUP112,03,False
RPF7-4,0.07672379107617074,True,17.25,23.5,2.1193894141483622,38,sub-HUP112,03,False
RAF1-4,0.07662541534353268,True,16.5,23.75,1.9968603014801325,39,sub-HUP112,03,False
RPF7-1,0.07557736456716724,True,21.75,24.75,2.7967582611024024,40,sub-HUP112,03,False
RPF9-1,0.07528803083204093,True,16.5,27.25,1.96200802659406,41,sub-HUP112,03,False
RAF3-3,0.07369511546026147,True,16.5,29.25,1.9204966108938866,42,sub-HUP112,03,False
RAF3-1,0.07272625301705289,True,16.5,28.5,1.8952480306184705,43,sub-HUP112,03,False
RT12-4,0.07249018812288119,True,20.0,21.75,2.4180431019312,44,sub-HUP112,03,False
RPF8-3,0.07059116781676912,True,16.5,24.25,1.8396076551945968,45,sub-HUP112,03,False
RAF2-2,0.07035216998236443,True,16.75,24.75,1.8700469527709422,46,sub-HUP112,03,False
RT13-5,0.06930567824728145,True,20.0,23.5,2.311817937710731,47,sub-HUP112,03,False
RPF8-2,0.06761565727694435,True,16.5,25.0,1.7620657737317214,48,sub-HUP112,03,False
RPF8-1,0.06722784780413582,True,16.5,27.25,1.7519594488613446,49,sub-HUP112,03,False
RAF1-2,0.06393181454566771,True,16.5,27.5,1.666064737078243,50,sub-HUP112,03,False
LAF14-4,0.06124214981147947,True,26.25,29.0,2.840830168344033,51,sub-HUP112,03,False
RT12-2,0.06061440180454791,True,20.0,27.5,2.0219044805445825,52,sub-HUP112,03,False
RAF1-3,0.05957539689102274,True,16.5,27.25,1.55253638056328,53,sub-HUP112,03,False
RT12-1,0.05768613880454829,True,20.0,28.75,1.9242269005693902,54,sub-HUP112,03,False
RAF2-1,0.05429979482203261,True,20.75,27.25,1.8961724330128784,55,sub-HUP112,03,False
LAF14-6,0.0,False,,,,56,sub-HUP112,03,False
LAF14-7,0.0,False,,,,56,sub-HUP112,03,False
LAF14-8,0.0,False,,,,56,sub-HUP112,03,False
LPF15-5,0.0,False,,,,56,sub-HUP112,03,False
RAF1-1,0.0,False,,,,56,sub-HUP112,03,False
RAF3-2,0.0,False,,,,56,sub-HUP112,03,False
RAF5-1,0.0,False,,,,56,sub-HUP112,03,False
RAF5-2,0.0,False,,,,56,sub-HUP112,03,False
RAF6-1,0.0,False,,,,56,sub-HUP112,03,False
RPF10-1,0.0,False,,,,56,sub-HUP112,03,False
RPF10-4,0.0,False,,,,56,sub-HUP112,03,False
RT11-1,0.0,False,,,,56,sub-HUP112,03,False
RT11-2,0.0,False,,,,56,sub-HUP112,03,False
RT11-3,0.0,False,,,,56,sub-HUP112,03,False
RT11-4,0.0,False,,,,56,sub-HUP112,03,False
RT13-1,0.0,False,,,,56,sub-HUP112,03,False
RMT2-RMT3,1.0,True,-3.5,-0.25,3.4200102518012137,1,sub-HUP114,01,False
LG8-LG9,0.4549560259375364,True,-2.75,1.0,2.7229199774439485,2,sub-HUP114,01,False
LG13-LG14,0.4169335825318866,True,-0.5,0.5,5.7036685063170385,3,sub-HUP114,01,False
LG19-LG20,0.37071807828073855,True,-0.5,0.5,5.071438512992684,4,sub-HUP114,01,False
LG26-LG27,0.3094127657150876,True,-0.75,0.75,3.9682306154391247,5,sub-HUP114,01,False
LDA2-LDA3,0.255189368474818,True,-0.75,-0.25,3.272813461254581,6,sub-HUP114,01,False
RFP4-RFP5,0.2488841132611344,True,-0.5,3.25,3.4047448754541363,7,sub-HUP114,01,False
LG27-LG28,0.24006572001964402,True,-0.5,0.5,3.2841088942928898,8,sub-HUP114,01,False
RIH4-RIH5,0.2163834022880391,True,-0.5,1.25,2.9601338165788795,9,sub-HUP114,01,False
LG18-LG19,0.20847942829113858,True,-0.75,0.25,2.6737566826700623,10,sub-HUP114,01,False
LG20-LG21,0.20816263748566072,True,-0.5,2.5,2.847673416971757,11,sub-HUP114,01,False
LDH3-LDH4,0.20302956252996518,True,-0.25,3.5,2.951043537402585,12,sub-HUP114,01,False
LOP5-LOP6,0.18203432469651432,True,-0.5,0.5,2.490237026567159,13,sub-HUP114,01,False
RPT2-RPT3,0.17573372829732076,True,0.5,4.75,3.0050557618204303,14,sub-HUP114,01,False
ROF4-ROF5,0.1263264530588813,True,2.0,3.5,2.808245469477882,15,sub-HUP114,01,False
LP7-LP8,0.08758525615733967,True,3.25,4.5,2.3214541732267118,16,sub-HUP114,01,False
LG4-LG5,0.07005311127086923,True,8.25,10.75,3.054675073641035,17,sub-HUP114,01,False
LG11-LG12,0.055285830525083526,True,8.5,10.5,2.4580153932766917,18,sub-HUP114,01,False
LAT3-LAT4,0.040486016319594,True,14.75,17.25,2.6654048742013523,19,sub-HUP114,01,False
LG58-LG59,0.03776428705110849,True,15.5,19.0,2.5830849773350972,20,sub-HUP114,01,False
RP4-RP5,0.033907481265052435,True,16.5,19.75,2.435242604323975,21,sub-HUP114,01,False
LG3-LG4,0.02094034785069501,True,16.25,17.0,1.486036239757454,22,sub-HUP114,01,False
LAT2-LAT3,0.0,False,,,,23,sub-HUP114,01,False
LDA1-LDA2,0.0,False,,,,23,sub-HUP114,01,False
LDA3-LDA4,0.0,False,,,,23,sub-HUP114,01,False
LDH1-LDH2,0.0,False,,,,23,sub-HUP114,01,False
LDH2-LDH3,0.0,False,,,,23,sub-HUP114,01,False
LFP4-LFP5,0.0,False,,,,23,sub-HUP114,01,False
LFP5-LFP6,0.0,False,,,,23,sub-HUP114,01,False
LFP6-LFP7,0.0,False,,,,23,sub-HUP114,01,False
LFP7-LFP8,0.0,False,,,,23,sub-HUP114,01,False
LG10-LG11,0.0,False,,,,23,sub-HUP114,01,False
LG12-LG13,0.0,False,,,,23,sub-HUP114,01,False
LG14-LG15,0.0,False,,,,23,sub-HUP114,01,False
LG21-LG22,0.0,False,,,,23,sub-HUP114,01,False
LG22-LG23,0.0,False,,,,23,sub-HUP114,01,False
LG28-LG29,0.0,False,,,,23,sub-HUP114,01,False
LG39-LG40,0.0,False,,,,23,sub-HUP114,01,False
LG40-LG41,0.0,False,,,,23,sub-HUP114,01,False
LG41-LG42,0.0,False,,,,23,sub-HUP114,01,False
LG42-LG43,0.0,False,,,,23,sub-HUP114,01,False
LG43-LG44,0.0,False,,,,23,sub-HUP114,01,False
LG44-LG45,0.0,False,,,,23,sub-HUP114,01,False
LG45-LG46,0.0,False,,,,23,sub-HUP114,01,False
LG46-LG47,0.0,False,,,,23,sub-HUP114,01,False
LG5-LG6,0.0,False,,,,23,sub-HUP114,01,False
LG50-LG51,0.0,False,,,,23,sub-HUP114,01,False
LG51-LG52,0.0,False,,,,23,sub-HUP114,01,False
LG52-LG53,0.0,False,,,,23,sub-HUP114,01,False
LG53-LG54,0.0,False,,,,23,sub-HUP114,01,False
LG54-LG55,0.0,False,,,,23,sub-HUP114,01,False
LG59-LG60,0.0,False,,,,23,sub-HUP114,01,False
LG6-LG7,0.0,False,,,,23,sub-HUP114,01,False
LG60-LG61,0.0,False,,,,23,sub-HUP114,01,False
LG61-LG62,0.0,False,,,,23,sub-HUP114,01,False
LG62-LG63,0.0,False,,,,23,sub-HUP114,01,False
LG63-LG64,0.0,False,,,,23,sub-HUP114,01,False
LG7-LG8,0.0,False,,,,23,sub-HUP114,01,False
LG9-LG10,0.0,False,,,,23,sub-HUP114,01,False
LMT2-LMT3,0.0,False,,,,23,sub-HUP114,01,False
LMT3-LMT4,0.0,False,,,,23,sub-HUP114,01,False
LOP3-LOP4,0.0,False,,,,23,sub-HUP114,01,False
LOP4-LOP5,0.0,False,,,,23,sub-HUP114,01,False
LP6-LP7,0.0,False,,,,23,sub-HUP114,01,False
LPT2-LPT3,0.0,False,,,,23,sub-HUP114,01,False
LPT3-LPT4,0.0,False,,,,23,sub-HUP114,01,False
RAT2-RAT3,0.0,False,,,,23,sub-HUP114,01,False
RAT3-RAT4,0.0,False,,,,23,sub-HUP114,01,False
RDA1-RDA2,0.0,False,,,,23,sub-HUP114,01,False
RDA2-RDA3,0.0,False,,,,23,sub-HUP114,01,False
RDA3-RDA4,0.0,False,,,,23,sub-HUP114,01,True
RDH1-RDH2,0.0,False,,,,23,sub-HUP114,01,False
RDH2-RDH3,0.0,False,,,,23,sub-HUP114,01,False
RDH3-RDH4,0.0,False,,,,23,sub-HUP114,01,True
RFP5-RFP6,0.0,False,,,,23,sub-HUP114,01,False
RIH5-RIH6,0.0,False,,,,23,sub-HUP114,01,False
RMT3-RMT4,0.0,False,,,,23,sub-HUP114,01,False
ROF5-ROF6,0.0,False,,,,23,sub-HUP114,01,False
RP5-RP6,0.0,False,,,,23,sub-HUP114,01,False
RPT3-RPT4,0.0,False,,,,23,sub-HUP114,01,False
LDH2-LDH3,1.0,True,-7.0,-6.5,2.771056890013016,1,sub-HUP114,02,False
RMT3-RMT4,0.38087382137055753,True,-5.75,-5.25,2.374701810602558,2,sub-HUP114,02,False
LPT2-LPT3,0.29287165810317667,True,-5.0,-4.25,2.434692078229032,3,sub-HUP114,02,False
LFP6-LFP7,0.16545930290422087,True,-1.0,1.0,3.2094799893064434,4,sub-HUP114,02,False
RFP5-RFP6,0.1498924235749018,True,1.5,2.5,3.9459241145258197,5,sub-HUP114,02,False
RIH4-RIH5,0.1274453587052728,True,1.5,2.75,3.355004223734052,6,sub-HUP114,02,False
RIH5-RIH6,0.11806416180442114,True,1.75,4.25,3.189834463059589,7,sub-HUP114,02,False
LG9-LG10,0.11629664598445573,True,0.5,4.25,2.73924928819536,8,sub-HUP114,02,False
LFP4-LFP5,0.10437820224489046,True,-2.5,3.0,1.5908086507383166,9,sub-HUP114,02,False
LG10-LG11,0.08676475765756557,True,0.75,2.25,2.103763195776433,10,sub-HUP114,02,False
LG19-LG20,0.03724505663788645,True,18.75,20.5,2.760818569310352,11,sub-HUP114,02,False
ROF4-ROF5,0.03422900993874501,True,21.0,22.75,2.7506654810434172,12,sub-HUP114,02,False
LFP7-LFP8,0.030085767613591354,True,19.5,25.75,2.2926577750167514,13,sub-HUP114,02,False
RDA2-RDA3,0.027265249619271723,True,22.75,25.25,2.323271902823786,14,sub-HUP114,02,False
LG40-LG41,0.024824222035158622,True,21.25,23.25,2.0120879466598725,15,sub-HUP114,02,False
LAT2-LAT3,0.0,False,,,,16,sub-HUP114,02,False
LAT3-LAT4,0.0,False,,,,16,sub-HUP114,02,False
LDA1-LDA2,0.0,False,,,,16,sub-HUP114,02,False
LDA2-LDA3,0.0,False,,,,16,sub-HUP114,02,False
LDA3-LDA4,0.0,False,,,,16,sub-HUP114,02,False
LDH1-LDH2,0.0,False,,,,16,sub-HUP114,02,False
LDH3-LDH4,0.0,False,,,,16,sub-HUP114,02,False
LFP5-LFP6,0.0,False,,,,16,sub-HUP114,02,False
LG11-LG12,0.0,False,,,,16,sub-HUP114,02,False
LG12-LG13,0.0,False,,,,16,sub-HUP114,02,False
LG13-LG14,0.0,False,,,,16,sub-HUP114,02,False
LG14-LG15,0.0,False,,,,16,sub-HUP114,02,False
LG18-LG19,0.0,False,,,,16,sub-HUP114,02,False
LG20-LG21,0.0,False,,,,16,sub-HUP114,02,False
LG21-LG22,0.0,False,,,,16,sub-HUP114,02,False
LG22-LG23,0.0,False,,,,16,sub-HUP114,02,False
LG26-LG27,0.0,False,,,,16,sub-HUP114,02,False
LG27-LG28,0.0,False,,,,16,sub-HUP114,02,False
LG28-LG29,0.0,False,,,,16,sub-HUP114,02,False
LG3-LG4,0.0,False,,,,16,sub-HUP114,02,False
LG39-LG40,0.0,False,,,,16,sub-HUP114,02,False
LG4-LG5,0.0,False,,,,16,sub-HUP114,02,False
LG41-LG42,0.0,False,,,,16,sub-HUP114,02,False
LG42-LG43,0.0,False,,,,16,sub-HUP114,02,False
LG43-LG44,0.0,False,,,,16,sub-HUP114,02,False
LG44-LG45,0.0,False,,,,16,sub-HUP114,02,False
LG45-LG46,0.0,False,,,,16,sub-HUP114,02,False
LG46-LG47,0.0,False,,,,16,sub-HUP114,02,False
LG5-LG6,0.0,False,,,,16,sub-HUP114,02,False
LG50-LG51,0.0,False,,,,16,sub-HUP114,02,False
LG51-LG52,0.0,False,,,,16,sub-HUP114,02,False
LG52-LG53,0.0,False,,,,16,sub-HUP114,02,False
LG53-LG54,0.0,False,,,,16,sub-HUP114,02,False
LG54-LG55,0.0,False,,,,16,sub-HUP114,02,False
LG58-LG59,0.0,False,,,,16,sub-HUP114,02,False
LG59-LG60,0.0,False,,,,16,sub-HUP114,02,False
LG6-LG7,0.0,False,,,,16,sub-HUP114,02,False
LG60-LG61,0.0,False,,,,16,sub-HUP114,02,False
LG61-LG62,0.0,False,,,,16,sub-HUP114,02,False
LG62-LG63,0.0,False,,,,16,sub-HUP114,02,False
LG63-LG64,0.0,False,,,,16,sub-HUP114,02,False
LG7-LG8,0.0,False,,,,16,sub-HUP114,02,False
LG8-LG9,0.0,False,,,,16,sub-HUP114,02,False
LMT2-LMT3,0.0,False,,,,16,sub-HUP114,02,False
LMT3-LMT4,0.0,False,,,,16,sub-HUP114,02,False
LOP3-LOP4,0.0,False,,,,16,sub-HUP114,02,False
LOP4-LOP5,0.0,False,,,,16,sub-HUP114,02,False
LOP5-LOP6,0.0,False,,,,16,sub-HUP114,02,False
LP6-LP7,0.0,False,,,,16,sub-HUP114,02,False
LP7-LP8,0.0,False,,,,16,sub-HUP114,02,False
LPT3-LPT4,0.0,False,,,,16,sub-HUP114,02,False
RAT2-RAT3,0.0,False,,,,16,sub-HUP114,02,False
RAT3-RAT4,0.0,False,,,,16,sub-HUP114,02,False
RDA1-RDA2,0.0,False,,,,16,sub-HUP114,02,False
RDA3-RDA4,0.0,False,,,,16,sub-HUP114,02,True
RDH1-RDH2,0.0,False,,,,16,sub-HUP114,02,False
RDH2-RDH3,0.0,False,,,,16,sub-HUP114,02,False
RDH3-RDH4,0.0,False,,,,16,sub-HUP114,02,True
RFP4-RFP5,0.0,False,,,,16,sub-HUP114,02,False
RMT2-RMT3,0.0,False,,,,16,sub-HUP114,02,False
ROF5-ROF6,0.0,False,,,,16,sub-HUP114,02,False
RP4-RP5,0.0,False,,,,16,sub-HUP114,02,False
RP5-RP6,0.0,False,,,,16,sub-HUP114,02,False
RPT2-RPT3,0.0,False,,,,16,sub-HUP114,02,False
RPT3-RPT4,0.0,False,,,,16,sub-HUP114,02,False
RDA2-RDA3,1.0,True,-9.75,-9.0,4.920700961146656,1,sub-HUP114,03,False
RDH2-RDH3,0.6065937710989395,True,-9.25,-8.75,4.4772998287081895,2,sub-HUP114,03,False
LG12-LG13,0.26652465514419876,True,-8.0,-5.5,3.606592348527685,3,sub-HUP114,03,False
LDA1-LDA2,0.21822278968925807,True,-7.25,-6.75,3.758331818388129,4,sub-HUP114,03,False
RPT2-RPT3,0.12766343418235485,True,-4.75,-3.25,3.769161499706378,5,sub-HUP114,03,False
RPT3-RPT4,0.1084492119268218,True,-4.5,-3.75,3.3352883835244342,6,sub-HUP114,03,False
LG51-LG52,0.10484245945897881,True,-5.5,-2.75,2.708466552901076,7,sub-HUP114,03,False
LDH3-LDH4,0.10445186039695004,True,-0.25,2.75,5.396751883412698,8,sub-HUP114,03,False
LDH2-LDH3,0.06119352403110446,True,1.5,3.0,3.6886591483186324,9,sub-HUP114,03,False
LDA2-LDA3,0.04288778712952078,True,1.75,3.0,2.6379746918710762,10,sub-HUP114,03,False
LG14-LG15,0.032784846055616504,True,7.25,10.25,2.9038396229445107,11,sub-HUP114,03,False
LP7-LP8,0.03153221912379764,True,6.25,9.5,2.6377305561424866,12,sub-HUP114,03,False
LG22-LG23,0.028556723267747483,True,6.75,9.5,2.459084173539072,13,sub-HUP114,03,False
RDA3-RDA4,0.028509323836400577,True,17.25,17.5,3.9280040016956925,14,sub-HUP114,03,True
LG28-LG29,0.025849558019334966,True,8.5,10.75,2.448560441075938,15,sub-HUP114,03,False
RDH1-RDH2,0.024964585597641507,True,14.0,17.25,3.0403706935373274,16,sub-HUP114,03,False
LP6-LP7,0.02223424494222811,True,12.5,14.5,2.5437376381390147,17,sub-HUP114,03,False
RDH3-RDH4,0.020896837037569473,True,12.25,12.75,2.3650229802009424,18,sub-HUP114,03,True
LG11-LG12,0.014144941430264837,True,25.0,29.75,2.488308211362807,19,sub-HUP114,03,False
LMT3-LMT4,0.012995041126530578,True,25.25,26.5,2.302009609012536,20,sub-HUP114,03,False
ROF5-ROF6,0.011799382962942985,True,26.5,30.0,2.1627810069792406,21,sub-HUP114,03,False
LG50-LG51,0.01067696691717487,True,28.5,29.5,2.0621228338303323,22,sub-HUP114,03,False
LAT2-LAT3,0.0,False,,,,23,sub-HUP114,03,False
LAT3-LAT4,0.0,False,,,,23,sub-HUP114,03,False
LDA3-LDA4,0.0,False,,,,23,sub-HUP114,03,False
LDH1-LDH2,0.0,False,,,,23,sub-HUP114,03,False
LFP4-LFP5,0.0,False,,,,23,sub-HUP114,03,False
LFP5-LFP6,0.0,False,,,,23,sub-HUP114,03,False
LFP6-LFP7,0.0,False,,,,23,sub-HUP114,03,False
LFP7-LFP8,0.0,False,,,,23,sub-HUP114,03,False
LG10-LG11,0.0,False,,,,23,sub-HUP114,03,False
LG13-LG14,0.0,False,,,,23,sub-HUP114,03,False
LG18-LG19,0.0,False,,,,23,sub-HUP114,03,False
LG19-LG20,0.0,False,,,,23,sub-HUP114,03,False
LG20-LG21,0.0,False,,,,23,sub-HUP114,03,False
LG21-LG22,0.0,False,,,,23,sub-HUP114,03,False
LG26-LG27,0.0,False,,,,23,sub-HUP114,03,False
LG27-LG28,0.0,False,,,,23,sub-HUP114,03,False
LG3-LG4,0.0,False,,,,23,sub-HUP114,03,False
LG39-LG40,0.0,False,,,,23,sub-HUP114,03,False
LG4-LG5,0.0,False,,,,23,sub-HUP114,03,False
LG40-LG41,0.0,False,,,,23,sub-HUP114,03,False
LG41-LG42,0.0,False,,,,23,sub-HUP114,03,False
LG42-LG43,0.0,False,,,,23,sub-HUP114,03,False
LG43-LG44,0.0,False,,,,23,sub-HUP114,03,False
LG44-LG45,0.0,False,,,,23,sub-HUP114,03,False
LG45-LG46,0.0,False,,,,23,sub-HUP114,03,False
LG46-LG47,0.0,False,,,,23,sub-HUP114,03,False
LG5-LG6,0.0,False,,,,23,sub-HUP114,03,False
LG52-LG53,0.0,False,,,,23,sub-HUP114,03,False
LG53-LG54,0.0,False,,,,23,sub-HUP114,03,False
LG54-LG55,0.0,False,,,,23,sub-HUP114,03,False
LG58-LG59,0.0,False,,,,23,sub-HUP114,03,False
LG59-LG60,0.0,False,,,,23,sub-HUP114,03,False
LG6-LG7,0.0,False,,,,23,sub-HUP114,03,False
LG60-LG61,0.0,False,,,,23,sub-HUP114,03,False
LG61-LG62,0.0,False,,,,23,sub-HUP114,03,False
LG62-LG63,0.0,False,,,,23,sub-HUP114,03,False
LG63-LG64,0.0,False,,,,23,sub-HUP114,03,False
LG7-LG8,0.0,False,,,,23,sub-HUP114,03,False
LG8-LG9,0.0,False,,,,23,sub-HUP114,03,False
LG9-LG10,0.0,False,,,,23,sub-HUP114,03,False
LMT2-LMT3,0.0,False,,,,23,sub-HUP114,03,False
LOP3-LOP4,0.0,False,,,,23,sub-HUP114,03,False
LOP4-LOP5,0.0,False,,,,23,sub-HUP114,03,False
LOP5-LOP6,0.0,False,,,,23,sub-HUP114,03,False
LPT2-LPT3,0.0,False,,,,23,sub-HUP114,03,False
LPT3-LPT4,0.0,False,,,,23,sub-HUP114,03,False
RAT2-RAT3,0.0,False,,,,23,sub-HUP114,03,False
RAT3-RAT4,0.0,False,,,,23,sub-HUP114,03,False
RDA1-RDA2,0.0,False,,,,23,sub-HUP114,03,False
RFP4-RFP5,0.0,False,,,,23,sub-HUP114,03,False
RFP5-RFP6,0.0,False,,,,23,sub-HUP114,03,False
RIH4-RIH5,0.0,False,,,,23,sub-HUP114,03,False
RIH5-RIH6,0.0,False,,,,23,sub-HUP114,03,False
RMT2-RMT3,0.0,False,,,,23,sub-HUP114,03,False
RMT3-RMT4,0.0,False,,,,23,sub-HUP114,03,False
ROF4-ROF5,0.0,False,,,,23,sub-HUP114,03,False
RP4-RP5,0.0,False,,,,23,sub-HUP114,03,False
RP5-RP6,0.0,False,,,,23,sub-HUP114,03,False
RH2-RH3,1.0,True,4.0,9.25,1.9604529724537834,1,sub-HUP116,01,True
RH3-RH4,0.8585331298628331,True,4.25,12.0,2.1038922829870517,2,sub-HUP116,01,True
RA3-RA4,0.09828304809454237,True,13.25,14.0,1.9749627612323284,3,sub-HUP116,01,True
LAF2-LAF3,0.0858349915649036,True,21.75,23.25,3.1551649566367628,4,sub-HUP116,01,False
RA1-RA2,0.05403959336285671,True,25.25,26.75,2.3572113120045377,5,sub-HUP116,01,True
LAF1-LAF2,0.0,False,,,,6,sub-HUP116,01,False
LAF3-LAF4,0.0,False,,,,6,sub-HUP116,01,False
RA2-RA3,0.0,False,,,,6,sub-HUP116,01,True
RH1-RH2,0.0,False,,,,6,sub-HUP116,01,True
RH3-RH4,1.0,True,-0.75,1.5,2.2214494779641805,1,sub-HUP116,02,True
LAF2-LAF3,0.21552256695883357,True,5.0,6.0,3.2317143335563565,2,sub-HUP116,02,False
LAF1-LAF2,0.0,False,,,,3,sub-HUP116,02,False
LAF3-LAF4,0.0,False,,,,3,sub-HUP116,02,False
RA1-RA2,0.0,False,,,,3,sub-HUP116,02,True
RA2-RA3,0.0,False,,,,3,sub-HUP116,02,True
RA3-RA4,0.0,False,,,,3,sub-HUP116,02,True
RH1-RH2,0.0,False,,,,3,sub-HUP116,02,True
RH2-RH3,0.0,False,,,,3,sub-HUP116,02,True
RH2-RH3,1.0,True,3.75,5.0,2.7289836081647794,1,sub-HUP116,03,True
RA3-RA4,0.4896628156037547,True,4.5,5.25,2.338493145293304,2,sub-HUP116,03,True
RH1-RH2,0.06735838572502328,True,20.0,21.25,3.1708938014015007,3,sub-HUP116,03,True
LAF1-LAF2,0.0,False,,,,4,sub-HUP116,03,False
LAF2-LAF3,0.0,False,,,,4,sub-HUP116,03,False
LAF3-LAF4,0.0,False,,,,4,sub-HUP116,03,False
RA1-RA2,0.0,False,,,,4,sub-HUP116,03,True
RA2-RA3,0.0,False,,,,4,sub-HUP116,03,True
RH3-RH4,0.0,False,,,,4,sub-HUP116,03,True
HIPP2-HIPP3,1.0,True,2.5,4.5,3.8987703633040156,1,sub-HUP117,01,False
OFAL2-OFAL3,0.5412051997990421,True,2.5,7.5,2.1100347934425336,2,sub-HUP117,01,True
HIPP3-HIPP4,0.15078232110960296,True,5.75,10.75,2.498428990622315,3,sub-HUP117,01,False
MTG1-MTG2,0.1075919341472777,True,7.5,8.5,2.5168574651037816,4,sub-HUP117,01,False
MTG2-MTG3,0.04212804905758178,True,17.25,18.25,2.5868995287899006,5,sub-HUP117,01,False
OFAL3-OFAL4,0.03483657173293567,True,23.0,25.25,2.9201255587769053,6,sub-HUP117,01,True
MTG3-MTG4,0.030805106677807836,True,22.5,24.75,2.5221427760309725,7,sub-HUP117,01,False
ACCC1-ACCC2,0.0,False,,,,8,sub-HUP117,01,False
ACCC2-ACCC3,0.0,False,,,,8,sub-HUP117,01,False
ACCC3-ACCC4,0.0,False,,,,8,sub-HUP117,01,False
HIPP1-HIPP2,0.0,False,,,,8,sub-HUP117,01,False
OF1-OF2,0.0,False,,,,8,sub-HUP117,01,False
OF2-OF3,0.0,False,,,,8,sub-HUP117,01,False
OF3-OF4,0.0,False,,,,8,sub-HUP117,01,False
OFAL1-OFAL2,0.0,False,,,,8,sub-HUP117,01,True
STG1-STG2,0.0,False,,,,8,sub-HUP117,01,True
STG2-STG3,0.0,False,,,,8,sub-HUP117,01,True
STG3-STG4,0.0,False,,,,8,sub-HUP117,01,True
OFAL3-OFAL4,1.0,True,-6.5,-3.5,2.497982669924867,1,sub-HUP117,02,True
OF2-OF3,0.08627325712116574,True,4.25,8.5,2.5322319387080685,2,sub-HUP117,02,False
STG2-STG3,0.048566523425749596,True,19.5,22.5,3.2755950141126093,3,sub-HUP117,02,True
ACCC1-ACCC2,0.03624502360933887,True,18.0,19.0,2.3087557416022273,4,sub-HUP117,02,False
ACCC2-ACCC3,0.0,False,,,,5,sub-HUP117,02,False
ACCC3-ACCC4,0.0,False,,,,5,sub-HUP117,02,False
HIPP1-HIPP2,0.0,False,,,,5,sub-HUP117,02,False
HIPP2-HIPP3,0.0,False,,,,5,sub-HUP117,02,False
HIPP3-HIPP4,0.0,False,,,,5,sub-HUP117,02,False
MTG1-MTG2,0.0,False,,,,5,sub-HUP117,02,False
MTG2-MTG3,0.0,False,,,,5,sub-HUP117,02,False
MTG3-MTG4,0.0,False,,,,5,sub-HUP117,02,False
OF1-OF2,0.0,False,,,,5,sub-HUP117,02,False
OF3-OF4,0.0,False,,,,5,sub-HUP117,02,False
OFAL1-OFAL2,0.0,False,,,,5,sub-HUP117,02,True
OFAL2-OFAL3,0.0,False,,,,5,sub-HUP117,02,True
STG1-STG2,0.0,False,,,,5,sub-HUP117,02,True
STG3-STG4,0.0,False,,,,5,sub-HUP117,02,True
ACCC3-ACCC4,1.0,True,-6.75,-4.0,2.7324017289447795,1,sub-HUP117,03,False
ACCC2-ACCC3,0.5243863021634261,True,-6.25,-4.25,2.1492510579994577,2,sub-HUP117,03,False
OFAL3-OFAL4,0.1424189136758461,True,-0.75,1.75,2.7240198017362345,3,sub-HUP117,03,True
ACCC1-ACCC2,0.0,False,,,,4,sub-HUP117,03,False
HIPP1-HIPP2,0.0,False,,,,4,sub-HUP117,03,False
HIPP2-HIPP3,0.0,False,,,,4,sub-HUP117,03,False
HIPP3-HIPP4,0.0,False,,,,4,sub-HUP117,03,False
MTG1-MTG2,0.0,False,,,,4,sub-HUP117,03,False
MTG2-MTG3,0.0,False,,,,4,sub-HUP117,03,False
MTG3-MTG4,0.0,False,,,,4,sub-HUP117,03,False
OF1-OF2,0.0,False,,,,4,sub-HUP117,03,False
OF2-OF3,0.0,False,,,,4,sub-HUP117,03,False
OF3-OF4,0.0,False,,,,4,sub-HUP117,03,False
OFAL1-OFAL2,0.0,False,,,,4,sub-HUP117,03,True
OFAL2-OFAL3,0.0,False,,,,4,sub-HUP117,03,True
STG1-STG2,0.0,False,,,,4,sub-HUP117,03,True
STG2-STG3,0.0,False,,,,4,sub-HUP117,03,True
STG3-STG4,0.0,False,,,,4,sub-HUP117,03,True
RDHP2-RDHP3,1.0,True,-8.25,-4.5,4.0701995449194746,1,sub-HUP123,01,True
RDHP3-RDHP4,0.7845764659252437,True,-6.75,-6.0,7.983456936408642,2,sub-HUP123,01,False
RDA3-RDA4,0.6266662841252345,True,-6.5,-6.0,7.014306267272997,3,sub-HUP123,01,True
RAT2-RAT3,0.6095042058353773,True,-6.5,-5.25,6.822210288348562,4,sub-HUP123,01,False
RDHP4-RDHP5,0.5929485968635554,True,-7.75,-4.75,3.620128663672026,5,sub-HUP123,01,False
RDA6-RDA7,0.5690963009906606,True,-7.75,-4.0,3.4745032579613144,6,sub-HUP123,01,False
RG33-RG34,0.3102378395476656,True,-6.75,-4.75,3.1568247833592737,7,sub-HUP123,01,False
RAT1-RAT2,0.2947086454388225,True,-6.5,-4.0,3.2986882350095583,8,sub-HUP123,01,False
RDA2-RDA3,0.28635892623984965,True,-6.5,-5.75,3.20522942097893,9,sub-HUP123,01,True
RDA7-RDA8,0.27632467632201224,True,-5.0,-4.75,4.77996043021747,10,sub-HUP123,01,False
RAT3-RAT4,0.26568141750831314,True,-6.75,-4.5,2.7034409615897426,11,sub-HUP123,01,False
RDHA2-RDHA3,0.2504830651552509,True,-6.25,-3.75,3.0585481734148123,12,sub-HUP123,01,True
RG44-RG45,0.24069568985573328,True,-6.5,-3.75,2.6941185901159326,13,sub-HUP123,01,False
RDHA5-RDHA6,0.2351480359484836,True,-6.0,-4.0,3.1105731439452358,14,sub-HUP123,01,False
RDHP5-RDHP6,0.21858406602524597,True,-6.0,-4.75,2.8914624897034646,15,sub-HUP123,01,False
RPT3-RPT4,0.1860265944936786,True,-5.0,-4.75,3.217952781067134,16,sub-HUP123,01,False
RG19-RG20,0.1647773816415634,True,-6.0,-5.25,2.1796996772541704,17,sub-HUP123,01,False
RIO5-RIO6,0.14740586130003386,True,-4.0,-0.25,3.1498491653047704,18,sub-HUP123,01,False
DNET14-DNET15,0.12596681689360942,True,-5.0,-4.5,2.179017843380126,19,sub-HUP123,01,False
DNET16-DNET17,0.07253630586776433,True,3.5,4.5,3.7642747989472065,20,sub-HUP123,01,True
RG02-RG03,0.048687500424270454,True,6.75,9.0,3.1706854731221172,21,sub-HUP123,01,False
RSO7-RSO8,0.04826125623186038,True,2.0,14.5,2.2098706104618033,22,sub-HUP123,01,False
DNET23-DNET24,0.04797092590585738,True,8.25,9.5,3.4168967138492645,23,sub-HUP123,01,False
DNET22-DNET23,0.047875426003394325,True,5.75,9.0,2.9229380569776238,24,sub-HUP123,01,False
DNET15-DNET16,0.04692447641561995,True,7.75,9.75,3.246863703391496,25,sub-HUP123,01,False
RPT1-RPT2,0.042121224094452694,True,13.25,17.25,3.8574402106655823,26,sub-HUP123,01,False
RG07-RG08,0.03903654150962716,True,12.0,14.25,3.3763384116139363,27,sub-HUP123,01,False
RG15-RG16,0.035630280952292585,True,7.75,14.0,2.465380006395363,28,sub-HUP123,01,False
RG18-RG19,0.0337647457472655,True,10.5,14.0,2.714227742303126,29,sub-HUP123,01,False
RG60-RG61,0.03338361166386143,True,11.75,15.0,2.8534371810423624,30,sub-HUP123,01,False
RG16-RG17,0.03258018760601726,True,13.25,14.75,2.9836769572665576,31,sub-HUP123,01,False
RG06-RG07,0.032467466199089294,True,13.5,14.5,3.0063912548720433,32,sub-HUP123,01,False
RDHA7-RDHA8,0.03048840387292252,True,8.0,8.75,2.1406195605633593,33,sub-HUP123,01,False
DNET27-DNET28,0.030406415751525778,True,13.25,14.5,2.7846040399760827,34,sub-HUP123,01,False
RG34-RG35,0.02777122018466098,True,26.5,27.0,4.040980077329397,35,sub-HUP123,01,False
RG08-RG09,0.027122031397681594,True,11.75,16.75,2.318233676894842,36,sub-HUP123,01,False
RG51-RG52,0.027021737363068836,True,10.75,23.0,2.1996772623619267,37,sub-HUP123,01,False
DNET21-DNET22,0.02650408281618912,True,13.0,14.5,2.400261154427383,38,sub-HUP123,01,False
RPT2-RPT3,0.02416990573721131,True,16.75,18.25,2.5577848226409463,39,sub-HUP123,01,False
RG30-RG31,0.02303429691401049,True,18.5,21.75,2.6016786286702396,40,sub-HUP123,01,False
RG50-RG51,0.021705799280493616,True,12.5,21.0,1.921545822190334,41,sub-HUP123,01,False
DNET24-DNET25,0.02151277044719199,True,24.25,24.75,2.9333024942179518,42,sub-HUP123,01,False
RG53-RG54,0.021298589120528236,True,13.5,20.75,1.9721863012169707,43,sub-HUP123,01,False
RMT1-RMT2,0.0193343925228837,True,26.0,26.75,2.7739929565897343,44,sub-HUP123,01,False
RDHA1-RDHA2,0.017836967050922005,True,13.75,14.5,1.6698003489883473,45,sub-HUP123,01,True
DNET25-DNET26,0.016986334012291673,True,27.0,29.25,2.5062441250421417,46,sub-HUP123,01,False
RG27-RG28,0.016393809091278078,True,27.5,29.25,2.452183230628517,47,sub-HUP123,01,False
RDHP6-RDHP7,0.014640575265256238,True,27.5,28.25,2.1899348072386933,48,sub-HUP123,01,False
RG20-RG21,0.013652170815878282,True,26.0,28.25,1.9587388453287626,49,sub-HUP123,01,False
DNET11-DNET12,0.0,False,,,,50,sub-HUP123,01,False
DNET12-DNET13,0.0,False,,,,50,sub-HUP123,01,False
DNET13-DNET14,0.0,False,,,,50,sub-HUP123,01,False
DNET17-DNET18,0.0,False,,,,50,sub-HUP123,01,True
DNET26-DNET27,0.0,False,,,,50,sub-HUP123,01,False
FP6-FP7,0.0,False,,,,50,sub-HUP123,01,False
FP7-FP8,0.0,False,,,,50,sub-HUP123,01,False
RDA1-RDA2,0.0,False,,,,50,sub-HUP123,01,True
RDA4-RDA5,0.0,False,,,,50,sub-HUP123,01,True
RDA5-RDA6,0.0,False,,,,50,sub-HUP123,01,False
RDHA3-RDHA4,0.0,False,,,,50,sub-HUP123,01,False
RDHA4-RDHA5,0.0,False,,,,50,sub-HUP123,01,False
RDHA6-RDHA7,0.0,False,,,,50,sub-HUP123,01,False
RDHP7-RDHP8,0.0,False,,,,50,sub-HUP123,01,False
RG03-RG04,0.0,False,,,,50,sub-HUP123,01,False
RG04-RG05,0.0,False,,,,50,sub-HUP123,01,False
RG05-RG06,0.0,False,,,,50,sub-HUP123,01,False
RG09-RG10,0.0,False,,,,50,sub-HUP123,01,False
RG10-RG11,0.0,False,,,,50,sub-HUP123,01,False
RG11-RG12,0.0,False,,,,50,sub-HUP123,01,False
RG12-RG13,0.0,False,,,,50,sub-HUP123,01,False
RG13-RG14,0.0,False,,,,50,sub-HUP123,01,False
RG14-RG15,0.0,False,,,,50,sub-HUP123,01,False
RG17-RG18,0.0,False,,,,50,sub-HUP123,01,False
RG21-RG22,0.0,False,,,,50,sub-HUP123,01,False
RG22-RG23,0.0,False,,,,50,sub-HUP123,01,False
RG23-RG24,0.0,False,,,,50,sub-HUP123,01,False
RG24-RG25,0.0,False,,,,50,sub-HUP123,01,False
RG25-RG26,0.0,False,,,,50,sub-HUP123,01,False
RG26-RG27,0.0,False,,,,50,sub-HUP123,01,False
RG28-RG29,0.0,False,,,,50,sub-HUP123,01,False
RG29-RG30,0.0,False,,,,50,sub-HUP123,01,False
RG31-RG32,0.0,False,,,,50,sub-HUP123,01,False
RG32-RG33,0.0,False,,,,50,sub-HUP123,01,False
RG35-RG36,0.0,False,,,,50,sub-HUP123,01,False
RG45-RG46,0.0,False,,,,50,sub-HUP123,01,False
RG46-RG47,0.0,False,,,,50,sub-HUP123,01,False
RG47-RG48,0.0,False,,,,50,sub-HUP123,01,False
RG48-RG49,0.0,False,,,,50,sub-HUP123,01,False
RG49-RG50,0.0,False,,,,50,sub-HUP123,01,False
RG52-RG53,0.0,False,,,,50,sub-HUP123,01,False
RG54-RG55,0.0,False,,,,50,sub-HUP123,01,False
RG55-RG56,0.0,False,,,,50,sub-HUP123,01,False
RG56-RG57,0.0,False,,,,50,sub-HUP123,01,False
RG57-RG58,0.0,False,,,,50,sub-HUP123,01,False
RG58-RG59,0.0,False,,,,50,sub-HUP123,01,False
RG59-RG60,0.0,False,,,,50,sub-HUP123,01,False
RG61-RG62,0.0,False,,,,50,sub-HUP123,01,False
RG62-RG63,0.0,False,,,,50,sub-HUP123,01,False
RG63-RG64,0.0,False,,,,50,sub-HUP123,01,False
RMT2-RMT3,0.0,False,,,,50,sub-HUP123,01,False
RDA3-RDA4,1.0,True,-9.25,-8.75,5.1392119041259505,1,sub-HUP123,02,True
RDA2-RDA3,0.5583596337752391,True,-9.25,-8.5,2.869528476681115,2,sub-HUP123,02,True
RG34-RG35,0.23408585072998164,True,-7.5,-6.5,3.308296174312173,3,sub-HUP123,02,False
RDHA4-RDHA5,0.1717963690352496,True,-7.5,-6.5,2.4279693482868163,4,sub-HUP123,02,False
RDA7-RDA8,0.17004279048973395,True,-7.5,-6.25,2.403186316012998,5,sub-HUP123,02,False
RG32-RG33,0.08810916187225681,True,-1.25,2.5,4.075304882008163,6,sub-HUP123,02,False
RG35-RG36,0.07054840517087388,True,-1.25,3.0,3.2630688330413022,7,sub-HUP123,02,False
RDHA5-RDHA6,0.07053473927904887,True,-1.25,3.0,3.2624367458157737,8,sub-HUP123,02,False
RG33-RG34,0.06723166499483411,True,-1.5,2.5,3.02328051441202,9,sub-HUP123,02,False
RDHP7-RDHP8,0.0637821816078399,True,-0.75,-0.25,3.114006396406274,10,sub-HUP123,02,False
RG31-RG32,0.0592877456139456,True,-0.5,1.0,2.970749808272808,11,sub-HUP123,02,False
RAT3-RAT4,0.0587842633445192,True,-1.25,-0.25,2.7189430735988505,12,sub-HUP123,02,False
RG04-RG05,0.05191246054229579,True,-0.5,0.75,2.6011940681164933,13,sub-HUP123,02,False
RAT2-RAT3,0.05091262677794992,True,-1.25,6.25,2.354856998468057,14,sub-HUP123,02,False
RDHA7-RDHA8,0.04678094398215414,True,1.75,5.75,2.8850062103920293,15,sub-HUP123,02,False
RG28-RG29,0.04512086604659198,True,3.0,5.0,3.0724854178223127,16,sub-HUP123,02,False
RDHA6-RDHA7,0.04069973424402195,True,1.5,3.25,2.4576835649792725,17,sub-HUP123,02,False
RDHA2-RDHA3,0.03204192653656521,True,6.0,8.25,2.6758915671774828,18,sub-HUP123,02,True
RG02-RG03,0.02439772606963367,True,17.25,18.5,3.4480898168932983,19,sub-HUP123,02,False
RDHA3-RDHA4,0.022405465450550402,True,8.0,9.0,2.1014224343873615,20,sub-HUP123,02,False
RDHP4-RDHP5,0.020694949011034025,True,12.5,14.25,2.419592819115873,21,sub-HUP123,02,False
RG24-RG25,0.01870882710263848,True,25.25,26.25,3.413276257013043,22,sub-HUP123,02,False
RDHP6-RDHP7,0.017181931134563733,True,27.25,29.5,3.3113094383483337,23,sub-HUP123,02,False
RPT3-RPT4,0.01697693650314501,True,17.25,19.0,2.3993220397452135,24,sub-HUP123,02,False
DNET14-DNET15,0.014663338654548937,True,17.5,19.0,2.091184626753345,25,sub-HUP123,02,False
DNET27-DNET28,0.014440008902210939,True,24.75,28.5,2.59735929760745,26,sub-HUP123,02,False
DNET23-DNET24,0.010954459462859886,True,24.0,25.0,1.9281821302617181,27,sub-HUP123,02,False
DNET11-DNET12,0.0,False,,,,28,sub-HUP123,02,False
DNET12-DNET13,0.0,False,,,,28,sub-HUP123,02,False
DNET13-DNET14,0.0,False,,,,28,sub-HUP123,02,False
DNET15-DNET16,0.0,False,,,,28,sub-HUP123,02,False
DNET16-DNET17,0.0,False,,,,28,sub-HUP123,02,True
DNET17-DNET18,0.0,False,,,,28,sub-HUP123,02,True
DNET21-DNET22,0.0,False,,,,28,sub-HUP123,02,False
DNET22-DNET23,0.0,False,,,,28,sub-HUP123,02,False
DNET24-DNET25,0.0,False,,,,28,sub-HUP123,02,False
DNET25-DNET26,0.0,False,,,,28,sub-HUP123,02,False
DNET26-DNET27,0.0,False,,,,28,sub-HUP123,02,False
FP6-FP7,0.0,False,,,,28,sub-HUP123,02,False
FP7-FP8,0.0,False,,,,28,sub-HUP123,02,False
RAT1-RAT2,0.0,False,,,,28,sub-HUP123,02,False
RDA1-RDA2,0.0,False,,,,28,sub-HUP123,02,True
RDA4-RDA5,0.0,False,,,,28,sub-HUP123,02,True
RDA5-RDA6,0.0,False,,,,28,sub-HUP123,02,False
RDA6-RDA7,0.0,False,,,,28,sub-HUP123,02,False
RDHA1-RDHA2,0.0,False,,,,28,sub-HUP123,02,True
RDHP2-RDHP3,0.0,False,,,,28,sub-HUP123,02,True
RDHP3-RDHP4,0.0,False,,,,28,sub-HUP123,02,False
RDHP5-RDHP6,0.0,False,,,,28,sub-HUP123,02,False
RG03-RG04,0.0,False,,,,28,sub-HUP123,02,False
RG05-RG06,0.0,False,,,,28,sub-HUP123,02,False
RG06-RG07,0.0,False,,,,28,sub-HUP123,02,False
RG07-RG08,0.0,False,,,,28,sub-HUP123,02,False
RG08-RG09,0.0,False,,,,28,sub-HUP123,02,False
RG09-RG10,0.0,False,,,,28,sub-HUP123,02,False
RG10-RG11,0.0,False,,,,28,sub-HUP123,02,False
RG11-RG12,0.0,False,,,,28,sub-HUP123,02,False
RG12-RG13,0.0,False,,,,28,sub-HUP123,02,False
RG13-RG14,0.0,False,,,,28,sub-HUP123,02,False
RG14-RG15,0.0,False,,,,28,sub-HUP123,02,False
RG15-RG16,0.0,False,,,,28,sub-HUP123,02,False
RG16-RG17,0.0,False,,,,28,sub-HUP123,02,False
RG17-RG18,0.0,False,,,,28,sub-HUP123,02,False
RG18-RG19,0.0,False,,,,28,sub-HUP123,02,False
RG19-RG20,0.0,False,,,,28,sub-HUP123,02,False
RG20-RG21,0.0,False,,,,28,sub-HUP123,02,False
RG21-RG22,0.0,False,,,,28,sub-HUP123,02,False
RG22-RG23,0.0,False,,,,28,sub-HUP123,02,False
RG23-RG24,0.0,False,,,,28,sub-HUP123,02,False
RG25-RG26,0.0,False,,,,28,sub-HUP123,02,False
RG26-RG27,0.0,False,,,,28,sub-HUP123,02,False
RG27-RG28,0.0,False,,,,28,sub-HUP123,02,False
RG29-RG30,0.0,False,,,,28,sub-HUP123,02,False
RG30-RG31,0.0,False,,,,28,sub-HUP123,02,False
RG44-RG45,0.0,False,,,,28,sub-HUP123,02,False
RG45-RG46,0.0,False,,,,28,sub-HUP123,02,False
RG46-RG47,0.0,False,,,,28,sub-HUP123,02,False
RG47-RG48,0.0,False,,,,28,sub-HUP123,02,False
RG48-RG49,0.0,False,,,,28,sub-HUP123,02,False
RG49-RG50,0.0,False,,,,28,sub-HUP123,02,False
RG50-RG51,0.0,False,,,,28,sub-HUP123,02,False
RG51-RG52,0.0,False,,,,28,sub-HUP123,02,False
RG52-RG53,0.0,False,,,,28,sub-HUP123,02,False
RG53-RG54,0.0,False,,,,28,sub-HUP123,02,False
RG54-RG55,0.0,False,,,,28,sub-HUP123,02,False
RG55-RG56,0.0,False,,,,28,sub-HUP123,02,False
RG56-RG57,0.0,False,,,,28,sub-HUP123,02,False
RG57-RG58,0.0,False,,,,28,sub-HUP123,02,False
RG58-RG59,0.0,False,,,,28,sub-HUP123,02,False
RG59-RG60,0.0,False,,,,28,sub-HUP123,02,False
RG60-RG61,0.0,False,,,,28,sub-HUP123,02,False
RG61-RG62,0.0,False,,,,28,sub-HUP123,02,False
RG62-RG63,0.0,False,,,,28,sub-HUP123,02,False
RG63-RG64,0.0,False,,,,28,sub-HUP123,02,False
RIO5-RIO6,0.0,False,,,,28,sub-HUP123,02,False
RMT1-RMT2,0.0,False,,,,28,sub-HUP123,02,False
RMT2-RMT3,0.0,False,,,,28,sub-HUP123,02,False
RPT1-RPT2,0.0,False,,,,28,sub-HUP123,02,False
RPT2-RPT3,0.0,False,,,,28,sub-HUP123,02,False
RSO7-RSO8,0.0,False,,,,28,sub-HUP123,02,False
RG63-RG64,1.0,True,-8.75,-7.5,2.1924813266316816,1,sub-HUP123,03,False
RDA3-RDA4,0.38226526042229547,True,-4.25,-4.0,4.609601949127338,2,sub-HUP123,03,True
RDHP6-RDHP7,0.2456482203172021,True,-5.0,-3.0,2.558250895837412,3,sub-HUP123,03,False
RG14-RG15,0.24549856909922144,True,-2.75,-1.75,3.7677571992538845,4,sub-HUP123,03,False
DNET23-DNET24,0.23709190395491644,True,-5.25,-4.0,2.3391880745251794,5,sub-HUP123,03,False
RDHA7-RDHA8,0.2262340425233256,True,-4.0,-3.5,2.852080003664538,6,sub-HUP123,03,False
RDHA2-RDHA3,0.1848614052105839,True,-4.25,-3.25,2.2291784841650384,7,sub-HUP123,03,True
RG06-RG07,0.18043235816200795,True,-2.0,1.75,3.065857963924995,8,sub-HUP123,03,False
RG09-RG10,0.17635395458372893,True,-2.75,-2.0,2.7065692661173415,9,sub-HUP123,03,False
DNET17-DNET18,0.1709210741150659,True,-1.5,-0.25,3.0916154224321715,10,sub-HUP123,03,True
DNET22-DNET23,0.1698406931474472,True,12.75,13.75,8.378382335129087,11,sub-HUP123,03,False
DNET24-DNET25,0.14427621644094044,True,-1.25,1.25,2.688744738602578,12,sub-HUP123,03,False
RG16-RG17,0.142411973825739,True,-1.5,-0.25,2.5759436447389636,13,sub-HUP123,03,False
DNET25-DNET26,0.13627282619663067,True,-1.5,0.5,2.4648989207983587,14,sub-HUP123,03,False
RDHA3-RDHA4,0.1255182306320484,True,-1.5,-0.25,2.2703701087040726,15,sub-HUP123,03,False
RDHA5-RDHA6,0.11855361456438306,True,-1.75,-0.25,2.079412689096797,16,sub-HUP123,03,False
RDHP7-RDHP8,0.0786735688819126,True,5.5,8.25,2.630477542764237,17,sub-HUP123,03,False
DNET21-DNET22,0.07482464825200769,True,7.75,8.25,2.8709037711254384,18,sub-HUP123,03,False
DNET13-DNET14,0.07323251179483133,True,13.25,14.0,3.692901036087548,19,sub-HUP123,03,False
RG04-RG05,0.07169739996809266,True,9.25,13.5,2.986709001363636,20,sub-HUP123,03,False
RDHP5-RDHP6,0.06134998410584131,True,6.75,7.75,2.2193934599299245,21,sub-HUP123,03,False
DNET14-DNET15,0.058371368574992755,True,13.0,14.0,2.911502585141309,22,sub-HUP123,03,False
DNET15-DNET16,0.057784211011761476,True,13.25,15.75,2.9138884832009326,23,sub-HUP123,03,False
RG31-RG32,0.047576494505344104,True,19.5,23.0,3.0510843418446814,24,sub-HUP123,03,False
DNET16-DNET17,0.04508414276803311,True,22.25,23.75,3.1630765166755,25,sub-HUP123,03,True
RG18-RG19,0.044223419755550816,True,10.0,12.5,1.9149406847733357,26,sub-HUP123,03,False
RG55-RG56,0.04410847282033762,True,15.75,18.75,2.466028576623198,27,sub-HUP123,03,False
RG44-RG45,0.04309169177335677,True,11.0,12.0,1.960412888080595,28,sub-HUP123,03,False
RAT3-RAT4,0.03867965127802855,True,18.5,22.0,2.395724671422606,29,sub-HUP123,03,False
RG56-RG57,0.03469452131345023,True,15.0,15.75,1.882660480375072,30,sub-HUP123,03,False
RG19-RG20,0.03107161187115466,True,25.25,26.75,2.384337508554886,31,sub-HUP123,03,False
RPT3-RPT4,0.02855415577955906,True,28.5,29.75,2.394620340423887,32,sub-HUP123,03,False
RG54-RG55,0.025609218524619556,True,26.0,27.25,2.007281469223692,33,sub-HUP123,03,False
DNET11-DNET12,0.0,False,,,,34,sub-HUP123,03,False
DNET12-DNET13,0.0,False,,,,34,sub-HUP123,03,False
DNET26-DNET27,0.0,False,,,,34,sub-HUP123,03,False
DNET27-DNET28,0.0,False,,,,34,sub-HUP123,03,False
FP6-FP7,0.0,False,,,,34,sub-HUP123,03,False
FP7-FP8,0.0,False,,,,34,sub-HUP123,03,False
RAT1-RAT2,0.0,False,,,,34,sub-HUP123,03,False
RAT2-RAT3,0.0,False,,,,34,sub-HUP123,03,False
RDA1-RDA2,0.0,False,,,,34,sub-HUP123,03,True
RDA2-RDA3,0.0,False,,,,34,sub-HUP123,03,True
RDA4-RDA5,0.0,False,,,,34,sub-HUP123,03,True
RDA5-RDA6,0.0,False,,,,34,sub-HUP123,03,False
RDA6-RDA7,0.0,False,,,,34,sub-HUP123,03,False
RDA7-RDA8,0.0,False,,,,34,sub-HUP123,03,False
RDHA1-RDHA2,0.0,False,,,,34,sub-HUP123,03,True
RDHA4-RDHA5,0.0,False,,,,34,sub-HUP123,03,False
RDHA6-RDHA7,0.0,False,,,,34,sub-HUP123,03,False
RDHP2-RDHP3,0.0,False,,,,34,sub-HUP123,03,True
RDHP3-RDHP4,0.0,False,,,,34,sub-HUP123,03,False
RDHP4-RDHP5,0.0,False,,,,34,sub-HUP123,03,False
RG02-RG03,0.0,False,,,,34,sub-HUP123,03,False
RG03-RG04,0.0,False,,,,34,sub-HUP123,03,False
RG05-RG06,0.0,False,,,,34,sub-HUP123,03,False
RG07-RG08,0.0,False,,,,34,sub-HUP123,03,False
RG08-RG09,0.0,False,,,,34,sub-HUP123,03,False
RG10-RG11,0.0,False,,,,34,sub-HUP123,03,False
RG11-RG12,0.0,False,,,,34,sub-HUP123,03,False
RG12-RG13,0.0,False,,,,34,sub-HUP123,03,False
RG13-RG14,0.0,False,,,,34,sub-HUP123,03,False
RG15-RG16,0.0,False,,,,34,sub-HUP123,03,False
RG17-RG18,0.0,False,,,,34,sub-HUP123,03,False
RG20-RG21,0.0,False,,,,34,sub-HUP123,03,False
RG21-RG22,0.0,False,,,,34,sub-HUP123,03,False
RG22-RG23,0.0,False,,,,34,sub-HUP123,03,False
RG23-RG24,0.0,False,,,,34,sub-HUP123,03,False
RG24-RG25,0.0,False,,,,34,sub-HUP123,03,False
RG25-RG26,0.0,False,,,,34,sub-HUP123,03,False
RG26-RG27,0.0,False,,,,34,sub-HUP123,03,False
RG27-RG28,0.0,False,,,,34,sub-HUP123,03,False
RG28-RG29,0.0,False,,,,34,sub-HUP123,03,False
RG29-RG30,0.0,False,,,,34,sub-HUP123,03,False
RG30-RG31,0.0,False,,,,34,sub-HUP123,03,False
RG32-RG33,0.0,False,,,,34,sub-HUP123,03,False
RG33-RG34,0.0,False,,,,34,sub-HUP123,03,False
RG34-RG35,0.0,False,,,,34,sub-HUP123,03,False
RG35-RG36,0.0,False,,,,34,sub-HUP123,03,False
RG45-RG46,0.0,False,,,,34,sub-HUP123,03,False
RG46-RG47,0.0,False,,,,34,sub-HUP123,03,False
RG47-RG48,0.0,False,,,,34,sub-HUP123,03,False
RG48-RG49,0.0,False,,,,34,sub-HUP123,03,False
RG49-RG50,0.0,False,,,,34,sub-HUP123,03,False
RG50-RG51,0.0,False,,,,34,sub-HUP123,03,False
RG51-RG52,0.0,False,,,,34,sub-HUP123,03,False
RG52-RG53,0.0,False,,,,34,sub-HUP123,03,False
RG53-RG54,0.0,False,,,,34,sub-HUP123,03,False
RG57-RG58,0.0,False,,,,34,sub-HUP123,03,False
RG58-RG59,0.0,False,,,,34,sub-HUP123,03,False
RG59-RG60,0.0,False,,,,34,sub-HUP123,03,False
RG60-RG61,0.0,False,,,,34,sub-HUP123,03,False
RG61-RG62,0.0,False,,,,34,sub-HUP123,03,False
RG62-RG63,0.0,False,,,,34,sub-HUP123,03,False
RIO5-RIO6,0.0,False,,,,34,sub-HUP123,03,False
RMT1-RMT2,0.0,False,,,,34,sub-HUP123,03,False
RMT2-RMT3,0.0,False,,,,34,sub-HUP123,03,False
RPT1-RPT2,0.0,False,,,,34,sub-HUP123,03,False
RPT2-RPT3,0.0,False,,,,34,sub-HUP123,03,False
RSO7-RSO8,0.0,False,,,,34,sub-HUP123,03,False
RDH6-RDH7,1.0,True,-7.25,-4.25,2.907122861606255,1,sub-HUP126,01,False
LFP7-LFP8,0.8818180433262324,True,-7.0,-3.0,3.2044417419132314,2,sub-HUP126,01,False
LP3-LP4,0.7647462760959737,True,-7.0,-2.5,2.7790142282085677,3,sub-HUP126,01,False
LG60-LG61,0.5762165801569252,True,-6.25,-3.0,3.3502647868215405,4,sub-HUP126,01,False
LG4-LG5,0.5212299155221196,True,-6.25,-4.75,3.0305588071349012,5,sub-HUP126,01,False
LOF3-LOF4,0.5186820885858574,True,-6.5,-2.5,2.638776975858847,6,sub-HUP126,01,False
LDMH3-LDMH4,0.49763816050256543,True,-6.5,-3.0,2.5317167281082087,7,sub-HUP126,01,True
LDAH4-LDAH5,0.34254702045936636,True,-4.75,-3.25,3.485391960233853,8,sub-HUP126,01,True
LG41-LG42,0.3096168569450166,True,-4.75,-1.75,3.150329851072359,9,sub-HUP126,01,False
LG2-LG3,0.27889806588934923,True,-5.5,-4.5,2.2296750943629107,10,sub-HUP126,01,False
LG13-LG14,0.258278748676554,True,-5.25,3.25,2.2525441648339988,11,sub-HUP126,01,False
LDAH7-LDAH8,0.20839976576278021,True,-3.5,3.25,2.8777576861612424,12,sub-HUP126,01,False
LDA7-LDA8,0.13616265339377082,True,-1.75,2.75,2.5729701567569974,13,sub-HUP126,01,False
LAT1-LAT2,0.12570606228307166,True,-1.5,0.75,2.4667400306629172,14,sub-HUP126,01,False
LG3-LG4,0.122460687692666,True,1.5,2.5,3.4710805821838875,15,sub-HUP126,01,False
LDAH5-LDAH6,0.11805661760212847,True,-1.25,2.0,2.4024356439653856,16,sub-HUP126,01,False
RDA6-RDA7,0.08925441450364643,True,1.5,1.75,2.5298671018026067,17,sub-HUP126,01,False
LDA5-LDA6,0.08670403303382748,True,3.0,4.0,2.8356668620436674,18,sub-HUP126,01,False
LDA3-LDA4,0.08016007319254677,True,3.75,4.75,2.796422176393001,19,sub-HUP126,01,False
LG17-LG18,0.07727182347578714,True,2.25,3.5,2.3587061881368685,20,sub-HUP126,01,False
LG18-LG19,0.06415164812321063,True,2.5,3.5,2.0048397708385854,21,sub-HUP126,01,False
LG10-LG11,0.052963348102619906,True,8.75,9.5,2.6175063216377223,22,sub-HUP126,01,False
LG44-LG45,0.05276079313460443,True,4.75,5.25,1.9939674029351295,23,sub-HUP126,01,False
LG61-LG62,0.050256165516735195,True,13.75,14.25,3.2142186496281133,24,sub-HUP126,01,False
LG1-LG2,0.04899749976581329,True,17.0,18.25,3.5966542312012586,25,sub-HUP126,01,False
LDAH6-LDAH7,0.04243245023149603,True,23.75,28.0,3.947403076542455,26,sub-HUP126,01,False
LAT2-LAT3,0.04127363338063225,True,12.25,15.75,2.459744225239017,27,sub-HUP126,01,False
LP5-LP6,0.039628075075494616,True,21.25,23.0,3.3985086488958727,28,sub-HUP126,01,False
LDMH5-LDMH6,0.039479939227860854,True,11.25,13.25,2.238074161130728,29,sub-HUP126,01,False
LDMH4-LDMH5,0.037799780325961575,True,11.25,13.0,2.1428278082112957,30,sub-HUP126,01,True
LG26-LG27,0.0369968105780113,True,13.75,19.0,2.366194024432761,31,sub-HUP126,01,False
LG48-LG49,0.03529149050162374,True,18.0,18.75,2.693163345007547,32,sub-HUP126,01,False
LG12-LG13,0.031711140850343926,True,16.75,19.5,2.3047045633412706,33,sub-HUP126,01,False
LG11-LG12,0.03157198694851841,True,17.0,19.5,2.3175370373703976,34,sub-HUP126,01,False
LOF5-LOF6,0.029599465650018468,True,20.5,28.0,2.47391689437181,35,sub-HUP126,01,False
LG53-LG54,0.027868514659628037,True,23.5,25.0,2.5722959757309356,36,sub-HUP126,01,False
LPT3-LPT4,0.026908470065948376,True,18.75,20.5,2.1121081694882844,37,sub-HUP126,01,False
LDMH7-LDMH8,0.026294662098279197,True,22.25,23.25,2.331475306385628,38,sub-HUP126,01,False
RDA7-RDA8,0.0261891205604927,True,24.0,28.25,2.4553534631933567,39,sub-HUP126,01,False
LG5-LG6,0.024968629655216738,True,22.75,24.25,2.250193096903475,40,sub-HUP126,01,False
LG33-LG34,0.02493711996726969,True,19.25,26.25,1.9936199678853572,41,sub-HUP126,01,False
LAT3-LAT4,0.0,False,,,,42,sub-HUP126,01,False
LDA1-LDA2,0.0,False,,,,42,sub-HUP126,01,False
LDA2-LDA3,0.0,False,,,,42,sub-HUP126,01,False
LDA4-LDA5,0.0,False,,,,42,sub-HUP126,01,False
LDA6-LDA7,0.0,False,,,,42,sub-HUP126,01,False
LDAH1-LDAH2,0.0,False,,,,42,sub-HUP126,01,False
LDAH2-LDAH3,0.0,False,,,,42,sub-HUP126,01,False
LDAH3-LDAH4,0.0,False,,,,42,sub-HUP126,01,True
LDMH1-LDMH2,0.0,False,,,,42,sub-HUP126,01,False
LDMH2-LDMH3,0.0,False,,,,42,sub-HUP126,01,False
LDMH6-LDMH7,0.0,False,,,,42,sub-HUP126,01,False
LG14-LG15,0.0,False,,,,42,sub-HUP126,01,False
LG15-LG16,0.0,False,,,,42,sub-HUP126,01,False
LG16-LG17,0.0,False,,,,42,sub-HUP126,01,False
LG19-LG20,0.0,False,,,,42,sub-HUP126,01,False
LG20-LG21,0.0,False,,,,42,sub-HUP126,01,False
LG21-LG22,0.0,False,,,,42,sub-HUP126,01,False
LG22-LG23,0.0,False,,,,42,sub-HUP126,01,False
LG23-LG24,0.0,False,,,,42,sub-HUP126,01,False
LG24-LG25,0.0,False,,,,42,sub-HUP126,01,False
LG25-LG26,0.0,False,,,,42,sub-HUP126,01,False
LG27-LG28,0.0,False,,,,42,sub-HUP126,01,False
LG28-LG29,0.0,False,,,,42,sub-HUP126,01,False
LG29-LG30,0.0,False,,,,42,sub-HUP126,01,False
LG30-LG31,0.0,False,,,,42,sub-HUP126,01,False
LG31-LG32,0.0,False,,,,42,sub-HUP126,01,False
LG32-LG33,0.0,False,,,,42,sub-HUP126,01,False
LG34-LG35,0.0,False,,,,42,sub-HUP126,01,False
LG35-LG36,0.0,False,,,,42,sub-HUP126,01,False
LG36-LG37,0.0,False,,,,42,sub-HUP126,01,False
LG37-LG38,0.0,False,,,,42,sub-HUP126,01,False
LG38-LG39,0.0,False,,,,42,sub-HUP126,01,False
LG39-LG40,0.0,False,,,,42,sub-HUP126,01,False
LG40-LG41,0.0,False,,,,42,sub-HUP126,01,False
LG42-LG43,0.0,False,,,,42,sub-HUP126,01,False
LG43-LG44,0.0,False,,,,42,sub-HUP126,01,False
LG45-LG46,0.0,False,,,,42,sub-HUP126,01,False
LG46-LG47,0.0,False,,,,42,sub-HUP126,01,False
LG47-LG48,0.0,False,,,,42,sub-HUP126,01,False
LG49-LG50,0.0,False,,,,42,sub-HUP126,01,False
LG50-LG51,0.0,False,,,,42,sub-HUP126,01,False
LG51-LG52,0.0,False,,,,42,sub-HUP126,01,False
LG52-LG53,0.0,False,,,,42,sub-HUP126,01,False
LG54-LG55,0.0,False,,,,42,sub-HUP126,01,False
LG55-LG56,0.0,False,,,,42,sub-HUP126,01,False
LG56-LG57,0.0,False,,,,42,sub-HUP126,01,False
LG57-LG58,0.0,False,,,,42,sub-HUP126,01,False
LG58-LG59,0.0,False,,,,42,sub-HUP126,01,False
LG59-LG60,0.0,False,,,,42,sub-HUP126,01,False
LG6-LG7,0.0,False,,,,42,sub-HUP126,01,False
LG62-LG63,0.0,False,,,,42,sub-HUP126,01,False
LG63-LG64,0.0,False,,,,42,sub-HUP126,01,False
LG7-LG8,0.0,False,,,,42,sub-HUP126,01,False
LG8-LG9,0.0,False,,,,42,sub-HUP126,01,False
LG9-LG10,0.0,False,,,,42,sub-HUP126,01,False
LMT1-LMT2,0.0,False,,,,42,sub-HUP126,01,False
LMT2-LMT3,0.0,False,,,,42,sub-HUP126,01,False
LMT3-LMT4,0.0,False,,,,42,sub-HUP126,01,False
LO5-LO6,0.0,False,,,,42,sub-HUP126,01,False
LO6-LO7,0.0,False,,,,42,sub-HUP126,01,False
LO7-LO8,0.0,False,,,,42,sub-HUP126,01,False
LOF4-LOF5,0.0,False,,,,42,sub-HUP126,01,False
LP4-LP5,0.0,False,,,,42,sub-HUP126,01,False
LPT1-LPT2,0.0,False,,,,42,sub-HUP126,01,False
LPT2-LPT3,0.0,False,,,,42,sub-HUP126,01,False
RDA2-RDA3,0.0,False,,,,42,sub-HUP126,01,False
RDH1-RDH2,0.0,False,,,,42,sub-HUP126,01,False
RDH2-RDH3,0.0,False,,,,42,sub-HUP126,01,False
RDH7-RDH8,0.0,False,,,,42,sub-HUP126,01,False
LG21-LG22,1.0,True,-9.5,-6.5,5.508031004586131,1,sub-HUP126,02,False
RDH2-RDH3,0.9201514265215566,True,-9.25,-9.0,6.3352782327436135,2,sub-HUP126,02,False
LG23-LG24,0.2039810780882737,True,-6.75,-5.25,4.213252884221687,3,sub-HUP126,02,False
LDMH4-LDMH5,0.19514239001985736,True,-7.75,-7.0,2.955838419980637,4,sub-HUP126,02,True
LG7-LG8,0.17339627676920522,True,-7.0,-4.75,3.34275223983603,5,sub-HUP126,02,False
LG8-LG9,0.10267023250433578,True,-4.5,-0.25,3.3930649432916895,6,sub-HUP126,02,False
LG59-LG60,0.08787746991698643,True,-4.75,0.0,2.783183016217241,7,sub-HUP126,02,False
RDH6-RDH7,0.06674894042776676,True,-1.0,2.5,3.4927247172944136,8,sub-HUP126,02,False
LO5-LO6,0.055820560307475973,True,-1.0,0.0,2.920883080236002,9,sub-HUP126,02,False
LG9-LG10,0.0530043423047235,True,-2.25,0.0,2.408583876534935,10,sub-HUP126,02,False
LDA3-LDA4,0.046283737343790675,True,0.75,1.75,2.8679879283493497,11,sub-HUP126,02,False
LPT1-LPT2,0.044647941236135934,True,3.0,6.0,3.3199503023642807,12,sub-HUP126,02,False
LDMH5-LDMH6,0.04289768215258241,True,1.0,6.75,2.717240278195008,13,sub-HUP126,02,False
LDAH1-LDAH2,0.04075092408797872,True,-0.5,5.75,2.2445735334212262,14,sub-HUP126,02,False
LO6-LO7,0.030657355929334103,True,3.25,5.5,2.3218479209393146,15,sub-HUP126,02,False
LDA4-LDA5,0.02720658066417858,True,6.25,10.5,2.510066054603408,16,sub-HUP126,02,False
LG41-LG42,0.02582461329957307,True,5.25,8.0,2.2403236390840595,17,sub-HUP126,02,False
RDA2-RDA3,0.02461720249815988,True,5.0,6.0,2.1016808763936163,18,sub-HUP126,02,False
LDAH4-LDAH5,0.023356497962692208,True,10.25,10.75,2.6694525349440257,19,sub-HUP126,02,True
LAT1-LAT2,0.019513882153732898,True,18.25,22.25,3.090138202774772,20,sub-HUP126,02,False
LDAH7-LDAH8,0.018902275950318074,True,16.5,21.25,2.811086693773057,21,sub-HUP126,02,False
LG3-LG4,0.01801295299525826,True,11.5,12.75,2.1827498788047723,22,sub-HUP126,02,False
LG42-LG43,0.0173286109001663,True,17.75,21.75,2.6963643624528357,23,sub-HUP126,02,False
LG4-LG5,0.01732249779579732,True,12.5,20.75,2.194495663530911,24,sub-HUP126,02,False
LG60-LG61,0.017262424554237606,True,25.25,26.0,3.39918041531174,25,sub-HUP126,02,False
LDAH3-LDAH4,0.017257604002695607,True,11.0,22.0,2.0436914851019177,26,sub-HUP126,02,True
LG16-LG17,0.015886634501318785,True,14.25,16.75,2.1657258659468424,27,sub-HUP126,02,False
LG40-LG41,0.015718966422357383,True,24.75,29.0,3.051964543107346,28,sub-HUP126,02,False
LDA7-LDA8,0.014367364320444295,True,25.75,28.75,2.8686759447557,29,sub-HUP126,02,False
LG56-LG57,0.01430900844176245,True,18.75,19.75,2.305323017656783,30,sub-HUP126,02,False
LP3-LP4,0.013589545502895605,True,23.5,26.0,2.5449556909182225,31,sub-HUP126,02,False
LG61-LG62,0.013587303070355428,True,24.25,28.75,2.6006652086628543,32,sub-HUP126,02,False
LG28-LG29,0.01318127322209083,True,15.75,16.5,1.905825116663927,33,sub-HUP126,02,False
LFP7-LFP8,0.013146138491622114,True,24.75,28.5,2.552429178685931,34,sub-HUP126,02,False
LG10-LG11,0.011779072746595154,True,27.25,28.5,2.449201045480441,35,sub-HUP126,02,False
LDMH3-LDMH4,0.010233433915986436,True,25.25,26.0,2.0150870487117567,36,sub-HUP126,02,True
LAT2-LAT3,0.0,False,,,,37,sub-HUP126,02,False
LAT3-LAT4,0.0,False,,,,37,sub-HUP126,02,False
LDA1-LDA2,0.0,False,,,,37,sub-HUP126,02,False
LDA2-LDA3,0.0,False,,,,37,sub-HUP126,02,False
LDA5-LDA6,0.0,False,,,,37,sub-HUP126,02,False
LDA6-LDA7,0.0,False,,,,37,sub-HUP126,02,False
LDAH2-LDAH3,0.0,False,,,,37,sub-HUP126,02,False
LDAH5-LDAH6,0.0,False,,,,37,sub-HUP126,02,False
LDAH6-LDAH7,0.0,False,,,,37,sub-HUP126,02,False
LDMH1-LDMH2,0.0,False,,,,37,sub-HUP126,02,False
LDMH2-LDMH3,0.0,False,,,,37,sub-HUP126,02,False
LDMH6-LDMH7,0.0,False,,,,37,sub-HUP126,02,False
LDMH7-LDMH8,0.0,False,,,,37,sub-HUP126,02,False
LG1-LG2,0.0,False,,,,37,sub-HUP126,02,False
LG11-LG12,0.0,False,,,,37,sub-HUP126,02,False
LG12-LG13,0.0,False,,,,37,sub-HUP126,02,False
LG13-LG14,0.0,False,,,,37,sub-HUP126,02,False
LG14-LG15,0.0,False,,,,37,sub-HUP126,02,False
LG15-LG16,0.0,False,,,,37,sub-HUP126,02,False
LG17-LG18,0.0,False,,,,37,sub-HUP126,02,False
LG18-LG19,0.0,False,,,,37,sub-HUP126,02,False
LG19-LG20,0.0,False,,,,37,sub-HUP126,02,False
LG2-LG3,0.0,False,,,,37,sub-HUP126,02,False
LG20-LG21,0.0,False,,,,37,sub-HUP126,02,False
LG22-LG23,0.0,False,,,,37,sub-HUP126,02,False
LG24-LG25,0.0,False,,,,37,sub-HUP126,02,False
LG25-LG26,0.0,False,,,,37,sub-HUP126,02,False
LG26-LG27,0.0,False,,,,37,sub-HUP126,02,False
LG27-LG28,0.0,False,,,,37,sub-HUP126,02,False
LG29-LG30,0.0,False,,,,37,sub-HUP126,02,False
LG30-LG31,0.0,False,,,,37,sub-HUP126,02,False
LG31-LG32,0.0,False,,,,37,sub-HUP126,02,False
LG32-LG33,0.0,False,,,,37,sub-HUP126,02,False
LG33-LG34,0.0,False,,,,37,sub-HUP126,02,False
LG34-LG35,0.0,False,,,,37,sub-HUP126,02,False
LG35-LG36,0.0,False,,,,37,sub-HUP126,02,False
LG36-LG37,0.0,False,,,,37,sub-HUP126,02,False
LG37-LG38,0.0,False,,,,37,sub-HUP126,02,False
LG38-LG39,0.0,False,,,,37,sub-HUP126,02,False
LG39-LG40,0.0,False,,,,37,sub-HUP126,02,False
LG43-LG44,0.0,False,,,,37,sub-HUP126,02,False
LG44-LG45,0.0,False,,,,37,sub-HUP126,02,False
LG45-LG46,0.0,False,,,,37,sub-HUP126,02,False
LG46-LG47,0.0,False,,,,37,sub-HUP126,02,False
LG47-LG48,0.0,False,,,,37,sub-HUP126,02,False
LG48-LG49,0.0,False,,,,37,sub-HUP126,02,False
LG49-LG50,0.0,False,,,,37,sub-HUP126,02,False
LG5-LG6,0.0,False,,,,37,sub-HUP126,02,False
LG50-LG51,0.0,False,,,,37,sub-HUP126,02,False
LG51-LG52,0.0,False,,,,37,sub-HUP126,02,False
LG52-LG53,0.0,False,,,,37,sub-HUP126,02,False
LG53-LG54,0.0,False,,,,37,sub-HUP126,02,False
LG54-LG55,0.0,False,,,,37,sub-HUP126,02,False
LG55-LG56,0.0,False,,,,37,sub-HUP126,02,False
LG57-LG58,0.0,False,,,,37,sub-HUP126,02,False
LG58-LG59,0.0,False,,,,37,sub-HUP126,02,False
LG6-LG7,0.0,False,,,,37,sub-HUP126,02,False
LG62-LG63,0.0,False,,,,37,sub-HUP126,02,False
LG63-LG64,0.0,False,,,,37,sub-HUP126,02,False
LMT1-LMT2,0.0,False,,,,37,sub-HUP126,02,False
LMT2-LMT3,0.0,False,,,,37,sub-HUP126,02,False
LMT3-LMT4,0.0,False,,,,37,sub-HUP126,02,False
LO7-LO8,0.0,False,,,,37,sub-HUP126,02,False
LOF3-LOF4,0.0,False,,,,37,sub-HUP126,02,False
LOF4-LOF5,0.0,False,,,,37,sub-HUP126,02,False
LOF5-LOF6,0.0,False,,,,37,sub-HUP126,02,False
LP4-LP5,0.0,False,,,,37,sub-HUP126,02,False
LP5-LP6,0.0,False,,,,37,sub-HUP126,02,False
LPT2-LPT3,0.0,False,,,,37,sub-HUP126,02,False
LPT3-LPT4,0.0,False,,,,37,sub-HUP126,02,False
RDA6-RDA7,0.0,False,,,,37,sub-HUP126,02,False
RDA7-RDA8,0.0,False,,,,37,sub-HUP126,02,False
RDH1-RDH2,0.0,False,,,,37,sub-HUP126,02,False
RDH7-RDH8,0.0,False,,,,37,sub-HUP126,02,False
RDA6-RDA7,1.0,True,-9.0,-6.5,3.518528884422202,1,sub-HUP126,03,False
RDA7-RDA8,0.6059414585087507,True,-8.25,-3.75,3.731039417055924,2,sub-HUP126,03,False
LG51-LG52,0.24152715644310022,True,-5.5,-4.75,3.8241912434283365,3,sub-HUP126,03,False
LOF4-LOF5,0.15594282685845642,True,-5.25,-4.5,2.606274367944664,4,sub-HUP126,03,False
LDAH7-LDAH8,0.13697473859415762,True,-2.25,0.0,3.7351091998928623,5,sub-HUP126,03,False
LG23-LG24,0.13420881753242594,True,-3.5,7.0,3.069414406707932,6,sub-HUP126,03,False
LG44-LG45,0.11587151029715655,True,-4.25,-3.5,2.3442592212074773,7,sub-HUP126,03,False
LG49-LG50,0.10422530881117593,True,-2.0,2.0,2.933758076319571,8,sub-HUP126,03,False
LG16-LG17,0.10295835655547729,True,-1.5,-0.75,3.079226587181238,9,sub-HUP126,03,False
LG24-LG25,0.10109474569140797,True,-3.25,5.25,2.4010072837551175,10,sub-HUP126,03,False
LG33-LG34,0.09863377492844394,True,-2.25,2.75,2.6896048420062955,11,sub-HUP126,03,False
LDA7-LDA8,0.09519504020227766,True,-1.0,0.5,3.0145184874490205,12,sub-HUP126,03,False
LP4-LP5,0.09383780253423415,True,-1.75,1.5,2.723910904006131,13,sub-HUP126,03,False
LG61-LG62,0.09345644432184623,True,-1.0,0.0,2.9594627890363014,14,sub-HUP126,03,False
RDH7-RDH8,0.09244425705786387,True,-1.25,2.5,2.846093150749144,15,sub-HUP126,03,False
LG52-LG53,0.08541778232287368,True,-1.0,0.0,2.7049044091168737,16,sub-HUP126,03,False
LDMH3-LDMH4,0.071396621680046,True,0.75,2.5,2.7005190630376177,17,sub-HUP126,03,True
LG3-LG4,0.057522549688868586,True,6.75,8.5,3.390112105813749,18,sub-HUP126,03,False
RDH2-RDH3,0.05370498685869677,True,11.75,12.5,4.1099354081215065,19,sub-HUP126,03,False
LG29-LG30,0.04938069161512457,True,4.5,5.5,2.519337151818135,20,sub-HUP126,03,False
LG2-LG3,0.04424066605267759,True,15.75,16.25,4.008298080339889,21,sub-HUP126,03,False
LG1-LG2,0.04152003419400879,True,7.5,9.75,2.556565192891805,22,sub-HUP126,03,False
LG20-LG21,0.035257975305000716,True,11.0,16.0,2.605180294854684,23,sub-HUP126,03,False
LG15-LG16,0.03305250118202935,True,25.5,27.0,4.1285143939536075,24,sub-HUP126,03,False
LG26-LG27,0.032645128790169044,True,13.75,17.0,2.7279921788674493,25,sub-HUP126,03,False
RDA2-RDA3,0.032608419219238134,True,12.5,13.75,2.5815074602103425,26,sub-HUP126,03,False
LDAH6-LDAH7,0.03197324770098499,True,12.75,15.5,2.559347599096958,27,sub-HUP126,03,False
LG7-LG8,0.02622059321813784,True,20.25,22.25,2.7908019167922626,28,sub-HUP126,03,False
LG9-LG10,0.02602076638597359,True,11.5,12.75,1.9684285896627833,29,sub-HUP126,03,False
LDMH2-LDMH3,0.024162666021627487,True,17.0,17.5,2.295460034687067,30,sub-HUP126,03,False
LG36-LG37,0.02207983994289541,True,24.75,26.75,2.699677272436756,31,sub-HUP126,03,False
LAT1-LAT2,0.0,False,,,,32,sub-HUP126,03,False
LAT2-LAT3,0.0,False,,,,32,sub-HUP126,03,False
LAT3-LAT4,0.0,False,,,,32,sub-HUP126,03,False
LDA1-LDA2,0.0,False,,,,32,sub-HUP126,03,False
LDA2-LDA3,0.0,False,,,,32,sub-HUP126,03,False
LDA3-LDA4,0.0,False,,,,32,sub-HUP126,03,False
LDA4-LDA5,0.0,False,,,,32,sub-HUP126,03,False
LDA5-LDA6,0.0,False,,,,32,sub-HUP126,03,False
LDA6-LDA7,0.0,False,,,,32,sub-HUP126,03,False
LDAH1-LDAH2,0.0,False,,,,32,sub-HUP126,03,False
LDAH2-LDAH3,0.0,False,,,,32,sub-HUP126,03,False
LDAH3-LDAH4,0.0,False,,,,32,sub-HUP126,03,True
LDAH4-LDAH5,0.0,False,,,,32,sub-HUP126,03,True
LDAH5-LDAH6,0.0,False,,,,32,sub-HUP126,03,False
LDMH1-LDMH2,0.0,False,,,,32,sub-HUP126,03,False
LDMH4-LDMH5,0.0,False,,,,32,sub-HUP126,03,True
LDMH5-LDMH6,0.0,False,,,,32,sub-HUP126,03,False
LDMH6-LDMH7,0.0,False,,,,32,sub-HUP126,03,False
LDMH7-LDMH8,0.0,False,,,,32,sub-HUP126,03,False
LFP7-LFP8,0.0,False,,,,32,sub-HUP126,03,False
LG10-LG11,0.0,False,,,,32,sub-HUP126,03,False
LG11-LG12,0.0,False,,,,32,sub-HUP126,03,False
LG12-LG13,0.0,False,,,,32,sub-HUP126,03,False
LG13-LG14,0.0,False,,,,32,sub-HUP126,03,False
LG14-LG15,0.0,False,,,,32,sub-HUP126,03,False
LG17-LG18,0.0,False,,,,32,sub-HUP126,03,False
LG18-LG19,0.0,False,,,,32,sub-HUP126,03,False
LG19-LG20,0.0,False,,,,32,sub-HUP126,03,False
LG21-LG22,0.0,False,,,,32,sub-HUP126,03,False
LG22-LG23,0.0,False,,,,32,sub-HUP126,03,False
LG25-LG26,0.0,False,,,,32,sub-HUP126,03,False
LG27-LG28,0.0,False,,,,32,sub-HUP126,03,False
LG28-LG29,0.0,False,,,,32,sub-HUP126,03,False
LG30-LG31,0.0,False,,,,32,sub-HUP126,03,False
LG31-LG32,0.0,False,,,,32,sub-HUP126,03,False
LG32-LG33,0.0,False,,,,32,sub-HUP126,03,False
LG34-LG35,0.0,False,,,,32,sub-HUP126,03,False
LG35-LG36,0.0,False,,,,32,sub-HUP126,03,False
LG37-LG38,0.0,False,,,,32,sub-HUP126,03,False
LG38-LG39,0.0,False,,,,32,sub-HUP126,03,False
LG39-LG40,0.0,False,,,,32,sub-HUP126,03,False
LG4-LG5,0.0,False,,,,32,sub-HUP126,03,False
LG40-LG41,0.0,False,,,,32,sub-HUP126,03,False
LG41-LG42,0.0,False,,,,32,sub-HUP126,03,False
LG42-LG43,0.0,False,,,,32,sub-HUP126,03,False
LG43-LG44,0.0,False,,,,32,sub-HUP126,03,False
LG45-LG46,0.0,False,,,,32,sub-HUP126,03,False
LG46-LG47,0.0,False,,,,32,sub-HUP126,03,False
LG47-LG48,0.0,False,,,,32,sub-HUP126,03,False
LG48-LG49,0.0,False,,,,32,sub-HUP126,03,False
LG5-LG6,0.0,False,,,,32,sub-HUP126,03,False
LG50-LG51,0.0,False,,,,32,sub-HUP126,03,False
LG53-LG54,0.0,False,,,,32,sub-HUP126,03,False
LG54-LG55,0.0,False,,,,32,sub-HUP126,03,False
LG55-LG56,0.0,False,,,,32,sub-HUP126,03,False
LG56-LG57,0.0,False,,,,32,sub-HUP126,03,False
LG57-LG58,0.0,False,,,,32,sub-HUP126,03,False
LG58-LG59,0.0,False,,,,32,sub-HUP126,03,False
LG59-LG60,0.0,False,,,,32,sub-HUP126,03,False
LG6-LG7,0.0,False,,,,32,sub-HUP126,03,False
LG60-LG61,0.0,False,,,,32,sub-HUP126,03,False
LG62-LG63,0.0,False,,,,32,sub-HUP126,03,False
LG63-LG64,0.0,False,,,,32,sub-HUP126,03,False
LG8-LG9,0.0,False,,,,32,sub-HUP126,03,False
LMT1-LMT2,0.0,False,,,,32,sub-HUP126,03,False
LMT2-LMT3,0.0,False,,,,32,sub-HUP126,03,False
LMT3-LMT4,0.0,False,,,,32,sub-HUP126,03,False
LO5-LO6,0.0,False,,,,32,sub-HUP126,03,False
LO6-LO7,0.0,False,,,,32,sub-HUP126,03,False
LO7-LO8,0.0,False,,,,32,sub-HUP126,03,False
LOF3-LOF4,0.0,False,,,,32,sub-HUP126,03,False
LOF5-LOF6,0.0,False,,,,32,sub-HUP126,03,False
LP3-LP4,0.0,False,,,,32,sub-HUP126,03,False
LP5-LP6,0.0,False,,,,32,sub-HUP126,03,False
LPT1-LPT2,0.0,False,,,,32,sub-HUP126,03,False
LPT2-LPT3,0.0,False,,,,32,sub-HUP126,03,False
LPT3-LPT4,0.0,False,,,,32,sub-HUP126,03,False
RDH1-RDH2,0.0,False,,,,32,sub-HUP126,03,False
RDH6-RDH7,0.0,False,,,,32,sub-HUP126,03,False
RG4-RG5,1.0,True,-8.75,-7.5,8.332869834952662,1,sub-HUP130,01,False
RG5-RG6,0.7191296947178192,True,-8.75,-7.5,5.992414140532832,2,sub-HUP130,01,False
RG3-RG4,0.6385767723638315,True,-8.75,-7.5,5.321177123732004,3,sub-HUP130,01,False
RG7-RG8,0.616772823437088,True,-9.25,-6.5,3.426325103624996,4,sub-HUP130,01,False
LF7-LF8,0.5713005532385038,True,-9.25,-6.0,3.1737154311819302,5,sub-HUP130,01,False
LG6-LG7,0.5125723521999365,True,-7.75,-6.5,7.118664486462637,6,sub-HUP130,01,False
LH1-LH2,0.49641600516981066,True,-9.25,-6.25,2.757713303378147,7,sub-HUP130,01,False
RA6-RA7,0.44774287393200646,True,-8.0,-6.75,5.596474632004544,8,sub-HUP130,01,False
LG5-LG6,0.4425452132108958,True,-7.75,-6.0,6.146119429612947,9,sub-HUP130,01,False
RA7-RA8,0.395247925799767,True,-8.0,-6.5,4.94032427733673,10,sub-HUP130,01,False
RA5-RA6,0.3375077275643819,True,-8.25,-6.5,3.7498772827795457,11,sub-HUP130,01,False
LF5-LF6,0.3226794687231719,True,-8.0,-6.0,4.033269016922805,12,sub-HUP130,01,False
LG7-LG8,0.3089586945995338,True,-7.25,-6.5,5.149025172949614,13,sub-HUP130,01,False
LB7-LB8,0.284126015718531,True,-8.5,-6.25,2.7621826233239384,14,sub-HUP130,01,False
RG2-RG3,0.27700424695439735,True,-8.75,-2.5,2.3082403336000756,15,sub-HUP130,01,False
LG4-LG5,0.2543467094716719,True,-7.75,-5.5,3.5323967049599387,16,sub-HUP130,01,False
RE4-RE5,0.24134284226435393,True,-7.75,-6.5,3.3517974836439555,17,sub-HUP130,01,False
LB4-LB5,0.2151321864425471,True,-8.25,-6.5,2.390224675912684,18,sub-HUP130,01,False
RA4-RA5,0.18645903592458613,True,-7.75,-6.25,2.5895647931838974,19,sub-HUP130,01,False
RG6-RG7,0.16956612280982689,True,-8.0,2.25,2.1194586446878274,20,sub-HUP130,01,False
LD4-LD5,0.16077928928503352,True,-7.25,-5.75,2.679505779536767,21,sub-HUP130,01,False
LA6-LA7,0.15873899961011728,True,-6.75,-1.75,3.08641998345732,22,sub-HUP130,01,False
LH2-LH3,0.1530204970726071,True,-6.75,-5.5,2.975233063100176,23,sub-HUP130,01,False
LF6-LF7,0.14919328896795983,True,-6.75,-6.0,2.900819266843139,24,sub-HUP130,01,False
RH7-RH8,0.14597626997688753,True,-6.0,-3.0,3.446470227343051,25,sub-HUP130,01,False
RF4-RF5,0.11498767815161796,True,-6.0,-3.5,2.7148358382057776,26,sub-HUP130,01,False
RB6-RB7,0.09901587780926131,True,-5.75,-3.5,2.475259264134457,27,sub-HUP130,01,False
RB2-RB3,0.07759348984368195,True,-3.25,-1.5,3.0173567708999074,28,sub-HUP130,01,False
RH6-RH7,0.06749102547298454,True,-0.25,1.0,3.749292868625697,29,sub-HUP130,01,False
LF1-LF2,0.06544907281084944,True,-3.25,5.5,2.545100154572023,30,sub-HUP130,01,False
RB7-RB8,0.055335285065713384,True,0.0,1.0,3.150861806172695,31,sub-HUP130,01,False
RE5-RE6,0.03668968644681855,True,7.75,8.5,3.6687645773587887,32,sub-HUP130,01,False
LC5-LC6,0.03040968952729267,True,4.0,5.5,2.4072998532464034,33,sub-HUP130,01,False
LE3-LE4,0.029710354968412924,True,13.25,14.0,3.878636157665043,34,sub-HUP130,01,False
LE1-LE2,0.029574603481673484,True,12.75,14.25,3.778766925574552,35,sub-HUP130,01,False
LA7-LA8,0.028372560652020633,True,7.25,11.0,2.7582899726385217,36,sub-HUP130,01,False
RH5-RH6,0.027980384718209576,True,11.0,14.25,3.303056137007136,37,sub-HUP130,01,False
LE2-LE3,0.027939072946313637,True,10.5,14.75,3.2205751046971587,38,sub-HUP130,01,False
RA3-RA4,0.02703983585908366,True,3.25,5.25,2.0278748931500656,39,sub-HUP130,01,False
RE6-RE7,0.026557838142483848,True,7.75,13.75,2.655636100068707,40,sub-HUP130,01,False
RE3-RE4,0.02600571295496978,True,11.25,14.0,3.1060651679376434,41,sub-HUP130,01,False
LC3-LC4,0.024344499031801928,True,13.5,14.25,3.2119427424613294,42,sub-HUP130,01,False
RB4-RB5,0.021711861144938734,True,9.75,10.25,2.41229483727121,43,sub-HUP130,01,False
LC4-LC5,0.019900806122010267,True,13.75,14.25,2.65329323240545,44,sub-HUP130,01,False
RE2-RE3,0.01852382328867753,True,13.5,14.5,2.443979631578398,45,sub-HUP130,01,False
RC4-RC5,0.018256443030455014,True,3.75,13.75,1.4198665919387632,46,sub-HUP130,01,False
RF3-RF4,0.016698846589202572,True,21.75,25.25,2.968518720462256,47,sub-HUP130,01,False
RH3-RH4,0.01564673071062856,True,13.75,14.25,2.0861147256675867,48,sub-HUP130,01,False
RC3-RC4,0.015224562047938994,True,20.5,22.5,2.6007180237125374,49,sub-HUP130,01,False
RE1-RE2,0.015009150857787819,True,22.0,23.0,2.688989959268951,50,sub-HUP130,01,False
RC2-RC3,0.014260453835480752,True,20.75,23.75,2.4558304490338596,51,sub-HUP130,01,False
RC1-RC2,0.01418633880781324,True,13.0,24.25,1.8323001781607016,52,sub-HUP130,01,False
RD1-RD2,0.012387515191205277,True,22.75,23.5,2.270918136669871,53,sub-HUP130,01,False
LD2-LD3,0.009449892450419677,True,22.75,24.25,1.7323839223602786,54,sub-HUP130,01,False
LA1-LA2,0.0,False,,,,55,sub-HUP130,01,False
LA2-LA3,0.0,False,,,,55,sub-HUP130,01,False
LA3-LA4,0.0,False,,,,55,sub-HUP130,01,False
LA4-LA5,0.0,False,,,,55,sub-HUP130,01,False
LA5-LA6,0.0,False,,,,55,sub-HUP130,01,False
LB1-LB2,0.0,False,,,,55,sub-HUP130,01,False
LB2-LB3,0.0,False,,,,55,sub-HUP130,01,False
LB3-LB4,0.0,False,,,,55,sub-HUP130,01,False
LB5-LB6,0.0,False,,,,55,sub-HUP130,01,False
LB6-LB7,0.0,False,,,,55,sub-HUP130,01,False
LC1-LC2,0.0,False,,,,55,sub-HUP130,01,False
LC2-LC3,0.0,False,,,,55,sub-HUP130,01,False
LC6-LC7,0.0,False,,,,55,sub-HUP130,01,False
LC7-LC8,0.0,False,,,,55,sub-HUP130,01,False
LD1-LD2,0.0,False,,,,55,sub-HUP130,01,False
LD3-LD4,0.0,False,,,,55,sub-HUP130,01,False
LD5-LD6,0.0,False,,,,55,sub-HUP130,01,False
LD6-LD7,0.0,False,,,,55,sub-HUP130,01,False
LF2-LF3,0.0,False,,,,55,sub-HUP130,01,False
LF3-LF4,0.0,False,,,,55,sub-HUP130,01,False
LF4-LF5,0.0,False,,,,55,sub-HUP130,01,False
LG1-LG2,0.0,False,,,,55,sub-HUP130,01,True
LG2-LG3,0.0,False,,,,55,sub-HUP130,01,True
LG3-LG4,0.0,False,,,,55,sub-HUP130,01,False
LH3-LH4,0.0,False,,,,55,sub-HUP130,01,False
RA1-RA2,0.0,False,,,,55,sub-HUP130,01,False
RA2-RA3,0.0,False,,,,55,sub-HUP130,01,False
RB1-RB2,0.0,False,,,,55,sub-HUP130,01,False
RB3-RB4,0.0,False,,,,55,sub-HUP130,01,False
RB5-RB6,0.0,False,,,,55,sub-HUP130,01,False
RC5-RC6,0.0,False,,,,55,sub-HUP130,01,False
RC6-RC7,0.0,False,,,,55,sub-HUP130,01,False
RC7-RC8,0.0,False,,,,55,sub-HUP130,01,False
RD2-RD3,0.0,False,,,,55,sub-HUP130,01,False
RD3-RD4,0.0,False,,,,55,sub-HUP130,01,False
RD4-RD5,0.0,False,,,,55,sub-HUP130,01,False
RD5-RD6,0.0,False,,,,55,sub-HUP130,01,False
RD6-RD7,0.0,False,,,,55,sub-HUP130,01,False
RD7-RD8,0.0,False,,,,55,sub-HUP130,01,False
RE7-RE8,0.0,False,,,,55,sub-HUP130,01,False
RF1-RF2,0.0,False,,,,55,sub-HUP130,01,False
RF2-RF3,0.0,False,,,,55,sub-HUP130,01,False
RF5-RF6,0.0,False,,,,55,sub-HUP130,01,False
RF6-RF7,0.0,False,,,,55,sub-HUP130,01,False
RF7-RF8,0.0,False,,,,55,sub-HUP130,01,False
RG1-RG2,0.0,False,,,,55,sub-HUP130,01,False
RH1-RH2,0.0,False,,,,55,sub-HUP130,01,False
RH2-RH3,0.0,False,,,,55,sub-HUP130,01,False
RH4-RH5,0.0,False,,,,55,sub-HUP130,01,False
RE4-RE5,1.0,True,-7.25,-6.5,4.991496674843674,1,sub-HUP130,02,False
RG5-RG6,0.7320713682022302,True,-6.75,-6.25,5.481197700194537,2,sub-HUP130,02,False
RG4-RG5,0.5521736256196627,True,-6.5,-6.0,4.8233024283796135,3,sub-HUP130,02,False
RG7-RG8,0.5169376868998359,True,-6.75,-5.75,3.8704391178928668,4,sub-HUP130,02,False
RH6-RH7,0.35317874493115387,True,-7.0,-5.0,2.203613163686646,5,sub-HUP130,02,False
RH3-RH4,0.32000376397732766,True,-6.75,-5.0,2.395946585745436,6,sub-HUP130,02,False
RH7-RH8,0.31108799021910555,True,-6.75,-5.25,2.3291920031437003,7,sub-HUP130,02,False
LG7-LG8,0.2985901888106658,True,-6.75,-1.25,2.2356179018840745,8,sub-HUP130,02,False
LA6-LA7,0.20819601513782535,True,-4.0,-3.0,4.416641298423674,9,sub-HUP130,02,False
LF4-LF5,0.15977878892261962,True,-4.5,-1.25,2.990757351066769,10,sub-HUP130,02,False
LA7-LA8,0.13426358077088918,True,-4.25,-3.0,2.6807048678819934,11,sub-HUP130,02,False
RA5-RA6,0.1035503652826671,True,-2.5,-1.0,2.9720099979268637,12,sub-HUP130,02,False
RE6-RE7,0.09160597934584487,True,-0.25,1.25,3.6580075304046638,13,sub-HUP130,02,False
LF6-LF7,0.07847356013070882,True,-2.25,-1.25,2.350203086733469,14,sub-HUP130,02,False
RE5-RE6,0.0752380288109444,True,-0.25,2.5,3.004402965052972,15,sub-HUP130,02,False
RH5-RH6,0.06763024630460485,True,0.25,1.5,2.869397271160497,16,sub-HUP130,02,False
RC2-RC3,0.06450627894099874,True,-1.0,0.25,2.3343758570938693,17,sub-HUP130,02,False
RG6-RG7,0.06409756763506043,True,0.0,2.0,2.6395280646567656,18,sub-HUP130,02,False
RD7-RD8,0.060006116613087496,True,0.25,0.75,2.545922818128318,19,sub-HUP130,02,False
RD6-RD7,0.051747512913337554,True,0.0,1.0,2.1309546937664248,20,sub-HUP130,02,False
RE2-RE3,0.046575452190569896,True,6.0,7.0,3.312857310024625,21,sub-HUP130,02,False
RE3-RE4,0.04524422773922105,True,5.25,8.25,3.048791566268589,22,sub-HUP130,02,False
RC3-RC4,0.04372219615864015,True,25.25,25.75,7.311013090880958,23,sub-HUP130,02,False
LG6-LG7,0.03629450871829377,True,12.75,13.25,3.8044423112314094,24,sub-HUP130,02,False
RD1-RD2,0.035579765086123066,True,9.25,12.75,3.107934884584291,25,sub-HUP130,02,False
LH2-LH3,0.03489922128924582,True,18.75,19.25,4.70338236953741,26,sub-HUP130,02,False
LF7-LF8,0.034455220960206825,True,13.25,14.0,3.697637098358343,27,sub-HUP130,02,False
LD2-LD3,0.03418453082597188,True,9.5,10.5,3.028717502093502,28,sub-HUP130,02,False
RC7-RC8,0.0335869012801438,True,10.5,11.0,3.143416988590135,29,sub-HUP130,02,False
RG1-RG2,0.03338321458704815,True,19.75,22.25,4.665701728991623,30,sub-HUP130,02,False
LE1-LE2,0.03311248144329661,True,6.25,7.25,2.396572194790549,31,sub-HUP130,02,False
LD4-LD5,0.03227185501186299,True,8.5,11.25,2.698171354461084,32,sub-HUP130,02,False
RC5-RC6,0.031743443836840905,True,7.5,9.75,2.495544886164933,33,sub-HUP130,02,False
LE3-LE4,0.03121602674627081,True,6.25,6.5,2.259313058734708,34,sub-HUP130,02,False
LF2-LF3,0.03107844719348875,True,17.0,19.75,3.9169811370964966,35,sub-HUP130,02,False
LG2-LG3,0.030291532195313987,True,19.75,21.75,4.2336023024072365,36,sub-HUP130,02,True
LD3-LD4,0.03027428191120973,True,6.0,11.25,2.1533741792764376,37,sub-HUP130,02,False
LG1-LG2,0.029578282816744423,True,19.75,22.25,4.133917209166236,38,sub-HUP130,02,True
LF1-LF2,0.028557154889297696,True,12.0,16.0,2.8864946093767356,39,sub-HUP130,02,False
LG5-LG6,0.0285371944913374,True,13.0,13.5,3.0269203675236542,40,sub-HUP130,02,False
LD5-LD6,0.02819626317706405,True,7.75,16.25,2.2518648622613173,41,sub-HUP130,02,False
RC1-RC2,0.02777242964184749,True,22.75,25.75,4.297405696497961,42,sub-HUP130,02,False
RC4-RC5,0.02599735803010202,True,9.5,11.25,2.303341639375051,43,sub-HUP130,02,False
RD3-RD4,0.025027052544910805,True,14.5,16.75,2.8419857274686198,44,sub-HUP130,02,False
RG3-RG4,0.02462407715366003,True,10.25,11.75,2.2738534858213804,45,sub-HUP130,02,False
RF3-RF4,0.024274548698605368,True,9.75,20.25,2.1809939240235514,46,sub-HUP130,02,False
RE7-RE8,0.02324460953044918,True,13.25,13.75,2.4945459103544483,47,sub-HUP130,02,False
LG3-LG4,0.0232379411589988,True,16.5,21.0,2.8708046241275476,48,sub-HUP130,02,False
RG2-RG3,0.022623355668117073,True,23.0,24.75,3.5288876434753798,49,sub-HUP130,02,False
RF4-RF5,0.022535096607785115,True,15.5,17.0,2.6714916698947087,50,sub-HUP130,02,False
LF3-LF4,0.02191039574500301,True,17.0,22.5,2.7614831045187103,51,sub-HUP130,02,False
RF5-RF6,0.02187198014043642,True,12.25,25.0,2.238065280936323,52,sub-HUP130,02,False
RH4-RH5,0.021779114303263875,True,17.0,23.75,2.744937009800994,53,sub-HUP130,02,False
RF2-RF3,0.021702237728197512,True,18.75,22.5,2.92481948133805,54,sub-HUP130,02,False
RF1-RF2,0.0211177256258472,True,16.25,18.25,2.582521902421095,55,sub-HUP130,02,False
RE1-RE2,0.020320737329244876,True,13.25,14.0,2.1807641953998966,56,sub-HUP130,02,False
RF6-RF7,0.017767822120793746,True,19.25,25.0,2.438920688466786,57,sub-HUP130,02,False
LC1-LC2,0.016879999392268398,True,22.75,26.5,2.6119502859739994,58,sub-HUP130,02,False
RF7-RF8,0.013962129744760786,True,19.25,28.25,1.916527915354509,59,sub-HUP130,02,False
LA1-LA2,0.0,False,,,,60,sub-HUP130,02,False
LA2-LA3,0.0,False,,,,60,sub-HUP130,02,False
LA3-LA4,0.0,False,,,,60,sub-HUP130,02,False
LA4-LA5,0.0,False,,,,60,sub-HUP130,02,False
LA5-LA6,0.0,False,,,,60,sub-HUP130,02,False
LB1-LB2,0.0,False,,,,60,sub-HUP130,02,False
LB2-LB3,0.0,False,,,,60,sub-HUP130,02,False
LB3-LB4,0.0,False,,,,60,sub-HUP130,02,False
LB4-LB5,0.0,False,,,,60,sub-HUP130,02,False
LB5-LB6,0.0,False,,,,60,sub-HUP130,02,False
LB6-LB7,0.0,False,,,,60,sub-HUP130,02,False
LB7-LB8,0.0,False,,,,60,sub-HUP130,02,False
LC2-LC3,0.0,False,,,,60,sub-HUP130,02,False
LC3-LC4,0.0,False,,,,60,sub-HUP130,02,False
LC4-LC5,0.0,False,,,,60,sub-HUP130,02,False
LC5-LC6,0.0,False,,,,60,sub-HUP130,02,False
LC6-LC7,0.0,False,,,,60,sub-HUP130,02,False
LC7-LC8,0.0,False,,,,60,sub-HUP130,02,False
LD1-LD2,0.0,False,,,,60,sub-HUP130,02,False
LD6-LD7,0.0,False,,,,60,sub-HUP130,02,False
LE2-LE3,0.0,False,,,,60,sub-HUP130,02,False
LF5-LF6,0.0,False,,,,60,sub-HUP130,02,False
LG4-LG5,0.0,False,,,,60,sub-HUP130,02,False
LH1-LH2,0.0,False,,,,60,sub-HUP130,02,False
LH3-LH4,0.0,False,,,,60,sub-HUP130,02,False
RA1-RA2,0.0,False,,,,60,sub-HUP130,02,False
RA2-RA3,0.0,False,,,,60,sub-HUP130,02,False
RA3-RA4,0.0,False,,,,60,sub-HUP130,02,False
RA4-RA5,0.0,False,,,,60,sub-HUP130,02,False
RA6-RA7,0.0,False,,,,60,sub-HUP130,02,False
RA7-RA8,0.0,False,,,,60,sub-HUP130,02,False
RB1-RB2,0.0,False,,,,60,sub-HUP130,02,False
RB2-RB3,0.0,False,,,,60,sub-HUP130,02,False
RB3-RB4,0.0,False,,,,60,sub-HUP130,02,False
RB4-RB5,0.0,False,,,,60,sub-HUP130,02,False
RB5-RB6,0.0,False,,,,60,sub-HUP130,02,False
RB6-RB7,0.0,False,,,,60,sub-HUP130,02,False
RB7-RB8,0.0,False,,,,60,sub-HUP130,02,False
RC6-RC7,0.0,False,,,,60,sub-HUP130,02,False
RD2-RD3,0.0,False,,,,60,sub-HUP130,02,False
RD4-RD5,0.0,False,,,,60,sub-HUP130,02,False
RD5-RD6,0.0,False,,,,60,sub-HUP130,02,False
RH1-RH2,0.0,False,,,,60,sub-HUP130,02,False
RH2-RH3,0.0,False,,,,60,sub-HUP130,02,False
LG7-LG8,1.0,True,-8.0,-5.75,1.9221512420529667,1,sub-HUP130,03,False
RG5-RG6,0.7134657775360617,True,-7.25,-6.75,2.3999309782931464,2,sub-HUP130,03,False
LG6-LG7,0.5067933573737498,True,-6.75,-6.0,2.191800333015329,3,sub-HUP130,03,False
RH6-RH7,0.28495280410580365,True,-4.25,-3.25,2.6016813351076196,4,sub-HUP130,03,False
RH5-RH6,0.2530818284111118,True,-4.25,-2.25,2.3106923664019083,5,sub-HUP130,03,False
RF3-RF4,0.19328868672364546,True,-0.75,3.75,3.0651232364002956,6,sub-HUP130,03,False
RB1-RB2,0.1683934138228092,True,0.75,1.75,3.1558566929472565,7,sub-HUP130,03,False
RE5-RE6,0.16023714337679423,True,0.25,2.5,2.8490002235237,8,sub-HUP130,03,False
RC4-RC5,0.1286828036049856,True,7.75,8.25,4.143075830568033,9,sub-HUP130,03,False
LF1-LF2,0.11062101080751953,True,3.25,4.25,2.6047213381801466,10,sub-HUP130,03,False
RA5-RA6,0.10710234449030999,True,3.5,6.25,2.5733363061104257,11,sub-HUP130,03,False
RC3-RC4,0.10374108745849533,True,0.5,8.75,1.8943575710475866,12,sub-HUP130,03,False
RC6-RC7,0.09398983694530987,True,8.5,10.25,3.1615969319337056,13,sub-HUP130,03,False
LF2-LF3,0.06483314836618904,True,15.0,16.0,2.990858799798589,14,sub-HUP130,03,False
RA1-RA2,0.056130177332146064,True,18.5,21.5,2.9669939770800404,15,sub-HUP130,03,False
RA3-RA4,0.05154359657911024,True,14.5,19.0,2.328252822333724,16,sub-HUP130,03,False
RA4-RA5,0.04912483784606691,True,14.75,15.75,2.242602491934867,17,sub-HUP130,03,False
RH2-RH3,0.04804147498084246,True,18.0,19.75,2.493260481721037,18,sub-HUP130,03,False
LG4-LG5,0.048003651474510356,True,12.75,13.5,2.00687855312957,19,sub-HUP130,03,False
RB2-RB3,0.038065782343720676,True,15.5,16.5,1.7926206748866644,20,sub-HUP130,03,False
LC2-LC3,0.03723241034119044,True,20.5,21.5,2.111206551567375,21,sub-HUP130,03,False
LG5-LG6,0.03633110634619602,True,12.5,13.75,1.501428445552731,22,sub-HUP130,03,False
LA1-LA2,0.0,False,,,,23,sub-HUP130,03,False
LA2-LA3,0.0,False,,,,23,sub-HUP130,03,False
LA3-LA4,0.0,False,,,,23,sub-HUP130,03,False
LA4-LA5,0.0,False,,,,23,sub-HUP130,03,False
LA5-LA6,0.0,False,,,,23,sub-HUP130,03,False
LA6-LA7,0.0,False,,,,23,sub-HUP130,03,False
LA7-LA8,0.0,False,,,,23,sub-HUP130,03,False
LB1-LB2,0.0,False,,,,23,sub-HUP130,03,False
LB2-LB3,0.0,False,,,,23,sub-HUP130,03,False
LB3-LB4,0.0,False,,,,23,sub-HUP130,03,False
LB4-LB5,0.0,False,,,,23,sub-HUP130,03,False
LB5-LB6,0.0,False,,,,23,sub-HUP130,03,False
LB6-LB7,0.0,False,,,,23,sub-HUP130,03,False
LB7-LB8,0.0,False,,,,23,sub-HUP130,03,False
LC1-LC2,0.0,False,,,,23,sub-HUP130,03,False
LC3-LC4,0.0,False,,,,23,sub-HUP130,03,False
LC4-LC5,0.0,False,,,,23,sub-HUP130,03,False
LC5-LC6,0.0,False,,,,23,sub-HUP130,03,False
LC6-LC7,0.0,False,,,,23,sub-HUP130,03,False
LC7-LC8,0.0,False,,,,23,sub-HUP130,03,False
LD1-LD2,0.0,False,,,,23,sub-HUP130,03,False
LD2-LD3,0.0,False,,,,23,sub-HUP130,03,False
LD3-LD4,0.0,False,,,,23,sub-HUP130,03,False
LD4-LD5,0.0,False,,,,23,sub-HUP130,03,False
LD5-LD6,0.0,False,,,,23,sub-HUP130,03,False
LD6-LD7,0.0,False,,,,23,sub-HUP130,03,False
LE1-LE2,0.0,False,,,,23,sub-HUP130,03,False
LE2-LE3,0.0,False,,,,23,sub-HUP130,03,False
LE3-LE4,0.0,False,,,,23,sub-HUP130,03,False
LF3-LF4,0.0,False,,,,23,sub-HUP130,03,False
LF4-LF5,0.0,False,,,,23,sub-HUP130,03,False
LF5-LF6,0.0,False,,,,23,sub-HUP130,03,False
LF6-LF7,0.0,False,,,,23,sub-HUP130,03,False
LF7-LF8,0.0,False,,,,23,sub-HUP130,03,False
LG1-LG2,0.0,False,,,,23,sub-HUP130,03,True
LG2-LG3,0.0,False,,,,23,sub-HUP130,03,True
LG3-LG4,0.0,False,,,,23,sub-HUP130,03,False
LH1-LH2,0.0,False,,,,23,sub-HUP130,03,False
LH2-LH3,0.0,False,,,,23,sub-HUP130,03,False
LH3-LH4,0.0,False,,,,23,sub-HUP130,03,False
RA2-RA3,0.0,False,,,,23,sub-HUP130,03,False
RA6-RA7,0.0,False,,,,23,sub-HUP130,03,False
RA7-RA8,0.0,False,,,,23,sub-HUP130,03,False
RB3-RB4,0.0,False,,,,23,sub-HUP130,03,False
RB4-RB5,0.0,False,,,,23,sub-HUP130,03,False
RB5-RB6,0.0,False,,,,23,sub-HUP130,03,False
RB6-RB7,0.0,False,,,,23,sub-HUP130,03,False
RB7-RB8,0.0,False,,,,23,sub-HUP130,03,False
RC1-RC2,0.0,False,,,,23,sub-HUP130,03,False
RC2-RC3,0.0,False,,,,23,sub-HUP130,03,False
RC5-RC6,0.0,False,,,,23,sub-HUP130,03,False
RC7-RC8,0.0,False,,,,23,sub-HUP130,03,False
RD1-RD2,0.0,False,,,,23,sub-HUP130,03,False
RD2-RD3,0.0,False,,,,23,sub-HUP130,03,False
RD3-RD4,0.0,False,,,,23,sub-HUP130,03,False
RD4-RD5,0.0,False,,,,23,sub-HUP130,03,False
RD5-RD6,0.0,False,,,,23,sub-HUP130,03,False
RD6-RD7,0.0,False,,,,23,sub-HUP130,03,False
RD7-RD8,0.0,False,,,,23,sub-HUP130,03,False
RE1-RE2,0.0,False,,,,23,sub-HUP130,03,False
RE2-RE3,0.0,False,,,,23,sub-HUP130,03,False
RE3-RE4,0.0,False,,,,23,sub-HUP130,03,False
RE4-RE5,0.0,False,,,,23,sub-HUP130,03,False
RE6-RE7,0.0,False,,,,23,sub-HUP130,03,False
RE7-RE8,0.0,False,,,,23,sub-HUP130,03,False
RF1-RF2,0.0,False,,,,23,sub-HUP130,03,False
RF2-RF3,0.0,False,,,,23,sub-HUP130,03,False
RF4-RF5,0.0,False,,,,23,sub-HUP130,03,False
RF5-RF6,0.0,False,,,,23,sub-HUP130,03,False
RF6-RF7,0.0,False,,,,23,sub-HUP130,03,False
RF7-RF8,0.0,False,,,,23,sub-HUP130,03,False
RG1-RG2,0.0,False,,,,23,sub-HUP130,03,False
RG2-RG3,0.0,False,,,,23,sub-HUP130,03,False
RG3-RG4,0.0,False,,,,23,sub-HUP130,03,False
RG4-RG5,0.0,False,,,,23,sub-HUP130,03,False
RG6-RG7,0.0,False,,,,23,sub-HUP130,03,False
RG7-RG8,0.0,False,,,,23,sub-HUP130,03,False
RH1-RH2,0.0,False,,,,23,sub-HUP130,03,False
RH3-RH4,0.0,False,,,,23,sub-HUP130,03,False
RH4-RH5,0.0,False,,,,23,sub-HUP130,03,False
RH7-RH8,0.0,False,,,,23,sub-HUP130,03,False
LC3-LC4,1.0,True,-8.75,-4.5,3.8224046412029353,1,sub-HUP133,01,False
LD6-LD7,0.9498236554032693,True,-9.0,-7.5,2.904488278990235,2,sub-HUP133,01,False
RI7-RI8,0.24774153332396395,True,-6.75,-5.5,2.462117805670254,3,sub-HUP133,01,False
RJ1-RJ2,0.22670668472815017,True,-6.75,-4.25,2.2530681781311905,4,sub-HUP133,01,False
LD5-LD6,0.16080253257501323,True,2.5,3.0,6.146523468319168,5,sub-HUP133,01,False
LD7-LD8,0.1547323518081039,True,5.0,5.5,7.0973959163465015,6,sub-HUP133,01,False
LF5-LF6,0.14982661482052026,True,-5.0,0.5,2.2907917914627247,7,sub-HUP133,01,False
LF3-LF4,0.12137533463391052,True,0.0,4.0,3.711565139457752,8,sub-HUP133,01,False
LE5-LE6,0.11753531399911242,True,0.0,3.25,3.594140237883613,9,sub-HUP133,01,False
LE6-LE7,0.0967083941728197,True,1.25,4.0,3.3269275325652203,10,sub-HUP133,01,False
RJ3-RJ4,0.09307703131496128,True,1.25,3.0,3.2020026883892903,11,sub-HUP133,01,False
LE7-LE8,0.09149779314707329,True,0.75,3.5,3.007777666992712,12,sub-HUP133,01,False
LD4-LD5,0.0899812466922194,True,8.0,10.75,4.952804183676945,13,sub-HUP133,01,False
LE1-LE2,0.08912307329790205,True,2.5,4.5,3.406644490121702,14,sub-HUP133,01,False
RJ2-RJ3,0.08877662175238889,True,1.0,1.5,2.9861935049465087,15,sub-HUP133,01,False
LE2-LE3,0.08288529863362319,True,3.25,7.75,3.3583041919573176,16,sub-HUP133,01,False
LE4-LE5,0.07974441265807285,True,1.0,7.0,2.682375634877134,17,sub-HUP133,01,False
LC2-LC3,0.0756232632804611,True,7.5,9.5,4.046877975646044,18,sub-HUP133,01,False
LD3-LD4,0.07333095288846096,True,2.5,12.75,2.80300574664687,19,sub-HUP133,01,False
LB3-LB4,0.07114187720550826,True,5.5,9.0,3.371969716016378,20,sub-HUP133,01,True
LG4-LG5,0.06928241111183976,True,8.0,8.75,3.8134859009418163,21,sub-HUP133,01,False
LE3-LE4,0.06697108097441595,True,2.75,8.25,2.611103821578449,22,sub-HUP133,01,False
RJ7-RJ8,0.0659854012140277,True,6.0,8.75,3.2284531693073566,23,sub-HUP133,01,False
LG5-LG6,0.06451825221756965,True,3.25,4.25,2.614117587218642,24,sub-HUP133,01,False
LF2-LF3,0.0616108352294326,True,4.25,10.5,2.6847175848348463,25,sub-HUP133,01,False
LC6-LC7,0.055200725165010685,True,15.25,17.75,4.262190062983791,26,sub-HUP133,01,False
RI3-RI4,0.05514208524163062,True,6.0,15.75,2.6979246406811748,27,sub-HUP133,01,False
LB4-LB5,0.05304551784094316,True,7.25,9.5,2.7981077835452326,28,sub-HUP133,01,False
LG3-LG4,0.05070333556257468,True,8.0,10.5,2.7908447785755164,29,sub-HUP133,01,False
LB5-LB6,0.048979656921474796,True,7.0,9.25,2.546192923999949,30,sub-HUP133,01,False
RJ4-RJ5,0.043394359539292576,True,15.25,16.5,3.3505901863614205,31,sub-HUP133,01,False
LF1-LF2,0.03316045173078416,True,22.75,27.25,3.3209198125235444,32,sub-HUP133,01,False
LA7-LA8,0.03302525690275769,True,7.5,8.0,1.7673025336682842,33,sub-HUP133,01,False
LA2-LA3,0.0,False,,,,34,sub-HUP133,01,True
LA3-LA4,0.0,False,,,,34,sub-HUP133,01,True
LA4-LA5,0.0,False,,,,34,sub-HUP133,01,False
LA5-LA6,0.0,False,,,,34,sub-HUP133,01,False
LA6-LA7,0.0,False,,,,34,sub-HUP133,01,False
LB1-LB2,0.0,False,,,,34,sub-HUP133,01,True
LB2-LB3,0.0,False,,,,34,sub-HUP133,01,True
LB6-LB7,0.0,False,,,,34,sub-HUP133,01,False
LB7-LB8,0.0,False,,,,34,sub-HUP133,01,False
LC1-LC2,0.0,False,,,,34,sub-HUP133,01,False
LC4-LC5,0.0,False,,,,34,sub-HUP133,01,False
LC5-LC6,0.0,False,,,,34,sub-HUP133,01,False
LC7-LC8,0.0,False,,,,34,sub-HUP133,01,False
LD1-LD2,0.0,False,,,,34,sub-HUP133,01,False
LD2-LD3,0.0,False,,,,34,sub-HUP133,01,False
LF4-LF5,0.0,False,,,,34,sub-HUP133,01,False
LF6-LF7,0.0,False,,,,34,sub-HUP133,01,False
LF7-LF8,0.0,False,,,,34,sub-HUP133,01,False
LG6-LG7,0.0,False,,,,34,sub-HUP133,01,False
LG7-LG8,0.0,False,,,,34,sub-HUP133,01,False
LH1-LH2,0.0,False,,,,34,sub-HUP133,01,False
LH2-LH3,0.0,False,,,,34,sub-HUP133,01,False
LH3-LH4,0.0,False,,,,34,sub-HUP133,01,False
LH4-LH5,0.0,False,,,,34,sub-HUP133,01,False
LH5-LH6,0.0,False,,,,34,sub-HUP133,01,False
LH6-LH7,0.0,False,,,,34,sub-HUP133,01,False
LH7-LH8,0.0,False,,,,34,sub-HUP133,01,False
RI1-RI2,0.0,False,,,,34,sub-HUP133,01,False
RI2-RI3,0.0,False,,,,34,sub-HUP133,01,False
RI4-RI5,0.0,False,,,,34,sub-HUP133,01,False
RI5-RI6,0.0,False,,,,34,sub-HUP133,01,False
RI6-RI7,0.0,False,,,,34,sub-HUP133,01,False
LF7-LF8,1.0,True,-7.5,-2.25,2.486800756019524,1,sub-HUP133,02,False
RJ3-RJ4,0.9819631552966192,True,-7.0,-6.0,3.6629200754624245,2,sub-HUP133,02,False
LE5-LE6,0.7306387120712883,True,-6.5,-6.0,3.6339058031120217,3,sub-HUP133,02,False
LH1-LH2,0.3017220245581768,True,-5.75,1.75,2.0633870366422924,4,sub-HUP133,02,False
LC4-LC5,0.2712484628332741,True,-5.5,-3.0,2.023622647328759,5,sub-HUP133,02,False
LA6-LA7,0.25355892562186444,True,-3.75,-3.25,2.9951150076767656,6,sub-HUP133,02,False
LG7-LG8,0.2477932442418688,True,-4.5,-3.25,2.464849708468839,7,sub-HUP133,02,False
RI3-RI4,0.2249402342438423,True,-1.75,-1.25,3.775825425893372,8,sub-HUP133,02,False
LG6-LG7,0.18810195626202889,True,-4.0,-3.0,2.104974391685242,9,sub-HUP133,02,False
LA4-LA5,0.11667190223978367,True,3.75,4.25,3.554212240027593,10,sub-HUP133,02,False
LC7-LC8,0.1093679943474295,True,0.5,6.0,2.44778769924774,11,sub-HUP133,02,False
LB2-LB3,0.10463215925570217,True,0.75,1.5,2.406843827854577,12,sub-HUP133,02,True
LF5-LF6,0.09913932919859823,True,4.0,5.75,3.0817469850292816,13,sub-HUP133,02,False
LC3-LC4,0.09351461618624025,True,3.75,4.5,2.8487646733275187,14,sub-HUP133,02,False
RJ2-RJ3,0.06722818344160213,True,12.5,13.25,3.5108450455763034,15,sub-HUP133,02,False
LH7-LH8,0.06266623787841186,True,12.25,13.0,3.2336477904583787,16,sub-HUP133,02,False
RJ7-RJ8,0.060269863501170945,True,11.0,12.5,2.9226432713381554,17,sub-HUP133,02,False
LC5-LC6,0.051054489131636106,True,10.5,11.75,2.4122845012441214,18,sub-HUP133,02,False
LC2-LC3,0.05004640382306556,True,13.5,16.5,2.7380195669916723,19,sub-HUP133,02,False
RI5-RI6,0.047361707747467,True,12.5,13.25,2.47336174328831,20,sub-HUP133,02,False
LD7-LD8,0.04604153051151488,True,14.0,15.0,2.576162539897452,21,sub-HUP133,02,False
LD6-LD7,0.03951087061318096,True,25.25,28.5,3.31612862327487,22,sub-HUP133,02,False
LD2-LD3,0.039349054716952075,True,11.0,11.75,1.9081385508660156,23,sub-HUP133,02,False
LH2-LH3,0.03514622826048348,True,27.0,30.0,3.10275917883388,24,sub-HUP133,02,False
RI6-RI7,0.032586336737926,True,26.5,28.25,2.8362504392523404,25,sub-HUP133,02,False
LE2-LE3,0.03188493065701325,True,25.25,26.0,2.676087101142809,26,sub-HUP133,02,False
LB7-LB8,0.029537132765190117,True,26.75,27.5,2.589216984212115,27,sub-HUP133,02,False
LD5-LD6,0.02540346128877558,True,22.5,28.5,1.9583737488916344,28,sub-HUP133,02,False
LA2-LA3,0.0,False,,,,29,sub-HUP133,02,True
LA3-LA4,0.0,False,,,,29,sub-HUP133,02,True
LA5-LA6,0.0,False,,,,29,sub-HUP133,02,False
LA7-LA8,0.0,False,,,,29,sub-HUP133,02,False
LB1-LB2,0.0,False,,,,29,sub-HUP133,02,True
LB3-LB4,0.0,False,,,,29,sub-HUP133,02,True
LB4-LB5,0.0,False,,,,29,sub-HUP133,02,False
LB5-LB6,0.0,False,,,,29,sub-HUP133,02,False
LB6-LB7,0.0,False,,,,29,sub-HUP133,02,False
LC1-LC2,0.0,False,,,,29,sub-HUP133,02,False
LC6-LC7,0.0,False,,,,29,sub-HUP133,02,False
LD1-LD2,0.0,False,,,,29,sub-HUP133,02,False
LD3-LD4,0.0,False,,,,29,sub-HUP133,02,False
LD4-LD5,0.0,False,,,,29,sub-HUP133,02,False
LE1-LE2,0.0,False,,,,29,sub-HUP133,02,False
LE3-LE4,0.0,False,,,,29,sub-HUP133,02,False
LE4-LE5,0.0,False,,,,29,sub-HUP133,02,False
LE6-LE7,0.0,False,,,,29,sub-HUP133,02,False
LE7-LE8,0.0,False,,,,29,sub-HUP133,02,False
LF1-LF2,0.0,False,,,,29,sub-HUP133,02,False
LF2-LF3,0.0,False,,,,29,sub-HUP133,02,False
LF3-LF4,0.0,False,,,,29,sub-HUP133,02,False
LF4-LF5,0.0,False,,,,29,sub-HUP133,02,False
LF6-LF7,0.0,False,,,,29,sub-HUP133,02,False
LG3-LG4,0.0,False,,,,29,sub-HUP133,02,False
LG4-LG5,0.0,False,,,,29,sub-HUP133,02,False
LG5-LG6,0.0,False,,,,29,sub-HUP133,02,False
LH3-LH4,0.0,False,,,,29,sub-HUP133,02,False
LH4-LH5,0.0,False,,,,29,sub-HUP133,02,False
LH5-LH6,0.0,False,,,,29,sub-HUP133,02,False
LH6-LH7,0.0,False,,,,29,sub-HUP133,02,False
RI1-RI2,0.0,False,,,,29,sub-HUP133,02,False
RI2-RI3,0.0,False,,,,29,sub-HUP133,02,False
RI4-RI5,0.0,False,,,,29,sub-HUP133,02,False
RI7-RI8,0.0,False,,,,29,sub-HUP133,02,False
RJ1-RJ2,0.0,False,,,,29,sub-HUP133,02,False
RJ4-RJ5,0.0,False,,,,29,sub-HUP133,02,False
LC1-LC2,1.0,True,-6.0,-4.75,2.5775814565563633,1,sub-HUP133,03,False
LD4-LD5,0.32592743136297875,True,-3.5,-3.0,2.940365761424913,2,sub-HUP133,03,False
LD2-LD3,0.23346170793662543,True,-2.0,-1.25,3.0088328459671163,3,sub-HUP133,03,False
LC6-LC7,0.22362154519441285,True,-3.25,-2.0,2.1615103056734974,4,sub-HUP133,03,False
LG3-LG4,0.21723247271021542,True,-2.5,-0.5,2.519704770388819,5,sub-HUP133,03,False
LC5-LC6,0.1510912366454296,True,1.5,2.25,3.310324743516143,6,sub-HUP133,03,False
RI3-RI4,0.13024694154781438,True,1.0,4.25,2.685776810454615,7,sub-HUP133,03,False
LC4-LC5,0.11764723287267853,True,1.5,2.25,2.5775852698761677,8,sub-HUP133,03,False
LD7-LD8,0.11513455005420535,True,1.25,2.25,2.448341620136611,9,sub-HUP133,03,False
LA4-LA5,0.10220373254075926,True,0.5,2.75,1.9757883434093042,10,sub-HUP133,03,False
LC7-LC8,0.09875581353026908,True,1.5,2.25,2.1636848063034564,11,sub-HUP133,03,False
RI5-RI6,0.07599980790951291,True,5.5,6.25,2.4486961946175763,12,sub-HUP133,03,False
RI2-RI3,0.07230920018450743,True,5.75,8.0,2.376381382558606,13,sub-HUP133,03,False
LF1-LF2,0.04857719981069555,True,16.0,18.25,2.8798688572000883,14,sub-HUP133,03,False
LB5-LB6,0.04821209299933034,True,9.25,10.0,2.019397199573727,15,sub-HUP133,03,False
RI4-RI5,0.02564389797789354,True,28.25,30.0,2.329998065532867,16,sub-HUP133,03,False
LB2-LB3,0.023769007300066942,True,29.25,29.75,2.220912526580945,17,sub-HUP133,03,True
LA2-LA3,0.0,False,,,,18,sub-HUP133,03,True
LA3-LA4,0.0,False,,,,18,sub-HUP133,03,True
LA5-LA6,0.0,False,,,,18,sub-HUP133,03,False
LA6-LA7,0.0,False,,,,18,sub-HUP133,03,False
LA7-LA8,0.0,False,,,,18,sub-HUP133,03,False
LB1-LB2,0.0,False,,,,18,sub-HUP133,03,True
LB3-LB4,0.0,False,,,,18,sub-HUP133,03,True
LB4-LB5,0.0,False,,,,18,sub-HUP133,03,False
LB6-LB7,0.0,False,,,,18,sub-HUP133,03,False
LB7-LB8,0.0,False,,,,18,sub-HUP133,03,False
LC2-LC3,0.0,False,,,,18,sub-HUP133,03,False
LC3-LC4,0.0,False,,,,18,sub-HUP133,03,False
LD1-LD2,0.0,False,,,,18,sub-HUP133,03,False
LD3-LD4,0.0,False,,,,18,sub-HUP133,03,False
LD5-LD6,0.0,False,,,,18,sub-HUP133,03,False
LD6-LD7,0.0,False,,,,18,sub-HUP133,03,False
LE1-LE2,0.0,False,,,,18,sub-HUP133,03,False
LE2-LE3,0.0,False,,,,18,sub-HUP133,03,False
LE3-LE4,0.0,False,,,,18,sub-HUP133,03,False
LE4-LE5,0.0,False,,,,18,sub-HUP133,03,False
LE5-LE6,0.0,False,,,,18,sub-HUP133,03,False
LE6-LE7,0.0,False,,,,18,sub-HUP133,03,False
LE7-LE8,0.0,False,,,,18,sub-HUP133,03,False
LF2-LF3,0.0,False,,,,18,sub-HUP133,03,False
LF3-LF4,0.0,False,,,,18,sub-HUP133,03,False
LF4-LF5,0.0,False,,,,18,sub-HUP133,03,False
LF5-LF6,0.0,False,,,,18,sub-HUP133,03,False
LF6-LF7,0.0,False,,,,18,sub-HUP133,03,False
LF7-LF8,0.0,False,,,,18,sub-HUP133,03,False
LG4-LG5,0.0,False,,,,18,sub-HUP133,03,False
LG5-LG6,0.0,False,,,,18,sub-HUP133,03,False
LG6-LG7,0.0,False,,,,18,sub-HUP133,03,False
LG7-LG8,0.0,False,,,,18,sub-HUP133,03,False
LH1-LH2,0.0,False,,,,18,sub-HUP133,03,False
LH2-LH3,0.0,False,,,,18,sub-HUP133,03,False
LH3-LH4,0.0,False,,,,18,sub-HUP133,03,False
LH4-LH5,0.0,False,,,,18,sub-HUP133,03,False
LH5-LH6,0.0,False,,,,18,sub-HUP133,03,False
LH6-LH7,0.0,False,,,,18,sub-HUP133,03,False
LH7-LH8,0.0,False,,,,18,sub-HUP133,03,False
RI1-RI2,0.0,False,,,,18,sub-HUP133,03,False
RI6-RI7,0.0,False,,,,18,sub-HUP133,03,False
RI7-RI8,0.0,False,,,,18,sub-HUP133,03,False
RJ1-RJ2,0.0,False,,,,18,sub-HUP133,03,False
RJ2-RJ3,0.0,False,,,,18,sub-HUP133,03,False
RJ3-RJ4,0.0,False,,,,18,sub-HUP133,03,False
RJ4-RJ5,0.0,False,,,,18,sub-HUP133,03,False
RJ7-RJ8,0.0,False,,,,18,sub-HUP133,03,False
RI1-RI2,1.0,True,-3.0,-1.0,3.238409497232169,1,sub-HUP134,01,False
RE4-RE5,0.09363729764214253,True,4.75,7.75,2.6533142473203606,2,sub-HUP134,01,True
RF4-RF5,0.09095796218360133,True,9.75,12.5,4.050188018033562,3,sub-HUP134,01,False
RG4-RG5,0.08167930829744152,True,6.25,12.5,2.711238239107337,4,sub-HUP134,01,False
RG5-RG6,0.07240526926006964,True,7.5,12.5,2.6964959836468125,5,sub-HUP134,01,False
LB1-LB2,0.06607164967833899,True,7.25,12.25,2.40712940043146,6,sub-HUP134,01,False
RI2-RI3,0.0406628653632043,True,17.25,21.75,2.7982639492585686,7,sub-HUP134,01,False
RG3-RG4,0.036398129204004114,True,25.75,27.75,3.506693407047982,8,sub-HUP134,01,False
RD2-RD3,0.03060716239158865,True,16.75,18.0,2.056709401474145,9,sub-HUP134,01,False
LA1-LA2,0.0,False,,,,10,sub-HUP134,01,False
LA2-LA3,0.0,False,,,,10,sub-HUP134,01,False
LA3-LA4,0.0,False,,,,10,sub-HUP134,01,False
LA4-LA5,0.0,False,,,,10,sub-HUP134,01,False
LA5-LA6,0.0,False,,,,10,sub-HUP134,01,False
LA6-LA7,0.0,False,,,,10,sub-HUP134,01,False
LA7-LA8,0.0,False,,,,10,sub-HUP134,01,False
LB2-LB3,0.0,False,,,,10,sub-HUP134,01,False
LB3-LB4,0.0,False,,,,10,sub-HUP134,01,False
LB4-LB5,0.0,False,,,,10,sub-HUP134,01,False
LB5-LB6,0.0,False,,,,10,sub-HUP134,01,False
LB6-LB7,0.0,False,,,,10,sub-HUP134,01,False
LB7-LB8,0.0,False,,,,10,sub-HUP134,01,False
LB8-LB9,0.0,False,,,,10,sub-HUP134,01,False
LB9-LB10,0.0,False,,,,10,sub-HUP134,01,False
LC1-LC2,0.0,False,,,,10,sub-HUP134,01,False
LC2-LC3,0.0,False,,,,10,sub-HUP134,01,False
LC3-LC4,0.0,False,,,,10,sub-HUP134,01,False
LC4-LC5,0.0,False,,,,10,sub-HUP134,01,False
LC5-LC6,0.0,False,,,,10,sub-HUP134,01,False
LC6-LC7,0.0,False,,,,10,sub-HUP134,01,False
LC7-LC8,0.0,False,,,,10,sub-HUP134,01,False
RA1-RA2,0.0,False,,,,10,sub-HUP134,01,False
RA2-RA3,0.0,False,,,,10,sub-HUP134,01,False
RA3-RA4,0.0,False,,,,10,sub-HUP134,01,False
RA4-RA5,0.0,False,,,,10,sub-HUP134,01,False
RA5-RA6,0.0,False,,,,10,sub-HUP134,01,False
RA6-RA7,0.0,False,,,,10,sub-HUP134,01,False
RA7-RA8,0.0,False,,,,10,sub-HUP134,01,False
RB1-RB2,0.0,False,,,,10,sub-HUP134,01,False
RB2-RB3,0.0,False,,,,10,sub-HUP134,01,False
RB3-RB4,0.0,False,,,,10,sub-HUP134,01,False
RB4-RB5,0.0,False,,,,10,sub-HUP134,01,False
RB5-RB6,0.0,False,,,,10,sub-HUP134,01,False
RB6-RB7,0.0,False,,,,10,sub-HUP134,01,False
RB7-RB8,0.0,False,,,,10,sub-HUP134,01,False
RB8-RB9,0.0,False,,,,10,sub-HUP134,01,False
RB9-RB10,0.0,False,,,,10,sub-HUP134,01,False
RC1-RC2,0.0,False,,,,10,sub-HUP134,01,False
RC2-RC3,0.0,False,,,,10,sub-HUP134,01,False
RC3-RC4,0.0,False,,,,10,sub-HUP134,01,False
RC4-RC5,0.0,False,,,,10,sub-HUP134,01,False
RC5-RC6,0.0,False,,,,10,sub-HUP134,01,False
RC6-RC7,0.0,False,,,,10,sub-HUP134,01,False
RC7-RC8,0.0,False,,,,10,sub-HUP134,01,False
RC8-RC9,0.0,False,,,,10,sub-HUP134,01,False
RC9-RC10,0.0,False,,,,10,sub-HUP134,01,False
RD1-RD2,0.0,False,,,,10,sub-HUP134,01,False
RE1-RE2,0.0,False,,,,10,sub-HUP134,01,True
RE2-RE3,0.0,False,,,,10,sub-HUP134,01,True
RE3-RE4,0.0,False,,,,10,sub-HUP134,01,True
RE5-RE6,0.0,False,,,,10,sub-HUP134,01,True
RF1-RF2,0.0,False,,,,10,sub-HUP134,01,False
RF2-RF3,0.0,False,,,,10,sub-HUP134,01,False
RF3-RF4,0.0,False,,,,10,sub-HUP134,01,False
RG1-RG2,0.0,False,,,,10,sub-HUP134,01,False
RG2-RG3,0.0,False,,,,10,sub-HUP134,01,False
RH1-RH2,0.0,False,,,,10,sub-HUP134,01,False
RI3-RI4,0.0,False,,,,10,sub-HUP134,01,False
RI4-RI5,0.0,False,,,,10,sub-HUP134,01,False
RI5-RI6,0.0,False,,,,10,sub-HUP134,01,False
RI6-RI7,0.0,False,,,,10,sub-HUP134,01,False
RA1-RA2,1.0,True,-6.0,-5.5,2.0108476912290114,1,sub-HUP135,01,False
RC5-RC6,0.1462400379383773,True,2.5,3.75,2.7936312052094765,2,sub-HUP135,01,False
RI10-RI11,0.13181901181563513,True,7.25,9.0,3.777218366866226,3,sub-HUP135,01,False
RH7-RH8,0.12026900492429538,True,3.0,6.75,2.4184265087842998,4,sub-HUP135,01,False
RH5-RH6,0.11025630059015366,True,5.25,6.25,2.715930686693239,5,sub-HUP135,01,False
RG7-RG8,0.10294938997094182,True,4.5,6.5,2.38067874606979,6,sub-HUP135,01,False
RG8-RG9,0.093537271751986,True,5.75,7.0,2.3981373885658566,7,sub-HUP135,01,False
RH8-RH9,0.047840923063901274,True,21.5,25.5,2.741723076145353,8,sub-HUP135,01,False
RJ7-RJ8,0.0474076645520121,True,21.5,24.0,2.71689339511273,9,sub-HUP135,01,False
RG9-RG10,0.044681504367959694,True,14.5,22.25,1.931725547827441,10,sub-HUP135,01,False
RH6-RH7,0.0329823491584368,True,21.75,23.75,1.9067713188758635,11,sub-HUP135,01,False
RB3-RB4,0.027069175512593406,True,24.25,25.0,1.7009996588428546,12,sub-HUP135,01,False
RA2-RA3,0.0,False,,,,13,sub-HUP135,01,False
RA3-RA4,0.0,False,,,,13,sub-HUP135,01,False
RA4-RA5,0.0,False,,,,13,sub-HUP135,01,False
RA5-RA6,0.0,False,,,,13,sub-HUP135,01,False
RA6-RA7,0.0,False,,,,13,sub-HUP135,01,False
RA7-RA8,0.0,False,,,,13,sub-HUP135,01,False
RB1-RB2,0.0,False,,,,13,sub-HUP135,01,True
RB2-RB3,0.0,False,,,,13,sub-HUP135,01,True
RB4-RB5,0.0,False,,,,13,sub-HUP135,01,False
RB5-RB6,0.0,False,,,,13,sub-HUP135,01,False
RB6-RB7,0.0,False,,,,13,sub-HUP135,01,False
RB7-RB8,0.0,False,,,,13,sub-HUP135,01,False
RC1-RC2,0.0,False,,,,13,sub-HUP135,01,False
RC2-RC3,0.0,False,,,,13,sub-HUP135,01,False
RC3-RC4,0.0,False,,,,13,sub-HUP135,01,False
RC4-RC5,0.0,False,,,,13,sub-HUP135,01,False
RC6-RC7,0.0,False,,,,13,sub-HUP135,01,False
RC7-RC8,0.0,False,,,,13,sub-HUP135,01,False
RC8-RC9,0.0,False,,,,13,sub-HUP135,01,False
RD1-RD2,0.0,False,,,,13,sub-HUP135,01,False
RD2-RD3,0.0,False,,,,13,sub-HUP135,01,False
RD3-RD4,0.0,False,,,,13,sub-HUP135,01,False
RD4-RD5,0.0,False,,,,13,sub-HUP135,01,False
RD5-RD6,0.0,False,,,,13,sub-HUP135,01,False
RD6-RD7,0.0,False,,,,13,sub-HUP135,01,False
RD7-RD8,0.0,False,,,,13,sub-HUP135,01,False
RE1-RE2,0.0,False,,,,13,sub-HUP135,01,False
RE10-RE11,0.0,False,,,,13,sub-HUP135,01,False
RE11-RE12,0.0,False,,,,13,sub-HUP135,01,False
RE2-RE3,0.0,False,,,,13,sub-HUP135,01,False
RE3-RE4,0.0,False,,,,13,sub-HUP135,01,False
RE4-RE5,0.0,False,,,,13,sub-HUP135,01,False
RE5-RE6,0.0,False,,,,13,sub-HUP135,01,False
RE6-RE7,0.0,False,,,,13,sub-HUP135,01,False
RE7-RE8,0.0,False,,,,13,sub-HUP135,01,False
RE8-RE9,0.0,False,,,,13,sub-HUP135,01,False
RE9-RE10,0.0,False,,,,13,sub-HUP135,01,False
RF1-RF2,0.0,False,,,,13,sub-HUP135,01,False
RF10-RF11,0.0,False,,,,13,sub-HUP135,01,False
RF11-RF12,0.0,False,,,,13,sub-HUP135,01,False
RF2-RF3,0.0,False,,,,13,sub-HUP135,01,False
RF3-RF4,0.0,False,,,,13,sub-HUP135,01,False
RF4-RF5,0.0,False,,,,13,sub-HUP135,01,False
RF5-RF6,0.0,False,,,,13,sub-HUP135,01,False
RF6-RF7,0.0,False,,,,13,sub-HUP135,01,False
RF7-RF8,0.0,False,,,,13,sub-HUP135,01,False
RF8-RF9,0.0,False,,,,13,sub-HUP135,01,False
RF9-RF10,0.0,False,,,,13,sub-HUP135,01,False
RG1-RG2,0.0,False,,,,13,sub-HUP135,01,False
RG10-RG11,0.0,False,,,,13,sub-HUP135,01,False
RG11-RG12,0.0,False,,,,13,sub-HUP135,01,False
RG2-RG3,0.0,False,,,,13,sub-HUP135,01,False
RG3-RG4,0.0,False,,,,13,sub-HUP135,01,False
RG4-RG5,0.0,False,,,,13,sub-HUP135,01,False
RG5-RG6,0.0,False,,,,13,sub-HUP135,01,False
RG6-RG7,0.0,False,,,,13,sub-HUP135,01,False
RH1-RH2,0.0,False,,,,13,sub-HUP135,01,False
RH2-RH3,0.0,False,,,,13,sub-HUP135,01,False
RH3-RH4,0.0,False,,,,13,sub-HUP135,01,False
RH4-RH5,0.0,False,,,,13,sub-HUP135,01,False
RI1-RI2,0.0,False,,,,13,sub-HUP135,01,False
RI11-RI12,0.0,False,,,,13,sub-HUP135,01,False
RI2-RI3,0.0,False,,,,13,sub-HUP135,01,False
RI3-RI4,0.0,False,,,,13,sub-HUP135,01,False
RI4-RI5,0.0,False,,,,13,sub-HUP135,01,False
RI5-RI6,0.0,False,,,,13,sub-HUP135,01,False
RI6-RI7,0.0,False,,,,13,sub-HUP135,01,False
RI7-RI8,0.0,False,,,,13,sub-HUP135,01,False
RI8-RI9,0.0,False,,,,13,sub-HUP135,01,False
RI9-RI10,0.0,False,,,,13,sub-HUP135,01,False
RJ1-RJ2,0.0,False,,,,13,sub-HUP135,01,False
RJ10-RJ11,0.0,False,,,,13,sub-HUP135,01,False
RJ11-RJ12,0.0,False,,,,13,sub-HUP135,01,False
RJ2-RJ3,0.0,False,,,,13,sub-HUP135,01,False
RJ3-RJ4,0.0,False,,,,13,sub-HUP135,01,False
RJ4-RJ5,0.0,False,,,,13,sub-HUP135,01,False
RJ5-RJ6,0.0,False,,,,13,sub-HUP135,01,False
RJ6-RJ7,0.0,False,,,,13,sub-HUP135,01,False
RJ8-RJ9,0.0,False,,,,13,sub-HUP135,01,False
RJ9-RJ10,0.0,False,,,,13,sub-HUP135,01,False
RA1-RA2,1.0,True,-8.0,-6.0,3.2660410284246537,1,sub-HUP135,02,False
RB1-RB2,0.9410121724723615,True,-8.0,-7.5,3.0733843635417495,2,sub-HUP135,02,True
RA2-RA3,0.9389199550761,True,-7.75,-6.0,3.8331888696064693,3,sub-HUP135,02,False
RB3-RB4,0.8566420668971811,True,-8.0,-7.5,2.7978281371606903,4,sub-HUP135,02,False
RH5-RH6,0.3024646686663093,True,-6.5,-4.75,2.4696550437825873,5,sub-HUP135,02,False
RI3-RI4,0.18265481669216865,True,-3.5,-3.0,3.2810696894580387,6,sub-HUP135,02,False
RI4-RI5,0.12057715067397662,True,-3.5,-3.0,2.16595456655462,7,sub-HUP135,02,False
RA6-RA7,0.09969991969368623,True,0.0,2.25,2.9306162542520013,8,sub-HUP135,02,False
RA3-RA4,0.052958370759247926,True,25.75,28.25,6.010506356513431,9,sub-HUP135,02,False
RA7-RA8,0.05148067417602471,True,26.5,30.0,5.968898788059969,10,sub-HUP135,02,False
RG1-RG2,0.03908852108996621,True,7.0,7.75,2.042635417924352,11,sub-HUP135,02,False
RA4-RA5,0.033500108358014924,True,25.75,28.5,3.802092310299707,12,sub-HUP135,02,False
RJ5-RJ6,0.027659645724854475,True,27.75,30.0,3.3199045130131495,13,sub-HUP135,02,False
RB5-RB6,0.027318943094464847,True,28.5,29.0,3.345929587489521,14,sub-HUP135,02,False
RA5-RA6,0.024304658822365446,True,22.75,29.25,2.5203154094387537,15,sub-HUP135,02,False
RG10-RG11,0.023004160906022957,True,25.25,27.0,2.573289267016705,16,sub-HUP135,02,False
RI2-RI3,0.022905289231645504,True,24.0,27.75,2.468717275150092,17,sub-HUP135,02,False
RI1-RI2,0.020703414684721554,True,22.75,29.0,2.1468779067940846,18,sub-HUP135,02,False
RD6-RD7,0.0200383131081851,True,16.75,17.5,1.685233283357616,19,sub-HUP135,02,False
RB6-RB7,0.017371200092114153,True,23.25,29.0,1.8297054338956609,20,sub-HUP135,02,False
RB7-RB8,0.01661935630251702,True,22.75,28.75,1.723374110713403,21,sub-HUP135,02,False
RB2-RB3,0.0,False,,,,22,sub-HUP135,02,True
RB4-RB5,0.0,False,,,,22,sub-HUP135,02,False
RC1-RC2,0.0,False,,,,22,sub-HUP135,02,False
RC2-RC3,0.0,False,,,,22,sub-HUP135,02,False
RC3-RC4,0.0,False,,,,22,sub-HUP135,02,False
RC4-RC5,0.0,False,,,,22,sub-HUP135,02,False
RC5-RC6,0.0,False,,,,22,sub-HUP135,02,False
RC6-RC7,0.0,False,,,,22,sub-HUP135,02,False
RC7-RC8,0.0,False,,,,22,sub-HUP135,02,False
RC8-RC9,0.0,False,,,,22,sub-HUP135,02,False
RD1-RD2,0.0,False,,,,22,sub-HUP135,02,False
RD2-RD3,0.0,False,,,,22,sub-HUP135,02,False
RD3-RD4,0.0,False,,,,22,sub-HUP135,02,False
RD4-RD5,0.0,False,,,,22,sub-HUP135,02,False
RD5-RD6,0.0,False,,,,22,sub-HUP135,02,False
RD7-RD8,0.0,False,,,,22,sub-HUP135,02,False
RE1-RE2,0.0,False,,,,22,sub-HUP135,02,False
RE10-RE11,0.0,False,,,,22,sub-HUP135,02,False
RE11-RE12,0.0,False,,,,22,sub-HUP135,02,False
RE2-RE3,0.0,False,,,,22,sub-HUP135,02,False
RE3-RE4,0.0,False,,,,22,sub-HUP135,02,False
RE4-RE5,0.0,False,,,,22,sub-HUP135,02,False
RE5-RE6,0.0,False,,,,22,sub-HUP135,02,False
RE6-RE7,0.0,False,,,,22,sub-HUP135,02,False
RE7-RE8,0.0,False,,,,22,sub-HUP135,02,False
RE8-RE9,0.0,False,,,,22,sub-HUP135,02,False
RE9-RE10,0.0,False,,,,22,sub-HUP135,02,False
RF1-RF2,0.0,False,,,,22,sub-HUP135,02,False
RF10-RF11,0.0,False,,,,22,sub-HUP135,02,False
RF11-RF12,0.0,False,,,,22,sub-HUP135,02,False
RF2-RF3,0.0,False,,,,22,sub-HUP135,02,False
RF3-RF4,0.0,False,,,,22,sub-HUP135,02,False
RF4-RF5,0.0,False,,,,22,sub-HUP135,02,False
RF5-RF6,0.0,False,,,,22,sub-HUP135,02,False
RF6-RF7,0.0,False,,,,22,sub-HUP135,02,False
RF7-RF8,0.0,False,,,,22,sub-HUP135,02,False
RF8-RF9,0.0,False,,,,22,sub-HUP135,02,False
RF9-RF10,0.0,False,,,,22,sub-HUP135,02,False
RG11-RG12,0.0,False,,,,22,sub-HUP135,02,False
RG2-RG3,0.0,False,,,,22,sub-HUP135,02,False
RG3-RG4,0.0,False,,,,22,sub-HUP135,02,False
RG4-RG5,0.0,False,,,,22,sub-HUP135,02,False
RG5-RG6,0.0,False,,,,22,sub-HUP135,02,False
RG6-RG7,0.0,False,,,,22,sub-HUP135,02,False
RG7-RG8,0.0,False,,,,22,sub-HUP135,02,False
RG8-RG9,0.0,False,,,,22,sub-HUP135,02,False
RG9-RG10,0.0,False,,,,22,sub-HUP135,02,False
RH1-RH2,0.0,False,,,,22,sub-HUP135,02,False
RH2-RH3,0.0,False,,,,22,sub-HUP135,02,False
RH3-RH4,0.0,False,,,,22,sub-HUP135,02,False
RH4-RH5,0.0,False,,,,22,sub-HUP135,02,False
RH6-RH7,0.0,False,,,,22,sub-HUP135,02,False
RH7-RH8,0.0,False,,,,22,sub-HUP135,02,False
RH8-RH9,0.0,False,,,,22,sub-HUP135,02,False
RI10-RI11,0.0,False,,,,22,sub-HUP135,02,False
RI11-RI12,0.0,False,,,,22,sub-HUP135,02,False
RI5-RI6,0.0,False,,,,22,sub-HUP135,02,False
RI6-RI7,0.0,False,,,,22,sub-HUP135,02,False
RI7-RI8,0.0,False,,,,22,sub-HUP135,02,False
RI8-RI9,0.0,False,,,,22,sub-HUP135,02,False
RI9-RI10,0.0,False,,,,22,sub-HUP135,02,False
RJ1-RJ2,0.0,False,,,,22,sub-HUP135,02,False
RJ10-RJ11,0.0,False,,,,22,sub-HUP135,02,False
RJ11-RJ12,0.0,False,,,,22,sub-HUP135,02,False
RJ2-RJ3,0.0,False,,,,22,sub-HUP135,02,False
RJ3-RJ4,0.0,False,,,,22,sub-HUP135,02,False
RJ4-RJ5,0.0,False,,,,22,sub-HUP135,02,False
RJ6-RJ7,0.0,False,,,,22,sub-HUP135,02,False
RJ7-RJ8,0.0,False,,,,22,sub-HUP135,02,False
RJ8-RJ9,0.0,False,,,,22,sub-HUP135,02,False
RJ9-RJ10,0.0,False,,,,22,sub-HUP135,02,False
LG02-LG03,1.0,True,14.5,15.25,3925.0122731879665,1,sub-HUP138,01,False
LF05-LF06,0.967654590378585,True,14.75,15.25,3844.9457254604313,2,sub-HUP138,01,False
LF02-LF03,0.9560382561561287,True,14.75,15.25,3798.7885790382984,3,sub-HUP138,01,False
LG01-LG02,0.7247404916621885,True,14.25,15.0,2809.496616938638,4,sub-HUP138,01,False
LD06-LD07,0.6617279480363244,True,15.0,15.5,2661.420942678854,5,sub-HUP138,01,False
LF07-LF08,0.2879438883641748,True,15.0,15.5,1158.0890562094407,6,sub-HUP138,01,False
LE05-LE06,0.26782599356091125,True,13.75,15.25,1012.2862261829181,7,sub-HUP138,01,False
LF06-LF07,0.24250584312615575,True,15.0,15.5,975.340593567487,8,sub-HUP138,01,False
LE02-LE03,0.23382611397534722,True,14.5,15.5,917.7703671450863,9,sub-HUP138,01,False
LE04-LE05,0.2073031469066774,True,14.0,15.5,793.5768428945253,10,sub-HUP138,01,False
LD04-LD05,0.18950577467834323,True,14.75,15.5,752.9953617173362,11,sub-HUP138,01,False
RE03-RE04,0.1730028539922346,True,15.0,15.75,695.8047036164635,12,sub-HUP138,01,False
LB05-LB06,0.16729314570032147,True,13.0,15.5,607.9885649018375,13,sub-HUP138,01,False
LC03-LC04,0.15808954647266205,True,15.25,16.25,643.485017951915,14,sub-HUP138,01,False
LC07-LC08,0.15721807451285574,True,14.75,15.75,624.7011790920371,15,sub-HUP138,01,False
LA06-LA07,0.15567313621375392,True,15.0,15.75,626.105858398835,16,sub-HUP138,01,False
LC04-LC05,0.15031709436848742,True,15.25,16.0,611.8481602761287,17,sub-HUP138,01,False
LE03-LE04,0.14641405788434494,True,14.75,15.25,581.7717516221136,18,sub-HUP138,01,False
RA03-RA04,0.14552033799568642,True,15.0,16.25,585.2720536841609,19,sub-HUP138,01,False
LB07-LB08,0.13259428121645273,True,15.0,16.25,533.2844078236596,20,sub-HUP138,01,False
LA01-LA02,0.1301297229647773,True,15.0,15.75,523.3721365270861,21,sub-HUP138,01,True
LG03-LG04,0.12253191136255714,True,14.75,15.25,486.8767776336764,22,sub-HUP138,01,False
RE04-RE05,0.11838487180417887,True,15.0,15.75,476.1352124403512,23,sub-HUP138,01,False
LA07-LA08,0.11511398401061324,True,15.0,16.0,462.97994326850977,24,sub-HUP138,01,False
RA01-RA02,0.11269957050271844,True,15.0,16.0,453.2693504285573,25,sub-HUP138,01,False
LB06-LB07,0.11129904123213823,True,14.25,15.5,431.4568916841443,26,sub-HUP138,01,False
LE01-LE02,0.11072780347999457,True,14.75,16.0,439.97351835375514,27,sub-HUP138,01,False
LA05-LA06,0.1069541041765224,True,15.25,16.0,435.3441779147739,28,sub-HUP138,01,False
LE06-LE07,0.08746566039465968,True,11.75,15.5,296.6822881136678,29,sub-HUP138,01,False
RF05-RF06,0.07476831337815748,True,15.0,16.0,300.7126352512478,30,sub-HUP138,01,False
LG05-LG06,0.06484397095106172,True,13.0,15.5,235.66053872700118,31,sub-HUP138,01,False
LF09-LF10,0.06366551539325614,True,15.25,16.0,259.1430377898629,32,sub-HUP138,01,False
LG06-LG07,0.061610831176721455,True,14.25,16.0,238.8377960789566,33,sub-HUP138,01,False
LD03-LD04,0.05099677817573717,True,15.0,16.0,205.1052760410302,34,sub-HUP138,01,False
LD02-LD03,0.043443473539254984,True,14.25,16.0,168.4110289693753,35,sub-HUP138,01,False
LB01-LB02,0.04055073277626959,True,15.25,16.25,165.05701730894307,36,sub-HUP138,01,False
RB02-RB03,0.03692975643012606,True,14.25,16.0,143.16024418181433,37,sub-HUP138,01,False
RA02-RA03,0.03439009183927744,True,15.25,16.5,139.9808485654188,38,sub-HUP138,01,False
LB02-LB03,0.033320913126723764,True,13.5,16.25,124.32647480455557,39,sub-HUP138,01,False
RF07-RF08,0.03243881326881855,True,14.0,15.75,124.17896884461076,40,sub-HUP138,01,False
LD05-LD06,0.031535833255877464,True,15.5,16.5,129.8910527016655,41,sub-HUP138,01,False
LF08-LF09,0.030642307277102362,True,14.25,16.0,118.78659964585059,42,sub-HUP138,01,False
RG04-RG05,0.026361175290936685,True,15.0,16.75,106.02270041808181,43,sub-HUP138,01,False
LF10-LF11,0.02403764923505004,True,14.75,16.0,95.51285923240762,44,sub-HUP138,01,False
RG06-RG07,0.022016746760055144,True,15.25,16.75,89.61659388773555,45,sub-HUP138,01,False
LB04-LB05,0.021879820572432915,True,13.75,16.5,82.69787671595161,46,sub-HUP138,01,False
LA02-LA03,0.02070206535127499,True,14.75,16.5,82.25901935673683,47,sub-HUP138,01,True
RA05-RA06,0.02051345384008196,True,16.0,17.0,86.47967350170737,48,sub-HUP138,01,False
LG04-LG05,0.02020851692945391,True,14.5,16.0,79.3186769710334,49,sub-HUP138,01,False
LC05-LC06,0.019034131479633447,True,15.5,16.25,78.39854286046854,50,sub-HUP138,01,False
LB03-LB04,0.017324703327897498,True,15.25,16.75,70.5181796058321,51,sub-HUP138,01,False
LG07-LG08,0.016835071130407605,True,13.0,16.25,61.183204450779876,52,sub-HUP138,01,False
RG07-RG08,0.015573767757333866,True,-4.75,-3.5,3.0186286215957763,53,sub-HUP138,01,False
LD01-LD02,0.012254681934967192,True,14.25,16.5,47.50595259136898,54,sub-HUP138,01,False
RF09-RF10,0.010801899176868055,True,14.25,16.25,41.87415984488505,55,sub-HUP138,01,False
LE07-LE08,0.010145091524777836,True,13.0,16.25,36.87000809941503,56,sub-HUP138,01,False
RF06-RF07,0.009260401215841561,True,13.5,14.0,34.5522655415477,57,sub-HUP138,01,False
RE01-RE02,0.008900250939740036,True,13.75,16.5,33.63975735171265,58,sub-HUP138,01,False
LF11-LF12,0.007036403328839488,True,15.0,16.75,28.299894595778266,59,sub-HUP138,01,False
RF04-RF05,0.006654637941297731,True,13.75,16.5,25.152145386059757,60,sub-HUP138,01,False
RC06-RC07,0.006534302323425843,True,14.0,16.75,25.013952203422214,61,sub-HUP138,01,False
RB03-RB04,0.005055877520527174,True,14.75,17.25,20.089373681777197,62,sub-HUP138,01,False
LA04-LA05,0.0049617154537721034,True,16.0,17.0,20.917371389316123,63,sub-HUP138,01,True
RE05-RE06,0.004718654168496585,True,14.0,16.25,18.06347242491375,64,sub-HUP138,01,False
LF01-LF02,0.00454629670199555,True,-3.0,-1.0,2.423295973848785,65,sub-HUP138,01,False
LC06-LC07,0.004058562228464072,True,-2.75,-0.75,2.3599861567731244,66,sub-HUP138,01,False
RB04-RB05,0.00290384074440433,True,15.0,17.75,11.679033044162134,67,sub-HUP138,01,False
LD07-LD08,0.0025778039396235574,True,15.25,18.0,10.492649586113078,68,sub-HUP138,01,False
RA04-RA05,0.002570173114992964,True,14.0,17.0,9.838875563267226,69,sub-HUP138,01,False
RA06-RA07,0.0024573607422081092,True,14.0,14.75,9.407018700648795,70,sub-HUP138,01,False
RB05-RB06,0.001691756979811941,True,17.5,18.0,7.623895339978207,71,sub-HUP138,01,False
LA03-LA04,0.0014111355220842847,True,17.25,18.25,6.290896671416469,72,sub-HUP138,01,True
RB01-RB02,0.0013285625052635135,True,11.75,16.0,4.5064653051847525,73,sub-HUP138,01,False
RE02-RE03,0.00115160452287528,True,17.5,18.0,5.189700684091543,74,sub-HUP138,01,False
RC01-RC02,0.0010568813481256515,True,15.0,18.0,4.250698738318766,75,sub-HUP138,01,False
LC01-LC02,0.0009347913738815141,True,3.0,16.25,1.5853995868818698,76,sub-HUP138,01,False
RA07-RA08,0.0009033372538178917,True,9.5,12.75,2.670150596195697,77,sub-HUP138,01,False
RC07-RC08,0.0007990955226952563,True,9.0,10.5,2.284581781576267,78,sub-HUP138,01,False
RG05-RG06,0.0006665080178097008,True,16.75,18.5,2.9067246112014,79,sub-HUP138,01,False
LC02-LC03,0.0006598362674256084,True,11.0,16.75,2.1422343828639923,80,sub-HUP138,01,False
RF08-RF09,0.0005741121381051634,True,13.0,18.0,2.0864788780082884,81,sub-HUP138,01,False
RG01-RG02,0.0,False,,,,82,sub-HUP138,01,False
LB01-LB02,1.0,True,4.75,8.5,2.145925759348937,1,sub-HUP138,02,False
LB02-LB03,0.9778005400026989,True,5.0,7.5,2.6228592078713655,2,sub-HUP138,02,False
LC01-LC02,0.8190841704520109,True,5.25,7.0,2.6365407306718884,3,sub-HUP138,02,False
RF08-RF09,0.23905748812824973,True,8.5,11.0,2.436748203263403,4,sub-HUP138,02,False
RG06-RG07,0.1775848890347828,True,9.25,15.5,2.0959619331797468,5,sub-HUP138,02,False
RG07-RG08,0.1637632927522431,True,10.75,15.5,2.459967078469877,6,sub-HUP138,02,False
RC01-RC02,0.15012257456137137,True,12.75,15.5,2.8993670982992548,7,sub-HUP138,02,False
RC07-RC08,0.12385271239122203,True,12.75,18.5,2.392008532970028,8,sub-HUP138,02,False
LG07-LG08,0.12126850278133132,True,13.25,14.25,2.4722154372033023,9,sub-HUP138,02,False
RB02-RB03,0.11663279233779164,True,12.75,16.25,2.252567821162162,10,sub-HUP138,02,False
RB01-RB02,0.113001475686172,True,12.75,18.25,2.182434997674592,11,sub-HUP138,02,False
RA02-RA03,0.11291631690915695,True,12.75,15.25,2.180790297955511,12,sub-HUP138,02,False
LC02-LC03,0.10019096668273166,True,18.0,19.25,3.0637838616842665,13,sub-HUP138,02,False
RF09-RF10,0.09732097746261875,True,14.75,17.0,2.2972795170825604,14,sub-HUP138,02,False
RB03-RB04,0.0968610021250774,True,12.75,21.25,1.8707086758290015,15,sub-HUP138,02,False
LB04-LB05,0.09089295858842888,True,14.0,20.0,1.999257797078044,16,sub-HUP138,02,False
LB07-LB08,0.09008808712779726,True,18.0,19.5,2.7548434415866643,17,sub-HUP138,02,False
LB03-LB04,0.07529769929839092,True,14.75,21.0,1.7774159979854023,18,sub-HUP138,02,False
LB06-LB07,0.06585626333426063,True,21.75,25.25,2.5438077342622227,19,sub-HUP138,02,False
LF09-LF10,0.05906241806801964,True,24.5,25.75,2.6299289600881885,20,sub-HUP138,02,False
RG05-RG06,0.05786843078486871,True,21.25,22.0,2.1731737348011393,21,sub-HUP138,02,False
LG01-LG02,0.05532802614167847,True,24.5,29.75,2.463644107610704,22,sub-HUP138,02,False
LF02-LF03,0.04677241712985777,True,27.25,28.0,2.358698166530419,23,sub-HUP138,02,False
LA01-LA02,0.0,False,,,,24,sub-HUP138,02,True
LA02-LA03,0.0,False,,,,24,sub-HUP138,02,True
LA03-LA04,0.0,False,,,,24,sub-HUP138,02,True
LA04-LA05,0.0,False,,,,24,sub-HUP138,02,True
LA05-LA06,0.0,False,,,,24,sub-HUP138,02,False
LA06-LA07,0.0,False,,,,24,sub-HUP138,02,False
LA07-LA08,0.0,False,,,,24,sub-HUP138,02,False
LB05-LB06,0.0,False,,,,24,sub-HUP138,02,False
LC03-LC04,0.0,False,,,,24,sub-HUP138,02,False
LC04-LC05,0.0,False,,,,24,sub-HUP138,02,False
LC05-LC06,0.0,False,,,,24,sub-HUP138,02,False
LC06-LC07,0.0,False,,,,24,sub-HUP138,02,False
LC07-LC08,0.0,False,,,,24,sub-HUP138,02,False
LD01-LD02,0.0,False,,,,24,sub-HUP138,02,False
LD02-LD03,0.0,False,,,,24,sub-HUP138,02,False
LD03-LD04,0.0,False,,,,24,sub-HUP138,02,False
LD04-LD05,0.0,False,,,,24,sub-HUP138,02,False
LD05-LD06,0.0,False,,,,24,sub-HUP138,02,False
LD06-LD07,0.0,False,,,,24,sub-HUP138,02,False
LD07-LD08,0.0,False,,,,24,sub-HUP138,02,False
LE01-LE02,0.0,False,,,,24,sub-HUP138,02,False
LE02-LE03,0.0,False,,,,24,sub-HUP138,02,False
LE03-LE04,0.0,False,,,,24,sub-HUP138,02,False
LE04-LE05,0.0,False,,,,24,sub-HUP138,02,False
LE05-LE06,0.0,False,,,,24,sub-HUP138,02,False
LE06-LE07,0.0,False,,,,24,sub-HUP138,02,False
LE07-LE08,0.0,False,,,,24,sub-HUP138,02,False
LF01-LF02,0.0,False,,,,24,sub-HUP138,02,False
LF05-LF06,0.0,False,,,,24,sub-HUP138,02,False
LF06-LF07,0.0,False,,,,24,sub-HUP138,02,False
LF07-LF08,0.0,False,,,,24,sub-HUP138,02,False
LF08-LF09,0.0,False,,,,24,sub-HUP138,02,False
LF10-LF11,0.0,False,,,,24,sub-HUP138,02,False
LF11-LF12,0.0,False,,,,24,sub-HUP138,02,False
LG02-LG03,0.0,False,,,,24,sub-HUP138,02,False
LG03-LG04,0.0,False,,,,24,sub-HUP138,02,False
LG04-LG05,0.0,False,,,,24,sub-HUP138,02,False
LG05-LG06,0.0,False,,,,24,sub-HUP138,02,False
LG06-LG07,0.0,False,,,,24,sub-HUP138,02,False
RA01-RA02,0.0,False,,,,24,sub-HUP138,02,False
RA03-RA04,0.0,False,,,,24,sub-HUP138,02,False
RA04-RA05,0.0,False,,,,24,sub-HUP138,02,False
RA05-RA06,0.0,False,,,,24,sub-HUP138,02,False
RA06-RA07,0.0,False,,,,24,sub-HUP138,02,False
RA07-RA08,0.0,False,,,,24,sub-HUP138,02,False
RB04-RB05,0.0,False,,,,24,sub-HUP138,02,False
RB05-RB06,0.0,False,,,,24,sub-HUP138,02,False
RC06-RC07,0.0,False,,,,24,sub-HUP138,02,False
RE01-RE02,0.0,False,,,,24,sub-HUP138,02,False
RE02-RE03,0.0,False,,,,24,sub-HUP138,02,False
RE03-RE04,0.0,False,,,,24,sub-HUP138,02,False
RE04-RE05,0.0,False,,,,24,sub-HUP138,02,False
RE05-RE06,0.0,False,,,,24,sub-HUP138,02,False
RF04-RF05,0.0,False,,,,24,sub-HUP138,02,False
RF05-RF06,0.0,False,,,,24,sub-HUP138,02,False
RF06-RF07,0.0,False,,,,24,sub-HUP138,02,False
RF07-RF08,0.0,False,,,,24,sub-HUP138,02,False
RG01-RG02,0.0,False,,,,24,sub-HUP138,02,False
RG04-RG05,0.0,False,,,,24,sub-HUP138,02,False
LF11-LF12,1.0,True,-7.75,-0.25,2.0013202049870857,1,sub-HUP138,03,False
LF02-LF03,0.4315695228442752,True,-6.0,-4.75,2.3751992162934297,2,sub-HUP138,03,False
LD07-LD08,0.39041769483848515,True,-5.25,-2.5,2.734727873726599,3,sub-HUP138,03,False
RF04-RF05,0.264641774449234,True,-3.75,-1.25,2.648164651444435,4,sub-HUP138,03,False
RA07-RA08,0.21969448717491433,True,-1.25,1.0,3.297592620805742,5,sub-HUP138,03,False
RA06-RA07,0.20674850132385836,True,-2.5,1.5,2.586062206563981,6,sub-HUP138,03,False
LB07-LB08,0.190283137958773,True,-2.0,0.25,2.570518048490353,7,sub-HUP138,03,False
LC05-LC06,0.18622652266290546,True,-2.0,3.0,2.5157175919408674,8,sub-HUP138,03,False
LC07-LC08,0.14212538337830202,True,5.5,6.25,4.053247219900575,9,sub-HUP138,03,False
RG07-RG08,0.12927971474976,True,-0.5,8.25,2.1345233680952083,10,sub-HUP138,03,False
LF07-LF08,0.07140289819415739,True,3.5,4.5,1.7505257699198875,11,sub-HUP138,03,False
LC03-LC04,0.0702669239649719,True,6.75,9.25,2.1797125274375375,12,sub-HUP138,03,False
RG04-RG05,0.05619754046103959,True,19.5,23.25,3.177256967766033,13,sub-HUP138,03,False
RG06-RG07,0.047133204096729074,True,19.5,20.0,2.6647839015889323,14,sub-HUP138,03,False
LC06-LC07,0.04630463206474323,True,21.25,22.0,2.780111872069905,15,sub-HUP138,03,False
RG05-RG06,0.04525339322538995,True,19.5,23.5,2.558504478325111,16,sub-HUP138,03,False
LA07-LA08,0.04182263566012579,True,19.75,24.75,2.3854638445140592,17,sub-HUP138,03,False
LE05-LE06,0.03919236358127986,True,23.25,24.25,2.509967011725293,18,sub-HUP138,03,False
LB05-LB06,0.03196168063206779,True,23.25,23.75,2.046897831497654,19,sub-HUP138,03,False
LE03-LE04,0.027872096227067416,True,24.75,25.25,1.8686631427082403,20,sub-HUP138,03,False
LA01-LA02,0.0,False,,,,21,sub-HUP138,03,True
LA02-LA03,0.0,False,,,,21,sub-HUP138,03,True
LA03-LA04,0.0,False,,,,21,sub-HUP138,03,True
LA04-LA05,0.0,False,,,,21,sub-HUP138,03,True
LA05-LA06,0.0,False,,,,21,sub-HUP138,03,False
LA06-LA07,0.0,False,,,,21,sub-HUP138,03,False
LB01-LB02,0.0,False,,,,21,sub-HUP138,03,False
LB02-LB03,0.0,False,,,,21,sub-HUP138,03,False
LB03-LB04,0.0,False,,,,21,sub-HUP138,03,False
LB04-LB05,0.0,False,,,,21,sub-HUP138,03,False
LB06-LB07,0.0,False,,,,21,sub-HUP138,03,False
LC01-LC02,0.0,False,,,,21,sub-HUP138,03,False
LC02-LC03,0.0,False,,,,21,sub-HUP138,03,False
LC04-LC05,0.0,False,,,,21,sub-HUP138,03,False
LD01-LD02,0.0,False,,,,21,sub-HUP138,03,False
LD02-LD03,0.0,False,,,,21,sub-HUP138,03,False
LD03-LD04,0.0,False,,,,21,sub-HUP138,03,False
LD04-LD05,0.0,False,,,,21,sub-HUP138,03,False
LD05-LD06,0.0,False,,,,21,sub-HUP138,03,False
LD06-LD07,0.0,False,,,,21,sub-HUP138,03,False
LE01-LE02,0.0,False,,,,21,sub-HUP138,03,False
LE02-LE03,0.0,False,,,,21,sub-HUP138,03,False
LE04-LE05,0.0,False,,,,21,sub-HUP138,03,False
LE06-LE07,0.0,False,,,,21,sub-HUP138,03,False
LE07-LE08,0.0,False,,,,21,sub-HUP138,03,False
LF01-LF02,0.0,False,,,,21,sub-HUP138,03,False
LF05-LF06,0.0,False,,,,21,sub-HUP138,03,False
LF06-LF07,0.0,False,,,,21,sub-HUP138,03,False
LF08-LF09,0.0,False,,,,21,sub-HUP138,03,False
LF09-LF10,0.0,False,,,,21,sub-HUP138,03,False
LF10-LF11,0.0,False,,,,21,sub-HUP138,03,False
LG01-LG02,0.0,False,,,,21,sub-HUP138,03,False
LG02-LG03,0.0,False,,,,21,sub-HUP138,03,False
LG03-LG04,0.0,False,,,,21,sub-HUP138,03,False
LG04-LG05,0.0,False,,,,21,sub-HUP138,03,False
LG05-LG06,0.0,False,,,,21,sub-HUP138,03,False
LG06-LG07,0.0,False,,,,21,sub-HUP138,03,False
LG07-LG08,0.0,False,,,,21,sub-HUP138,03,False
RA01-RA02,0.0,False,,,,21,sub-HUP138,03,False
RA02-RA03,0.0,False,,,,21,sub-HUP138,03,False
RA03-RA04,0.0,False,,,,21,sub-HUP138,03,False
RA04-RA05,0.0,False,,,,21,sub-HUP138,03,False
RA05-RA06,0.0,False,,,,21,sub-HUP138,03,False
RB01-RB02,0.0,False,,,,21,sub-HUP138,03,False
RB02-RB03,0.0,False,,,,21,sub-HUP138,03,False
RB03-RB04,0.0,False,,,,21,sub-HUP138,03,False
RB04-RB05,0.0,False,,,,21,sub-HUP138,03,False
RB05-RB06,0.0,False,,,,21,sub-HUP138,03,False
RC01-RC02,0.0,False,,,,21,sub-HUP138,03,False
RC06-RC07,0.0,False,,,,21,sub-HUP138,03,False
RC07-RC08,0.0,False,,,,21,sub-HUP138,03,False
RE01-RE02,0.0,False,,,,21,sub-HUP138,03,False
RE02-RE03,0.0,False,,,,21,sub-HUP138,03,False
RE03-RE04,0.0,False,,,,21,sub-HUP138,03,False
RE04-RE05,0.0,False,,,,21,sub-HUP138,03,False
RE05-RE06,0.0,False,,,,21,sub-HUP138,03,False
RF05-RF06,0.0,False,,,,21,sub-HUP138,03,False
RF06-RF07,0.0,False,,,,21,sub-HUP138,03,False
RF07-RF08,0.0,False,,,,21,sub-HUP138,03,False
RF08-RF09,0.0,False,,,,21,sub-HUP138,03,False
RF09-RF10,0.0,False,,,,21,sub-HUP138,03,False
RG01-RG02,0.0,False,,,,21,sub-HUP138,03,False
RI09-RI10,1.0,True,-7.25,-3.0,2.3910989696641147,1,sub-HUP139,01,False
LC01-LC02,0.5306524397592368,True,-6.75,-3.75,1.9032637529370902,2,sub-HUP139,01,False
RI07-RI08,0.45989349610094926,True,-6.5,-2.75,1.9243890131938628,3,sub-HUP139,01,False
LE04-LE05,0.40301427249241895,True,-6.0,-4.25,2.1682057763622504,4,sub-HUP139,01,False
RI05-RI06,0.39237532482042414,True,-6.5,10.5,1.6418644110745426,5,sub-HUP139,01,False
LE01-LE02,0.36375441610083703,True,-5.75,-3.5,2.174432023873708,6,sub-HUP139,01,False
LI04-LI05,0.35136900795230075,True,-6.25,-3.0,1.680316145773297,7,sub-HUP139,01,False
LB01-LB02,0.34778889820439984,True,-5.25,-3.25,2.4947930284714745,8,sub-HUP139,01,False
RI10-RI11,0.3407022106378647,True,-5.0,-3.25,2.6476212906600747,9,sub-HUP139,01,False
LH01-LH02,0.3382438556260088,True,-6.25,-3.0,1.6175490693651344,10,sub-HUP139,01,False
LG06-LG07,0.2885807011730137,True,-5.5,-3.25,1.8975687974092874,11,sub-HUP139,01,True
LF07-LF08,0.19360398241356228,True,0.0,4.25,3.8191418336934904,12,sub-HUP139,01,False
LA04-LA05,0.1833567350575518,True,-5.0,-2.75,1.4248783259005366,13,sub-HUP139,01,False
LG09-LG10,0.1601358079596638,True,-4.5,7.25,1.4358771203200602,14,sub-HUP139,01,False
LF06-LF07,0.1433008389775964,True,3.75,4.5,4.111757861176008,15,sub-HUP139,01,True
LI09-LI10,0.12604762623621038,True,0.0,3.25,2.486486881081583,16,sub-HUP139,01,False
LG04-LG05,0.12310679537480611,True,5.5,7.25,4.047457309216061,17,sub-HUP139,01,True
LA02-LA03,0.09858826464452745,True,0.75,7.0,2.121608682112524,18,sub-HUP139,01,False
LG03-LG04,0.0932167184186894,True,6.25,7.75,3.2319107908127735,19,sub-HUP139,01,True
LB05-LB06,0.08777138028625624,True,0.5,15.0,1.8363629984740641,20,sub-HUP139,01,False
RI11-RI12,0.08479274227953748,True,3.5,10.25,2.3822871047202634,21,sub-HUP139,01,False
LH06-LH07,0.07803465058628316,True,1.5,6.5,1.8192385829958684,22,sub-HUP139,01,False
RI06-RI07,0.07549018009009022,True,0.25,13.25,1.5342881805819721,23,sub-HUP139,01,False
LG02-LG03,0.058140337675577455,True,6.5,8.5,2.050534697301955,24,sub-HUP139,01,True
LF05-LF06,0.05802142954813265,True,15.25,16.25,3.2602720396580067,25,sub-HUP139,01,True
LB04-LB05,0.055781402773594384,True,7.25,16.25,2.067372247824588,26,sub-HUP139,01,False
LI03-LI04,0.055570526403962,True,9.5,14.5,2.358524654600657,27,sub-HUP139,01,False
RI02-RI03,0.054705608025442,True,3.5,16.5,1.536976645067679,28,sub-HUP139,01,False
LB03-LB04,0.05246247754522513,True,13.75,17.75,2.75974547209712,29,sub-HUP139,01,False
LB02-LB03,0.04918483598457601,True,8.5,18.25,1.9698973283174541,30,sub-HUP139,01,False
LF04-LF05,0.04664090298847973,True,11.0,17.0,2.1468180402891877,31,sub-HUP139,01,True
RI03-RI04,0.04546832220267636,True,13.5,18.25,2.364643869573066,32,sub-HUP139,01,False
LF01-LF02,0.04234942167664767,True,11.0,17.0,1.94928692683539,33,sub-HUP139,01,False
RI01-RI02,0.038950715574147164,True,7.25,13.75,1.443592746093861,34,sub-HUP139,01,False
LD01-LD02,0.03615952747176354,True,23.0,26.5,2.701906527539846,35,sub-HUP139,01,False
LF02-LF03,0.032564673432915754,True,16.5,17.25,1.9271675880491077,36,sub-HUP139,01,True
LA01-LA02,0.0,False,,,,37,sub-HUP139,01,False
LA03-LA04,0.0,False,,,,37,sub-HUP139,01,False
LA05-LA06,0.0,False,,,,37,sub-HUP139,01,False
LC02-LC03,0.0,False,,,,37,sub-HUP139,01,False
LC03-LC04,0.0,False,,,,37,sub-HUP139,01,False
LD02-LD03,0.0,False,,,,37,sub-HUP139,01,False
LD03-LD04,0.0,False,,,,37,sub-HUP139,01,False
LE02-LE03,0.0,False,,,,37,sub-HUP139,01,False
LE03-LE04,0.0,False,,,,37,sub-HUP139,01,False
LE05-LE06,0.0,False,,,,37,sub-HUP139,01,False
LF03-LF04,0.0,False,,,,37,sub-HUP139,01,True
LG01-LG02,0.0,False,,,,37,sub-HUP139,01,False
LG05-LG06,0.0,False,,,,37,sub-HUP139,01,True
LG07-LG08,0.0,False,,,,37,sub-HUP139,01,False
LG08-LG09,0.0,False,,,,37,sub-HUP139,01,False
LH04-LH05,0.0,False,,,,37,sub-HUP139,01,False
LH05-LH06,0.0,False,,,,37,sub-HUP139,01,False
LH07-LH08,0.0,False,,,,37,sub-HUP139,01,False
LI01-LI02,0.0,False,,,,37,sub-HUP139,01,False
LI02-LI03,0.0,False,,,,37,sub-HUP139,01,False
LI05-LI06,0.0,False,,,,37,sub-HUP139,01,False
LI06-LI07,0.0,False,,,,37,sub-HUP139,01,False
LI07-LI08,0.0,False,,,,37,sub-HUP139,01,False
LI08-LI09,0.0,False,,,,37,sub-HUP139,01,False
RI04-RI05,0.0,False,,,,37,sub-HUP139,01,False
RI08-RI09,0.0,False,,,,37,sub-HUP139,01,False
LF03-LF04,1.0,True,-8.0,-5.25,2.874661858878096,1,sub-HUP139,02,True
LH07-LH08,0.8399964849076647,True,-8.25,-7.25,1.931764685404587,2,sub-HUP139,02,False
LG03-LG04,0.7457877316460081,True,-7.0,-6.25,3.858997584567586,3,sub-HUP139,02,True
LG05-LG06,0.4869267259152498,True,-7.0,-4.0,2.519549436702523,4,sub-HUP139,02,True
LD01-LD02,0.40931275203231077,True,-7.0,3.25,2.117944361915481,5,sub-HUP139,02,False
LI07-LI08,0.23705622786205421,True,-4.75,-0.75,2.453243387920424,6,sub-HUP139,02,False
LG02-LG03,0.18545226084111127,True,-0.25,1.0,3.838410294355112,7,sub-HUP139,02,True
RI04-RI05,0.17412210069274578,True,8.25,8.75,7.007590263088344,8,sub-HUP139,02,False
LG07-LG08,0.15778751817334694,True,4.25,4.75,4.898726211239512,9,sub-HUP139,02,False
LI03-LI04,0.1506620752829808,True,5.25,9.25,5.023989248186701,10,sub-HUP139,02,False
LG04-LG05,0.1431278801231711,True,3.0,3.25,4.032153727735132,11,sub-HUP139,02,True
LH01-LH02,0.12493605797174494,True,8.75,9.5,5.171744457359393,12,sub-HUP139,02,False
RI09-RI10,0.12454094033300263,True,8.0,9.0,4.940580656408516,13,sub-HUP139,02,False
RI03-RI04,0.12152333914393862,True,5.75,8.75,4.192062096007055,14,sub-HUP139,02,False
RI02-RI03,0.10301650229373807,True,5.75,9.0,3.55365131974604,15,sub-HUP139,02,False
LA02-LA03,0.09859274823957623,True,8.25,11.75,3.9678913809679246,16,sub-HUP139,02,False
LA05-LA06,0.09727490658427033,True,4.75,6.75,3.1318835943777947,17,sub-HUP139,02,False
LF07-LF08,0.09693931639364618,True,-0.75,0.0,1.8949407371452096,18,sub-HUP139,02,False
LH05-LH06,0.09325026681935708,True,6.5,8.25,3.3775936154832245,19,sub-HUP139,02,False
RI01-RI02,0.09179377180073031,True,1.5,4.0,2.2693340702318245,20,sub-HUP139,02,False
RI06-RI07,0.08587445945735897,True,8.25,9.5,3.456040465553805,21,sub-HUP139,02,False
LI04-LI05,0.08433938402980537,True,5.25,9.25,2.812387641472345,22,sub-HUP139,02,False
LI02-LI03,0.07896268348752077,True,4.25,7.0,2.4515029565593833,23,sub-HUP139,02,False
LI05-LI06,0.07738305025771887,True,6.5,9.75,2.802871299053842,24,sub-HUP139,02,False
LH06-LH07,0.07583596250655501,True,5.75,9.25,2.6160329873868364,25,sub-HUP139,02,False
LB01-LB02,0.07281623802617467,True,6.25,9.5,2.595593570794331,26,sub-HUP139,02,False
RI10-RI11,0.07249405236073195,True,8.25,9.25,2.917542422436708,27,sub-HUP139,02,False
RI08-RI09,0.06881414076723,True,8.25,9.25,2.769443401410341,28,sub-HUP139,02,False
LI01-LI02,0.06795904859513616,True,5.75,10.0,2.3443114195449715,29,sub-HUP139,02,False
LI08-LI09,0.06771214932148988,True,9.75,11.0,2.9586729021646088,30,sub-HUP139,02,False
RI05-RI06,0.06769707534432262,True,8.25,9.5,2.724486806298894,31,sub-HUP139,02,False
LA03-LA04,0.06715155783304162,True,9.75,14.25,2.934177935416749,32,sub-HUP139,02,False
LG08-LG09,0.06532603354497395,True,12.5,13.25,3.2675504722093813,33,sub-HUP139,02,False
LA04-LA05,0.061826742645138794,True,6.25,13.0,2.2038641388640885,34,sub-HUP139,02,False
LE05-LE06,0.05838415755194388,True,15.5,16.0,3.3231272753705916,35,sub-HUP139,02,False
RI11-RI12,0.05314314519018537,True,8.0,14.0,2.1082063010388463,36,sub-HUP139,02,False
LC01-LC02,0.05309025104699844,True,8.25,12.75,2.1366312766829703,37,sub-HUP139,02,False
LF05-LF06,0.05288366534969628,True,17.25,17.75,3.222880301655035,38,sub-HUP139,02,True
LH04-LH05,0.05105357983732353,True,9.25,16.0,2.1720743250196177,39,sub-HUP139,02,False
LE04-LE05,0.04874387531383144,True,14.75,16.0,2.6903454569967513,40,sub-HUP139,02,False
LB02-LB03,0.048620892832400564,True,6.5,13.75,1.7610846897407562,41,sub-HUP139,02,False
LG06-LG07,0.04575946316888332,True,20.75,21.25,3.1570316029038215,42,sub-HUP139,02,True
LG09-LG10,0.044774720365534496,True,12.75,14.0,2.2653343834305244,43,sub-HUP139,02,False
LD03-LD04,0.043483718559700436,True,11.5,18.5,2.075016387947623,44,sub-HUP139,02,False
LD02-LD03,0.04082216277150639,True,11.75,18.75,1.9714785605115341,45,sub-HUP139,02,False
LF06-LF07,0.03648162579250839,True,17.0,17.5,2.2023191025273325,46,sub-HUP139,02,True
LE02-LE03,0.030918817344948595,True,20.5,28.25,2.1153712496467856,47,sub-HUP139,02,False
LA01-LA02,0.0,False,,,,48,sub-HUP139,02,False
LB03-LB04,0.0,False,,,,48,sub-HUP139,02,False
LB04-LB05,0.0,False,,,,48,sub-HUP139,02,False
LB05-LB06,0.0,False,,,,48,sub-HUP139,02,False
LC02-LC03,0.0,False,,,,48,sub-HUP139,02,False
LC03-LC04,0.0,False,,,,48,sub-HUP139,02,False
LE01-LE02,0.0,False,,,,48,sub-HUP139,02,False
LE03-LE04,0.0,False,,,,48,sub-HUP139,02,False
LF01-LF02,0.0,False,,,,48,sub-HUP139,02,False
LF02-LF03,0.0,False,,,,48,sub-HUP139,02,True
LF04-LF05,0.0,False,,,,48,sub-HUP139,02,True
LG01-LG02,0.0,False,,,,48,sub-HUP139,02,False
LI06-LI07,0.0,False,,,,48,sub-HUP139,02,False
LI09-LI10,0.0,False,,,,48,sub-HUP139,02,False
RI07-RI08,0.0,False,,,,48,sub-HUP139,02,False
LF04-LF05,1.0,True,-7.25,-6.0,2.6235314691772453,1,sub-HUP139,03,True
LI01-LI02,0.31043444251319013,True,-5.25,1.0,2.443303587149546,2,sub-HUP139,03,False
LH01-LH02,0.08511580471713437,True,4.0,4.75,2.7354739044469008,3,sub-HUP139,03,False
LI05-LI06,0.0507042860254691,True,17.25,20.75,3.3921193952545465,4,sub-HUP139,03,False
RI01-RI02,0.047724471503997314,True,16.75,20.25,3.130166321014741,5,sub-HUP139,03,False
LC01-LC02,0.0468967055392091,True,17.0,21.5,3.106633315267061,6,sub-HUP139,03,False
LI06-LI07,0.04605981277737697,True,7.75,9.25,1.9334298925737703,7,sub-HUP139,03,False
LI03-LI04,0.043987065113744256,True,17.75,21.25,3.0004376886290722,8,sub-HUP139,03,False
LI04-LI05,0.043928575401627076,True,16.0,19.25,2.7947639990856312,9,sub-HUP139,03,False
LH04-LH05,0.042566978435602,True,16.25,20.25,2.7360572831029804,10,sub-HUP139,03,False
RI06-RI07,0.04091886971313087,True,21.0,21.75,3.1400443144852033,11,sub-HUP139,03,False
LI09-LI10,0.038177792669151264,True,17.25,18.25,2.554096332526688,12,sub-HUP139,03,False
LG04-LG05,0.03706679263869729,True,17.25,19.25,2.47977037220179,13,sub-HUP139,03,True
LA05-LA06,0.036658861852831716,True,15.25,20.0,2.2601284258354433,14,sub-HUP139,03,False
LD03-LD04,0.03618573890985631,True,16.25,18.5,2.3258934067532686,15,sub-HUP139,03,False
RI09-RI10,0.03612013554126215,True,16.75,21.5,2.3690578065862176,16,sub-HUP139,03,False
LI08-LI09,0.035741558083042954,True,13.25,22.25,2.016035701348225,17,sub-HUP139,03,False
LF06-LF07,0.03535937638080371,True,22.25,26.25,2.8293763182983946,18,sub-HUP139,03,True
LG03-LG04,0.0341656422792989,True,12.25,18.0,1.8375100725300615,19,sub-HUP139,03,True
LD02-LD03,0.03095723393291698,True,16.75,18.75,2.0304319355422336,20,sub-HUP139,03,False
RI10-RI11,0.03019956581564658,True,17.5,28.25,2.0401599152755834,21,sub-HUP139,03,False
LF01-LF02,0.023257460127233995,True,27.25,28.0,2.1660920880611356,22,sub-HUP139,03,False
LF07-LF08,0.019985969281348992,True,25.75,26.5,1.7827498579553793,23,sub-HUP139,03,False
LA01-LA02,0.0,False,,,,24,sub-HUP139,03,False
LA02-LA03,0.0,False,,,,24,sub-HUP139,03,False
LA03-LA04,0.0,False,,,,24,sub-HUP139,03,False
LA04-LA05,0.0,False,,,,24,sub-HUP139,03,False
LB01-LB02,0.0,False,,,,24,sub-HUP139,03,False
LB02-LB03,0.0,False,,,,24,sub-HUP139,03,False
LB03-LB04,0.0,False,,,,24,sub-HUP139,03,False
LB04-LB05,0.0,False,,,,24,sub-HUP139,03,False
LB05-LB06,0.0,False,,,,24,sub-HUP139,03,False
LC02-LC03,0.0,False,,,,24,sub-HUP139,03,False
LC03-LC04,0.0,False,,,,24,sub-HUP139,03,False
LD01-LD02,0.0,False,,,,24,sub-HUP139,03,False
LE01-LE02,0.0,False,,,,24,sub-HUP139,03,False
LE02-LE03,0.0,False,,,,24,sub-HUP139,03,False
LE03-LE04,0.0,False,,,,24,sub-HUP139,03,False
LE04-LE05,0.0,False,,,,24,sub-HUP139,03,False
LE05-LE06,0.0,False,,,,24,sub-HUP139,03,False
LF02-LF03,0.0,False,,,,24,sub-HUP139,03,True
LF03-LF04,0.0,False,,,,24,sub-HUP139,03,True
LF05-LF06,0.0,False,,,,24,sub-HUP139,03,True
LG01-LG02,0.0,False,,,,24,sub-HUP139,03,False
LG02-LG03,0.0,False,,,,24,sub-HUP139,03,True
LG05-LG06,0.0,False,,,,24,sub-HUP139,03,True
LG06-LG07,0.0,False,,,,24,sub-HUP139,03,True
LG07-LG08,0.0,False,,,,24,sub-HUP139,03,False
LG08-LG09,0.0,False,,,,24,sub-HUP139,03,False
LG09-LG10,0.0,False,,,,24,sub-HUP139,03,False
LH05-LH06,0.0,False,,,,24,sub-HUP139,03,False
LH06-LH07,0.0,False,,,,24,sub-HUP139,03,False
LH07-LH08,0.0,False,,,,24,sub-HUP139,03,False
LI02-LI03,0.0,False,,,,24,sub-HUP139,03,False
LI07-LI08,0.0,False,,,,24,sub-HUP139,03,False
RI02-RI03,0.0,False,,,,24,sub-HUP139,03,False
RI03-RI04,0.0,False,,,,24,sub-HUP139,03,False
RI04-RI05,0.0,False,,,,24,sub-HUP139,03,False
RI05-RI06,0.0,False,,,,24,sub-HUP139,03,False
RI07-RI08,0.0,False,,,,24,sub-HUP139,03,False
RI08-RI09,0.0,False,,,,24,sub-HUP139,03,False
RI11-RI12,0.0,False,,,,24,sub-HUP139,03,False
LG02-LG03,1.0,True,-8.5,-6.25,2.6584593376810473,1,sub-HUP140,01,False
LC01-LC02,0.12259773981760066,True,19.25,20.0,9.370231803154896,2,sub-HUP140,01,False
LB06-LB07,0.12208299199730349,True,-2.25,-1.25,2.3530068578427223,3,sub-HUP140,01,False
LB02-LB03,0.10739747428353831,True,19.25,20.25,8.208464777632436,4,sub-HUP140,01,True
RB11-RB12,0.10212719359602515,True,0.0,1.75,2.5792594187418745,5,sub-HUP140,01,False
LC02-LC03,0.07536788946326758,True,19.25,20.0,5.760420998266931,6,sub-HUP140,01,False
LB01-LB02,0.06692693214724219,True,19.25,21.0,5.115272671638977,7,sub-HUP140,01,True
LA06-LA07,0.06286225966254348,True,13.5,14.25,3.843685507315245,8,sub-HUP140,01,False
LA05-LA06,0.05658904028199479,True,11.25,14.25,3.1216229978726178,9,sub-HUP140,01,False
LE04-LE05,0.05491317130889019,True,8.25,10.75,2.591223686243416,10,sub-HUP140,01,False
LB05-LB06,0.05378716781805168,True,14.5,16.75,3.431783964799608,11,sub-HUP140,01,False
LB07-LB08,0.05296531990674707,True,10.25,12.5,2.780921448267273,12,sub-HUP140,01,False
LA02-LA03,0.051961093863616685,True,19.5,21.5,4.005957200157741,13,sub-HUP140,01,True
LH01-LH02,0.051887682364474164,True,19.75,22.25,4.034782840504588,14,sub-HUP140,01,False
LH04-LH05,0.04990320610586608,True,7.5,10.25,2.255315952290146,15,sub-HUP140,01,False
LB04-LB05,0.048204444250226505,True,18.25,19.75,3.5561501494390386,16,sub-HUP140,01,False
LD01-LD02,0.04781666067312782,True,18.0,21.5,3.495762821738076,17,sub-HUP140,01,False
LA01-LA02,0.0446734843876826,True,19.25,21.25,3.41442594936902,18,sub-HUP140,01,True
RA06-RA07,0.04216959551883765,True,22.5,23.25,3.5873969591451775,19,sub-HUP140,01,False
LB03-LB04,0.04144768210392817,True,8.5,22.0,1.9833655952596227,20,sub-HUP140,01,False
LH05-LH06,0.039689166237300906,True,20.0,22.25,3.112605020355674,21,sub-HUP140,01,False
LD02-LD03,0.03491811755856306,True,18.5,23.0,2.599195078978582,22,sub-HUP140,01,False
RB05-RB06,0.03379409678400133,True,18.0,22.0,2.470606384232948,23,sub-HUP140,01,False
RA05-RA06,0.033312553604265244,True,21.25,23.25,2.723222127631225,24,sub-HUP140,01,False
LE06-LE07,0.03231621931073551,True,19.25,24.0,2.4699514558237343,25,sub-HUP140,01,False
LE01-LE02,0.03168337136293588,True,21.5,25.25,2.611097587919408,26,sub-HUP140,01,False
LA03-LA04,0.03142716909929147,True,20.0,23.25,2.4646616088923334,27,sub-HUP140,01,False
LC05-LC06,0.030535369764609493,True,16.0,22.0,2.0700144914468757,28,sub-HUP140,01,False
RB04-RB05,0.02950750628557835,True,19.75,23.75,2.2945017892849053,29,sub-HUP140,01,False
RA03-RA04,0.027986448390774323,True,25.5,27.25,2.604029226854395,30,sub-HUP140,01,False
LG07-LG08,0.02764002664812265,True,22.25,25.5,2.3329864102324342,31,sub-HUP140,01,False
RB06-RB07,0.02404714901042308,True,18.0,23.25,1.7580301153625864,32,sub-HUP140,01,False
LA04-LA05,0.0,False,,,,33,sub-HUP140,01,False
LA07-LA08,0.0,False,,,,33,sub-HUP140,01,False
LA08-LA09,0.0,False,,,,33,sub-HUP140,01,False
LA09-LA10,0.0,False,,,,33,sub-HUP140,01,False
LA10-LA11,0.0,False,,,,33,sub-HUP140,01,False
LA11-LA12,0.0,False,,,,33,sub-HUP140,01,False
LB10-LB11,0.0,False,,,,33,sub-HUP140,01,False
LB11-LB12,0.0,False,,,,33,sub-HUP140,01,False
LC03-LC04,0.0,False,,,,33,sub-HUP140,01,False
LC04-LC05,0.0,False,,,,33,sub-HUP140,01,False
LC06-LC07,0.0,False,,,,33,sub-HUP140,01,False
LC07-LC08,0.0,False,,,,33,sub-HUP140,01,False
LD03-LD04,0.0,False,,,,33,sub-HUP140,01,False
LD04-LD05,0.0,False,,,,33,sub-HUP140,01,False
LD05-LD06,0.0,False,,,,33,sub-HUP140,01,False
LE02-LE03,0.0,False,,,,33,sub-HUP140,01,False
LE03-LE04,0.0,False,,,,33,sub-HUP140,01,False
LE05-LE06,0.0,False,,,,33,sub-HUP140,01,False
LE07-LE08,0.0,False,,,,33,sub-HUP140,01,False
LF01-LF02,0.0,False,,,,33,sub-HUP140,01,False
LF02-LF03,0.0,False,,,,33,sub-HUP140,01,False
LF03-LF04,0.0,False,,,,33,sub-HUP140,01,False
LF04-LF05,0.0,False,,,,33,sub-HUP140,01,False
LF05-LF06,0.0,False,,,,33,sub-HUP140,01,False
LF06-LF07,0.0,False,,,,33,sub-HUP140,01,False
LF07-LF08,0.0,False,,,,33,sub-HUP140,01,False
LG01-LG02,0.0,False,,,,33,sub-HUP140,01,False
LG03-LG04,0.0,False,,,,33,sub-HUP140,01,False
LG04-LG05,0.0,False,,,,33,sub-HUP140,01,False
LG05-LG06,0.0,False,,,,33,sub-HUP140,01,False
LG06-LG07,0.0,False,,,,33,sub-HUP140,01,False
LH06-LH07,0.0,False,,,,33,sub-HUP140,01,False
LH07-LH08,0.0,False,,,,33,sub-HUP140,01,False
RA01-RA02,0.0,False,,,,33,sub-HUP140,01,False
RA02-RA03,0.0,False,,,,33,sub-HUP140,01,False
RA04-RA05,0.0,False,,,,33,sub-HUP140,01,False
RA07-RA08,0.0,False,,,,33,sub-HUP140,01,False
RB02-RB03,0.0,False,,,,33,sub-HUP140,01,False
RB03-RB04,0.0,False,,,,33,sub-HUP140,01,False
RB07-RB08,0.0,False,,,,33,sub-HUP140,01,False
RB08-RB09,0.0,False,,,,33,sub-HUP140,01,False
LA01-LA02,1.0,True,-0.5,0.0,1.742604486223324,1,sub-HUP140,02,True
LA05-LA06,0.3727338562489052,True,3.25,5.0,3.085256527816643,2,sub-HUP140,02,False
LA07-LA08,0.30687111588051386,True,3.0,5.25,2.406397424515834,3,sub-HUP140,02,False
LE04-LE05,0.29152130438375573,True,3.25,4.25,2.4130300810318377,4,sub-HUP140,02,False
RB08-RB09,0.24506060971348034,True,4.25,5.25,2.45550137782917,5,sub-HUP140,02,False
RB11-RB12,0.11966742686356253,True,9.25,11.25,2.2417296952528902,6,sub-HUP140,02,False
RB06-RB07,0.0721262987669914,True,25.25,25.75,3.362143615811651,7,sub-HUP140,02,False
LB05-LB06,0.06151605899010519,True,22.25,23.25,2.545956308809729,8,sub-HUP140,02,False
LD04-LD05,0.061208400102035945,True,22.75,25.75,2.58655429084973,9,sub-HUP140,02,False
RB04-RB05,0.059924006153722176,True,25.25,27.5,2.7933377723216717,10,sub-HUP140,02,False
LC06-LC07,0.051933580133284925,True,24.0,24.75,2.30774208801047,11,sub-HUP140,02,False
LH07-LH08,0.041291409736566365,True,25.25,26.25,1.924785438972145,12,sub-HUP140,02,False
LA02-LA03,0.0,False,,,,13,sub-HUP140,02,True
LA03-LA04,0.0,False,,,,13,sub-HUP140,02,False
LA04-LA05,0.0,False,,,,13,sub-HUP140,02,False
LA06-LA07,0.0,False,,,,13,sub-HUP140,02,False
LA08-LA09,0.0,False,,,,13,sub-HUP140,02,False
LA09-LA10,0.0,False,,,,13,sub-HUP140,02,False
LA10-LA11,0.0,False,,,,13,sub-HUP140,02,False
LA11-LA12,0.0,False,,,,13,sub-HUP140,02,False
LB01-LB02,0.0,False,,,,13,sub-HUP140,02,True
LB02-LB03,0.0,False,,,,13,sub-HUP140,02,True
LB03-LB04,0.0,False,,,,13,sub-HUP140,02,False
LB04-LB05,0.0,False,,,,13,sub-HUP140,02,False
LB06-LB07,0.0,False,,,,13,sub-HUP140,02,False
LB07-LB08,0.0,False,,,,13,sub-HUP140,02,False
LB10-LB11,0.0,False,,,,13,sub-HUP140,02,False
LB11-LB12,0.0,False,,,,13,sub-HUP140,02,False
LC01-LC02,0.0,False,,,,13,sub-HUP140,02,False
LC02-LC03,0.0,False,,,,13,sub-HUP140,02,False
LC03-LC04,0.0,False,,,,13,sub-HUP140,02,False
LC04-LC05,0.0,False,,,,13,sub-HUP140,02,False
LC05-LC06,0.0,False,,,,13,sub-HUP140,02,False
LC07-LC08,0.0,False,,,,13,sub-HUP140,02,False
LD01-LD02,0.0,False,,,,13,sub-HUP140,02,False
LD02-LD03,0.0,False,,,,13,sub-HUP140,02,False
LD03-LD04,0.0,False,,,,13,sub-HUP140,02,False
LD05-LD06,0.0,False,,,,13,sub-HUP140,02,False
LE01-LE02,0.0,False,,,,13,sub-HUP140,02,False
LE02-LE03,0.0,False,,,,13,sub-HUP140,02,False
LE03-LE04,0.0,False,,,,13,sub-HUP140,02,False
LE05-LE06,0.0,False,,,,13,sub-HUP140,02,False
LE06-LE07,0.0,False,,,,13,sub-HUP140,02,False
LE07-LE08,0.0,False,,,,13,sub-HUP140,02,False
LF01-LF02,0.0,False,,,,13,sub-HUP140,02,False
LF02-LF03,0.0,False,,,,13,sub-HUP140,02,False
LF03-LF04,0.0,False,,,,13,sub-HUP140,02,False
LF04-LF05,0.0,False,,,,13,sub-HUP140,02,False
LF05-LF06,0.0,False,,,,13,sub-HUP140,02,False
LF06-LF07,0.0,False,,,,13,sub-HUP140,02,False
LF07-LF08,0.0,False,,,,13,sub-HUP140,02,False
LG01-LG02,0.0,False,,,,13,sub-HUP140,02,False
LG02-LG03,0.0,False,,,,13,sub-HUP140,02,False
LG03-LG04,0.0,False,,,,13,sub-HUP140,02,False
LG04-LG05,0.0,False,,,,13,sub-HUP140,02,False
LG05-LG06,0.0,False,,,,13,sub-HUP140,02,False
LG06-LG07,0.0,False,,,,13,sub-HUP140,02,False
LG07-LG08,0.0,False,,,,13,sub-HUP140,02,False
LH01-LH02,0.0,False,,,,13,sub-HUP140,02,False
LH04-LH05,0.0,False,,,,13,sub-HUP140,02,False
LH05-LH06,0.0,False,,,,13,sub-HUP140,02,False
LH06-LH07,0.0,False,,,,13,sub-HUP140,02,False
RA01-RA02,0.0,False,,,,13,sub-HUP140,02,False
RA02-RA03,0.0,False,,,,13,sub-HUP140,02,False
RA03-RA04,0.0,False,,,,13,sub-HUP140,02,False
RA04-RA05,0.0,False,,,,13,sub-HUP140,02,False
RA05-RA06,0.0,False,,,,13,sub-HUP140,02,False
RA06-RA07,0.0,False,,,,13,sub-HUP140,02,False
RA07-RA08,0.0,False,,,,13,sub-HUP140,02,False
RB02-RB03,0.0,False,,,,13,sub-HUP140,02,False
RB03-RB04,0.0,False,,,,13,sub-HUP140,02,False
RB05-RB06,0.0,False,,,,13,sub-HUP140,02,False
RB07-RB08,0.0,False,,,,13,sub-HUP140,02,False
LA08-LA09,1.0,True,-8.75,-7.5,3.4527008991436867,1,sub-HUP140,03,False
LG07-LG08,0.7563213587210514,True,-8.5,-6.5,3.264189294122186,2,sub-HUP140,03,False
LB06-LB07,0.302312162014554,True,-7.75,-7.25,2.087586947219445,3,sub-HUP140,03,False
LD03-LD04,0.04349195932295385,True,0.0,8.0,1.464106088833863,4,sub-HUP140,03,False
LB04-LB05,0.04305315659881231,True,10.0,11.75,2.9358310318689407,5,sub-HUP140,03,False
LB05-LB06,0.04087810352191436,True,7.75,13.0,2.469947633744542,6,sub-HUP140,03,False
LG05-LG06,0.03733918831527941,True,8.75,13.0,2.3850394077850217,7,sub-HUP140,03,False
RA04-RA05,0.035923418446815306,True,10.5,13.5,2.5116645882255906,8,sub-HUP140,03,False
RB04-RB05,0.030619895732632175,True,10.75,15.0,2.1672875013187736,9,sub-HUP140,03,False
LB01-LB02,0.027470980016649358,True,9.5,11.0,1.825844740023987,10,sub-HUP140,03,True
RA05-RA06,0.027193667571514223,True,8.0,13.75,1.6665759084344747,11,sub-HUP140,03,False
LB10-LB11,0.023146068834635797,True,14.75,20.5,1.9579530905862228,12,sub-HUP140,03,False
RA06-RA07,0.022827855407121914,True,7.5,16.5,1.359606306347185,13,sub-HUP140,03,False
RB05-RB06,0.022565741904749782,True,11.25,17.5,1.636167904651853,14,sub-HUP140,03,False
RB06-RB07,0.022391926847949228,True,11.0,17.25,1.6042369887005847,15,sub-HUP140,03,False
LC06-LC07,0.01619983026555856,True,27.75,28.5,2.097493819645093,16,sub-HUP140,03,False
LE07-LE08,0.01594335614842763,True,26.25,27.0,1.9817150439255875,17,sub-HUP140,03,False
LA01-LA02,0.0,False,,,,18,sub-HUP140,03,True
LA02-LA03,0.0,False,,,,18,sub-HUP140,03,True
LA03-LA04,0.0,False,,,,18,sub-HUP140,03,False
LA04-LA05,0.0,False,,,,18,sub-HUP140,03,False
LA05-LA06,0.0,False,,,,18,sub-HUP140,03,False
LA06-LA07,0.0,False,,,,18,sub-HUP140,03,False
LA07-LA08,0.0,False,,,,18,sub-HUP140,03,False
LA09-LA10,0.0,False,,,,18,sub-HUP140,03,False
LA10-LA11,0.0,False,,,,18,sub-HUP140,03,False
LA11-LA12,0.0,False,,,,18,sub-HUP140,03,False
LB02-LB03,0.0,False,,,,18,sub-HUP140,03,True
LB03-LB04,0.0,False,,,,18,sub-HUP140,03,False
LB07-LB08,0.0,False,,,,18,sub-HUP140,03,False
LB11-LB12,0.0,False,,,,18,sub-HUP140,03,False
LC01-LC02,0.0,False,,,,18,sub-HUP140,03,False
LC02-LC03,0.0,False,,,,18,sub-HUP140,03,False
LC03-LC04,0.0,False,,,,18,sub-HUP140,03,False
LC04-LC05,0.0,False,,,,18,sub-HUP140,03,False
LC05-LC06,0.0,False,,,,18,sub-HUP140,03,False
LC07-LC08,0.0,False,,,,18,sub-HUP140,03,False
LD01-LD02,0.0,False,,,,18,sub-HUP140,03,False
LD02-LD03,0.0,False,,,,18,sub-HUP140,03,False
LD04-LD05,0.0,False,,,,18,sub-HUP140,03,False
LD05-LD06,0.0,False,,,,18,sub-HUP140,03,False
LE01-LE02,0.0,False,,,,18,sub-HUP140,03,False
LE02-LE03,0.0,False,,,,18,sub-HUP140,03,False
LE03-LE04,0.0,False,,,,18,sub-HUP140,03,False
LE04-LE05,0.0,False,,,,18,sub-HUP140,03,False
LE05-LE06,0.0,False,,,,18,sub-HUP140,03,False
LE06-LE07,0.0,False,,,,18,sub-HUP140,03,False
LF01-LF02,0.0,False,,,,18,sub-HUP140,03,False
LF02-LF03,0.0,False,,,,18,sub-HUP140,03,False
LF03-LF04,0.0,False,,,,18,sub-HUP140,03,False
LF04-LF05,0.0,False,,,,18,sub-HUP140,03,False
LF05-LF06,0.0,False,,,,18,sub-HUP140,03,False
LF06-LF07,0.0,False,,,,18,sub-HUP140,03,False
LF07-LF08,0.0,False,,,,18,sub-HUP140,03,False
LG01-LG02,0.0,False,,,,18,sub-HUP140,03,False
LG02-LG03,0.0,False,,,,18,sub-HUP140,03,False
LG03-LG04,0.0,False,,,,18,sub-HUP140,03,False
LG04-LG05,0.0,False,,,,18,sub-HUP140,03,False
LG06-LG07,0.0,False,,,,18,sub-HUP140,03,False
LH01-LH02,0.0,False,,,,18,sub-HUP140,03,False
LH04-LH05,0.0,False,,,,18,sub-HUP140,03,False
LH05-LH06,0.0,False,,,,18,sub-HUP140,03,False
LH06-LH07,0.0,False,,,,18,sub-HUP140,03,False
LH07-LH08,0.0,False,,,,18,sub-HUP140,03,False
RA01-RA02,0.0,False,,,,18,sub-HUP140,03,False
RA02-RA03,0.0,False,,,,18,sub-HUP140,03,False
RA03-RA04,0.0,False,,,,18,sub-HUP140,03,False
RA07-RA08,0.0,False,,,,18,sub-HUP140,03,False
RB02-RB03,0.0,False,,,,18,sub-HUP140,03,False
RB03-RB04,0.0,False,,,,18,sub-HUP140,03,False
RB07-RB08,0.0,False,,,,18,sub-HUP140,03,False
RB08-RB09,0.0,False,,,,18,sub-HUP140,03,False
RB11-RB12,0.0,False,,,,18,sub-HUP140,03,False
RA05-RA06,1.0,True,-8.5,-7.0,2.9812672487019554,1,sub-HUP141,01,False
RC07-RC08,0.616395134723868,True,-8.25,-6.25,2.2970482842643714,2,sub-HUP141,01,False
RB02-RB03,0.35902377663743706,True,-1.0,-0.75,9.097939527753057,3,sub-HUP141,01,True
RI05-RI06,0.33640517778193946,True,-6.5,-5.75,3.0087412164451646,4,sub-HUP141,01,False
RB04-RB05,0.2041775162068233,True,-2.75,-0.25,4.108777258423826,5,sub-HUP141,01,True
RG04-RG05,0.17217995616358578,True,0.5,2.25,5.133144641934367,6,sub-HUP141,01,False
RA02-RA03,0.16789841844957046,True,-2.75,-0.5,3.378712878219784,7,sub-HUP141,01,True
RA03-RA04,0.15482742774007702,True,-1.25,-0.75,3.8080510010586472,8,sub-HUP141,01,True
RF02-RF03,0.15397095075960365,True,7.0,7.5,7.573971120393279,9,sub-HUP141,01,False
RG05-RG06,0.11286428441243872,True,1.5,2.5,3.7012645413368475,10,sub-HUP141,01,False
RJ07-RJ08,0.10913304583625444,True,-0.25,3.25,3.0095316715501106,11,sub-HUP141,01,False
RA04-RA05,0.10699777137832302,True,-1.25,-0.5,2.6316588498279243,12,sub-HUP141,01,True
RC03-RC04,0.10322828929250472,True,-1.0,-0.5,2.6158845030618383,13,sub-HUP141,01,True
RF01-RF02,0.1004005620234794,True,7.0,7.5,4.93879497064583,14,sub-HUP141,01,False
RB03-RB04,0.08854707360382569,True,-1.0,-0.25,2.2438511692796395,15,sub-HUP141,01,True
RI01-RI02,0.06116047616237263,True,5.0,5.75,2.6438680052195234,16,sub-HUP141,01,False
RG06-RG07,0.06093087499349502,True,2.25,3.0,2.134401859121101,17,sub-HUP141,01,False
RC08-RC09,0.04087899385471653,True,8.25,17.5,2.1632138983164495,18,sub-HUP141,01,False
RC02-RC03,0.037518379256088044,True,17.75,18.5,3.0479755919400997,19,sub-HUP141,01,True
RB01-RB02,0.03339375506382677,True,18.0,18.5,2.73778197778145,20,sub-HUP141,01,True
RD01-RD02,0.02306732212402317,True,20.75,26.75,2.0802880218991513,21,sub-HUP141,01,False
RH01-RH02,0.020009045738299112,True,26.75,27.75,2.162396336729684,22,sub-HUP141,01,False
RA01-RA02,0.0,False,,,,23,sub-HUP141,01,True
RA06-RA07,0.0,False,,,,23,sub-HUP141,01,False
RA07-RA08,0.0,False,,,,23,sub-HUP141,01,False
RB05-RB06,0.0,False,,,,23,sub-HUP141,01,False
RB06-RB07,0.0,False,,,,23,sub-HUP141,01,False
RB07-RB08,0.0,False,,,,23,sub-HUP141,01,False
RB08-RB09,0.0,False,,,,23,sub-HUP141,01,False
RB09-RB10,0.0,False,,,,23,sub-HUP141,01,False
RB10-RB11,0.0,False,,,,23,sub-HUP141,01,False
RB11-RB12,0.0,False,,,,23,sub-HUP141,01,False
RC01-RC02,0.0,False,,,,23,sub-HUP141,01,True
RC04-RC05,0.0,False,,,,23,sub-HUP141,01,True
RC05-RC06,0.0,False,,,,23,sub-HUP141,01,True
RC06-RC07,0.0,False,,,,23,sub-HUP141,01,False
RC09-RC10,0.0,False,,,,23,sub-HUP141,01,False
RC10-RC11,0.0,False,,,,23,sub-HUP141,01,False
RC11-RC12,0.0,False,,,,23,sub-HUP141,01,False
RD02-RD03,0.0,False,,,,23,sub-HUP141,01,False
RD03-RD04,0.0,False,,,,23,sub-HUP141,01,False
RD04-RD05,0.0,False,,,,23,sub-HUP141,01,False
RD05-RD06,0.0,False,,,,23,sub-HUP141,01,False
RD06-RD07,0.0,False,,,,23,sub-HUP141,01,False
RD07-RD08,0.0,False,,,,23,sub-HUP141,01,False
RE01-RE02,0.0,False,,,,23,sub-HUP141,01,False
RE02-RE03,0.0,False,,,,23,sub-HUP141,01,False
RE03-RE04,0.0,False,,,,23,sub-HUP141,01,False
RE04-RE05,0.0,False,,,,23,sub-HUP141,01,False
RE05-RE06,0.0,False,,,,23,sub-HUP141,01,False
RE06-RE07,0.0,False,,,,23,sub-HUP141,01,False
RE07-RE08,0.0,False,,,,23,sub-HUP141,01,False
RF03-RF04,0.0,False,,,,23,sub-HUP141,01,False
RF04-RF05,0.0,False,,,,23,sub-HUP141,01,False
RF05-RF06,0.0,False,,,,23,sub-HUP141,01,False
RF06-RF07,0.0,False,,,,23,sub-HUP141,01,False
RF07-RF08,0.0,False,,,,23,sub-HUP141,01,False
RG01-RG02,0.0,False,,,,23,sub-HUP141,01,False
RG02-RG03,0.0,False,,,,23,sub-HUP141,01,False
RG03-RG04,0.0,False,,,,23,sub-HUP141,01,False
RG07-RG08,0.0,False,,,,23,sub-HUP141,01,False
RH02-RH03,0.0,False,,,,23,sub-HUP141,01,False
RH03-RH04,0.0,False,,,,23,sub-HUP141,01,False
RH04-RH05,0.0,False,,,,23,sub-HUP141,01,False
RH05-RH06,0.0,False,,,,23,sub-HUP141,01,False
RH06-RH07,0.0,False,,,,23,sub-HUP141,01,False
RH07-RH08,0.0,False,,,,23,sub-HUP141,01,False
RI02-RI03,0.0,False,,,,23,sub-HUP141,01,False
RI03-RI04,0.0,False,,,,23,sub-HUP141,01,False
RI04-RI05,0.0,False,,,,23,sub-HUP141,01,False
RI06-RI07,0.0,False,,,,23,sub-HUP141,01,False
RI07-RI08,0.0,False,,,,23,sub-HUP141,01,False
RJ01-RJ02,0.0,False,,,,23,sub-HUP141,01,False
RJ02-RJ03,0.0,False,,,,23,sub-HUP141,01,False
RJ03-RJ04,0.0,False,,,,23,sub-HUP141,01,False
RJ04-RJ05,0.0,False,,,,23,sub-HUP141,01,False
RJ05-RJ06,0.0,False,,,,23,sub-HUP141,01,False
RJ06-RJ07,0.0,False,,,,23,sub-HUP141,01,False
RF01-RF02,1.0,True,-6.75,-4.75,2.906089541477562,1,sub-HUP141,02,False
RF02-RF03,0.9461897612916006,True,-6.5,-5.0,3.4371402119283396,2,sub-HUP141,02,False
RA03-RA04,0.4163796124804517,True,-5.25,-2.75,3.0250910927848023,3,sub-HUP141,02,True
RG02-RG03,0.29129884836165965,True,-3.75,0.5,3.3861621466731093,4,sub-HUP141,02,False
RC04-RC05,0.17919065364681325,True,-3.0,0.25,2.4735344013442777,5,sub-HUP141,02,True
RG04-RG05,0.16098011024234513,True,-2.25,1.0,2.5730243811865128,6,sub-HUP141,02,False
RJ07-RJ08,0.15161215599297995,True,-1.5,-0.5,2.7537406305753978,7,sub-HUP141,02,False
RG01-RG02,0.12823349840088355,True,0.5,1.5,3.074428735701571,8,sub-HUP141,02,False
RB05-RB06,0.09214473471386313,True,7.0,8.0,3.949767535349186,9,sub-HUP141,02,False
RI06-RI07,0.09195538893007588,True,3.5,11.0,3.0063441830871946,10,sub-HUP141,02,False
RB04-RB05,0.0754983589780106,True,7.0,8.0,3.2362236235145496,11,sub-HUP141,02,True
RG03-RG04,0.06900177627521102,True,7.5,12.0,3.058011440745671,12,sub-HUP141,02,False
RF05-RF06,0.0687558212416585,True,4.5,5.25,2.4476795195695358,13,sub-HUP141,02,False
RC05-RC06,0.06806701525914131,True,8.75,9.75,3.2638458792090397,14,sub-HUP141,02,True
RJ06-RJ07,0.06751850907863648,True,7.75,11.75,3.0413299128885414,15,sub-HUP141,02,False
RA05-RA06,0.059618700032814206,True,15.75,16.25,4.07154609508346,16,sub-HUP141,02,False
RE03-RE04,0.05837427271264126,True,5.75,6.5,2.2901516561911386,17,sub-HUP141,02,False
RJ01-RJ02,0.051203559641417276,True,9.5,13.0,2.566836728015957,18,sub-HUP141,02,False
RJ05-RJ06,0.04880625886070696,True,9.25,11.75,2.411201093373701,19,sub-HUP141,02,False
RA02-RA03,0.04879936862930053,True,19.75,22.25,3.8999217071187595,20,sub-HUP141,02,True
RE02-RE03,0.03912642850121829,True,15.75,16.75,2.6720652595748615,21,sub-HUP141,02,False
RB02-RB03,0.033084310846617095,True,18.75,20.25,2.547868198066185,22,sub-HUP141,02,True
RA04-RA05,0.030777419710076723,True,19.75,20.25,2.459653282160782,23,sub-HUP141,02,True
RI04-RI05,0.02703607069114588,True,24.75,26.5,2.5535003740410804,24,sub-HUP141,02,False
RG06-RG07,0.018792141027816334,True,25.75,27.0,1.8294900908474332,25,sub-HUP141,02,False
RA01-RA02,0.0,False,,,,26,sub-HUP141,02,True
RA06-RA07,0.0,False,,,,26,sub-HUP141,02,False
RA07-RA08,0.0,False,,,,26,sub-HUP141,02,False
RB01-RB02,0.0,False,,,,26,sub-HUP141,02,True
RB03-RB04,0.0,False,,,,26,sub-HUP141,02,True
RB06-RB07,0.0,False,,,,26,sub-HUP141,02,False
RB07-RB08,0.0,False,,,,26,sub-HUP141,02,False
RB08-RB09,0.0,False,,,,26,sub-HUP141,02,False
RB09-RB10,0.0,False,,,,26,sub-HUP141,02,False
RB10-RB11,0.0,False,,,,26,sub-HUP141,02,False
RB11-RB12,0.0,False,,,,26,sub-HUP141,02,False
RC01-RC02,0.0,False,,,,26,sub-HUP141,02,True
RC02-RC03,0.0,False,,,,26,sub-HUP141,02,True
RC03-RC04,0.0,False,,,,26,sub-HUP141,02,True
RC06-RC07,0.0,False,,,,26,sub-HUP141,02,False
RC07-RC08,0.0,False,,,,26,sub-HUP141,02,False
RC08-RC09,0.0,False,,,,26,sub-HUP141,02,False
RC09-RC10,0.0,False,,,,26,sub-HUP141,02,False
RC10-RC11,0.0,False,,,,26,sub-HUP141,02,False
RC11-RC12,0.0,False,,,,26,sub-HUP141,02,False
RD01-RD02,0.0,False,,,,26,sub-HUP141,02,False
RD02-RD03,0.0,False,,,,26,sub-HUP141,02,False
RD03-RD04,0.0,False,,,,26,sub-HUP141,02,False
RD04-RD05,0.0,False,,,,26,sub-HUP141,02,False
RD05-RD06,0.0,False,,,,26,sub-HUP141,02,False
RD06-RD07,0.0,False,,,,26,sub-HUP141,02,False
RD07-RD08,0.0,False,,,,26,sub-HUP141,02,False
RE01-RE02,0.0,False,,,,26,sub-HUP141,02,False
RE04-RE05,0.0,False,,,,26,sub-HUP141,02,False
RE05-RE06,0.0,False,,,,26,sub-HUP141,02,False
RE06-RE07,0.0,False,,,,26,sub-HUP141,02,False
RE07-RE08,0.0,False,,,,26,sub-HUP141,02,False
RF03-RF04,0.0,False,,,,26,sub-HUP141,02,False
RF04-RF05,0.0,False,,,,26,sub-HUP141,02,False
RF06-RF07,0.0,False,,,,26,sub-HUP141,02,False
RF07-RF08,0.0,False,,,,26,sub-HUP141,02,False
RG05-RG06,0.0,False,,,,26,sub-HUP141,02,False
RG07-RG08,0.0,False,,,,26,sub-HUP141,02,False
RH01-RH02,0.0,False,,,,26,sub-HUP141,02,False
RH02-RH03,0.0,False,,,,26,sub-HUP141,02,False
RH03-RH04,0.0,False,,,,26,sub-HUP141,02,False
RH04-RH05,0.0,False,,,,26,sub-HUP141,02,False
RH05-RH06,0.0,False,,,,26,sub-HUP141,02,False
RH06-RH07,0.0,False,,,,26,sub-HUP141,02,False
RH07-RH08,0.0,False,,,,26,sub-HUP141,02,False
RI01-RI02,0.0,False,,,,26,sub-HUP141,02,False
RI02-RI03,0.0,False,,,,26,sub-HUP141,02,False
RI03-RI04,0.0,False,,,,26,sub-HUP141,02,False
RI05-RI06,0.0,False,,,,26,sub-HUP141,02,False
RI07-RI08,0.0,False,,,,26,sub-HUP141,02,False
RJ02-RJ03,0.0,False,,,,26,sub-HUP141,02,False
RJ03-RJ04,0.0,False,,,,26,sub-HUP141,02,False
RJ04-RJ05,0.0,False,,,,26,sub-HUP141,02,False
RG07-RG08,1.0,True,-8.0,-6.0,2.7509417628739152,1,sub-HUP141,03,False
RB10-RB11,0.6872528737781245,True,-7.25,-6.25,3.3085371062298767,2,sub-HUP141,03,False
RB11-RB12,0.5790375377023828,True,-7.0,-6.0,3.1857970894743284,3,sub-HUP141,03,False
RC10-RC11,0.4126302038456503,True,-7.0,-1.0,2.2702433207643526,4,sub-HUP141,03,False
RE01-RE02,0.40227923371030805,True,-5.0,-0.75,4.42658697740241,5,sub-HUP141,03,False
RF07-RF08,0.209116027585445,True,-2.25,-0.5,3.883045591604888,6,sub-HUP141,03,False
RE02-RE03,0.2008860959485801,True,-4.5,1.5,2.4868167791654043,7,sub-HUP141,03,False
RG05-RG06,0.19911053307670654,True,3.75,4.5,6.983703881077202,8,sub-HUP141,03,False
RG06-RG07,0.18619848331050093,True,3.75,5.0,6.5308200950136435,9,sub-HUP141,03,False
RH03-RH04,0.1816593830672454,True,2.25,4.75,5.622011814347955,10,sub-HUP141,03,False
RB07-RB08,0.14993814379404632,True,-3.25,5.75,2.3717088342623094,11,sub-HUP141,03,False
RI07-RI08,0.14565437225614203,True,2.5,4.5,4.607896999222957,12,sub-HUP141,03,False
RH05-RH06,0.13758918012070986,True,-2.0,3.5,2.6494987519954956,13,sub-HUP141,03,False
RH04-RH05,0.1296495383258866,True,2.25,5.5,4.012406207077542,14,sub-HUP141,03,False
RD06-RD07,0.12432581838151767,True,-2.0,-0.5,2.3940916019243614,15,sub-HUP141,03,False
RC06-RC07,0.1216141554525224,True,3.5,5.0,4.181918239887304,16,sub-HUP141,03,False
RB05-RB06,0.11531891996338503,True,-1.25,-0.5,2.4585761555701255,17,sub-HUP141,03,False
RE03-RE04,0.1136855529739291,True,2.5,5.0,3.5965368583810586,18,sub-HUP141,03,False
RB02-RB03,0.11009019637616851,True,8.0,11.0,5.148479221201273,19,sub-HUP141,03,True
RG03-RG04,0.10881216200258562,True,2.5,6.0,3.442363088757422,20,sub-HUP141,03,False
RD04-RD05,0.10649870500897235,True,3.75,4.25,3.735389625089936,21,sub-HUP141,03,False
RH06-RH07,0.09567510801665968,True,2.5,3.25,3.0267614785707737,22,sub-HUP141,03,False
RG04-RG05,0.09515405827336318,True,2.75,5.5,3.0757184555308124,23,sub-HUP141,03,False
RE04-RE05,0.09205149652386714,True,2.75,5.0,2.975432596939953,24,sub-HUP141,03,False
RC05-RC06,0.09072029023177426,True,-1.0,8.25,1.9965298811090428,25,sub-HUP141,03,True
RF05-RF06,0.06745363362303541,True,4.0,5.0,2.4122932312856555,26,sub-HUP141,03,False
RA02-RA03,0.0656967441769159,True,4.75,10.5,2.4850088620654227,27,sub-HUP141,03,True
RA01-RA02,0.06530649271999418,True,4.75,7.0,2.470247425390983,28,sub-HUP141,03,True
RC03-RC04,0.0647708939823739,True,8.0,11.25,3.0290762736714494,29,sub-HUP141,03,True
RC04-RC05,0.06301016901354942,True,9.25,11.25,3.163405824008385,30,sub-HUP141,03,True
RD01-RD02,0.05310017339122282,True,13.75,14.5,3.3232172745990645,31,sub-HUP141,03,False
RB03-RB04,0.04924484140385027,True,9.0,13.25,2.4384544348311765,32,sub-HUP141,03,True
RA04-RA05,0.043864447352462047,True,9.25,11.5,2.202200857322714,33,sub-HUP141,03,True
RB04-RB05,0.037839001905579574,True,9.25,15.25,1.8996952535873224,34,sub-HUP141,03,True
RD03-RD04,0.026601655771665903,True,24.5,25.5,2.4515167950997006,35,sub-HUP141,03,False
RA03-RA04,0.0,False,,,,36,sub-HUP141,03,True
RA05-RA06,0.0,False,,,,36,sub-HUP141,03,False
RA06-RA07,0.0,False,,,,36,sub-HUP141,03,False
RA07-RA08,0.0,False,,,,36,sub-HUP141,03,False
RB01-RB02,0.0,False,,,,36,sub-HUP141,03,True
RB06-RB07,0.0,False,,,,36,sub-HUP141,03,False
RB08-RB09,0.0,False,,,,36,sub-HUP141,03,False
RB09-RB10,0.0,False,,,,36,sub-HUP141,03,False
RC01-RC02,0.0,False,,,,36,sub-HUP141,03,True
RC02-RC03,0.0,False,,,,36,sub-HUP141,03,True
RC07-RC08,0.0,False,,,,36,sub-HUP141,03,False
RC08-RC09,0.0,False,,,,36,sub-HUP141,03,False
RC09-RC10,0.0,False,,,,36,sub-HUP141,03,False
RC11-RC12,0.0,False,,,,36,sub-HUP141,03,False
RD02-RD03,0.0,False,,,,36,sub-HUP141,03,False
RD05-RD06,0.0,False,,,,36,sub-HUP141,03,False
RD07-RD08,0.0,False,,,,36,sub-HUP141,03,False
RE05-RE06,0.0,False,,,,36,sub-HUP141,03,False
RE06-RE07,0.0,False,,,,36,sub-HUP141,03,False
RE07-RE08,0.0,False,,,,36,sub-HUP141,03,False
RF01-RF02,0.0,False,,,,36,sub-HUP141,03,False
RF02-RF03,0.0,False,,,,36,sub-HUP141,03,False
RF03-RF04,0.0,False,,,,36,sub-HUP141,03,False
RF04-RF05,0.0,False,,,,36,sub-HUP141,03,False
RF06-RF07,0.0,False,,,,36,sub-HUP141,03,False
RG01-RG02,0.0,False,,,,36,sub-HUP141,03,False
RG02-RG03,0.0,False,,,,36,sub-HUP141,03,False
RH01-RH02,0.0,False,,,,36,sub-HUP141,03,False
RH02-RH03,0.0,False,,,,36,sub-HUP141,03,False
RH07-RH08,0.0,False,,,,36,sub-HUP141,03,False
RI01-RI02,0.0,False,,,,36,sub-HUP141,03,False
RI02-RI03,0.0,False,,,,36,sub-HUP141,03,False
RI03-RI04,0.0,False,,,,36,sub-HUP141,03,False
RI04-RI05,0.0,False,,,,36,sub-HUP141,03,False
RI05-RI06,0.0,False,,,,36,sub-HUP141,03,False
RI06-RI07,0.0,False,,,,36,sub-HUP141,03,False
RJ01-RJ02,0.0,False,,,,36,sub-HUP141,03,False
RJ02-RJ03,0.0,False,,,,36,sub-HUP141,03,False
RJ03-RJ04,0.0,False,,,,36,sub-HUP141,03,False
RJ04-RJ05,0.0,False,,,,36,sub-HUP141,03,False
RJ05-RJ06,0.0,False,,,,36,sub-HUP141,03,False
RJ06-RJ07,0.0,False,,,,36,sub-HUP141,03,False
RJ07-RJ08,0.0,False,,,,36,sub-HUP141,03,False
LDE11-LDE12,1.0,True,-9.5,-7.75,3.74655653120832,1,sub-HUP142,01,False
LDF11-LDF12,0.422530566556247,True,-8.5,-7.75,3.1660693075329176,2,sub-HUP142,01,False
LGR56-LGR57,0.12319419869714822,True,-5.5,-4.25,2.307770148678881,3,sub-HUP142,01,False
LGR21-LGR22,0.12051917441112381,True,-4.5,-4.0,2.709191400154983,4,sub-HUP142,01,False
LGR29-LGR30,0.08471731501678595,True,-4.5,-3.75,1.9043892592954326,5,sub-HUP142,01,False
LGR22-LGR23,0.049625490179133175,True,5.25,7.5,2.9283140934344702,6,sub-HUP142,01,False
LDB6-LDB7,0.04858414240138799,True,12.0,15.0,4.095522810609193,7,sub-HUP142,01,True
LDB2-LDB3,0.04824308433487512,True,4.5,6.75,2.7111816405069025,8,sub-HUP142,01,True
LDC1-LDC2,0.047618109339215176,True,12.0,13.75,4.014088617344141,9,sub-HUP142,01,True
LGR20-LGR21,0.04444319534732131,True,5.5,7.5,2.664143100740382,10,sub-HUP142,01,False
LDB3-LDB4,0.04442310117236372,True,5.75,7.5,2.7045469723000184,11,sub-HUP142,01,True
LDA7-LDA8,0.04280862609813364,True,14.75,18.75,4.049719676925443,12,sub-HUP142,01,True
LDA2-LDA3,0.040039844186715086,True,5.25,8.25,2.362681751004239,13,sub-HUP142,01,True
LGR58-LGR59,0.035546499924398615,True,9.5,11.75,2.6635394290670336,14,sub-HUP142,01,False
LDB4-LDB5,0.03212129295805691,True,5.75,13.25,1.9555938987465384,15,sub-HUP142,01,True
LDC2-LDC3,0.030083951342396664,True,12.0,12.5,2.5360025486942144,16,sub-HUP142,01,True
LDB7-LDB8,0.028867801216600035,True,12.0,18.0,2.4334841067677178,17,sub-HUP142,01,False
LGR33-LGR34,0.02732560421684262,True,13.0,13.75,2.4058576422738955,18,sub-HUP142,01,False
LGR44-LGR45,0.025820504369165883,True,17.5,18.5,2.7086634199349593,19,sub-HUP142,01,False
LDB1-LDB2,0.024510505451384217,True,12.0,13.75,2.066174871347265,20,sub-HUP142,01,True
LDE2-LDE3,0.02368841489706141,True,20.25,23.75,2.729062055556655,21,sub-HUP142,01,False
LGR57-LGR58,0.020257852983748503,True,25.25,25.75,2.7133245927116225,22,sub-HUP142,01,False
LDA4-LDA5,0.0158750346485469,True,18.5,19.25,1.724824727624481,23,sub-HUP142,01,True
LDE4-LDE5,0.014017114027499803,True,26.5,28.75,1.9430886740115825,24,sub-HUP142,01,False
LDA1-LDA2,0.0,False,,,,25,sub-HUP142,01,True
LDA3-LDA4,0.0,False,,,,25,sub-HUP142,01,True
LDA5-LDA6,0.0,False,,,,25,sub-HUP142,01,True
LDA6-LDA7,0.0,False,,,,25,sub-HUP142,01,True
LDB5-LDB6,0.0,False,,,,25,sub-HUP142,01,True
LDC5-LDC6,0.0,False,,,,25,sub-HUP142,01,False
LDC6-LDC7,0.0,False,,,,25,sub-HUP142,01,False
LDC7-LDC8,0.0,False,,,,25,sub-HUP142,01,False
LDD2-LDD3,0.0,False,,,,25,sub-HUP142,01,False
LDD3-LDD4,0.0,False,,,,25,sub-HUP142,01,False
LDD4-LDD5,0.0,False,,,,25,sub-HUP142,01,False
LDD5-LDD6,0.0,False,,,,25,sub-HUP142,01,False
LDD6-LDD7,0.0,False,,,,25,sub-HUP142,01,False
LDD7-LDD8,0.0,False,,,,25,sub-HUP142,01,False
LDE1-LDE2,0.0,False,,,,25,sub-HUP142,01,False
LDE10-LDE11,0.0,False,,,,25,sub-HUP142,01,False
LDE3-LDE4,0.0,False,,,,25,sub-HUP142,01,False
LDE5-LDE6,0.0,False,,,,25,sub-HUP142,01,False
LDE6-LDE7,0.0,False,,,,25,sub-HUP142,01,False
LDE7-LDE8,0.0,False,,,,25,sub-HUP142,01,False
LDE8-LDE9,0.0,False,,,,25,sub-HUP142,01,False
LDE9-LDE10,0.0,False,,,,25,sub-HUP142,01,False
LDF1-LDF2,0.0,False,,,,25,sub-HUP142,01,False
LDF10-LDF11,0.0,False,,,,25,sub-HUP142,01,False
LDF2-LDF3,0.0,False,,,,25,sub-HUP142,01,False
LDF3-LDF4,0.0,False,,,,25,sub-HUP142,01,False
LDF4-LDF5,0.0,False,,,,25,sub-HUP142,01,False
LDF5-LDF6,0.0,False,,,,25,sub-HUP142,01,False
LDF6-LDF7,0.0,False,,,,25,sub-HUP142,01,False
LDF7-LDF8,0.0,False,,,,25,sub-HUP142,01,False
LDF8-LDF9,0.0,False,,,,25,sub-HUP142,01,False
LDF9-LDF10,0.0,False,,,,25,sub-HUP142,01,False
LDG1-LDG2,0.0,False,,,,25,sub-HUP142,01,False
LDG10-LDG11,0.0,False,,,,25,sub-HUP142,01,False
LDG11-LDG12,0.0,False,,,,25,sub-HUP142,01,False
LDG2-LDG3,0.0,False,,,,25,sub-HUP142,01,False
LDG3-LDG4,0.0,False,,,,25,sub-HUP142,01,False
LDG4-LDG5,0.0,False,,,,25,sub-HUP142,01,False
LDG5-LDG6,0.0,False,,,,25,sub-HUP142,01,False
LDG6-LDG7,0.0,False,,,,25,sub-HUP142,01,False
LDG7-LDG8,0.0,False,,,,25,sub-HUP142,01,False
LDG8-LDG9,0.0,False,,,,25,sub-HUP142,01,False
LDG9-LDG10,0.0,False,,,,25,sub-HUP142,01,False
LGR17-LGR18,0.0,False,,,,25,sub-HUP142,01,False
LGR18-LGR19,0.0,False,,,,25,sub-HUP142,01,False
LGR19-LGR20,0.0,False,,,,25,sub-HUP142,01,False
LGR23-LGR24,0.0,False,,,,25,sub-HUP142,01,False
LGR24-LGR25,0.0,False,,,,25,sub-HUP142,01,False
LGR25-LGR26,0.0,False,,,,25,sub-HUP142,01,False
LGR26-LGR27,0.0,False,,,,25,sub-HUP142,01,False
LGR30-LGR31,0.0,False,,,,25,sub-HUP142,01,False
LGR31-LGR32,0.0,False,,,,25,sub-HUP142,01,False
LGR32-LGR33,0.0,False,,,,25,sub-HUP142,01,False
LGR34-LGR35,0.0,False,,,,25,sub-HUP142,01,False
LGR35-LGR36,0.0,False,,,,25,sub-HUP142,01,False
LGR45-LGR46,0.0,False,,,,25,sub-HUP142,01,False
LGR46-LGR47,0.0,False,,,,25,sub-HUP142,01,False
LGR47-LGR48,0.0,False,,,,25,sub-HUP142,01,False
LGR48-LGR49,0.0,False,,,,25,sub-HUP142,01,False
LGR49-LGR50,0.0,False,,,,25,sub-HUP142,01,False
LGR50-LGR51,0.0,False,,,,25,sub-HUP142,01,False
LGR51-LGR52,0.0,False,,,,25,sub-HUP142,01,False
LGR52-LGR53,0.0,False,,,,25,sub-HUP142,01,False
LGR53-LGR54,0.0,False,,,,25,sub-HUP142,01,False
LGR54-LGR55,0.0,False,,,,25,sub-HUP142,01,False
LGR55-LGR56,0.0,False,,,,25,sub-HUP142,01,False
LGR59-LGR60,0.0,False,,,,25,sub-HUP142,01,False
LGR60-LGR61,0.0,False,,,,25,sub-HUP142,01,False
LGR61-LGR62,0.0,False,,,,25,sub-HUP142,01,False
LGR62-LGR63,0.0,False,,,,25,sub-HUP142,01,False
LGR63-LGR64,0.0,False,,,,25,sub-HUP142,01,False
LGR23-LGR24,1.0,True,-6.25,-2.75,2.358198421704374,1,sub-HUP142,02,False
LDD2-LDD3,0.9226129543415299,True,-6.25,0.75,2.1757044127722054,2,sub-HUP142,02,False
LDA5-LDA6,0.07532761547275887,True,5.25,6.0,2.2204682989826745,3,sub-HUP142,02,True
LGR57-LGR58,0.06806100828792189,True,6.0,7.75,2.126643050795461,4,sub-HUP142,02,False
LDD6-LDD7,0.06422790114412234,True,20.5,21.75,4.203074249231845,5,sub-HUP142,02,False
LDD3-LDD4,0.06253826363873885,True,19.75,21.75,3.9818961344431614,6,sub-HUP142,02,False
LDB1-LDB2,0.0582406892041281,True,11.0,14.25,2.506511599822735,7,sub-HUP142,02,True
LDA1-LDA2,0.05787014421758345,True,13.25,14.0,2.7976202965330508,8,sub-HUP142,02,True
LDG6-LDG7,0.05626659532378606,True,12.25,14.25,2.587412027601004,9,sub-HUP142,02,False
LDB2-LDB3,0.05421929134066401,True,11.0,14.25,2.333442212595074,10,sub-HUP142,02,True
LDG1-LDG2,0.053439561303685115,True,25.5,26.0,4.127190668775773,11,sub-HUP142,02,False
LDD4-LDD5,0.053099534512929744,True,15.75,21.0,2.8800424850774404,12,sub-HUP142,02,False
LDD5-LDD6,0.052732681680487156,True,19.75,23.0,3.357561421201427,13,sub-HUP142,02,False
LDG5-LDG6,0.051827678948250036,True,13.25,14.0,2.5055089892754667,14,sub-HUP142,02,False
LDF2-LDF3,0.05142294110500202,True,11.0,12.75,2.2130953485961324,15,sub-HUP142,02,False
LDC7-LDC8,0.04726961830176637,True,13.5,14.5,2.313026139931218,16,sub-HUP142,02,False
LGR47-LGR48,0.046212978936031365,True,17.0,25.5,2.642749819238261,17,sub-HUP142,02,False
LDG3-LDG4,0.044007064848016766,True,18.0,18.75,2.620379119427988,18,sub-HUP142,02,False
LGR17-LGR18,0.04094813960078897,True,19.5,24.0,2.583082671269817,19,sub-HUP142,02,False
LDE7-LDE8,0.03792074201777012,True,20.5,23.25,2.4815335928385576,20,sub-HUP142,02,False
LDC1-LDC2,0.03698865534559607,True,18.75,24.0,2.2678913050807443,21,sub-HUP142,02,True
LDF6-LDF7,0.03376094417723518,True,17.5,18.0,1.9704713805316352,22,sub-HUP142,02,False
LDD7-LDD8,0.031989808476297905,True,28.0,30.0,2.6592006340449403,23,sub-HUP142,02,False
LDE4-LDE5,0.029086998407755804,True,27.0,28.75,2.3493072955020926,24,sub-HUP142,02,False
LGR35-LGR36,0.028138048984226532,True,25.75,27.5,2.1897183892466314,25,sub-HUP142,02,False
LDA2-LDA3,0.0,False,,,,26,sub-HUP142,02,True
LDA3-LDA4,0.0,False,,,,26,sub-HUP142,02,True
LDA4-LDA5,0.0,False,,,,26,sub-HUP142,02,True
LDA6-LDA7,0.0,False,,,,26,sub-HUP142,02,True
LDA7-LDA8,0.0,False,,,,26,sub-HUP142,02,True
LDB3-LDB4,0.0,False,,,,26,sub-HUP142,02,True
LDB4-LDB5,0.0,False,,,,26,sub-HUP142,02,True
LDB5-LDB6,0.0,False,,,,26,sub-HUP142,02,True
LDB6-LDB7,0.0,False,,,,26,sub-HUP142,02,True
LDB7-LDB8,0.0,False,,,,26,sub-HUP142,02,False
LDC2-LDC3,0.0,False,,,,26,sub-HUP142,02,True
LDC5-LDC6,0.0,False,,,,26,sub-HUP142,02,False
LDC6-LDC7,0.0,False,,,,26,sub-HUP142,02,False
LDE1-LDE2,0.0,False,,,,26,sub-HUP142,02,False
LDE10-LDE11,0.0,False,,,,26,sub-HUP142,02,False
LDE11-LDE12,0.0,False,,,,26,sub-HUP142,02,False
LDE2-LDE3,0.0,False,,,,26,sub-HUP142,02,False
LDE3-LDE4,0.0,False,,,,26,sub-HUP142,02,False
LDE5-LDE6,0.0,False,,,,26,sub-HUP142,02,False
LDE6-LDE7,0.0,False,,,,26,sub-HUP142,02,False
LDE8-LDE9,0.0,False,,,,26,sub-HUP142,02,False
LDE9-LDE10,0.0,False,,,,26,sub-HUP142,02,False
LDF1-LDF2,0.0,False,,,,26,sub-HUP142,02,False
LDF10-LDF11,0.0,False,,,,26,sub-HUP142,02,False
LDF11-LDF12,0.0,False,,,,26,sub-HUP142,02,False
LDF3-LDF4,0.0,False,,,,26,sub-HUP142,02,False
LDF4-LDF5,0.0,False,,,,26,sub-HUP142,02,False
LDF5-LDF6,0.0,False,,,,26,sub-HUP142,02,False
LDF7-LDF8,0.0,False,,,,26,sub-HUP142,02,False
LDF8-LDF9,0.0,False,,,,26,sub-HUP142,02,False
LDF9-LDF10,0.0,False,,,,26,sub-HUP142,02,False
LDG10-LDG11,0.0,False,,,,26,sub-HUP142,02,False
LDG11-LDG12,0.0,False,,,,26,sub-HUP142,02,False
LDG2-LDG3,0.0,False,,,,26,sub-HUP142,02,False
LDG4-LDG5,0.0,False,,,,26,sub-HUP142,02,False
LDG7-LDG8,0.0,False,,,,26,sub-HUP142,02,False
LDG8-LDG9,0.0,False,,,,26,sub-HUP142,02,False
LDG9-LDG10,0.0,False,,,,26,sub-HUP142,02,False
LGR18-LGR19,0.0,False,,,,26,sub-HUP142,02,False
LGR19-LGR20,0.0,False,,,,26,sub-HUP142,02,False
LGR20-LGR21,0.0,False,,,,26,sub-HUP142,02,False
LGR21-LGR22,0.0,False,,,,26,sub-HUP142,02,False
LGR22-LGR23,0.0,False,,,,26,sub-HUP142,02,False
LGR24-LGR25,0.0,False,,,,26,sub-HUP142,02,False
LGR25-LGR26,0.0,False,,,,26,sub-HUP142,02,False
LGR26-LGR27,0.0,False,,,,26,sub-HUP142,02,False
LGR29-LGR30,0.0,False,,,,26,sub-HUP142,02,False
LGR30-LGR31,0.0,False,,,,26,sub-HUP142,02,False
LGR31-LGR32,0.0,False,,,,26,sub-HUP142,02,False
LGR32-LGR33,0.0,False,,,,26,sub-HUP142,02,False
LGR33-LGR34,0.0,False,,,,26,sub-HUP142,02,False
LGR34-LGR35,0.0,False,,,,26,sub-HUP142,02,False
LGR44-LGR45,0.0,False,,,,26,sub-HUP142,02,False
LGR45-LGR46,0.0,False,,,,26,sub-HUP142,02,False
LGR46-LGR47,0.0,False,,,,26,sub-HUP142,02,False
LGR48-LGR49,0.0,False,,,,26,sub-HUP142,02,False
LGR49-LGR50,0.0,False,,,,26,sub-HUP142,02,False
LGR50-LGR51,0.0,False,,,,26,sub-HUP142,02,False
LGR51-LGR52,0.0,False,,,,26,sub-HUP142,02,False
LGR52-LGR53,0.0,False,,,,26,sub-HUP142,02,False
LGR53-LGR54,0.0,False,,,,26,sub-HUP142,02,False
LGR54-LGR55,0.0,False,,,,26,sub-HUP142,02,False
LGR55-LGR56,0.0,False,,,,26,sub-HUP142,02,False
LGR56-LGR57,0.0,False,,,,26,sub-HUP142,02,False
LGR58-LGR59,0.0,False,,,,26,sub-HUP142,02,False
LGR59-LGR60,0.0,False,,,,26,sub-HUP142,02,False
LGR60-LGR61,0.0,False,,,,26,sub-HUP142,02,False
LGR61-LGR62,0.0,False,,,,26,sub-HUP142,02,False
LGR62-LGR63,0.0,False,,,,26,sub-HUP142,02,False
LGR63-LGR64,0.0,False,,,,26,sub-HUP142,02,False
LDD2-LDD3,1.0,True,-8.25,-5.75,2.619551622217,1,sub-HUP142,03,False
LDD4-LDD5,0.3238861704846919,True,-6.75,-5.75,2.1210913582670665,2,sub-HUP142,03,False
LDB2-LDB3,0.24218899852618303,True,-5.25,-2.25,2.5377063358894936,3,sub-HUP142,03,True
LGR48-LGR49,0.11952607725952379,True,0.25,1.25,2.9744949310329902,4,sub-HUP142,03,False
LGR56-LGR57,0.11150988749310935,True,0.5,2.0,2.8480325900891454,5,sub-HUP142,03,False
LGR47-LGR48,0.11018943122787421,True,0.5,1.0,2.814307307410428,6,sub-HUP142,03,False
LDG3-LDG4,0.0544372079059636,True,7.75,11.0,2.4242182967435277,7,sub-HUP142,03,False
LGR44-LGR45,0.041944387176057404,True,12.5,17.25,2.3897918524711756,8,sub-HUP142,03,False
LDC7-LDC8,0.038320557726754294,True,14.5,16.75,2.384088629987761,9,sub-HUP142,03,False
LDA7-LDA8,0.031976299033451366,True,15.25,16.5,2.052207367136549,10,sub-HUP142,03,True
LDA1-LDA2,0.0,False,,,,11,sub-HUP142,03,True
LDA2-LDA3,0.0,False,,,,11,sub-HUP142,03,True
LDA3-LDA4,0.0,False,,,,11,sub-HUP142,03,True
LDA4-LDA5,0.0,False,,,,11,sub-HUP142,03,True
LDA5-LDA6,0.0,False,,,,11,sub-HUP142,03,True
LDA6-LDA7,0.0,False,,,,11,sub-HUP142,03,True
LDB1-LDB2,0.0,False,,,,11,sub-HUP142,03,True
LDB3-LDB4,0.0,False,,,,11,sub-HUP142,03,True
LDB4-LDB5,0.0,False,,,,11,sub-HUP142,03,True
LDB5-LDB6,0.0,False,,,,11,sub-HUP142,03,True
LDB6-LDB7,0.0,False,,,,11,sub-HUP142,03,True
LDB7-LDB8,0.0,False,,,,11,sub-HUP142,03,False
LDC1-LDC2,0.0,False,,,,11,sub-HUP142,03,True
LDC2-LDC3,0.0,False,,,,11,sub-HUP142,03,True
LDC5-LDC6,0.0,False,,,,11,sub-HUP142,03,False
LDC6-LDC7,0.0,False,,,,11,sub-HUP142,03,False
LDD3-LDD4,0.0,False,,,,11,sub-HUP142,03,False
LDD5-LDD6,0.0,False,,,,11,sub-HUP142,03,False
LDD6-LDD7,0.0,False,,,,11,sub-HUP142,03,False
LDD7-LDD8,0.0,False,,,,11,sub-HUP142,03,False
LDE1-LDE2,0.0,False,,,,11,sub-HUP142,03,False
LDE10-LDE11,0.0,False,,,,11,sub-HUP142,03,False
LDE11-LDE12,0.0,False,,,,11,sub-HUP142,03,False
LDE2-LDE3,0.0,False,,,,11,sub-HUP142,03,False
LDE3-LDE4,0.0,False,,,,11,sub-HUP142,03,False
LDE4-LDE5,0.0,False,,,,11,sub-HUP142,03,False
LDE5-LDE6,0.0,False,,,,11,sub-HUP142,03,False
LDE6-LDE7,0.0,False,,,,11,sub-HUP142,03,False
LDE7-LDE8,0.0,False,,,,11,sub-HUP142,03,False
LDE8-LDE9,0.0,False,,,,11,sub-HUP142,03,False
LDE9-LDE10,0.0,False,,,,11,sub-HUP142,03,False
LDF1-LDF2,0.0,False,,,,11,sub-HUP142,03,False
LDF10-LDF11,0.0,False,,,,11,sub-HUP142,03,False
LDF11-LDF12,0.0,False,,,,11,sub-HUP142,03,False
LDF2-LDF3,0.0,False,,,,11,sub-HUP142,03,False
LDF3-LDF4,0.0,False,,,,11,sub-HUP142,03,False
LDF4-LDF5,0.0,False,,,,11,sub-HUP142,03,False
LDF5-LDF6,0.0,False,,,,11,sub-HUP142,03,False
LDF6-LDF7,0.0,False,,,,11,sub-HUP142,03,False
LDF7-LDF8,0.0,False,,,,11,sub-HUP142,03,False
LDF8-LDF9,0.0,False,,,,11,sub-HUP142,03,False
LDF9-LDF10,0.0,False,,,,11,sub-HUP142,03,False
LDG1-LDG2,0.0,False,,,,11,sub-HUP142,03,False
LDG10-LDG11,0.0,False,,,,11,sub-HUP142,03,False
LDG11-LDG12,0.0,False,,,,11,sub-HUP142,03,False
LDG2-LDG3,0.0,False,,,,11,sub-HUP142,03,False
LDG4-LDG5,0.0,False,,,,11,sub-HUP142,03,False
LDG5-LDG6,0.0,False,,,,11,sub-HUP142,03,False
LDG6-LDG7,0.0,False,,,,11,sub-HUP142,03,False
LDG7-LDG8,0.0,False,,,,11,sub-HUP142,03,False
LDG8-LDG9,0.0,False,,,,11,sub-HUP142,03,False
LDG9-LDG10,0.0,False,,,,11,sub-HUP142,03,False
LGR17-LGR18,0.0,False,,,,11,sub-HUP142,03,False
LGR18-LGR19,0.0,False,,,,11,sub-HUP142,03,False
LGR19-LGR20,0.0,False,,,,11,sub-HUP142,03,False
LGR20-LGR21,0.0,False,,,,11,sub-HUP142,03,False
LGR21-LGR22,0.0,False,,,,11,sub-HUP142,03,False
LGR22-LGR23,0.0,False,,,,11,sub-HUP142,03,False
LGR23-LGR24,0.0,False,,,,11,sub-HUP142,03,False
LGR24-LGR25,0.0,False,,,,11,sub-HUP142,03,False
LGR25-LGR26,0.0,False,,,,11,sub-HUP142,03,False
LGR26-LGR27,0.0,False,,,,11,sub-HUP142,03,False
LGR29-LGR30,0.0,False,,,,11,sub-HUP142,03,False
LGR30-LGR31,0.0,False,,,,11,sub-HUP142,03,False
LGR31-LGR32,0.0,False,,,,11,sub-HUP142,03,False
LGR32-LGR33,0.0,False,,,,11,sub-HUP142,03,False
LGR33-LGR34,0.0,False,,,,11,sub-HUP142,03,False
LGR34-LGR35,0.0,False,,,,11,sub-HUP142,03,False
LGR35-LGR36,0.0,False,,,,11,sub-HUP142,03,False
LGR45-LGR46,0.0,False,,,,11,sub-HUP142,03,False
LGR46-LGR47,0.0,False,,,,11,sub-HUP142,03,False
LGR49-LGR50,0.0,False,,,,11,sub-HUP142,03,False
LGR50-LGR51,0.0,False,,,,11,sub-HUP142,03,False
LGR51-LGR52,0.0,False,,,,11,sub-HUP142,03,False
LGR52-LGR53,0.0,False,,,,11,sub-HUP142,03,False
LGR53-LGR54,0.0,False,,,,11,sub-HUP142,03,False
LGR54-LGR55,0.0,False,,,,11,sub-HUP142,03,False
LGR55-LGR56,0.0,False,,,,11,sub-HUP142,03,False
LGR57-LGR58,0.0,False,,,,11,sub-HUP142,03,False
LGR58-LGR59,0.0,False,,,,11,sub-HUP142,03,False
LGR59-LGR60,0.0,False,,,,11,sub-HUP142,03,False
LGR60-LGR61,0.0,False,,,,11,sub-HUP142,03,False
LGR61-LGR62,0.0,False,,,,11,sub-HUP142,03,False
LGR62-LGR63,0.0,False,,,,11,sub-HUP142,03,False
LGR63-LGR64,0.0,False,,,,11,sub-HUP142,03,False
RD3-RD4,1.0,True,-9.0,-8.5,5.467966305205696,1,sub-HUP144,01,False
RA10-RA11,0.8158173121895514,True,-9.0,-8.25,4.460861574255944,2,sub-HUP144,01,False
RA6-RA7,0.24052277012794862,True,-8.25,-7.0,2.301548204715127,3,sub-HUP144,01,True
RF5-RF6,0.1418305601258204,True,-6.25,-3.75,2.908217714311637,4,sub-HUP144,01,False
RF6-RF7,0.1043805558615032,True,-4.5,-3.75,3.1391214930313724,5,sub-HUP144,01,False
RG3-RG4,0.09618897877178412,True,-4.5,-3.25,2.8927695217094382,6,sub-HUP144,01,False
RF7-RF8,0.09388932821872042,True,-4.5,-2.0,2.823610257150989,7,sub-HUP144,01,False
RH4-RH5,0.08035463242240705,True,-1.0,1.75,3.9543878029761985,8,sub-HUP144,01,False
RH3-RH4,0.07895225974244267,True,-1.25,1.25,3.777447589925841,9,sub-HUP144,01,False
RH2-RH3,0.05903865788856828,True,-1.0,4.25,2.90539252835332,10,sub-HUP144,01,False
RH5-RH6,0.05319587194287604,True,-1.0,5.75,2.617859118237149,11,sub-HUP144,01,False
RG1-RG2,0.04446605450898948,True,0.0,2.0,2.4313888778059427,12,sub-HUP144,01,False
RG5-RG6,0.028737263890175245,True,3.25,18.5,2.0820306761824945,13,sub-HUP144,01,False
RG4-RG5,0.026902646988116504,True,12.25,15.75,3.273036571353986,14,sub-HUP144,01,False
RG2-RG3,0.025650308907418977,True,11.75,14.0,3.050546789919488,15,sub-HUP144,01,False
RH1-RH2,0.025229786457573355,True,16.75,18.25,3.6903128948543573,16,sub-HUP144,01,False
RF1-RF2,0.022339493264539913,True,7.5,8.5,2.137652937802792,17,sub-HUP144,01,False
RG6-RG7,0.018337104367882374,True,11.75,17.25,2.1808000468050066,18,sub-HUP144,01,False
RK4-RK5,0.017682515759276072,True,15.0,17.25,2.417185009074757,19,sub-HUP144,01,False
RA8-RA9,0.01729976082164061,True,22.5,27.25,3.074321550977575,20,sub-HUP144,01,True
RH6-RH7,0.01425015964343776,True,23.25,24.0,2.5908198097394797,21,sub-HUP144,01,False
RE5-RE6,0.01071735303605553,True,23.75,24.5,1.9778217282724142,22,sub-HUP144,01,False
RA1-RA2,0.0,False,,,,23,sub-HUP144,01,True
RA2-RA3,0.0,False,,,,23,sub-HUP144,01,True
RA3-RA4,0.0,False,,,,23,sub-HUP144,01,False
RA4-RA5,0.0,False,,,,23,sub-HUP144,01,False
RA5-RA6,0.0,False,,,,23,sub-HUP144,01,True
RA7-RA8,0.0,False,,,,23,sub-HUP144,01,True
RA9-RA10,0.0,False,,,,23,sub-HUP144,01,True
RB1-RB2,0.0,False,,,,23,sub-HUP144,01,False
RB10-RB11,0.0,False,,,,23,sub-HUP144,01,False
RB2-RB3,0.0,False,,,,23,sub-HUP144,01,False
RB3-RB4,0.0,False,,,,23,sub-HUP144,01,False
RB4-RB5,0.0,False,,,,23,sub-HUP144,01,False
RB5-RB6,0.0,False,,,,23,sub-HUP144,01,False
RB6-RB7,0.0,False,,,,23,sub-HUP144,01,False
RB7-RB8,0.0,False,,,,23,sub-HUP144,01,False
RB8-RB9,0.0,False,,,,23,sub-HUP144,01,False
RB9-RB10,0.0,False,,,,23,sub-HUP144,01,False
RC1-RC2,0.0,False,,,,23,sub-HUP144,01,False
RC2-RC3,0.0,False,,,,23,sub-HUP144,01,False
RC3-RC4,0.0,False,,,,23,sub-HUP144,01,False
RC4-RC5,0.0,False,,,,23,sub-HUP144,01,False
RC5-RC6,0.0,False,,,,23,sub-HUP144,01,False
RC6-RC7,0.0,False,,,,23,sub-HUP144,01,False
RC7-RC8,0.0,False,,,,23,sub-HUP144,01,False
RC8-RC9,0.0,False,,,,23,sub-HUP144,01,False
RD1-RD2,0.0,False,,,,23,sub-HUP144,01,False
RD2-RD3,0.0,False,,,,23,sub-HUP144,01,False
RD4-RD5,0.0,False,,,,23,sub-HUP144,01,False
RD5-RD6,0.0,False,,,,23,sub-HUP144,01,False
RD6-RD7,0.0,False,,,,23,sub-HUP144,01,False
RD7-RD8,0.0,False,,,,23,sub-HUP144,01,False
RE1-RE2,0.0,False,,,,23,sub-HUP144,01,False
RE2-RE3,0.0,False,,,,23,sub-HUP144,01,False
RE3-RE4,0.0,False,,,,23,sub-HUP144,01,False
RE4-RE5,0.0,False,,,,23,sub-HUP144,01,False
RE6-RE7,0.0,False,,,,23,sub-HUP144,01,False
RE7-RE8,0.0,False,,,,23,sub-HUP144,01,False
RE8-RE9,0.0,False,,,,23,sub-HUP144,01,False
RE9-RE10,0.0,False,,,,23,sub-HUP144,01,False
RF2-RF3,0.0,False,,,,23,sub-HUP144,01,False
RF3-RF4,0.0,False,,,,23,sub-HUP144,01,False
RF4-RF5,0.0,False,,,,23,sub-HUP144,01,False
RI1-RI2,0.0,False,,,,23,sub-HUP144,01,False
RI2-RI3,0.0,False,,,,23,sub-HUP144,01,False
RI3-RI4,0.0,False,,,,23,sub-HUP144,01,False
RI4-RI5,0.0,False,,,,23,sub-HUP144,01,False
RI5-RI6,0.0,False,,,,23,sub-HUP144,01,False
RI6-RI7,0.0,False,,,,23,sub-HUP144,01,False
RI7-RI8,0.0,False,,,,23,sub-HUP144,01,False
RJ1-RJ2,0.0,False,,,,23,sub-HUP144,01,False
RJ2-RJ3,0.0,False,,,,23,sub-HUP144,01,False
RJ3-RJ4,0.0,False,,,,23,sub-HUP144,01,False
RJ4-RJ5,0.0,False,,,,23,sub-HUP144,01,False
RJ5-RJ6,0.0,False,,,,23,sub-HUP144,01,False
RJ6-RJ7,0.0,False,,,,23,sub-HUP144,01,False
RJ7-RJ8,0.0,False,,,,23,sub-HUP144,01,False
RK1-RK2,0.0,False,,,,23,sub-HUP144,01,False
RK2-RK3,0.0,False,,,,23,sub-HUP144,01,False
RK3-RK4,0.0,False,,,,23,sub-HUP144,01,False
RK5-RK6,0.0,False,,,,23,sub-HUP144,01,False
RK6-RK7,0.0,False,,,,23,sub-HUP144,01,False
RK7-RK8,0.0,False,,,,23,sub-HUP144,01,False
RL1-RL2,0.0,False,,,,23,sub-HUP144,01,False
RL2-RL3,0.0,False,,,,23,sub-HUP144,01,False
RL3-RL4,0.0,False,,,,23,sub-HUP144,01,False
RL4-RL5,0.0,False,,,,23,sub-HUP144,01,False
RL5-RL6,0.0,False,,,,23,sub-HUP144,01,False
RL6-RL7,0.0,False,,,,23,sub-HUP144,01,False
RL7-RL8,0.0,False,,,,23,sub-HUP144,01,False
RM1-RM2,0.0,False,,,,23,sub-HUP144,01,False
RM2-RM3,0.0,False,,,,23,sub-HUP144,01,False
RM3-RM4,0.0,False,,,,23,sub-HUP144,01,False
RM4-RM5,0.0,False,,,,23,sub-HUP144,01,False
RM5-RM6,0.0,False,,,,23,sub-HUP144,01,False
RM6-RM7,0.0,False,,,,23,sub-HUP144,01,False
RM7-RM8,0.0,False,,,,23,sub-HUP144,01,False
RB7-RB8,1.0,True,-7.0,-2.5,3.0762581299170155,1,sub-HUP144,02,False
RA5-RA6,0.7826746805192247,True,-7.0,-6.0,2.407709349027468,2,sub-HUP144,02,True
RK4-RK5,0.6574691264207101,True,-7.0,-2.0,2.0225447453211474,3,sub-HUP144,02,False
RD3-RD4,0.519516298739767,True,-6.75,-6.0,1.9977077970282564,4,sub-HUP144,02,False
RB5-RB6,0.18055115184814796,True,-4.25,-2.5,2.0828323077703,5,sub-HUP144,02,False
RA2-RA3,0.1107445146762348,True,-1.75,4.0,2.12924196010301,6,sub-HUP144,02,True
RL2-RL3,0.06498900700159604,True,9.75,10.5,3.5486325603041124,7,sub-HUP144,02,False
RB4-RB5,0.045286057104574895,True,9.75,11.25,2.4727809237820666,8,sub-HUP144,02,False
RI5-RI6,0.044655544876491114,True,10.0,13.0,2.472695693499239,9,sub-HUP144,02,False
RE3-RE4,0.043432592943139524,True,16.75,18.0,3.3068442118315566,10,sub-HUP144,02,False
RI4-RI5,0.04308910207161411,True,10.25,11.5,2.419095910194943,11,sub-HUP144,02,False
RK2-RK3,0.04194332801025449,True,12.0,13.0,2.580570075746429,12,sub-HUP144,02,False
RG6-RG7,0.04148682765195593,True,10.75,13.5,2.3929535784149154,13,sub-HUP144,02,False
RC4-RC5,0.040849676687925704,True,10.25,11.0,2.2933707377867627,14,sub-HUP144,02,False
RF5-RF6,0.038414235666821055,True,17.25,19.75,2.9838456455588127,15,sub-HUP144,02,False
RG5-RG6,0.03812757613949259,True,19.0,21.75,3.16683718397489,16,sub-HUP144,02,False
RC3-RC4,0.037680750096585613,True,12.0,14.5,2.318314276519857,17,sub-HUP144,02,False
RK1-RK2,0.03622782016924024,True,12.0,14.0,2.2289225264959382,18,sub-HUP144,02,False
RM1-RM2,0.036016176062861914,True,12.5,13.25,2.271298615648982,19,sub-HUP144,02,False
RE2-RE3,0.03366234060726836,True,12.0,17.5,2.0710809793028995,20,sub-HUP144,02,False
RL6-RL7,0.032248725453313636,True,15.0,21.75,2.2817242886700106,21,sub-HUP144,02,False
RF6-RF7,0.032217486991982895,True,14.25,19.5,2.2051820648319733,22,sub-HUP144,02,False
RH4-RH5,0.031739628938564426,True,17.25,19.75,2.465392111960907,23,sub-HUP144,02,False
RG4-RG5,0.021448399450597365,True,20.5,21.25,1.880453175732822,24,sub-HUP144,02,False
RA1-RA2,0.0,False,,,,25,sub-HUP144,02,True
RA10-RA11,0.0,False,,,,25,sub-HUP144,02,False
RA3-RA4,0.0,False,,,,25,sub-HUP144,02,False
RA4-RA5,0.0,False,,,,25,sub-HUP144,02,False
RA6-RA7,0.0,False,,,,25,sub-HUP144,02,True
RA7-RA8,0.0,False,,,,25,sub-HUP144,02,True
RA8-RA9,0.0,False,,,,25,sub-HUP144,02,True
RA9-RA10,0.0,False,,,,25,sub-HUP144,02,True
RB1-RB2,0.0,False,,,,25,sub-HUP144,02,False
RB10-RB11,0.0,False,,,,25,sub-HUP144,02,False
RB2-RB3,0.0,False,,,,25,sub-HUP144,02,False
RB3-RB4,0.0,False,,,,25,sub-HUP144,02,False
RB6-RB7,0.0,False,,,,25,sub-HUP144,02,False
RB8-RB9,0.0,False,,,,25,sub-HUP144,02,False
RB9-RB10,0.0,False,,,,25,sub-HUP144,02,False
RC1-RC2,0.0,False,,,,25,sub-HUP144,02,False
RC2-RC3,0.0,False,,,,25,sub-HUP144,02,False
RC5-RC6,0.0,False,,,,25,sub-HUP144,02,False
RC6-RC7,0.0,False,,,,25,sub-HUP144,02,False
RC7-RC8,0.0,False,,,,25,sub-HUP144,02,False
RC8-RC9,0.0,False,,,,25,sub-HUP144,02,False
RD1-RD2,0.0,False,,,,25,sub-HUP144,02,False
RD2-RD3,0.0,False,,,,25,sub-HUP144,02,False
RD4-RD5,0.0,False,,,,25,sub-HUP144,02,False
RD5-RD6,0.0,False,,,,25,sub-HUP144,02,False
RD6-RD7,0.0,False,,,,25,sub-HUP144,02,False
RD7-RD8,0.0,False,,,,25,sub-HUP144,02,False
RE1-RE2,0.0,False,,,,25,sub-HUP144,02,False
RE4-RE5,0.0,False,,,,25,sub-HUP144,02,False
RE5-RE6,0.0,False,,,,25,sub-HUP144,02,False
RE6-RE7,0.0,False,,,,25,sub-HUP144,02,False
RE7-RE8,0.0,False,,,,25,sub-HUP144,02,False
RE8-RE9,0.0,False,,,,25,sub-HUP144,02,False
RE9-RE10,0.0,False,,,,25,sub-HUP144,02,False
RF1-RF2,0.0,False,,,,25,sub-HUP144,02,False
RF2-RF3,0.0,False,,,,25,sub-HUP144,02,False
RF3-RF4,0.0,False,,,,25,sub-HUP144,02,False
RF4-RF5,0.0,False,,,,25,sub-HUP144,02,False
RF7-RF8,0.0,False,,,,25,sub-HUP144,02,False
RG1-RG2,0.0,False,,,,25,sub-HUP144,02,False
RG2-RG3,0.0,False,,,,25,sub-HUP144,02,False
RG3-RG4,0.0,False,,,,25,sub-HUP144,02,False
RH1-RH2,0.0,False,,,,25,sub-HUP144,02,False
RH2-RH3,0.0,False,,,,25,sub-HUP144,02,False
RH3-RH4,0.0,False,,,,25,sub-HUP144,02,False
RH5-RH6,0.0,False,,,,25,sub-HUP144,02,False
RH6-RH7,0.0,False,,,,25,sub-HUP144,02,False
RI1-RI2,0.0,False,,,,25,sub-HUP144,02,False
RI2-RI3,0.0,False,,,,25,sub-HUP144,02,False
RI3-RI4,0.0,False,,,,25,sub-HUP144,02,False
RI6-RI7,0.0,False,,,,25,sub-HUP144,02,False
RI7-RI8,0.0,False,,,,25,sub-HUP144,02,False
RJ1-RJ2,0.0,False,,,,25,sub-HUP144,02,False
RJ2-RJ3,0.0,False,,,,25,sub-HUP144,02,False
RJ3-RJ4,0.0,False,,,,25,sub-HUP144,02,False
RJ4-RJ5,0.0,False,,,,25,sub-HUP144,02,False
RJ5-RJ6,0.0,False,,,,25,sub-HUP144,02,False
RJ6-RJ7,0.0,False,,,,25,sub-HUP144,02,False
RJ7-RJ8,0.0,False,,,,25,sub-HUP144,02,False
RK3-RK4,0.0,False,,,,25,sub-HUP144,02,False
RK5-RK6,0.0,False,,,,25,sub-HUP144,02,False
RK6-RK7,0.0,False,,,,25,sub-HUP144,02,False
RK7-RK8,0.0,False,,,,25,sub-HUP144,02,False
RL1-RL2,0.0,False,,,,25,sub-HUP144,02,False
RL3-RL4,0.0,False,,,,25,sub-HUP144,02,False
RL4-RL5,0.0,False,,,,25,sub-HUP144,02,False
RL5-RL6,0.0,False,,,,25,sub-HUP144,02,False
RL7-RL8,0.0,False,,,,25,sub-HUP144,02,False
RM2-RM3,0.0,False,,,,25,sub-HUP144,02,False
RM3-RM4,0.0,False,,,,25,sub-HUP144,02,False
RM4-RM5,0.0,False,,,,25,sub-HUP144,02,False
RM5-RM6,0.0,False,,,,25,sub-HUP144,02,False
RM6-RM7,0.0,False,,,,25,sub-HUP144,02,False
RM7-RM8,0.0,False,,,,25,sub-HUP144,02,False
RA8-RA9,1.0,True,-9.75,-8.25,3.4828040804438674,1,sub-HUP144,03,True
RI2-RI3,0.9336843997056695,True,-9.5,-8.5,4.064799796427111,2,sub-HUP144,03,False
RM4-RM5,0.9288726172149374,True,-9.5,-8.5,4.043851676810948,3,sub-HUP144,03,False
RI1-RI2,0.9153024014350899,True,-9.75,-8.0,3.1878189385582014,4,sub-HUP144,03,False
RK3-RK4,0.25967312416450367,True,-6.5,-5.75,3.843660119792397,5,sub-HUP144,03,False
RM6-RM7,0.17269097312818854,True,-6.5,-5.5,2.5561575099333784,6,sub-HUP144,03,False
RM7-RM8,0.16736385729555145,True,-6.5,-5.5,2.4773059817080294,7,sub-HUP144,03,False
RJ3-RJ4,0.1654770510473097,True,-5.25,-4.5,3.1697828173406357,8,sub-HUP144,03,False
RJ6-RJ7,0.07340964243090921,True,-1.75,-1.25,2.3010426198206626,9,sub-HUP144,03,False
RA2-RA3,0.0518122388633323,True,15.75,16.25,4.78197473864887,10,sub-HUP144,03,True
RB6-RB7,0.045626064593013764,True,4.0,11.75,2.3438729981023707,11,sub-HUP144,03,False
RA1-RA2,0.04200800664174618,True,16.0,16.5,3.9136763232302436,12,sub-HUP144,03,True
RB4-RB5,0.041761352333482465,True,4.5,6.75,2.2180607767565776,13,sub-HUP144,03,False
RJ7-RJ8,0.03882005372663347,True,8.5,9.0,2.6026508493017575,14,sub-HUP144,03,False
RG4-RG5,0.038777204441437625,True,7.75,12.75,2.498488008351633,15,sub-HUP144,03,False
RA3-RA4,0.03311187636589055,True,15.75,16.5,3.0560377201343263,16,sub-HUP144,03,False
RH1-RH2,0.03266041530442321,True,8.5,11.75,2.189684183056302,17,sub-HUP144,03,False
RD1-RD2,0.032141229654482364,True,11.0,11.75,2.4347299259567428,18,sub-HUP144,03,False
RB7-RB8,0.02946560192813791,True,26.5,29.5,3.8227037188949895,19,sub-HUP144,03,False
RH5-RH6,0.02838542835669856,True,8.5,9.5,1.9030720498377434,20,sub-HUP144,03,False
RD2-RD3,0.027670912956251913,True,10.0,12.0,1.9997266474880557,21,sub-HUP144,03,False
RA7-RA8,0.02697240254389923,True,23.0,27.0,3.1704612853252536,22,sub-HUP144,03,True
RG3-RG4,0.02541950770698138,True,19.75,21.75,2.700200537524847,23,sub-HUP144,03,False
RJ2-RJ3,0.024813378005756098,True,27.0,29.0,3.26236006484364,24,sub-HUP144,03,False
RB8-RB9,0.023693233254345813,True,26.25,28.75,3.0531989099143253,25,sub-HUP144,03,False
RE6-RE7,0.023019253003757834,True,19.75,24.0,2.4452322228528547,26,sub-HUP144,03,False
RK4-RK5,0.022714270412739282,True,22.0,24.0,2.590831332947746,27,sub-HUP144,03,False
RC4-RC5,0.021320656475781696,True,22.0,23.75,2.431873171919718,28,sub-HUP144,03,False
RF2-RF3,0.021268644274894367,True,21.75,23.25,2.407421934648614,29,sub-HUP144,03,False
RH3-RH4,0.019810858400127713,True,14.25,15.25,1.7249334618265117,30,sub-HUP144,03,False
RH4-RH5,0.018982527089061996,True,26.75,30.0,2.479215855109551,31,sub-HUP144,03,False
RF4-RF5,0.018594896641945153,True,19.25,29.5,1.9428714569999563,32,sub-HUP144,03,False
RA6-RA7,0.018157597000207953,True,26.75,27.5,2.371475734626734,33,sub-HUP144,03,True
RF3-RF4,0.017438261544011284,True,22.25,28.25,2.0042235992238857,34,sub-HUP144,03,False
RB3-RB4,0.017048713263623304,True,27.75,28.75,2.2860271326532917,35,sub-HUP144,03,False
RA10-RA11,0.0,False,,,,36,sub-HUP144,03,False
RA4-RA5,0.0,False,,,,36,sub-HUP144,03,False
RA5-RA6,0.0,False,,,,36,sub-HUP144,03,True
RA9-RA10,0.0,False,,,,36,sub-HUP144,03,True
RB1-RB2,0.0,False,,,,36,sub-HUP144,03,False
RB10-RB11,0.0,False,,,,36,sub-HUP144,03,False
RB2-RB3,0.0,False,,,,36,sub-HUP144,03,False
RB5-RB6,0.0,False,,,,36,sub-HUP144,03,False
RB9-RB10,0.0,False,,,,36,sub-HUP144,03,False
RC1-RC2,0.0,False,,,,36,sub-HUP144,03,False
RC2-RC3,0.0,False,,,,36,sub-HUP144,03,False
RC3-RC4,0.0,False,,,,36,sub-HUP144,03,False
RC5-RC6,0.0,False,,,,36,sub-HUP144,03,False
RC6-RC7,0.0,False,,,,36,sub-HUP144,03,False
RC7-RC8,0.0,False,,,,36,sub-HUP144,03,False
RC8-RC9,0.0,False,,,,36,sub-HUP144,03,False
RD3-RD4,0.0,False,,,,36,sub-HUP144,03,False
RD4-RD5,0.0,False,,,,36,sub-HUP144,03,False
RD5-RD6,0.0,False,,,,36,sub-HUP144,03,False
RD6-RD7,0.0,False,,,,36,sub-HUP144,03,False
RD7-RD8,0.0,False,,,,36,sub-HUP144,03,False
RE1-RE2,0.0,False,,,,36,sub-HUP144,03,False
RE2-RE3,0.0,False,,,,36,sub-HUP144,03,False
RE3-RE4,0.0,False,,,,36,sub-HUP144,03,False
RE4-RE5,0.0,False,,,,36,sub-HUP144,03,False
RE5-RE6,0.0,False,,,,36,sub-HUP144,03,False
RE7-RE8,0.0,False,,,,36,sub-HUP144,03,False
RE8-RE9,0.0,False,,,,36,sub-HUP144,03,False
RE9-RE10,0.0,False,,,,36,sub-HUP144,03,False
RF1-RF2,0.0,False,,,,36,sub-HUP144,03,False
RF5-RF6,0.0,False,,,,36,sub-HUP144,03,False
RF6-RF7,0.0,False,,,,36,sub-HUP144,03,False
RF7-RF8,0.0,False,,,,36,sub-HUP144,03,False
RG1-RG2,0.0,False,,,,36,sub-HUP144,03,False
RG2-RG3,0.0,False,,,,36,sub-HUP144,03,False
RG5-RG6,0.0,False,,,,36,sub-HUP144,03,False
RG6-RG7,0.0,False,,,,36,sub-HUP144,03,False
RH2-RH3,0.0,False,,,,36,sub-HUP144,03,False
RH6-RH7,0.0,False,,,,36,sub-HUP144,03,False
RI3-RI4,0.0,False,,,,36,sub-HUP144,03,False
RI4-RI5,0.0,False,,,,36,sub-HUP144,03,False
RI5-RI6,0.0,False,,,,36,sub-HUP144,03,False
RI6-RI7,0.0,False,,,,36,sub-HUP144,03,False
RI7-RI8,0.0,False,,,,36,sub-HUP144,03,False
RJ1-RJ2,0.0,False,,,,36,sub-HUP144,03,False
RJ4-RJ5,0.0,False,,,,36,sub-HUP144,03,False
RJ5-RJ6,0.0,False,,,,36,sub-HUP144,03,False
RK1-RK2,0.0,False,,,,36,sub-HUP144,03,False
RK2-RK3,0.0,False,,,,36,sub-HUP144,03,False
RK5-RK6,0.0,False,,,,36,sub-HUP144,03,False
RK6-RK7,0.0,False,,,,36,sub-HUP144,03,False
RK7-RK8,0.0,False,,,,36,sub-HUP144,03,False
RL1-RL2,0.0,False,,,,36,sub-HUP144,03,False
RL2-RL3,0.0,False,,,,36,sub-HUP144,03,False
RL3-RL4,0.0,False,,,,36,sub-HUP144,03,False
RL4-RL5,0.0,False,,,,36,sub-HUP144,03,False
RL5-RL6,0.0,False,,,,36,sub-HUP144,03,False
RL6-RL7,0.0,False,,,,36,sub-HUP144,03,False
RL7-RL8,0.0,False,,,,36,sub-HUP144,03,False
RM1-RM2,0.0,False,,,,36,sub-HUP144,03,False
RM2-RM3,0.0,False,,,,36,sub-HUP144,03,False
RM3-RM4,0.0,False,,,,36,sub-HUP144,03,False
RM5-RM6,0.0,False,,,,36,sub-HUP144,03,False
RF10-RF11,1.0,True,-8.75,-7.75,3.9892711636756113,1,sub-HUP146,01,False
RK1-RK2,0.725668320333303,True,-8.25,-7.5,4.342331557047842,2,sub-HUP146,01,False
RD5-RD6,0.23315370746287264,True,-5.0,-4.5,4.41803846895706,3,sub-HUP146,01,False
RD4-RD5,0.23165247287297075,True,-5.0,-4.5,4.389591517624873,4,sub-HUP146,01,False
RK2-RK3,0.20997454499877008,True,-5.0,-4.5,3.9788156379801274,5,sub-HUP146,01,False
RD3-RD4,0.17576723170667463,True,-5.0,-4.25,3.3306199575910016,6,sub-HUP146,01,False
RF11-RF12,0.17286593417567844,True,-4.75,-3.5,3.4480454319444016,7,sub-HUP146,01,False
RH7-RH8,0.13948908620650524,True,-5.0,-3.25,2.643183998942596,8,sub-HUP146,01,False
LH6-LH7,0.13286890641343965,True,-4.5,-3.0,2.7827630087473034,9,sub-HUP146,01,False
RF3-RF4,0.13190001871053453,True,-4.75,-4.0,2.630924705651045,10,sub-HUP146,01,False
LH1-LH2,0.12241600776956471,True,-4.75,-3.25,2.4417532488370703,11,sub-HUP146,01,False
RD2-RD3,0.11443511238624948,True,-5.0,-3.75,2.1684352962836035,12,sub-HUP146,01,False
RB5-RB6,0.11262501013621352,True,-1.25,2.25,3.8189794945830946,13,sub-HUP146,01,False
RH1-RH2,0.1072056988211127,True,-4.5,-3.0,2.2452811651659763,14,sub-HUP146,01,False
LH5-LH6,0.10690639423589245,True,-4.75,1.5,2.1323929786889115,15,sub-HUP146,01,False
LH2-LH3,0.10275062598486033,True,-5.0,-4.0,1.947025519132351,16,sub-HUP146,01,False
RB7-RB8,0.0871391848509014,True,3.25,5.75,4.519083885574695,17,sub-HUP146,01,False
LG1-LG2,0.08168054744529528,True,0.0,1.25,3.1769970624283523,18,sub-HUP146,01,False
RI6-RI7,0.0765774657393819,True,0.75,2.0,3.2076268965454693,19,sub-HUP146,01,False
RI4-RI5,0.07640188242465847,True,-0.25,1.25,2.8954843508686325,20,sub-HUP146,01,False
RI5-RI6,0.07063613477415459,True,0.0,1.75,2.74742028178838,21,sub-HUP146,01,False
RB8-RB9,0.06902937366714096,True,3.5,5.25,3.6487437900741106,22,sub-HUP146,01,False
LG6-LG7,0.06430103698332884,True,3.25,5.5,3.334685544216426,23,sub-HUP146,01,False
RH2-RH3,0.0573318012423359,True,0.75,2.25,2.401477065305138,24,sub-HUP146,01,False
RI3-RI4,0.05692591874157208,True,0.5,1.0,2.327702492540319,25,sub-HUP146,01,False
RB9-RB10,0.05442400578772019,True,3.75,6.5,2.9310135781590008,26,sub-HUP146,01,False
RG3-RG4,0.05268984653784774,True,4.75,6.25,3.0478142384729736,27,sub-HUP146,01,False
LG5-LG6,0.049228521625626354,True,4.0,6.75,2.700306424083021,28,sub-HUP146,01,False
RH3-RH4,0.04822756501163504,True,5.5,6.75,2.933990724526899,29,sub-HUP146,01,False
RG2-RG3,0.044150075438796975,True,4.75,6.5,2.5538360309203867,30,sub-HUP146,01,False
RI10-RI11,0.042833665615497764,True,4.75,6.75,2.4776890525792177,31,sub-HUP146,01,False
RF5-RF6,0.04047005353621948,True,4.75,6.75,2.340967254684504,32,sub-HUP146,01,False
RG4-RG5,0.0401638061092367,True,4.75,6.25,2.3232525462580265,33,sub-HUP146,01,False
RG6-RG7,0.03784623505618699,True,6.0,6.75,2.3779175830725388,34,sub-HUP146,01,False
RI7-RI8,0.0376879390421616,True,4.75,11.0,2.1800374223692627,35,sub-HUP146,01,False
RG1-RG2,0.03744583496603229,True,5.5,6.75,2.278069241853665,36,sub-HUP146,01,False
RD6-RD7,0.036197954381864086,True,8.5,13.5,2.635363064692985,37,sub-HUP146,01,False
RI2-RI3,0.03248464765774619,True,5.0,6.75,1.9114535054073378,38,sub-HUP146,01,False
RJ3-RJ4,0.03240518628934327,True,10.0,10.5,2.5531432355478643,39,sub-HUP146,01,False
RD7-RD8,0.029247509824494658,True,11.75,13.5,2.508539322371777,40,sub-HUP146,01,False
LG3-LG4,0.028302407468846123,True,21.0,22.75,3.4718588228255007,41,sub-HUP146,01,False
LG4-LG5,0.026113250695219012,True,21.0,23.25,3.2033147681392813,42,sub-HUP146,01,False
LH7-LH8,0.021596523539580505,True,26.5,27.25,3.1230965864632645,43,sub-HUP146,01,False
LG2-LG3,0.020675759691933682,True,22.5,24.5,2.660019084617292,44,sub-HUP146,01,False
RF9-RF10,0.01844536055780376,True,21.75,24.5,2.3178816667706497,45,sub-HUP146,01,False
RI1-RI2,0.01368446915771761,True,27.5,30.0,2.033516917990645,46,sub-HUP146,01,False
RB10-RB11,0.013350637523949061,True,28.0,29.25,2.010539076734327,47,sub-HUP146,01,False
LG7-LG8,0.0,False,,,,48,sub-HUP146,01,False
LH3-LH4,0.0,False,,,,48,sub-HUP146,01,False
LH4-LH5,0.0,False,,,,48,sub-HUP146,01,False
RA1-RA2,0.0,False,,,,48,sub-HUP146,01,True
RA10-RA11,0.0,False,,,,48,sub-HUP146,01,False
RA11-RA12,0.0,False,,,,48,sub-HUP146,01,False
RA2-RA3,0.0,False,,,,48,sub-HUP146,01,True
RA3-RA4,0.0,False,,,,48,sub-HUP146,01,True
RA4-RA5,0.0,False,,,,48,sub-HUP146,01,True
RA5-RA6,0.0,False,,,,48,sub-HUP146,01,True
RA6-RA7,0.0,False,,,,48,sub-HUP146,01,False
RA7-RA8,0.0,False,,,,48,sub-HUP146,01,False
RA8-RA9,0.0,False,,,,48,sub-HUP146,01,False
RA9-RA10,0.0,False,,,,48,sub-HUP146,01,False
RB1-RB2,0.0,False,,,,48,sub-HUP146,01,True
RB2-RB3,0.0,False,,,,48,sub-HUP146,01,True
RB3-RB4,0.0,False,,,,48,sub-HUP146,01,True
RB4-RB5,0.0,False,,,,48,sub-HUP146,01,True
RB6-RB7,0.0,False,,,,48,sub-HUP146,01,False
RC1-RC2,0.0,False,,,,48,sub-HUP146,01,False
RC2-RC3,0.0,False,,,,48,sub-HUP146,01,False
RC3-RC4,0.0,False,,,,48,sub-HUP146,01,False
RC4-RC5,0.0,False,,,,48,sub-HUP146,01,False
RD1-RD2,0.0,False,,,,48,sub-HUP146,01,False
RF1-RF2,0.0,False,,,,48,sub-HUP146,01,True
RF2-RF3,0.0,False,,,,48,sub-HUP146,01,True
RF4-RF5,0.0,False,,,,48,sub-HUP146,01,False
RF6-RF7,0.0,False,,,,48,sub-HUP146,01,False
RF7-RF8,0.0,False,,,,48,sub-HUP146,01,False
RF8-RF9,0.0,False,,,,48,sub-HUP146,01,False
RG5-RG6,0.0,False,,,,48,sub-HUP146,01,False
RG7-RG8,0.0,False,,,,48,sub-HUP146,01,False
RH4-RH5,0.0,False,,,,48,sub-HUP146,01,False
RH5-RH6,0.0,False,,,,48,sub-HUP146,01,False
RH6-RH7,0.0,False,,,,48,sub-HUP146,01,False
RI8-RI9,0.0,False,,,,48,sub-HUP146,01,False
RI9-RI10,0.0,False,,,,48,sub-HUP146,01,False
RJ1-RJ2,0.0,False,,,,48,sub-HUP146,01,False
RJ2-RJ3,0.0,False,,,,48,sub-HUP146,01,False
RJ4-RJ5,0.0,False,,,,48,sub-HUP146,01,False
RK3-RK4,0.0,False,,,,48,sub-HUP146,01,False
RI5-RI6,1.0,True,-4.0,0.0,3.582562078527092,1,sub-HUP146,02,False
RF11-RF12,0.8192118798985331,True,-3.75,-3.25,3.668596769004219,2,sub-HUP146,02,False
RI4-RI5,0.681647945925997,True,-3.5,-1.25,3.663069122970544,3,sub-HUP146,02,False
RJ4-RJ5,0.681351804643918,True,-3.75,-3.0,3.0512314218166248,4,sub-HUP146,02,False
RF10-RF11,0.6468192557008792,True,-3.75,-1.0,2.8965876714188603,5,sub-HUP146,02,False
RJ3-RJ4,0.5295334283690182,True,-3.75,-1.25,2.3713579747341083,6,sub-HUP146,02,False
RD4-RD5,0.45657635694756826,True,-3.75,-2.75,2.0446414279405096,7,sub-HUP146,02,False
RD5-RD6,0.4067698348130186,True,-3.75,-2.75,1.8215977311123122,8,sub-HUP146,02,False
RD3-RD4,0.40583838672318473,True,-3.75,-2.75,1.8174265178563682,9,sub-HUP146,02,False
RA11-RA12,0.3629629536057178,True,-3.5,-2.5,1.9505059702470493,10,sub-HUP146,02,False
RB6-RB7,0.21392825528266665,True,-1.5,-1.0,2.682439392154006,11,sub-HUP146,02,False
RB8-RB9,0.17898300102597756,True,-1.75,1.0,2.083957564574089,12,sub-HUP146,02,False
RC4-RC5,0.13284057353368245,True,-0.5,2.25,2.141593205542022,13,sub-HUP146,02,False
RB7-RB8,0.087591419240002,True,17.0,19.0,6.903637333419188,14,sub-HUP146,02,False
RF8-RF9,0.08340723219532654,True,13.25,15.0,5.453311465266326,15,sub-HUP146,02,False
LH7-LH8,0.07515998393016456,True,13.0,15.25,4.846775548516437,16,sub-HUP146,02,False
RF7-RF8,0.0612142777406024,True,13.25,15.25,4.002297089286808,17,sub-HUP146,02,False
LG2-LG3,0.05936583923621161,True,9.5,11.5,3.083886163910018,18,sub-HUP146,02,False
RF1-RF2,0.059133844591239985,True,14.5,16.75,4.131088049206769,19,sub-HUP146,02,True
RB9-RB10,0.0581268707337935,True,18.5,19.25,4.893713386606869,20,sub-HUP146,02,False
LG6-LG7,0.057500105630177475,True,13.5,16.25,3.810957411926556,21,sub-HUP146,02,False
LG3-LG4,0.05310921173734597,True,12.75,13.5,3.377240101834599,22,sub-HUP146,02,False
RG4-RG5,0.05164115798639079,True,13.75,17.0,3.468893517998815,23,sub-HUP146,02,False
RK2-RK3,0.050444819840684295,True,16.0,16.5,3.795155671006699,24,sub-HUP146,02,False
RB10-RB11,0.05040437279618582,True,15.75,18.75,3.746968487359826,25,sub-HUP146,02,False
RH4-RH5,0.04954956513541551,True,13.25,15.25,3.2396376733750705,26,sub-HUP146,02,False
LG1-LG2,0.04936031722959604,True,10.75,13.5,2.7851733108803867,27,sub-HUP146,02,False
LG5-LG6,0.04889187000221501,True,10.75,14.25,2.758741010836836,28,sub-HUP146,02,False
RA10-RA11,0.048096415404555705,True,13.0,17.25,3.1015510909460557,29,sub-HUP146,02,False
RF6-RF7,0.047576015452619844,True,13.25,15.75,3.1106035257455398,30,sub-HUP146,02,False
RH2-RH3,0.04670837154317735,True,15.75,17.0,3.472214543287078,31,sub-HUP146,02,False
RC1-RC2,0.04523098774659262,True,12.25,15.75,2.795238670448344,32,sub-HUP146,02,False
RH5-RH6,0.04246369627202543,True,12.75,13.5,2.7002866966139476,33,sub-HUP146,02,False
RK1-RK2,0.042392245420265796,True,16.0,16.75,3.189329868191419,34,sub-HUP146,02,False
LG4-LG5,0.042001713081970614,True,11.5,14.0,2.4828167845906126,35,sub-HUP146,02,False
RF3-RF4,0.04150996672661306,True,15.25,16.5,3.0114186616826273,36,sub-HUP146,02,False
RG2-RG3,0.040486974450043685,True,14.75,18.5,2.86468021194568,37,sub-HUP146,02,False
RG7-RG8,0.03751400056885472,True,14.5,16.5,2.6207265991105424,38,sub-HUP146,02,False
RG3-RG4,0.03750432572626825,True,13.0,17.5,2.41850835229782,39,sub-HUP146,02,False
LG7-LG8,0.037191142085199004,True,13.25,17.75,2.431622249070732,40,sub-HUP146,02,False
LH5-LH6,0.03659446653827115,True,13.25,17.25,2.3926105528968833,41,sub-HUP146,02,False
RI6-RI7,0.036040995662360756,True,15.75,19.25,2.679221414895911,42,sub-HUP146,02,False
RA1-RA2,0.035937232185578136,True,12.5,15.5,2.2530788916173217,43,sub-HUP146,02,True
RI1-RI2,0.03561211024300541,True,14.25,16.5,2.45596496708866,44,sub-HUP146,02,False
LH2-LH3,0.035576937508252165,True,8.75,9.5,1.7525280738238949,45,sub-HUP146,02,False
RF5-RF6,0.03355307951868704,True,14.75,19.5,2.3740683084536816,46,sub-HUP146,02,False
RH7-RH8,0.03353734345437116,True,14.5,18.0,2.342917490046294,47,sub-HUP146,02,False
RH6-RH7,0.033317880047156606,True,12.0,17.0,2.029177351095581,48,sub-HUP146,02,False
RH3-RH4,0.03313637536642998,True,13.25,19.75,2.1665144729889065,49,sub-HUP146,02,False
RI3-RI4,0.03312297629993654,True,8.75,9.5,1.6316453837764335,50,sub-HUP146,02,False
RK3-RK4,0.03231621079199247,True,16.25,17.5,2.4602151652329542,51,sub-HUP146,02,False
RF9-RF10,0.0321696799535424,True,13.25,18.0,2.103310227508434,52,sub-HUP146,02,False
RF4-RF5,0.03202446334603883,True,13.0,19.5,2.065133303436592,53,sub-HUP146,02,False
RI10-RI11,0.031891278004011904,True,13.25,19.25,2.0851078186361223,54,sub-HUP146,02,False
RI8-RI9,0.03132472696905478,True,18.75,21.5,2.6652910002893258,55,sub-HUP146,02,False
RG6-RG7,0.031137388281186378,True,14.75,19.25,2.203144622990906,56,sub-HUP146,02,False
RH1-RH2,0.029826015857652672,True,16.0,22.0,2.2439246206686576,57,sub-HUP146,02,False
LH1-LH2,0.029533376911059377,True,13.5,21.75,1.9573953891895648,58,sub-HUP146,02,False
RC2-RC3,0.029321571138809236,True,14.75,21.75,2.074665389683465,59,sub-HUP146,02,False
LH3-LH4,0.027642987049938613,True,16.0,20.0,2.079687059988837,60,sub-HUP146,02,False
RI7-RI8,0.025734426887890776,True,16.0,21.25,1.9360988195048947,61,sub-HUP146,02,False
RJ2-RJ3,0.025699726938965002,True,20.75,22.75,2.370824829370957,62,sub-HUP146,02,False
RB5-RB6,0.025555729261740323,True,18.5,20.5,2.151542183742077,63,sub-HUP146,02,False
RA7-RA8,0.024445588227500058,True,18.75,29.75,2.079973637564338,64,sub-HUP146,02,False
RD2-RD3,0.024224288043905882,True,14.0,19.25,1.6489152987828746,65,sub-HUP146,02,False
RG5-RG6,0.024223213651806772,True,12.25,18.75,1.4969751246956418,66,sub-HUP146,02,False
RF2-RF3,0.021978604224046263,True,15.0,23.25,1.5747942806404702,67,sub-HUP146,02,True
RB4-RB5,0.02131900422955164,True,18.75,22.0,1.813945582487822,68,sub-HUP146,02,True
RD6-RD7,0.018780633814612008,True,26.5,29.5,2.1194077752203766,69,sub-HUP146,02,False
LH4-LH5,0.0,False,,,,70,sub-HUP146,02,False
LH6-LH7,0.0,False,,,,70,sub-HUP146,02,False
RA2-RA3,0.0,False,,,,70,sub-HUP146,02,True
RA3-RA4,0.0,False,,,,70,sub-HUP146,02,True
RA4-RA5,0.0,False,,,,70,sub-HUP146,02,True
RA5-RA6,0.0,False,,,,70,sub-HUP146,02,True
RA6-RA7,0.0,False,,,,70,sub-HUP146,02,False
RA8-RA9,0.0,False,,,,70,sub-HUP146,02,False
RA9-RA10,0.0,False,,,,70,sub-HUP146,02,False
RB1-RB2,0.0,False,,,,70,sub-HUP146,02,True
RB2-RB3,0.0,False,,,,70,sub-HUP146,02,True
RB3-RB4,0.0,False,,,,70,sub-HUP146,02,True
RC3-RC4,0.0,False,,,,70,sub-HUP146,02,False
RD1-RD2,0.0,False,,,,70,sub-HUP146,02,False
RD7-RD8,0.0,False,,,,70,sub-HUP146,02,False
RG1-RG2,0.0,False,,,,70,sub-HUP146,02,False
RI2-RI3,0.0,False,,,,70,sub-HUP146,02,False
RI9-RI10,0.0,False,,,,70,sub-HUP146,02,False
RJ1-RJ2,0.0,False,,,,70,sub-HUP146,02,False
RF10-RF11,1.0,True,-7.0,-6.25,2.128454294922615,1,sub-HUP146,03,False
RF11-RF12,0.8087693263826081,True,-7.0,-6.25,1.7214285463407322,2,sub-HUP146,03,False
RA10-RA11,0.3439480575985136,True,-4.0,0.0,2.9283108817033883,3,sub-HUP146,03,False
RA9-RA10,0.32407772151874586,True,-2.25,-0.5,3.966261554968031,4,sub-HUP146,03,False
RB7-RB8,0.2446678977295573,True,-3.0,-0.5,2.6038221887608164,5,sub-HUP146,03,False
RK2-RK3,0.21350640886521044,True,-2.75,-1.25,2.3858028229489703,6,sub-HUP146,03,False
RF3-RF4,0.18177286035596235,True,-2.25,-1.25,2.224647545618846,7,sub-HUP146,03,False
RA1-RA2,0.13204979148532303,True,-1.0,4.75,1.9674336208140004,8,sub-HUP146,03,True
LG6-LG7,0.11944265900166069,True,5.0,9.25,3.304967127137806,9,sub-HUP146,03,False
LG7-LG8,0.11811848555583786,True,4.75,9.75,3.205474923111243,10,sub-HUP146,03,False
RC4-RC5,0.11527061324839254,True,0.25,2.0,2.024122912736964,11,sub-HUP146,03,False
RG1-RG2,0.10132439784668677,True,6.0,9.25,3.0193008968811945,12,sub-HUP146,03,False
RD4-RD5,0.09807942773854171,True,6.0,6.5,2.9226061089911193,13,sub-HUP146,03,False
RD5-RD6,0.09160939658994008,True,6.0,10.25,2.7298097907797794,14,sub-HUP146,03,False
RD6-RD7,0.08280452186486084,True,6.0,10.25,2.4674389628318725,15,sub-HUP146,03,False
RB5-RB6,0.08017148846760339,True,11.25,12.25,3.284845967464779,16,sub-HUP146,03,False
RK3-RK4,0.07488763707531507,True,6.0,14.0,2.2315287787738454,17,sub-HUP146,03,False
RA6-RA7,0.07270043309753214,True,8.0,13.0,2.4758327851068236,18,sub-HUP146,03,False
RD3-RD4,0.07089894728036716,True,6.0,15.25,2.1126723638214533,19,sub-HUP146,03,False
LG1-LG2,0.06962300486701725,True,11.0,15.0,2.8155982909577983,20,sub-HUP146,03,False
LG4-LG5,0.06863637939567609,True,10.5,13.75,2.7026538354842993,21,sub-HUP146,03,False
RD7-RD8,0.06844872969569923,True,6.0,11.5,2.0396598978393143,22,sub-HUP146,03,False
RI6-RI7,0.06739603798983454,True,9.5,13.0,2.510364264104043,23,sub-HUP146,03,False
RH4-RH5,0.06364987623744098,True,12.25,15.75,2.743386012089701,24,sub-HUP146,03,False
LH6-LH7,0.06335532812780863,True,6.0,6.5,1.8878848836381212,25,sub-HUP146,03,False
RB10-RB11,0.0625557126525459,True,11.25,12.75,2.5630792738946835,26,sub-HUP146,03,False
RH7-RH8,0.061050441700195905,True,10.5,14.0,2.403946884608536,27,sub-HUP146,03,False
LH2-LH3,0.05942456425767788,True,7.25,14.75,1.9288576525269305,28,sub-HUP146,03,False
RI5-RI6,0.056536642716727564,True,9.75,10.75,2.135957965193904,29,sub-HUP146,03,False
LH1-LH2,0.05248218800048957,True,12.0,15.0,2.234118769131563,30,sub-HUP146,03,False
RK1-RK2,0.044446250293469186,True,9.25,10.25,1.6318812626983654,31,sub-HUP146,03,False
RI3-RI4,0.03718171157572525,True,19.0,24.5,2.1367684897900103,32,sub-HUP146,03,False
RH2-RH3,0.033597181939944244,True,19.0,20.25,1.9307717873290122,33,sub-HUP146,03,False
RH1-RH2,0.03299033644962642,True,19.0,20.25,1.8958974292930346,34,sub-HUP146,03,False
LG2-LG3,0.0,False,,,,35,sub-HUP146,03,False
LG3-LG4,0.0,False,,,,35,sub-HUP146,03,False
LG5-LG6,0.0,False,,,,35,sub-HUP146,03,False
LH3-LH4,0.0,False,,,,35,sub-HUP146,03,False
LH4-LH5,0.0,False,,,,35,sub-HUP146,03,False
LH5-LH6,0.0,False,,,,35,sub-HUP146,03,False
LH7-LH8,0.0,False,,,,35,sub-HUP146,03,False
RA11-RA12,0.0,False,,,,35,sub-HUP146,03,False
RA2-RA3,0.0,False,,,,35,sub-HUP146,03,True
RA3-RA4,0.0,False,,,,35,sub-HUP146,03,True
RA4-RA5,0.0,False,,,,35,sub-HUP146,03,True
RA5-RA6,0.0,False,,,,35,sub-HUP146,03,True
RA7-RA8,0.0,False,,,,35,sub-HUP146,03,False
RA8-RA9,0.0,False,,,,35,sub-HUP146,03,False
RB1-RB2,0.0,False,,,,35,sub-HUP146,03,True
RB2-RB3,0.0,False,,,,35,sub-HUP146,03,True
RB3-RB4,0.0,False,,,,35,sub-HUP146,03,True
RB4-RB5,0.0,False,,,,35,sub-HUP146,03,True
RB6-RB7,0.0,False,,,,35,sub-HUP146,03,False
RB8-RB9,0.0,False,,,,35,sub-HUP146,03,False
RB9-RB10,0.0,False,,,,35,sub-HUP146,03,False
RC1-RC2,0.0,False,,,,35,sub-HUP146,03,False
RC2-RC3,0.0,False,,,,35,sub-HUP146,03,False
RC3-RC4,0.0,False,,,,35,sub-HUP146,03,False
RD1-RD2,0.0,False,,,,35,sub-HUP146,03,False
RD2-RD3,0.0,False,,,,35,sub-HUP146,03,False
RF1-RF2,0.0,False,,,,35,sub-HUP146,03,True
RF2-RF3,0.0,False,,,,35,sub-HUP146,03,True
RF4-RF5,0.0,False,,,,35,sub-HUP146,03,False
RF5-RF6,0.0,False,,,,35,sub-HUP146,03,False
RF6-RF7,0.0,False,,,,35,sub-HUP146,03,False
RF7-RF8,0.0,False,,,,35,sub-HUP146,03,False
RF8-RF9,0.0,False,,,,35,sub-HUP146,03,False
RF9-RF10,0.0,False,,,,35,sub-HUP146,03,False
RG2-RG3,0.0,False,,,,35,sub-HUP146,03,False
RG3-RG4,0.0,False,,,,35,sub-HUP146,03,False
RG4-RG5,0.0,False,,,,35,sub-HUP146,03,False
RG5-RG6,0.0,False,,,,35,sub-HUP146,03,False
RG6-RG7,0.0,False,,,,35,sub-HUP146,03,False
RG7-RG8,0.0,False,,,,35,sub-HUP146,03,False
RH3-RH4,0.0,False,,,,35,sub-HUP146,03,False
RH5-RH6,0.0,False,,,,35,sub-HUP146,03,False
RH6-RH7,0.0,False,,,,35,sub-HUP146,03,False
RI1-RI2,0.0,False,,,,35,sub-HUP146,03,False
RI10-RI11,0.0,False,,,,35,sub-HUP146,03,False
RI2-RI3,0.0,False,,,,35,sub-HUP146,03,False
RI4-RI5,0.0,False,,,,35,sub-HUP146,03,False
RI7-RI8,0.0,False,,,,35,sub-HUP146,03,False
RI8-RI9,0.0,False,,,,35,sub-HUP146,03,False
RI9-RI10,0.0,False,,,,35,sub-HUP146,03,False
RJ1-RJ2,0.0,False,,,,35,sub-HUP146,03,False
RJ2-RJ3,0.0,False,,,,35,sub-HUP146,03,False
RJ3-RJ4,0.0,False,,,,35,sub-HUP146,03,False
RJ4-RJ5,0.0,False,,,,35,sub-HUP146,03,False
LC2-LC3,1.0,True,-8.5,-7.75,3.7937556172651363,1,sub-HUP148,01,True
LI3-LI4,0.321127491297842,True,-6.75,-5.5,3.3502678659159857,2,sub-HUP148,01,True
LI5-LI6,0.27627148484106623,True,-6.5,-5.0,3.1443194925179254,3,sub-HUP148,01,True
LI10-LI11,0.2731182500425009,True,-7.5,-5.25,2.072287790552724,4,sub-HUP148,01,False
LI1-LI2,0.2583967392573799,True,-7.0,-4.5,2.4507352026016993,5,sub-HUP148,01,True
LC4-LC5,0.19657817745700237,True,-5.75,-4.0,2.796635868597171,6,sub-HUP148,01,True
LI6-LI7,0.15448940521675977,True,-5.75,-4.75,2.197856433183871,7,sub-HUP148,01,True
LD4-LD5,0.1441310828312013,True,29.25,30.0,21.188426573143342,8,sub-HUP148,01,True
LD5-LD6,0.12414640073292876,True,29.5,30.0,18.36826310060809,9,sub-HUP148,01,True
LH7-LH8,0.06314512315170166,True,2.25,3.75,2.814796696501087,10,sub-HUP148,01,False
LC5-LC6,0.060424830163326566,True,3.75,8.0,3.0373907648209593,11,sub-HUP148,01,False
LD2-LD3,0.05954904528130548,True,5.0,6.0,3.275760613061565,12,sub-HUP148,01,True
LF7-LF8,0.050725298170443765,True,4.0,6.75,2.597931695766195,13,sub-HUP148,01,False
LD6-LD7,0.0435147714562015,True,5.25,8.25,2.4349950275281027,14,sub-HUP148,01,True
LH8-LH9,0.03875480550248275,True,10.0,10.75,2.867012090885704,15,sub-HUP148,01,False
LG4-LG5,0.03518990412881695,True,13.0,16.75,3.0037926703437208,16,sub-HUP148,01,False
LG5-LG6,0.034395445271802015,True,13.0,15.5,2.9359780584352757,17,sub-HUP148,01,False
LE4-LE5,0.03372282961341618,True,29.5,30.0,4.989510796762937,18,sub-HUP148,01,False
LD3-LD4,0.031102507651436864,True,18.75,19.5,3.3333675954611914,19,sub-HUP148,01,True
LB2-LB3,0.029895876251784744,True,14.0,17.75,2.6653147388868863,20,sub-HUP148,01,True
LI7-LI8,0.022428153603043836,True,23.0,25.75,2.765325345784068,21,sub-HUP148,01,True
LF2-LF3,0.020253438379739374,True,28.0,28.5,2.8813723358276078,22,sub-HUP148,01,False
LH5-LH6,0.020171659352131926,True,27.5,28.5,2.8314748011382447,23,sub-HUP148,01,False
LG3-LG4,0.020165956984419198,True,23.25,28.25,2.5055293372297336,24,sub-HUP148,01,False
LD11-LD12,0.01895257813593038,True,23.5,25.75,2.3727478422397956,25,sub-HUP148,01,False
LH10-LH11,0.01697509180983448,True,21.75,29.0,2.0124796845984676,26,sub-HUP148,01,False
RB2-RB3,0.015473892960698614,True,18.75,19.75,1.6583927556222275,27,sub-HUP148,01,True
LA1-LA2,0.0,False,,,,28,sub-HUP148,01,False
LA10-LA11,0.0,False,,,,28,sub-HUP148,01,False
LA11-LA12,0.0,False,,,,28,sub-HUP148,01,False
LA2-LA3,0.0,False,,,,28,sub-HUP148,01,False
LA3-LA4,0.0,False,,,,28,sub-HUP148,01,False
LA4-LA5,0.0,False,,,,28,sub-HUP148,01,False
LA5-LA6,0.0,False,,,,28,sub-HUP148,01,False
LA6-LA7,0.0,False,,,,28,sub-HUP148,01,False
LA7-LA8,0.0,False,,,,28,sub-HUP148,01,False
LA8-LA9,0.0,False,,,,28,sub-HUP148,01,False
LA9-LA10,0.0,False,,,,28,sub-HUP148,01,False
LB1-LB2,0.0,False,,,,28,sub-HUP148,01,True
LB3-LB4,0.0,False,,,,28,sub-HUP148,01,True
LB4-LB5,0.0,False,,,,28,sub-HUP148,01,True
LB5-LB6,0.0,False,,,,28,sub-HUP148,01,False
LB6-LB7,0.0,False,,,,28,sub-HUP148,01,False
LB7-LB8,0.0,False,,,,28,sub-HUP148,01,False
LB8-LB9,0.0,False,,,,28,sub-HUP148,01,False
LB9-LB10,0.0,False,,,,28,sub-HUP148,01,False
LC1-LC2,0.0,False,,,,28,sub-HUP148,01,True
LC10-LC11,0.0,False,,,,28,sub-HUP148,01,False
LC11-LC12,0.0,False,,,,28,sub-HUP148,01,False
LC3-LC4,0.0,False,,,,28,sub-HUP148,01,True
LC6-LC7,0.0,False,,,,28,sub-HUP148,01,False
LC7-LC8,0.0,False,,,,28,sub-HUP148,01,False
LC8-LC9,0.0,False,,,,28,sub-HUP148,01,False
LC9-LC10,0.0,False,,,,28,sub-HUP148,01,False
LD1-LD2,0.0,False,,,,28,sub-HUP148,01,True
LD10-LD11,0.0,False,,,,28,sub-HUP148,01,False
LD7-LD8,0.0,False,,,,28,sub-HUP148,01,False
LD8-LD9,0.0,False,,,,28,sub-HUP148,01,False
LD9-LD10,0.0,False,,,,28,sub-HUP148,01,False
LE1-LE2,0.0,False,,,,28,sub-HUP148,01,False
LE2-LE3,0.0,False,,,,28,sub-HUP148,01,False
LE3-LE4,0.0,False,,,,28,sub-HUP148,01,False
LE5-LE6,0.0,False,,,,28,sub-HUP148,01,False
LE6-LE7,0.0,False,,,,28,sub-HUP148,01,False
LE7-LE8,0.0,False,,,,28,sub-HUP148,01,False
LF1-LF2,0.0,False,,,,28,sub-HUP148,01,False
LF3-LF4,0.0,False,,,,28,sub-HUP148,01,False
LF4-LF5,0.0,False,,,,28,sub-HUP148,01,False
LF5-LF6,0.0,False,,,,28,sub-HUP148,01,False
LF6-LF7,0.0,False,,,,28,sub-HUP148,01,False
LG1-LG2,0.0,False,,,,28,sub-HUP148,01,False
LG2-LG3,0.0,False,,,,28,sub-HUP148,01,False
LG6-LG7,0.0,False,,,,28,sub-HUP148,01,False
LG7-LG8,0.0,False,,,,28,sub-HUP148,01,False
LH1-LH2,0.0,False,,,,28,sub-HUP148,01,False
LH2-LH3,0.0,False,,,,28,sub-HUP148,01,False
LH3-LH4,0.0,False,,,,28,sub-HUP148,01,False
LH4-LH5,0.0,False,,,,28,sub-HUP148,01,False
LH6-LH7,0.0,False,,,,28,sub-HUP148,01,False
LH9-LH10,0.0,False,,,,28,sub-HUP148,01,False
LI2-LI3,0.0,False,,,,28,sub-HUP148,01,True
LI4-LI5,0.0,False,,,,28,sub-HUP148,01,True
LI8-LI9,0.0,False,,,,28,sub-HUP148,01,True
LI9-LI10,0.0,False,,,,28,sub-HUP148,01,False
RB1-RB2,0.0,False,,,,28,sub-HUP148,01,True
RB3-RB4,0.0,False,,,,28,sub-HUP148,01,True
RB4-RB5,0.0,False,,,,28,sub-HUP148,01,True
RB5-RB6,0.0,False,,,,28,sub-HUP148,01,False
RB6-RB7,0.0,False,,,,28,sub-HUP148,01,False
RB7-RB8,0.0,False,,,,28,sub-HUP148,01,False
RB8-RB9,0.0,False,,,,28,sub-HUP148,01,False
LE4-LE5,1.0,True,-7.5,-0.75,2.760823400120377,1,sub-HUP148,02,False
LC2-LC3,0.46438216555994133,True,26.75,27.5,45.19321951199525,2,sub-HUP148,02,True
LD3-LD4,0.44934942750813517,True,26.25,27.0,43.109960896756625,3,sub-HUP148,02,True
LF7-LF8,0.3889037688585101,True,-5.0,-4.0,3.757931189108534,4,sub-HUP148,02,False
LD4-LD5,0.28664388663116497,True,26.75,27.25,27.895903527375243,5,sub-HUP148,02,True
LD5-LD6,0.2547471634495469,True,26.75,27.0,24.79174553129443,6,sub-HUP148,02,True
LD6-LD7,0.2397707406957445,True,26.75,27.25,23.334254673089482,7,sub-HUP148,02,True
LB5-LB6,0.21004505250363725,True,-3.5,-2.75,2.899486480157775,8,sub-HUP148,02,False
LD2-LD3,0.18958281364249938,True,26.5,27.5,18.319163385770555,9,sub-HUP148,02,True
LC3-LC4,0.1113453687239063,True,27.0,27.75,10.912873931113719,10,sub-HUP148,02,True
LH8-LH9,0.0857596180075679,True,1.75,2.75,2.426863391851953,11,sub-HUP148,02,False
LC4-LC5,0.08445130021042196,True,26.75,27.25,8.218718184151218,12,sub-HUP148,02,True
LG5-LG6,0.08311116857703434,True,1.75,3.0,2.351916404942964,13,sub-HUP148,02,False
LF1-LF2,0.0655856886319195,True,5.25,10.5,2.4897194284601705,14,sub-HUP148,02,False
LD11-LD12,0.06194403899443846,True,4.5,6.0,2.2232151805995928,15,sub-HUP148,02,False
LF5-LF6,0.05504346585643086,True,27.0,28.0,5.394767743885728,16,sub-HUP148,02,False
LC7-LC8,0.054280116185007124,True,26.75,27.75,5.282487976099922,17,sub-HUP148,02,False
LG6-LG7,0.05226477216268236,True,8.25,10.75,2.4169212503106174,18,sub-HUP148,02,False
LC8-LC9,0.04800581662624846,True,26.25,27.5,4.605611470456303,19,sub-HUP148,02,False
LI4-LI5,0.04772789685998352,True,18.5,20.5,3.5577439512185087,20,sub-HUP148,02,True
LC5-LC6,0.04591831161618343,True,26.75,27.75,4.468725309440244,21,sub-HUP148,02,False
LC9-LC10,0.043087270742972694,True,26.25,27.5,4.1337329996796095,22,sub-HUP148,02,False
LH7-LH8,0.04297702663509466,True,9.5,10.25,2.1357356544317887,23,sub-HUP148,02,False
LE1-LE2,0.03711935647129113,True,27.0,29.25,3.6380395719889362,24,sub-HUP148,02,False
LH10-LH11,0.03673496589914689,True,18.25,19.0,2.712951654974451,25,sub-HUP148,02,False
LI5-LI6,0.036469701790063605,True,18.5,22.0,2.7185329646303296,26,sub-HUP148,02,True
LI1-LI2,0.034816076660364355,True,17.5,22.25,2.4991470177522896,27,sub-HUP148,02,True
LG3-LG4,0.03231111671492431,True,28.5,29.0,3.3005956230915965,28,sub-HUP148,02,False
LE2-LE3,0.030846318485063647,True,26.5,29.0,2.980643325839531,29,sub-HUP148,02,False
LI7-LI8,0.024540356670030072,True,26.5,29.5,2.371305682967172,30,sub-HUP148,02,True
LD7-LD8,0.023756907230564842,True,26.75,27.75,2.311999045231292,31,sub-HUP148,02,False
LG4-LG5,0.02298768634547548,True,22.5,23.75,1.967413213693708,32,sub-HUP148,02,False
LG7-LG8,0.020984640506333883,True,22.75,24.0,1.810465204781266,33,sub-HUP148,02,False
LD1-LD2,0.019346904234087716,True,21.5,27.0,1.602401577880721,34,sub-HUP148,02,True
LA1-LA2,0.0,False,,,,35,sub-HUP148,02,False
LA10-LA11,0.0,False,,,,35,sub-HUP148,02,False
LA11-LA12,0.0,False,,,,35,sub-HUP148,02,False
LA2-LA3,0.0,False,,,,35,sub-HUP148,02,False
LA3-LA4,0.0,False,,,,35,sub-HUP148,02,False
LA4-LA5,0.0,False,,,,35,sub-HUP148,02,False
LA5-LA6,0.0,False,,,,35,sub-HUP148,02,False
LA6-LA7,0.0,False,,,,35,sub-HUP148,02,False
LA7-LA8,0.0,False,,,,35,sub-HUP148,02,False
LA8-LA9,0.0,False,,,,35,sub-HUP148,02,False
LA9-LA10,0.0,False,,,,35,sub-HUP148,02,False
LB1-LB2,0.0,False,,,,35,sub-HUP148,02,True
LB2-LB3,0.0,False,,,,35,sub-HUP148,02,True
LB3-LB4,0.0,False,,,,35,sub-HUP148,02,True
LB4-LB5,0.0,False,,,,35,sub-HUP148,02,True
LB6-LB7,0.0,False,,,,35,sub-HUP148,02,False
LB7-LB8,0.0,False,,,,35,sub-HUP148,02,False
LB8-LB9,0.0,False,,,,35,sub-HUP148,02,False
LB9-LB10,0.0,False,,,,35,sub-HUP148,02,False
LC1-LC2,0.0,False,,,,35,sub-HUP148,02,True
LC10-LC11,0.0,False,,,,35,sub-HUP148,02,False
LC11-LC12,0.0,False,,,,35,sub-HUP148,02,False
LC6-LC7,0.0,False,,,,35,sub-HUP148,02,False
LD10-LD11,0.0,False,,,,35,sub-HUP148,02,False
LD8-LD9,0.0,False,,,,35,sub-HUP148,02,False
LD9-LD10,0.0,False,,,,35,sub-HUP148,02,False
LE3-LE4,0.0,False,,,,35,sub-HUP148,02,False
LE5-LE6,0.0,False,,,,35,sub-HUP148,02,False
LE6-LE7,0.0,False,,,,35,sub-HUP148,02,False
LE7-LE8,0.0,False,,,,35,sub-HUP148,02,False
LF2-LF3,0.0,False,,,,35,sub-HUP148,02,False
LF3-LF4,0.0,False,,,,35,sub-HUP148,02,False
LF4-LF5,0.0,False,,,,35,sub-HUP148,02,False
LF6-LF7,0.0,False,,,,35,sub-HUP148,02,False
LG1-LG2,0.0,False,,,,35,sub-HUP148,02,False
LG2-LG3,0.0,False,,,,35,sub-HUP148,02,False
LH1-LH2,0.0,False,,,,35,sub-HUP148,02,False
LH2-LH3,0.0,False,,,,35,sub-HUP148,02,False
LH3-LH4,0.0,False,,,,35,sub-HUP148,02,False
LH4-LH5,0.0,False,,,,35,sub-HUP148,02,False
LH5-LH6,0.0,False,,,,35,sub-HUP148,02,False
LH6-LH7,0.0,False,,,,35,sub-HUP148,02,False
LH9-LH10,0.0,False,,,,35,sub-HUP148,02,False
LI10-LI11,0.0,False,,,,35,sub-HUP148,02,False
LI2-LI3,0.0,False,,,,35,sub-HUP148,02,True
LI3-LI4,0.0,False,,,,35,sub-HUP148,02,True
LI6-LI7,0.0,False,,,,35,sub-HUP148,02,True
LI8-LI9,0.0,False,,,,35,sub-HUP148,02,True
LI9-LI10,0.0,False,,,,35,sub-HUP148,02,False
RB1-RB2,0.0,False,,,,35,sub-HUP148,02,True
RB2-RB3,0.0,False,,,,35,sub-HUP148,02,True
RB3-RB4,0.0,False,,,,35,sub-HUP148,02,True
RB4-RB5,0.0,False,,,,35,sub-HUP148,02,True
RB5-RB6,0.0,False,,,,35,sub-HUP148,02,False
RB6-RB7,0.0,False,,,,35,sub-HUP148,02,False
RB7-RB8,0.0,False,,,,35,sub-HUP148,02,False
RB8-RB9,0.0,False,,,,35,sub-HUP148,02,False
LD11-LD12,1.0,True,11.5,12.75,2.7617900884260633,1,sub-HUP148,03,False
LG7-LG8,0.8627951766182449,True,11.5,12.75,2.3828591671260835,2,sub-HUP148,03,False
LE4-LE5,0.11240201921827049,True,20.25,21.5,3.026700130311929,3,sub-HUP148,03,False
LD2-LD3,0.06899191703819851,True,23.0,29.75,2.3817649082201235,4,sub-HUP148,03,True
LA1-LA2,0.0,False,,,,5,sub-HUP148,03,False
LA10-LA11,0.0,False,,,,5,sub-HUP148,03,False
LA11-LA12,0.0,False,,,,5,sub-HUP148,03,False
LA2-LA3,0.0,False,,,,5,sub-HUP148,03,False
LA3-LA4,0.0,False,,,,5,sub-HUP148,03,False
LA4-LA5,0.0,False,,,,5,sub-HUP148,03,False
LA5-LA6,0.0,False,,,,5,sub-HUP148,03,False
LA6-LA7,0.0,False,,,,5,sub-HUP148,03,False
LA7-LA8,0.0,False,,,,5,sub-HUP148,03,False
LA8-LA9,0.0,False,,,,5,sub-HUP148,03,False
LA9-LA10,0.0,False,,,,5,sub-HUP148,03,False
LB1-LB2,0.0,False,,,,5,sub-HUP148,03,True
LB2-LB3,0.0,False,,,,5,sub-HUP148,03,True
LB3-LB4,0.0,False,,,,5,sub-HUP148,03,True
LB4-LB5,0.0,False,,,,5,sub-HUP148,03,True
LB5-LB6,0.0,False,,,,5,sub-HUP148,03,False
LB6-LB7,0.0,False,,,,5,sub-HUP148,03,False
LB7-LB8,0.0,False,,,,5,sub-HUP148,03,False
LB8-LB9,0.0,False,,,,5,sub-HUP148,03,False
LB9-LB10,0.0,False,,,,5,sub-HUP148,03,False
LC1-LC2,0.0,False,,,,5,sub-HUP148,03,True
LC10-LC11,0.0,False,,,,5,sub-HUP148,03,False
LC11-LC12,0.0,False,,,,5,sub-HUP148,03,False
LC2-LC3,0.0,False,,,,5,sub-HUP148,03,True
LC3-LC4,0.0,False,,,,5,sub-HUP148,03,True
LC4-LC5,0.0,False,,,,5,sub-HUP148,03,True
LC5-LC6,0.0,False,,,,5,sub-HUP148,03,False
LC6-LC7,0.0,False,,,,5,sub-HUP148,03,False
LC7-LC8,0.0,False,,,,5,sub-HUP148,03,False
LC8-LC9,0.0,False,,,,5,sub-HUP148,03,False
LC9-LC10,0.0,False,,,,5,sub-HUP148,03,False
LD1-LD2,0.0,False,,,,5,sub-HUP148,03,True
LD10-LD11,0.0,False,,,,5,sub-HUP148,03,False
LD3-LD4,0.0,False,,,,5,sub-HUP148,03,True
LD4-LD5,0.0,False,,,,5,sub-HUP148,03,True
LD5-LD6,0.0,False,,,,5,sub-HUP148,03,True
LD6-LD7,0.0,False,,,,5,sub-HUP148,03,True
LD7-LD8,0.0,False,,,,5,sub-HUP148,03,False
LD8-LD9,0.0,False,,,,5,sub-HUP148,03,False
LD9-LD10,0.0,False,,,,5,sub-HUP148,03,False
LE1-LE2,0.0,False,,,,5,sub-HUP148,03,False
LE2-LE3,0.0,False,,,,5,sub-HUP148,03,False
LE3-LE4,0.0,False,,,,5,sub-HUP148,03,False
LE5-LE6,0.0,False,,,,5,sub-HUP148,03,False
LE6-LE7,0.0,False,,,,5,sub-HUP148,03,False
LE7-LE8,0.0,False,,,,5,sub-HUP148,03,False
LF1-LF2,0.0,False,,,,5,sub-HUP148,03,False
LF2-LF3,0.0,False,,,,5,sub-HUP148,03,False
LF3-LF4,0.0,False,,,,5,sub-HUP148,03,False
LF4-LF5,0.0,False,,,,5,sub-HUP148,03,False
LF5-LF6,0.0,False,,,,5,sub-HUP148,03,False
LF6-LF7,0.0,False,,,,5,sub-HUP148,03,False
LF7-LF8,0.0,False,,,,5,sub-HUP148,03,False
LG1-LG2,0.0,False,,,,5,sub-HUP148,03,False
LG2-LG3,0.0,False,,,,5,sub-HUP148,03,False
LG3-LG4,0.0,False,,,,5,sub-HUP148,03,False
LG4-LG5,0.0,False,,,,5,sub-HUP148,03,False
LG5-LG6,0.0,False,,,,5,sub-HUP148,03,False
LG6-LG7,0.0,False,,,,5,sub-HUP148,03,False
LH1-LH2,0.0,False,,,,5,sub-HUP148,03,False
LH10-LH11,0.0,False,,,,5,sub-HUP148,03,False
LH2-LH3,0.0,False,,,,5,sub-HUP148,03,False
LH3-LH4,0.0,False,,,,5,sub-HUP148,03,False
LH4-LH5,0.0,False,,,,5,sub-HUP148,03,False
LH5-LH6,0.0,False,,,,5,sub-HUP148,03,False
LH6-LH7,0.0,False,,,,5,sub-HUP148,03,False
LH7-LH8,0.0,False,,,,5,sub-HUP148,03,False
LH8-LH9,0.0,False,,,,5,sub-HUP148,03,False
LH9-LH10,0.0,False,,,,5,sub-HUP148,03,False
LI1-LI2,0.0,False,,,,5,sub-HUP148,03,True
LI10-LI11,0.0,False,,,,5,sub-HUP148,03,False
LI2-LI3,0.0,False,,,,5,sub-HUP148,03,True
LI3-LI4,0.0,False,,,,5,sub-HUP148,03,True
LI4-LI5,0.0,False,,,,5,sub-HUP148,03,True
LI5-LI6,0.0,False,,,,5,sub-HUP148,03,True
LI6-LI7,0.0,False,,,,5,sub-HUP148,03,True
LI7-LI8,0.0,False,,,,5,sub-HUP148,03,True
LI8-LI9,0.0,False,,,,5,sub-HUP148,03,True
LI9-LI10,0.0,False,,,,5,sub-HUP148,03,False
RB1-RB2,0.0,False,,,,5,sub-HUP148,03,True
RB2-RB3,0.0,False,,,,5,sub-HUP148,03,True
RB3-RB4,0.0,False,,,,5,sub-HUP148,03,True
RB4-RB5,0.0,False,,,,5,sub-HUP148,03,True
RB5-RB6,0.0,False,,,,5,sub-HUP148,03,False
RB6-RB7,0.0,False,,,,5,sub-HUP148,03,False
RB7-RB8,0.0,False,,,,5,sub-HUP148,03,False
RB8-RB9,0.0,False,,,,5,sub-HUP148,03,False
RE5-RE6,1.0,True,-6.5,-3.75,2.3537075671010137,1,sub-HUP150,01,False
RA3-RA4,0.27886711279962767,True,-4.5,-3.25,1.9691149008362867,2,sub-HUP150,01,False
RH8-RH9,0.17474618328315494,True,-3.75,1.75,1.5423803021834341,3,sub-HUP150,01,False
RJ6-RJ7,0.1367475719261254,True,-0.25,3.75,2.333512512482783,4,sub-HUP150,01,False
RE9-RE10,0.07261698638522718,True,9.0,13.0,2.820165980857178,5,sub-HUP150,01,False
RE7-RE8,0.06558232682377478,True,8.25,9.5,2.4311954978830648,6,sub-HUP150,01,False
RE3-RE4,0.05455900587363368,True,11.5,15.5,2.4399029545873243,7,sub-HUP150,01,False
RE4-RE5,0.05345386530131209,True,16.5,19.0,3.0195544140119175,8,sub-HUP150,01,False
RE8-RE9,0.05111481154167436,True,8.75,18.75,1.955026429144444,9,sub-HUP150,01,False
RF5-RF6,0.045576257821381874,True,23.25,25.5,3.298650374615748,10,sub-HUP150,01,False
RD2-RD3,0.044880525683090644,True,11.5,17.0,2.0070770253994747,11,sub-HUP150,01,False
RD4-RD5,0.042430432448362136,True,11.75,19.0,1.9224749761347582,12,sub-HUP150,01,False
RI1-RI2,0.04036921409043517,True,25.0,26.75,3.088063052183789,13,sub-HUP150,01,False
RD3-RD4,0.03868562490313886,True,8.75,14.5,1.4796380311789268,14,sub-HUP150,01,False
RH9-RH10,0.03669513635608307,True,25.0,27.5,2.807012653806278,15,sub-HUP150,01,False
RH11-RH12,0.03474237368748812,True,26.0,28.25,2.7394084928842797,16,sub-HUP150,01,False
RF2-RF3,0.03370964277072319,True,25.0,25.75,2.578635841396003,17,sub-HUP150,01,False
RI4-RI5,0.026927862416043457,True,25.25,27.25,2.0757052682547594,18,sub-HUP150,01,False
RC5-RC6,0.026628093908512063,True,23.5,24.5,1.9429171300281787,19,sub-HUP150,01,True
RC1-RC2,0.02568136265113625,True,26.25,29.0,2.04006659418376,20,sub-HUP150,01,False
RC6-RC7,0.02403639290662217,True,23.5,28.75,1.7538138359740216,21,sub-HUP150,01,True
RH6-RH7,0.022672933002321816,True,26.0,27.75,1.7877427081939619,22,sub-HUP150,01,False
RG2-RG3,0.02143658261898203,True,23.5,28.75,1.5641188484156063,23,sub-HUP150,01,True
RJ3-RJ4,0.018569082133302654,True,23.75,29.0,1.365818410352334,24,sub-HUP150,01,False
RG4-RG5,0.01856274559061708,True,21.5,28.5,1.2670469681213856,25,sub-HUP150,01,True
RA1-RA2,0.0,False,,,,26,sub-HUP150,01,False
RA2-RA3,0.0,False,,,,26,sub-HUP150,01,False
RA4-RA5,0.0,False,,,,26,sub-HUP150,01,False
RA5-RA6,0.0,False,,,,26,sub-HUP150,01,False
RA6-RA7,0.0,False,,,,26,sub-HUP150,01,False
RA7-RA8,0.0,False,,,,26,sub-HUP150,01,False
RB1-RB2,0.0,False,,,,26,sub-HUP150,01,False
RB2-RB3,0.0,False,,,,26,sub-HUP150,01,False
RB3-RB4,0.0,False,,,,26,sub-HUP150,01,False
RB4-RB5,0.0,False,,,,26,sub-HUP150,01,False
RB5-RB6,0.0,False,,,,26,sub-HUP150,01,False
RB6-RB7,0.0,False,,,,26,sub-HUP150,01,False
RB7-RB8,0.0,False,,,,26,sub-HUP150,01,False
RC2-RC3,0.0,False,,,,26,sub-HUP150,01,False
RC3-RC4,0.0,False,,,,26,sub-HUP150,01,True
RC4-RC5,0.0,False,,,,26,sub-HUP150,01,True
RC7-RC8,0.0,False,,,,26,sub-HUP150,01,True
RD1-RD2,0.0,False,,,,26,sub-HUP150,01,False
RD5-RD6,0.0,False,,,,26,sub-HUP150,01,False
RD6-RD7,0.0,False,,,,26,sub-HUP150,01,False
RD7-RD8,0.0,False,,,,26,sub-HUP150,01,False
RE1-RE2,0.0,False,,,,26,sub-HUP150,01,False
RE2-RE3,0.0,False,,,,26,sub-HUP150,01,False
RE6-RE7,0.0,False,,,,26,sub-HUP150,01,False
RF1-RF2,0.0,False,,,,26,sub-HUP150,01,False
RF3-RF4,0.0,False,,,,26,sub-HUP150,01,False
RF4-RF5,0.0,False,,,,26,sub-HUP150,01,False
RF6-RF7,0.0,False,,,,26,sub-HUP150,01,False
RF7-RF8,0.0,False,,,,26,sub-HUP150,01,False
RG1-RG2,0.0,False,,,,26,sub-HUP150,01,True
RG10-RG11,0.0,False,,,,26,sub-HUP150,01,False
RG11-RG12,0.0,False,,,,26,sub-HUP150,01,False
RG3-RG4,0.0,False,,,,26,sub-HUP150,01,True
RG5-RG6,0.0,False,,,,26,sub-HUP150,01,True
RG6-RG7,0.0,False,,,,26,sub-HUP150,01,False
RG7-RG8,0.0,False,,,,26,sub-HUP150,01,False
RG8-RG9,0.0,False,,,,26,sub-HUP150,01,False
RG9-RG10,0.0,False,,,,26,sub-HUP150,01,False
RH1-RH2,0.0,False,,,,26,sub-HUP150,01,False
RH10-RH11,0.0,False,,,,26,sub-HUP150,01,False
RH2-RH3,0.0,False,,,,26,sub-HUP150,01,False
RH3-RH4,0.0,False,,,,26,sub-HUP150,01,False
RH4-RH5,0.0,False,,,,26,sub-HUP150,01,False
RH5-RH6,0.0,False,,,,26,sub-HUP150,01,False
RH7-RH8,0.0,False,,,,26,sub-HUP150,01,False
RI2-RI3,0.0,False,,,,26,sub-HUP150,01,False
RI3-RI4,0.0,False,,,,26,sub-HUP150,01,False
RI5-RI6,0.0,False,,,,26,sub-HUP150,01,False
RI6-RI7,0.0,False,,,,26,sub-HUP150,01,False
RI7-RI8,0.0,False,,,,26,sub-HUP150,01,False
RJ1-RJ2,0.0,False,,,,26,sub-HUP150,01,False
RJ2-RJ3,0.0,False,,,,26,sub-HUP150,01,False
RJ4-RJ5,0.0,False,,,,26,sub-HUP150,01,False
RJ5-RJ6,0.0,False,,,,26,sub-HUP150,01,False
RI3-RI4,1.0,True,-5.0,-4.0,4.8111258597524875,1,sub-HUP150,02,False
RH3-RH4,0.9565820393033576,True,-5.0,-4.5,4.602236586267154,2,sub-HUP150,02,False
RH4-RH5,0.8119518634804727,True,-5.0,-4.5,3.906402607265123,3,sub-HUP150,02,False
RH2-RH3,0.8115724481129746,True,-5.0,-4.25,3.904577192178966,4,sub-HUP150,02,False
RF6-RF7,0.656628679851169,True,-4.75,-4.0,3.9489040273588705,5,sub-HUP150,02,False
RI4-RI5,0.6428588518717022,True,-5.0,-3.75,3.0928748464107403,6,sub-HUP150,02,False
RF7-RF8,0.47253229607514485,True,-4.75,-4.0,2.8417654365191853,7,sub-HUP150,02,False
RA6-RA7,0.12306915094445625,True,-2.75,-2.0,1.924328817601631,8,sub-HUP150,02,False
RJ6-RJ7,0.08822860010104408,True,-0.25,0.5,2.440753672216391,9,sub-HUP150,02,False
RG3-RG4,0.08054804022353726,True,-0.5,0.25,2.13139717599514,10,sub-HUP150,02,True
RD3-RD4,0.06120588496175845,True,3.25,7.5,2.7238402471541057,11,sub-HUP150,02,False
RD2-RD3,0.058004772994678024,True,1.0,7.5,1.953477843406377,12,sub-HUP150,02,False
RD5-RD6,0.053732777007656114,True,1.25,8.0,1.8742348590893996,13,sub-HUP150,02,False
RC5-RC6,0.030467641018159665,True,15.25,19.75,3.1149026812476257,14,sub-HUP150,02,True
RJ3-RJ4,0.030206446753619595,True,21.0,21.5,3.923829461904547,15,sub-HUP150,02,False
RC7-RC8,0.028473044923990484,True,15.5,19.5,2.9452291589036554,16,sub-HUP150,02,True
RA5-RA6,0.027973305899857238,True,19.0,21.25,3.36457738493925,17,sub-HUP150,02,False
RG4-RG5,0.026348804558008185,True,17.75,20.5,3.010726105836688,18,sub-HUP150,02,True
RA3-RA4,0.025870453471243213,True,14.0,18.75,2.4893201539804344,19,sub-HUP150,02,False
RF3-RF4,0.025524961618717465,True,12.25,16.0,2.2411694031622735,20,sub-HUP150,02,False
RA1-RA2,0.025296015401891796,True,12.75,16.0,2.281918384663853,21,sub-HUP150,02,False
RB6-RB7,0.02357409864444514,True,11.5,21.5,1.9848142231513062,22,sub-HUP150,02,False
RB7-RB8,0.021875467140399816,True,16.25,19.75,2.3417151707868897,23,sub-HUP150,02,False
RC6-RC7,0.02086765335623591,True,18.75,21.5,2.4848234406897993,24,sub-HUP150,02,True
RA7-RA8,0.01972272245702045,True,18.75,20.0,2.348490375932882,25,sub-HUP150,02,False
RG6-RG7,0.019545460423808465,True,18.75,21.5,2.327382834622404,26,sub-HUP150,02,False
RC4-RC5,0.019473476752941084,True,21.0,21.5,2.5296123848048215,27,sub-HUP150,02,True
RJ2-RJ3,0.019001225752915716,True,20.75,22.0,2.4454124696981765,28,sub-HUP150,02,False
RH1-RH2,0.018519792547777032,True,18.75,19.5,2.2052510578855715,29,sub-HUP150,02,False
RH10-RH11,0.017370800825669348,True,27.0,27.75,2.7579125988805924,30,sub-HUP150,02,False
RH6-RH7,0.017010913991780403,True,27.0,27.75,2.7007743907280437,31,sub-HUP150,02,False
RG8-RG9,0.014775594007324469,True,19.0,20.0,1.7771810605460658,32,sub-HUP150,02,False
RC2-RC3,0.012451524658646991,True,24.75,25.75,1.8421049575657906,33,sub-HUP150,02,False
RA2-RA3,0.0,False,,,,34,sub-HUP150,02,False
RA4-RA5,0.0,False,,,,34,sub-HUP150,02,False
RB1-RB2,0.0,False,,,,34,sub-HUP150,02,False
RB2-RB3,0.0,False,,,,34,sub-HUP150,02,False
RB3-RB4,0.0,False,,,,34,sub-HUP150,02,False
RB4-RB5,0.0,False,,,,34,sub-HUP150,02,False
RB5-RB6,0.0,False,,,,34,sub-HUP150,02,False
RC1-RC2,0.0,False,,,,34,sub-HUP150,02,False
RC3-RC4,0.0,False,,,,34,sub-HUP150,02,True
RD1-RD2,0.0,False,,,,34,sub-HUP150,02,False
RD4-RD5,0.0,False,,,,34,sub-HUP150,02,False
RD6-RD7,0.0,False,,,,34,sub-HUP150,02,False
RD7-RD8,0.0,False,,,,34,sub-HUP150,02,False
RE1-RE2,0.0,False,,,,34,sub-HUP150,02,False
RE2-RE3,0.0,False,,,,34,sub-HUP150,02,False
RE3-RE4,0.0,False,,,,34,sub-HUP150,02,False
RE4-RE5,0.0,False,,,,34,sub-HUP150,02,False
RE5-RE6,0.0,False,,,,34,sub-HUP150,02,False
RE6-RE7,0.0,False,,,,34,sub-HUP150,02,False
RE7-RE8,0.0,False,,,,34,sub-HUP150,02,False
RE8-RE9,0.0,False,,,,34,sub-HUP150,02,False
RE9-RE10,0.0,False,,,,34,sub-HUP150,02,False
RF1-RF2,0.0,False,,,,34,sub-HUP150,02,False
RF2-RF3,0.0,False,,,,34,sub-HUP150,02,False
RF4-RF5,0.0,False,,,,34,sub-HUP150,02,False
RF5-RF6,0.0,False,,,,34,sub-HUP150,02,False
RG1-RG2,0.0,False,,,,34,sub-HUP150,02,True
RG10-RG11,0.0,False,,,,34,sub-HUP150,02,False
RG11-RG12,0.0,False,,,,34,sub-HUP150,02,False
RG2-RG3,0.0,False,,,,34,sub-HUP150,02,True
RG5-RG6,0.0,False,,,,34,sub-HUP150,02,True
RG7-RG8,0.0,False,,,,34,sub-HUP150,02,False
RG9-RG10,0.0,False,,,,34,sub-HUP150,02,False
RH11-RH12,0.0,False,,,,34,sub-HUP150,02,False
RH5-RH6,0.0,False,,,,34,sub-HUP150,02,False
RH7-RH8,0.0,False,,,,34,sub-HUP150,02,False
RH8-RH9,0.0,False,,,,34,sub-HUP150,02,False
RH9-RH10,0.0,False,,,,34,sub-HUP150,02,False
RI1-RI2,0.0,False,,,,34,sub-HUP150,02,False
RI2-RI3,0.0,False,,,,34,sub-HUP150,02,False
RI5-RI6,0.0,False,,,,34,sub-HUP150,02,False
RI6-RI7,0.0,False,,,,34,sub-HUP150,02,False
RI7-RI8,0.0,False,,,,34,sub-HUP150,02,False
RJ1-RJ2,0.0,False,,,,34,sub-HUP150,02,False
RJ4-RJ5,0.0,False,,,,34,sub-HUP150,02,False
RJ5-RJ6,0.0,False,,,,34,sub-HUP150,02,False
RC3-RC4,1.0,True,-6.75,-3.75,3.2649377779582993,1,sub-HUP150,03,True
RC4-RC5,0.5868621659629846,True,-5.0,-2.25,5.269188254294199,2,sub-HUP150,03,True
RC5-RC6,0.3479427047828723,True,-4.5,-2.5,3.6920366645844225,3,sub-HUP150,03,True
RC1-RC2,0.33592384203740583,True,-5.5,2.0,2.4677334953658505,4,sub-HUP150,03,False
RG5-RG6,0.32002420398572445,True,-5.25,1.5,2.6121477836350615,5,sub-HUP150,03,True
RJ6-RJ7,0.31920056249541967,True,-5.0,-1.0,2.8659674319012955,6,sub-HUP150,03,False
RJ3-RJ4,0.3090521439192495,True,-5.25,-1.5,2.522590050102407,7,sub-HUP150,03,False
RJ1-RJ2,0.303626379316184,True,-5.25,-1.5,2.478303090535264,8,sub-HUP150,03,False
RG4-RG5,0.2953312526651787,True,-4.0,-3.0,3.615893114393586,9,sub-HUP150,03,True
RC6-RC7,0.2915469720483714,True,-5.25,2.0,2.3797068077252,10,sub-HUP150,03,True
RI3-RI4,0.2877928914512874,True,-2.5,-0.25,4.933035888517591,11,sub-HUP150,03,False
RG3-RG4,0.2761015124274045,True,-3.75,-1.75,3.6058170339026234,12,sub-HUP150,03,True
RF6-RF7,0.23764738463639967,True,-3.5,-0.5,3.297591676712564,13,sub-HUP150,03,False
RJ2-RJ3,0.23339286158334804,True,-5.25,5.25,1.9050329272231632,14,sub-HUP150,03,False
RI1-RI2,0.20637151444581184,True,-3.5,2.25,2.863608153686541,15,sub-HUP150,03,False
RI4-RI5,0.1946568515146827,True,-2.75,0.5,3.1777125412435336,16,sub-HUP150,03,False
RF7-RF8,0.19238092480207225,True,-3.5,1.5,2.6694749338655717,17,sub-HUP150,03,False
RA4-RA5,0.18145345960999693,True,-4.25,1.5,2.073519893276683,18,sub-HUP150,03,False
RA7-RA8,0.17706656526722997,True,-4.25,5.75,2.0233896135400427,19,sub-HUP150,03,False
RF2-RF3,0.17202193076821246,True,-3.5,1.5,2.3869738267104714,20,sub-HUP150,03,False
RF4-RF5,0.13752882485012882,True,0.75,1.5,3.8166959743968634,21,sub-HUP150,03,False
RA5-RA6,0.13018228298579398,True,-1.25,1.25,2.762740849317648,22,sub-HUP150,03,False
RI2-RI3,0.1292669014483824,True,-0.25,3.25,3.1653629248382704,23,sub-HUP150,03,False
RD2-RD3,0.11817278369372865,True,-3.0,2.5,1.8326772325887084,24,sub-HUP150,03,False
RD3-RD4,0.11643628006377324,True,-3.0,2.75,1.8057467451494436,25,sub-HUP150,03,False
RA3-RA4,0.11595488957780453,True,-1.5,3.75,2.3661593720097316,26,sub-HUP150,03,False
RF1-RF2,0.10613220320039658,True,1.0,4.75,3.032006597260563,27,sub-HUP150,03,False
RF3-RF4,0.10152680176611378,True,1.0,5.75,2.9004385424128474,28,sub-HUP150,03,False
RH2-RH3,0.10025858285541478,True,0.75,2.0,2.7823732951982505,29,sub-HUP150,03,False
RA1-RA2,0.09351815901744108,True,0.75,1.5,2.595313247559817,30,sub-HUP150,03,False
RF5-RF6,0.08988859656517537,True,1.0,3.0,2.5679559039163196,31,sub-HUP150,03,False
RA6-RA7,0.07570208817766769,True,0.25,1.5,1.9773008604927806,32,sub-HUP150,03,False
RG6-RG7,0.045035782760988095,True,14.5,15.75,3.2716183840420774,33,sub-HUP150,03,False
RB1-RB2,0.03680659852811967,True,14.0,14.5,2.613724774774098,34,sub-HUP150,03,False
RB2-RB3,0.03434885942539115,True,21.0,23.5,3.224223052072483,35,sub-HUP150,03,False
RH3-RH4,0.03278419075910087,True,28.5,29.25,3.880139931182767,36,sub-HUP150,03,False
RH10-RH11,0.03109381128744908,True,18.0,19.0,2.6141234976772916,37,sub-HUP150,03,False
RG11-RG12,0.029153258030671123,True,18.0,20.0,2.4509770174937864,38,sub-HUP150,03,False
RH11-RH12,0.028365870083894604,True,18.25,19.5,2.4079328218806806,39,sub-HUP150,03,False
RH4-RH5,0.01919911769911953,True,28.75,29.5,2.287963250795296,40,sub-HUP150,03,False
RA2-RA3,0.0,False,,,,41,sub-HUP150,03,False
RB3-RB4,0.0,False,,,,41,sub-HUP150,03,False
RB4-RB5,0.0,False,,,,41,sub-HUP150,03,False
RB5-RB6,0.0,False,,,,41,sub-HUP150,03,False
RB6-RB7,0.0,False,,,,41,sub-HUP150,03,False
RB7-RB8,0.0,False,,,,41,sub-HUP150,03,False
RC2-RC3,0.0,False,,,,41,sub-HUP150,03,False
RC7-RC8,0.0,False,,,,41,sub-HUP150,03,True
RD1-RD2,0.0,False,,,,41,sub-HUP150,03,False
RD4-RD5,0.0,False,,,,41,sub-HUP150,03,False
RD5-RD6,0.0,False,,,,41,sub-HUP150,03,False
RD6-RD7,0.0,False,,,,41,sub-HUP150,03,False
RD7-RD8,0.0,False,,,,41,sub-HUP150,03,False
RE1-RE2,0.0,False,,,,41,sub-HUP150,03,False
RE2-RE3,0.0,False,,,,41,sub-HUP150,03,False
RE3-RE4,0.0,False,,,,41,sub-HUP150,03,False
RE4-RE5,0.0,False,,,,41,sub-HUP150,03,False
RE5-RE6,0.0,False,,,,41,sub-HUP150,03,False
RE6-RE7,0.0,False,,,,41,sub-HUP150,03,False
RE7-RE8,0.0,False,,,,41,sub-HUP150,03,False
RE8-RE9,0.0,False,,,,41,sub-HUP150,03,False
RE9-RE10,0.0,False,,,,41,sub-HUP150,03,False
RG1-RG2,0.0,False,,,,41,sub-HUP150,03,True
RG10-RG11,0.0,False,,,,41,sub-HUP150,03,False
RG2-RG3,0.0,False,,,,41,sub-HUP150,03,True
RG7-RG8,0.0,False,,,,41,sub-HUP150,03,False
RG8-RG9,0.0,False,,,,41,sub-HUP150,03,False
RG9-RG10,0.0,False,,,,41,sub-HUP150,03,False
RH1-RH2,0.0,False,,,,41,sub-HUP150,03,False
RH5-RH6,0.0,False,,,,41,sub-HUP150,03,False
RH6-RH7,0.0,False,,,,41,sub-HUP150,03,False
RH7-RH8,0.0,False,,,,41,sub-HUP150,03,False
RH8-RH9,0.0,False,,,,41,sub-HUP150,03,False
RH9-RH10,0.0,False,,,,41,sub-HUP150,03,False
RI5-RI6,0.0,False,,,,41,sub-HUP150,03,False
RI6-RI7,0.0,False,,,,41,sub-HUP150,03,False
RI7-RI8,0.0,False,,,,41,sub-HUP150,03,False
RJ4-RJ5,0.0,False,,,,41,sub-HUP150,03,False
RJ5-RJ6,0.0,False,,,,41,sub-HUP150,03,False
RB7-RB8,1.0,True,-8.75,-7.25,5.006018658048466,1,sub-HUP157,01,False
LC3-LC4,0.7174752700424388,True,-8.5,-7.5,4.489618235651013,2,sub-HUP157,01,False
LA8-LA9,0.7114580559571704,True,-8.75,-8.0,3.561572302540484,3,sub-HUP157,01,False
LH6-LH7,0.632048405327827,True,-8.5,-7.5,3.9550576373261017,4,sub-HUP157,01,False
LA5-LA6,0.570752946529394,True,-8.5,-7.0,3.5714998743278557,5,sub-HUP157,01,False
RB6-RB7,0.559594585013948,True,-8.75,-6.75,2.8013409335227117,6,sub-HUP157,01,False
LC2-LC3,0.5105825162614912,True,-8.5,-7.75,3.1949820035979486,7,sub-HUP157,01,True
LE4-LE5,0.4575155637778421,True,-8.5,-6.75,2.8629143107743,8,sub-HUP157,01,False
RB8-RB9,0.45226069810856506,True,-8.5,-7.25,2.8300318662918764,9,sub-HUP157,01,False
RC5-RC6,0.4517661840256138,True,-8.5,-7.25,2.826937432884474,10,sub-HUP157,01,False
RC10-RC11,0.4362814727941675,True,-8.5,-7.25,2.7300414912105833,11,sub-HUP157,01,False
LA6-LA7,0.4217288836203075,True,-8.5,-6.5,2.6389783250515118,12,sub-HUP157,01,False
RC8-RC9,0.42033203750709225,True,-8.5,-7.25,2.630237527920039,13,sub-HUP157,01,False
RF7-RF8,0.4185331950550777,True,-8.5,-6.5,2.6189812293229457,14,sub-HUP157,01,False
LH7-LH8,0.40223995882415126,True,-8.5,-7.25,2.5170259236079344,15,sub-HUP157,01,False
LE7-LE8,0.3998480721355507,True,-8.5,-6.5,2.5020586368690942,16,sub-HUP157,01,False
LE6-LE7,0.3983008597984636,True,-8.5,-7.5,2.492376919584818,17,sub-HUP157,01,False
LH5-LH6,0.3872764502873062,True,-8.25,-7.5,2.9080697039415506,18,sub-HUP157,01,False
LF2-LF3,0.3688289624942037,True,-8.5,-6.5,2.307955834843302,19,sub-HUP157,01,False
RC9-RC10,0.35697760651690985,True,-8.5,-7.25,2.233795698411418,20,sub-HUP157,01,False
LC8-LC9,0.3356899016121867,True,-8.0,-6.0,2.9408223438808556,21,sub-HUP157,01,True
RJ1-RJ2,0.3195683343102102,True,-8.5,-7.25,1.9997063050979773,22,sub-HUP157,01,True
LJ6-LJ7,0.2947654887201789,True,-7.75,-5.25,2.95120307256398,23,sub-HUP157,01,False
LC1-LC2,0.2894076563977345,True,-8.0,-7.0,2.5353652234909925,24,sub-HUP157,01,True
RC6-RC7,0.2697567780094522,True,-8.0,-7.25,2.3632130617381226,25,sub-HUP157,01,False
LJ5-LJ6,0.23930851788010232,True,-7.75,-5.0,2.395965811075434,26,sub-HUP157,01,False
LE1-LE2,0.15206693470434618,True,-3.5,-2.0,4.757811952513716,27,sub-HUP157,01,False
LH4-LH5,0.1372770606448657,True,-3.75,-1.75,4.123269161461491,28,sub-HUP157,01,False
LC5-LC6,0.11089260251545946,True,-4.25,-3.75,3.0532174047756824,29,sub-HUP157,01,False
LE3-LE4,0.10773551140804155,True,-2.5,-2.0,3.910113356762108,30,sub-HUP157,01,False
LF6-LF7,0.10539629073423293,True,-3.75,-1.5,3.165694787428024,31,sub-HUP157,01,False
RH4-RH5,0.10019071965874947,True,-3.75,-2.5,3.009339671850018,32,sub-HUP157,01,False
LF1-LF2,0.09760354855065946,True,-3.75,-1.75,2.931631110818043,33,sub-HUP157,01,False
LF5-LF6,0.09261463922247488,True,-2.25,-1.75,3.4772295896710235,34,sub-HUP157,01,False
LF4-LF5,0.08600446612150005,True,-3.0,-1.75,2.9061447440381527,35,sub-HUP157,01,False
LB7-LB8,0.08249106510739447,True,-3.25,-0.25,2.6841867718243986,36,sub-HUP157,01,True
LH3-LH4,0.07940436119974903,True,-2.25,-1.75,2.981247852722725,37,sub-HUP157,01,False
LG5-LG6,0.07838969695964043,True,-2.25,1.75,2.943152141840438,38,sub-HUP157,01,False
LA7-LA8,0.07560060978411337,True,-2.0,-0.25,2.933049989328125,39,sub-HUP157,01,False
RG4-RG5,0.0733972834027116,True,-2.25,1.75,2.755711276230339,40,sub-HUP157,01,False
RH7-RH8,0.07286464632225717,True,-3.5,0.25,2.2797611187582616,41,sub-HUP157,01,False
LD2-LD3,0.07232897994674811,True,-4.0,0.75,2.081961283003447,42,sub-HUP157,01,False
RH5-RH6,0.0722359318891038,True,-3.75,2.0,2.16968653691023,43,sub-HUP157,01,False
RH6-RH7,0.07216197403690577,True,-3.75,2.0,2.1674651305821553,44,sub-HUP157,01,False
LG3-LG4,0.07112027902746668,True,-2.25,1.75,2.6702208283283335,45,sub-HUP157,01,False
LD4-LD5,0.07066268808156279,True,-3.5,1.5,2.210867093526014,46,sub-HUP157,01,False
LH1-LH2,0.07015810396430257,True,-2.25,0.0,2.6340958309395197,47,sub-HUP157,01,False
LG1-LG2,0.0676176753688693,True,-2.25,-0.5,2.538715083828179,48,sub-HUP157,01,False
LD5-LD6,0.06738301788561668,True,-3.75,3.5,2.0239238686260634,49,sub-HUP157,01,False
RF6-RF7,0.06530481255015072,True,1.25,2.75,3.5960882109505325,50,sub-HUP157,01,False
LE2-LE3,0.0650344264354945,True,-2.25,-1.5,2.4417266411367438,51,sub-HUP157,01,False
RD4-RD5,0.06479320835980305,True,-2.5,4.25,2.3515810722389703,52,sub-HUP157,01,False
RH3-RH4,0.06441145939116107,True,-3.5,3.25,2.015281046901771,53,sub-HUP157,01,False
RE1-RE2,0.063554931514396,True,-4.0,2.0,1.8294037445893376,54,sub-HUP157,01,False
RF4-RF5,0.06212242835070292,True,-4.25,5.5,1.7104231947379376,55,sub-HUP157,01,False
LF7-LF8,0.060692761540047185,True,-2.25,6.0,2.278718225084719,56,sub-HUP157,01,False
RF5-RF6,0.06019338245911642,True,1.25,2.75,3.3146211524952243,57,sub-HUP157,01,False
RJ5-RJ6,0.05906878247628045,True,-2.75,3.0,2.0698959902912635,58,sub-HUP157,01,False
LG6-LG7,0.058285310543645705,True,-2.5,2.75,2.115385802519385,59,sub-HUP157,01,False
LG2-LG3,0.05376756436801932,True,-2.25,4.5,2.0187107281809493,60,sub-HUP157,01,False
RG3-RG4,0.05300289383734777,True,-3.25,5.0,1.7246675906221125,61,sub-HUP157,01,False
RG1-RG2,0.05155766819558,True,0.0,4.0,2.516461827287318,62,sub-HUP157,01,False
RE2-RE3,0.050872748616875185,True,-1.75,5.5,2.0373594300982916,63,sub-HUP157,01,False
RG2-RG3,0.049004856094947424,True,-1.5,4.5,2.0238835975568668,64,sub-HUP157,01,False
RG7-RG8,0.04830035143901825,True,0.5,5.75,2.47837272006374,65,sub-HUP157,01,False
LG7-LG8,0.04676323757017218,True,-0.5,4.75,2.165403168030073,66,sub-HUP157,01,False
RF2-RF3,0.04333062977201807,True,0.0,6.0,2.1149109257611998,67,sub-HUP157,01,False
RD6-RD7,0.04209858574406665,True,1.0,6.25,2.265522786406696,68,sub-HUP157,01,False
RG6-RG7,0.041710430384583226,True,0.5,7.75,2.1402327255896667,69,sub-HUP157,01,False
RG5-RG6,0.0405742163230151,True,0.5,7.75,2.081931660474259,70,sub-HUP157,01,False
RD1-RD2,0.039699660373260795,True,-2.0,6.75,1.540213614237164,71,sub-HUP157,01,False
RH2-RH3,0.036193550625443084,True,23.25,23.5,5.979124461155663,72,sub-HUP157,01,False
RH1-RH2,0.035211352755909864,True,23.0,23.5,5.772799560532161,73,sub-HUP157,01,False
RF3-RF4,0.029833832970614524,True,16.0,18.5,3.8457296556689426,74,sub-HUP157,01,False
RD2-RD3,0.027938195444136248,True,14.25,17.25,3.3566190639732163,75,sub-HUP157,01,False
RJ3-RJ4,0.023546072192580644,True,13.25,15.0,2.711057764555741,76,sub-HUP157,01,False
LH2-LH3,0.020250792425561603,True,23.25,24.25,3.345402875846722,77,sub-HUP157,01,False
LE5-LE6,0.0197636634119707,True,13.0,15.25,2.2508228422615195,78,sub-HUP157,01,False
LD7-LD8,0.017878271755258246,True,15.75,21.75,2.2822235305023333,79,sub-HUP157,01,False
RI7-RI8,0.01775982009487331,True,23.25,23.75,2.9338976950311553,80,sub-HUP157,01,False
LB6-LB7,0.01755137360653297,True,18.75,20.5,2.5040813568374776,81,sub-HUP157,01,True
RJ7-RJ8,0.017152569513550115,True,18.5,20.0,2.425716845267121,82,sub-HUP157,01,False
LJ3-LJ4,0.017001016571671208,True,16.0,18.0,2.1915157087121133,83,sub-HUP157,01,False
LF3-LF4,0.01592629836483009,True,23.25,23.75,2.6310024433435446,84,sub-HUP157,01,False
RC4-RC5,0.013173954740316504,True,23.25,25.0,2.1763190866002446,85,sub-HUP157,01,False
RJ2-RJ3,0.013081854078938741,True,23.25,23.75,2.161104184834147,86,sub-HUP157,01,False
RA8-RA9,0.01138091701504671,True,23.0,24.25,1.8658684657290714,87,sub-HUP157,01,False
LA1-LA2,0.0,False,,,,88,sub-HUP157,01,True
LA2-LA3,0.0,False,,,,88,sub-HUP157,01,True
LA3-LA4,0.0,False,,,,88,sub-HUP157,01,False
LA4-LA5,0.0,False,,,,88,sub-HUP157,01,False
LA9-LA10,0.0,False,,,,88,sub-HUP157,01,False
LB1-LB2,0.0,False,,,,88,sub-HUP157,01,True
LB2-LB3,0.0,False,,,,88,sub-HUP157,01,True
LB3-LB4,0.0,False,,,,88,sub-HUP157,01,False
LB4-LB5,0.0,False,,,,88,sub-HUP157,01,False
LB5-LB6,0.0,False,,,,88,sub-HUP157,01,False
LB8-LB9,0.0,False,,,,88,sub-HUP157,01,True
LB9-LB10,0.0,False,,,,88,sub-HUP157,01,True
LC4-LC5,0.0,False,,,,88,sub-HUP157,01,False
LC6-LC7,0.0,False,,,,88,sub-HUP157,01,True
LC7-LC8,0.0,False,,,,88,sub-HUP157,01,True
LD3-LD4,0.0,False,,,,88,sub-HUP157,01,False
LD6-LD7,0.0,False,,,,88,sub-HUP157,01,False
LE8-LE9,0.0,False,,,,88,sub-HUP157,01,False
LG4-LG5,0.0,False,,,,88,sub-HUP157,01,False
LJ1-LJ2,0.0,False,,,,88,sub-HUP157,01,True
LJ2-LJ3,0.0,False,,,,88,sub-HUP157,01,False
LJ4-LJ5,0.0,False,,,,88,sub-HUP157,01,False
LJ7-LJ8,0.0,False,,,,88,sub-HUP157,01,False
RA1-RA2,0.0,False,,,,88,sub-HUP157,01,False
RA2-RA3,0.0,False,,,,88,sub-HUP157,01,False
RA3-RA4,0.0,False,,,,88,sub-HUP157,01,False
RA4-RA5,0.0,False,,,,88,sub-HUP157,01,False
RA5-RA6,0.0,False,,,,88,sub-HUP157,01,False
RA6-RA7,0.0,False,,,,88,sub-HUP157,01,False
RA7-RA8,0.0,False,,,,88,sub-HUP157,01,False
RA9-RA10,0.0,False,,,,88,sub-HUP157,01,False
RB1-RB2,0.0,False,,,,88,sub-HUP157,01,False
RB2-RB3,0.0,False,,,,88,sub-HUP157,01,False
RB3-RB4,0.0,False,,,,88,sub-HUP157,01,False
RB4-RB5,0.0,False,,,,88,sub-HUP157,01,False
RB5-RB6,0.0,False,,,,88,sub-HUP157,01,False
RC1-RC2,0.0,False,,,,88,sub-HUP157,01,False
RC11-RC12,0.0,False,,,,88,sub-HUP157,01,False
RC2-RC3,0.0,False,,,,88,sub-HUP157,01,False
RC3-RC4,0.0,False,,,,88,sub-HUP157,01,False
RC7-RC8,0.0,False,,,,88,sub-HUP157,01,False
RD3-RD4,0.0,False,,,,88,sub-HUP157,01,False
RD5-RD6,0.0,False,,,,88,sub-HUP157,01,False
RD7-RD8,0.0,False,,,,88,sub-HUP157,01,False
RE3-RE4,0.0,False,,,,88,sub-HUP157,01,False
RE4-RE5,0.0,False,,,,88,sub-HUP157,01,False
RE5-RE6,0.0,False,,,,88,sub-HUP157,01,False
RE6-RE7,0.0,False,,,,88,sub-HUP157,01,False
RE7-RE8,0.0,False,,,,88,sub-HUP157,01,False
RF1-RF2,0.0,False,,,,88,sub-HUP157,01,False
RI1-RI2,0.0,False,,,,88,sub-HUP157,01,False
RI2-RI3,0.0,False,,,,88,sub-HUP157,01,False
RI3-RI4,0.0,False,,,,88,sub-HUP157,01,False
RI4-RI5,0.0,False,,,,88,sub-HUP157,01,False
RI5-RI6,0.0,False,,,,88,sub-HUP157,01,False
RI6-RI7,0.0,False,,,,88,sub-HUP157,01,False
RJ4-RJ5,0.0,False,,,,88,sub-HUP157,01,False
RJ6-RJ7,0.0,False,,,,88,sub-HUP157,01,False
LG1-LG2,1.0,True,-2.75,1.0,3.8440542667777984,1,sub-HUP157,02,False
LJ2-LJ3,0.857656112931458,True,-2.75,3.5,3.2968766403422323,2,sub-HUP157,02,False
LA5-LA6,0.7238294939328277,True,-3.25,-2.5,1.854959903048067,3,sub-HUP157,02,False
RB2-RB3,0.2037254647268838,True,4.5,5.0,4.568268494618893,4,sub-HUP157,02,False
RH5-RH6,0.15937798359874325,True,2.5,7.25,2.7569592804743595,5,sub-HUP157,02,False
RA1-RA2,0.15302389842776754,True,1.75,3.75,2.3529286786809287,6,sub-HUP157,02,False
LC1-LC2,0.15294926551944357,True,6.25,8.5,4.115616937043832,7,sub-HUP157,02,True
RG4-RG5,0.13600138845837054,True,4.25,7.0,2.9625147330162567,8,sub-HUP157,02,False
LG3-LG4,0.12067925977916068,True,4.75,5.75,2.7833857407940137,9,sub-HUP157,02,False
RB8-RB9,0.108839762297353,True,4.5,6.0,2.4405847238162894,10,sub-HUP157,02,False
RF1-RF2,0.0913244645314429,True,5.0,7.25,2.1648465515169595,11,sub-HUP157,02,False
LC2-LC3,0.09065225559620502,True,11.0,16.75,3.5428005974958383,12,sub-HUP157,02,True
RG7-RG8,0.09061208729581628,True,5.0,14.25,2.1479596482119367,13,sub-HUP157,02,False
LA9-LA10,0.0842844759416574,True,21.0,21.75,5.45390067267209,14,sub-HUP157,02,False
LG5-LG6,0.08120526344633307,True,4.75,13.25,1.872944636614151,15,sub-HUP157,02,False
LA1-LA2,0.0809639903679061,True,7.5,11.75,2.4379681189279965,16,sub-HUP157,02,True
RJ3-RJ4,0.07460029665568867,True,17.25,18.5,4.110335437491384,17,sub-HUP157,02,False
LB2-LB3,0.0735311778670543,True,12.0,14.75,3.062126578561346,18,sub-HUP157,02,True
RF6-RF7,0.07319200110531056,True,12.25,13.75,3.0948942655716176,19,sub-HUP157,02,False
LG6-LG7,0.06928035989690676,True,20.0,22.5,4.305465652893962,20,sub-HUP157,02,False
LB3-LB4,0.06819329164778881,True,24.25,26.0,4.980635560761803,21,sub-HUP157,02,False
RC2-RC3,0.06733314578658285,True,12.25,14.25,2.847154929921339,22,sub-HUP157,02,False
LA8-LA9,0.06415513242990348,True,8.25,22.0,2.0551317546072094,23,sub-HUP157,02,False
RG6-RG7,0.06387587741484915,True,8.25,14.25,2.0461861593393875,24,sub-HUP157,02,False
RI4-RI5,0.0633993867914759,True,13.0,16.0,2.8026728580289926,25,sub-HUP157,02,False
LA3-LA4,0.06195390203987615,True,14.25,14.75,2.9372346582523425,26,sub-HUP157,02,False
LG4-LG5,0.06031804836543643,True,21.25,22.5,3.9417194701087133,27,sub-HUP157,02,False
LB1-LB2,0.05949374026333554,True,12.0,17.0,2.4775526328133215,28,sub-HUP157,02,True
RC8-RC9,0.05715556677204151,True,13.0,13.75,2.526654653681949,29,sub-HUP157,02,False
LH5-LH6,0.055100474557831326,True,20.0,22.0,3.4242489649291272,30,sub-HUP157,02,False
LH1-LH2,0.05489800273806771,True,24.75,27.0,4.079930765481736,31,sub-HUP157,02,False
LE5-LE6,0.05336882815237266,True,21.25,23.5,3.4875954167250063,32,sub-HUP157,02,False
RA8-RA9,0.05124536817196427,True,11.0,17.0,2.0027314244360572,33,sub-HUP157,02,False
LH6-LH7,0.04908764042483211,True,18.25,20.75,2.830433304316953,34,sub-HUP157,02,False
LE4-LE5,0.048437562281014285,True,21.25,22.0,3.1653425052970214,35,sub-HUP157,02,False
LF3-LF4,0.04663909523475873,True,21.75,23.75,3.1075756926210594,36,sub-HUP157,02,False
LJ6-LJ7,0.045991837086727425,True,26.5,29.0,3.6242999105987708,37,sub-HUP157,02,False
LE6-LE7,0.04595641351419721,True,21.0,25.5,2.973758948826753,38,sub-HUP157,02,False
LH7-LH8,0.04594293014040096,True,21.5,23.75,3.031755502225285,39,sub-HUP157,02,False
LJ7-LJ8,0.04395522642369657,True,25.25,28.5,3.3230034217301685,40,sub-HUP157,02,False
LH3-LH4,0.04322165986886405,True,21.5,24.0,2.8521799702868225,41,sub-HUP157,02,False
LB9-LB10,0.04183308844010335,True,25.75,28.75,3.216173242213445,42,sub-HUP157,02,True
LF2-LF3,0.041694182333138034,True,21.0,28.0,2.6979574415414307,43,sub-HUP157,02,False
RH1-RH2,0.04143043747250575,True,16.0,18.25,2.150021474198863,44,sub-HUP157,02,False
RF2-RF3,0.04134962957205686,True,23.25,27.75,2.9140873664126876,45,sub-HUP157,02,False
LG7-LG8,0.040891956562441684,True,17.75,23.25,2.305466534810946,46,sub-HUP157,02,False
LB6-LB7,0.04033244172650363,True,25.75,29.0,3.1008018941666635,47,sub-HUP157,02,True
RJ2-RJ3,0.03984717938632116,True,17.25,18.5,2.1955043191263575,48,sub-HUP157,02,False
LE7-LE8,0.03966676332819188,True,21.0,22.25,2.566766712153518,49,sub-HUP157,02,False
LF5-LF6,0.039446204426942355,True,21.0,23.75,2.552494732332213,50,sub-HUP157,02,False
LG2-LG3,0.03884580010705083,True,21.25,25.75,2.5385311820144056,51,sub-HUP157,02,False
LH4-LH5,0.03851891627370223,True,21.25,27.75,2.517169675710891,52,sub-HUP157,02,False
RG3-RG4,0.03818848904749484,True,26.75,27.75,3.033838234806275,53,sub-HUP157,02,False
LA6-LA7,0.03742781426229794,True,21.5,24.25,2.4698464264081315,54,sub-HUP157,02,False
LA7-LA8,0.03413448687058665,True,26.75,30.0,2.7117729445824197,55,sub-HUP157,02,False
LH2-LH3,0.03318327739937749,True,21.5,27.0,2.1897511440821793,56,sub-HUP157,02,False
RA2-RA3,0.032277532031339644,True,22.0,27.25,2.1713402327072435,57,sub-HUP157,02,False
LB5-LB6,0.028090402064305527,True,23.5,30.0,1.9976490533497544,58,sub-HUP157,02,False
LA4-LA5,0.0230615119486877,True,27.5,28.0,1.8764187220661526,59,sub-HUP157,02,False
LA2-LA3,0.0,False,,,,60,sub-HUP157,02,True
LB4-LB5,0.0,False,,,,60,sub-HUP157,02,False
LB7-LB8,0.0,False,,,,60,sub-HUP157,02,True
LB8-LB9,0.0,False,,,,60,sub-HUP157,02,True
LC3-LC4,0.0,False,,,,60,sub-HUP157,02,False
LC4-LC5,0.0,False,,,,60,sub-HUP157,02,False
LC5-LC6,0.0,False,,,,60,sub-HUP157,02,False
LC6-LC7,0.0,False,,,,60,sub-HUP157,02,True
LC7-LC8,0.0,False,,,,60,sub-HUP157,02,True
LC8-LC9,0.0,False,,,,60,sub-HUP157,02,True
LD2-LD3,0.0,False,,,,60,sub-HUP157,02,False
LD3-LD4,0.0,False,,,,60,sub-HUP157,02,False
LD4-LD5,0.0,False,,,,60,sub-HUP157,02,False
LD5-LD6,0.0,False,,,,60,sub-HUP157,02,False
LD6-LD7,0.0,False,,,,60,sub-HUP157,02,False
LD7-LD8,0.0,False,,,,60,sub-HUP157,02,False
LE1-LE2,0.0,False,,,,60,sub-HUP157,02,False
LE2-LE3,0.0,False,,,,60,sub-HUP157,02,False
LE3-LE4,0.0,False,,,,60,sub-HUP157,02,False
LE8-LE9,0.0,False,,,,60,sub-HUP157,02,False
LF1-LF2,0.0,False,,,,60,sub-HUP157,02,False
LF4-LF5,0.0,False,,,,60,sub-HUP157,02,False
LF6-LF7,0.0,False,,,,60,sub-HUP157,02,False
LF7-LF8,0.0,False,,,,60,sub-HUP157,02,False
LJ1-LJ2,0.0,False,,,,60,sub-HUP157,02,True
LJ3-LJ4,0.0,False,,,,60,sub-HUP157,02,False
LJ4-LJ5,0.0,False,,,,60,sub-HUP157,02,False
LJ5-LJ6,0.0,False,,,,60,sub-HUP157,02,False
RA3-RA4,0.0,False,,,,60,sub-HUP157,02,False
RA4-RA5,0.0,False,,,,60,sub-HUP157,02,False
RA5-RA6,0.0,False,,,,60,sub-HUP157,02,False
RA6-RA7,0.0,False,,,,60,sub-HUP157,02,False
RA7-RA8,0.0,False,,,,60,sub-HUP157,02,False
RA9-RA10,0.0,False,,,,60,sub-HUP157,02,False
RB1-RB2,0.0,False,,,,60,sub-HUP157,02,False
RB3-RB4,0.0,False,,,,60,sub-HUP157,02,False
RB4-RB5,0.0,False,,,,60,sub-HUP157,02,False
RB5-RB6,0.0,False,,,,60,sub-HUP157,02,False
RB6-RB7,0.0,False,,,,60,sub-HUP157,02,False
RB7-RB8,0.0,False,,,,60,sub-HUP157,02,False
RC1-RC2,0.0,False,,,,60,sub-HUP157,02,False
RC10-RC11,0.0,False,,,,60,sub-HUP157,02,False
RC11-RC12,0.0,False,,,,60,sub-HUP157,02,False
RC3-RC4,0.0,False,,,,60,sub-HUP157,02,False
RC4-RC5,0.0,False,,,,60,sub-HUP157,02,False
RC5-RC6,0.0,False,,,,60,sub-HUP157,02,False
RC6-RC7,0.0,False,,,,60,sub-HUP157,02,False
RC7-RC8,0.0,False,,,,60,sub-HUP157,02,False
RC9-RC10,0.0,False,,,,60,sub-HUP157,02,False
RD1-RD2,0.0,False,,,,60,sub-HUP157,02,False
RD2-RD3,0.0,False,,,,60,sub-HUP157,02,False
RD3-RD4,0.0,False,,,,60,sub-HUP157,02,False
RD4-RD5,0.0,False,,,,60,sub-HUP157,02,False
RD5-RD6,0.0,False,,,,60,sub-HUP157,02,False
RD6-RD7,0.0,False,,,,60,sub-HUP157,02,False
RD7-RD8,0.0,False,,,,60,sub-HUP157,02,False
RE1-RE2,0.0,False,,,,60,sub-HUP157,02,False
RE2-RE3,0.0,False,,,,60,sub-HUP157,02,False
RE3-RE4,0.0,False,,,,60,sub-HUP157,02,False
RE4-RE5,0.0,False,,,,60,sub-HUP157,02,False
RE5-RE6,0.0,False,,,,60,sub-HUP157,02,False
RE6-RE7,0.0,False,,,,60,sub-HUP157,02,False
RE7-RE8,0.0,False,,,,60,sub-HUP157,02,False
RF3-RF4,0.0,False,,,,60,sub-HUP157,02,False
RF4-RF5,0.0,False,,,,60,sub-HUP157,02,False
RF5-RF6,0.0,False,,,,60,sub-HUP157,02,False
RF7-RF8,0.0,False,,,,60,sub-HUP157,02,False
RG1-RG2,0.0,False,,,,60,sub-HUP157,02,False
RG2-RG3,0.0,False,,,,60,sub-HUP157,02,False
RG5-RG6,0.0,False,,,,60,sub-HUP157,02,False
RH2-RH3,0.0,False,,,,60,sub-HUP157,02,False
RH3-RH4,0.0,False,,,,60,sub-HUP157,02,False
RH4-RH5,0.0,False,,,,60,sub-HUP157,02,False
RH6-RH7,0.0,False,,,,60,sub-HUP157,02,False
RH7-RH8,0.0,False,,,,60,sub-HUP157,02,False
RI1-RI2,0.0,False,,,,60,sub-HUP157,02,False
RI2-RI3,0.0,False,,,,60,sub-HUP157,02,False
RI3-RI4,0.0,False,,,,60,sub-HUP157,02,False
RI5-RI6,0.0,False,,,,60,sub-HUP157,02,False
RI6-RI7,0.0,False,,,,60,sub-HUP157,02,False
RI7-RI8,0.0,False,,,,60,sub-HUP157,02,False
RJ1-RJ2,0.0,False,,,,60,sub-HUP157,02,True
RJ4-RJ5,0.0,False,,,,60,sub-HUP157,02,False
RJ5-RJ6,0.0,False,,,,60,sub-HUP157,02,False
RJ6-RJ7,0.0,False,,,,60,sub-HUP157,02,False
RJ7-RJ8,0.0,False,,,,60,sub-HUP157,02,False
RH7-RH8,1.0,True,-7.75,-7.0,2.476380052723718,1,sub-HUP157,03,False
RH6-RH7,0.7231004039408471,True,-7.5,-7.0,2.2383392705444707,2,sub-HUP157,03,False
LH7-LH8,0.3933650892684558,True,-5.25,-1.5,3.40942511175801,3,sub-HUP157,03,False
LC8-LC9,0.3043649344027282,True,-5.25,-4.75,2.638031383062177,4,sub-HUP157,03,True
RG2-RG3,0.2047341599147311,True,-3.75,-1.5,2.5349979486199397,5,sub-HUP157,03,False
LJ2-LJ3,0.183245542272811,True,-3.5,-2.25,2.3823744295833826,6,sub-HUP157,03,False
RJ6-RJ7,0.14089822879471461,True,-2.5,1.0,2.1807347703208366,7,sub-HUP157,03,False
LD4-LD5,0.12127802917316456,True,0.5,4.75,2.778057053572146,8,sub-HUP157,03,False
RJ5-RJ6,0.11653422893706886,True,-0.75,8.75,2.3086643199943713,9,sub-HUP157,03,False
LJ1-LJ2,0.10268186804802934,True,4.0,5.5,3.242061455084497,10,sub-HUP157,03,True
RJ3-RJ4,0.09946992657940283,True,6.5,8.25,3.756461465913671,11,sub-HUP157,03,False
RG1-RG2,0.09424944882610616,True,2.75,7.5,2.684070733111502,12,sub-HUP157,03,False
LC2-LC3,0.09318055395581458,True,6.0,10.75,3.4035693604893984,13,sub-HUP157,03,True
LA6-LA7,0.09255794757371372,True,-0.25,1.75,1.9482735682870345,14,sub-HUP157,03,False
RI4-RI5,0.088493503305376,True,2.0,8.0,2.3557931235965404,15,sub-HUP157,03,False
LG1-LG2,0.08761834296502008,True,3.25,5.0,2.6037158012553747,16,sub-HUP157,03,False
RC9-RC10,0.08726066253419906,True,7.0,9.5,3.403426384372556,17,sub-HUP157,03,False
RC8-RC9,0.08577495218352862,True,6.75,9.25,3.292376399464626,18,sub-HUP157,03,False
LC4-LC5,0.0791140123868382,True,7.0,9.0,3.0856827041098263,19,sub-HUP157,03,False
RJ1-RJ2,0.07831266428373772,True,5.25,9.0,2.7150468759105615,20,sub-HUP157,03,True
RJ4-RJ5,0.0722694469780294,True,7.0,7.75,2.8187242164548203,21,sub-HUP157,03,False
RF7-RF8,0.0696966041878257,True,2.5,16.25,1.941696903974759,22,sub-HUP157,03,False
RJ2-RJ3,0.06744157480973834,True,5.25,10.25,2.3381535881635456,23,sub-HUP157,03,False
RC2-RC3,0.06613263092185664,True,5.0,11.0,2.2518310106741013,24,sub-HUP157,03,False
LC5-LC6,0.06412824588240082,True,6.75,9.0,2.4614915882497588,25,sub-HUP157,03,False
RI6-RI7,0.06331732596905068,True,2.0,8.25,1.6855759524817977,26,sub-HUP157,03,False
RG7-RG8,0.06287532578882814,True,3.75,13.0,1.9462900323994898,27,sub-HUP157,03,False
RC3-RC4,0.06265179353798357,True,5.5,13.5,2.2108825379337884,28,sub-HUP157,03,False
RI5-RI6,0.06209033781457387,True,7.0,8.0,2.421708565986484,29,sub-HUP157,03,False
LJ3-LJ4,0.061908902108758816,True,26.5,27.75,5.404176451952487,30,sub-HUP157,03,False
RC11-RC12,0.0614386510390549,True,12.25,13.0,3.1950544478867466,31,sub-HUP157,03,False
RF5-RF6,0.058995827869855307,True,9.75,14.0,2.702777689620386,32,sub-HUP157,03,False
RA4-RA5,0.05888609846000458,True,9.25,10.5,2.624838472963444,33,sub-HUP157,03,False
RE6-RE7,0.0581285143268326,True,10.75,14.0,2.8069917207819457,34,sub-HUP157,03,False
RD6-RD7,0.057817825347215544,True,3.25,13.5,1.7181469125805002,35,sub-HUP157,03,False
LB7-LB8,0.05733477067146861,True,4.5,13.5,1.8812705420426568,36,sub-HUP157,03,True
RE5-RE6,0.0566410205122072,True,10.5,15.25,2.7000953472251386,37,sub-HUP157,03,False
RJ7-RJ8,0.056625603648895864,True,3.25,13.75,1.6827181841947811,38,sub-HUP157,03,False
LC7-LC8,0.055547897481690665,True,6.5,22.5,2.097755005739612,39,sub-HUP157,03,True
LC6-LC7,0.05509333692532972,True,11.5,12.5,2.7627488221474397,40,sub-HUP157,03,True
LJ4-LJ5,0.05497572353010531,True,7.25,8.0,2.178252562144108,41,sub-HUP157,03,False
RI3-RI4,0.054531819022951955,True,7.5,15.25,2.1944245190916427,42,sub-HUP157,03,False
LJ5-LJ6,0.05375871238708542,True,7.25,17.25,2.1300320482478368,43,sub-HUP157,03,False
RC10-RC11,0.053243798861883754,True,12.25,16.25,2.768889510088857,44,sub-HUP157,03,False
RB5-RB6,0.053178299394370944,True,7.75,13.75,2.1728797176568344,45,sub-HUP157,03,False
LA8-LA9,0.05271738885533972,True,16.5,17.25,3.296344327374334,46,sub-HUP157,03,False
LB3-LB4,0.05183880753140763,True,11.0,15.25,2.535358631323297,47,sub-HUP157,03,False
RB8-RB9,0.051526759788399865,True,7.25,18.25,2.04159744194368,48,sub-HUP157,03,False
LC3-LC4,0.049803483992807644,True,14.5,17.75,2.8674772378454616,49,sub-HUP157,03,False
RE7-RE8,0.04781394043643689,True,7.0,14.75,1.864886441337869,50,sub-HUP157,03,False
LB6-LB7,0.04739102594556571,True,4.75,11.5,1.5843355829510997,51,sub-HUP157,03,True
LB2-LB3,0.047355225431736536,True,14.5,15.5,2.7265167038947538,52,sub-HUP157,03,True
LG2-LG3,0.04693431890331939,True,14.75,15.25,2.7313394613283153,53,sub-HUP157,03,False
LA9-LA10,0.046626720904195076,True,21.0,21.5,3.4350980767391746,54,sub-HUP157,03,False
RE4-RE5,0.04649515356735361,True,22.75,23.75,3.6268996315393958,55,sub-HUP157,03,False
RD3-RD4,0.04266611629378377,True,14.75,15.75,2.4829517039522386,56,sub-HUP157,03,False
LD2-LD3,0.04249517010900633,True,15.5,20.75,2.551929146179828,57,sub-HUP157,03,False
LC1-LC2,0.041723860957190974,True,17.0,21.25,2.660596527672896,58,sub-HUP157,03,True
RB7-RB8,0.0414314208128443,True,15.0,19.0,2.4367486713520856,59,sub-HUP157,03,False
RC4-RC5,0.0414085254950998,True,12.75,26.5,2.2046798007984836,60,sub-HUP157,03,False
RB6-RB7,0.04081842311717745,True,7.5,15.25,1.6425813428539926,61,sub-HUP157,03,False
RD2-RD3,0.03571899148850777,True,14.75,24.25,2.078664253600399,62,sub-HUP157,03,False
LJ7-LJ8,0.03541234712223596,True,20.25,23.0,2.5431384709753653,63,sub-HUP157,03,False
LE7-LE8,0.031378505157478274,True,22.0,22.75,2.3894319558802257,64,sub-HUP157,03,False
RD5-RD6,0.02202908934551168,True,23.0,29.25,1.732038618557875,65,sub-HUP157,03,False
LA1-LA2,0.0,False,,,,66,sub-HUP157,03,True
LA2-LA3,0.0,False,,,,66,sub-HUP157,03,True
LA3-LA4,0.0,False,,,,66,sub-HUP157,03,False
LA4-LA5,0.0,False,,,,66,sub-HUP157,03,False
LA5-LA6,0.0,False,,,,66,sub-HUP157,03,False
LA7-LA8,0.0,False,,,,66,sub-HUP157,03,False
LB1-LB2,0.0,False,,,,66,sub-HUP157,03,True
LB4-LB5,0.0,False,,,,66,sub-HUP157,03,False
LB5-LB6,0.0,False,,,,66,sub-HUP157,03,False
LB8-LB9,0.0,False,,,,66,sub-HUP157,03,True
LB9-LB10,0.0,False,,,,66,sub-HUP157,03,True
LD3-LD4,0.0,False,,,,66,sub-HUP157,03,False
LD5-LD6,0.0,False,,,,66,sub-HUP157,03,False
LD6-LD7,0.0,False,,,,66,sub-HUP157,03,False
LD7-LD8,0.0,False,,,,66,sub-HUP157,03,False
LE1-LE2,0.0,False,,,,66,sub-HUP157,03,False
LE2-LE3,0.0,False,,,,66,sub-HUP157,03,False
LE3-LE4,0.0,False,,,,66,sub-HUP157,03,False
LE4-LE5,0.0,False,,,,66,sub-HUP157,03,False
LE5-LE6,0.0,False,,,,66,sub-HUP157,03,False
LE6-LE7,0.0,False,,,,66,sub-HUP157,03,False
LE8-LE9,0.0,False,,,,66,sub-HUP157,03,False
LF1-LF2,0.0,False,,,,66,sub-HUP157,03,False
LF2-LF3,0.0,False,,,,66,sub-HUP157,03,False
LF3-LF4,0.0,False,,,,66,sub-HUP157,03,False
LF4-LF5,0.0,False,,,,66,sub-HUP157,03,False
LF5-LF6,0.0,False,,,,66,sub-HUP157,03,False
LF6-LF7,0.0,False,,,,66,sub-HUP157,03,False
LF7-LF8,0.0,False,,,,66,sub-HUP157,03,False
LG3-LG4,0.0,False,,,,66,sub-HUP157,03,False
LG4-LG5,0.0,False,,,,66,sub-HUP157,03,False
LG5-LG6,0.0,False,,,,66,sub-HUP157,03,False
LG6-LG7,0.0,False,,,,66,sub-HUP157,03,False
LG7-LG8,0.0,False,,,,66,sub-HUP157,03,False
LH1-LH2,0.0,False,,,,66,sub-HUP157,03,False
LH2-LH3,0.0,False,,,,66,sub-HUP157,03,False
LH3-LH4,0.0,False,,,,66,sub-HUP157,03,False
LH4-LH5,0.0,False,,,,66,sub-HUP157,03,False
LH5-LH6,0.0,False,,,,66,sub-HUP157,03,False
LH6-LH7,0.0,False,,,,66,sub-HUP157,03,False
LJ6-LJ7,0.0,False,,,,66,sub-HUP157,03,False
RA1-RA2,0.0,False,,,,66,sub-HUP157,03,False
RA2-RA3,0.0,False,,,,66,sub-HUP157,03,False
RA3-RA4,0.0,False,,,,66,sub-HUP157,03,False
RA5-RA6,0.0,False,,,,66,sub-HUP157,03,False
RA6-RA7,0.0,False,,,,66,sub-HUP157,03,False
RA7-RA8,0.0,False,,,,66,sub-HUP157,03,False
RA8-RA9,0.0,False,,,,66,sub-HUP157,03,False
RA9-RA10,0.0,False,,,,66,sub-HUP157,03,False
RB1-RB2,0.0,False,,,,66,sub-HUP157,03,False
RB2-RB3,0.0,False,,,,66,sub-HUP157,03,False
RB3-RB4,0.0,False,,,,66,sub-HUP157,03,False
RB4-RB5,0.0,False,,,,66,sub-HUP157,03,False
RC1-RC2,0.0,False,,,,66,sub-HUP157,03,False
RC5-RC6,0.0,False,,,,66,sub-HUP157,03,False
RC6-RC7,0.0,False,,,,66,sub-HUP157,03,False
RC7-RC8,0.0,False,,,,66,sub-HUP157,03,False
RD1-RD2,0.0,False,,,,66,sub-HUP157,03,False
RD4-RD5,0.0,False,,,,66,sub-HUP157,03,False
RD7-RD8,0.0,False,,,,66,sub-HUP157,03,False
RE1-RE2,0.0,False,,,,66,sub-HUP157,03,False
RE2-RE3,0.0,False,,,,66,sub-HUP157,03,False
RE3-RE4,0.0,False,,,,66,sub-HUP157,03,False
RF1-RF2,0.0,False,,,,66,sub-HUP157,03,False
RF2-RF3,0.0,False,,,,66,sub-HUP157,03,False
RF3-RF4,0.0,False,,,,66,sub-HUP157,03,False
RF4-RF5,0.0,False,,,,66,sub-HUP157,03,False
RF6-RF7,0.0,False,,,,66,sub-HUP157,03,False
RG3-RG4,0.0,False,,,,66,sub-HUP157,03,False
RG4-RG5,0.0,False,,,,66,sub-HUP157,03,False
RG5-RG6,0.0,False,,,,66,sub-HUP157,03,False
RG6-RG7,0.0,False,,,,66,sub-HUP157,03,False
RH1-RH2,0.0,False,,,,66,sub-HUP157,03,False
RH2-RH3,0.0,False,,,,66,sub-HUP157,03,False
RH3-RH4,0.0,False,,,,66,sub-HUP157,03,False
RH4-RH5,0.0,False,,,,66,sub-HUP157,03,False
RH5-RH6,0.0,False,,,,66,sub-HUP157,03,False
RI1-RI2,0.0,False,,,,66,sub-HUP157,03,False
RI2-RI3,0.0,False,,,,66,sub-HUP157,03,False
RI7-RI8,0.0,False,,,,66,sub-HUP157,03,False
RH6-RH7,1.0,True,-6.5,-1.75,2.991133995887637,1,sub-HUP158,04,False
RF4-RF5,0.5501704724321763,True,-5.25,-1.5,3.70267560815725,2,sub-HUP158,04,False
RO7-RO8,0.3934456100675928,True,-5.5,1.75,2.353697079611856,3,sub-HUP158,04,False
RH8-RH9,0.37529663030711513,True,-4.0,-3.0,3.9289687830879023,4,sub-HUP158,04,False
RM4-RM5,0.3748303522106048,True,-5.0,-4.5,2.8029195229691917,5,sub-HUP158,04,False
RF5-RF6,0.282787160764517,True,-3.25,-1.25,3.594880733193979,6,sub-HUP158,04,False
RI4-RI5,0.18178246912046384,True,-2.75,-1.5,2.582744685402416,7,sub-HUP158,04,False
RF3-RF4,0.16840075965066284,True,-1.75,2.0,2.896328113465304,8,sub-HUP158,04,False
RH5-RH6,0.16805078241315763,True,-3.0,3.75,2.261980837401804,9,sub-HUP158,04,False
RI3-RI4,0.1656631338033838,True,-3.0,4.25,2.229842841230626,10,sub-HUP158,04,False
RH4-RH5,0.1655891076737165,True,-2.75,6.75,2.352671244229871,11,sub-HUP158,04,False
RI2-RI3,0.1533141432742199,True,-2.5,5.0,2.2929157299895353,12,sub-HUP158,04,False
RH3-RH4,0.13945593186946945,True,-2.5,3.0,2.085656893714801,13,sub-HUP158,04,False
RM2-RM3,0.13767976386045347,True,-2.5,2.5,2.0590931111439223,14,sub-HUP158,04,False
RG4-RG5,0.13655673036393864,True,-2.5,2.5,2.042297392794192,15,sub-HUP158,04,False
RG6-RG7,0.13139517489686822,True,1.5,5.25,3.5371851707666186,16,sub-HUP158,04,False
RG3-RG4,0.12796558885946005,True,-2.5,4.5,1.9138111157065558,17,sub-HUP158,04,False
RC5-RC6,0.12648745818757728,True,1.0,2.25,3.2158979580253666,18,sub-HUP158,04,False
LC2-LC3,0.12631196082656,True,-1.5,1.5,2.2668960006933063,19,sub-HUP158,04,False
RE6-RE7,0.12282795574574855,True,0.5,1.75,2.9391589926119255,20,sub-HUP158,04,False
RI6-RI7,0.11699920770859756,True,1.5,4.0,3.1496427690219457,21,sub-HUP158,04,False
LA7-LA8,0.1165166966762675,True,1.0,3.25,2.96239494639375,22,sub-HUP158,04,False
RI1-RI2,0.11261268790637866,True,-2.5,7.5,1.6841981958252688,23,sub-HUP158,04,False
RB2-RB3,0.11144596433493,True,-0.5,2.5,2.3334486883868317,24,sub-HUP158,04,False
RC7-RC8,0.11134713563296796,True,1.5,5.75,2.997487824628339,25,sub-HUP158,04,False
RP3-RP4,0.1107065452842892,True,1.75,4.25,3.063027528295782,26,sub-HUP158,04,False
RP4-RP5,0.1090440875652887,True,2.0,5.25,3.098572034987292,27,sub-HUP158,04,False
RB1-RB2,0.10596355977509195,True,0.25,2.25,2.4563718462562565,28,sub-HUP158,04,False
RH1-RH2,0.10132921581679544,True,1.5,4.5,2.7278033598562685,29,sub-HUP158,04,False
LM5-LM6,0.09630637350279739,True,1.75,4.25,2.664603727195044,30,sub-HUP158,04,False
LM6-LM7,0.09565833731754075,True,1.75,4.0,2.6466738688503937,31,sub-HUP158,04,False
RG10-RG11,0.09460563765916376,True,1.5,4.25,2.5468032510445715,32,sub-HUP158,04,False
LC3-LC4,0.09301700966005375,True,0.0,5.25,2.086697548424966,33,sub-HUP158,04,False
RB3-RB4,0.09180632961559382,True,1.25,2.5,2.402794043570101,34,sub-HUP158,04,False
RJ2-RJ3,0.08652489664249384,True,5.25,7.75,3.299796387934849,35,sub-HUP158,04,False
RG8-RG9,0.08553758380318413,True,1.5,7.75,2.3026893735581258,36,sub-HUP158,04,False
RG9-RG10,0.08210585787526516,True,2.0,7.75,2.3331014161461305,37,sub-HUP158,04,False
RC1-RC2,0.08125829895604038,True,1.25,2.5,2.126726528984866,38,sub-HUP158,04,False
RN1-RN2,0.07976280194172901,True,2.25,2.5,2.326166977827791,39,sub-HUP158,04,False
LC4-LC5,0.07778922533650111,True,1.75,15.0,2.152271466864394,40,sub-HUP158,04,False
RJ7-RJ8,0.07685733089461123,True,1.25,8.25,2.011542533630497,41,sub-HUP158,04,False
RC3-RC4,0.0753980180261074,True,10.25,12.5,4.003078955192787,42,sub-HUP158,04,False
RH2-RH3,0.07465005882284606,True,3.25,9.5,2.400349533955287,43,sub-HUP158,04,False
RP7-RP8,0.07228149941654179,True,1.5,9.25,1.9458328516069545,44,sub-HUP158,04,False
RG5-RG6,0.07031088850542348,True,3.75,10.75,2.365979500008421,45,sub-HUP158,04,False
RJ1-RJ2,0.06731456207620165,True,1.5,6.75,1.812121875399739,46,sub-HUP158,04,False
RN2-RN3,0.06340823186572356,True,13.75,15.75,4.030328506494694,47,sub-HUP158,04,False
RI5-RI6,0.06321270791787341,True,5.0,11.75,2.3634709953158346,48,sub-HUP158,04,False
LA3-LA4,0.06282699900457375,True,2.0,14.0,1.785277739530703,49,sub-HUP158,04,False
LF1-LF2,0.06254548376059858,True,4.5,5.75,2.2449830731867744,50,sub-HUP158,04,False
RJ3-RJ4,0.05892181321022786,True,6.25,9.5,2.42334178064624,51,sub-HUP158,04,False
RC4-RC5,0.0555127727685186,True,8.5,12.5,2.656738269342423,52,sub-HUP158,04,False
LE3-LE4,0.042893185530600106,True,12.5,15.75,2.565985308649873,53,sub-HUP158,04,False
LC5-LC6,0.038686737245592726,True,12.5,14.25,2.3143442993052967,54,sub-HUP158,04,False
RD7-RD8,0.037790573580895145,True,15.5,22.0,2.599843395323899,55,sub-HUP158,04,False
RM7-RM8,0.03599927822155626,True,20.0,23.0,2.961163285187645,56,sub-HUP158,04,False
RC2-RC3,0.03345622724463299,True,18.5,21.25,2.6018735258246615,57,sub-HUP158,04,False
RD6-RD7,0.032807999004188126,True,24.75,27.5,3.1647931573608132,58,sub-HUP158,04,False
RO3-RO4,0.026262271688439993,True,27.75,28.75,2.769027571392692,59,sub-HUP158,04,False
RD3-RD4,0.023891747568982404,True,28.25,29.75,2.5548172068972796,60,sub-HUP158,04,False
RD4-RD5,0.022629603451340425,True,28.5,29.25,2.4367743430833793,61,sub-HUP158,04,False
RM6-RM7,0.022369328346888682,True,21.0,28.0,1.9069252667812244,62,sub-HUP158,04,False
LA1-LA2,0.0,False,,,,63,sub-HUP158,04,False
LA2-LA3,0.0,False,,,,63,sub-HUP158,04,False
LA4-LA5,0.0,False,,,,63,sub-HUP158,04,False
LA5-LA6,0.0,False,,,,63,sub-HUP158,04,False
LA6-LA7,0.0,False,,,,63,sub-HUP158,04,False
LB1-LB2,0.0,False,,,,63,sub-HUP158,04,False
LB2-LB3,0.0,False,,,,63,sub-HUP158,04,False
LB3-LB4,0.0,False,,,,63,sub-HUP158,04,False
LB6-LB7,0.0,False,,,,63,sub-HUP158,04,False
LB7-LB8,0.0,False,,,,63,sub-HUP158,04,False
LC1-LC2,0.0,False,,,,63,sub-HUP158,04,False
LC6-LC7,0.0,False,,,,63,sub-HUP158,04,False
LC7-LC8,0.0,False,,,,63,sub-HUP158,04,False
LE1-LE2,0.0,False,,,,63,sub-HUP158,04,False
LE2-LE3,0.0,False,,,,63,sub-HUP158,04,False
LE4-LE5,0.0,False,,,,63,sub-HUP158,04,False
LE5-LE6,0.0,False,,,,63,sub-HUP158,04,False
LE6-LE7,0.0,False,,,,63,sub-HUP158,04,False
LE7-LE8,0.0,False,,,,63,sub-HUP158,04,False
LF2-LF3,0.0,False,,,,63,sub-HUP158,04,False
LF3-LF4,0.0,False,,,,63,sub-HUP158,04,False
LF4-LF5,0.0,False,,,,63,sub-HUP158,04,False
LF5-LF6,0.0,False,,,,63,sub-HUP158,04,False
LF6-LF7,0.0,False,,,,63,sub-HUP158,04,False
LF7-LF8,0.0,False,,,,63,sub-HUP158,04,False
LI1-LI2,0.0,False,,,,63,sub-HUP158,04,False
LI2-LI3,0.0,False,,,,63,sub-HUP158,04,False
LI3-LI4,0.0,False,,,,63,sub-HUP158,04,False
LI4-LI5,0.0,False,,,,63,sub-HUP158,04,False
LI7-LI8,0.0,False,,,,63,sub-HUP158,04,False
LI8-LI9,0.0,False,,,,63,sub-HUP158,04,False
LJ1-LJ2,0.0,False,,,,63,sub-HUP158,04,False
LJ2-LJ3,0.0,False,,,,63,sub-HUP158,04,False
LJ3-LJ4,0.0,False,,,,63,sub-HUP158,04,False
LK1-LK2,0.0,False,,,,63,sub-HUP158,04,False
LK2-LK3,0.0,False,,,,63,sub-HUP158,04,False
LK3-LK4,0.0,False,,,,63,sub-HUP158,04,False
LK4-LK5,0.0,False,,,,63,sub-HUP158,04,False
LK5-LK6,0.0,False,,,,63,sub-HUP158,04,False
LM1-LM2,0.0,False,,,,63,sub-HUP158,04,False
LM2-LM3,0.0,False,,,,63,sub-HUP158,04,False
LM3-LM4,0.0,False,,,,63,sub-HUP158,04,False
LM4-LM5,0.0,False,,,,63,sub-HUP158,04,False
LM7-LM8,0.0,False,,,,63,sub-HUP158,04,False
LN1-LN2,0.0,False,,,,63,sub-HUP158,04,False
LN2-LN3,0.0,False,,,,63,sub-HUP158,04,False
LN3-LN4,0.0,False,,,,63,sub-HUP158,04,False
LN4-LN5,0.0,False,,,,63,sub-HUP158,04,False
RA1-RA2,0.0,False,,,,63,sub-HUP158,04,False
RA2-RA3,0.0,False,,,,63,sub-HUP158,04,False
RA3-RA4,0.0,False,,,,63,sub-HUP158,04,False
RC6-RC7,0.0,False,,,,63,sub-HUP158,04,False
RD1-RD2,0.0,False,,,,63,sub-HUP158,04,False
RD2-RD3,0.0,False,,,,63,sub-HUP158,04,False
RD5-RD6,0.0,False,,,,63,sub-HUP158,04,False
RE1-RE2,0.0,False,,,,63,sub-HUP158,04,False
RE2-RE3,0.0,False,,,,63,sub-HUP158,04,False
RE3-RE4,0.0,False,,,,63,sub-HUP158,04,False
RE4-RE5,0.0,False,,,,63,sub-HUP158,04,False
RE5-RE6,0.0,False,,,,63,sub-HUP158,04,False
RE7-RE8,0.0,False,,,,63,sub-HUP158,04,False
RF1-RF2,0.0,False,,,,63,sub-HUP158,04,False
RF2-RF3,0.0,False,,,,63,sub-HUP158,04,False
RF6-RF7,0.0,False,,,,63,sub-HUP158,04,False
RF7-RF8,0.0,False,,,,63,sub-HUP158,04,False
RG1-RG2,0.0,False,,,,63,sub-HUP158,04,False
RG2-RG3,0.0,False,,,,63,sub-HUP158,04,False
RG7-RG8,0.0,False,,,,63,sub-HUP158,04,False
RH7-RH8,0.0,False,,,,63,sub-HUP158,04,False
RI7-RI8,0.0,False,,,,63,sub-HUP158,04,False
RJ4-RJ5,0.0,False,,,,63,sub-HUP158,04,False
RJ5-RJ6,0.0,False,,,,63,sub-HUP158,04,False
RJ6-RJ7,0.0,False,,,,63,sub-HUP158,04,False
RK1-RK2,0.0,False,,,,63,sub-HUP158,04,False
RK2-RK3,0.0,False,,,,63,sub-HUP158,04,False
RK3-RK4,0.0,False,,,,63,sub-HUP158,04,False
RK4-RK5,0.0,False,,,,63,sub-HUP158,04,False
RK5-RK6,0.0,False,,,,63,sub-HUP158,04,False
RK6-RK7,0.0,False,,,,63,sub-HUP158,04,False
RK7-RK8,0.0,False,,,,63,sub-HUP158,04,False
RL1-RL2,0.0,False,,,,63,sub-HUP158,04,True
RL2-RL3,0.0,False,,,,63,sub-HUP158,04,True
RL3-RL4,0.0,False,,,,63,sub-HUP158,04,True
RL4-RL5,0.0,False,,,,63,sub-HUP158,04,True
RL5-RL6,0.0,False,,,,63,sub-HUP158,04,False
RL6-RL7,0.0,False,,,,63,sub-HUP158,04,False
RL7-RL8,0.0,False,,,,63,sub-HUP158,04,False
RM1-RM2,0.0,False,,,,63,sub-HUP158,04,False
RM3-RM4,0.0,False,,,,63,sub-HUP158,04,False
RM5-RM6,0.0,False,,,,63,sub-HUP158,04,False
RN3-RN4,0.0,False,,,,63,sub-HUP158,04,False
RN4-RN5,0.0,False,,,,63,sub-HUP158,04,False
RN5-RN6,0.0,False,,,,63,sub-HUP158,04,False
RN6-RN7,0.0,False,,,,63,sub-HUP158,04,False
RN7-RN8,0.0,False,,,,63,sub-HUP158,04,False
RO1-RO2,0.0,False,,,,63,sub-HUP158,04,False
RO2-RO3,0.0,False,,,,63,sub-HUP158,04,False
RO4-RO5,0.0,False,,,,63,sub-HUP158,04,False
RO5-RO6,0.0,False,,,,63,sub-HUP158,04,False
RO6-RO7,0.0,False,,,,63,sub-HUP158,04,False
RP1-RP2,0.0,False,,,,63,sub-HUP158,04,False
RP2-RP3,0.0,False,,,,63,sub-HUP158,04,False
RF2-RF3,1.0,True,-2.25,12.5,1.9118351925954122,1,sub-HUP160,01,False
RF1-RF2,0.25857191768843824,True,5.5,7.0,4.325535305469353,2,sub-HUP160,01,False
LA1-LA2,0.20058892834141823,True,3.25,5.75,2.4927043209127975,3,sub-HUP160,01,False
RG2-RG3,0.14439124411159884,True,12.0,12.5,4.209796995426644,4,sub-HUP160,01,True
RG1-RG2,0.14364146691864565,True,10.75,12.75,3.8446633619953503,5,sub-HUP160,01,True
RH7-RH8,0.1322137465627346,True,7.75,9.75,2.780479829858794,6,sub-HUP160,01,False
RF3-RF4,0.11441861039425726,True,12.0,12.5,3.3359302721039654,7,sub-HUP160,01,False
RI6-RI7,0.11419682149449197,True,17.0,20.5,4.421091419868046,8,sub-HUP160,01,False
RD2-RD3,0.10619988129427572,True,12.0,13.25,3.096309225244736,9,sub-HUP160,01,False
RD3-RD4,0.1055724886346773,True,8.5,15.5,2.371587089914449,10,sub-HUP160,01,False
RL7-RL8,0.09687201097759948,True,11.5,12.75,2.731748966525841,11,sub-HUP160,01,True
RJ5-RJ6,0.08904363206021541,True,12.25,17.0,2.638669616463173,12,sub-HUP160,01,False
RH2-RH3,0.0888372441934533,True,17.5,21.25,3.5242250246414066,13,sub-HUP160,01,False
RD4-RD5,0.08667511521788156,True,11.0,13.0,2.3613466322402656,14,sub-HUP160,01,False
RH6-RH7,0.08121643524232976,True,12.25,12.75,2.406722806258201,15,sub-HUP160,01,False
RB6-RB7,0.08054804783544983,True,14.5,15.0,2.733404017703423,16,sub-HUP160,01,False
RH5-RH6,0.0803190397608928,True,12.25,12.75,2.3801298861803484,17,sub-HUP160,01,False
RH4-RH5,0.08012051029240691,True,12.25,12.75,2.3742467739987605,18,sub-HUP160,01,False
RK2-RK3,0.08011563030577733,True,14.75,15.75,2.757021866919876,19,sub-HUP160,01,False
RI4-RI5,0.07924945082056323,True,15.0,18.25,2.7650919755751717,20,sub-HUP160,01,False
RD5-RD6,0.07879557334379265,True,12.0,16.0,2.2973232896257856,21,sub-HUP160,01,False
RD8-RD9,0.07855070636781106,True,10.5,12.5,2.064920066511634,22,sub-HUP160,01,False
RA2-RA3,0.07760485346752782,True,22.75,24.5,3.857559939361175,23,sub-HUP160,01,False
RD1-RD2,0.07620293098257543,True,9.25,15.25,1.8210930653925874,24,sub-HUP160,01,False
RJ4-RJ5,0.0757388385155144,True,12.25,18.75,2.2444027422640502,25,sub-HUP160,01,False
RI2-RI3,0.0751977379579232,True,11.75,15.5,2.156485227472882,26,sub-HUP160,01,True
LA3-LA4,0.07402611897271283,True,9.0,22.75,1.73369030793527,27,sub-HUP160,01,False
RF5-RF6,0.07389425371631017,True,15.25,18.0,2.613562243530198,28,sub-HUP160,01,True
RL10-RL11,0.07363819134489678,True,17.5,20.25,2.9212697789441577,29,sub-HUP160,01,True
RG3-RG4,0.0732984494746959,True,12.0,18.0,2.1370519678431052,30,sub-HUP160,01,True
RJ6-RJ7,0.07202466187300123,True,12.25,19.25,2.134338891205626,31,sub-HUP160,01,False
RJ1-RJ2,0.07159390920352332,True,12.0,25.5,2.0873552666593413,32,sub-HUP160,01,False
RG7-RG8,0.07108349927970906,True,11.25,17.75,1.9705490652687871,33,sub-HUP160,01,False
RD6-RD7,0.0693265074706313,True,14.75,16.0,2.38573542171747,34,sub-HUP160,01,False
RC2-RC3,0.06755236629972508,True,14.75,18.5,2.324681842228393,35,sub-HUP160,01,True
RC6-RC7,0.0671033053126868,True,14.75,18.5,2.3092282914528477,36,sub-HUP160,01,False
RI1-RI2,0.06706067522118002,True,14.0,18.25,2.2116045414918384,37,sub-HUP160,01,True
RD7-RD8,0.06639583688358895,True,12.0,19.0,1.9358029383370154,38,sub-HUP160,01,False
RL8-RL9,0.06561111428267806,True,17.5,21.5,2.602830974203736,39,sub-HUP160,01,True
RL9-RL10,0.06400737584197919,True,14.75,18.75,2.20268796696679,40,sub-HUP160,01,True
RJ3-RJ4,0.0635776332051009,True,12.25,25.5,1.884024327663236,41,sub-HUP160,01,False
RD9-RD10,0.062391970083833174,True,12.0,18.25,1.819068253159894,42,sub-HUP160,01,False
RF7-RF8,0.05822402932509186,True,15.25,28.0,2.059322843890732,43,sub-HUP160,01,True
RI5-RI6,0.058143223130581664,True,17.25,19.25,2.2787853339354593,44,sub-HUP160,01,False
LA7-LA8,0.05643447244555201,True,16.0,20.5,2.0769481520665267,45,sub-HUP160,01,False
RF8-RF9,0.056019387346048506,True,9.5,28.0,1.365522911496573,46,sub-HUP160,01,True
LA6-LA7,0.054173401967838916,True,16.0,20.0,1.993734365406091,47,sub-HUP160,01,False
RJ2-RJ3,0.053562016219079335,True,12.0,18.0,1.5616266508085326,48,sub-HUP160,01,False
RG4-RG5,0.050993704346266384,True,17.25,21.0,1.998576950684953,49,sub-HUP160,01,False
RH3-RH4,0.05073066829559476,True,12.25,18.5,1.503324493366737,50,sub-HUP160,01,False
RI3-RI4,0.05058716981270804,True,12.0,19.5,1.4748935560114664,51,sub-HUP160,01,True
RL3-RL4,0.05045605888713668,True,24.75,29.25,2.700982733682644,52,sub-HUP160,01,False
RB3-RB4,0.0491649317995098,True,19.75,25.0,2.161890677684691,53,sub-HUP160,01,True
RG6-RG7,0.04856601337256517,True,12.0,18.25,1.4159657563283747,54,sub-HUP160,01,False
RF9-RF10,0.0480244960146687,True,23.0,24.25,2.4101416916719205,55,sub-HUP160,01,False
RL6-RL7,0.04700621817152901,True,25.0,29.0,2.5387750163349065,56,sub-HUP160,01,False
RI7-RI8,0.042086052740688676,True,12.25,22.5,1.2471547495796658,57,sub-HUP160,01,False
RL2-RL3,0.0363504346259438,True,15.25,21.5,1.2856767434043368,58,sub-HUP160,01,False
LA2-LA3,0.0,False,,,,59,sub-HUP160,01,False
LA4-LA5,0.0,False,,,,59,sub-HUP160,01,False
LA5-LA6,0.0,False,,,,59,sub-HUP160,01,False
RA1-RA2,0.0,False,,,,59,sub-HUP160,01,False
RA3-RA4,0.0,False,,,,59,sub-HUP160,01,True
RA4-RA5,0.0,False,,,,59,sub-HUP160,01,True
RA5-RA6,0.0,False,,,,59,sub-HUP160,01,True
RA6-RA7,0.0,False,,,,59,sub-HUP160,01,True
RA7-RA8,0.0,False,,,,59,sub-HUP160,01,False
RB2-RB3,0.0,False,,,,59,sub-HUP160,01,True
RB4-RB5,0.0,False,,,,59,sub-HUP160,01,True
RB5-RB6,0.0,False,,,,59,sub-HUP160,01,False
RB7-RB8,0.0,False,,,,59,sub-HUP160,01,False
RC1-RC2,0.0,False,,,,59,sub-HUP160,01,True
RC3-RC4,0.0,False,,,,59,sub-HUP160,01,False
RC4-RC5,0.0,False,,,,59,sub-HUP160,01,False
RC5-RC6,0.0,False,,,,59,sub-HUP160,01,False
RD10-RD11,0.0,False,,,,59,sub-HUP160,01,False
RF10-RF11,0.0,False,,,,59,sub-HUP160,01,False
RF4-RF5,0.0,False,,,,59,sub-HUP160,01,False
RF6-RF7,0.0,False,,,,59,sub-HUP160,01,True
RG5-RG6,0.0,False,,,,59,sub-HUP160,01,False
RJ7-RJ8,0.0,False,,,,59,sub-HUP160,01,False
RK3-RK4,0.0,False,,,,59,sub-HUP160,01,False
RK4-RK5,0.0,False,,,,59,sub-HUP160,01,False
RK5-RK6,0.0,False,,,,59,sub-HUP160,01,False
RK6-RK7,0.0,False,,,,59,sub-HUP160,01,False
RK7-RK8,0.0,False,,,,59,sub-HUP160,01,False
RL1-RL2,0.0,False,,,,59,sub-HUP160,01,False
RL11-RL12,0.0,False,,,,59,sub-HUP160,01,False
RL4-RL5,0.0,False,,,,59,sub-HUP160,01,False
RL5-RL6,0.0,False,,,,59,sub-HUP160,01,False
LA6-LA7,1.0,True,-9.25,-8.25,6.158818935652034,1,sub-HUP160,02,False
LA4-LA5,0.502425513272256,True,-9.25,-7.75,3.094347764895863,2,sub-HUP160,02,False
RB6-RB7,0.4759259578532434,True,-7.0,-5.75,9.526210853883383,3,sub-HUP160,02,False
RI1-RI2,0.42504671957275963,True,-7.75,-6.75,6.54446446260373,4,sub-HUP160,02,True
LA7-LA8,0.42322331034198635,True,-8.5,-7.25,4.561472541051235,5,sub-HUP160,02,False
RG6-RG7,0.3378134594170533,True,-8.5,-7.75,3.640930878507769,6,sub-HUP160,02,False
RB4-RB5,0.30647042508176864,True,-7.0,-5.75,6.134361535935506,7,sub-HUP160,02,True
LA2-LA3,0.2880466056747271,True,-8.75,-7.25,2.661040334069706,8,sub-HUP160,02,False
RJ2-RJ3,0.2818017061515434,True,-7.75,-5.5,4.3389142098629385,9,sub-HUP160,02,False
RI3-RI4,0.2752392191332095,True,-8.0,-5.75,3.814084157921303,10,sub-HUP160,02,True
LA5-LA6,0.25839880968784795,True,-8.25,-6.5,3.1828629641109285,11,sub-HUP160,02,False
RI2-RI3,0.2573660528414415,True,-8.25,-3.75,3.170141839267784,12,sub-HUP160,02,True
RL2-RL3,0.219552432428784,True,-8.0,-6.25,3.042413275974432,13,sub-HUP160,02,False
RG1-RG2,0.19485028620729986,True,-7.75,-5.5,3.000119080776842,14,sub-HUP160,02,True
RG2-RG3,0.1895668801819506,True,-7.75,-5.5,2.918770228092694,15,sub-HUP160,02,True
RH3-RH4,0.15626996503225207,True,-6.5,-4.0,3.6091440739286824,16,sub-HUP160,02,False
RB5-RB6,0.12633420743697923,True,-6.75,-4.5,2.7232432814421093,17,sub-HUP160,02,False
RB3-RB4,0.08854461052803365,True,-4.75,-1.0,2.9993162318349347,18,sub-HUP160,02,True
RL7-RL8,0.07237286054880435,True,3.5,4.0,6.128805979660102,19,sub-HUP160,02,True
RC1-RC2,0.06519160491864887,True,-2.5,-0.75,3.111650503843537,20,sub-HUP160,02,True
RG3-RG4,0.05559334969178895,True,3.0,6.5,4.536659215810023,21,sub-HUP160,02,True
RL10-RL11,0.053453520906109386,True,3.75,6.0,4.6089477942734565,22,sub-HUP160,02,True
RI6-RI7,0.05309930558778127,True,3.25,4.75,4.414891617774016,23,sub-HUP160,02,False
RH5-RH6,0.0510824375710754,True,1.5,4.0,3.696637934556024,24,sub-HUP160,02,False
RI5-RI6,0.05041934441622501,True,1.5,4.0,3.6486524540872467,25,sub-HUP160,02,False
RH2-RH3,0.049109621517995625,True,3.75,6.0,4.234401736988304,26,sub-HUP160,02,False
RL9-RL10,0.047305588391775726,True,-2.0,1.0,2.4036090667827925,27,sub-HUP160,02,True
RH6-RH7,0.04613365295952635,True,1.5,2.5,3.338513581160682,28,sub-HUP160,02,False
RD7-RD8,0.045759373416923564,True,2.75,6.0,3.6637080412883756,29,sub-HUP160,02,False
RK4-RK5,0.04461353043580148,True,0.0,1.0,2.8163582243516,30,sub-HUP160,02,False
RI4-RI5,0.04222900473122282,True,1.5,5.25,3.0559493291756343,31,sub-HUP160,02,False
RF8-RF9,0.03998384516740296,True,0.25,1.5,2.585659258740394,32,sub-HUP160,02,True
RL3-RL4,0.03933069905740787,True,0.0,1.0,2.4828642045987506,33,sub-HUP160,02,False
RK5-RK6,0.038300960565380196,True,-0.5,1.5,2.2999146415413225,34,sub-HUP160,02,False
RL6-RL7,0.038090408339695986,True,0.5,1.75,2.521863227604306,35,sub-HUP160,02,False
RJ3-RJ4,0.03730947503016107,True,5.5,6.5,3.6190712453961362,36,sub-HUP160,02,False
RL8-RL9,0.03435684075389095,True,5.25,8.0,3.2797622017657986,37,sub-HUP160,02,True
RJ1-RJ2,0.03341359462211084,True,6.0,7.25,3.3440595380864293,38,sub-HUP160,02,False
RD3-RD4,0.03104676477842343,True,5.5,7.25,3.011579594227399,39,sub-HUP160,02,False
RJ5-RJ6,0.028096472463620643,True,5.5,6.75,2.7253971144850713,40,sub-HUP160,02,False
RJ6-RJ7,0.027570564147724037,True,5.25,6.5,2.631932744363984,41,sub-HUP160,02,False
RC5-RC6,0.027423558262490714,True,3.75,9.25,2.3645542187397846,42,sub-HUP160,02,False
RF1-RF2,0.025760640045238734,True,3.5,11.5,2.1815078684455704,43,sub-HUP160,02,False
RF6-RF7,0.02227662660090492,True,15.25,16.0,3.4985415981686274,44,sub-HUP160,02,True
RA5-RA6,0.02155744114997689,True,8.0,10.25,2.4230228758459473,45,sub-HUP160,02,True
RD10-RD11,0.01563589925020574,True,13.75,15.0,2.311168137074749,46,sub-HUP160,02,False
RF9-RF10,0.015088066570507966,True,17.75,19.75,2.601890762711041,47,sub-HUP160,02,False
RC2-RC3,0.01344813461708552,True,20.75,28.0,2.5675634099960214,48,sub-HUP160,02,True
LA1-LA2,0.0,False,,,,49,sub-HUP160,02,False
LA3-LA4,0.0,False,,,,49,sub-HUP160,02,False
RA1-RA2,0.0,False,,,,49,sub-HUP160,02,False
RA2-RA3,0.0,False,,,,49,sub-HUP160,02,False
RA3-RA4,0.0,False,,,,49,sub-HUP160,02,True
RA4-RA5,0.0,False,,,,49,sub-HUP160,02,True
RA6-RA7,0.0,False,,,,49,sub-HUP160,02,True
RA7-RA8,0.0,False,,,,49,sub-HUP160,02,False
RB2-RB3,0.0,False,,,,49,sub-HUP160,02,True
RB7-RB8,0.0,False,,,,49,sub-HUP160,02,False
RC3-RC4,0.0,False,,,,49,sub-HUP160,02,False
RC4-RC5,0.0,False,,,,49,sub-HUP160,02,False
RC6-RC7,0.0,False,,,,49,sub-HUP160,02,False
RD1-RD2,0.0,False,,,,49,sub-HUP160,02,False
RD2-RD3,0.0,False,,,,49,sub-HUP160,02,False
RD4-RD5,0.0,False,,,,49,sub-HUP160,02,False
RD5-RD6,0.0,False,,,,49,sub-HUP160,02,False
RD6-RD7,0.0,False,,,,49,sub-HUP160,02,False
RD8-RD9,0.0,False,,,,49,sub-HUP160,02,False
RD9-RD10,0.0,False,,,,49,sub-HUP160,02,False
RF10-RF11,0.0,False,,,,49,sub-HUP160,02,False
RF2-RF3,0.0,False,,,,49,sub-HUP160,02,False
RF3-RF4,0.0,False,,,,49,sub-HUP160,02,False
RF4-RF5,0.0,False,,,,49,sub-HUP160,02,False
RF5-RF6,0.0,False,,,,49,sub-HUP160,02,True
RF7-RF8,0.0,False,,,,49,sub-HUP160,02,True
RG4-RG5,0.0,False,,,,49,sub-HUP160,02,False
RG5-RG6,0.0,False,,,,49,sub-HUP160,02,False
RG7-RG8,0.0,False,,,,49,sub-HUP160,02,False
RH4-RH5,0.0,False,,,,49,sub-HUP160,02,False
RH7-RH8,0.0,False,,,,49,sub-HUP160,02,False
RI7-RI8,0.0,False,,,,49,sub-HUP160,02,False
RJ4-RJ5,0.0,False,,,,49,sub-HUP160,02,False
RJ7-RJ8,0.0,False,,,,49,sub-HUP160,02,False
RK2-RK3,0.0,False,,,,49,sub-HUP160,02,False
RK3-RK4,0.0,False,,,,49,sub-HUP160,02,False
RK6-RK7,0.0,False,,,,49,sub-HUP160,02,False
RK7-RK8,0.0,False,,,,49,sub-HUP160,02,False
RL1-RL2,0.0,False,,,,49,sub-HUP160,02,False
RL11-RL12,0.0,False,,,,49,sub-HUP160,02,False
RL4-RL5,0.0,False,,,,49,sub-HUP160,02,False
RL5-RL6,0.0,False,,,,49,sub-HUP160,02,False
RL2-RL3,1.0,True,-7.25,-6.25,2.2116814966661553,1,sub-HUP160,03,False
RB6-RB7,0.5487499091499154,True,-5.25,-1.25,3.640980061092305,2,sub-HUP160,03,False
RA3-RA4,0.43100740028727086,True,-6.0,-5.25,2.1448149573184647,3,sub-HUP160,03,True
RB4-RB5,0.3124755625923504,True,-4.5,-0.5,2.5916115747969313,4,sub-HUP160,03,True
RK4-RK5,0.27368893452306137,True,-1.75,-1.5,3.934532890125044,5,sub-HUP160,03,False
RD6-RD7,0.25998365822189506,True,-5.0,-4.0,1.868753400556065,6,sub-HUP160,03,False
RK5-RK6,0.1293025812935895,True,3.5,4.25,3.360219486588889,7,sub-HUP160,03,False
RD5-RD6,0.11924183849434158,True,0.25,1.0,2.2416622265243094,8,sub-HUP160,03,False
RI2-RI3,0.10848090524342392,True,7.75,9.0,3.8388033738956033,9,sub-HUP160,03,True
RC3-RC4,0.10830676590575937,True,4.75,7.25,3.11402091152777,10,sub-HUP160,03,False
LA1-LA2,0.10269454025936833,True,6.25,7.25,3.2933504102540967,11,sub-HUP160,03,False
RG5-RG6,0.10257144659616035,True,6.0,9.0,3.232689029952872,12,sub-HUP160,03,False
RL4-RL5,0.101705437555181,True,6.25,7.75,3.2616304980913697,13,sub-HUP160,03,False
RL7-RL8,0.10048604532311552,True,7.25,9.25,3.4447684702715144,14,sub-HUP160,03,True
RB7-RB8,0.0988035943719866,True,4.5,11.25,2.786156538827046,15,sub-HUP160,03,False
RA6-RA7,0.09633565556490264,True,6.0,7.75,3.0361589630699126,16,sub-HUP160,03,True
RI4-RI5,0.09516049322051451,True,7.25,8.75,3.2622028820762745,17,sub-HUP160,03,False
RK2-RK3,0.09477792438220588,True,6.5,12.0,3.091874079316095,18,sub-HUP160,03,False
RG1-RG2,0.09306409634441792,True,7.75,11.5,3.2932502382224884,19,sub-HUP160,03,True
RC1-RC2,0.09001211217221877,True,4.75,8.25,2.588015598572751,20,sub-HUP160,03,True
RA5-RA6,0.08776748039035359,True,4.5,8.75,2.474949832951522,21,sub-HUP160,03,True
RJ5-RJ6,0.08455339050587742,True,11.25,12.0,3.6466008006136184,22,sub-HUP160,03,False
RI5-RI6,0.08337922121170899,True,7.5,9.0,2.9044304219758432,23,sub-HUP160,03,False
RL11-RL12,0.08149013643472831,True,7.25,9.5,2.7935685171590814,24,sub-HUP160,03,False
RL8-RL9,0.0811653251310932,True,7.25,9.75,2.7824336403316354,25,sub-HUP160,03,True
RL10-RL11,0.0795938097362298,True,7.25,8.5,2.728560421763182,26,sub-HUP160,03,True
RL3-RL4,0.07943464571067205,True,6.25,9.5,2.547419973631612,27,sub-HUP160,03,False
RH2-RH3,0.07789059664432325,True,6.0,9.0,2.4548359769161476,28,sub-HUP160,03,False
RG4-RG5,0.07715580174279192,True,6.25,9.75,2.4743388565871403,29,sub-HUP160,03,False
RF6-RF7,0.07554716449066298,True,6.5,9.0,2.4645224209865075,30,sub-HUP160,03,True
RI6-RI7,0.07425640678608471,True,27.0,29.0,5.78916111164388,31,sub-HUP160,03,False
RG2-RG3,0.06887034643696846,True,11.0,12.25,2.9321459645098975,32,sub-HUP160,03,True
RJ6-RJ7,0.06334172057693807,True,11.25,12.25,2.7317883716567306,33,sub-HUP160,03,False
RF1-RF2,0.061830752139900906,True,14.5,19.0,3.11106091734552,34,sub-HUP160,03,False
RG3-RG4,0.05711505415724297,True,8.25,12.25,2.084285089600884,35,sub-HUP160,03,True
RI7-RI8,0.045062388413290105,True,13.5,15.25,2.1676844016213415,36,sub-HUP160,03,False
RK6-RK7,0.04400887573122498,True,18.25,20.25,2.5793408278115084,37,sub-HUP160,03,False
RI1-RI2,0.0431767497551989,True,28.0,29.0,3.46162917134124,38,sub-HUP160,03,True
RF3-RF4,0.04089089838884287,True,14.25,15.0,2.0348469753448426,39,sub-HUP160,03,False
RH3-RH4,0.03532076416604775,True,22.25,23.0,2.382607556901782,40,sub-HUP160,03,False
RG7-RG8,0.03188514154527443,True,26.5,28.75,2.4505622707057,41,sub-HUP160,03,False
RI3-RI4,0.02454112960266202,True,22.25,29.25,1.6554534486095556,42,sub-HUP160,03,True
LA2-LA3,0.0,False,,,,43,sub-HUP160,03,False
LA3-LA4,0.0,False,,,,43,sub-HUP160,03,False
LA4-LA5,0.0,False,,,,43,sub-HUP160,03,False
LA5-LA6,0.0,False,,,,43,sub-HUP160,03,False
LA6-LA7,0.0,False,,,,43,sub-HUP160,03,False
LA7-LA8,0.0,False,,,,43,sub-HUP160,03,False
RA1-RA2,0.0,False,,,,43,sub-HUP160,03,False
RA2-RA3,0.0,False,,,,43,sub-HUP160,03,False
RA4-RA5,0.0,False,,,,43,sub-HUP160,03,True
RA7-RA8,0.0,False,,,,43,sub-HUP160,03,False
RB2-RB3,0.0,False,,,,43,sub-HUP160,03,True
RB3-RB4,0.0,False,,,,43,sub-HUP160,03,True
RB5-RB6,0.0,False,,,,43,sub-HUP160,03,False
RC2-RC3,0.0,False,,,,43,sub-HUP160,03,True
RC4-RC5,0.0,False,,,,43,sub-HUP160,03,False
RC5-RC6,0.0,False,,,,43,sub-HUP160,03,False
RC6-RC7,0.0,False,,,,43,sub-HUP160,03,False
RD1-RD2,0.0,False,,,,43,sub-HUP160,03,False
RD10-RD11,0.0,False,,,,43,sub-HUP160,03,False
RD2-RD3,0.0,False,,,,43,sub-HUP160,03,False
RD3-RD4,0.0,False,,,,43,sub-HUP160,03,False
RD4-RD5,0.0,False,,,,43,sub-HUP160,03,False
RD7-RD8,0.0,False,,,,43,sub-HUP160,03,False
RD8-RD9,0.0,False,,,,43,sub-HUP160,03,False
RD9-RD10,0.0,False,,,,43,sub-HUP160,03,False
RF10-RF11,0.0,False,,,,43,sub-HUP160,03,False
RF2-RF3,0.0,False,,,,43,sub-HUP160,03,False
RF4-RF5,0.0,False,,,,43,sub-HUP160,03,False
RF5-RF6,0.0,False,,,,43,sub-HUP160,03,True
RF7-RF8,0.0,False,,,,43,sub-HUP160,03,True
RF8-RF9,0.0,False,,,,43,sub-HUP160,03,True
RF9-RF10,0.0,False,,,,43,sub-HUP160,03,False
RG6-RG7,0.0,False,,,,43,sub-HUP160,03,False
RH4-RH5,0.0,False,,,,43,sub-HUP160,03,False
RH5-RH6,0.0,False,,,,43,sub-HUP160,03,False
RH6-RH7,0.0,False,,,,43,sub-HUP160,03,False
RH7-RH8,0.0,False,,,,43,sub-HUP160,03,False
RJ1-RJ2,0.0,False,,,,43,sub-HUP160,03,False
RJ2-RJ3,0.0,False,,,,43,sub-HUP160,03,False
RJ3-RJ4,0.0,False,,,,43,sub-HUP160,03,False
RJ4-RJ5,0.0,False,,,,43,sub-HUP160,03,False
RJ7-RJ8,0.0,False,,,,43,sub-HUP160,03,False
RK3-RK4,0.0,False,,,,43,sub-HUP160,03,False
RK7-RK8,0.0,False,,,,43,sub-HUP160,03,False
RL1-RL2,0.0,False,,,,43,sub-HUP160,03,False
RL5-RL6,0.0,False,,,,43,sub-HUP160,03,False
RL6-RL7,0.0,False,,,,43,sub-HUP160,03,False
RL9-RL10,0.0,False,,,,43,sub-HUP160,03,True
LD2-LD3,1.0,True,-9.5,-8.75,5.006282745277803,1,sub-HUP162,01,False
LD5-LD6,0.9035974083977912,True,-9.5,-8.75,4.523664114339602,2,sub-HUP162,01,False
LD6-LD7,0.7577541674739272,True,-9.5,-8.0,3.793531613787068,3,sub-HUP162,01,False
LB8-LB9,0.3168360235831248,True,-8.5,-6.0,3.1723414358932573,4,sub-HUP162,01,False
LC6-LC7,0.1743437438191243,True,-7.25,-6.75,2.8366457483936505,5,sub-HUP162,01,False
LB7-LB8,0.16503762315547413,True,-7.5,-6.0,2.4786750153747312,6,sub-HUP162,01,False
LJ7-LJ8,0.14154948015865407,True,-1.0,-0.5,6.732048841152469,7,sub-HUP162,01,False
LG9-LG10,0.14120582172583607,True,-7.5,0.25,2.1207488065164797,8,sub-HUP162,01,False
LC1-LC2,0.1336891286629588,True,-7.5,-6.5,2.007856734169784,9,sub-HUP162,01,False
RC4-RC5,0.13203939878436988,True,-4.25,-3.5,4.131416023944036,10,sub-HUP162,01,False
LE6-LE7,0.1307144738990331,True,-2.25,1.0,5.398747325720059,11,sub-HUP162,01,False
RD6-RD7,0.12645598010649511,True,-1.0,1.25,6.014206716821226,12,sub-HUP162,01,False
RF1-RF2,0.12317451058469917,True,-2.5,1.0,4.93317141598574,13,sub-HUP162,01,False
RE10-RE11,0.12205860733916964,True,-2.0,-0.5,5.194009148595149,14,sub-HUP162,01,False
LE8-LE9,0.11376495285419104,True,-1.0,1.0,5.410625444667153,15,sub-HUP162,01,False
RD5-RD6,0.11272239434881937,True,-2.25,-0.25,4.65564146713788,16,sub-HUP162,01,False
LJ5-LJ6,0.11113938895108035,True,-1.0,1.0,5.285754449651863,17,sub-HUP162,01,False
LH8-LH9,0.1093187619929894,True,-3.0,0.0,4.104604739254752,18,sub-HUP162,01,False
LH9-LH10,0.10419437437090148,True,-1.0,0.0,4.955451736396567,19,sub-HUP162,01,False
RD7-RD8,0.10371848647043205,True,-1.0,1.25,4.932818657240905,20,sub-HUP162,01,False
RF2-RF3,0.10161101215608546,True,-1.0,0.75,4.832587840428625,21,sub-HUP162,01,False
LJ6-LJ7,0.09777534213735277,True,-1.0,1.0,4.650164578430696,22,sub-HUP162,01,False
RF3-RF4,0.09581303766724336,True,-0.75,1.25,4.676754783150183,23,sub-HUP162,01,False
LJ8-LJ9,0.0954988139049044,True,-1.0,0.75,4.541893610342878,24,sub-HUP162,01,False
LI6-LI7,0.09406830589301604,True,-0.25,3.0,4.827058500864634,25,sub-HUP162,01,False
LJ4-LJ5,0.09297858930267655,True,-2.75,1.0,3.6074475816235214,26,sub-HUP162,01,False
RD1-RD2,0.0928830157701637,True,-0.75,1.0,4.533736732000481,27,sub-HUP162,01,False
LI7-LI8,0.0912727188565974,True,-0.75,2.75,4.455136115882161,28,sub-HUP162,01,False
RF8-RF9,0.091120990677383,True,-2.5,0.0,3.6494195468864157,29,sub-HUP162,01,False
LH10-LH11,0.09065182108283992,True,-1.25,-0.25,4.197914991364046,30,sub-HUP162,01,False
LI8-LI9,0.08935685000557164,True,-2.75,0.25,3.4669288367533424,31,sub-HUP162,01,False
LF6-LF7,0.08906861641485131,True,-1.75,0.75,3.9016484281550765,32,sub-HUP162,01,False
LE7-LE8,0.08814768153200456,True,-2.25,-0.25,3.6406607909918174,33,sub-HUP162,01,False
RF6-RF7,0.0881376882132879,True,-2.5,0.25,3.529937501686864,34,sub-HUP162,01,False
LB9-LB10,0.0879133943470493,True,-2.25,0.5,3.6309843008870972,35,sub-HUP162,01,False
RF7-RF8,0.08738371554928037,True,-2.5,0.5,3.4997406989810074,36,sub-HUP162,01,False
LE2-LE3,0.08593980481228726,True,-2.5,0.75,3.441911695714368,37,sub-HUP162,01,False
LA8-LA9,0.08185410428909896,True,-1.25,-0.5,3.7905093068773446,38,sub-HUP162,01,False
LI9-LI10,0.08085537652016447,True,-2.5,0.75,3.238279010686715,39,sub-HUP162,01,False
RF4-RF5,0.08051241654924136,True,-0.75,1.25,3.9299122370730886,40,sub-HUP162,01,False
LJ9-LJ10,0.08015211950133902,True,-1.25,1.0,3.7116935989272313,41,sub-HUP162,01,False
RA5-RA6,0.0795188597913191,True,-3.25,0.0,2.8861807438064813,42,sub-HUP162,01,False
RD4-RD5,0.07922077272279614,True,-0.75,2.0,3.8668654786096597,43,sub-HUP162,01,False
LJ3-LJ4,0.07719666111618143,True,0.5,1.0,4.251151437928966,44,sub-HUP162,01,False
LI5-LI6,0.07636952364800886,True,-1.0,1.0,3.632110570789062,45,sub-HUP162,01,False
LI4-LI5,0.07525569988990634,True,-1.0,1.25,3.5791374625051064,46,sub-HUP162,01,False
RE8-RE9,0.07485123505075456,True,-1.25,1.75,3.4662196301002615,47,sub-HUP162,01,False
RF5-RF6,0.07405456357857544,True,-2.5,1.0,2.965904670820002,48,sub-HUP162,01,False
LE5-LE6,0.07328298376033002,True,0.5,2.25,4.035628708339949,49,sub-HUP162,01,False
LH7-LH8,0.07238646317550838,True,-2.25,0.25,2.989693588094686,50,sub-HUP162,01,False
LG10-LG11,0.07238311268844931,True,-1.0,2.0,3.442518116965984,51,sub-HUP162,01,False
RF9-RF10,0.0709710825710724,True,-2.5,1.75,2.8424104487139674,52,sub-HUP162,01,False
LJ10-LJ11,0.07048859855605215,True,-3.25,0.75,2.5584224465023384,53,sub-HUP162,01,False
RE6-RE7,0.07018939493643819,True,-2.5,0.0,2.8111036541742376,54,sub-HUP162,01,False
LI3-LI4,0.06861461070805024,True,-2.5,0.75,2.7480331332933234,55,sub-HUP162,01,False
LE3-LE4,0.06848995900865841,True,-2.5,2.75,2.743040800078645,56,sub-HUP162,01,False
RF10-RF11,0.06810721283228986,True,-2.25,2.25,2.8129527065578595,57,sub-HUP162,01,False
RD8-RD9,0.06790802243232669,True,-3.0,1.25,2.5497507072667127,58,sub-HUP162,01,False
LE1-LE2,0.06765252306915716,True,-2.5,1.25,2.7095012713250397,59,sub-HUP162,01,False
LE9-LE10,0.06726238503700466,True,-1.0,2.25,3.1989779173613884,60,sub-HUP162,01,False
LD7-LD8,0.06621004134499207,True,-0.75,2.75,3.2317953286082464,61,sub-HUP162,01,False
RE9-RE10,0.06606184076104683,True,-2.75,2.25,2.563112964805719,62,sub-HUP162,01,False
RE5-RE6,0.06474575225165034,True,-0.5,2.5,3.2413554232746855,63,sub-HUP162,01,False
LA7-LA8,0.06392312494496084,True,-0.75,2.75,3.120168065002897,64,sub-HUP162,01,False
LC10-LC11,0.06269327654463726,True,-2.0,0.5,2.66781228318795,65,sub-HUP162,01,False
LA6-LA7,0.06141157634670234,True,-0.5,2.25,3.0744371502480634,66,sub-HUP162,01,False
LF7-LF8,0.05989902421698058,True,-2.0,0.75,2.5489073368698003,67,sub-HUP162,01,False
RE4-RE5,0.05964753727706287,True,-2.5,2.25,2.388899493347795,68,sub-HUP162,01,False
LF9-LF10,0.05937228745740838,True,-0.75,0.5,2.8980359678955483,69,sub-HUP162,01,False
LH5-LH6,0.0584864006048779,True,-0.75,2.75,2.8547947172706527,70,sub-HUP162,01,False
LE4-LE5,0.05766455705101328,True,-0.75,2.25,2.8146795005411085,71,sub-HUP162,01,False
RD9-RD10,0.05651322326748863,True,-2.75,2.25,2.1926391025614675,72,sub-HUP162,01,False
RD10-RD11,0.05485735653414056,True,-2.75,2.75,2.128393640380258,73,sub-HUP162,01,False
LB6-LB7,0.05297058766764315,True,-0.75,1.0,2.5855609557155335,74,sub-HUP162,01,False
RA7-RA8,0.05261776610064755,True,1.0,4.0,3.029323267034454,75,sub-HUP162,01,False
RE3-RE4,0.05136205390684893,True,-2.5,2.75,2.057063713887089,76,sub-HUP162,01,False
RE2-RE3,0.04920219115156861,True,-0.5,4.0,2.463200805919581,77,sub-HUP162,01,False
LF5-LF6,0.04912083031560477,True,0.5,2.25,2.70504041767004,78,sub-HUP162,01,False
LH2-LH3,0.04843312478879641,True,0.75,3.5,2.7277865654629285,79,sub-HUP162,01,False
LH1-LH2,0.04799621918536849,True,14.0,14.75,5.886924776683901,80,sub-HUP162,01,False
LD4-LD5,0.04631084003394336,True,2.5,2.75,3.0139870719562643,81,sub-HUP162,01,False
LC9-LC10,0.045336514570322305,True,-1.0,0.5,2.156190400932182,82,sub-HUP162,01,False
LF8-LF9,0.04466298238657277,True,1.75,2.25,2.7390450964131845,83,sub-HUP162,01,False
RD2-RD3,0.04421276526333237,True,7.0,9.0,3.873478067529676,84,sub-HUP162,01,False
LJ1-LJ2,0.037890287478948396,True,9.0,10.5,3.698945102179761,85,sub-HUP162,01,False
RE1-RE2,0.034670321281319055,True,1.25,5.0,2.039440816645888,86,sub-HUP162,01,False
RC5-RC6,0.028048885125269308,True,10.5,11.25,2.9488336421652135,87,sub-HUP162,01,False
RD3-RD4,0.026049062480697285,True,8.5,10.25,2.477770468527786,88,sub-HUP162,01,False
LF2-LF3,0.02130576124808483,True,11.25,12.25,2.3199129618206777,89,sub-HUP162,01,False
RA8-RA9,0.01937984845356187,True,16.25,18.0,2.595311774587677,90,sub-HUP162,01,False
RB3-RB4,0.018547992612777682,True,16.5,18.5,2.5071253751760043,91,sub-HUP162,01,False
LA1-LA2,0.017792075188458493,True,18.75,19.75,2.605360651295953,92,sub-HUP162,01,True
RB7-RB8,0.017093824022096662,True,19.75,20.5,2.588689616642291,93,sub-HUP162,01,True
LB2-LB3,0.01582450373362809,True,28.25,29.75,3.069850174777051,94,sub-HUP162,01,True
LG1-LG2,0.013431823568397937,True,25.5,30.0,2.420766236451107,95,sub-HUP162,01,False
LA2-LA3,0.0,False,,,,96,sub-HUP162,01,True
LA3-LA4,0.0,False,,,,96,sub-HUP162,01,True
LA4-LA5,0.0,False,,,,96,sub-HUP162,01,False
LA5-LA6,0.0,False,,,,96,sub-HUP162,01,False
LB1-LB2,0.0,False,,,,96,sub-HUP162,01,True
LB10-LB11,0.0,False,,,,96,sub-HUP162,01,False
LB3-LB4,0.0,False,,,,96,sub-HUP162,01,True
LB4-LB5,0.0,False,,,,96,sub-HUP162,01,True
LB5-LB6,0.0,False,,,,96,sub-HUP162,01,False
LC2-LC3,0.0,False,,,,96,sub-HUP162,01,False
LC3-LC4,0.0,False,,,,96,sub-HUP162,01,False
LC4-LC5,0.0,False,,,,96,sub-HUP162,01,False
LC5-LC6,0.0,False,,,,96,sub-HUP162,01,False
LC7-LC8,0.0,False,,,,96,sub-HUP162,01,False
LC8-LC9,0.0,False,,,,96,sub-HUP162,01,False
LD1-LD2,0.0,False,,,,96,sub-HUP162,01,False
LD10-LD11,0.0,False,,,,96,sub-HUP162,01,False
LD3-LD4,0.0,False,,,,96,sub-HUP162,01,False
LD8-LD9,0.0,False,,,,96,sub-HUP162,01,False
LD9-LD10,0.0,False,,,,96,sub-HUP162,01,False
LE10-LE11,0.0,False,,,,96,sub-HUP162,01,False
LF1-LF2,0.0,False,,,,96,sub-HUP162,01,False
LF3-LF4,0.0,False,,,,96,sub-HUP162,01,False
LF4-LF5,0.0,False,,,,96,sub-HUP162,01,False
LG2-LG3,0.0,False,,,,96,sub-HUP162,01,False
LG3-LG4,0.0,False,,,,96,sub-HUP162,01,False
LG4-LG5,0.0,False,,,,96,sub-HUP162,01,False
LG5-LG6,0.0,False,,,,96,sub-HUP162,01,False
LG6-LG7,0.0,False,,,,96,sub-HUP162,01,False
LG7-LG8,0.0,False,,,,96,sub-HUP162,01,False
LG8-LG9,0.0,False,,,,96,sub-HUP162,01,False
LH3-LH4,0.0,False,,,,96,sub-HUP162,01,False
LH4-LH5,0.0,False,,,,96,sub-HUP162,01,False
LH6-LH7,0.0,False,,,,96,sub-HUP162,01,False
LJ2-LJ3,0.0,False,,,,96,sub-HUP162,01,False
RA1-RA2,0.0,False,,,,96,sub-HUP162,01,False
RA2-RA3,0.0,False,,,,96,sub-HUP162,01,False
RA3-RA4,0.0,False,,,,96,sub-HUP162,01,False
RA4-RA5,0.0,False,,,,96,sub-HUP162,01,False
RA6-RA7,0.0,False,,,,96,sub-HUP162,01,False
RB1-RB2,0.0,False,,,,96,sub-HUP162,01,False
RB10-RB11,0.0,False,,,,96,sub-HUP162,01,False
RB2-RB3,0.0,False,,,,96,sub-HUP162,01,False
RB4-RB5,0.0,False,,,,96,sub-HUP162,01,False
RB5-RB6,0.0,False,,,,96,sub-HUP162,01,False
RB6-RB7,0.0,False,,,,96,sub-HUP162,01,True
RB8-RB9,0.0,False,,,,96,sub-HUP162,01,True
RB9-RB10,0.0,False,,,,96,sub-HUP162,01,True
RC1-RC2,0.0,False,,,,96,sub-HUP162,01,False
RC2-RC3,0.0,False,,,,96,sub-HUP162,01,False
RC3-RC4,0.0,False,,,,96,sub-HUP162,01,False
RC6-RC7,0.0,False,,,,96,sub-HUP162,01,False
RC7-RC8,0.0,False,,,,96,sub-HUP162,01,False
RC8-RC9,0.0,False,,,,96,sub-HUP162,01,False
RC9-RC10,0.0,False,,,,96,sub-HUP162,01,False
RE7-RE8,0.0,False,,,,96,sub-HUP162,01,False
RB7-RB8,1.0,True,-9.75,-9.0,3.30874236882327,1,sub-HUP162,02,True
RE8-RE9,0.28622375352150353,True,-7.5,-3.0,3.0778821457807393,2,sub-HUP162,02,False
LH5-LH6,0.2455052821665141,True,-7.5,-3.75,2.640019618841336,3,sub-HUP162,02,False
LH6-LH7,0.23928404479863202,True,-7.75,-3.0,2.375187771625918,4,sub-HUP162,02,False
LJ3-LJ4,0.23241440321403573,True,-7.5,-4.0,2.4992479948769297,5,sub-HUP162,02,False
LJ9-LJ10,0.21975572132363755,True,-7.0,-3.25,2.726681497255646,6,sub-HUP162,02,False
RA5-RA6,0.21639562142131752,True,-6.25,-5.5,3.2219881246104918,7,sub-HUP162,02,False
RF8-RF9,0.20008591211596605,True,-7.25,-0.25,2.3171145718796113,8,sub-HUP162,02,False
RA2-RA3,0.17605449939551598,True,-6.25,-4.5,2.6213354161736158,9,sub-HUP162,02,False
RF7-RF8,0.17110993217982765,True,-7.25,0.0,1.9815553881545522,10,sub-HUP162,02,False
RC1-RC2,0.16983660869052827,True,-5.75,-5.25,2.8097279147580467,11,sub-HUP162,02,False
RC8-RC9,0.1697087458895205,True,-6.5,-5.25,2.3864707010092037,12,sub-HUP162,02,False
LG8-LG9,0.14325322018627684,True,-5.75,-3.5,2.369939995503516,13,sub-HUP162,02,False
LA6-LA7,0.14023169439770047,True,-6.75,-5.25,1.8559621948221934,14,sub-HUP162,02,False
LD5-LD6,0.13669453447525037,True,-6.5,-5.0,1.9222197406705448,15,sub-HUP162,02,False
RE6-RE7,0.13530210910699533,True,-5.75,-2.5,2.2383991049673218,16,sub-HUP162,02,False
LB5-LB6,0.12456759204708369,True,-5.5,-5.0,2.1638508653395117,17,sub-HUP162,02,False
RB3-RB4,0.12258986703897529,True,-5.75,-5.25,2.028091435301344,18,sub-HUP162,02,False
LJ7-LJ8,0.10572250759671396,True,-4.5,-4.0,2.1863033763967974,19,sub-HUP162,02,False
LE7-LE8,0.092516998716542,True,-4.25,-3.5,1.989746937683639,20,sub-HUP162,02,False
RD5-RD6,0.07510555269069186,True,3.0,3.5,3.416942709421735,21,sub-HUP162,02,False
LA1-LA2,0.07282089636552473,True,-0.75,0.25,2.409455851403002,22,sub-HUP162,02,True
LI7-LI8,0.06571543246050529,True,-1.0,-0.5,2.119995497759274,23,sub-HUP162,02,False
RD8-RD9,0.0536099753200173,True,6.0,10.0,2.971141745276261,24,sub-HUP162,02,False
RD9-RD10,0.04611388573361402,True,9.0,9.75,3.013434608478202,25,sub-HUP162,02,False
LG10-LG11,0.04404919959491945,True,7.5,10.25,2.6598910174774466,26,sub-HUP162,02,False
LH10-LH11,0.04355960568922601,True,8.75,10.25,2.810486501806957,27,sub-HUP162,02,False
RF5-RF6,0.04152482578551715,True,8.5,9.75,2.6448527958650034,28,sub-HUP162,02,False
LC1-LC2,0.041064617346976355,True,7.25,9.75,2.445700306958203,29,sub-HUP162,02,False
RE10-RE11,0.040714545640284136,True,8.5,9.75,2.59324338710739,30,sub-HUP162,02,False
LJ1-LJ2,0.03707699604570585,True,6.25,7.25,2.085529871327037,31,sub-HUP162,02,False
RB1-RB2,0.03583076263422193,True,7.75,8.25,2.193263105049346,32,sub-HUP162,02,False
RB10-RB11,0.03325244224784976,True,9.0,17.5,2.172969349513111,33,sub-HUP162,02,False
LE1-LE2,0.030983659103595858,True,14.5,15.25,2.5885528768354225,34,sub-HUP162,02,False
RB4-RB5,0.030098512923517562,True,13.0,13.75,2.3652203425296614,35,sub-HUP162,02,False
LB3-LB4,0.028045600684513842,True,21.75,24.5,3.0158591854283707,36,sub-HUP162,02,True
LC4-LC5,0.02785796359940568,True,18.5,21.25,2.696113615761832,37,sub-HUP162,02,False
LE2-LE3,0.02674183549475972,True,14.5,15.75,2.234166564070741,38,sub-HUP162,02,False
LB7-LB8,0.02205252777324614,True,25.5,27.0,2.645022320633438,39,sub-HUP162,02,False
LC3-LC4,0.020130238009208413,True,20.5,21.5,2.0814303561113903,40,sub-HUP162,02,False
LB1-LB2,0.0181419490669613,True,21.5,22.25,1.9358718958711592,41,sub-HUP162,02,True
LB6-LB7,0.01734543422305836,True,18.75,26.5,1.693051407024375,42,sub-HUP162,02,False
LA2-LA3,0.0,False,,,,43,sub-HUP162,02,True
LA3-LA4,0.0,False,,,,43,sub-HUP162,02,True
LA4-LA5,0.0,False,,,,43,sub-HUP162,02,False
LA5-LA6,0.0,False,,,,43,sub-HUP162,02,False
LA7-LA8,0.0,False,,,,43,sub-HUP162,02,False
LA8-LA9,0.0,False,,,,43,sub-HUP162,02,False
LB10-LB11,0.0,False,,,,43,sub-HUP162,02,False
LB2-LB3,0.0,False,,,,43,sub-HUP162,02,True
LB4-LB5,0.0,False,,,,43,sub-HUP162,02,True
LB8-LB9,0.0,False,,,,43,sub-HUP162,02,False
LB9-LB10,0.0,False,,,,43,sub-HUP162,02,False
LC10-LC11,0.0,False,,,,43,sub-HUP162,02,False
LC2-LC3,0.0,False,,,,43,sub-HUP162,02,False
LC5-LC6,0.0,False,,,,43,sub-HUP162,02,False
LC6-LC7,0.0,False,,,,43,sub-HUP162,02,False
LC7-LC8,0.0,False,,,,43,sub-HUP162,02,False
LC8-LC9,0.0,False,,,,43,sub-HUP162,02,False
LC9-LC10,0.0,False,,,,43,sub-HUP162,02,False
LD1-LD2,0.0,False,,,,43,sub-HUP162,02,False
LD10-LD11,0.0,False,,,,43,sub-HUP162,02,False
LD2-LD3,0.0,False,,,,43,sub-HUP162,02,False
LD3-LD4,0.0,False,,,,43,sub-HUP162,02,False
LD4-LD5,0.0,False,,,,43,sub-HUP162,02,False
LD6-LD7,0.0,False,,,,43,sub-HUP162,02,False
LD7-LD8,0.0,False,,,,43,sub-HUP162,02,False
LD8-LD9,0.0,False,,,,43,sub-HUP162,02,False
LD9-LD10,0.0,False,,,,43,sub-HUP162,02,False
LE10-LE11,0.0,False,,,,43,sub-HUP162,02,False
LE3-LE4,0.0,False,,,,43,sub-HUP162,02,False
LE4-LE5,0.0,False,,,,43,sub-HUP162,02,False
LE5-LE6,0.0,False,,,,43,sub-HUP162,02,False
LE6-LE7,0.0,False,,,,43,sub-HUP162,02,False
LE8-LE9,0.0,False,,,,43,sub-HUP162,02,False
LE9-LE10,0.0,False,,,,43,sub-HUP162,02,False
LF1-LF2,0.0,False,,,,43,sub-HUP162,02,False
LF2-LF3,0.0,False,,,,43,sub-HUP162,02,False
LF3-LF4,0.0,False,,,,43,sub-HUP162,02,False
LF4-LF5,0.0,False,,,,43,sub-HUP162,02,False
LF5-LF6,0.0,False,,,,43,sub-HUP162,02,False
LF6-LF7,0.0,False,,,,43,sub-HUP162,02,False
LF7-LF8,0.0,False,,,,43,sub-HUP162,02,False
LF8-LF9,0.0,False,,,,43,sub-HUP162,02,False
LF9-LF10,0.0,False,,,,43,sub-HUP162,02,False
LG1-LG2,0.0,False,,,,43,sub-HUP162,02,False
LG2-LG3,0.0,False,,,,43,sub-HUP162,02,False
LG3-LG4,0.0,False,,,,43,sub-HUP162,02,False
LG4-LG5,0.0,False,,,,43,sub-HUP162,02,False
LG5-LG6,0.0,False,,,,43,sub-HUP162,02,False
LG6-LG7,0.0,False,,,,43,sub-HUP162,02,False
LG7-LG8,0.0,False,,,,43,sub-HUP162,02,False
LG9-LG10,0.0,False,,,,43,sub-HUP162,02,False
LH1-LH2,0.0,False,,,,43,sub-HUP162,02,False
LH2-LH3,0.0,False,,,,43,sub-HUP162,02,False
LH3-LH4,0.0,False,,,,43,sub-HUP162,02,False
LH4-LH5,0.0,False,,,,43,sub-HUP162,02,False
LH7-LH8,0.0,False,,,,43,sub-HUP162,02,False
LH8-LH9,0.0,False,,,,43,sub-HUP162,02,False
LH9-LH10,0.0,False,,,,43,sub-HUP162,02,False
LI3-LI4,0.0,False,,,,43,sub-HUP162,02,False
LI4-LI5,0.0,False,,,,43,sub-HUP162,02,False
LI5-LI6,0.0,False,,,,43,sub-HUP162,02,False
LI6-LI7,0.0,False,,,,43,sub-HUP162,02,False
LI8-LI9,0.0,False,,,,43,sub-HUP162,02,False
LI9-LI10,0.0,False,,,,43,sub-HUP162,02,False
LJ10-LJ11,0.0,False,,,,43,sub-HUP162,02,False
LJ2-LJ3,0.0,False,,,,43,sub-HUP162,02,False
LJ4-LJ5,0.0,False,,,,43,sub-HUP162,02,False
LJ5-LJ6,0.0,False,,,,43,sub-HUP162,02,False
LJ6-LJ7,0.0,False,,,,43,sub-HUP162,02,False
LJ8-LJ9,0.0,False,,,,43,sub-HUP162,02,False
RA1-RA2,0.0,False,,,,43,sub-HUP162,02,False
RA3-RA4,0.0,False,,,,43,sub-HUP162,02,False
RA4-RA5,0.0,False,,,,43,sub-HUP162,02,False
RA6-RA7,0.0,False,,,,43,sub-HUP162,02,False
RA7-RA8,0.0,False,,,,43,sub-HUP162,02,False
RA8-RA9,0.0,False,,,,43,sub-HUP162,02,False
RB2-RB3,0.0,False,,,,43,sub-HUP162,02,False
RB5-RB6,0.0,False,,,,43,sub-HUP162,02,False
RB6-RB7,0.0,False,,,,43,sub-HUP162,02,True
RB8-RB9,0.0,False,,,,43,sub-HUP162,02,True
RB9-RB10,0.0,False,,,,43,sub-HUP162,02,True
RC2-RC3,0.0,False,,,,43,sub-HUP162,02,False
RC3-RC4,0.0,False,,,,43,sub-HUP162,02,False
RC4-RC5,0.0,False,,,,43,sub-HUP162,02,False
RC5-RC6,0.0,False,,,,43,sub-HUP162,02,False
RC6-RC7,0.0,False,,,,43,sub-HUP162,02,False
RC7-RC8,0.0,False,,,,43,sub-HUP162,02,False
RC9-RC10,0.0,False,,,,43,sub-HUP162,02,False
RD1-RD2,0.0,False,,,,43,sub-HUP162,02,False
RD10-RD11,0.0,False,,,,43,sub-HUP162,02,False
RD2-RD3,0.0,False,,,,43,sub-HUP162,02,False
RD3-RD4,0.0,False,,,,43,sub-HUP162,02,False
RD4-RD5,0.0,False,,,,43,sub-HUP162,02,False
RD6-RD7,0.0,False,,,,43,sub-HUP162,02,False
RD7-RD8,0.0,False,,,,43,sub-HUP162,02,False
RE1-RE2,0.0,False,,,,43,sub-HUP162,02,False
RE2-RE3,0.0,False,,,,43,sub-HUP162,02,False
RE3-RE4,0.0,False,,,,43,sub-HUP162,02,False
RE4-RE5,0.0,False,,,,43,sub-HUP162,02,False
RE5-RE6,0.0,False,,,,43,sub-HUP162,02,False
RE7-RE8,0.0,False,,,,43,sub-HUP162,02,False
RE9-RE10,0.0,False,,,,43,sub-HUP162,02,False
RF1-RF2,0.0,False,,,,43,sub-HUP162,02,False
RF10-RF11,0.0,False,,,,43,sub-HUP162,02,False
RF2-RF3,0.0,False,,,,43,sub-HUP162,02,False
RF3-RF4,0.0,False,,,,43,sub-HUP162,02,False
RF4-RF5,0.0,False,,,,43,sub-HUP162,02,False
RF6-RF7,0.0,False,,,,43,sub-HUP162,02,False
RF9-RF10,0.0,False,,,,43,sub-HUP162,02,False
LD10-LD11,1.0,True,-9.75,-7.75,4.07710375735153,1,sub-HUP162,03,False
RB7-RB8,0.23676108052534958,True,-0.25,0.5,10.135644655547365,2,sub-HUP162,03,True
LI8-LI9,0.19944213419355547,True,-6.0,-5.0,3.8624448048000772,3,sub-HUP162,03,False
RB9-RB10,0.18109778028001877,True,0.25,0.75,8.12189884470455,4,sub-HUP162,03,True
LI9-LI10,0.1764829481931934,True,-5.5,-5.0,3.777581278731457,5,sub-HUP162,03,False
LC9-LC10,0.17615443795567692,True,-4.75,-4.25,4.309199525179425,6,sub-HUP162,03,False
LB10-LB11,0.16371417973862817,True,-5.5,-4.5,3.5042684110564446,7,sub-HUP162,03,False
LE9-LE10,0.16169690144218768,True,-5.25,-4.5,3.625902744321239,8,sub-HUP162,03,False
RC1-RC2,0.1573050330285889,True,-1.75,0.5,5.7721404709004975,9,sub-HUP162,03,False
LI7-LI8,0.15420053829999988,True,-5.25,-4.5,3.457803767487069,10,sub-HUP162,03,False
RB5-RB6,0.14630512986581914,True,0.0,0.75,6.4123878429791485,11,sub-HUP162,03,False
LE8-LE9,0.13843420133429069,True,-5.25,-4.5,3.104258313232971,12,sub-HUP162,03,False
LG8-LG9,0.1346960915430903,True,-5.25,-4.75,3.020434675119945,13,sub-HUP162,03,False
RD5-RD6,0.1303218395242942,True,0.25,0.75,5.844692277484093,14,sub-HUP162,03,False
LD3-LD4,0.12574074180584743,True,-5.5,1.25,2.6914547670611437,15,sub-HUP162,03,False
LE3-LE4,0.10996105029315666,True,-5.0,-4.25,2.5778550150471604,16,sub-HUP162,03,False
RD4-RD5,0.10995364633418807,True,-5.0,0.75,2.577681441470812,17,sub-HUP162,03,False
RB8-RB9,0.10946449538374495,True,0.25,0.75,4.909279159682213,18,sub-HUP162,03,True
LJ3-LJ4,0.10861048067494967,True,-2.0,-0.5,3.8746417399164392,19,sub-HUP162,03,False
LE1-LE2,0.10543725916045121,True,-5.25,-4.0,2.3643325501835744,20,sub-HUP162,03,False
RB4-RB5,0.10347660989553886,True,0.25,1.25,4.6407336250341,21,sub-HUP162,03,False
LC4-LC5,0.1009301332383898,True,2.0,4.25,5.246658474566927,22,sub-HUP162,03,False
LH5-LH6,0.09859079125153432,True,-5.5,-4.5,2.1103156486224273,23,sub-HUP162,03,False
RC3-RC4,0.09322277599306286,True,-0.75,0.75,3.800789302720566,24,sub-HUP162,03,False
RF3-RF4,0.09091375409465553,True,-3.25,1.5,2.7799860631068984,25,sub-HUP162,03,False
LC1-LC2,0.09016350686245368,True,2.75,3.25,4.962680630166155,26,sub-HUP162,03,False
LJ5-LJ6,0.08155686449512627,True,-1.0,-0.25,3.242029037041167,27,sub-HUP162,03,False
RB10-RB11,0.08032214495688948,True,0.25,4.75,3.6022989090249524,28,sub-HUP162,03,False
RD6-RD7,0.07896686696504575,True,0.25,1.0,3.541517210104131,29,sub-HUP162,03,False
LD6-LD7,0.07833625148853555,True,1.75,2.5,3.992312816009284,30,sub-HUP162,03,False
LD2-LD3,0.07737310721251975,True,0.25,3.0,3.470040047475398,31,sub-HUP162,03,False
LJ4-LJ5,0.0748582774063313,True,-1.0,-0.25,2.9757483998016108,32,sub-HUP162,03,False
LB6-LB7,0.07044125006419345,True,3.0,4.5,3.9489489230023502,33,sub-HUP162,03,False
LA3-LA4,0.06704872864130232,True,-3.0,-2.5,2.1185758318855004,34,sub-HUP162,03,True
LF6-LF7,0.06599722377174512,True,4.0,4.5,3.9688935529646385,35,sub-HUP162,03,False
RB2-RB3,0.06560951609833132,True,-1.0,1.5,2.6080938448745927,36,sub-HUP162,03,False
RE5-RE6,0.06440967059875106,True,0.25,1.0,2.8886540100873654,37,sub-HUP162,03,False
RF8-RF9,0.06332260757919193,True,0.25,1.25,2.839901254150619,38,sub-HUP162,03,False
LF3-LF4,0.06315729219992444,True,-1.0,0.75,2.510613624991489,39,sub-HUP162,03,False
LD1-LD2,0.060354601471826766,True,3.25,5.0,3.4450076140793477,40,sub-HUP162,03,False
RB3-RB4,0.05873337286080235,True,0.0,4.75,2.5742170931065855,41,sub-HUP162,03,False
LD5-LD6,0.057046636003810866,True,1.5,4.5,2.849166911443679,42,sub-HUP162,03,False
LB7-LB8,0.056824191129214024,True,3.0,4.5,3.185574193468975,43,sub-HUP162,03,False
RD9-RD10,0.05277780331329919,True,0.25,1.5,2.366986382127534,44,sub-HUP162,03,False
LG7-LG8,0.051526459665941535,True,3.75,4.75,3.0461414734519687,45,sub-HUP162,03,False
LB1-LB2,0.05146422693034947,True,0.25,6.25,2.308074922856116,46,sub-HUP162,03,True
LC2-LC3,0.05114997391011295,True,2.0,4.75,2.6589328229212663,47,sub-HUP162,03,False
LF4-LF5,0.05041299682883749,True,4.0,4.5,3.03170052715551,48,sub-HUP162,03,False
RD1-RD2,0.049599535357377496,True,0.25,1.5,2.224446971652992,49,sub-HUP162,03,False
LD9-LD10,0.047779247219260565,True,3.25,6.0,2.7272132770550486,50,sub-HUP162,03,False
LJ2-LJ3,0.04644564554648092,True,9.25,10.0,3.787274319403494,51,sub-HUP162,03,False
LF5-LF6,0.04512343577452253,True,3.75,4.75,2.667607478343286,52,sub-HUP162,03,False
LC6-LC7,0.04369432405343214,True,4.0,4.75,2.6276578184044572,53,sub-HUP162,03,False
RB6-RB7,0.043034253660347584,True,7.0,9.0,3.11432833195824,54,sub-HUP162,03,True
LB4-LB5,0.04298379677819139,True,2.0,5.5,2.234429841707384,55,sub-HUP162,03,True
LI6-LI7,0.042120902398896494,True,4.0,4.5,2.5330365191452753,56,sub-HUP162,03,False
RE6-RE7,0.04134596181694515,True,0.25,1.25,1.8542895390269796,57,sub-HUP162,03,False
RD7-RD8,0.04106906549065856,True,10.5,11.25,3.5581603759862013,58,sub-HUP162,03,False
LC5-LC6,0.03918627956816981,True,3.75,4.75,2.316614651128183,59,sub-HUP162,03,False
LD8-LD9,0.03831215663938003,True,3.75,4.75,2.264938247906522,60,sub-HUP162,03,False
LJ7-LJ8,0.03660432512324666,True,9.5,10.5,3.0221025377799458,61,sub-HUP162,03,False
RF4-RF5,0.03610621396744757,True,3.75,5.0,2.1345273191410725,62,sub-HUP162,03,False
RC4-RC5,0.03323667082911707,True,18.0,19.75,3.8958939711784146,63,sub-HUP162,03,False
LE5-LE6,0.03189339815783708,True,4.0,5.0,1.9179822285943824,64,sub-HUP162,03,False
LJ6-LJ7,0.029850918405647815,True,9.25,10.25,2.434105831841213,65,sub-HUP162,03,False
LE2-LE3,0.026116815056075163,True,19.5,21.75,3.2210491850541665,66,sub-HUP162,03,False
LB5-LB6,0.021837997852210182,True,22.0,25.25,2.915921896403195,67,sub-HUP162,03,False
RF2-RF3,0.02179590170496775,True,22.0,23.0,2.9103010021101783,68,sub-HUP162,03,False
RC5-RC6,0.021363291240808418,True,18.5,22.5,2.54768538337838,69,sub-HUP162,03,False
RA2-RA3,0.017108701953584285,True,24.75,25.75,2.4762653321519914,70,sub-HUP162,03,False
RA8-RA9,0.017056236391106133,True,21.25,29.5,2.225281455246551,71,sub-HUP162,03,False
LA1-LA2,0.0,False,,,,72,sub-HUP162,03,True
LA2-LA3,0.0,False,,,,72,sub-HUP162,03,True
LA4-LA5,0.0,False,,,,72,sub-HUP162,03,False
LA5-LA6,0.0,False,,,,72,sub-HUP162,03,False
LA6-LA7,0.0,False,,,,72,sub-HUP162,03,False
LA7-LA8,0.0,False,,,,72,sub-HUP162,03,False
LA8-LA9,0.0,False,,,,72,sub-HUP162,03,False
LB2-LB3,0.0,False,,,,72,sub-HUP162,03,True
LB3-LB4,0.0,False,,,,72,sub-HUP162,03,True
LB8-LB9,0.0,False,,,,72,sub-HUP162,03,False
LB9-LB10,0.0,False,,,,72,sub-HUP162,03,False
LC10-LC11,0.0,False,,,,72,sub-HUP162,03,False
LC3-LC4,0.0,False,,,,72,sub-HUP162,03,False
LC7-LC8,0.0,False,,,,72,sub-HUP162,03,False
LC8-LC9,0.0,False,,,,72,sub-HUP162,03,False
LD4-LD5,0.0,False,,,,72,sub-HUP162,03,False
LD7-LD8,0.0,False,,,,72,sub-HUP162,03,False
LE10-LE11,0.0,False,,,,72,sub-HUP162,03,False
LE4-LE5,0.0,False,,,,72,sub-HUP162,03,False
LE6-LE7,0.0,False,,,,72,sub-HUP162,03,False
LE7-LE8,0.0,False,,,,72,sub-HUP162,03,False
LF1-LF2,0.0,False,,,,72,sub-HUP162,03,False
LF2-LF3,0.0,False,,,,72,sub-HUP162,03,False
LF7-LF8,0.0,False,,,,72,sub-HUP162,03,False
LF8-LF9,0.0,False,,,,72,sub-HUP162,03,False
LF9-LF10,0.0,False,,,,72,sub-HUP162,03,False
LG1-LG2,0.0,False,,,,72,sub-HUP162,03,False
LG10-LG11,0.0,False,,,,72,sub-HUP162,03,False
LG2-LG3,0.0,False,,,,72,sub-HUP162,03,False
LG3-LG4,0.0,False,,,,72,sub-HUP162,03,False
LG4-LG5,0.0,False,,,,72,sub-HUP162,03,False
LG5-LG6,0.0,False,,,,72,sub-HUP162,03,False
LG6-LG7,0.0,False,,,,72,sub-HUP162,03,False
LG9-LG10,0.0,False,,,,72,sub-HUP162,03,False
LH1-LH2,0.0,False,,,,72,sub-HUP162,03,False
LH10-LH11,0.0,False,,,,72,sub-HUP162,03,False
LH2-LH3,0.0,False,,,,72,sub-HUP162,03,False
LH3-LH4,0.0,False,,,,72,sub-HUP162,03,False
LH4-LH5,0.0,False,,,,72,sub-HUP162,03,False
LH6-LH7,0.0,False,,,,72,sub-HUP162,03,False
LH7-LH8,0.0,False,,,,72,sub-HUP162,03,False
LH8-LH9,0.0,False,,,,72,sub-HUP162,03,False
LH9-LH10,0.0,False,,,,72,sub-HUP162,03,False
LI3-LI4,0.0,False,,,,72,sub-HUP162,03,False
LI4-LI5,0.0,False,,,,72,sub-HUP162,03,False
LI5-LI6,0.0,False,,,,72,sub-HUP162,03,False
LJ1-LJ2,0.0,False,,,,72,sub-HUP162,03,False
LJ10-LJ11,0.0,False,,,,72,sub-HUP162,03,False
LJ8-LJ9,0.0,False,,,,72,sub-HUP162,03,False
LJ9-LJ10,0.0,False,,,,72,sub-HUP162,03,False
RA1-RA2,0.0,False,,,,72,sub-HUP162,03,False
RA3-RA4,0.0,False,,,,72,sub-HUP162,03,False
RA4-RA5,0.0,False,,,,72,sub-HUP162,03,False
RA5-RA6,0.0,False,,,,72,sub-HUP162,03,False
RA6-RA7,0.0,False,,,,72,sub-HUP162,03,False
RA7-RA8,0.0,False,,,,72,sub-HUP162,03,False
RB1-RB2,0.0,False,,,,72,sub-HUP162,03,False
RC2-RC3,0.0,False,,,,72,sub-HUP162,03,False
RC6-RC7,0.0,False,,,,72,sub-HUP162,03,False
RC7-RC8,0.0,False,,,,72,sub-HUP162,03,False
RC8-RC9,0.0,False,,,,72,sub-HUP162,03,False
RC9-RC10,0.0,False,,,,72,sub-HUP162,03,False
RD10-RD11,0.0,False,,,,72,sub-HUP162,03,False
RD2-RD3,0.0,False,,,,72,sub-HUP162,03,False
RD3-RD4,0.0,False,,,,72,sub-HUP162,03,False
RD8-RD9,0.0,False,,,,72,sub-HUP162,03,False
RE1-RE2,0.0,False,,,,72,sub-HUP162,03,False
RE10-RE11,0.0,False,,,,72,sub-HUP162,03,False
RE2-RE3,0.0,False,,,,72,sub-HUP162,03,False
RE3-RE4,0.0,False,,,,72,sub-HUP162,03,False
RE4-RE5,0.0,False,,,,72,sub-HUP162,03,False
RE7-RE8,0.0,False,,,,72,sub-HUP162,03,False
RE8-RE9,0.0,False,,,,72,sub-HUP162,03,False
RE9-RE10,0.0,False,,,,72,sub-HUP162,03,False
RF1-RF2,0.0,False,,,,72,sub-HUP162,03,False
RF10-RF11,0.0,False,,,,72,sub-HUP162,03,False
RF5-RF6,0.0,False,,,,72,sub-HUP162,03,False
RF6-RF7,0.0,False,,,,72,sub-HUP162,03,False
RF7-RF8,0.0,False,,,,72,sub-HUP162,03,False
RF9-RF10,0.0,False,,,,72,sub-HUP162,03,False
LB3-LB4,1.0,True,-8.75,-7.0,4.584828409914044,1,sub-HUP163,01,True
LC3-LC4,0.26663415447952427,True,-7.5,-5.25,2.7505616546500495,2,sub-HUP163,01,False
LL1-LL2,0.2089186464981286,True,-6.5,-3.25,3.1130324739325803,3,sub-HUP163,01,False
LI7-LI8,0.14102581401981787,True,-6.0,-3.25,2.4246718449349323,4,sub-HUP163,01,False
LA3-LA4,0.10186448674416074,True,-4.0,-2.0,2.685429358519159,5,sub-HUP163,01,True
LJ3-LJ4,0.08468595595267848,True,0.5,3.5,3.9797734119188393,6,sub-HUP163,01,False
LG9-LG10,0.07326732930074138,True,1.75,2.75,3.8630585283105185,7,sub-HUP163,01,False
LA5-LA6,0.07284021467106287,True,-4.0,-3.25,1.9202693422467292,8,sub-HUP163,01,False
LG1-LG2,0.06811235052934618,True,1.75,5.75,3.591259557389158,9,sub-HUP163,01,False
LC1-LC2,0.06807852921385125,True,9.5,9.75,6.008471215762948,10,sub-HUP163,01,False
LI1-LI2,0.06676778366358632,True,1.5,3.5,3.4438368533378103,11,sub-HUP163,01,False
RB8-RB9,0.06563026935308108,True,6.25,7.5,4.814456375685075,12,sub-HUP163,01,False
LG8-LG9,0.06494405396128176,True,1.5,3.25,3.3497701161375977,13,sub-HUP163,01,False
LG6-LG7,0.06436590897809971,True,2.25,5.5,3.541279777352796,14,sub-HUP163,01,False
LL4-LL5,0.058455546306633584,True,5.0,6.5,3.9531275789995695,15,sub-HUP163,01,False
LB10-LB11,0.05723948911052604,True,6.25,9.25,4.1989317734864855,16,sub-HUP163,01,False
LA7-LA8,0.057077887391394515,True,5.5,7.0,3.990807875271588,17,sub-HUP163,01,False
LG2-LG3,0.05518856024820541,True,2.0,6.75,2.9731034274066444,18,sub-HUP163,01,False
LL11-LL12,0.05484617799352913,True,2.25,7.0,3.017523780479218,19,sub-HUP163,01,False
LJ2-LJ3,0.054250285694915946,True,1.25,4.75,2.7360107621000447,20,sub-HUP163,01,False
LI3-LI4,0.05370633760498591,True,1.5,5.0,2.770136352492462,21,sub-HUP163,01,False
LL3-LL4,0.05350186937847315,True,5.5,8.0,3.740777583326493,22,sub-HUP163,01,False
LL8-LL9,0.05077247698858353,True,6.5,8.25,3.7827252927581783,23,sub-HUP163,01,False
RB9-RB10,0.05016413332660371,True,6.5,8.75,3.7374015840610895,24,sub-HUP163,01,False
LK4-LK5,0.04968867660587588,True,5.5,6.75,3.4741643563431786,25,sub-HUP163,01,False
LL2-LL3,0.04956079378253884,True,2.25,8.5,2.7267328242249045,26,sub-HUP163,01,False
LJ5-LJ6,0.04763888088847193,True,6.25,8.0,3.494657512223637,27,sub-HUP163,01,False
LG10-LG11,0.04755210222735116,True,1.25,7.0,2.398200521674062,28,sub-HUP163,01,False
RB11-RB12,0.047272595953612065,True,6.5,8.75,3.52197204025076,29,sub-HUP163,01,False
RB10-RB11,0.04653452463907853,True,4.75,8.75,3.093615753802839,30,sub-HUP163,01,False
LH4-LH5,0.04622134045998853,True,4.0,7.5,2.913857579672393,31,sub-HUP163,01,False
LD3-LD4,0.04612506609874522,True,4.75,6.5,3.066394945151008,32,sub-HUP163,01,False
LI5-LI6,0.04563689120519591,True,1.25,5.25,2.3016104687151246,33,sub-HUP163,01,False
RB7-RB8,0.0446511080681793,True,5.5,8.75,3.1219444492782427,34,sub-HUP163,01,False
LA8-LA9,0.04435330901310423,True,4.25,6.5,2.846932357317677,35,sub-HUP163,01,False
LJ1-LJ2,0.04399937274873987,True,1.75,8.0,2.3198901032634343,36,sub-HUP163,01,False
LL10-LL11,0.04378342064186926,True,6.5,9.0,3.2620164011834625,37,sub-HUP163,01,False
LI9-LI10,0.04313495548480535,True,6.25,7.75,3.164261909873811,38,sub-HUP163,01,False
LG5-LG6,0.04287397462392983,True,2.25,7.25,2.3588378028207275,39,sub-HUP163,01,False
LG7-LG8,0.042054244416891595,True,2.25,7.0,2.3137379347204043,40,sub-HUP163,01,False
LK9-LK10,0.04158256482069974,True,14.0,17.0,4.527911957992115,41,sub-HUP163,01,False
LF11-LF12,0.04111268442714338,True,5.25,8.5,2.8274190535409653,42,sub-HUP163,01,False
LI8-LI9,0.04082271926010954,True,6.5,8.0,3.0414338992975507,43,sub-HUP163,01,False
LA4-LA5,0.04061785230735944,True,6.25,11.0,2.9796141313355884,44,sub-HUP163,01,False
LH5-LH6,0.040200326977240214,True,5.75,7.75,2.856829818802816,45,sub-HUP163,01,False
LJ6-LJ7,0.03966649632597732,True,5.0,8.25,2.6824951693371046,46,sub-HUP163,01,False
LI2-LI3,0.039366898926802785,True,5.5,7.5,2.752479768299757,47,sub-HUP163,01,False
LH10-LH11,0.0381613421974855,True,6.5,8.75,2.8431520953466016,48,sub-HUP163,01,False
LG4-LG5,0.03815122710922111,True,4.25,9.25,2.4488356189281566,49,sub-HUP163,01,False
LI4-LI5,0.03644492839086238,True,1.25,9.25,1.8380311739207964,50,sub-HUP163,01,False
LL9-LL10,0.03584675673161115,True,4.5,9.75,2.3420050084957484,51,sub-HUP163,01,False
RB1-RB2,0.03550780055229881,True,7.5,12.0,2.808251229864035,52,sub-HUP163,01,False
LI6-LI7,0.03532960148515279,True,1.5,7.75,1.8222768067507864,53,sub-HUP163,01,False
LJ7-LJ8,0.03500836150027861,True,6.0,9.75,2.52799045365854,54,sub-HUP163,01,False
RB6-RB7,0.03498239312209905,True,5.75,9.25,2.486018182411211,55,sub-HUP163,01,False
LA6-LA7,0.03470810312805389,True,5.5,10.25,2.4267431334548517,56,sub-HUP163,01,False
RB4-RB5,0.03325622114150361,True,11.5,13.5,3.240073934288934,57,sub-HUP163,01,False
LH2-LH3,0.032869608886615,True,1.25,7.25,1.6577166831072714,58,sub-HUP163,01,False
RB3-RB4,0.032822921477770654,True,9.25,13.25,2.859261794865554,59,sub-HUP163,01,False
RE9-RE10,0.03243707221873795,True,7.75,9.75,2.6025721792508083,60,sub-HUP163,01,False
LH3-LH4,0.03225749803303853,True,1.0,10.5,1.5898722542071808,61,sub-HUP163,01,False
LK10-LK11,0.03202130151783236,True,11.75,15.5,3.1564617178097025,62,sub-HUP163,01,False
LF7-LF8,0.030626909778009134,True,15.0,17.75,3.47537336993774,63,sub-HUP163,01,False
RE3-RE4,0.02969446894468317,True,5.5,10.0,2.076196683732129,64,sub-HUP163,01,False
RB2-RB3,0.02727188742405604,True,12.0,13.5,2.7195531025199253,65,sub-HUP163,01,False
LK11-LK12,0.026269476886396404,True,14.0,16.75,2.860474793630351,66,sub-HUP163,01,False
LE10-LE11,0.02625132783593771,True,4.75,10.5,1.7451885880725313,67,sub-HUP163,01,False
LG3-LG4,0.02563605395880948,True,4.75,15.0,1.704285173372367,68,sub-HUP163,01,False
RB5-RB6,0.02561621688698681,True,7.75,13.75,2.055304281414598,69,sub-HUP163,01,False
LF5-LF6,0.023267870668307756,True,6.0,17.75,1.6801973130326435,70,sub-HUP163,01,False
LC7-LC8,0.02319789476109826,True,11.75,12.75,2.286704889443909,71,sub-HUP163,01,False
LF6-LF7,0.022284282031449498,True,16.5,18.25,2.681952245498576,72,sub-HUP163,01,False
LH7-LH8,0.02134622597714595,True,16.75,20.25,2.5935227575682944,73,sub-HUP163,01,False
LI10-LI11,0.021285440356657817,True,17.75,21.0,2.6837275207802316,74,sub-HUP163,01,False
LH9-LH10,0.02070467378281967,True,18.0,21.0,2.6342347000249067,75,sub-HUP163,01,False
LF3-LF4,0.020462197390465647,True,16.0,20.25,2.415753346070705,76,sub-HUP163,01,False
LH6-LH7,0.01979091183433399,True,16.75,20.25,2.404555273158201,77,sub-HUP163,01,False
LK8-LK9,0.018243881527909196,True,12.0,17.5,1.819280192813745,78,sub-HUP163,01,False
LH8-LH9,0.018093222337572934,True,15.0,21.0,2.0531194150548457,79,sub-HUP163,01,False
RE5-RE6,0.01720422077870207,True,25.5,28.25,2.780463606931094,80,sub-HUP163,01,False
LF8-LF9,0.01708844606230507,True,17.0,20.75,2.095798112422047,81,sub-HUP163,01,False
LB8-LB9,0.012760281252221154,True,24.5,30.0,2.003751725125941,82,sub-HUP163,01,False
LA1-LA2,0.0,False,,,,83,sub-HUP163,01,True
LA2-LA3,0.0,False,,,,83,sub-HUP163,01,True
LB1-LB2,0.0,False,,,,83,sub-HUP163,01,True
LB11-LB12,0.0,False,,,,83,sub-HUP163,01,False
LB2-LB3,0.0,False,,,,83,sub-HUP163,01,True
LB4-LB5,0.0,False,,,,83,sub-HUP163,01,False
LB5-LB6,0.0,False,,,,83,sub-HUP163,01,False
LB6-LB7,0.0,False,,,,83,sub-HUP163,01,False
LB7-LB8,0.0,False,,,,83,sub-HUP163,01,False
LB9-LB10,0.0,False,,,,83,sub-HUP163,01,False
LC10-LC11,0.0,False,,,,83,sub-HUP163,01,False
LC11-LC12,0.0,False,,,,83,sub-HUP163,01,False
LC2-LC3,0.0,False,,,,83,sub-HUP163,01,False
LC4-LC5,0.0,False,,,,83,sub-HUP163,01,False
LC5-LC6,0.0,False,,,,83,sub-HUP163,01,False
LC6-LC7,0.0,False,,,,83,sub-HUP163,01,False
LC8-LC9,0.0,False,,,,83,sub-HUP163,01,False
LC9-LC10,0.0,False,,,,83,sub-HUP163,01,False
LD2-LD3,0.0,False,,,,83,sub-HUP163,01,False
LD4-LD5,0.0,False,,,,83,sub-HUP163,01,False
LD5-LD6,0.0,False,,,,83,sub-HUP163,01,False
LD6-LD7,0.0,False,,,,83,sub-HUP163,01,False
LD7-LD8,0.0,False,,,,83,sub-HUP163,01,False
LE1-LE2,0.0,False,,,,83,sub-HUP163,01,False
LE11-LE12,0.0,False,,,,83,sub-HUP163,01,False
LE2-LE3,0.0,False,,,,83,sub-HUP163,01,False
LE3-LE4,0.0,False,,,,83,sub-HUP163,01,False
LE4-LE5,0.0,False,,,,83,sub-HUP163,01,False
LE5-LE6,0.0,False,,,,83,sub-HUP163,01,False
LE6-LE7,0.0,False,,,,83,sub-HUP163,01,False
LE7-LE8,0.0,False,,,,83,sub-HUP163,01,False
LE8-LE9,0.0,False,,,,83,sub-HUP163,01,False
LE9-LE10,0.0,False,,,,83,sub-HUP163,01,False
LF1-LF2,0.0,False,,,,83,sub-HUP163,01,False
LF10-LF11,0.0,False,,,,83,sub-HUP163,01,False
LF2-LF3,0.0,False,,,,83,sub-HUP163,01,False
LF4-LF5,0.0,False,,,,83,sub-HUP163,01,False
LF9-LF10,0.0,False,,,,83,sub-HUP163,01,False
LH1-LH2,0.0,False,,,,83,sub-HUP163,01,False
LH11-LH12,0.0,False,,,,83,sub-HUP163,01,False
LI11-LI12,0.0,False,,,,83,sub-HUP163,01,False
LJ4-LJ5,0.0,False,,,,83,sub-HUP163,01,False
LJ8-LJ9,0.0,False,,,,83,sub-HUP163,01,False
LK1-LK2,0.0,False,,,,83,sub-HUP163,01,False
LK2-LK3,0.0,False,,,,83,sub-HUP163,01,False
LK3-LK4,0.0,False,,,,83,sub-HUP163,01,False
LK5-LK6,0.0,False,,,,83,sub-HUP163,01,False
LK6-LK7,0.0,False,,,,83,sub-HUP163,01,False
LK7-LK8,0.0,False,,,,83,sub-HUP163,01,False
LL5-LL6,0.0,False,,,,83,sub-HUP163,01,False
LL6-LL7,0.0,False,,,,83,sub-HUP163,01,False
LL7-LL8,0.0,False,,,,83,sub-HUP163,01,False
RE1-RE2,0.0,False,,,,83,sub-HUP163,01,False
RE10-RE11,0.0,False,,,,83,sub-HUP163,01,False
RE11-RE12,0.0,False,,,,83,sub-HUP163,01,False
RE2-RE3,0.0,False,,,,83,sub-HUP163,01,False
RE4-RE5,0.0,False,,,,83,sub-HUP163,01,False
RE6-RE7,0.0,False,,,,83,sub-HUP163,01,False
RE7-RE8,0.0,False,,,,83,sub-HUP163,01,False
RE8-RE9,0.0,False,,,,83,sub-HUP163,01,False
LI9-LI10,1.0,True,-9.75,-9.0,8.657482865671806,1,sub-HUP163,02,False
LI7-LI8,0.44866512366688316,True,-9.75,-8.75,3.884310620570562,2,sub-HUP163,02,False
LC3-LC4,0.10960655292020771,True,-7.25,-6.5,3.3212089885521694,3,sub-HUP163,02,False
LI8-LI9,0.086073262883645,True,-7.0,-6.25,2.794416744778581,4,sub-HUP163,02,False
LA2-LA3,0.08460183734318859,True,-7.0,-5.75,2.746646089511281,5,sub-HUP163,02,True
LG2-LG3,0.07341323286353615,True,-6.75,-3.75,2.542295222518554,6,sub-HUP163,02,False
LG1-LG2,0.07306683211523422,True,-6.75,-3.5,2.530299388346235,7,sub-HUP163,02,False
RB9-RB10,0.06676667729269466,True,-6.75,-6.25,2.312125458637371,8,sub-HUP163,02,False
LD2-LD3,0.055833629167497574,True,-1.5,0.75,4.471252862574426,9,sub-HUP163,02,False
LD3-LD4,0.033159362519553724,True,0.0,0.75,3.0860735881335897,10,sub-HUP163,02,False
LC1-LC2,0.029464125845248164,True,1.5,2.75,3.1247932670511136,11,sub-HUP163,02,False
LB2-LB3,0.028353152056682047,True,3.75,4.25,3.5592704577184255,12,sub-HUP163,02,True
LJ4-LJ5,0.025356096110008518,True,2.25,6.0,2.8537595789654415,13,sub-HUP163,02,False
LG4-LG5,0.02465039713166848,True,4.0,5.75,3.1478032642915226,14,sub-HUP163,02,False
RB8-RB9,0.024017591925106805,True,0.0,0.75,2.235267823587829,15,sub-HUP163,02,False
LI6-LI7,0.023171411482071372,True,2.5,5.75,2.6580307969028962,16,sub-HUP163,02,False
LG6-LG7,0.022978883466326358,True,3.75,7.0,2.884619703288849,17,sub-HUP163,02,False
LB8-LB9,0.022305352311127236,True,1.75,10.75,2.4138525680794634,18,sub-HUP163,02,False
LG10-LG11,0.021258580783995135,True,3.5,7.0,2.6226526341246137,19,sub-HUP163,02,False
LG5-LG6,0.020513512146860407,True,3.75,7.0,2.5751330089298192,20,sub-HUP163,02,False
LB6-LB7,0.020198387668956853,True,3.25,7.25,2.448140732214669,21,sub-HUP163,02,False
LC6-LC7,0.019316626759698804,True,3.75,4.5,2.424883795322713,22,sub-HUP163,02,False
LL10-LL11,0.01931335705953681,True,6.25,7.25,2.842485982966206,23,sub-HUP163,02,False
LA6-LA7,0.019047791688987344,True,6.25,6.75,2.8034008129969936,24,sub-HUP163,02,False
LL2-LL3,0.018653646530611058,True,5.25,7.75,2.583898003537017,25,sub-HUP163,02,False
LA3-LA4,0.018507122966844588,True,6.5,10.25,2.763882974626333,26,sub-HUP163,02,True
LB7-LB8,0.018442140710203458,True,5.75,8.5,2.634431533880766,27,sub-HUP163,02,False
LJ6-LJ7,0.018124287306503065,True,23.75,24.25,5.413419384895434,28,sub-HUP163,02,False
LA7-LA8,0.016836915230898218,True,6.25,6.75,2.4780101870785893,29,sub-HUP163,02,False
RB6-RB7,0.016225961913092987,True,6.5,6.75,2.423210779918391,30,sub-HUP163,02,False
LG9-LG10,0.015471461046922427,True,6.0,8.25,2.2435604744207147,31,sub-HUP163,02,False
LJ5-LJ6,0.013062977316600733,True,23.75,25.0,3.901691329112995,32,sub-HUP163,02,False
LH10-LH11,0.012997453581192973,True,5.5,6.75,1.8285350147438204,33,sub-HUP163,02,False
LI11-LI12,0.012217981335746333,True,23.5,24.25,3.622861019305772,34,sub-HUP163,02,False
LH9-LH10,0.012052615263173812,True,22.75,24.25,3.4955678892699686,35,sub-HUP163,02,False
LH11-LH12,0.010939307209978003,True,13.5,23.75,2.2966414697680864,36,sub-HUP163,02,False
LC2-LC3,0.010608898332553582,True,14.25,16.0,2.2961588884434208,37,sub-HUP163,02,False
LH2-LH3,0.010362163275484068,True,21.5,25.0,2.8931555950337016,38,sub-HUP163,02,False
LJ7-LJ8,0.010211564350114713,True,22.75,27.25,2.961615853659576,39,sub-HUP163,02,False
LA4-LA5,0.010031376863452842,True,22.5,23.0,2.8876452377051156,40,sub-HUP163,02,False
LI10-LI11,0.0100159576112049,True,21.5,24.0,2.796493650224224,41,sub-HUP163,02,False
LE7-LE8,0.009844564043991207,True,23.0,24.5,2.8764836279166133,42,sub-HUP163,02,False
LB10-LB11,0.009553605676398501,True,14.25,16.0,2.067754436220123,43,sub-HUP163,02,False
RE11-RE12,0.008619784261264241,True,14.75,16.0,1.9029536809659082,44,sub-HUP163,02,False
LE6-LE7,0.008474443046336924,True,13.25,24.25,1.7608162912745637,45,sub-HUP163,02,False
LH8-LH9,0.008471304836510566,True,23.25,26.75,2.493566000047079,46,sub-HUP163,02,False
LG7-LG8,0.008299972143579219,True,23.75,24.25,2.479061898341368,47,sub-HUP163,02,False
LH6-LH7,0.008146093712594397,True,22.25,27.5,2.327314002385113,48,sub-HUP163,02,False
LA1-LA2,0.008102974414821626,True,23.75,24.75,2.420221994426686,49,sub-HUP163,02,True
LK1-LK2,0.007758911840574577,True,20.5,23.75,2.099145197376015,50,sub-HUP163,02,False
LI2-LI3,0.007693176345675713,True,21.0,26.25,2.1146624710501123,51,sub-HUP163,02,False
LH5-LH6,0.0075280016130372975,True,18.75,26.25,1.9226195768397933,52,sub-HUP163,02,False
LJ8-LJ9,0.007139935559266034,True,22.5,27.5,2.0553111697310222,53,sub-HUP163,02,False
RB5-RB6,0.00638822190471462,True,23.5,24.25,1.8942278176145326,54,sub-HUP163,02,False
LA5-LA6,0.0,False,,,,55,sub-HUP163,02,False
LA8-LA9,0.0,False,,,,55,sub-HUP163,02,False
LB1-LB2,0.0,False,,,,55,sub-HUP163,02,True
LB11-LB12,0.0,False,,,,55,sub-HUP163,02,False
LB3-LB4,0.0,False,,,,55,sub-HUP163,02,True
LB4-LB5,0.0,False,,,,55,sub-HUP163,02,False
LB5-LB6,0.0,False,,,,55,sub-HUP163,02,False
LB9-LB10,0.0,False,,,,55,sub-HUP163,02,False
LC10-LC11,0.0,False,,,,55,sub-HUP163,02,False
LC11-LC12,0.0,False,,,,55,sub-HUP163,02,False
LC4-LC5,0.0,False,,,,55,sub-HUP163,02,False
LC5-LC6,0.0,False,,,,55,sub-HUP163,02,False
LC7-LC8,0.0,False,,,,55,sub-HUP163,02,False
LC8-LC9,0.0,False,,,,55,sub-HUP163,02,False
LC9-LC10,0.0,False,,,,55,sub-HUP163,02,False
LD4-LD5,0.0,False,,,,55,sub-HUP163,02,False
LD5-LD6,0.0,False,,,,55,sub-HUP163,02,False
LD6-LD7,0.0,False,,,,55,sub-HUP163,02,False
LD7-LD8,0.0,False,,,,55,sub-HUP163,02,False
LE1-LE2,0.0,False,,,,55,sub-HUP163,02,False
LE10-LE11,0.0,False,,,,55,sub-HUP163,02,False
LE11-LE12,0.0,False,,,,55,sub-HUP163,02,False
LE2-LE3,0.0,False,,,,55,sub-HUP163,02,False
LE3-LE4,0.0,False,,,,55,sub-HUP163,02,False
LE4-LE5,0.0,False,,,,55,sub-HUP163,02,False
LE5-LE6,0.0,False,,,,55,sub-HUP163,02,False
LE8-LE9,0.0,False,,,,55,sub-HUP163,02,False
LE9-LE10,0.0,False,,,,55,sub-HUP163,02,False
LF1-LF2,0.0,False,,,,55,sub-HUP163,02,False
LF10-LF11,0.0,False,,,,55,sub-HUP163,02,False
LF11-LF12,0.0,False,,,,55,sub-HUP163,02,False
LF2-LF3,0.0,False,,,,55,sub-HUP163,02,False
LF3-LF4,0.0,False,,,,55,sub-HUP163,02,False
LF4-LF5,0.0,False,,,,55,sub-HUP163,02,False
LF5-LF6,0.0,False,,,,55,sub-HUP163,02,False
LF6-LF7,0.0,False,,,,55,sub-HUP163,02,False
LF7-LF8,0.0,False,,,,55,sub-HUP163,02,False
LF8-LF9,0.0,False,,,,55,sub-HUP163,02,False
LF9-LF10,0.0,False,,,,55,sub-HUP163,02,False
LG3-LG4,0.0,False,,,,55,sub-HUP163,02,False
LG8-LG9,0.0,False,,,,55,sub-HUP163,02,False
LH1-LH2,0.0,False,,,,55,sub-HUP163,02,False
LH3-LH4,0.0,False,,,,55,sub-HUP163,02,False
LH4-LH5,0.0,False,,,,55,sub-HUP163,02,False
LH7-LH8,0.0,False,,,,55,sub-HUP163,02,False
LI1-LI2,0.0,False,,,,55,sub-HUP163,02,False
LI3-LI4,0.0,False,,,,55,sub-HUP163,02,False
LI4-LI5,0.0,False,,,,55,sub-HUP163,02,False
LI5-LI6,0.0,False,,,,55,sub-HUP163,02,False
LJ1-LJ2,0.0,False,,,,55,sub-HUP163,02,False
LJ2-LJ3,0.0,False,,,,55,sub-HUP163,02,False
LJ3-LJ4,0.0,False,,,,55,sub-HUP163,02,False
LK10-LK11,0.0,False,,,,55,sub-HUP163,02,False
LK11-LK12,0.0,False,,,,55,sub-HUP163,02,False
LK2-LK3,0.0,False,,,,55,sub-HUP163,02,False
LK3-LK4,0.0,False,,,,55,sub-HUP163,02,False
LK4-LK5,0.0,False,,,,55,sub-HUP163,02,False
LK5-LK6,0.0,False,,,,55,sub-HUP163,02,False
LK6-LK7,0.0,False,,,,55,sub-HUP163,02,False
LK7-LK8,0.0,False,,,,55,sub-HUP163,02,False
LK8-LK9,0.0,False,,,,55,sub-HUP163,02,False
LK9-LK10,0.0,False,,,,55,sub-HUP163,02,False
LL1-LL2,0.0,False,,,,55,sub-HUP163,02,False
LL11-LL12,0.0,False,,,,55,sub-HUP163,02,False
LL3-LL4,0.0,False,,,,55,sub-HUP163,02,False
LL4-LL5,0.0,False,,,,55,sub-HUP163,02,False
LL5-LL6,0.0,False,,,,55,sub-HUP163,02,False
LL6-LL7,0.0,False,,,,55,sub-HUP163,02,False
LL7-LL8,0.0,False,,,,55,sub-HUP163,02,False
LL8-LL9,0.0,False,,,,55,sub-HUP163,02,False
LL9-LL10,0.0,False,,,,55,sub-HUP163,02,False
RB1-RB2,0.0,False,,,,55,sub-HUP163,02,False
RB10-RB11,0.0,False,,,,55,sub-HUP163,02,False
RB11-RB12,0.0,False,,,,55,sub-HUP163,02,False
RB2-RB3,0.0,False,,,,55,sub-HUP163,02,False
RB3-RB4,0.0,False,,,,55,sub-HUP163,02,False
RB4-RB5,0.0,False,,,,55,sub-HUP163,02,False
RB7-RB8,0.0,False,,,,55,sub-HUP163,02,False
RE1-RE2,0.0,False,,,,55,sub-HUP163,02,False
RE10-RE11,0.0,False,,,,55,sub-HUP163,02,False
RE2-RE3,0.0,False,,,,55,sub-HUP163,02,False
RE3-RE4,0.0,False,,,,55,sub-HUP163,02,False
RE4-RE5,0.0,False,,,,55,sub-HUP163,02,False
RE5-RE6,0.0,False,,,,55,sub-HUP163,02,False
RE6-RE7,0.0,False,,,,55,sub-HUP163,02,False
RE7-RE8,0.0,False,,,,55,sub-HUP163,02,False
RE8-RE9,0.0,False,,,,55,sub-HUP163,02,False
RE9-RE10,0.0,False,,,,55,sub-HUP163,02,False
LB6-LB7,1.0,True,-7.25,-4.25,2.129247393450239,1,sub-HUP163,03,False
LB7-LB8,0.6994218743684022,True,-6.5,-3.0,2.6061738551117513,2,sub-HUP163,03,False
LI4-LI5,0.6991636067838229,True,-6.5,-5.75,2.605211502844515,3,sub-HUP163,03,False
LC3-LC4,0.6523320043479739,True,-4.75,-3.0,4.8614167697273265,4,sub-HUP163,03,False
LI8-LI9,0.6148211368975359,True,-3.25,-2.75,6.545531515885955,5,sub-HUP163,03,False
LI9-LI10,0.5658702435661054,True,-3.0,-2.75,6.3256081410069545,6,sub-HUP163,03,False
LC7-LC8,0.35375386399043235,True,-4.0,-3.5,3.2012253445044587,7,sub-HUP163,03,False
LC9-LC10,0.351257620141285,True,-3.25,0.75,3.739571860576826,8,sub-HUP163,03,False
LI11-LI12,0.32615157488187185,True,-5.0,-2.25,2.256986519732477,9,sub-HUP163,03,False
LD7-LD8,0.32444733821030775,True,-4.25,-2.25,2.7633145967846633,10,sub-HUP163,03,False
LE4-LE5,0.24475848915198445,True,-3.5,-1.5,2.475469031495487,11,sub-HUP163,03,False
LI10-LI11,0.2240324477257258,True,-3.25,-2.25,2.385102526841393,12,sub-HUP163,03,False
RE7-RE8,0.21614965111427048,True,-4.25,-2.5,1.8409443249209558,13,sub-HUP163,03,False
LL4-LL5,0.1726043706272555,True,-1.75,1.0,2.388863140665318,14,sub-HUP163,03,False
LC8-LC9,0.1599160443620052,True,0.0,1.0,2.8091317701865473,15,sub-HUP163,03,False
LC4-LC5,0.1263514109389361,True,4.75,6.75,3.4974343612063663,16,sub-HUP163,03,False
RB7-RB8,0.12076449266471156,True,0.25,1.0,2.1856685904352595,17,sub-HUP163,03,False
RB11-RB12,0.12000333147004322,True,-0.5,0.0,1.9802550507189927,18,sub-HUP163,03,False
LG9-LG10,0.10397612194748798,True,5.25,7.0,2.988776969609665,19,sub-HUP163,03,False
RB8-RB9,0.09802338521675673,True,27.0,27.5,7.357240320815665,20,sub-HUP163,03,False
LJ7-LJ8,0.09453419972120305,True,18.5,20.0,5.384419180816381,21,sub-HUP163,03,False
LG1-LG2,0.09101433115228556,True,8.0,12.25,3.1491204448050896,22,sub-HUP163,03,False
LH7-LH8,0.08972405498222917,True,6.25,8.75,2.7701482979101124,23,sub-HUP163,03,False
RE4-RE5,0.0859480487247241,True,11.5,12.5,3.6143420097052457,24,sub-HUP163,03,False
LG7-LG8,0.08236010928249606,True,6.5,9.75,2.5866344582069654,25,sub-HUP163,03,False
LB8-LB9,0.08185129935309375,True,9.5,12.25,3.093499567916099,26,sub-HUP163,03,False
RB9-RB10,0.07756711787851392,True,27.25,28.0,5.863165216389699,27,sub-HUP163,03,False
LA1-LA2,0.07284801303884073,True,5.75,9.75,2.171560186333729,28,sub-HUP163,03,True
LH11-LH12,0.07159736434556238,True,11.5,14.75,3.0108579028612414,29,sub-HUP163,03,False
LK5-LK6,0.06981925737093223,True,9.0,10.25,2.5644276380271327,30,sub-HUP163,03,False
LH6-LH7,0.06736212129523585,True,17.0,21.25,3.6216231849252845,31,sub-HUP163,03,False
LK6-LK7,0.06488781797127319,True,9.0,14.0,2.383298248114621,32,sub-HUP163,03,False
LE3-LE4,0.06472000442372296,True,10.5,14.5,2.5838418885618752,33,sub-HUP163,03,False
LK7-LK8,0.06360812285184378,True,8.75,14.25,2.3024363063373663,34,sub-HUP163,03,False
RE5-RE6,0.061758035142990775,True,11.75,12.25,2.629962707056427,35,sub-HUP163,03,False
LD6-LD7,0.06139662763561335,True,16.75,21.25,3.2682152339941153,36,sub-HUP163,03,False
RE2-RE3,0.06051094741621847,True,11.5,13.5,2.544644846958456,37,sub-HUP163,03,False
LJ6-LJ7,0.05968933143796166,True,18.25,20.0,3.3679738645982824,38,sub-HUP163,03,False
LE5-LE6,0.0579481000858623,True,11.25,21.0,2.406023900732709,39,sub-HUP163,03,False
LJ8-LJ9,0.05688557489766838,True,17.25,20.5,3.0886482829323576,40,sub-HUP163,03,False
LK3-LK4,0.055618862665932384,True,11.5,16.75,2.3389197875725407,41,sub-HUP163,03,False
LD2-LD3,0.05180882383785029,True,11.25,12.0,2.1511191607320743,42,sub-HUP163,03,False
LG6-LG7,0.04858661732684167,True,17.5,19.75,2.6639129037183524,43,sub-HUP163,03,False
LH4-LH5,0.0444455760292186,True,18.75,20.0,2.555161926586419,44,sub-HUP163,03,False
LH5-LH6,0.04298916415092137,True,18.75,20.5,2.4714332743037524,45,sub-HUP163,03,False
LH2-LH3,0.03720460950208068,True,19.0,20.25,2.1586855352309207,46,sub-HUP163,03,False
LC2-LC3,0.037179540864269014,True,28.0,28.75,2.869710967215902,47,sub-HUP163,03,False
LI5-LI6,0.036370995680204785,True,18.25,20.5,2.0522354653555475,48,sub-HUP163,03,False
LB2-LB3,0.02840518592134675,True,21.5,22.75,1.7993296254840352,49,sub-HUP163,03,True
LA2-LA3,0.0,False,,,,50,sub-HUP163,03,True
LA3-LA4,0.0,False,,,,50,sub-HUP163,03,True
LA4-LA5,0.0,False,,,,50,sub-HUP163,03,False
LA5-LA6,0.0,False,,,,50,sub-HUP163,03,False
LA6-LA7,0.0,False,,,,50,sub-HUP163,03,False
LA7-LA8,0.0,False,,,,50,sub-HUP163,03,False
LA8-LA9,0.0,False,,,,50,sub-HUP163,03,False
LB1-LB2,0.0,False,,,,50,sub-HUP163,03,True
LB10-LB11,0.0,False,,,,50,sub-HUP163,03,False
LB11-LB12,0.0,False,,,,50,sub-HUP163,03,False
LB3-LB4,0.0,False,,,,50,sub-HUP163,03,True
LB4-LB5,0.0,False,,,,50,sub-HUP163,03,False
LB5-LB6,0.0,False,,,,50,sub-HUP163,03,False
LB9-LB10,0.0,False,,,,50,sub-HUP163,03,False
LC1-LC2,0.0,False,,,,50,sub-HUP163,03,False
LC10-LC11,0.0,False,,,,50,sub-HUP163,03,False
LC11-LC12,0.0,False,,,,50,sub-HUP163,03,False
LC5-LC6,0.0,False,,,,50,sub-HUP163,03,False
LC6-LC7,0.0,False,,,,50,sub-HUP163,03,False
LD3-LD4,0.0,False,,,,50,sub-HUP163,03,False
LD4-LD5,0.0,False,,,,50,sub-HUP163,03,False
LD5-LD6,0.0,False,,,,50,sub-HUP163,03,False
LE1-LE2,0.0,False,,,,50,sub-HUP163,03,False
LE10-LE11,0.0,False,,,,50,sub-HUP163,03,False
LE11-LE12,0.0,False,,,,50,sub-HUP163,03,False
LE2-LE3,0.0,False,,,,50,sub-HUP163,03,False
LE6-LE7,0.0,False,,,,50,sub-HUP163,03,False
LE7-LE8,0.0,False,,,,50,sub-HUP163,03,False
LE8-LE9,0.0,False,,,,50,sub-HUP163,03,False
LE9-LE10,0.0,False,,,,50,sub-HUP163,03,False
LF1-LF2,0.0,False,,,,50,sub-HUP163,03,False
LF10-LF11,0.0,False,,,,50,sub-HUP163,03,False
LF11-LF12,0.0,False,,,,50,sub-HUP163,03,False
LF2-LF3,0.0,False,,,,50,sub-HUP163,03,False
LF3-LF4,0.0,False,,,,50,sub-HUP163,03,False
LF4-LF5,0.0,False,,,,50,sub-HUP163,03,False
LF5-LF6,0.0,False,,,,50,sub-HUP163,03,False
LF6-LF7,0.0,False,,,,50,sub-HUP163,03,False
LF7-LF8,0.0,False,,,,50,sub-HUP163,03,False
LF8-LF9,0.0,False,,,,50,sub-HUP163,03,False
LF9-LF10,0.0,False,,,,50,sub-HUP163,03,False
LG10-LG11,0.0,False,,,,50,sub-HUP163,03,False
LG2-LG3,0.0,False,,,,50,sub-HUP163,03,False
LG3-LG4,0.0,False,,,,50,sub-HUP163,03,False
LG4-LG5,0.0,False,,,,50,sub-HUP163,03,False
LG5-LG6,0.0,False,,,,50,sub-HUP163,03,False
LG8-LG9,0.0,False,,,,50,sub-HUP163,03,False
LH1-LH2,0.0,False,,,,50,sub-HUP163,03,False
LH10-LH11,0.0,False,,,,50,sub-HUP163,03,False
LH3-LH4,0.0,False,,,,50,sub-HUP163,03,False
LH8-LH9,0.0,False,,,,50,sub-HUP163,03,False
LH9-LH10,0.0,False,,,,50,sub-HUP163,03,False
LI1-LI2,0.0,False,,,,50,sub-HUP163,03,False
LI2-LI3,0.0,False,,,,50,sub-HUP163,03,False
LI3-LI4,0.0,False,,,,50,sub-HUP163,03,False
LI6-LI7,0.0,False,,,,50,sub-HUP163,03,False
LI7-LI8,0.0,False,,,,50,sub-HUP163,03,False
LJ1-LJ2,0.0,False,,,,50,sub-HUP163,03,False
LJ2-LJ3,0.0,False,,,,50,sub-HUP163,03,False
LJ3-LJ4,0.0,False,,,,50,sub-HUP163,03,False
LJ4-LJ5,0.0,False,,,,50,sub-HUP163,03,False
LJ5-LJ6,0.0,False,,,,50,sub-HUP163,03,False
LK1-LK2,0.0,False,,,,50,sub-HUP163,03,False
LK10-LK11,0.0,False,,,,50,sub-HUP163,03,False
LK11-LK12,0.0,False,,,,50,sub-HUP163,03,False
LK2-LK3,0.0,False,,,,50,sub-HUP163,03,False
LK4-LK5,0.0,False,,,,50,sub-HUP163,03,False
LK8-LK9,0.0,False,,,,50,sub-HUP163,03,False
LK9-LK10,0.0,False,,,,50,sub-HUP163,03,False
LL1-LL2,0.0,False,,,,50,sub-HUP163,03,False
LL10-LL11,0.0,False,,,,50,sub-HUP163,03,False
LL11-LL12,0.0,False,,,,50,sub-HUP163,03,False
LL2-LL3,0.0,False,,,,50,sub-HUP163,03,False
LL3-LL4,0.0,False,,,,50,sub-HUP163,03,False
LL5-LL6,0.0,False,,,,50,sub-HUP163,03,False
LL6-LL7,0.0,False,,,,50,sub-HUP163,03,False
LL7-LL8,0.0,False,,,,50,sub-HUP163,03,False
LL8-LL9,0.0,False,,,,50,sub-HUP163,03,False
LL9-LL10,0.0,False,,,,50,sub-HUP163,03,False
RB1-RB2,0.0,False,,,,50,sub-HUP163,03,False
RB10-RB11,0.0,False,,,,50,sub-HUP163,03,False
RB2-RB3,0.0,False,,,,50,sub-HUP163,03,False
RB3-RB4,0.0,False,,,,50,sub-HUP163,03,False
RB4-RB5,0.0,False,,,,50,sub-HUP163,03,False
RB5-RB6,0.0,False,,,,50,sub-HUP163,03,False
RB6-RB7,0.0,False,,,,50,sub-HUP163,03,False
RE1-RE2,0.0,False,,,,50,sub-HUP163,03,False
RE10-RE11,0.0,False,,,,50,sub-HUP163,03,False
RE11-RE12,0.0,False,,,,50,sub-HUP163,03,False
RE3-RE4,0.0,False,,,,50,sub-HUP163,03,False
RE6-RE7,0.0,False,,,,50,sub-HUP163,03,False
RE8-RE9,0.0,False,,,,50,sub-HUP163,03,False
RE9-RE10,0.0,False,,,,50,sub-HUP163,03,False
LB9-LB10,1.0,True,-8.5,-8.0,3.2313328390598732,1,sub-HUP164,01,False
LB8-LB9,0.9711999262182871,True,-8.5,-8.0,3.1382702148816772,2,sub-HUP164,01,False
LJ6-LJ7,0.5651146184457451,True,-4.0,-1.0,10.043403834290896,3,sub-HUP164,01,False
LJ1-LJ2,0.40906941112654815,True,-5.5,-3.0,5.287357686512398,4,sub-HUP164,01,False
LH1-LH2,0.4027781907120595,True,-4.75,-2.0,6.182174373898742,5,sub-HUP164,01,False
LI7-LI8,0.3789347396454999,True,-4.75,-2.75,5.8162052733662595,6,sub-HUP164,01,False
RC5-RC6,0.37340531225941526,True,-7.25,-5.25,2.7148429075123235,7,sub-HUP164,01,False
LL6-LL7,0.3474818822616393,True,-5.0,-4.5,5.052733277086672,8,sub-HUP164,01,False
LI8-LI9,0.3106666678375816,True,-7.5,-0.75,2.0077348115697666,9,sub-HUP164,01,False
RC6-RC7,0.3038966462659879,True,-6.0,-5.25,3.43696924465807,10,sub-HUP164,01,False
LI6-LI7,0.2928406491445758,True,-4.75,-2.75,4.494761629414272,11,sub-HUP164,01,False
RA9-RA10,0.28809473717015577,True,-3.5,-2.75,5.585579909869486,12,sub-HUP164,01,False
RC11-RC12,0.2870303453462935,True,-4.0,-3.0,5.1011981939829605,13,sub-HUP164,01,False
LE6-LE7,0.2839337692724221,True,-5.25,-2.25,3.899309179264114,14,sub-HUP164,01,False
RB1-RB2,0.268671188677286,True,-4.5,-3.5,4.3408301744108275,15,sub-HUP164,01,False
LA9-LA10,0.2659756181540414,True,-6.75,-6.0,2.363503310658609,16,sub-HUP164,01,False
LI2-LI3,0.2639093381741171,True,-3.5,-1.75,5.116673465859492,17,sub-HUP164,01,False
RB8-RB9,0.2608882576220364,True,-5.25,-2.75,3.582821375261593,18,sub-HUP164,01,False
RA6-RA7,0.2576175808166246,True,-6.5,-5.25,2.4973444464357604,19,sub-HUP164,01,False
LA8-LA9,0.2503263450884062,True,-6.5,-1.75,2.4266632180980037,20,sub-HUP164,01,False
LJ3-LJ4,0.24918389371748728,True,-5.0,-3.0,3.623382444303549,21,sub-HUP164,01,False
LJ4-LJ5,0.24342895174330867,True,-4.75,-0.75,3.7363498372938535,22,sub-HUP164,01,False
RC1-RC2,0.23281397196096182,True,-4.75,-3.25,3.5734223066997473,23,sub-HUP164,01,False
LG9-LG10,0.2327546570378649,True,-5.5,-3.0,3.008431066922285,24,sub-HUP164,01,False
LG6-LG7,0.23020766572066714,True,-4.0,-1.25,4.091326745255803,25,sub-HUP164,01,False
LI5-LI6,0.22975501254524178,True,-4.0,-2.0,4.083282043368291,26,sub-HUP164,01,False
LH4-LH5,0.2281835347834633,True,-6.0,-1.5,2.5806793224749804,27,sub-HUP164,01,False
LH2-LH3,0.2205700081531947,True,-4.75,-1.25,3.38549177562133,28,sub-HUP164,01,False
LD3-LD4,0.21910485696220447,True,-4.0,-2.25,3.8940039572471816,29,sub-HUP164,01,False
RC8-RC9,0.21810516921699652,True,-3.25,-0.25,4.404814972872447,30,sub-HUP164,01,False
LE3-LE4,0.2129994997141063,True,-4.25,-1.0,3.613429460179958,31,sub-HUP164,01,False
LJ5-LJ6,0.2100009943160572,True,-4.0,-0.5,3.732207100427858,32,sub-HUP164,01,False
LI11-LI12,0.20247142481914818,True,-5.0,-1.75,2.9441365379521014,33,sub-HUP164,01,False
LE4-LE5,0.200923070328994,True,-5.0,-0.75,2.9216219187546666,34,sub-HUP164,01,False
LG11-LG12,0.1982773351832865,True,-4.0,-1.75,3.523850354304694,35,sub-HUP164,01,False
LF5-LF6,0.19529719258274666,True,-3.5,-0.75,3.7864213906129778,36,sub-HUP164,01,False
LH5-LH6,0.19402196979267652,True,-3.75,-1.25,3.6049599843184112,37,sub-HUP164,01,False
LI4-LI5,0.19320136151997525,True,-3.75,-0.5,3.5897129481758037,38,sub-HUP164,01,False
LH3-LH4,0.19251759571463609,True,-4.0,-1.25,3.4214863602125574,39,sub-HUP164,01,False
LH8-LH9,0.19214836122751258,True,-5.5,-2.0,2.4835812384240015,40,sub-HUP164,01,False
RB11-RB12,0.19143460000135282,True,-3.5,-0.5,3.711533457099976,41,sub-HUP164,01,False
LH6-LH7,0.18824576278938612,True,-5.25,-0.5,2.5852100392396786,42,sub-HUP164,01,False
LJ2-LJ3,0.18452169225683626,True,-4.5,0.0,2.981255018542075,43,sub-HUP164,01,False
LK7-LK8,0.183983346570324,True,-4.0,-0.5,3.269812862870519,44,sub-HUP164,01,False
LE5-LE6,0.1822481813351063,True,-4.5,-1.0,2.9445226660353385,45,sub-HUP164,01,False
LG10-LG11,0.18149111194763137,True,-4.5,-2.75,2.932290950169365,46,sub-HUP164,01,False
LH7-LH8,0.18090408140143313,True,-3.75,-0.5,3.3612274689763653,47,sub-HUP164,01,False
LD2-LD3,0.18068672419163398,True,-4.5,-2.0,2.919294727312905,48,sub-HUP164,01,False
LM11-LM12,0.18049713143670618,True,-2.75,-2.0,3.9369125801308607,49,sub-HUP164,01,False
LI1-LI2,0.1776625423895344,True,-2.5,-1.5,4.018607652459186,50,sub-HUP164,01,False
RB4-RB5,0.17682758178976246,True,-4.0,-0.5,3.142638245388428,51,sub-HUP164,01,False
LF8-LF9,0.17590128780411593,True,-4.0,0.5,3.1261758424289896,52,sub-HUP164,01,False
LK5-LK6,0.17562544587401727,True,-4.0,-0.75,3.121273488449844,53,sub-HUP164,01,False
LD8-LD9,0.17226405795371796,True,-5.25,0.5,2.3657306566861385,54,sub-HUP164,01,False
LE2-LE3,0.16924494098370235,True,-4.5,0.25,2.7344336782269383,55,sub-HUP164,01,False
RB3-RB4,0.16405995977094234,True,-4.25,0.25,2.783194761809111,56,sub-HUP164,01,False
LF7-LF8,0.15790778907785255,True,-4.25,-1.25,2.6788262780506757,57,sub-HUP164,01,False
RC7-RC8,0.15755970018547522,True,-2.25,0.0,3.691176791582717,58,sub-HUP164,01,False
LE8-LE9,0.1529747604781104,True,-4.5,0.5,2.471561835401183,59,sub-HUP164,01,False
RA10-RA11,0.1524756915773416,True,-4.0,-0.25,2.7098484014372586,60,sub-HUP164,01,False
LL3-LL4,0.14863113156194638,True,-3.75,0.5,2.761590773855788,61,sub-HUP164,01,False
LD9-LD10,0.1483041720867023,True,-4.5,0.5,2.3961007071667386,62,sub-HUP164,01,False
LE11-LE12,0.14652220705244137,True,-4.5,1.5,2.36731009650042,63,sub-HUP164,01,False
LG1-LG2,0.14590451888603972,True,-4.25,0.5,2.4751968320293813,64,sub-HUP164,01,False
LK6-LK7,0.1455938360625303,True,-2.5,0.5,3.2932350054348767,65,sub-HUP164,01,False
LI3-LI4,0.14552614634454647,True,-3.0,0.0,3.056582201562279,66,sub-HUP164,01,False
LF6-LF7,0.14460362857192466,True,-3.5,0.5,2.80357472191006,67,sub-HUP164,01,False
LG8-LG9,0.14247102961772906,True,-4.75,0.0,2.186763753937589,68,sub-HUP164,01,False
LG5-LG6,0.14156957671170697,True,-4.25,-0.25,2.4016567167618095,69,sub-HUP164,01,False
LL5-LL6,0.13561446238611866,True,-4.75,0.5,2.081523462358647,70,sub-HUP164,01,False
LL4-LL5,0.13526973125442335,True,-4.5,0.5,2.1855076236661093,71,sub-HUP164,01,False
RB9-RB10,0.13383048380478985,True,-5.25,0.25,1.837916058039174,72,sub-HUP164,01,False
LF4-LF5,0.1322435356203771,True,-2.0,-0.75,3.204921595526314,73,sub-HUP164,01,False
LL2-LL3,0.13108342653738833,True,-4.0,1.0,2.3296579945471545,74,sub-HUP164,01,False
LG4-LG5,0.13052046035274634,True,-4.0,0.75,2.3196527733887278,75,sub-HUP164,01,False
LE10-LE11,0.12564553998621827,True,-4.0,0.75,2.2330140769138263,76,sub-HUP164,01,False
LF3-LF4,0.1234850352483392,True,-3.75,1.25,2.2943721847999408,77,sub-HUP164,01,False
LA7-LA8,0.12163135491685388,True,-2.0,0.0,2.947735435516324,78,sub-HUP164,01,False
LC8-LC9,0.12060199199619666,True,-3.75,2.5,2.240804768861741,79,sub-HUP164,01,False
LH10-LH11,0.11821652624542471,True,-4.0,1.25,2.1009831885703334,80,sub-HUP164,01,False
RA4-RA5,0.11759509683767419,True,-1.0,2.5,3.2299056340540213,81,sub-HUP164,01,False
LC5-LC6,0.11757172558383709,True,-2.5,-1.75,2.6593936447679205,82,sub-HUP164,01,False
LB6-LB7,0.11536562356128272,True,-2.25,-1.0,2.7026892773633944,83,sub-HUP164,01,False
LC7-LC8,0.1147074896004799,True,2.25,2.75,4.355232416877758,84,sub-HUP164,01,False
LH9-LH10,0.11102196331518249,True,-3.25,1.25,2.242180724482811,85,sub-HUP164,01,False
LE7-LE8,0.11091888119249979,True,-4.5,1.5,1.7920791163455256,86,sub-HUP164,01,False
LI9-LI10,0.10855319440145036,True,-2.0,1.25,2.6307862639069275,87,sub-HUP164,01,False
RB10-RB11,0.10825090719415974,True,-1.5,1.0,2.7983576901960885,88,sub-HUP164,01,False
LG7-LG8,0.10775212992838057,True,0.0,1.0,3.3077384612041123,89,sub-HUP164,01,False
LA4-LA5,0.10664200609265095,True,-2.25,1.5,2.4983196682504447,90,sub-HUP164,01,False
LM10-LM11,0.10650969072205414,True,-2.5,-1.75,2.40917782915799,91,sub-HUP164,01,False
LC4-LC5,0.10429986520708992,True,-2.75,-1.5,2.274936161984019,92,sub-HUP164,01,False
LB3-LB4,0.10019158639771712,True,-2.5,-1.75,2.266266543271135,93,sub-HUP164,01,True
LF1-LF2,0.09629245219842938,True,-1.5,4.25,2.489223703539104,94,sub-HUP164,01,False
RA5-RA6,0.09332028428699173,True,-0.75,2.25,2.6385528677108954,95,sub-HUP164,01,False
RC4-RC5,0.08533163407876346,True,-1.0,0.75,2.3437467469794666,96,sub-HUP164,01,False
LB5-LB6,0.08349895196638157,True,-2.25,4.0,1.9561435649913754,97,sub-HUP164,01,False
LC6-LC7,0.07667698483910108,True,2.5,3.0,2.9732263093282003,98,sub-HUP164,01,False
LM9-LM10,0.07475982963721167,True,2.5,6.75,2.898886710590924,99,sub-HUP164,01,False
RC3-RC4,0.07076461940988836,True,5.75,9.0,3.4871265877768765,100,sub-HUP164,01,False
LE1-LE2,0.07059080028515027,True,-0.25,0.75,2.1099469326465394,101,sub-HUP164,01,False
RB7-RB8,0.06573314397481544,True,6.5,10.5,3.398490667847549,102,sub-HUP164,01,False
LC9-LC10,0.06411774714344645,True,2.5,3.75,2.486229382933871,103,sub-HUP164,01,False
LK2-LK3,0.06282628261392753,True,2.0,4.0,2.3346452469140653,104,sub-HUP164,01,False
RA7-RA8,0.05999492773080354,True,5.75,10.0,2.9564195973419323,105,sub-HUP164,01,False
RA8-RA9,0.05981915953537862,True,8.0,9.0,3.3826732557035335,106,sub-HUP164,01,False
RC10-RC11,0.050633290789692836,True,8.5,9.75,2.945034275011241,107,sub-HUP164,01,False
RB6-RB7,0.04799827088195191,True,6.25,11.25,2.4427996254733446,108,sub-HUP164,01,False
RA11-RA12,0.040667087399427065,True,8.0,10.5,2.299655662197017,109,sub-HUP164,01,False
LE9-LE10,0.03813065791708834,True,8.5,10.5,2.2178312478440265,110,sub-HUP164,01,False
RC2-RC3,0.03575890085935231,True,21.0,22.0,3.524241774383099,111,sub-HUP164,01,False
RC9-RC10,0.03570079153739194,True,8.0,21.25,2.018819951316094,112,sub-HUP164,01,False
RB5-RB6,0.032874396068823766,True,17.0,23.25,2.8150450629084522,113,sub-HUP164,01,False
RA1-RA2,0.032114888309733185,True,21.0,22.25,3.165103743148417,114,sub-HUP164,01,False
LA6-LA7,0.031040136736486344,True,18.25,21.0,2.7833531153430995,115,sub-HUP164,01,False
LD1-LD2,0.03049758144485513,True,23.0,25.5,3.202804684126562,116,sub-HUP164,01,False
LH11-LH12,0.03032776344626175,True,14.75,21.5,2.376478125509272,117,sub-HUP164,01,False
RA2-RA3,0.028000550114425538,True,17.5,25.5,2.4429356216050935,118,sub-HUP164,01,False
RB2-RB3,0.027166449268307656,True,18.0,23.5,2.4140555901367566,119,sub-HUP164,01,False
LL1-LL2,0.025275925385383237,True,20.75,26.5,2.4706665639963323,120,sub-HUP164,01,False
LA10-LA11,0.023750222401443245,True,26.25,27.25,2.743629230512134,121,sub-HUP164,01,False
LM2-LM3,0.018685702501652406,True,26.0,30.0,2.1434802060644893,122,sub-HUP164,01,False
LM1-LM2,0.017138424871320293,True,26.0,28.25,1.96598840592425,123,sub-HUP164,01,False
LA1-LA2,0.0,False,,,,124,sub-HUP164,01,True
LA11-LA12,0.0,False,,,,124,sub-HUP164,01,False
LA2-LA3,0.0,False,,,,124,sub-HUP164,01,True
LA3-LA4,0.0,False,,,,124,sub-HUP164,01,True
LA5-LA6,0.0,False,,,,124,sub-HUP164,01,False
LB1-LB2,0.0,False,,,,124,sub-HUP164,01,True
LB10-LB11,0.0,False,,,,124,sub-HUP164,01,False
LB11-LB12,0.0,False,,,,124,sub-HUP164,01,False
LB2-LB3,0.0,False,,,,124,sub-HUP164,01,True
LB4-LB5,0.0,False,,,,124,sub-HUP164,01,False
LB7-LB8,0.0,False,,,,124,sub-HUP164,01,False
LC1-LC2,0.0,False,,,,124,sub-HUP164,01,True
LC10-LC11,0.0,False,,,,124,sub-HUP164,01,False
LC11-LC12,0.0,False,,,,124,sub-HUP164,01,False
LC2-LC3,0.0,False,,,,124,sub-HUP164,01,True
LC3-LC4,0.0,False,,,,124,sub-HUP164,01,True
LD4-LD5,0.0,False,,,,124,sub-HUP164,01,False
LD5-LD6,0.0,False,,,,124,sub-HUP164,01,False
LD6-LD7,0.0,False,,,,124,sub-HUP164,01,False
LD7-LD8,0.0,False,,,,124,sub-HUP164,01,False
LF10-LF11,0.0,False,,,,124,sub-HUP164,01,False
LF11-LF12,0.0,False,,,,124,sub-HUP164,01,False
LF2-LF3,0.0,False,,,,124,sub-HUP164,01,False
LF9-LF10,0.0,False,,,,124,sub-HUP164,01,False
LG2-LG3,0.0,False,,,,124,sub-HUP164,01,False
LG3-LG4,0.0,False,,,,124,sub-HUP164,01,False
LI10-LI11,0.0,False,,,,124,sub-HUP164,01,False
LK1-LK2,0.0,False,,,,124,sub-HUP164,01,False
LK3-LK4,0.0,False,,,,124,sub-HUP164,01,False
LK4-LK5,0.0,False,,,,124,sub-HUP164,01,False
LM3-LM4,0.0,False,,,,124,sub-HUP164,01,False
LM4-LM5,0.0,False,,,,124,sub-HUP164,01,False
LM5-LM6,0.0,False,,,,124,sub-HUP164,01,False
LM6-LM7,0.0,False,,,,124,sub-HUP164,01,False
LM7-LM8,0.0,False,,,,124,sub-HUP164,01,False
LM8-LM9,0.0,False,,,,124,sub-HUP164,01,False
RA3-RA4,0.0,False,,,,124,sub-HUP164,01,False
LM1-LM2,1.0,True,-9.5,-7.0,2.5712306704917647,1,sub-HUP164,02,False
LM5-LM6,0.6734829108624597,True,-8.25,-7.75,3.8962798120386624,2,sub-HUP164,02,False
LM2-LM3,0.646796988602832,True,-8.0,-7.5,4.157660636693285,3,sub-HUP164,02,False
LB10-LB11,0.6230292287495887,True,-8.25,-8.0,3.604391688540987,4,sub-HUP164,02,False
LB9-LB10,0.61884344030212,True,-8.25,-8.0,3.580175776359263,5,sub-HUP164,02,False
LC4-LC5,0.5857551664786209,True,-7.5,-7.0,4.518334948346519,6,sub-HUP164,02,False
LD5-LD6,0.5140908834679263,True,-8.25,-8.0,2.974154055734114,7,sub-HUP164,02,False
LM3-LM4,0.44174286539225016,True,-8.25,-6.75,2.5556013089268044,8,sub-HUP164,02,False
LF10-LF11,0.3805318312434061,True,-1.0,1.0,9.2951335981187,9,sub-HUP164,02,False
LM4-LM5,0.37921343660098905,True,-6.25,-3.25,4.143942180116952,10,sub-HUP164,02,False
LM6-LM7,0.2948644179710055,True,-6.25,-5.25,3.222198849275948,11,sub-HUP164,02,False
LG8-LG9,0.24887190644094617,True,-6.5,0.75,2.559628315458871,12,sub-HUP164,02,False
LA9-LA10,0.2077503251741699,True,-3.75,-3.25,3.6056745532741252,13,sub-HUP164,02,False
LC11-LC12,0.20672792316158103,True,-4.25,-3.25,3.3221573530007626,14,sub-HUP164,02,False
LC8-LC9,0.2055767522176382,True,-3.5,-3.0,3.7000967530945403,15,sub-HUP164,02,False
LJ6-LJ7,0.19908123575196826,True,-0.5,1.0,5.118837792848624,16,sub-HUP164,02,False
LC10-LC11,0.18987125098528432,True,-3.75,-2.5,3.2953687918515184,17,sub-HUP164,02,False
LJ3-LJ4,0.18576986409901003,True,-0.5,0.25,4.776571722244616,18,sub-HUP164,02,False
RC6-RC7,0.18360967686378324,True,-3.5,-2.25,3.304719827858692,19,sub-HUP164,02,False
LF4-LF5,0.17799666877309972,True,-1.25,0.75,4.233452069451509,20,sub-HUP164,02,False
LF9-LF10,0.17146581881391473,True,0.0,3.5,4.629220808890874,21,sub-HUP164,02,False
LF8-LF9,0.1552288076152643,True,-1.75,1.0,3.4923793719870404,22,sub-HUP164,02,False
LB3-LB4,0.1544360147135995,True,-3.75,-2.5,2.68036166920584,23,sub-HUP164,02,True
LM11-LM12,0.14722930985025265,True,-3.5,-3.0,2.6499236195761346,24,sub-HUP164,02,False
LC6-LC7,0.14677271618280727,True,-3.5,-0.5,2.6417055660843194,25,sub-HUP164,02,False
LJ4-LJ5,0.14625881402961569,True,-0.75,2.0,3.666635197511316,26,sub-HUP164,02,False
LF3-LF4,0.1447207211319342,True,0.25,3.25,4.000186335923735,27,sub-HUP164,02,False
LF5-LF6,0.14443605208148136,True,-1.75,0.5,3.2495610615706942,28,sub-HUP164,02,False
RC7-RC8,0.14318879729172715,True,-2.5,0.5,2.945371418138536,29,sub-HUP164,02,False
LF11-LF12,0.13992155095069825,True,-1.0,2.5,3.417820541038509,30,sub-HUP164,02,False
LE8-LE9,0.13326467128180325,True,-0.5,3.25,3.426542100927756,31,sub-HUP164,02,False
RB9-RB10,0.130957152439381,True,-1.75,-0.25,2.9463091601335165,32,sub-HUP164,02,False
LH7-LH8,0.13043254294794723,True,0.75,4.25,3.7729367421524587,33,sub-HUP164,02,False
RA10-RA11,0.12559867841622013,True,3.75,4.75,4.601940231167495,34,sub-HUP164,02,False
LI2-LI3,0.12326164633718568,True,0.75,2.0,3.5655089125216586,35,sub-HUP164,02,False
LG5-LG6,0.12188227825659166,True,1.5,4.5,3.76064942451312,36,sub-HUP164,02,False
LH8-LH9,0.12103006401634746,True,-1.25,3.25,2.878564967016332,37,sub-HUP164,02,False
LH10-LH11,0.1202648328972701,True,-0.25,3.25,3.1695934260020353,38,sub-HUP164,02,False
LF2-LF3,0.12023189153083821,True,-1.25,2.0,2.859581325446805,39,sub-HUP164,02,False
LG11-LG12,0.11993500050391934,True,-0.75,3.5,3.0067103796709462,40,sub-HUP164,02,False
LC5-LC6,0.11853557999710783,True,-1.25,-0.75,2.8192364492061173,41,sub-HUP164,02,False
LJ5-LJ6,0.11783072184224921,True,-1.5,3.5,2.7267296933427754,42,sub-HUP164,02,False
LK7-LK8,0.11594841514544932,True,-2.0,2.0,2.5341060303435747,43,sub-HUP164,02,False
LI3-LI4,0.11352584761357422,True,0.75,2.0,3.2838878393729587,44,sub-HUP164,02,False
LL3-LL4,0.11343966637656953,True,-2.25,4.5,2.406356282861759,45,sub-HUP164,02,False
LA7-LA8,0.1106831863537671,True,0.5,1.5,3.130512038066177,46,sub-HUP164,02,False
LF7-LF8,0.10980509591007447,True,0.25,3.75,3.0350929765879378,47,sub-HUP164,02,False
LM8-LM9,0.10949982745637955,True,0.0,1.25,2.956267805078693,48,sub-HUP164,02,False
LK6-LK7,0.10633141924759083,True,-2.0,3.25,2.3239221544537534,49,sub-HUP164,02,False
LF6-LF7,0.10469419674340347,True,-1.75,3.5,2.355438134779958,50,sub-HUP164,02,False
RC4-RC5,0.10326839209709106,True,-2.0,-1.25,2.2569782849454842,51,sub-HUP164,02,False
LH6-LH7,0.10257813336879887,True,-1.0,4.75,2.5056444050766786,52,sub-HUP164,02,False
LG6-LG7,0.09541760733045025,True,-1.25,4.25,2.2694012758751905,53,sub-HUP164,02,False
LG9-LG10,0.09521845851794011,True,2.5,3.25,3.1827720721975807,54,sub-HUP164,02,False
LK5-LK6,0.09443411460950929,True,-2.0,3.25,2.06390108050999,55,sub-HUP164,02,False
LK1-LK2,0.09402784667279539,True,0.25,1.0,2.5989982948879264,56,sub-HUP164,02,False
LJ1-LJ2,0.0920094215941023,True,0.5,1.25,2.602351914546594,57,sub-HUP164,02,False
LH9-LH10,0.08952697441499273,True,2.5,3.25,2.992528531878091,58,sub-HUP164,02,False
LE5-LE6,0.08638115532093112,True,0.0,5.25,2.3321116970937554,59,sub-HUP164,02,False
LG7-LG8,0.08422552229836718,True,-0.5,5.75,2.165632461717497,60,sub-HUP164,02,False
LH2-LH3,0.08396581556331252,True,-0.75,6.0,2.104980932430128,61,sub-HUP164,02,False
LF1-LF2,0.0822847192725527,True,-1.5,7.0,1.9041569451575306,62,sub-HUP164,02,False
LI9-LI10,0.0804102047029509,True,6.5,7.5,3.5148041373967245,63,sub-HUP164,02,False
LG4-LG5,0.07995519110975871,True,2.75,4.75,2.7239779253153578,64,sub-HUP164,02,False
LI4-LI5,0.07981339860060299,True,0.5,1.75,2.2574052423786037,65,sub-HUP164,02,False
RA8-RA9,0.07677858446180048,True,5.0,7.25,3.05993949367942,66,sub-HUP164,02,False
LI1-LI2,0.07423540579697861,True,-0.5,5.75,1.9087635222159356,67,sub-HUP164,02,False
LI10-LI11,0.0731957493252727,True,4.5,7.5,2.8230473342215214,68,sub-HUP164,02,False
LH5-LH6,0.0711790001350687,True,4.25,8.25,2.699510016572835,69,sub-HUP164,02,False
LM9-LM10,0.06629118199856704,True,5.5,6.5,2.7271987254058745,70,sub-HUP164,02,False
RA11-RA12,0.06556974465873015,True,9.75,10.75,3.414047505087521,71,sub-HUP164,02,False
RA9-RA10,0.06355692951350982,True,18.25,18.75,4.698311386513316,72,sub-HUP164,02,False
RB5-RB6,0.059641597328514706,True,4.0,4.75,2.2236084121788524,73,sub-HUP164,02,False
RA7-RA8,0.05767423165513995,True,18.5,18.75,4.300518846533543,74,sub-HUP164,02,False
LI8-LI9,0.05507055430040841,True,9.0,13.5,2.761182416034749,75,sub-HUP164,02,False
LC9-LC10,0.0536994769932951,True,13.0,13.5,3.2447329425113907,76,sub-HUP164,02,False
LA8-LA9,0.04669380252288947,True,21.5,21.75,3.8419371893996526,77,sub-HUP164,02,False
LA11-LA12,0.045115006427444586,True,6.5,13.0,1.9720184998365364,78,sub-HUP164,02,False
LC7-LC8,0.044657606928131574,True,17.0,19.5,3.1576877366203795,79,sub-HUP164,02,False
LM7-LM8,0.04395154048116005,True,21.25,22.5,3.588053177591481,80,sub-HUP164,02,False
LE10-LE11,0.04333292151725581,True,15.25,17.25,2.8690376238149025,81,sub-HUP164,02,False
LB7-LB8,0.03799560656230523,True,21.25,21.75,3.1018311387477615,82,sub-HUP164,02,False
RA5-RA6,0.036739783831282,True,23.0,23.5,3.1646263769766954,83,sub-HUP164,02,False
LD4-LD5,0.03651712785966309,True,21.5,22.0,3.0046066928331205,84,sub-HUP164,02,False
RA2-RA3,0.03546500078071538,True,19.0,23.5,2.690066583223498,85,sub-HUP164,02,False
LM10-LM11,0.03542870685489774,True,19.25,22.5,2.7100874860149533,86,sub-HUP164,02,False
RB4-RB5,0.0352536665072108,True,21.0,23.5,2.8553272199748037,87,sub-HUP164,02,False
RB8-RB9,0.03494817170656567,True,10.5,20.25,1.8870560303602175,88,sub-HUP164,02,False
LA10-LA11,0.03317090644103043,True,13.0,14.0,2.004316222215971,89,sub-HUP164,02,False
RA4-RA5,0.031973455968900895,True,16.75,21.75,2.240253309636325,90,sub-HUP164,02,False
LI11-LI12,0.0293704041622726,True,21.5,22.75,2.4165786875767776,91,sub-HUP164,02,False
LD7-LD8,0.02821573249510946,True,26.0,29.75,2.648044222536305,92,sub-HUP164,02,False
LH3-LH4,0.027584817317001662,True,24.75,26.0,2.5001742234698927,93,sub-HUP164,02,False
RC3-RC4,0.026511334135459905,True,24.25,26.75,2.368794751705055,94,sub-HUP164,02,False
RA3-RA4,0.026392321067826945,True,16.5,21.75,1.8322401256666905,95,sub-HUP164,02,False
RA6-RA7,0.023670989434149955,True,27.25,27.75,2.297599919782476,96,sub-HUP164,02,False
LB4-LB5,0.019869978260051113,True,25.5,26.25,1.8392507108729284,97,sub-HUP164,02,False
LA1-LA2,0.0,False,,,,98,sub-HUP164,02,True
LA2-LA3,0.0,False,,,,98,sub-HUP164,02,True
LA3-LA4,0.0,False,,,,98,sub-HUP164,02,True
LA4-LA5,0.0,False,,,,98,sub-HUP164,02,False
LA5-LA6,0.0,False,,,,98,sub-HUP164,02,False
LA6-LA7,0.0,False,,,,98,sub-HUP164,02,False
LB1-LB2,0.0,False,,,,98,sub-HUP164,02,True
LB11-LB12,0.0,False,,,,98,sub-HUP164,02,False
LB2-LB3,0.0,False,,,,98,sub-HUP164,02,True
LB5-LB6,0.0,False,,,,98,sub-HUP164,02,False
LB6-LB7,0.0,False,,,,98,sub-HUP164,02,False
LB8-LB9,0.0,False,,,,98,sub-HUP164,02,False
LC1-LC2,0.0,False,,,,98,sub-HUP164,02,True
LC2-LC3,0.0,False,,,,98,sub-HUP164,02,True
LC3-LC4,0.0,False,,,,98,sub-HUP164,02,True
LD1-LD2,0.0,False,,,,98,sub-HUP164,02,False
LD2-LD3,0.0,False,,,,98,sub-HUP164,02,False
LD3-LD4,0.0,False,,,,98,sub-HUP164,02,False
LD6-LD7,0.0,False,,,,98,sub-HUP164,02,False
LD8-LD9,0.0,False,,,,98,sub-HUP164,02,False
LD9-LD10,0.0,False,,,,98,sub-HUP164,02,False
LE1-LE2,0.0,False,,,,98,sub-HUP164,02,False
LE11-LE12,0.0,False,,,,98,sub-HUP164,02,False
LE2-LE3,0.0,False,,,,98,sub-HUP164,02,False
LE3-LE4,0.0,False,,,,98,sub-HUP164,02,False
LE4-LE5,0.0,False,,,,98,sub-HUP164,02,False
LE6-LE7,0.0,False,,,,98,sub-HUP164,02,False
LE7-LE8,0.0,False,,,,98,sub-HUP164,02,False
LE9-LE10,0.0,False,,,,98,sub-HUP164,02,False
LG1-LG2,0.0,False,,,,98,sub-HUP164,02,False
LG10-LG11,0.0,False,,,,98,sub-HUP164,02,False
LG2-LG3,0.0,False,,,,98,sub-HUP164,02,False
LG3-LG4,0.0,False,,,,98,sub-HUP164,02,False
LH1-LH2,0.0,False,,,,98,sub-HUP164,02,False
LH11-LH12,0.0,False,,,,98,sub-HUP164,02,False
LH4-LH5,0.0,False,,,,98,sub-HUP164,02,False
LI5-LI6,0.0,False,,,,98,sub-HUP164,02,False
LI6-LI7,0.0,False,,,,98,sub-HUP164,02,False
LI7-LI8,0.0,False,,,,98,sub-HUP164,02,False
LJ2-LJ3,0.0,False,,,,98,sub-HUP164,02,False
LK2-LK3,0.0,False,,,,98,sub-HUP164,02,False
LK3-LK4,0.0,False,,,,98,sub-HUP164,02,False
LK4-LK5,0.0,False,,,,98,sub-HUP164,02,False
LL1-LL2,0.0,False,,,,98,sub-HUP164,02,False
LL2-LL3,0.0,False,,,,98,sub-HUP164,02,False
LL4-LL5,0.0,False,,,,98,sub-HUP164,02,False
LL5-LL6,0.0,False,,,,98,sub-HUP164,02,False
LL6-LL7,0.0,False,,,,98,sub-HUP164,02,False
RA1-RA2,0.0,False,,,,98,sub-HUP164,02,False
RB1-RB2,0.0,False,,,,98,sub-HUP164,02,False
RB10-RB11,0.0,False,,,,98,sub-HUP164,02,False
RB11-RB12,0.0,False,,,,98,sub-HUP164,02,False
RB2-RB3,0.0,False,,,,98,sub-HUP164,02,False
RB3-RB4,0.0,False,,,,98,sub-HUP164,02,False
RB6-RB7,0.0,False,,,,98,sub-HUP164,02,False
RB7-RB8,0.0,False,,,,98,sub-HUP164,02,False
RC1-RC2,0.0,False,,,,98,sub-HUP164,02,False
RC10-RC11,0.0,False,,,,98,sub-HUP164,02,False
RC11-RC12,0.0,False,,,,98,sub-HUP164,02,False
RC2-RC3,0.0,False,,,,98,sub-HUP164,02,False
RC5-RC6,0.0,False,,,,98,sub-HUP164,02,False
RC8-RC9,0.0,False,,,,98,sub-HUP164,02,False
RC9-RC10,0.0,False,,,,98,sub-HUP164,02,False
LC8-LC9,1.0,True,-8.0,-4.0,4.331409011771296,1,sub-HUP164,03,False
LA7-LA8,0.780694391470865,True,-8.0,-6.25,3.381506722656212,2,sub-HUP164,03,False
LG10-LG11,0.4849823907619569,True,-8.0,-7.0,2.100657097896728,3,sub-HUP164,03,False
LJ3-LJ4,0.3788107425638911,True,-7.25,-4.25,2.871372462169775,4,sub-HUP164,03,False
RB6-RB7,0.35626202720315936,True,-7.0,-6.25,3.08623311035935,5,sub-HUP164,03,False
LM2-LM3,0.2562060301303467,True,-5.5,-3.5,3.8840658772185614,6,sub-HUP164,03,False
LB10-LB11,0.24202731416361034,True,-4.25,-4.0,4.979516625899556,7,sub-HUP164,03,False
LC7-LC8,0.240027855928362,True,-6.0,-4.0,3.1189764547327483,8,sub-HUP164,03,False
LA8-LA9,0.23891012947923962,True,-5.75,-3.5,3.363156835446933,9,sub-HUP164,03,False
LB8-LB9,0.18686675622887797,True,-5.0,-4.0,3.2375854077209274,10,sub-HUP164,03,False
LC9-LC10,0.18685350689951236,True,-4.25,-4.0,3.844360077411685,11,sub-HUP164,03,False
LM8-LM9,0.1746488597450571,True,-5.25,-1.25,2.8367836687324552,12,sub-HUP164,03,False
LB9-LB10,0.1702537788860132,True,-4.25,-4.0,3.502834072736227,13,sub-HUP164,03,False
RC5-RC6,0.15958104503867968,True,-4.25,-4.0,3.2832511887949862,14,sub-HUP164,03,False
RC2-RC3,0.15369568832164765,True,-4.5,-1.25,2.995735002600496,15,sub-HUP164,03,False
LM3-LM4,0.15237645534849809,True,-2.25,-1.25,4.455032075178194,16,sub-HUP164,03,False
LC10-LC11,0.14214994951771226,True,-4.25,-4.0,2.924620468728305,17,sub-HUP164,03,False
LC5-LC6,0.1310395512797015,True,-4.5,-3.0,2.5541365199011463,18,sub-HUP164,03,False
RA9-RA10,0.1286672596882235,True,-4.25,-4.0,2.6472250086340723,19,sub-HUP164,03,False
RC3-RC4,0.11557977870328057,True,-2.5,0.5,3.25405141785049,20,sub-HUP164,03,False
RA6-RA7,0.10489147611185663,True,-4.25,-3.75,2.1580574532222245,21,sub-HUP164,03,False
LA5-LA6,0.05982300408835672,True,0.0,1.25,2.3320610911758544,22,sub-HUP164,03,False
LD4-LD5,0.05295139751639713,True,-1.75,-1.25,1.662817662815949,23,sub-HUP164,03,False
RC1-RC2,0.04509591928215322,True,5.0,10.0,2.7346041964196113,24,sub-HUP164,03,False
RC6-RC7,0.041978431953826285,True,3.5,4.0,2.272821980810391,25,sub-HUP164,03,False
RC7-RC8,0.03974663370360079,True,3.5,4.25,2.1519865926418644,26,sub-HUP164,03,False
LC2-LC3,0.03848049189649212,True,7.5,9.25,2.750133364734662,27,sub-HUP164,03,True
LA10-LA11,0.0339989728806473,True,17.75,18.0,3.9392974888259467,28,sub-HUP164,03,False
LC6-LC7,0.03351857074496929,True,7.75,8.25,2.4318092097230997,29,sub-HUP164,03,False
RA5-RA6,0.032591721310406274,True,12.75,13.75,3.070405639798453,30,sub-HUP164,03,False
RB4-RB5,0.03119051508927318,True,10.5,13.75,2.6344281237195952,31,sub-HUP164,03,False
LI10-LI11,0.030785346178486935,True,11.0,11.5,2.6668785173599465,32,sub-HUP164,03,False
LM11-LM12,0.03068013446016585,True,17.75,20.0,3.554759641123392,33,sub-HUP164,03,False
LC4-LC5,0.030245395075184634,True,8.5,9.25,2.292590593881663,34,sub-HUP164,03,False
LD3-LD4,0.02993448010303337,True,17.75,18.75,3.4683642565658745,35,sub-HUP164,03,False
LC3-LC4,0.02993375908267208,True,13.75,14.75,2.949659300016445,36,sub-HUP164,03,True
LB3-LB4,0.029121050701961387,True,6.75,8.75,1.986629107722909,37,sub-HUP164,03,True
RA2-RA3,0.02748123037058548,True,13.5,18.0,2.678230099838632,38,sub-HUP164,03,False
LM1-LM2,0.026707230668635788,True,14.0,19.0,2.660638610744427,39,sub-HUP164,03,False
LC11-LC12,0.026013548932530422,True,21.75,22.25,3.4647660984413617,40,sub-HUP164,03,False
LC1-LC2,0.025995229069968644,True,14.25,18.5,2.6178562898687714,41,sub-HUP164,03,True
LM7-LM8,0.023305670985468173,True,17.75,22.25,2.7003160216265503,42,sub-HUP164,03,False
LI7-LI8,0.02328744621729166,True,13.0,16.25,2.219083996947762,43,sub-HUP164,03,False
RA7-RA8,0.02316093352570593,True,22.75,23.5,3.1851433691683453,44,sub-HUP164,03,False
RA8-RA9,0.02307993534638547,True,16.5,19.0,2.549200318736039,45,sub-HUP164,03,False
RC9-RC10,0.022698642504086337,True,26.5,27.0,3.4902572167496957,46,sub-HUP164,03,False
LA9-LA10,0.022631533272261473,True,17.75,18.25,2.6222069266818133,47,sub-HUP164,03,False
LL2-LL3,0.02251521634440894,True,18.0,22.25,2.633110496356138,48,sub-HUP164,03,False
LL3-LL4,0.019736047728537945,True,18.75,22.5,2.3722058359208202,49,sub-HUP164,03,False
LM10-LM11,0.01911161754263054,True,21.75,23.0,2.5454921479505463,50,sub-HUP164,03,False
LD5-LD6,0.019015646646321646,True,17.25,18.0,2.162069260274075,51,sub-HUP164,03,False
RB5-RB6,0.01832842874499436,True,28.0,29.0,2.937353093194035,52,sub-HUP164,03,False
RC10-RC11,0.01771119622823694,True,26.5,27.0,2.7233624408043524,53,sub-HUP164,03,False
LL6-LL7,0.01665916090927623,True,18.75,19.25,2.0023745014248937,54,sub-HUP164,03,False
LD9-LD10,0.013345159481695599,True,25.5,26.25,1.9942153694676807,55,sub-HUP164,03,False
LA1-LA2,0.0,False,,,,56,sub-HUP164,03,True
LA11-LA12,0.0,False,,,,56,sub-HUP164,03,False
LA2-LA3,0.0,False,,,,56,sub-HUP164,03,True
LA3-LA4,0.0,False,,,,56,sub-HUP164,03,True
LA4-LA5,0.0,False,,,,56,sub-HUP164,03,False
LA6-LA7,0.0,False,,,,56,sub-HUP164,03,False
LB1-LB2,0.0,False,,,,56,sub-HUP164,03,True
LB11-LB12,0.0,False,,,,56,sub-HUP164,03,False
LB2-LB3,0.0,False,,,,56,sub-HUP164,03,True
LB4-LB5,0.0,False,,,,56,sub-HUP164,03,False
LB5-LB6,0.0,False,,,,56,sub-HUP164,03,False
LB6-LB7,0.0,False,,,,56,sub-HUP164,03,False
LB7-LB8,0.0,False,,,,56,sub-HUP164,03,False
LD1-LD2,0.0,False,,,,56,sub-HUP164,03,False
LD2-LD3,0.0,False,,,,56,sub-HUP164,03,False
LD6-LD7,0.0,False,,,,56,sub-HUP164,03,False
LD7-LD8,0.0,False,,,,56,sub-HUP164,03,False
LD8-LD9,0.0,False,,,,56,sub-HUP164,03,False
LE1-LE2,0.0,False,,,,56,sub-HUP164,03,False
LE10-LE11,0.0,False,,,,56,sub-HUP164,03,False
LE11-LE12,0.0,False,,,,56,sub-HUP164,03,False
LE2-LE3,0.0,False,,,,56,sub-HUP164,03,False
LE3-LE4,0.0,False,,,,56,sub-HUP164,03,False
LE4-LE5,0.0,False,,,,56,sub-HUP164,03,False
LE5-LE6,0.0,False,,,,56,sub-HUP164,03,False
LE6-LE7,0.0,False,,,,56,sub-HUP164,03,False
LE7-LE8,0.0,False,,,,56,sub-HUP164,03,False
LE8-LE9,0.0,False,,,,56,sub-HUP164,03,False
LE9-LE10,0.0,False,,,,56,sub-HUP164,03,False
LF1-LF2,0.0,False,,,,56,sub-HUP164,03,False
LF10-LF11,0.0,False,,,,56,sub-HUP164,03,False
LF11-LF12,0.0,False,,,,56,sub-HUP164,03,False
LF2-LF3,0.0,False,,,,56,sub-HUP164,03,False
LF3-LF4,0.0,False,,,,56,sub-HUP164,03,False
LF4-LF5,0.0,False,,,,56,sub-HUP164,03,False
LF5-LF6,0.0,False,,,,56,sub-HUP164,03,False
LF6-LF7,0.0,False,,,,56,sub-HUP164,03,False
LF7-LF8,0.0,False,,,,56,sub-HUP164,03,False
LF8-LF9,0.0,False,,,,56,sub-HUP164,03,False
LF9-LF10,0.0,False,,,,56,sub-HUP164,03,False
LG1-LG2,0.0,False,,,,56,sub-HUP164,03,False
LG11-LG12,0.0,False,,,,56,sub-HUP164,03,False
LG2-LG3,0.0,False,,,,56,sub-HUP164,03,False
LG3-LG4,0.0,False,,,,56,sub-HUP164,03,False
LG4-LG5,0.0,False,,,,56,sub-HUP164,03,False
LG5-LG6,0.0,False,,,,56,sub-HUP164,03,False
LG6-LG7,0.0,False,,,,56,sub-HUP164,03,False
LG7-LG8,0.0,False,,,,56,sub-HUP164,03,False
LG8-LG9,0.0,False,,,,56,sub-HUP164,03,False
LG9-LG10,0.0,False,,,,56,sub-HUP164,03,False
LH1-LH2,0.0,False,,,,56,sub-HUP164,03,False
LH10-LH11,0.0,False,,,,56,sub-HUP164,03,False
LH11-LH12,0.0,False,,,,56,sub-HUP164,03,False
LH2-LH3,0.0,False,,,,56,sub-HUP164,03,False
LH3-LH4,0.0,False,,,,56,sub-HUP164,03,False
LH4-LH5,0.0,False,,,,56,sub-HUP164,03,False
LH5-LH6,0.0,False,,,,56,sub-HUP164,03,False
LH6-LH7,0.0,False,,,,56,sub-HUP164,03,False
LH7-LH8,0.0,False,,,,56,sub-HUP164,03,False
LH8-LH9,0.0,False,,,,56,sub-HUP164,03,False
LH9-LH10,0.0,False,,,,56,sub-HUP164,03,False
LI1-LI2,0.0,False,,,,56,sub-HUP164,03,False
LI11-LI12,0.0,False,,,,56,sub-HUP164,03,False
LI2-LI3,0.0,False,,,,56,sub-HUP164,03,False
LI3-LI4,0.0,False,,,,56,sub-HUP164,03,False
LI4-LI5,0.0,False,,,,56,sub-HUP164,03,False
LI5-LI6,0.0,False,,,,56,sub-HUP164,03,False
LI6-LI7,0.0,False,,,,56,sub-HUP164,03,False
LI8-LI9,0.0,False,,,,56,sub-HUP164,03,False
LI9-LI10,0.0,False,,,,56,sub-HUP164,03,False
LJ1-LJ2,0.0,False,,,,56,sub-HUP164,03,False
LJ2-LJ3,0.0,False,,,,56,sub-HUP164,03,False
LJ4-LJ5,0.0,False,,,,56,sub-HUP164,03,False
LJ5-LJ6,0.0,False,,,,56,sub-HUP164,03,False
LJ6-LJ7,0.0,False,,,,56,sub-HUP164,03,False
LK1-LK2,0.0,False,,,,56,sub-HUP164,03,False
LK2-LK3,0.0,False,,,,56,sub-HUP164,03,False
LK3-LK4,0.0,False,,,,56,sub-HUP164,03,False
LK4-LK5,0.0,False,,,,56,sub-HUP164,03,False
LK5-LK6,0.0,False,,,,56,sub-HUP164,03,False
LK6-LK7,0.0,False,,,,56,sub-HUP164,03,False
LK7-LK8,0.0,False,,,,56,sub-HUP164,03,False
LL1-LL2,0.0,False,,,,56,sub-HUP164,03,False
LL4-LL5,0.0,False,,,,56,sub-HUP164,03,False
LL5-LL6,0.0,False,,,,56,sub-HUP164,03,False
LM4-LM5,0.0,False,,,,56,sub-HUP164,03,False
LM5-LM6,0.0,False,,,,56,sub-HUP164,03,False
LM6-LM7,0.0,False,,,,56,sub-HUP164,03,False
LM9-LM10,0.0,False,,,,56,sub-HUP164,03,False
RA1-RA2,0.0,False,,,,56,sub-HUP164,03,False
RA10-RA11,0.0,False,,,,56,sub-HUP164,03,False
RA11-RA12,0.0,False,,,,56,sub-HUP164,03,False
RA3-RA4,0.0,False,,,,56,sub-HUP164,03,False
RA4-RA5,0.0,False,,,,56,sub-HUP164,03,False
RB1-RB2,0.0,False,,,,56,sub-HUP164,03,False
RB10-RB11,0.0,False,,,,56,sub-HUP164,03,False
RB11-RB12,0.0,False,,,,56,sub-HUP164,03,False
RB2-RB3,0.0,False,,,,56,sub-HUP164,03,False
RB3-RB4,0.0,False,,,,56,sub-HUP164,03,False
RB7-RB8,0.0,False,,,,56,sub-HUP164,03,False
RB8-RB9,0.0,False,,,,56,sub-HUP164,03,False
RB9-RB10,0.0,False,,,,56,sub-HUP164,03,False
RC11-RC12,0.0,False,,,,56,sub-HUP164,03,False
RC4-RC5,0.0,False,,,,56,sub-HUP164,03,False
RC8-RC9,0.0,False,,,,56,sub-HUP164,03,False
LB5-LB6,1.0,True,-8.75,-8.25,6.825397838321145,1,sub-HUP166,01,False
LB6-LB7,0.8950930897373977,True,-8.75,-8.25,6.109366439789828,2,sub-HUP166,01,False
LF1-LF2,0.8394269344115334,True,-10.0,-9.25,2.5464101260271224,3,sub-HUP166,01,False
RC5-RC6,0.17413810703922558,True,-6.25,-2.5,2.50918614752694,4,sub-HUP166,01,False
RC6-RC7,0.1450034103190946,True,-5.75,-3.75,2.309313914462666,5,sub-HUP166,01,False
LH11-LH12,0.09350334476386817,True,3.25,4.5,4.0419176724383155,6,sub-HUP166,01,False
LA2-LA3,0.08744598919379691,True,2.0,5.0,3.44848784576513,7,sub-HUP166,01,False
LB1-LB2,0.07807388509716304,True,5.0,5.75,3.789406766730738,8,sub-HUP166,01,False
LF2-LF3,0.06834872768911275,True,3.25,3.75,2.9545459687347146,9,sub-HUP166,01,False
RA7-RA8,0.06531555760181589,True,0.75,3.0,2.328091031801799,10,sub-HUP166,01,False
LA3-LA4,0.05723455092267243,True,0.5,6.5,1.9966482985183263,11,sub-HUP166,01,False
LA1-LA2,0.05596162752830526,True,3.25,8.0,2.4190823532173096,12,sub-HUP166,01,False
LE6-LE7,0.048707448681966144,True,7.25,11.0,2.6965203545460197,13,sub-HUP166,01,False
RA5-RA6,0.04580314377696371,True,4.5,6.5,2.153636674273694,14,sub-HUP166,01,False
LJ10-LJ11,0.04393556394412084,True,10.75,13.25,2.898817797306354,15,sub-HUP166,01,False
LC3-LC4,0.03640802686788273,True,12.75,14.25,2.6230478276389517,16,sub-HUP166,01,False
LJ4-LJ5,0.035538050061098905,True,13.0,16.75,2.587320854028513,17,sub-HUP166,01,True
LE1-LE2,0.03526268796601212,True,10.25,11.0,2.2731065898235596,18,sub-HUP166,01,False
LE4-LE5,0.03441970127141859,True,20.0,20.5,3.2367879085607116,19,sub-HUP166,01,False
RC7-RC8,0.03380753825185657,True,2.5,13.0,1.3844993910190875,20,sub-HUP166,01,False
LJ3-LJ4,0.03259758045846424,True,13.0,16.5,2.3732421887541486,21,sub-HUP166,01,True
LM9-LM10,0.03189579560357291,True,10.0,16.5,2.03188061406549,22,sub-HUP166,01,False
LJ5-LJ6,0.03189001534113993,True,15.0,16.75,2.515205816048694,23,sub-HUP166,01,True
LE3-LE4,0.029357845270881353,True,21.0,22.0,2.8498342919059945,24,sub-HUP166,01,False
LL5-LL6,0.0292821327878045,True,15.5,18.5,2.353932646457693,25,sub-HUP166,01,False
LE5-LE6,0.028903463686292864,True,16.25,17.75,2.389251400391273,26,sub-HUP166,01,False
LL3-LL4,0.026434547952692424,True,12.25,13.25,1.8644051666841364,27,sub-HUP166,01,False
LK6-LK7,0.02622506112000533,True,10.0,15.25,1.6706337711310266,28,sub-HUP166,01,False
LG1-LG2,0.024535843395883574,True,24.0,25.5,2.605040549621221,29,sub-HUP166,01,False
LG4-LG5,0.024230837123981868,True,23.75,25.25,2.5542810402685023,30,sub-HUP166,01,False
LK8-LK9,0.022615306653756967,True,20.0,21.0,2.1267166309214227,31,sub-HUP166,01,False
LM3-LM4,0.02199828383924578,True,26.25,27.0,2.4857676450568116,32,sub-HUP166,01,False
LA7-LA8,0.02197586505323605,True,19.75,20.75,2.049918298337792,33,sub-HUP166,01,False
LK9-LK10,0.021532228623939723,True,19.0,20.5,1.9595470227209983,34,sub-HUP166,01,False
LF3-LF4,0.02089854786870775,True,19.75,20.75,1.9494256804440941,35,sub-HUP166,01,False
LK5-LK6,0.01789006941292951,True,17.5,24.75,1.5466866539133748,36,sub-HUP166,01,False
LA8-LA9,0.01611557432597587,True,22.75,23.5,1.6499280925172914,37,sub-HUP166,01,False
LA10-LA11,0.0,False,,,,38,sub-HUP166,01,False
LA4-LA5,0.0,False,,,,38,sub-HUP166,01,False
LA5-LA6,0.0,False,,,,38,sub-HUP166,01,False
LA6-LA7,0.0,False,,,,38,sub-HUP166,01,False
LA9-LA10,0.0,False,,,,38,sub-HUP166,01,False
LB0-LB1,0.0,False,,,,38,sub-HUP166,01,False
LB11-LB12,0.0,False,,,,38,sub-HUP166,01,False
LB2-LB3,0.0,False,,,,38,sub-HUP166,01,False
LB3-LB4,0.0,False,,,,38,sub-HUP166,01,False
LB4-LB5,0.0,False,,,,38,sub-HUP166,01,False
LB7-LB8,0.0,False,,,,38,sub-HUP166,01,False
LB8-LB9,0.0,False,,,,38,sub-HUP166,01,False
LC1-LC2,0.0,False,,,,38,sub-HUP166,01,False
LC10-LC11,0.0,False,,,,38,sub-HUP166,01,False
LC2-LC3,0.0,False,,,,38,sub-HUP166,01,False
LC4-LC5,0.0,False,,,,38,sub-HUP166,01,False
LC5-LC6,0.0,False,,,,38,sub-HUP166,01,False
LC6-LC7,0.0,False,,,,38,sub-HUP166,01,False
LC7-LC8,0.0,False,,,,38,sub-HUP166,01,False
LC8-LC9,0.0,False,,,,38,sub-HUP166,01,False
LC9-LC10,0.0,False,,,,38,sub-HUP166,01,False
LD1-LD2,0.0,False,,,,38,sub-HUP166,01,False
LD2-LD3,0.0,False,,,,38,sub-HUP166,01,False
LD3-LD4,0.0,False,,,,38,sub-HUP166,01,False
LD4-LD5,0.0,False,,,,38,sub-HUP166,01,False
LD5-LD6,0.0,False,,,,38,sub-HUP166,01,False
LD6-LD7,0.0,False,,,,38,sub-HUP166,01,False
LD7-LD8,0.0,False,,,,38,sub-HUP166,01,False
LE10-LE11,0.0,False,,,,38,sub-HUP166,01,False
LE11-LE12,0.0,False,,,,38,sub-HUP166,01,False
LE2-LE3,0.0,False,,,,38,sub-HUP166,01,False
LE7-LE8,0.0,False,,,,38,sub-HUP166,01,False
LE8-LE9,0.0,False,,,,38,sub-HUP166,01,False
LE9-LE10,0.0,False,,,,38,sub-HUP166,01,False
LF6-LF7,0.0,False,,,,38,sub-HUP166,01,False
LF7-LF8,0.0,False,,,,38,sub-HUP166,01,False
LG10-LG11,0.0,False,,,,38,sub-HUP166,01,False
LG11-LG12,0.0,False,,,,38,sub-HUP166,01,False
LG2-LG3,0.0,False,,,,38,sub-HUP166,01,False
LG3-LG4,0.0,False,,,,38,sub-HUP166,01,False
LG5-LG6,0.0,False,,,,38,sub-HUP166,01,False
LG6-LG7,0.0,False,,,,38,sub-HUP166,01,False
LG7-LG8,0.0,False,,,,38,sub-HUP166,01,False
LG8-LG9,0.0,False,,,,38,sub-HUP166,01,False
LG9-LG10,0.0,False,,,,38,sub-HUP166,01,False
LH10-LH11,0.0,False,,,,38,sub-HUP166,01,False
LH3-LH4,0.0,False,,,,38,sub-HUP166,01,False
LH4-LH5,0.0,False,,,,38,sub-HUP166,01,False
LH5-LH6,0.0,False,,,,38,sub-HUP166,01,False
LH6-LH7,0.0,False,,,,38,sub-HUP166,01,False
LH7-LH8,0.0,False,,,,38,sub-HUP166,01,False
LH8-LH9,0.0,False,,,,38,sub-HUP166,01,False
LH9-LH10,0.0,False,,,,38,sub-HUP166,01,False
LI1-LI2,0.0,False,,,,38,sub-HUP166,01,False
LI2-LI3,0.0,False,,,,38,sub-HUP166,01,False
LI3-LI4,0.0,False,,,,38,sub-HUP166,01,False
LI4-LI5,0.0,False,,,,38,sub-HUP166,01,False
LI5-LI6,0.0,False,,,,38,sub-HUP166,01,False
LI6-LI7,0.0,False,,,,38,sub-HUP166,01,False
LI7-LI8,0.0,False,,,,38,sub-HUP166,01,False
LJ1-LJ2,0.0,False,,,,38,sub-HUP166,01,True
LJ11-LJ12,0.0,False,,,,38,sub-HUP166,01,False
LJ2-LJ3,0.0,False,,,,38,sub-HUP166,01,True
LJ6-LJ7,0.0,False,,,,38,sub-HUP166,01,False
LJ7-LJ8,0.0,False,,,,38,sub-HUP166,01,False
LJ8-LJ9,0.0,False,,,,38,sub-HUP166,01,False
LJ9-LJ10,0.0,False,,,,38,sub-HUP166,01,False
LK1-LK2,0.0,False,,,,38,sub-HUP166,01,False
LK10-LK11,0.0,False,,,,38,sub-HUP166,01,False
LK11-LK12,0.0,False,,,,38,sub-HUP166,01,False
LK2-LK3,0.0,False,,,,38,sub-HUP166,01,False
LK3-LK4,0.0,False,,,,38,sub-HUP166,01,False
LK4-LK5,0.0,False,,,,38,sub-HUP166,01,False
LK7-LK8,0.0,False,,,,38,sub-HUP166,01,False
LL2-LL3,0.0,False,,,,38,sub-HUP166,01,False
LL4-LL5,0.0,False,,,,38,sub-HUP166,01,False
LL6-LL7,0.0,False,,,,38,sub-HUP166,01,False
LL7-LL8,0.0,False,,,,38,sub-HUP166,01,False
LM1-LM2,0.0,False,,,,38,sub-HUP166,01,False
LM10-LM11,0.0,False,,,,38,sub-HUP166,01,False
LM11-LM12,0.0,False,,,,38,sub-HUP166,01,False
LM2-LM3,0.0,False,,,,38,sub-HUP166,01,False
LM4-LM5,0.0,False,,,,38,sub-HUP166,01,False
LM5-LM6,0.0,False,,,,38,sub-HUP166,01,False
LM6-LM7,0.0,False,,,,38,sub-HUP166,01,False
LM7-LM8,0.0,False,,,,38,sub-HUP166,01,False
LM8-LM9,0.0,False,,,,38,sub-HUP166,01,False
RA1-RA2,0.0,False,,,,38,sub-HUP166,01,False
RA10-RA11,0.0,False,,,,38,sub-HUP166,01,False
RA11-RA12,0.0,False,,,,38,sub-HUP166,01,False
RA2-RA3,0.0,False,,,,38,sub-HUP166,01,False
RA3-RA4,0.0,False,,,,38,sub-HUP166,01,False
RA4-RA5,0.0,False,,,,38,sub-HUP166,01,False
RA6-RA7,0.0,False,,,,38,sub-HUP166,01,False
RA8-RA9,0.0,False,,,,38,sub-HUP166,01,False
RA9-RA10,0.0,False,,,,38,sub-HUP166,01,False
RB1-RB2,0.0,False,,,,38,sub-HUP166,01,False
RB2-RB3,0.0,False,,,,38,sub-HUP166,01,False
RB3-RB4,0.0,False,,,,38,sub-HUP166,01,False
RB4-RB5,0.0,False,,,,38,sub-HUP166,01,False
RB5-RB6,0.0,False,,,,38,sub-HUP166,01,False
RB6-RB7,0.0,False,,,,38,sub-HUP166,01,False
RB7-RB8,0.0,False,,,,38,sub-HUP166,01,False
RB8-RB9,0.0,False,,,,38,sub-HUP166,01,False
RC1-RC2,0.0,False,,,,38,sub-HUP166,01,False
RC2-RC3,0.0,False,,,,38,sub-HUP166,01,False
RC3-RC4,0.0,False,,,,38,sub-HUP166,01,False
RC4-RC5,0.0,False,,,,38,sub-HUP166,01,False
LE4-LE5,1.0,True,-9.25,-8.5,3.3762239359072317,1,sub-HUP166,02,False
LA9-LA10,0.681970063870763,True,-9.25,-8.25,2.3024836532126534,2,sub-HUP166,02,False
LF2-LF3,0.32116227308860207,True,-6.5,-5.0,4.066184076420425,3,sub-HUP166,02,False
LK10-LK11,0.21865220023870688,True,-5.0,-3.5,3.875648658444691,4,sub-HUP166,02,False
LJ11-LJ12,0.20293058764233352,True,-4.75,-3.75,3.7682650902917167,5,sub-HUP166,02,False
LJ10-LJ11,0.1958663577476282,True,-4.75,-3.25,3.6370877689658117,6,sub-HUP166,02,False
LJ9-LJ10,0.1721936452011702,True,-4.75,-2.5,3.1975036859661956,7,sub-HUP166,02,False
LH5-LH6,0.1036592701787001,True,-2.25,1.25,2.799815273248016,8,sub-HUP166,02,False
LJ3-LJ4,0.10299028371350022,True,-2.5,0.5,2.6948165230553203,9,sub-HUP166,02,True
LJ2-LJ3,0.0922464991619327,True,-2.5,-1.75,2.4136974981747676,10,sub-HUP166,02,True
RC5-RC6,0.07834237120659096,True,4.0,6.0,3.769144791303762,11,sub-HUP166,02,False
LM2-LM3,0.06927600268202402,True,0.5,1.5,2.5143314582194978,12,sub-HUP166,02,False
LA10-LA11,0.059104051400070814,True,9.5,13.75,3.9410831326587057,13,sub-HUP166,02,False
LE9-LE10,0.05702865335784622,True,8.0,9.75,3.5138824571125307,14,sub-HUP166,02,False
LJ5-LJ6,0.05683099773474419,True,5.5,7.25,3.022018253943145,15,sub-HUP166,02,True
LL6-LL7,0.051188981068279085,True,7.25,8.25,3.024445604904955,16,sub-HUP166,02,False
LB2-LB3,0.03930714929016603,True,7.5,12.0,2.355597854571841,17,sub-HUP166,02,False
LB8-LB9,0.036396794323382275,True,13.25,14.0,2.8877676123450486,18,sub-HUP166,02,False
RC6-RC7,0.036122392430256514,True,11.0,12.5,2.5915923263369076,19,sub-HUP166,02,False
LB5-LB6,0.030745099690897646,True,13.0,16.0,2.413404439602107,20,sub-HUP166,02,False
LG11-LG12,0.028943556412090253,True,12.75,17.75,2.247558342821948,21,sub-HUP166,02,False
LB6-LB7,0.028510278075990648,True,13.25,13.75,2.262041456598974,22,sub-HUP166,02,False
LA5-LA6,0.026149939906183313,True,22.25,24.5,2.8693617235982343,23,sub-HUP166,02,False
LA6-LA7,0.025482092827754863,True,22.0,24.25,2.77457236868195,24,sub-HUP166,02,False
RC7-RC8,0.024746931830448616,True,10.25,17.5,1.7127992635176164,25,sub-HUP166,02,False
LK4-LK5,0.024688894454212414,True,17.25,19.0,2.2922690012034797,26,sub-HUP166,02,False
LA7-LA8,0.02380216986091315,True,22.0,24.25,2.5916569434529664,27,sub-HUP166,02,False
LJ4-LJ5,0.023423719662848425,True,20.75,21.25,2.451595412804381,28,sub-HUP166,02,True
LK11-LK12,0.0225223155564237,True,15.25,22.5,1.9390297122781643,29,sub-HUP166,02,False
LA1-LA2,0.0,False,,,,30,sub-HUP166,02,False
LA2-LA3,0.0,False,,,,30,sub-HUP166,02,False
LA3-LA4,0.0,False,,,,30,sub-HUP166,02,False
LA4-LA5,0.0,False,,,,30,sub-HUP166,02,False
LA8-LA9,0.0,False,,,,30,sub-HUP166,02,False
LB0-LB1,0.0,False,,,,30,sub-HUP166,02,False
LB1-LB2,0.0,False,,,,30,sub-HUP166,02,False
LB11-LB12,0.0,False,,,,30,sub-HUP166,02,False
LB3-LB4,0.0,False,,,,30,sub-HUP166,02,False
LB4-LB5,0.0,False,,,,30,sub-HUP166,02,False
LB7-LB8,0.0,False,,,,30,sub-HUP166,02,False
LC1-LC2,0.0,False,,,,30,sub-HUP166,02,False
LC10-LC11,0.0,False,,,,30,sub-HUP166,02,False
LC2-LC3,0.0,False,,,,30,sub-HUP166,02,False
LC3-LC4,0.0,False,,,,30,sub-HUP166,02,False
LC4-LC5,0.0,False,,,,30,sub-HUP166,02,False
LC5-LC6,0.0,False,,,,30,sub-HUP166,02,False
LC6-LC7,0.0,False,,,,30,sub-HUP166,02,False
LC7-LC8,0.0,False,,,,30,sub-HUP166,02,False
LC8-LC9,0.0,False,,,,30,sub-HUP166,02,False
LC9-LC10,0.0,False,,,,30,sub-HUP166,02,False
LD1-LD2,0.0,False,,,,30,sub-HUP166,02,False
LD2-LD3,0.0,False,,,,30,sub-HUP166,02,False
LD3-LD4,0.0,False,,,,30,sub-HUP166,02,False
LD4-LD5,0.0,False,,,,30,sub-HUP166,02,False
LD5-LD6,0.0,False,,,,30,sub-HUP166,02,False
LD6-LD7,0.0,False,,,,30,sub-HUP166,02,False
LD7-LD8,0.0,False,,,,30,sub-HUP166,02,False
LE1-LE2,0.0,False,,,,30,sub-HUP166,02,False
LE10-LE11,0.0,False,,,,30,sub-HUP166,02,False
LE11-LE12,0.0,False,,,,30,sub-HUP166,02,False
LE2-LE3,0.0,False,,,,30,sub-HUP166,02,False
LE3-LE4,0.0,False,,,,30,sub-HUP166,02,False
LE5-LE6,0.0,False,,,,30,sub-HUP166,02,False
LE6-LE7,0.0,False,,,,30,sub-HUP166,02,False
LE7-LE8,0.0,False,,,,30,sub-HUP166,02,False
LE8-LE9,0.0,False,,,,30,sub-HUP166,02,False
LF1-LF2,0.0,False,,,,30,sub-HUP166,02,False
LF3-LF4,0.0,False,,,,30,sub-HUP166,02,False
LF6-LF7,0.0,False,,,,30,sub-HUP166,02,False
LF7-LF8,0.0,False,,,,30,sub-HUP166,02,False
LG1-LG2,0.0,False,,,,30,sub-HUP166,02,False
LG10-LG11,0.0,False,,,,30,sub-HUP166,02,False
LG2-LG3,0.0,False,,,,30,sub-HUP166,02,False
LG3-LG4,0.0,False,,,,30,sub-HUP166,02,False
LG4-LG5,0.0,False,,,,30,sub-HUP166,02,False
LG5-LG6,0.0,False,,,,30,sub-HUP166,02,False
LG6-LG7,0.0,False,,,,30,sub-HUP166,02,False
LG7-LG8,0.0,False,,,,30,sub-HUP166,02,False
LG8-LG9,0.0,False,,,,30,sub-HUP166,02,False
LG9-LG10,0.0,False,,,,30,sub-HUP166,02,False
LH10-LH11,0.0,False,,,,30,sub-HUP166,02,False
LH11-LH12,0.0,False,,,,30,sub-HUP166,02,False
LH3-LH4,0.0,False,,,,30,sub-HUP166,02,False
LH4-LH5,0.0,False,,,,30,sub-HUP166,02,False
LH6-LH7,0.0,False,,,,30,sub-HUP166,02,False
LH7-LH8,0.0,False,,,,30,sub-HUP166,02,False
LH8-LH9,0.0,False,,,,30,sub-HUP166,02,False
LH9-LH10,0.0,False,,,,30,sub-HUP166,02,False
LI1-LI2,0.0,False,,,,30,sub-HUP166,02,False
LI2-LI3,0.0,False,,,,30,sub-HUP166,02,False
LI3-LI4,0.0,False,,,,30,sub-HUP166,02,False
LI4-LI5,0.0,False,,,,30,sub-HUP166,02,False
LI5-LI6,0.0,False,,,,30,sub-HUP166,02,False
LI6-LI7,0.0,False,,,,30,sub-HUP166,02,False
LI7-LI8,0.0,False,,,,30,sub-HUP166,02,False
LJ1-LJ2,0.0,False,,,,30,sub-HUP166,02,True
LJ6-LJ7,0.0,False,,,,30,sub-HUP166,02,False
LJ7-LJ8,0.0,False,,,,30,sub-HUP166,02,False
LJ8-LJ9,0.0,False,,,,30,sub-HUP166,02,False
LK1-LK2,0.0,False,,,,30,sub-HUP166,02,False
LK2-LK3,0.0,False,,,,30,sub-HUP166,02,False
LK3-LK4,0.0,False,,,,30,sub-HUP166,02,False
LK5-LK6,0.0,False,,,,30,sub-HUP166,02,False
LK6-LK7,0.0,False,,,,30,sub-HUP166,02,False
LK7-LK8,0.0,False,,,,30,sub-HUP166,02,False
LK8-LK9,0.0,False,,,,30,sub-HUP166,02,False
LK9-LK10,0.0,False,,,,30,sub-HUP166,02,False
LL2-LL3,0.0,False,,,,30,sub-HUP166,02,False
LL3-LL4,0.0,False,,,,30,sub-HUP166,02,False
LL4-LL5,0.0,False,,,,30,sub-HUP166,02,False
LL5-LL6,0.0,False,,,,30,sub-HUP166,02,False
LL7-LL8,0.0,False,,,,30,sub-HUP166,02,False
LM1-LM2,0.0,False,,,,30,sub-HUP166,02,False
LM10-LM11,0.0,False,,,,30,sub-HUP166,02,False
LM11-LM12,0.0,False,,,,30,sub-HUP166,02,False
LM3-LM4,0.0,False,,,,30,sub-HUP166,02,False
LM4-LM5,0.0,False,,,,30,sub-HUP166,02,False
LM5-LM6,0.0,False,,,,30,sub-HUP166,02,False
LM6-LM7,0.0,False,,,,30,sub-HUP166,02,False
LM7-LM8,0.0,False,,,,30,sub-HUP166,02,False
LM8-LM9,0.0,False,,,,30,sub-HUP166,02,False
LM9-LM10,0.0,False,,,,30,sub-HUP166,02,False
RA1-RA2,0.0,False,,,,30,sub-HUP166,02,False
RA10-RA11,0.0,False,,,,30,sub-HUP166,02,False
RA11-RA12,0.0,False,,,,30,sub-HUP166,02,False
RA2-RA3,0.0,False,,,,30,sub-HUP166,02,False
RA3-RA4,0.0,False,,,,30,sub-HUP166,02,False
RA4-RA5,0.0,False,,,,30,sub-HUP166,02,False
RA5-RA6,0.0,False,,,,30,sub-HUP166,02,False
RA6-RA7,0.0,False,,,,30,sub-HUP166,02,False
RA7-RA8,0.0,False,,,,30,sub-HUP166,02,False
RA8-RA9,0.0,False,,,,30,sub-HUP166,02,False
RA9-RA10,0.0,False,,,,30,sub-HUP166,02,False
RB1-RB2,0.0,False,,,,30,sub-HUP166,02,False
RB2-RB3,0.0,False,,,,30,sub-HUP166,02,False
RB3-RB4,0.0,False,,,,30,sub-HUP166,02,False
RB4-RB5,0.0,False,,,,30,sub-HUP166,02,False
RB5-RB6,0.0,False,,,,30,sub-HUP166,02,False
RB6-RB7,0.0,False,,,,30,sub-HUP166,02,False
RB7-RB8,0.0,False,,,,30,sub-HUP166,02,False
RB8-RB9,0.0,False,,,,30,sub-HUP166,02,False
RC1-RC2,0.0,False,,,,30,sub-HUP166,02,False
RC2-RC3,0.0,False,,,,30,sub-HUP166,02,False
RC3-RC4,0.0,False,,,,30,sub-HUP166,02,False
RC4-RC5,0.0,False,,,,30,sub-HUP166,02,False
RG10-RG11,1.0,True,-9.5,-6.75,28.723226515817704,1,sub-HUP171,01,False
RG08-RG09,0.29226246650804144,True,-8.5,-6.75,16.78944205516412,2,sub-HUP171,01,False
RD05-RD06,0.1876216827897675,True,-9.25,-7.0,6.736375117561735,3,sub-HUP171,01,False
RD10-RD11,0.17316797205901868,True,-9.25,-7.75,6.217428608419981,4,sub-HUP171,01,True
RG07-RG08,0.16930564424928343,True,-8.75,-7.75,8.51025764781258,5,sub-HUP171,01,False
LG05-LG06,0.16214103254954218,True,-9.25,-7.0,5.821517006786339,6,sub-HUP171,01,True
RI03-RI04,0.16122430177153518,True,-9.5,-7.5,4.630882139638354,7,sub-HUP171,01,True
RG09-RG10,0.15158688134449907,True,-8.5,-7.75,8.708128659368857,8,sub-HUP171,01,False
RG05-RG06,0.13685200721739132,True,-9.0,-7.75,5.896246803674176,9,sub-HUP171,01,False
RG06-RG07,0.12848077821573717,True,-9.0,-7.5,5.535573743428733,10,sub-HUP171,01,False
LG08-LG09,0.11530976663550252,True,-9.5,-5.75,3.3120685465576174,11,sub-HUP171,01,True
RI01-RI02,0.1146457677655932,True,-9.0,-6.75,4.939494534916447,12,sub-HUP171,01,False
RG11-RG12,0.11340463382575632,True,-9.25,-6.25,4.071683731650701,13,sub-HUP171,01,False
LF04-LF05,0.10346950294063641,True,-9.0,-7.5,4.457966955664448,14,sub-HUP171,01,True
RD09-RD10,0.10159638726239334,True,-9.25,-7.5,3.6477200556580756,15,sub-HUP171,01,True
RD11-RD12,0.09378554613735489,True,-8.75,-7.75,4.714191099822604,16,sub-HUP171,01,True
RB10-RB11,0.08943725743067563,True,-9.0,-5.75,3.8533899062021937,17,sub-HUP171,01,False
LC07-LC08,0.08238923160988687,True,-8.5,-5.25,4.732969123989897,18,sub-HUP171,01,False
LG07-LG08,0.08161789554134956,True,-9.25,-7.0,2.930411626723164,19,sub-HUP171,01,True
RD07-RD08,0.08029076385811805,True,-9.0,-7.75,3.459314696137131,20,sub-HUP171,01,False
RI06-RI07,0.07950583574376419,True,-8.75,-6.25,3.9964122264456856,21,sub-HUP171,01,False
RD06-RD07,0.0684793756610425,True,-8.5,-6.75,3.9338972375477943,22,sub-HUP171,01,False
LD09-LD10,0.06674709775046818,True,-8.5,-6.75,3.8343840159202474,23,sub-HUP171,01,True
RI07-RI08,0.06530859696003107,True,-8.75,-5.75,3.2827788418481276,24,sub-HUP171,01,False
RD04-RD05,0.0635227193556572,True,-8.75,-6.25,3.1930105496682035,25,sub-HUP171,01,False
RB06-RB07,0.06305281326946412,True,-8.5,-5.75,3.6221604759967483,26,sub-HUP171,01,False
LF06-LF07,0.06153201370182894,True,-8.5,-7.0,3.534795935064062,27,sub-HUP171,01,False
LG10-LG11,0.05439443724503612,True,-8.5,-5.75,3.124767484379207,28,sub-HUP171,01,False
LG09-LG10,0.05365954202482274,True,-8.5,-5.75,3.0825503606280455,29,sub-HUP171,01,True
LG04-LG05,0.052889432694873575,True,-8.5,-5.75,3.0383103111758967,30,sub-HUP171,01,True
RD03-RD04,0.05181138440435275,True,-8.5,-5.75,2.976380260688657,31,sub-HUP171,01,False
LG02-LG03,0.04740665353775312,True,-8.25,-5.75,3.0637621078239903,32,sub-HUP171,01,True
LF05-LF06,0.046846565180232155,True,-8.25,-7.0,3.02756513210961,33,sub-HUP171,01,True
LE05-LE06,0.04460195718121016,True,-8.5,-5.75,2.562224238329403,34,sub-HUP171,01,False
RB09-RB10,0.04337186125709793,True,-8.25,-5.25,2.803004539425544,35,sub-HUP171,01,False
RB01-RB02,0.036499972466157035,True,-8.0,-6.0,2.6209924424163447,36,sub-HUP171,01,False
RE03-RE04,0.03618497430379343,True,-7.25,-6.0,3.377884943539931,37,sub-HUP171,01,False
RB07-RB08,0.03479021006822263,True,-7.25,-5.75,3.247683024047931,38,sub-HUP171,01,False
LE08-LE09,0.029468169357605024,True,-7.75,-5.75,2.32765748452866,39,sub-HUP171,01,False
LD03-LD04,0.029202663427827343,True,-8.5,-3.0,1.6775894330053405,40,sub-HUP171,01,False
RB03-RB04,0.027133215908926808,True,-6.75,-3.0,2.922575649955099,41,sub-HUP171,01,False
LC08-LC09,0.020055211903121175,True,-5.5,-5.0,2.8802519715803645,42,sub-HUP171,01,False
LD04-LD05,0.01945986325676133,True,-6.0,0.25,2.515275271308571,43,sub-HUP171,01,False
RB11-RB12,0.016347386514850227,True,-6.0,-5.0,2.1129735861345003,44,sub-HUP171,01,False
LB08-LB09,0.013711485484575774,True,-0.75,0.0,3.8399215085577105,45,sub-HUP171,01,False
RA05-RA06,0.012104305856154652,True,-0.5,0.0,3.476747189230688,46,sub-HUP171,01,False
LD10-LD11,0.00706439337698821,True,-0.5,1.0,2.029121711640747,47,sub-HUP171,01,False
LE07-LE08,0.0070555560993555595,True,5.75,6.5,3.293197960598795,48,sub-HUP171,01,False
LE06-LE07,0.006723546755974606,True,6.0,6.75,3.186512281615573,49,sub-HUP171,01,False
LC04-LC05,0.006021610935206126,True,3.5,4.5,2.421441328348706,50,sub-HUP171,01,False
LA06-LA07,0.006008777378091089,True,1.0,2.75,1.9848019477113628,51,sub-HUP171,01,False
LB07-LB08,0.005897520950266081,True,16.0,17.0,4.488989498611238,52,sub-HUP171,01,False
RE09-RE10,0.005883999351462733,True,8.25,8.75,3.168889616081035,53,sub-HUP171,01,False
LE04-LE05,0.005809412040431362,True,27.0,28.0,6.2574396735385776,54,sub-HUP171,01,False
LF02-LF03,0.0056312137379167446,True,15.0,17.25,4.124539007705762,55,sub-HUP171,01,False
LD01-LD02,0.00521429216819114,True,5.75,7.5,2.4337835448323855,56,sub-HUP171,01,False
LC01-LC02,0.005144311309925921,True,15.25,17.0,3.8048513898392917,57,sub-HUP171,01,False
LF03-LF04,0.0050833190562029895,True,15.0,18.0,3.7232377799390237,58,sub-HUP171,01,False
LH01-LH02,0.005081241945581017,True,5.0,6.25,2.262219782461266,59,sub-HUP171,01,False
LD05-LD06,0.00504281574915332,True,4.75,7.75,2.2089005703670725,60,sub-HUP171,01,False
LF01-LF02,0.005019860669665652,True,17.75,18.25,4.073271311367387,61,sub-HUP171,01,False
LE09-LE10,0.0043202516000966735,True,5.75,7.75,2.0164879363671355,62,sub-HUP171,01,False
LI05-LI06,0.00391725179887804,True,27.25,28.25,4.247483180384728,63,sub-HUP171,01,False
LC05-LC06,0.0039112674463310055,True,10.25,11.0,2.3311425821168688,64,sub-HUP171,01,False
LB11-LB12,0.0038908552734211463,True,11.75,16.25,2.486613661231952,65,sub-HUP171,01,False
RG02-RG03,0.0037603654320640767,True,25.5,27.5,3.888353811147379,66,sub-HUP171,01,False
LC02-LC03,0.003723258294431247,True,14.75,19.25,2.7003357820381058,67,sub-HUP171,01,False
RI02-RI03,0.0036796289426566033,True,18.5,19.5,3.065033652808448,68,sub-HUP171,01,True
LE03-LE04,0.0036439806923373487,True,15.5,17.25,2.7213389539770687,69,sub-HUP171,01,False
LH03-LH04,0.0035352936656440352,True,15.75,18.75,2.665557319903514,70,sub-HUP171,01,True
LD11-LD12,0.003503017496756694,True,18.25,19.0,2.892766495136188,71,sub-HUP171,01,False
LC03-LC04,0.003402556240153349,True,10.25,11.5,2.0279471675887235,72,sub-HUP171,01,False
LG03-LG04,0.0033838126042531036,True,15.5,20.5,2.527044413895063,73,sub-HUP171,01,True
LI01-LI02,0.0032804631685733766,True,12.5,18.75,2.167186193357794,74,sub-HUP171,01,False
LG06-LG07,0.003253441970319021,True,15.5,20.5,2.429683117408079,75,sub-HUP171,01,True
LE02-LE03,0.003252171682979191,True,15.5,17.25,2.4287344618820237,76,sub-HUP171,01,False
LB05-LB06,0.0031762288311597974,True,9.25,10.0,1.8018229186236066,77,sub-HUP171,01,False
LE01-LE02,0.003002342852712582,True,16.25,20.75,2.306839050129312,78,sub-HUP171,01,False
LI04-LI05,0.002713465821865494,True,26.75,29.25,2.903246130802858,79,sub-HUP171,01,False
LI03-LI04,0.002656103740778571,True,27.5,29.25,2.8990910370439584,80,sub-HUP171,01,False
LI02-LI03,0.0026544845231672356,True,13.75,15.5,1.8489499858603726,81,sub-HUP171,01,False
LI06-LI07,0.002503643652062225,True,27.5,29.0,2.73268350185675,82,sub-HUP171,01,False
LA01-LA02,0.0,False,,,,83,sub-HUP171,01,False
LA02-LA03,0.0,False,,,,83,sub-HUP171,01,False
LA05-LA06,0.0,False,,,,83,sub-HUP171,01,False
LA07-LA08,0.0,False,,,,83,sub-HUP171,01,False
LA08-LA09,0.0,False,,,,83,sub-HUP171,01,False
LA09-LA10,0.0,False,,,,83,sub-HUP171,01,False
LB01-LB02,0.0,False,,,,83,sub-HUP171,01,False
LB02-LB03,0.0,False,,,,83,sub-HUP171,01,False
LB03-LB04,0.0,False,,,,83,sub-HUP171,01,False
LB04-LB05,0.0,False,,,,83,sub-HUP171,01,False
LB06-LB07,0.0,False,,,,83,sub-HUP171,01,False
LC06-LC07,0.0,False,,,,83,sub-HUP171,01,False
LC09-LC10,0.0,False,,,,83,sub-HUP171,01,False
LC10-LC11,0.0,False,,,,83,sub-HUP171,01,False
LC11-LC12,0.0,False,,,,83,sub-HUP171,01,False
LD02-LD03,0.0,False,,,,83,sub-HUP171,01,False
LD06-LD07,0.0,False,,,,83,sub-HUP171,01,False
LE10-LE11,0.0,False,,,,83,sub-HUP171,01,False
LE11-LE12,0.0,False,,,,83,sub-HUP171,01,False
LF07-LF08,0.0,False,,,,83,sub-HUP171,01,False
LG11-LG12,0.0,False,,,,83,sub-HUP171,01,False
LH02-LH03,0.0,False,,,,83,sub-HUP171,01,True
LH06-LH07,0.0,False,,,,83,sub-HUP171,01,False
LH07-LH08,0.0,False,,,,83,sub-HUP171,01,False
LI07-LI08,0.0,False,,,,83,sub-HUP171,01,False
RA01-RA02,0.0,False,,,,83,sub-HUP171,01,False
RA02-RA03,0.0,False,,,,83,sub-HUP171,01,False
RA03-RA04,0.0,False,,,,83,sub-HUP171,01,False
RA04-RA05,0.0,False,,,,83,sub-HUP171,01,False
RA06-RA07,0.0,False,,,,83,sub-HUP171,01,False
RA07-RA08,0.0,False,,,,83,sub-HUP171,01,False
RA08-RA09,0.0,False,,,,83,sub-HUP171,01,False
RA09-RA10,0.0,False,,,,83,sub-HUP171,01,False
RB02-RB03,0.0,False,,,,83,sub-HUP171,01,False
RB04-RB05,0.0,False,,,,83,sub-HUP171,01,False
RB05-RB06,0.0,False,,,,83,sub-HUP171,01,False
RB08-RB09,0.0,False,,,,83,sub-HUP171,01,False
RD08-RD09,0.0,False,,,,83,sub-HUP171,01,True
RE07-RE08,0.0,False,,,,83,sub-HUP171,01,False
RE08-RE09,0.0,False,,,,83,sub-HUP171,01,False
RE10-RE11,0.0,False,,,,83,sub-HUP171,01,False
RG01-RG02,0.0,False,,,,83,sub-HUP171,01,False
LF04-LF05,1.0,True,-9.75,-8.5,11.036845577233137,1,sub-HUP171,02,True
LG08-LG09,0.3632640119594116,True,-9.5,-8.5,5.011611004702747,2,sub-HUP171,02,True
LC07-LC08,0.3493487394355074,True,-9.75,-8.5,3.8557080897507516,3,sub-HUP171,02,False
LF01-LF02,0.3070044518794472,True,-9.75,-8.25,3.3883607269165603,4,sub-HUP171,02,False
LE08-LE09,0.2949574604662984,True,-9.75,-8.5,3.255399943019383,5,sub-HUP171,02,False
LG04-LG05,0.24928519027713125,True,-9.75,-8.25,2.751322149779877,6,sub-HUP171,02,True
LI02-LI03,0.23346749193294736,True,-9.5,-8.25,3.220930819709829,7,sub-HUP171,02,False
LD09-LD10,0.19527922516288246,True,-9.75,-8.25,2.1552666525644733,8,sub-HUP171,02,True
LE05-LE06,0.17391374166547677,True,-9.0,-8.0,3.3590534434111965,9,sub-HUP171,02,False
RD06-RD07,0.17037284303448125,True,-9.25,-8.25,2.820568138688625,10,sub-HUP171,02,False
LE07-LE08,0.11002553850600849,True,-8.75,-8.0,2.428669756085468,11,sub-HUP171,02,False
LF06-LF07,0.1090665723351541,True,-8.75,-8.25,2.407501833002447,12,sub-HUP171,02,False
LB08-LB09,0.08739886826088451,True,-3.25,-2.25,7.2345585946524364,13,sub-HUP171,02,False
RG07-RG08,0.07718365493943233,True,-6.25,-2.75,3.8333883629383303,14,sub-HUP171,02,False
RG10-RG11,0.07690249132939113,True,-6.0,-5.5,4.031614376208251,15,sub-HUP171,02,False
RI03-RI04,0.06487766159674413,True,-4.0,-3.25,4.8333019440729625,16,sub-HUP171,02,True
LB07-LB08,0.05724724229644087,True,-5.0,-2.0,3.633016594452536,17,sub-HUP171,02,False
LF03-LF04,0.05656614091653561,True,-2.75,-1.75,4.9944940975665,18,sub-HUP171,02,False
RI06-RI07,0.05299762957569002,True,-5.5,-5.0,3.0708649313280465,19,sub-HUP171,02,False
RI07-RI08,0.05129115863756608,True,-5.5,-5.0,2.971986136140968,20,sub-HUP171,02,False
RD10-RD11,0.05058692452803275,True,-4.0,-3.25,3.768660501140552,21,sub-HUP171,02,True
LB05-LB06,0.048371965381141135,True,-5.0,-1.25,3.069774995028802,22,sub-HUP171,02,False
RD07-RD08,0.045258820111023605,True,-4.0,-2.75,3.3717236078687023,23,sub-HUP171,02,False
RD09-RD10,0.04412298967938236,True,-4.0,-3.25,3.287105708606063,24,sub-HUP171,02,True
RG09-RG10,0.041479511280890835,True,-4.75,-3.5,2.746817763757752,25,sub-HUP171,02,False
LD06-LD07,0.03933818900518688,True,-5.5,-4.75,2.279389966025855,26,sub-HUP171,02,False
LF02-LF03,0.03724862968417735,True,-2.25,-0.75,3.494412677196366,27,sub-HUP171,02,False
RD08-RD09,0.03494116311952019,True,-4.0,-1.75,2.6030714960636416,28,sub-HUP171,02,True
LG07-LG08,0.030850156370587047,True,14.5,15.5,8.597332400365525,29,sub-HUP171,02,True
LB04-LB05,0.027729471002629787,True,-2.5,-1.0,2.52487858750371,30,sub-HUP171,02,False
LD10-LD11,0.026546356405869425,True,14.75,16.0,7.471194925389251,31,sub-HUP171,02,False
LA09-LA10,0.024942337782210035,True,-2.75,2.75,2.2022778434995187,32,sub-HUP171,02,False
LG05-LG06,0.024919693942804765,True,1.25,2.25,3.300417766543778,33,sub-HUP171,02,True
LA02-LA03,0.02248110548410499,True,-2.75,-1.25,1.984963917068446,34,sub-HUP171,02,False
RG05-RG06,0.02117681553490893,True,6.75,7.0,4.090191750335978,35,sub-HUP171,02,False
RB06-RB07,0.019829363290032223,True,2.5,6.75,2.8998104719819713,36,sub-HUP171,02,False
RG06-RG07,0.01879453337746777,True,26.25,28.0,7.674997415580833,37,sub-HUP171,02,False
RG02-RG03,0.018305420070880894,True,8.75,12.25,3.939664843699582,38,sub-HUP171,02,False
LE09-LE10,0.016344488995527533,True,15.25,16.5,4.6901816281430175,39,sub-HUP171,02,False
RB02-RB03,0.015916313502477075,True,15.75,17.5,4.65514619857026,40,sub-HUP171,02,False
LD11-LD12,0.015278879242917733,True,15.0,16.0,4.342238743029851,41,sub-HUP171,02,False
LC01-LC02,0.014999213720460213,True,13.25,15.75,3.973056134703261,42,sub-HUP171,02,False
LG02-LG03,0.014874114560649737,True,14.0,16.0,4.06304181122316,43,sub-HUP171,02,True
LD01-LD02,0.014084407367698759,True,10.25,13.75,3.264396012446853,44,sub-HUP171,02,False
RE07-RE08,0.012680155611321178,True,7.25,12.25,2.5190805487938857,45,sub-HUP171,02,False
RD05-RD06,0.012493206640144418,True,26.25,28.0,5.101766920714291,46,sub-HUP171,02,False
RB05-RB06,0.012464071927308208,True,5.75,6.25,2.26980661256625,47,sub-HUP171,02,False
RI02-RI03,0.012323338558750455,True,12.25,12.75,3.1282480473845053,48,sub-HUP171,02,True
RG01-RG02,0.012204176667653504,True,8.0,12.5,2.525542748965564,49,sub-HUP171,02,False
LE01-LE02,0.012155740998548915,True,13.25,15.75,3.219864870667827,50,sub-HUP171,02,False
RE09-RE10,0.011826806783341332,True,11.5,12.5,2.904306743104134,51,sub-HUP171,02,False
RD03-RD04,0.011568859134614978,True,27.25,28.0,4.851981047393323,52,sub-HUP171,02,False
RG08-RG09,0.01140391586622906,True,25.75,28.0,4.594008931283509,53,sub-HUP171,02,False
RE10-RE11,0.011402201497511926,True,11.5,12.5,2.8000365019999163,54,sub-HUP171,02,False
LC04-LC05,0.011167539502568193,True,5.25,6.0,1.9720705434799377,55,sub-HUP171,02,False
RE08-RE09,0.010824282565264489,True,11.5,12.5,2.658117057246835,56,sub-HUP171,02,False
LC03-LC04,0.010744901300053669,True,5.0,6.25,1.867789608163037,57,sub-HUP171,02,False
LD04-LD05,0.010373765463718128,True,10.5,13.25,2.43299000889669,58,sub-HUP171,02,False
RE03-RE04,0.009942329492137657,True,26.5,28.5,4.087515334280354,59,sub-HUP171,02,False
LE02-LE03,0.009881582837466882,True,14.75,16.5,2.78106834781186,60,sub-HUP171,02,False
LD02-LD03,0.009717601398355523,True,23.25,25.75,3.64655664450166,61,sub-HUP171,02,False
LG06-LG07,0.009326810262184357,True,15.0,16.75,2.650668038240963,62,sub-HUP171,02,True
LH03-LH04,0.00921800719873715,True,15.5,16.75,2.6706152020349903,63,sub-HUP171,02,True
LD03-LD04,0.009039614676997926,True,10.25,17.5,2.0951454566220424,64,sub-HUP171,02,False
RD11-RD12,0.008999520745630426,True,15.0,17.0,2.5576527590196974,65,sub-HUP171,02,True
LH02-LH03,0.008545723056349765,True,20.5,21.25,2.9474320537104113,66,sub-HUP171,02,True
LG03-LG04,0.008493003322222026,True,16.5,17.5,2.5543050777044707,67,sub-HUP171,02,True
LA01-LA02,0.008449932937486162,True,11.75,13.5,2.098363611802742,68,sub-HUP171,02,False
LI01-LI02,0.00841332480078412,True,15.5,16.5,2.437484873705702,69,sub-HUP171,02,False
RD04-RD05,0.008180612423337183,True,26.25,27.75,3.3406617736119957,70,sub-HUP171,02,False
LC05-LC06,0.008115561103534234,True,10.0,18.75,1.858581539450372,71,sub-HUP171,02,False
LE10-LE11,0.007839067671305846,True,15.25,17.0,2.249483063299763,72,sub-HUP171,02,False
RB03-RB04,0.007556567868418572,True,16.5,17.75,2.2726683299200783,73,sub-HUP171,02,False
LF05-LF06,0.007374642615914468,True,15.25,18.0,2.116212585217396,74,sub-HUP171,02,True
RB10-RB11,0.0073033665721404135,True,26.75,27.75,3.02272983939901,75,sub-HUP171,02,False
RG11-RG12,0.006670867633658561,True,26.5,28.5,2.7425437637222436,76,sub-HUP171,02,False
RI01-RI02,0.005419520308506051,True,27.75,28.0,2.3028547367849166,77,sub-HUP171,02,False
LC02-LC03,0.005359603829452565,True,22.75,29.25,1.9816295139973135,78,sub-HUP171,02,False
LE06-LE07,0.0049727163673390735,True,26.5,28.25,2.0443955735523653,79,sub-HUP171,02,False
LA05-LA06,0.0,False,,,,80,sub-HUP171,02,False
LA06-LA07,0.0,False,,,,80,sub-HUP171,02,False
LA07-LA08,0.0,False,,,,80,sub-HUP171,02,False
LA08-LA09,0.0,False,,,,80,sub-HUP171,02,False
LB01-LB02,0.0,False,,,,80,sub-HUP171,02,False
LB02-LB03,0.0,False,,,,80,sub-HUP171,02,False
LB03-LB04,0.0,False,,,,80,sub-HUP171,02,False
LB06-LB07,0.0,False,,,,80,sub-HUP171,02,False
LB11-LB12,0.0,False,,,,80,sub-HUP171,02,False
LC06-LC07,0.0,False,,,,80,sub-HUP171,02,False
LC08-LC09,0.0,False,,,,80,sub-HUP171,02,False
LC09-LC10,0.0,False,,,,80,sub-HUP171,02,False
LC10-LC11,0.0,False,,,,80,sub-HUP171,02,False
LC11-LC12,0.0,False,,,,80,sub-HUP171,02,False
LD05-LD06,0.0,False,,,,80,sub-HUP171,02,False
LE03-LE04,0.0,False,,,,80,sub-HUP171,02,False
LE04-LE05,0.0,False,,,,80,sub-HUP171,02,False
LE11-LE12,0.0,False,,,,80,sub-HUP171,02,False
LF07-LF08,0.0,False,,,,80,sub-HUP171,02,False
LG09-LG10,0.0,False,,,,80,sub-HUP171,02,True
LG10-LG11,0.0,False,,,,80,sub-HUP171,02,False
LG11-LG12,0.0,False,,,,80,sub-HUP171,02,False
LH01-LH02,0.0,False,,,,80,sub-HUP171,02,False
LH06-LH07,0.0,False,,,,80,sub-HUP171,02,False
LH07-LH08,0.0,False,,,,80,sub-HUP171,02,False
LI03-LI04,0.0,False,,,,80,sub-HUP171,02,False
LI04-LI05,0.0,False,,,,80,sub-HUP171,02,False
LI05-LI06,0.0,False,,,,80,sub-HUP171,02,False
LI06-LI07,0.0,False,,,,80,sub-HUP171,02,False
LI07-LI08,0.0,False,,,,80,sub-HUP171,02,False
RA01-RA02,0.0,False,,,,80,sub-HUP171,02,False
RA02-RA03,0.0,False,,,,80,sub-HUP171,02,False
RA03-RA04,0.0,False,,,,80,sub-HUP171,02,False
RA04-RA05,0.0,False,,,,80,sub-HUP171,02,False
RA05-RA06,0.0,False,,,,80,sub-HUP171,02,False
RA06-RA07,0.0,False,,,,80,sub-HUP171,02,False
RA07-RA08,0.0,False,,,,80,sub-HUP171,02,False
RA08-RA09,0.0,False,,,,80,sub-HUP171,02,False
RA09-RA10,0.0,False,,,,80,sub-HUP171,02,False
RB01-RB02,0.0,False,,,,80,sub-HUP171,02,False
RB04-RB05,0.0,False,,,,80,sub-HUP171,02,False
RB07-RB08,0.0,False,,,,80,sub-HUP171,02,False
RB08-RB09,0.0,False,,,,80,sub-HUP171,02,False
RB09-RB10,0.0,False,,,,80,sub-HUP171,02,False
RB11-RB12,0.0,False,,,,80,sub-HUP171,02,False
LC07-LC08,1.0,True,-9.75,-9.5,5.063500622650569,1,sub-HUP171,03,False
LG04-LG05,0.8048296019920197,True,-10.0,-9.25,3.2602041526513608,2,sub-HUP171,03,True
LC05-LC06,0.2687621877553075,True,-8.0,-7.0,3.2661060121054293,3,sub-HUP171,03,False
RG05-RG06,0.22468676451715328,True,-4.25,-3.75,6.143588488983316,4,sub-HUP171,03,False
LI04-LI05,0.19195940911538473,True,-4.5,-3.5,5.054330255412806,5,sub-HUP171,03,False
LI01-LI02,0.17492606018315715,True,-4.5,-3.75,4.605838716207181,6,sub-HUP171,03,False
RI01-RI02,0.17229235701683213,True,-4.25,-3.5,4.710973267976383,7,sub-HUP171,03,False
LB07-LB08,0.1649304644175257,True,-6.0,-5.0,3.3405020370887555,8,sub-HUP171,03,False
RG08-RG09,0.14465764918042812,True,-4.25,-3.5,3.9553601221598327,9,sub-HUP171,03,False
LH01-LH02,0.14110438935824368,True,-4.25,-3.5,3.858203682220654,10,sub-HUP171,03,False
RG10-RG11,0.14044258408556184,True,-4.5,-3.5,3.697881782212266,11,sub-HUP171,03,False
RD10-RD11,0.1328999419002762,True,-2.5,-2.0,4.575984782223456,12,sub-HUP171,03,True
LG08-LG09,0.12693937977145678,True,-4.25,-2.25,3.4708911939629012,13,sub-HUP171,03,True
LF06-LF07,0.12620090656936697,True,-4.25,-3.75,3.450699192562502,14,sub-HUP171,03,False
RD09-RD10,0.12614046051653768,True,-4.25,-2.0,3.4490464219813575,15,sub-HUP171,03,True
LF01-LF02,0.11936664488366257,True,-4.25,-3.5,3.263830635737528,16,sub-HUP171,03,False
LE02-LE03,0.11157239660620952,True,-5.0,-3.25,2.711745118493559,17,sub-HUP171,03,False
LH02-LH03,0.10772758877604684,True,-4.25,-3.25,2.9455850493584514,18,sub-HUP171,03,True
LG05-LG06,0.10302973622793357,True,-3.75,-1.75,3.02580857454166,19,sub-HUP171,03,True
LI03-LI04,0.10050314618463974,True,-4.5,-3.5,2.6462682650781746,20,sub-HUP171,03,False
LF05-LF06,0.09425491842580302,True,-4.25,-1.75,2.577203125939434,21,sub-HUP171,03,True
LC04-LC05,0.0898057986232151,True,8.75,9.75,7.184761132491244,22,sub-HUP171,03,False
RG06-RG07,0.08372616756696452,True,-4.25,-3.25,2.2893165086803418,23,sub-HUP171,03,False
LE05-LE06,0.07565738453632359,True,-4.25,-1.75,2.068692554022055,24,sub-HUP171,03,False
RI03-RI04,0.0723325431130222,True,-4.0,-1.75,2.051032911707847,25,sub-HUP171,03,True
LD03-LD04,0.07207247258488451,True,-3.5,2.5,2.1896340588571728,26,sub-HUP171,03,False
RA03-RA04,0.06719573100191074,True,-0.75,2.0,2.7900141312946083,27,sub-HUP171,03,False
LF02-LF03,0.06532175024426158,True,-2.5,-2.0,2.249145716634216,28,sub-HUP171,03,False
LD09-LD10,0.06486504757347568,True,8.0,12.25,4.992351973403604,29,sub-HUP171,03,True
LB02-LB03,0.06109759660518843,True,7.5,9.5,4.578642233101808,30,sub-HUP171,03,False
LE06-LE07,0.06094792174304945,True,-2.5,-2.0,2.0985469099272853,31,sub-HUP171,03,False
LG06-LG07,0.05857019253773288,True,5.5,6.0,3.9147267242631782,32,sub-HUP171,03,True
LF04-LF05,0.054615277608879444,True,-2.5,-1.75,1.8805025468158043,33,sub-HUP171,03,True
RE08-RE09,0.05418430654051219,True,2.25,5.75,2.9082400610011914,34,sub-HUP171,03,False
LD01-LD02,0.05171822773402876,True,0.25,1.5,2.356877505002747,35,sub-HUP171,03,False
LG07-LG08,0.05087161716572593,True,3.75,9.0,3.0395438892879563,36,sub-HUP171,03,True
LE08-LE09,0.050392789125785944,True,10.0,12.25,4.286753841140667,37,sub-HUP171,03,False
LF03-LF04,0.049817916616055384,True,8.75,11.0,3.9855982185118988,38,sub-HUP171,03,False
LD10-LD11,0.04869262725725204,True,7.25,8.25,3.5997051671595814,39,sub-HUP171,03,False
LG09-LG10,0.04834898562940103,True,8.5,11.0,3.81911585388833,40,sub-HUP171,03,True
LC01-LC02,0.04718687363636539,True,4.25,5.25,2.9149553212717723,41,sub-HUP171,03,False
LG10-LG11,0.04634584454996179,True,8.75,11.0,3.707820961228768,42,sub-HUP171,03,False
RG02-RG03,0.04399897615007659,True,3.5,4.0,2.584350580330044,43,sub-HUP171,03,False
LE10-LE11,0.042768258488210406,True,10.0,12.5,3.6381593385435287,44,sub-HUP171,03,False
LC06-LC07,0.04218746553503837,True,9.0,10.0,3.4178601280754592,45,sub-HUP171,03,False
LE03-LE04,0.04139075047650914,True,3.5,11.5,2.431152253393429,46,sub-HUP171,03,False
RD06-RD07,0.040639668215372224,True,7.5,8.75,3.045528982630177,47,sub-HUP171,03,False
LG11-LG12,0.039692129972974166,True,8.75,12.25,3.1755017723532157,48,sub-HUP171,03,False
RG07-RG08,0.03852932854332203,True,13.25,13.75,3.7848096139467367,49,sub-HUP171,03,False
RG09-RG10,0.03789008724410596,True,13.5,16.0,3.7603870149151724,50,sub-HUP171,03,False
LE04-LE05,0.03689274338603493,True,5.0,6.25,2.391122292562887,51,sub-HUP171,03,False
LE11-LE12,0.03674139804018742,True,10.0,12.5,3.1254735431394947,52,sub-HUP171,03,False
RD03-RD04,0.03588952060048775,True,15.25,16.0,3.816258808051203,53,sub-HUP171,03,False
LE01-LE02,0.03456703708678506,True,5.25,8.5,2.275392779557579,54,sub-HUP171,03,False
LD11-LD12,0.03445553247853807,True,11.75,12.5,3.1752741048907867,55,sub-HUP171,03,False
RE03-RE04,0.03369680831243416,True,24.5,28.0,4.845716200346261,56,sub-HUP171,03,False
LE09-LE10,0.03364087066471238,True,7.25,12.25,2.4869723155362644,57,sub-HUP171,03,False
LD02-LD03,0.03140418978042773,True,7.25,8.75,2.3216209638026735,58,sub-HUP171,03,False
LC03-LC04,0.030384447367176777,True,4.25,5.0,1.876990351583635,59,sub-HUP171,03,False
RB10-RB11,0.029753556558364327,True,22.25,22.5,4.007480247438622,60,sub-HUP171,03,False
RD04-RD05,0.029502300380245358,True,15.5,16.0,3.1669602265139254,61,sub-HUP171,03,False
RG11-RG12,0.02902682687558465,True,15.5,16.75,3.1159199463115743,62,sub-HUP171,03,False
RB11-RB12,0.028683266092318582,True,8.0,10.5,2.2076135829152275,63,sub-HUP171,03,False
LI05-LI06,0.027516160356337735,True,16.25,17.75,3.0373524731204644,64,sub-HUP171,03,False
LE07-LE08,0.02736987720123191,True,10.0,17.5,2.3282681562051644,65,sub-HUP171,03,False
LB08-LB09,0.026615178951121875,True,16.25,20.5,2.93789825916297,66,sub-HUP171,03,False
LC02-LC03,0.026426501837565074,True,18.5,19.25,3.157930360812097,67,sub-HUP171,03,False
LA01-LA02,0.025753036107216878,True,19.25,21.5,3.1556924476096526,68,sub-HUP171,03,False
LI02-LI03,0.02539405520102785,True,16.75,19.25,2.8545384779490086,69,sub-HUP171,03,False
LA06-LA07,0.02525226421303574,True,16.0,20.0,2.7618808802265313,70,sub-HUP171,03,False
LD06-LD07,0.024336510464490778,True,28.25,29.5,3.8693571869488617,71,sub-HUP171,03,False
RB09-RB10,0.022503340411494845,True,21.75,22.5,2.9853767684554327,72,sub-HUP171,03,False
LI06-LI07,0.021809412633186462,True,16.0,22.5,2.385330648072109,73,sub-HUP171,03,False
RA06-RA07,0.020654600144011354,True,19.75,20.75,2.5727806849690804,74,sub-HUP171,03,False
LI07-LI08,0.020369880264351922,True,16.25,25.75,2.248515250560624,75,sub-HUP171,03,False
RI06-RI07,0.020296256980111976,True,27.5,29.0,3.1653193835732063,76,sub-HUP171,03,False
RD05-RD06,0.019001040812860647,True,15.75,16.5,2.0589321345202753,77,sub-HUP171,03,False
RI02-RI03,0.018682331126349507,True,28.75,29.5,3.0082162502485477,78,sub-HUP171,03,True
RD07-RD08,0.0186172464856358,True,15.5,16.75,1.9984909104475868,79,sub-HUP171,03,False
LB01-LB02,0.01822141024703614,True,23.75,28.5,2.5649425952540024,80,sub-HUP171,03,False
LA05-LA06,0.018008219551499685,True,19.25,20.5,2.206668068066693,81,sub-HUP171,03,False
LB03-LB04,0.01799436966841316,True,18.5,20.75,2.1503022476770637,82,sub-HUP171,03,False
RI07-RI08,0.016882230806185325,True,27.5,29.5,2.6328821349245803,83,sub-HUP171,03,False
LD04-LD05,0.01630860572913572,True,25.0,29.0,2.378264695604391,84,sub-HUP171,03,False
LA09-LA10,0.016230582259437375,True,19.5,20.75,2.0052789463900753,85,sub-HUP171,03,False
LA02-LA03,0.0,False,,,,86,sub-HUP171,03,False
LA07-LA08,0.0,False,,,,86,sub-HUP171,03,False
LA08-LA09,0.0,False,,,,86,sub-HUP171,03,False
LB04-LB05,0.0,False,,,,86,sub-HUP171,03,False
LB05-LB06,0.0,False,,,,86,sub-HUP171,03,False
LB06-LB07,0.0,False,,,,86,sub-HUP171,03,False
LB11-LB12,0.0,False,,,,86,sub-HUP171,03,False
LC08-LC09,0.0,False,,,,86,sub-HUP171,03,False
LC09-LC10,0.0,False,,,,86,sub-HUP171,03,False
LC10-LC11,0.0,False,,,,86,sub-HUP171,03,False
LC11-LC12,0.0,False,,,,86,sub-HUP171,03,False
LD05-LD06,0.0,False,,,,86,sub-HUP171,03,False
LF07-LF08,0.0,False,,,,86,sub-HUP171,03,False
LG02-LG03,0.0,False,,,,86,sub-HUP171,03,True
LG03-LG04,0.0,False,,,,86,sub-HUP171,03,True
LH03-LH04,0.0,False,,,,86,sub-HUP171,03,True
LH06-LH07,0.0,False,,,,86,sub-HUP171,03,False
LH07-LH08,0.0,False,,,,86,sub-HUP171,03,False
RA01-RA02,0.0,False,,,,86,sub-HUP171,03,False
RA02-RA03,0.0,False,,,,86,sub-HUP171,03,False
RA04-RA05,0.0,False,,,,86,sub-HUP171,03,False
RA05-RA06,0.0,False,,,,86,sub-HUP171,03,False
RA07-RA08,0.0,False,,,,86,sub-HUP171,03,False
RA08-RA09,0.0,False,,,,86,sub-HUP171,03,False
RA09-RA10,0.0,False,,,,86,sub-HUP171,03,False
RB01-RB02,0.0,False,,,,86,sub-HUP171,03,False
RB02-RB03,0.0,False,,,,86,sub-HUP171,03,False
RB03-RB04,0.0,False,,,,86,sub-HUP171,03,False
RB04-RB05,0.0,False,,,,86,sub-HUP171,03,False
RB05-RB06,0.0,False,,,,86,sub-HUP171,03,False
RB06-RB07,0.0,False,,,,86,sub-HUP171,03,False
RB07-RB08,0.0,False,,,,86,sub-HUP171,03,False
RB08-RB09,0.0,False,,,,86,sub-HUP171,03,False
RD08-RD09,0.0,False,,,,86,sub-HUP171,03,True
RD11-RD12,0.0,False,,,,86,sub-HUP171,03,True
RE07-RE08,0.0,False,,,,86,sub-HUP171,03,False
RE09-RE10,0.0,False,,,,86,sub-HUP171,03,False
RE10-RE11,0.0,False,,,,86,sub-HUP171,03,False
RG01-RG02,0.0,False,,,,86,sub-HUP171,03,False
LL02-LL03,1.0,True,-7.5,-6.0,4.709536823131135,1,sub-HUP172,01,False
LL04-LL05,0.8685370353279167,True,-6.75,-4.5,7.15821251272745,2,sub-HUP172,01,False
LE07-LE08,0.7552387803471615,True,-6.5,-3.0,7.113649692603208,3,sub-HUP172,01,False
LF03-LF04,0.7142225653284867,True,-7.25,-4.25,4.204571839157113,4,sub-HUP172,01,False
LI08-LI09,0.649926730992694,True,-7.25,-2.5,3.82606733993417,5,sub-HUP172,01,False
LE08-LE09,0.49524761569620956,True,-6.5,-3.0,4.664773765378392,6,sub-HUP172,01,False
LL03-LL04,0.41209571521541455,True,-6.25,-4.75,4.366754877288502,7,sub-HUP172,01,False
LK01-LK02,0.40881207938582736,True,-6.5,-4.75,3.850631083216725,8,sub-HUP172,01,False
LK03-LK04,0.3488298006052829,True,-6.25,-2.5,3.6963602796511603,9,sub-HUP172,01,False
RE04-RE05,0.31128497618676754,True,-5.75,-4.0,4.03152215905747,10,sub-HUP172,01,False
LE06-LE07,0.2709097785378149,True,-5.0,-3.0,4.46550852219549,11,sub-HUP172,01,False
RB04-RB05,0.2659097788371755,True,-5.25,-4.25,4.070013658959086,12,sub-HUP172,01,False
LE11-LE12,0.26331117347028404,True,-5.0,-2.0,4.340257835900604,13,sub-HUP172,01,True
LE09-LE10,0.21330415300635483,True,-5.25,-2.25,3.264832230108234,14,sub-HUP172,01,True
RB03-RB04,0.20089999257329014,True,-5.75,-0.5,2.6019012601743734,15,sub-HUP172,01,False
LB07-LB08,0.111390751023478,True,-2.5,-0.75,3.1475930622078105,16,sub-HUP172,01,False
RB06-RB07,0.10858269655289945,True,-3.75,-1.5,2.429027486911082,17,sub-HUP172,01,False
LG03-LG04,0.10393274165656721,True,-3.5,1.75,2.4473753698028924,18,sub-HUP172,01,False
LJ11-LJ12,0.09033453404075009,True,-3.0,3.0,2.33988597955918,19,sub-HUP172,01,False
LM08-LM09,0.08686982879875943,True,-1.75,9.25,2.761537438441272,20,sub-HUP172,01,False
LG04-LG05,0.08453028406859373,True,-1.25,0.5,2.886214019808135,21,sub-HUP172,01,False
LB03-LB04,0.07728585563600386,True,-0.75,2.5,2.820849518443418,22,sub-HUP172,01,False
LD04-LD05,0.07475926652488618,True,-1.75,-1.0,2.3765502503422775,23,sub-HUP172,01,False
LF07-LF08,0.0735879064047059,True,0.0,2.75,2.9458021170757647,24,sub-HUP172,01,False
LB06-LB07,0.06990014005107013,True,-2.0,7.25,2.139782342831498,25,sub-HUP172,01,False
LF05-LF06,0.06789222937573525,True,0.5,3.0,2.877668588245414,26,sub-HUP172,01,False
LB02-LB03,0.06672413333193547,True,-0.75,8.0,2.435358162616528,27,sub-HUP172,01,False
LF02-LF03,0.06647205868932163,True,6.25,8.5,4.617525969573738,28,sub-HUP172,01,False
LF06-LF07,0.0633439278705209,True,0.5,3.0,2.6848850474518264,29,sub-HUP172,01,False
LJ05-LJ06,0.05542664238909195,True,1.25,5.25,2.5450796798110082,30,sub-HUP172,01,False
RB07-RB08,0.053727071177456676,True,7.75,10.25,4.1117313267748195,31,sub-HUP172,01,False
LJ10-LJ11,0.04902336553339936,True,6.75,8.0,3.52087951389377,32,sub-HUP172,01,False
LK04-LK05,0.04352857582394707,True,12.0,12.5,4.2024883293773545,33,sub-HUP172,01,False
RE02-RE03,0.03673084433478299,True,2.5,9.25,1.9028379033329395,34,sub-HUP172,01,False
LJ07-LJ08,0.03506450223147562,True,6.75,16.0,2.518347857769449,35,sub-HUP172,01,False
LJ08-LJ09,0.03504922997073845,True,6.25,16.25,2.434718177751366,36,sub-HUP172,01,False
LI06-LI07,0.034987446900868635,True,6.75,12.25,2.512813710286539,37,sub-HUP172,01,False
LK05-LK06,0.03279785710168402,True,15.75,18.0,3.7457208566992173,38,sub-HUP172,01,False
LM07-LM08,0.03188655585271609,True,12.25,13.5,3.116046360737276,39,sub-HUP172,01,False
LD10-LD11,0.031687720566844164,True,11.25,12.25,2.9473811153001868,40,sub-HUP172,01,False
RB05-RB06,0.03142760953844191,True,11.0,13.0,2.88618494549345,41,sub-HUP172,01,False
RE03-RE04,0.031311396125351054,True,6.25,16.5,2.175067052280798,42,sub-HUP172,01,False
LH07-LH08,0.028482384999783207,True,7.5,15.0,2.1462214554732304,43,sub-HUP172,01,True
LD06-LD07,0.02817260490375875,True,13.0,17.75,2.8526182842521974,44,sub-HUP172,01,False
LJ09-LJ10,0.02664206668085026,True,7.0,14.0,1.9448128082055807,45,sub-HUP172,01,False
LG02-LG03,0.024301762555904063,True,11.75,12.25,2.317613423886397,46,sub-HUP172,01,False
LI03-LI04,0.023736543849526316,True,11.75,16.5,2.2637095780925236,47,sub-HUP172,01,False
LH06-LH07,0.02275855194046552,True,12.0,17.25,2.1972358872976807,48,sub-HUP172,01,True
LH05-LH06,0.022099936229650872,True,15.75,17.0,2.523951238962973,49,sub-HUP172,01,True
LB09-LB10,0.021196409852034963,True,13.75,20.0,2.221112317938526,50,sub-HUP172,01,False
LJ01-LJ02,0.02031326126611168,True,25.0,28.0,3.204812739676317,51,sub-HUP172,01,False
LK02-LK03,0.02001751735019911,True,17.25,22.75,2.4275358030120495,52,sub-HUP172,01,False
LB05-LB06,0.018600501691671666,True,24.5,25.25,2.8907916723061424,53,sub-HUP172,01,False
LB01-LB02,0.0,False,,,,54,sub-HUP172,01,False
LB04-LB05,0.0,False,,,,54,sub-HUP172,01,False
LB08-LB09,0.0,False,,,,54,sub-HUP172,01,False
LB10-LB11,0.0,False,,,,54,sub-HUP172,01,False
LD01-LD02,0.0,False,,,,54,sub-HUP172,01,False
LD02-LD03,0.0,False,,,,54,sub-HUP172,01,False
LD03-LD04,0.0,False,,,,54,sub-HUP172,01,False
LD05-LD06,0.0,False,,,,54,sub-HUP172,01,False
LD07-LD08,0.0,False,,,,54,sub-HUP172,01,False
LD08-LD09,0.0,False,,,,54,sub-HUP172,01,False
LD09-LD10,0.0,False,,,,54,sub-HUP172,01,False
LD11-LD12,0.0,False,,,,54,sub-HUP172,01,False
LE01-LE02,0.0,False,,,,54,sub-HUP172,01,False
LE02-LE03,0.0,False,,,,54,sub-HUP172,01,False
LE03-LE04,0.0,False,,,,54,sub-HUP172,01,False
LE04-LE05,0.0,False,,,,54,sub-HUP172,01,False
LE05-LE06,0.0,False,,,,54,sub-HUP172,01,False
LE10-LE11,0.0,False,,,,54,sub-HUP172,01,True
LF01-LF02,0.0,False,,,,54,sub-HUP172,01,False
LF04-LF05,0.0,False,,,,54,sub-HUP172,01,False
LG01-LG02,0.0,False,,,,54,sub-HUP172,01,False
LG07-LG08,0.0,False,,,,54,sub-HUP172,01,False
LH01-LH02,0.0,False,,,,54,sub-HUP172,01,True
LH02-LH03,0.0,False,,,,54,sub-HUP172,01,True
LH03-LH04,0.0,False,,,,54,sub-HUP172,01,True
LH04-LH05,0.0,False,,,,54,sub-HUP172,01,True
LI01-LI02,0.0,False,,,,54,sub-HUP172,01,False
LI02-LI03,0.0,False,,,,54,sub-HUP172,01,False
LI04-LI05,0.0,False,,,,54,sub-HUP172,01,False
LI05-LI06,0.0,False,,,,54,sub-HUP172,01,False
LI07-LI08,0.0,False,,,,54,sub-HUP172,01,False
LI09-LI10,0.0,False,,,,54,sub-HUP172,01,False
LJ02-LJ03,0.0,False,,,,54,sub-HUP172,01,False
LJ03-LJ04,0.0,False,,,,54,sub-HUP172,01,False
LJ04-LJ05,0.0,False,,,,54,sub-HUP172,01,False
LJ06-LJ07,0.0,False,,,,54,sub-HUP172,01,False
LK06-LK07,0.0,False,,,,54,sub-HUP172,01,False
LK07-LK08,0.0,False,,,,54,sub-HUP172,01,False
LL01-LL02,0.0,False,,,,54,sub-HUP172,01,False
LL05-LL06,0.0,False,,,,54,sub-HUP172,01,False
LL06-LL07,0.0,False,,,,54,sub-HUP172,01,False
LL07-LL08,0.0,False,,,,54,sub-HUP172,01,False
LM01-LM02,0.0,False,,,,54,sub-HUP172,01,False
LM02-LM03,0.0,False,,,,54,sub-HUP172,01,False
LM03-LM04,0.0,False,,,,54,sub-HUP172,01,False
LM04-LM05,0.0,False,,,,54,sub-HUP172,01,False
LM05-LM06,0.0,False,,,,54,sub-HUP172,01,False
LM06-LM07,0.0,False,,,,54,sub-HUP172,01,False
LM09-LM10,0.0,False,,,,54,sub-HUP172,01,False
RB01-RB02,0.0,False,,,,54,sub-HUP172,01,False
RB02-RB03,0.0,False,,,,54,sub-HUP172,01,False
RD01-RD02,0.0,False,,,,54,sub-HUP172,01,False
RD02-RD03,0.0,False,,,,54,sub-HUP172,01,False
RD03-RD04,0.0,False,,,,54,sub-HUP172,01,False
RD04-RD05,0.0,False,,,,54,sub-HUP172,01,False
RE01-RE02,0.0,False,,,,54,sub-HUP172,01,False
RE05-RE06,0.0,False,,,,54,sub-HUP172,01,False
RE06-RE07,0.0,False,,,,54,sub-HUP172,01,False
LM04-LM05,1.0,True,2.25,6.25,2.7067286268619077,1,sub-HUP172,02,False
LD11-LD12,0.7452237569482295,True,2.0,3.0,1.6136947810794826,2,sub-HUP172,02,False
LB01-LB02,0.0676299144084896,True,22.5,25.75,3.148560196220886,3,sub-HUP172,02,False
LJ01-LJ02,0.06264861856101288,True,24.5,25.25,3.1879688146979808,4,sub-HUP172,02,False
LD04-LD05,0.05972597736776565,True,25.0,27.0,3.1039106440058437,5,sub-HUP172,02,False
RB06-RB07,0.05540198330977041,True,24.25,26.5,2.7892212962963505,6,sub-HUP172,02,False
RB04-RB05,0.05142402519980531,True,25.75,27.0,2.7559794461122666,7,sub-HUP172,02,False
RE05-RE06,0.050133319037036904,True,25.5,28.5,2.6596668800241177,8,sub-HUP172,02,False
RD04-RD05,0.04715288567979177,True,24.5,27.25,2.399445231562418,9,sub-HUP172,02,False
LB02-LB03,0.046138438781279816,True,21.25,29.75,2.0231245753776923,10,sub-HUP172,02,False
LG03-LG04,0.04462071323434337,True,26.25,27.0,2.4396784696203424,11,sub-HUP172,02,False
LE06-LE07,0.0437184900811671,True,29.0,29.75,2.6506835852195634,12,sub-HUP172,02,False
LB07-LB08,0.043448292818201444,True,24.0,25.75,2.1638903784512022,13,sub-HUP172,02,False
LH07-LH08,0.0382229532722123,True,29.0,29.75,2.3174852248822857,14,sub-HUP172,02,True
LE08-LE09,0.037572567907034254,True,29.25,30.0,2.298391640134227,15,sub-HUP172,02,False
RD02-RD03,0.03641669706398067,True,24.25,29.25,1.833404165762321,16,sub-HUP172,02,False
LE07-LE08,0.03565960122666924,True,29.0,30.0,2.1620673415646063,17,sub-HUP172,02,False
LB03-LB04,0.0,False,,,,18,sub-HUP172,02,False
LB04-LB05,0.0,False,,,,18,sub-HUP172,02,False
LB05-LB06,0.0,False,,,,18,sub-HUP172,02,False
LB06-LB07,0.0,False,,,,18,sub-HUP172,02,False
LB08-LB09,0.0,False,,,,18,sub-HUP172,02,False
LB09-LB10,0.0,False,,,,18,sub-HUP172,02,False
LB10-LB11,0.0,False,,,,18,sub-HUP172,02,False
LD01-LD02,0.0,False,,,,18,sub-HUP172,02,False
LD02-LD03,0.0,False,,,,18,sub-HUP172,02,False
LD03-LD04,0.0,False,,,,18,sub-HUP172,02,False
LD05-LD06,0.0,False,,,,18,sub-HUP172,02,False
LD06-LD07,0.0,False,,,,18,sub-HUP172,02,False
LD07-LD08,0.0,False,,,,18,sub-HUP172,02,False
LD08-LD09,0.0,False,,,,18,sub-HUP172,02,False
LD09-LD10,0.0,False,,,,18,sub-HUP172,02,False
LD10-LD11,0.0,False,,,,18,sub-HUP172,02,False
LE01-LE02,0.0,False,,,,18,sub-HUP172,02,False
LE02-LE03,0.0,False,,,,18,sub-HUP172,02,False
LE03-LE04,0.0,False,,,,18,sub-HUP172,02,False
LE04-LE05,0.0,False,,,,18,sub-HUP172,02,False
LE05-LE06,0.0,False,,,,18,sub-HUP172,02,False
LE09-LE10,0.0,False,,,,18,sub-HUP172,02,True
LE10-LE11,0.0,False,,,,18,sub-HUP172,02,True
LE11-LE12,0.0,False,,,,18,sub-HUP172,02,True
LF01-LF02,0.0,False,,,,18,sub-HUP172,02,False
LF02-LF03,0.0,False,,,,18,sub-HUP172,02,False
LF03-LF04,0.0,False,,,,18,sub-HUP172,02,False
LF04-LF05,0.0,False,,,,18,sub-HUP172,02,False
LF05-LF06,0.0,False,,,,18,sub-HUP172,02,False
LF06-LF07,0.0,False,,,,18,sub-HUP172,02,False
LF07-LF08,0.0,False,,,,18,sub-HUP172,02,False
LG01-LG02,0.0,False,,,,18,sub-HUP172,02,False
LG02-LG03,0.0,False,,,,18,sub-HUP172,02,False
LG04-LG05,0.0,False,,,,18,sub-HUP172,02,False
LG07-LG08,0.0,False,,,,18,sub-HUP172,02,False
LH01-LH02,0.0,False,,,,18,sub-HUP172,02,True
LH02-LH03,0.0,False,,,,18,sub-HUP172,02,True
LH03-LH04,0.0,False,,,,18,sub-HUP172,02,True
LH04-LH05,0.0,False,,,,18,sub-HUP172,02,True
LH05-LH06,0.0,False,,,,18,sub-HUP172,02,True
LH06-LH07,0.0,False,,,,18,sub-HUP172,02,True
LI01-LI02,0.0,False,,,,18,sub-HUP172,02,False
LI02-LI03,0.0,False,,,,18,sub-HUP172,02,False
LI03-LI04,0.0,False,,,,18,sub-HUP172,02,False
LI04-LI05,0.0,False,,,,18,sub-HUP172,02,False
LI05-LI06,0.0,False,,,,18,sub-HUP172,02,False
LI06-LI07,0.0,False,,,,18,sub-HUP172,02,False
LI07-LI08,0.0,False,,,,18,sub-HUP172,02,False
LI08-LI09,0.0,False,,,,18,sub-HUP172,02,False
LI09-LI10,0.0,False,,,,18,sub-HUP172,02,False
LJ02-LJ03,0.0,False,,,,18,sub-HUP172,02,False
LJ03-LJ04,0.0,False,,,,18,sub-HUP172,02,False
LJ04-LJ05,0.0,False,,,,18,sub-HUP172,02,False
LJ05-LJ06,0.0,False,,,,18,sub-HUP172,02,False
LJ06-LJ07,0.0,False,,,,18,sub-HUP172,02,False
LJ07-LJ08,0.0,False,,,,18,sub-HUP172,02,False
LJ08-LJ09,0.0,False,,,,18,sub-HUP172,02,False
LJ09-LJ10,0.0,False,,,,18,sub-HUP172,02,False
LJ10-LJ11,0.0,False,,,,18,sub-HUP172,02,False
LJ11-LJ12,0.0,False,,,,18,sub-HUP172,02,False
LK01-LK02,0.0,False,,,,18,sub-HUP172,02,False
LK02-LK03,0.0,False,,,,18,sub-HUP172,02,False
LK03-LK04,0.0,False,,,,18,sub-HUP172,02,False
LK04-LK05,0.0,False,,,,18,sub-HUP172,02,False
LK05-LK06,0.0,False,,,,18,sub-HUP172,02,False
LK06-LK07,0.0,False,,,,18,sub-HUP172,02,False
LK07-LK08,0.0,False,,,,18,sub-HUP172,02,False
LL01-LL02,0.0,False,,,,18,sub-HUP172,02,False
LL02-LL03,0.0,False,,,,18,sub-HUP172,02,False
LL03-LL04,0.0,False,,,,18,sub-HUP172,02,False
LL04-LL05,0.0,False,,,,18,sub-HUP172,02,False
LL05-LL06,0.0,False,,,,18,sub-HUP172,02,False
LL06-LL07,0.0,False,,,,18,sub-HUP172,02,False
LL07-LL08,0.0,False,,,,18,sub-HUP172,02,False
LM01-LM02,0.0,False,,,,18,sub-HUP172,02,False
LM02-LM03,0.0,False,,,,18,sub-HUP172,02,False
LM03-LM04,0.0,False,,,,18,sub-HUP172,02,False
LM05-LM06,0.0,False,,,,18,sub-HUP172,02,False
LM06-LM07,0.0,False,,,,18,sub-HUP172,02,False
LM07-LM08,0.0,False,,,,18,sub-HUP172,02,False
LM08-LM09,0.0,False,,,,18,sub-HUP172,02,False
LM09-LM10,0.0,False,,,,18,sub-HUP172,02,False
RB01-RB02,0.0,False,,,,18,sub-HUP172,02,False
RB02-RB03,0.0,False,,,,18,sub-HUP172,02,False
RB03-RB04,0.0,False,,,,18,sub-HUP172,02,False
RB05-RB06,0.0,False,,,,18,sub-HUP172,02,False
RB07-RB08,0.0,False,,,,18,sub-HUP172,02,False
RD01-RD02,0.0,False,,,,18,sub-HUP172,02,False
RD03-RD04,0.0,False,,,,18,sub-HUP172,02,False
RE01-RE02,0.0,False,,,,18,sub-HUP172,02,False
RE02-RE03,0.0,False,,,,18,sub-HUP172,02,False
RE03-RE04,0.0,False,,,,18,sub-HUP172,02,False
RE04-RE05,0.0,False,,,,18,sub-HUP172,02,False
RE06-RE07,0.0,False,,,,18,sub-HUP172,02,False
LH01-LH02,1.0,True,-9.75,-8.0,4.862157749846951,1,sub-HUP172,03,True
LG03-LG04,0.7497629756812928,True,-9.5,-8.0,4.556832328446386,2,sub-HUP172,03,False
LG01-LG02,0.7055528815214485,True,-9.75,-9.0,3.430509410816358,3,sub-HUP172,03,False
LE08-LE09,0.6157950482499095,True,-9.5,-8.0,3.742615832707093,4,sub-HUP172,03,False
LG02-LG03,0.5249617380587711,True,-9.5,-7.75,3.1905584788444736,5,sub-HUP172,03,False
LE07-LE08,0.4935490616768349,True,-9.25,-8.75,3.59957009274257,6,sub-HUP172,03,False
LK04-LK05,0.47777442099743245,True,-8.75,-7.75,4.646029207462612,7,sub-HUP172,03,False
LK02-LK03,0.3777421386914951,True,-8.5,-7.75,4.132444200935883,8,sub-HUP172,03,False
LB07-LB08,0.23317472913096549,True,-4.0,-3.25,7.652693135109965,9,sub-HUP172,03,False
LB05-LB06,0.20348964985845885,True,-8.0,-7.0,2.7208466397006075,10,sub-HUP172,03,False
LB01-LB02,0.13013001505894595,True,-7.0,-0.5,2.3726724795245793,11,sub-HUP172,03,False
LL04-LL05,0.12358600291914763,True,-1.75,-1.25,5.4080517767934735,12,sub-HUP172,03,False
LB04-LB05,0.12093037926859578,True,-5.25,-4.5,3.233904194140037,13,sub-HUP172,03,False
LJ01-LJ02,0.10352137230247956,True,-5.5,-2.5,2.6425205237302856,14,sub-HUP172,03,False
RB01-RB02,0.09931188922165111,True,-3.0,-1.0,3.7422430566901945,15,sub-HUP172,03,False
LJ02-LJ03,0.09644805131352815,True,-5.75,-4.0,2.3447282007585364,16,sub-HUP172,03,False
LL03-LL04,0.08634741301891344,True,3.25,3.5,5.877686407448036,17,sub-HUP172,03,False
LB08-LB09,0.08001389943655658,True,-1.75,1.75,3.5013618111683535,18,sub-HUP172,03,False
LM07-LM08,0.07655530174589645,True,-2.25,-0.5,3.163903606243299,19,sub-HUP172,03,False
LB09-LB10,0.07392280401701937,True,-1.5,1.75,3.324675093586354,20,sub-HUP172,03,False
RB02-RB03,0.07316274308615617,True,-0.25,1.25,3.7351523821123633,21,sub-HUP172,03,False
LH05-LH06,0.066708834770114,True,4.0,5.5,4.784145949921349,22,sub-HUP172,03,True
LL07-LL08,0.06464036586238235,True,-1.75,0.75,2.828624902476521,23,sub-HUP172,03,False
LM09-LM10,0.06446067165899713,True,-1.25,-0.5,2.97747056553776,24,sub-HUP172,03,False
LM04-LM05,0.06396012035109365,True,0.75,4.75,3.5763182407314567,25,sub-HUP172,03,False
LM01-LM02,0.06389889909278741,True,-1.25,-0.5,2.951522010591504,26,sub-HUP172,03,False
LJ11-LJ12,0.06382304568527285,True,-1.5,1.5,2.8704388748267395,27,sub-HUP172,03,False
LJ04-LJ05,0.06108952556319391,True,-1.5,2.25,2.7474989189018992,28,sub-HUP172,03,False
LL01-LL02,0.060486101626149744,True,2.5,4.5,3.896731823079888,29,sub-HUP172,03,False
LD02-LD03,0.055758146055802454,True,-2.5,-2.0,2.236615441189124,30,sub-HUP172,03,False
LE11-LE12,0.05517279163799107,True,2.75,4.0,3.621494021985215,31,sub-HUP172,03,True
LH04-LH05,0.05108011503691139,True,-1.25,-0.75,2.3594159833030286,32,sub-HUP172,03,True
LK01-LK02,0.05078210164130069,True,3.5,5.0,3.518475893944911,33,sub-HUP172,03,False
LK03-LK04,0.050616083928640816,True,3.5,5.75,3.506973232552761,34,sub-HUP172,03,False
LE06-LE07,0.05009157586046073,True,3.0,5.0,3.3488557268648016,35,sub-HUP172,03,False
LJ05-LJ06,0.0488141954726919,True,-1.5,-0.75,2.195416449085859,36,sub-HUP172,03,False
LE09-LE10,0.045431905495968095,True,3.0,5.0,3.0373350067161136,37,sub-HUP172,03,True
LD09-LD10,0.04166574469237881,True,1.5,2.0,2.4816714373751276,38,sub-HUP172,03,False
LM02-LM03,0.03216063105918815,True,4.25,7.5,2.345550923166003,39,sub-HUP172,03,False
LG04-LG05,0.02521757658738656,True,19.0,21.75,3.6477021042424376,40,sub-HUP172,03,False
LL05-LL06,0.02378293794086851,True,24.25,26.25,4.0472738608163015,41,sub-HUP172,03,False
LE01-LE02,0.021730947693975607,True,21.5,22.25,3.407512287672476,42,sub-HUP172,03,False
LK05-LK06,0.021703540847203173,True,17.0,18.75,2.928347591389428,43,sub-HUP172,03,False
LL02-LL03,0.019865086166569942,True,24.0,26.75,3.3564045973017516,44,sub-HUP172,03,False
LE05-LE06,0.01709616275430732,True,23.0,26.5,2.8054431077118793,45,sub-HUP172,03,False
RD03-RD04,0.016867692704746785,True,21.75,24.25,2.665434941208697,46,sub-HUP172,03,False
LI03-LI04,0.01600246589686928,True,20.0,24.0,2.392550292496579,47,sub-HUP172,03,False
LL06-LL07,0.01579703968957944,True,28.5,30.0,3.0147021838396455,48,sub-HUP172,03,False
LD07-LD08,0.015558611606359097,True,28.5,29.25,2.9692006419496657,49,sub-HUP172,03,False
LD01-LD02,0.015411236583183595,True,26.25,27.0,2.7724789453430856,50,sub-HUP172,03,False
LF04-LF05,0.014387292229878964,True,23.0,27.0,2.360923349000135,51,sub-HUP172,03,False
LI05-LI06,0.013660975119286331,True,22.5,24.25,2.2085253835529217,52,sub-HUP172,03,False
LD06-LD07,0.011998925056811082,True,23.0,24.5,1.9689974928497282,53,sub-HUP172,03,False
LD10-LD11,0.010991399488897964,True,21.0,30.0,1.6967809030598375,54,sub-HUP172,03,False
LF03-LF04,0.01052750409193432,True,26.0,26.75,1.8810996710625396,55,sub-HUP172,03,False
LB02-LB03,0.0,False,,,,56,sub-HUP172,03,False
LB03-LB04,0.0,False,,,,56,sub-HUP172,03,False
LB06-LB07,0.0,False,,,,56,sub-HUP172,03,False
LB10-LB11,0.0,False,,,,56,sub-HUP172,03,False
LD03-LD04,0.0,False,,,,56,sub-HUP172,03,False
LD04-LD05,0.0,False,,,,56,sub-HUP172,03,False
LD05-LD06,0.0,False,,,,56,sub-HUP172,03,False
LD08-LD09,0.0,False,,,,56,sub-HUP172,03,False
LD11-LD12,0.0,False,,,,56,sub-HUP172,03,False
LE02-LE03,0.0,False,,,,56,sub-HUP172,03,False
LE03-LE04,0.0,False,,,,56,sub-HUP172,03,False
LE04-LE05,0.0,False,,,,56,sub-HUP172,03,False
LE10-LE11,0.0,False,,,,56,sub-HUP172,03,True
LF01-LF02,0.0,False,,,,56,sub-HUP172,03,False
LF02-LF03,0.0,False,,,,56,sub-HUP172,03,False
LF05-LF06,0.0,False,,,,56,sub-HUP172,03,False
LF06-LF07,0.0,False,,,,56,sub-HUP172,03,False
LF07-LF08,0.0,False,,,,56,sub-HUP172,03,False
LG07-LG08,0.0,False,,,,56,sub-HUP172,03,False
LH02-LH03,0.0,False,,,,56,sub-HUP172,03,True
LH03-LH04,0.0,False,,,,56,sub-HUP172,03,True
LH06-LH07,0.0,False,,,,56,sub-HUP172,03,True
LH07-LH08,0.0,False,,,,56,sub-HUP172,03,True
LI01-LI02,0.0,False,,,,56,sub-HUP172,03,False
LI02-LI03,0.0,False,,,,56,sub-HUP172,03,False
LI04-LI05,0.0,False,,,,56,sub-HUP172,03,False
LI06-LI07,0.0,False,,,,56,sub-HUP172,03,False
LI07-LI08,0.0,False,,,,56,sub-HUP172,03,False
LI08-LI09,0.0,False,,,,56,sub-HUP172,03,False
LI09-LI10,0.0,False,,,,56,sub-HUP172,03,False
LJ03-LJ04,0.0,False,,,,56,sub-HUP172,03,False
LJ06-LJ07,0.0,False,,,,56,sub-HUP172,03,False
LJ07-LJ08,0.0,False,,,,56,sub-HUP172,03,False
LJ08-LJ09,0.0,False,,,,56,sub-HUP172,03,False
LJ09-LJ10,0.0,False,,,,56,sub-HUP172,03,False
LJ10-LJ11,0.0,False,,,,56,sub-HUP172,03,False
LK06-LK07,0.0,False,,,,56,sub-HUP172,03,False
LK07-LK08,0.0,False,,,,56,sub-HUP172,03,False
LM03-LM04,0.0,False,,,,56,sub-HUP172,03,False
LM05-LM06,0.0,False,,,,56,sub-HUP172,03,False
LM06-LM07,0.0,False,,,,56,sub-HUP172,03,False
LM08-LM09,0.0,False,,,,56,sub-HUP172,03,False
RB03-RB04,0.0,False,,,,56,sub-HUP172,03,False
RB04-RB05,0.0,False,,,,56,sub-HUP172,03,False
RB05-RB06,0.0,False,,,,56,sub-HUP172,03,False
RB06-RB07,0.0,False,,,,56,sub-HUP172,03,False
RB07-RB08,0.0,False,,,,56,sub-HUP172,03,False
RD01-RD02,0.0,False,,,,56,sub-HUP172,03,False
RD02-RD03,0.0,False,,,,56,sub-HUP172,03,False
RD04-RD05,0.0,False,,,,56,sub-HUP172,03,False
RE01-RE02,0.0,False,,,,56,sub-HUP172,03,False
RE02-RE03,0.0,False,,,,56,sub-HUP172,03,False
RE03-RE04,0.0,False,,,,56,sub-HUP172,03,False
RE04-RE05,0.0,False,,,,56,sub-HUP172,03,False
RE05-RE06,0.0,False,,,,56,sub-HUP172,03,False
RE06-RE07,0.0,False,,,,56,sub-HUP172,03,False
RD06-RD07,1.0,True,-9.0,-7.75,9.48462220035195,1,sub-HUP173,01,False
RD07-RD08,0.7331948795656781,True,-9.25,-8.5,5.5632611455304035,2,sub-HUP173,01,False
LB08-LB09,0.07879738087178442,True,-4.5,-4.0,3.437871584552127,3,sub-HUP173,01,False
RB05-RB06,0.07561320130258242,True,-4.5,-2.25,3.2989481794851097,4,sub-HUP173,01,False
RG01-RG02,0.07179052936461375,True,-4.5,-2.25,3.132167823498517,5,sub-HUP173,01,False
RF01-RF02,0.07076001337949132,True,-5.25,-1.75,2.6845279751852975,6,sub-HUP173,01,False
LB06-LB07,0.06066397097132834,True,-5.5,-3.75,2.186424414177435,7,sub-HUP173,01,False
RA01-RA02,0.05634047333272482,True,-4.5,-3.5,2.458093279089535,8,sub-HUP173,01,True
RC04-RC05,0.05565261801366968,True,-3.75,-3.0,2.7447890928648233,9,sub-HUP173,01,False
RD04-RD05,0.0547263278031275,True,-4.75,-4.0,2.2838575919512376,10,sub-HUP173,01,False
RG04-RG05,0.04913890578604482,True,-4.75,-3.75,2.0506814095650236,11,sub-HUP173,01,False
RI01-RI02,0.04901431827913602,True,-4.0,-2.0,2.3244114564270495,12,sub-HUP173,01,False
RC02-RC03,0.03981682119332664,True,-4.0,3.0,1.8882375311883497,13,sub-HUP173,01,False
RA03-RA04,0.031172689511490614,True,-0.25,3.25,2.365289463882898,14,sub-HUP173,01,True
RA07-RA08,0.02343469587601917,True,8.25,9.0,3.289584704109978,15,sub-HUP173,01,False
RB08-RB09,0.02066778523736315,True,6.0,10.0,2.548339751027211,16,sub-HUP173,01,False
RF07-RF08,0.019984031434259857,True,8.0,12.75,2.7672984276311188,17,sub-HUP173,01,False
RB07-RB08,0.019776155989982294,True,8.0,8.75,2.7385127748470555,18,sub-HUP173,01,False
LA07-LA08,0.01843622416738244,True,10.0,12.5,2.832742060663654,19,sub-HUP173,01,False
RA06-RA07,0.018257598652577336,True,7.5,9.0,2.458963242175982,20,sub-HUP173,01,False
RF06-RF07,0.018115006157016725,True,7.5,12.5,2.439758651700214,21,sub-HUP173,01,False
RB06-RB07,0.017648645538396478,True,11.5,15.25,2.912598793865347,22,sub-HUP173,01,False
RC03-RC04,0.017256698502574195,True,7.25,9.0,2.2914257201121364,23,sub-HUP173,01,False
RD03-RD04,0.016794979360803576,True,12.5,14.75,2.8991514206187334,24,sub-HUP173,01,False
RA05-RA06,0.016642420850470453,True,7.5,10.0,2.241428454576806,25,sub-HUP173,01,False
RA04-RA05,0.015926228566767835,True,13.25,16.5,2.8398201074062177,26,sub-HUP173,01,True
RG05-RG06,0.01547272993511232,True,13.0,17.75,2.729605759872667,27,sub-HUP173,01,False
RG02-RG03,0.014127123509472577,True,8.25,9.5,1.983058353122852,28,sub-HUP173,01,False
RH03-RH04,0.012558342739433157,True,13.0,23.0,2.21546713603665,29,sub-HUP173,01,False
RI03-RI04,0.011895497430977717,True,19.75,20.25,2.7077831764339404,30,sub-HUP173,01,False
LD02-LD03,0.010764827088566863,True,16.5,19.0,2.1849468049254663,31,sub-HUP173,01,False
RI07-RI08,0.010471719170809624,True,26.75,29.0,2.939880883650037,32,sub-HUP173,01,False
LE07-LE08,0.010105036794664044,True,15.5,24.25,1.9743546001517043,33,sub-HUP173,01,False
LA01-LA02,0.0,False,,,,34,sub-HUP173,01,False
LA02-LA03,0.0,False,,,,34,sub-HUP173,01,False
LA03-LA04,0.0,False,,,,34,sub-HUP173,01,False
LA04-LA05,0.0,False,,,,34,sub-HUP173,01,False
LA05-LA06,0.0,False,,,,34,sub-HUP173,01,False
LA06-LA07,0.0,False,,,,34,sub-HUP173,01,False
LA08-LA09,0.0,False,,,,34,sub-HUP173,01,False
LA09-LA10,0.0,False,,,,34,sub-HUP173,01,False
LB01-LB02,0.0,False,,,,34,sub-HUP173,01,False
LB02-LB03,0.0,False,,,,34,sub-HUP173,01,False
LB03-LB04,0.0,False,,,,34,sub-HUP173,01,False
LB04-LB05,0.0,False,,,,34,sub-HUP173,01,False
LB05-LB06,0.0,False,,,,34,sub-HUP173,01,False
LB07-LB08,0.0,False,,,,34,sub-HUP173,01,False
LB09-LB10,0.0,False,,,,34,sub-HUP173,01,False
LC01-LC02,0.0,False,,,,34,sub-HUP173,01,False
LC02-LC03,0.0,False,,,,34,sub-HUP173,01,False
LC03-LC04,0.0,False,,,,34,sub-HUP173,01,False
LC04-LC05,0.0,False,,,,34,sub-HUP173,01,False
LC05-LC06,0.0,False,,,,34,sub-HUP173,01,False
LC06-LC07,0.0,False,,,,34,sub-HUP173,01,False
LC07-LC08,0.0,False,,,,34,sub-HUP173,01,False
LC08-LC09,0.0,False,,,,34,sub-HUP173,01,False
LC09-LC10,0.0,False,,,,34,sub-HUP173,01,False
LD01-LD02,0.0,False,,,,34,sub-HUP173,01,False
LD03-LD04,0.0,False,,,,34,sub-HUP173,01,False
LD04-LD05,0.0,False,,,,34,sub-HUP173,01,False
LD05-LD06,0.0,False,,,,34,sub-HUP173,01,False
LD06-LD07,0.0,False,,,,34,sub-HUP173,01,False
LD07-LD08,0.0,False,,,,34,sub-HUP173,01,False
LE01-LE02,0.0,False,,,,34,sub-HUP173,01,False
LE02-LE03,0.0,False,,,,34,sub-HUP173,01,False
LE03-LE04,0.0,False,,,,34,sub-HUP173,01,False
LE04-LE05,0.0,False,,,,34,sub-HUP173,01,False
LE05-LE06,0.0,False,,,,34,sub-HUP173,01,False
LE06-LE07,0.0,False,,,,34,sub-HUP173,01,False
RA02-RA03,0.0,False,,,,34,sub-HUP173,01,True
RA08-RA09,0.0,False,,,,34,sub-HUP173,01,False
RA09-RA10,0.0,False,,,,34,sub-HUP173,01,False
RB01-RB02,0.0,False,,,,34,sub-HUP173,01,True
RB02-RB03,0.0,False,,,,34,sub-HUP173,01,True
RB03-RB04,0.0,False,,,,34,sub-HUP173,01,True
RB04-RB05,0.0,False,,,,34,sub-HUP173,01,True
RB09-RB10,0.0,False,,,,34,sub-HUP173,01,False
RC01-RC02,0.0,False,,,,34,sub-HUP173,01,False
RC05-RC06,0.0,False,,,,34,sub-HUP173,01,False
RC06-RC07,0.0,False,,,,34,sub-HUP173,01,False
RD01-RD02,0.0,False,,,,34,sub-HUP173,01,False
RD02-RD03,0.0,False,,,,34,sub-HUP173,01,False
RD05-RD06,0.0,False,,,,34,sub-HUP173,01,False
RE01-RE02,0.0,False,,,,34,sub-HUP173,01,False
RE02-RE03,0.0,False,,,,34,sub-HUP173,01,False
RE03-RE04,0.0,False,,,,34,sub-HUP173,01,False
RE04-RE05,0.0,False,,,,34,sub-HUP173,01,False
RF02-RF03,0.0,False,,,,34,sub-HUP173,01,False
RF03-RF04,0.0,False,,,,34,sub-HUP173,01,False
RF04-RF05,0.0,False,,,,34,sub-HUP173,01,False
RF05-RF06,0.0,False,,,,34,sub-HUP173,01,False
RG03-RG04,0.0,False,,,,34,sub-HUP173,01,False
RH01-RH02,0.0,False,,,,34,sub-HUP173,01,False
RH02-RH03,0.0,False,,,,34,sub-HUP173,01,False
RH04-RH05,0.0,False,,,,34,sub-HUP173,01,False
RH05-RH06,0.0,False,,,,34,sub-HUP173,01,False
RH06-RH07,0.0,False,,,,34,sub-HUP173,01,False
RH07-RH08,0.0,False,,,,34,sub-HUP173,01,False
RH08-RH09,0.0,False,,,,34,sub-HUP173,01,False
RH09-RH10,0.0,False,,,,34,sub-HUP173,01,False
RI02-RI03,0.0,False,,,,34,sub-HUP173,01,False
RI04-RI05,0.0,False,,,,34,sub-HUP173,01,False
RI05-RI06,0.0,False,,,,34,sub-HUP173,01,False
RI06-RI07,0.0,False,,,,34,sub-HUP173,01,False
RA09-RA10,1.0,True,-10.0,-9.75,14.791956569639982,1,sub-HUP173,02,False
RH09-RH10,0.23931376959461456,True,-8.25,-7.5,9.73477693749101,2,sub-HUP173,02,False
RF06-RF07,0.2126087919103712,True,-8.75,-7.75,7.076025036589128,3,sub-HUP173,02,False
RI07-RI08,0.2092527387881159,True,-8.0,-7.5,9.28577227269609,4,sub-HUP173,02,False
RH08-RH09,0.0952060915323988,True,-6.5,-5.75,6.337279670005853,5,sub-HUP173,02,False
RF07-RF08,0.08717508282260931,True,-8.75,-7.5,2.901352587900312,6,sub-HUP173,02,False
RF05-RF06,0.05762631817385339,True,-6.5,-6.0,3.8358269806315257,7,sub-HUP173,02,False
RB05-RB06,0.049535669564035704,True,-6.25,-5.0,3.480464995986453,8,sub-HUP173,02,False
RH07-RH08,0.04322845578605611,True,-6.5,-5.5,2.877450482519748,9,sub-HUP173,02,False
RC04-RC05,0.04070830245649306,True,-6.25,-5.0,2.860238349311016,10,sub-HUP173,02,False
RD07-RD08,0.02715171097369202,True,-4.0,-2.25,2.8113885065998874,11,sub-HUP173,02,False
RC05-RC06,0.026112918402094697,True,-1.25,-0.75,3.76604626037579,12,sub-HUP173,02,False
RA08-RA09,0.02593849490135175,True,-0.75,-0.5,3.9327311731418875,13,sub-HUP173,02,False
RB09-RB10,0.025568974262357054,True,2.5,6.75,5.105904617056878,14,sub-HUP173,02,False
RB04-RB05,0.025488981564468067,True,5.0,6.25,6.0325105328954525,15,sub-HUP173,02,True
RB02-RB03,0.0195556881806265,True,4.25,5.0,4.411320076423048,16,sub-HUP173,02,True
RD03-RD04,0.017804424872445525,True,-2.25,-1.75,2.3044199452805305,17,sub-HUP173,02,False
RA05-RA06,0.016762837027992968,True,6.25,6.75,4.277226463459931,18,sub-HUP173,02,False
RB01-RB02,0.014873113907185716,True,4.25,5.75,3.355037438298593,19,sub-HUP173,02,True
RA04-RA05,0.014655041771518626,True,1.75,7.0,2.763903452984682,20,sub-HUP173,02,True
RF04-RF05,0.01404498743120615,True,5.0,6.0,3.3240455056566525,21,sub-HUP173,02,False
RC03-RC04,0.013957395430255174,True,-1.0,-0.25,2.0645718702962608,22,sub-HUP173,02,False
RA06-RA07,0.013726572958605063,True,5.5,7.0,3.3502073723857313,23,sub-HUP173,02,False
RG03-RG04,0.011145206379706972,True,5.5,6.5,2.72018024401695,24,sub-HUP173,02,False
RG01-RG02,0.010924000541167442,True,14.75,18.0,4.160874045470566,25,sub-HUP173,02,False
RC01-RC02,0.01042669041694674,True,4.25,6.0,2.352025065141503,26,sub-HUP173,02,False
RB07-RB08,0.008998662734923536,True,25.0,28.0,4.79188182095376,27,sub-HUP173,02,False
RA07-RA08,0.0087497581075534,True,17.75,19.25,3.7209987052513243,28,sub-HUP173,02,False
RH03-RH04,0.007646423755388397,True,17.25,20.0,3.1952322989032136,29,sub-HUP173,02,False
RB06-RB07,0.0075871732448664925,True,17.5,21.0,3.198530408045389,30,sub-HUP173,02,False
LD07-LD08,0.007291825897162955,True,13.75,18.75,2.6695442066092108,31,sub-HUP173,02,False
RG04-RG05,0.00716792302133024,True,18.0,21.5,3.0748005747551455,32,sub-HUP173,02,False
RB08-RB09,0.006831447976025071,True,25.5,26.5,3.6883425845728,33,sub-HUP173,02,False
RC02-RC03,0.006673315495473997,True,17.25,19.0,2.7885968518137316,34,sub-HUP173,02,False
RH04-RH05,0.0063942291386523,True,17.75,19.0,2.7192658418140496,35,sub-HUP173,02,False
RH02-RH03,0.006314672642772998,True,19.0,22.25,2.8021909045017575,36,sub-HUP173,02,False
LB06-LB07,0.005598722189089039,True,17.75,21.5,2.3809615946614366,37,sub-HUP173,02,False
LB09-LB10,0.005576388120953264,True,18.0,18.75,2.3920850361173125,38,sub-HUP173,02,False
RG05-RG06,0.005574392743362581,True,17.5,23.75,2.350000997815164,39,sub-HUP173,02,False
RH01-RH02,0.005243257567690053,True,21.75,26.25,2.5400257518591687,40,sub-HUP173,02,False
LC07-LC08,0.004809074431339234,True,23.25,24.25,2.4363949894023595,41,sub-HUP173,02,False
RH05-RH06,0.003911643133758929,True,20.0,20.75,1.793686515865268,42,sub-HUP173,02,False
LA01-LA02,0.0,False,,,,43,sub-HUP173,02,False
LA02-LA03,0.0,False,,,,43,sub-HUP173,02,False
LA03-LA04,0.0,False,,,,43,sub-HUP173,02,False
LA04-LA05,0.0,False,,,,43,sub-HUP173,02,False
LA05-LA06,0.0,False,,,,43,sub-HUP173,02,False
LA06-LA07,0.0,False,,,,43,sub-HUP173,02,False
LA07-LA08,0.0,False,,,,43,sub-HUP173,02,False
LA08-LA09,0.0,False,,,,43,sub-HUP173,02,False
LA09-LA10,0.0,False,,,,43,sub-HUP173,02,False
LB01-LB02,0.0,False,,,,43,sub-HUP173,02,False
LB02-LB03,0.0,False,,,,43,sub-HUP173,02,False
LB03-LB04,0.0,False,,,,43,sub-HUP173,02,False
LB04-LB05,0.0,False,,,,43,sub-HUP173,02,False
LB05-LB06,0.0,False,,,,43,sub-HUP173,02,False
LB07-LB08,0.0,False,,,,43,sub-HUP173,02,False
LB08-LB09,0.0,False,,,,43,sub-HUP173,02,False
LC01-LC02,0.0,False,,,,43,sub-HUP173,02,False
LC02-LC03,0.0,False,,,,43,sub-HUP173,02,False
LC03-LC04,0.0,False,,,,43,sub-HUP173,02,False
LC04-LC05,0.0,False,,,,43,sub-HUP173,02,False
LC05-LC06,0.0,False,,,,43,sub-HUP173,02,False
LC06-LC07,0.0,False,,,,43,sub-HUP173,02,False
LC08-LC09,0.0,False,,,,43,sub-HUP173,02,False
LC09-LC10,0.0,False,,,,43,sub-HUP173,02,False
LD01-LD02,0.0,False,,,,43,sub-HUP173,02,False
LD02-LD03,0.0,False,,,,43,sub-HUP173,02,False
LD03-LD04,0.0,False,,,,43,sub-HUP173,02,False
LD04-LD05,0.0,False,,,,43,sub-HUP173,02,False
LD05-LD06,0.0,False,,,,43,sub-HUP173,02,False
LD06-LD07,0.0,False,,,,43,sub-HUP173,02,False
LE01-LE02,0.0,False,,,,43,sub-HUP173,02,False
LE02-LE03,0.0,False,,,,43,sub-HUP173,02,False
LE03-LE04,0.0,False,,,,43,sub-HUP173,02,False
LE04-LE05,0.0,False,,,,43,sub-HUP173,02,False
LE05-LE06,0.0,False,,,,43,sub-HUP173,02,False
LE06-LE07,0.0,False,,,,43,sub-HUP173,02,False
LE07-LE08,0.0,False,,,,43,sub-HUP173,02,False
RA01-RA02,0.0,False,,,,43,sub-HUP173,02,True
RA02-RA03,0.0,False,,,,43,sub-HUP173,02,True
RA03-RA04,0.0,False,,,,43,sub-HUP173,02,True
RB03-RB04,0.0,False,,,,43,sub-HUP173,02,True
RC06-RC07,0.0,False,,,,43,sub-HUP173,02,False
RD01-RD02,0.0,False,,,,43,sub-HUP173,02,False
RD02-RD03,0.0,False,,,,43,sub-HUP173,02,False
RD04-RD05,0.0,False,,,,43,sub-HUP173,02,False
RD05-RD06,0.0,False,,,,43,sub-HUP173,02,False
RD06-RD07,0.0,False,,,,43,sub-HUP173,02,False
RE01-RE02,0.0,False,,,,43,sub-HUP173,02,False
RE02-RE03,0.0,False,,,,43,sub-HUP173,02,False
RE03-RE04,0.0,False,,,,43,sub-HUP173,02,False
RE04-RE05,0.0,False,,,,43,sub-HUP173,02,False
RF01-RF02,0.0,False,,,,43,sub-HUP173,02,False
RF02-RF03,0.0,False,,,,43,sub-HUP173,02,False
RF03-RF04,0.0,False,,,,43,sub-HUP173,02,False
RG02-RG03,0.0,False,,,,43,sub-HUP173,02,False
RH06-RH07,0.0,False,,,,43,sub-HUP173,02,False
RI01-RI02,0.0,False,,,,43,sub-HUP173,02,False
RI02-RI03,0.0,False,,,,43,sub-HUP173,02,False
RI03-RI04,0.0,False,,,,43,sub-HUP173,02,False
RI04-RI05,0.0,False,,,,43,sub-HUP173,02,False
RI05-RI06,0.0,False,,,,43,sub-HUP173,02,False
RI06-RI07,0.0,False,,,,43,sub-HUP173,02,False
RD07-RD08,1.0,True,-9.0,-7.0,2.830755441494492,1,sub-HUP173,03,False
RA01-RA02,0.6577022870089643,True,-6.25,-4.25,6.981728729377492,2,sub-HUP173,03,True
RC03-RC04,0.3461474148230204,True,-7.75,-7.0,2.2046820256564112,3,sub-HUP173,03,False
RA02-RA03,0.31662136245248407,True,-3.5,-1.75,5.825804690262499,4,sub-HUP173,03,True
RC01-RC02,0.19126534545931512,True,-5.0,-1.5,2.7071270871414006,5,sub-HUP173,03,False
RH01-RH02,0.11541031640497909,True,-4.75,0.5,1.7151665011319768,6,sub-HUP173,03,False
RA09-RA10,0.11013041325376718,True,10.25,11.0,6.312983398490806,7,sub-HUP173,03,False
LA08-LA09,0.092021653535067,True,-0.5,2.75,2.4746625665572615,8,sub-HUP173,03,False
RF02-RF03,0.09058220544083863,True,-0.25,4.5,2.500056691803703,9,sub-HUP173,03,False
RA04-RA05,0.07941636080801127,True,2.75,4.75,2.86630576763734,10,sub-HUP173,03,True
RC05-RC06,0.0742391134592191,True,0.25,2.25,2.154065937563218,11,sub-HUP173,03,False
RA03-RA04,0.07131726627656083,True,1.75,8.75,2.372110440122413,12,sub-HUP173,03,True
RH07-RH08,0.06676161332500788,True,3.5,5.75,2.5513083027366825,13,sub-HUP173,03,False
RI07-RI08,0.06127317328427776,True,9.0,12.0,3.29553800514998,14,sub-HUP173,03,False
LA01-LA02,0.05491282954697857,True,3.75,5.0,2.137365876909575,15,sub-HUP173,03,False
RH03-RH04,0.05274243054429812,True,3.5,4.75,2.015562450522382,16,sub-HUP173,03,False
RH08-RH09,0.05230005850535984,True,10.5,12.5,3.0349978416928174,17,sub-HUP173,03,False
RF06-RF07,0.05031796165882383,True,10.5,15.25,2.919975797297849,18,sub-HUP173,03,False
RH09-RH10,0.04963890880182737,True,12.25,13.0,3.1264723492138318,19,sub-HUP173,03,False
RA06-RA07,0.04775773166878056,True,3.5,4.25,1.8250711937302644,20,sub-HUP173,03,False
RB03-RB04,0.044654040898149984,True,9.0,17.25,2.4016887158859577,21,sub-HUP173,03,True
RB07-RB08,0.03750956100154655,True,10.5,11.0,2.176698075220549,22,sub-HUP173,03,False
RB01-RB02,0.03533890208236326,True,12.5,14.0,2.2508052607370437,23,sub-HUP173,03,True
RD04-RD05,0.03474854137439573,True,13.25,20.75,2.2869774749749374,24,sub-HUP173,03,False
RG04-RG05,0.03377784191527774,True,22.0,24.0,3.059737913715622,25,sub-HUP173,03,False
LB09-LB10,0.02997763133001046,True,21.0,23.75,2.630639633326829,26,sub-HUP173,03,False
LE01-LE02,0.029808650261471656,True,12.25,13.25,1.8774772262206931,27,sub-HUP173,03,False
RE04-RE05,0.029319242758376985,True,19.75,21.75,2.469119277868516,28,sub-HUP173,03,False
RG02-RG03,0.02844146999893042,True,27.0,29.25,2.9789013006522618,29,sub-HUP173,03,False
LC09-LC10,0.027797516699526802,True,22.75,24.0,2.577031071773939,30,sub-HUP173,03,False
RB04-RB05,0.02662988191354113,True,22.75,23.75,2.4687828726094283,31,sub-HUP173,03,True
RB09-RB10,0.025780247961807615,True,21.5,24.75,2.2987936818303725,32,sub-HUP173,03,False
LA02-LA03,0.0,False,,,,33,sub-HUP173,03,False
LA03-LA04,0.0,False,,,,33,sub-HUP173,03,False
LA04-LA05,0.0,False,,,,33,sub-HUP173,03,False
LA05-LA06,0.0,False,,,,33,sub-HUP173,03,False
LA06-LA07,0.0,False,,,,33,sub-HUP173,03,False
LA07-LA08,0.0,False,,,,33,sub-HUP173,03,False
LA09-LA10,0.0,False,,,,33,sub-HUP173,03,False
LB01-LB02,0.0,False,,,,33,sub-HUP173,03,False
LB02-LB03,0.0,False,,,,33,sub-HUP173,03,False
LB03-LB04,0.0,False,,,,33,sub-HUP173,03,False
LB04-LB05,0.0,False,,,,33,sub-HUP173,03,False
LB05-LB06,0.0,False,,,,33,sub-HUP173,03,False
LB06-LB07,0.0,False,,,,33,sub-HUP173,03,False
LB07-LB08,0.0,False,,,,33,sub-HUP173,03,False
LB08-LB09,0.0,False,,,,33,sub-HUP173,03,False
LC01-LC02,0.0,False,,,,33,sub-HUP173,03,False
LC02-LC03,0.0,False,,,,33,sub-HUP173,03,False
LC03-LC04,0.0,False,,,,33,sub-HUP173,03,False
LC04-LC05,0.0,False,,,,33,sub-HUP173,03,False
LC05-LC06,0.0,False,,,,33,sub-HUP173,03,False
LC06-LC07,0.0,False,,,,33,sub-HUP173,03,False
LC07-LC08,0.0,False,,,,33,sub-HUP173,03,False
LC08-LC09,0.0,False,,,,33,sub-HUP173,03,False
LD01-LD02,0.0,False,,,,33,sub-HUP173,03,False
LD02-LD03,0.0,False,,,,33,sub-HUP173,03,False
LD03-LD04,0.0,False,,,,33,sub-HUP173,03,False
LD04-LD05,0.0,False,,,,33,sub-HUP173,03,False
LD05-LD06,0.0,False,,,,33,sub-HUP173,03,False
LD06-LD07,0.0,False,,,,33,sub-HUP173,03,False
LD07-LD08,0.0,False,,,,33,sub-HUP173,03,False
LE02-LE03,0.0,False,,,,33,sub-HUP173,03,False
LE03-LE04,0.0,False,,,,33,sub-HUP173,03,False
LE04-LE05,0.0,False,,,,33,sub-HUP173,03,False
LE05-LE06,0.0,False,,,,33,sub-HUP173,03,False
LE06-LE07,0.0,False,,,,33,sub-HUP173,03,False
LE07-LE08,0.0,False,,,,33,sub-HUP173,03,False
RA05-RA06,0.0,False,,,,33,sub-HUP173,03,False
RA07-RA08,0.0,False,,,,33,sub-HUP173,03,False
RA08-RA09,0.0,False,,,,33,sub-HUP173,03,False
RB02-RB03,0.0,False,,,,33,sub-HUP173,03,True
RB05-RB06,0.0,False,,,,33,sub-HUP173,03,False
RB06-RB07,0.0,False,,,,33,sub-HUP173,03,False
RB08-RB09,0.0,False,,,,33,sub-HUP173,03,False
RC02-RC03,0.0,False,,,,33,sub-HUP173,03,False
RC04-RC05,0.0,False,,,,33,sub-HUP173,03,False
RC06-RC07,0.0,False,,,,33,sub-HUP173,03,False
RD01-RD02,0.0,False,,,,33,sub-HUP173,03,False
RD02-RD03,0.0,False,,,,33,sub-HUP173,03,False
RD03-RD04,0.0,False,,,,33,sub-HUP173,03,False
RD05-RD06,0.0,False,,,,33,sub-HUP173,03,False
RD06-RD07,0.0,False,,,,33,sub-HUP173,03,False
RE01-RE02,0.0,False,,,,33,sub-HUP173,03,False
RE02-RE03,0.0,False,,,,33,sub-HUP173,03,False
RE03-RE04,0.0,False,,,,33,sub-HUP173,03,False
RF01-RF02,0.0,False,,,,33,sub-HUP173,03,False
RF03-RF04,0.0,False,,,,33,sub-HUP173,03,False
RF04-RF05,0.0,False,,,,33,sub-HUP173,03,False
RF05-RF06,0.0,False,,,,33,sub-HUP173,03,False
RF07-RF08,0.0,False,,,,33,sub-HUP173,03,False
RG01-RG02,0.0,False,,,,33,sub-HUP173,03,False
RG03-RG04,0.0,False,,,,33,sub-HUP173,03,False
RG05-RG06,0.0,False,,,,33,sub-HUP173,03,False
RH02-RH03,0.0,False,,,,33,sub-HUP173,03,False
RH04-RH05,0.0,False,,,,33,sub-HUP173,03,False
RH05-RH06,0.0,False,,,,33,sub-HUP173,03,False
RH06-RH07,0.0,False,,,,33,sub-HUP173,03,False
RI01-RI02,0.0,False,,,,33,sub-HUP173,03,False
RI02-RI03,0.0,False,,,,33,sub-HUP173,03,False
RI03-RI04,0.0,False,,,,33,sub-HUP173,03,False
RI04-RI05,0.0,False,,,,33,sub-HUP173,03,False
RI05-RI06,0.0,False,,,,33,sub-HUP173,03,False
RI06-RI07,0.0,False,,,,33,sub-HUP173,03,False
LG08-LG09,1.0,True,-6.75,-3.0,4.135919717259817,1,sub-HUP177,01,False
RG07-RG08,0.6527268430503061,True,-6.0,-4.5,4.724345185273902,2,sub-HUP177,01,False
RG06-RG07,0.46386412160929485,True,-6.0,-4.5,3.357383341713254,3,sub-HUP177,01,False
RG05-RG06,0.3501748823211275,True,-6.25,0.0,2.172442800421631,4,sub-HUP177,01,False
RH01-RH02,0.29867370800413245,True,28.0,28.5,44.161634587119785,5,sub-HUP177,01,True
LG09-LG10,0.2639486792398857,True,-4.5,-2.5,3.5479292771420226,6,sub-HUP177,01,False
RH07-RH08,0.17659588652526542,True,28.0,28.75,26.111314124138904,7,sub-HUP177,01,True
RA03-RA04,0.1711116690625874,True,-4.5,-0.75,2.300038409269874,8,sub-HUP177,01,False
RG10-RG11,0.1696721163428199,True,-4.0,-2.75,2.6315634429430146,9,sub-HUP177,01,False
RH02-RH03,0.14844902187470524,True,-4.0,-0.5,2.302399637173228,10,sub-HUP177,01,True
RF06-RF07,0.14397458100156366,True,-3.75,-0.75,2.3818692333943514,11,sub-HUP177,01,False
RH08-RH09,0.1390210698587216,True,28.0,28.75,20.55553442597087,12,sub-HUP177,01,True
RH06-RH07,0.12494313107434343,True,28.25,29.0,18.603171336475974,13,sub-HUP177,01,True
RA05-RA06,0.10482171980807763,True,-3.75,1.75,1.734136871005249,14,sub-HUP177,01,True
RB01-RB02,0.0716113721037296,True,3.5,5.0,3.332012465968255,15,sub-HUP177,01,False
RA07-RA08,0.06357755895474683,True,11.75,16.25,5.1275577532956245,16,sub-HUP177,01,True
LG10-LG11,0.060945754609435354,True,-0.5,0.5,1.827483924250205,17,sub-HUP177,01,False
RF11-RF12,0.055144636925697356,True,5.75,6.75,3.0789961806886934,18,sub-HUP177,01,False
RI06-RI07,0.05434257905925058,True,4.75,8.0,2.8094568027238114,19,sub-HUP177,01,False
RI01-RI02,0.050888155158160635,True,2.5,4.25,2.157310574009538,20,sub-HUP177,01,False
RF10-RF11,0.05056850086958793,True,5.25,6.75,2.7189143776443863,21,sub-HUP177,01,False
RD06-RD07,0.0453114612047113,True,5.0,8.25,2.3894082141338386,22,sub-HUP177,01,False
RH05-RH06,0.0451351562694128,True,28.25,29.25,6.720313779225629,23,sub-HUP177,01,True
RG02-RG03,0.03421946380303296,True,5.0,5.75,1.8044941769770386,24,sub-HUP177,01,False
LD01-LD02,0.03363273340288957,True,5.0,5.75,1.7735541366360112,25,sub-HUP177,01,False
RB02-RB03,0.033291356828276705,True,10.5,12.5,2.5128494189473343,26,sub-HUP177,01,False
RD04-RD05,0.03242377613319781,True,28.25,30.0,4.827676860623199,27,sub-HUP177,01,False
RC02-RC03,0.032403798294644515,True,12.75,16.25,2.747399919759071,28,sub-HUP177,01,False
RB05-RB06,0.03238134663893014,True,11.0,11.5,2.511124688163302,29,sub-HUP177,01,False
RG01-RG02,0.03138930426977788,True,24.75,27.25,4.219268379314369,30,sub-HUP177,01,False
RE06-RE07,0.02951005572614983,True,11.0,16.25,2.2884604000353574,31,sub-HUP177,01,False
RG04-RG05,0.02922756736550752,True,14.0,20.5,2.629202469361291,32,sub-HUP177,01,False
LG04-LG05,0.027439541289043183,True,17.25,19.5,2.8371934962479637,33,sub-HUP177,01,False
RG11-RG12,0.02739804184928348,True,10.25,16.25,2.039689826977701,34,sub-HUP177,01,False
RG03-RG04,0.027250127582426353,True,18.5,23.25,2.9584889241075722,35,sub-HUP177,01,False
RD02-RD03,0.025428370503893825,True,19.0,20.75,2.8132894467745353,36,sub-HUP177,01,False
RA06-RA07,0.024745822837152685,True,19.25,23.5,2.763361887983948,37,sub-HUP177,01,True
RD05-RD06,0.02455664899338298,True,28.25,30.0,3.6563158354162,38,sub-HUP177,01,False
RH04-RH05,0.02418551704935446,True,15.5,23.0,2.3256825464497544,39,sub-HUP177,01,True
RE07-RE08,0.023468531203831324,True,13.5,16.25,2.0626091699973816,40,sub-HUP177,01,False
RA02-RA03,0.022778601338130297,True,27.25,29.25,3.2973663242090887,41,sub-HUP177,01,False
RD07-RD08,0.022020232424854843,True,28.5,30.0,3.3014293630917897,42,sub-HUP177,01,False
LE08-LE09,0.020490844514714713,True,19.0,19.5,2.2670220500333427,43,sub-HUP177,01,False
LE01-LE02,0.01992600684300795,True,16.75,23.25,2.0191029324121406,44,sub-HUP177,01,False
LD02-LD03,0.019499946216797265,True,25.5,29.75,2.6816195504482967,45,sub-HUP177,01,False
RD03-RD04,0.0184844129567891,True,20.25,21.0,2.140601344278793,46,sub-HUP177,01,False
RB08-RB09,0.017895353748487813,True,19.25,20.0,1.9983711532241735,47,sub-HUP177,01,False
RE02-RE03,0.01730797434688905,True,22.5,23.5,2.165427869105547,48,sub-HUP177,01,False
RH09-RH10,0.016019727964970185,True,18.75,28.75,1.7557921820196547,49,sub-HUP177,01,True
RA04-RA05,0.015228836323915636,True,21.75,29.0,1.8580647104786532,50,sub-HUP177,01,False
LA06-LA07,0.01379760157576485,True,23.5,30.0,1.783305387753155,51,sub-HUP177,01,False
RH03-RH04,0.013531210707567727,True,22.75,28.25,1.706902035496709,52,sub-HUP177,01,True
LE06-LE07,0.013121600016361392,True,27.0,28.75,1.8858784769808874,53,sub-HUP177,01,False
LA01-LA02,0.0,False,,,,54,sub-HUP177,01,False
LA02-LA03,0.0,False,,,,54,sub-HUP177,01,False
LA03-LA04,0.0,False,,,,54,sub-HUP177,01,False
LA04-LA05,0.0,False,,,,54,sub-HUP177,01,False
LA05-LA06,0.0,False,,,,54,sub-HUP177,01,False
LA07-LA08,0.0,False,,,,54,sub-HUP177,01,False
LA08-LA09,0.0,False,,,,54,sub-HUP177,01,False
LB01-LB02,0.0,False,,,,54,sub-HUP177,01,False
LB02-LB03,0.0,False,,,,54,sub-HUP177,01,False
LB03-LB04,0.0,False,,,,54,sub-HUP177,01,False
LB04-LB05,0.0,False,,,,54,sub-HUP177,01,False
LB05-LB06,0.0,False,,,,54,sub-HUP177,01,False
LB06-LB07,0.0,False,,,,54,sub-HUP177,01,False
LB07-LB08,0.0,False,,,,54,sub-HUP177,01,False
LB08-LB09,0.0,False,,,,54,sub-HUP177,01,False
LB09-LB10,0.0,False,,,,54,sub-HUP177,01,False
LC01-LC02,0.0,False,,,,54,sub-HUP177,01,False
LC02-LC03,0.0,False,,,,54,sub-HUP177,01,False
LC05-LC06,0.0,False,,,,54,sub-HUP177,01,False
LC06-LC07,0.0,False,,,,54,sub-HUP177,01,False
LC07-LC08,0.0,False,,,,54,sub-HUP177,01,False
LC08-LC09,0.0,False,,,,54,sub-HUP177,01,False
LC09-LC10,0.0,False,,,,54,sub-HUP177,01,False
LC10-LC11,0.0,False,,,,54,sub-HUP177,01,False
LC11-LC12,0.0,False,,,,54,sub-HUP177,01,False
LD03-LD04,0.0,False,,,,54,sub-HUP177,01,False
LD04-LD05,0.0,False,,,,54,sub-HUP177,01,False
LD05-LD06,0.0,False,,,,54,sub-HUP177,01,False
LD06-LD07,0.0,False,,,,54,sub-HUP177,01,False
LD07-LD08,0.0,False,,,,54,sub-HUP177,01,False
LE04-LE05,0.0,False,,,,54,sub-HUP177,01,False
LE05-LE06,0.0,False,,,,54,sub-HUP177,01,False
LE07-LE08,0.0,False,,,,54,sub-HUP177,01,False
LE09-LE10,0.0,False,,,,54,sub-HUP177,01,False
LF01-LF02,0.0,False,,,,54,sub-HUP177,01,False
LF02-LF03,0.0,False,,,,54,sub-HUP177,01,False
LF03-LF04,0.0,False,,,,54,sub-HUP177,01,False
LF04-LF05,0.0,False,,,,54,sub-HUP177,01,False
LF05-LF06,0.0,False,,,,54,sub-HUP177,01,False
LF06-LF07,0.0,False,,,,54,sub-HUP177,01,False
LF07-LF08,0.0,False,,,,54,sub-HUP177,01,False
LF08-LF09,0.0,False,,,,54,sub-HUP177,01,False
LF09-LF10,0.0,False,,,,54,sub-HUP177,01,False
LF10-LF11,0.0,False,,,,54,sub-HUP177,01,False
LF11-LF12,0.0,False,,,,54,sub-HUP177,01,False
LG01-LG02,0.0,False,,,,54,sub-HUP177,01,False
LG02-LG03,0.0,False,,,,54,sub-HUP177,01,False
LG03-LG04,0.0,False,,,,54,sub-HUP177,01,False
LG05-LG06,0.0,False,,,,54,sub-HUP177,01,False
LG06-LG07,0.0,False,,,,54,sub-HUP177,01,False
LG07-LG08,0.0,False,,,,54,sub-HUP177,01,False
LG11-LG12,0.0,False,,,,54,sub-HUP177,01,False
RA01-RA02,0.0,False,,,,54,sub-HUP177,01,False
RB03-RB04,0.0,False,,,,54,sub-HUP177,01,False
RB04-RB05,0.0,False,,,,54,sub-HUP177,01,False
RB06-RB07,0.0,False,,,,54,sub-HUP177,01,False
RB07-RB08,0.0,False,,,,54,sub-HUP177,01,False
RB09-RB10,0.0,False,,,,54,sub-HUP177,01,False
RB10-RB11,0.0,False,,,,54,sub-HUP177,01,False
RC01-RC02,0.0,False,,,,54,sub-HUP177,01,False
RC03-RC04,0.0,False,,,,54,sub-HUP177,01,False
RC04-RC05,0.0,False,,,,54,sub-HUP177,01,False
RC05-RC06,0.0,False,,,,54,sub-HUP177,01,False
RC06-RC07,0.0,False,,,,54,sub-HUP177,01,False
RC07-RC08,0.0,False,,,,54,sub-HUP177,01,False
RC08-RC09,0.0,False,,,,54,sub-HUP177,01,False
RC09-RC10,0.0,False,,,,54,sub-HUP177,01,False
RD01-RD02,0.0,False,,,,54,sub-HUP177,01,False
RD08-RD09,0.0,False,,,,54,sub-HUP177,01,False
RD09-RD10,0.0,False,,,,54,sub-HUP177,01,False
RD10-RD11,0.0,False,,,,54,sub-HUP177,01,False
RE01-RE02,0.0,False,,,,54,sub-HUP177,01,False
RE03-RE04,0.0,False,,,,54,sub-HUP177,01,False
RE04-RE05,0.0,False,,,,54,sub-HUP177,01,False
RE05-RE06,0.0,False,,,,54,sub-HUP177,01,False
RE08-RE09,0.0,False,,,,54,sub-HUP177,01,False
RE09-RE10,0.0,False,,,,54,sub-HUP177,01,False
RE10-RE11,0.0,False,,,,54,sub-HUP177,01,False
RE11-RE12,0.0,False,,,,54,sub-HUP177,01,False
RF01-RF02,0.0,False,,,,54,sub-HUP177,01,False
RF02-RF03,0.0,False,,,,54,sub-HUP177,01,False
RF03-RF04,0.0,False,,,,54,sub-HUP177,01,False
RF04-RF05,0.0,False,,,,54,sub-HUP177,01,False
RF05-RF06,0.0,False,,,,54,sub-HUP177,01,False
RF07-RF08,0.0,False,,,,54,sub-HUP177,01,False
RF08-RF09,0.0,False,,,,54,sub-HUP177,01,False
RF09-RF10,0.0,False,,,,54,sub-HUP177,01,False
RG08-RG09,0.0,False,,,,54,sub-HUP177,01,False
RG09-RG10,0.0,False,,,,54,sub-HUP177,01,False
RH10-RH11,0.0,False,,,,54,sub-HUP177,01,False
RH11-RH12,0.0,False,,,,54,sub-HUP177,01,False
RI02-RI03,0.0,False,,,,54,sub-HUP177,01,False
RI03-RI04,0.0,False,,,,54,sub-HUP177,01,False
RI04-RI05,0.0,False,,,,54,sub-HUP177,01,False
RI05-RI06,0.0,False,,,,54,sub-HUP177,01,False
RI07-RI08,0.0,False,,,,54,sub-HUP177,01,False
RI08-RI09,0.0,False,,,,54,sub-HUP177,01,False
RI09-RI10,0.0,False,,,,54,sub-HUP177,01,False
RI10-RI11,0.0,False,,,,54,sub-HUP177,01,False
RI11-RI12,0.0,False,,,,54,sub-HUP177,01,False
RB02-RB03,1.0,True,-8.0,-6.25,2.42118441243854,1,sub-HUP177,02,False
RF06-RF07,0.7748711741112387,True,-7.75,-6.75,2.3451325105076015,2,sub-HUP177,02,False
LD02-LD03,0.5063763332108747,True,-7.25,-5.75,2.1455533483964198,3,sub-HUP177,02,False
RH10-RH11,0.3773010800804288,True,-3.25,-2.25,5.252714089850017,4,sub-HUP177,02,False
RE06-RE07,0.33989694997668024,True,-5.0,-2.25,3.2918127884757618,5,sub-HUP177,02,False
RG09-RG10,0.3152291360320839,True,-5.0,-2.0,3.052911482029399,6,sub-HUP177,02,False
RB07-RB08,0.2957166612157528,True,-3.25,-2.5,4.116911281145208,7,sub-HUP177,02,False
RB04-RB05,0.28969618372833505,True,-3.0,-2.25,4.208447306315858,8,sub-HUP177,02,False
RG04-RG05,0.2828399067546199,True,-3.25,-2.75,3.937643547336671,9,sub-HUP177,02,False
LE08-LE09,0.27307160613073655,True,-2.5,-2.0,4.297518655581423,10,sub-HUP177,02,False
RG10-RG11,0.26511842579508094,True,-5.0,-1.75,2.567602399941175,11,sub-HUP177,02,False
RB05-RB06,0.2600676076556525,True,-3.0,-2.25,3.7780298270162866,12,sub-HUP177,02,False
RG07-RG08,0.25491879283435787,True,-3.5,-3.0,3.3946297420650815,13,sub-HUP177,02,False
RH11-RH12,0.2395391874652478,True,-3.25,-1.75,3.334819144439545,14,sub-HUP177,02,False
RG06-RG07,0.22576827635235897,True,6.25,9.75,8.336056130793585,15,sub-HUP177,02,False
RG11-RG12,0.21631544661179058,True,-4.5,-2.0,2.3568281437776686,16,sub-HUP177,02,False
LG10-LG11,0.2043075177754038,True,-3.5,-1.25,2.720663975599997,17,sub-HUP177,02,False
RG03-RG04,0.20299749387855895,True,-3.0,-2.25,2.9489662076571292,18,sub-HUP177,02,False
RE08-RE09,0.18963425861846053,True,-3.0,1.0,2.754837066188133,19,sub-HUP177,02,False
RG05-RG06,0.18114709773247706,True,-3.5,-2.25,2.4122479116359483,20,sub-HUP177,02,False
RE01-RE02,0.18047347305730418,True,-2.75,-2.0,2.730997248906198,21,sub-HUP177,02,False
RB09-RB10,0.17932103488768625,True,-3.0,-2.25,2.605015766954481,22,sub-HUP177,02,False
LD03-LD04,0.15833764576195633,True,1.25,4.75,3.929487558165905,23,sub-HUP177,02,False
LD04-LD05,0.1448781525171266,True,-2.0,-1.0,2.4554370720415224,24,sub-HUP177,02,False
RD04-RD05,0.14427776207770612,True,-1.75,1.0,2.532592247379423,25,sub-HUP177,02,False
RH09-RH10,0.13097082224161408,True,12.0,13.75,6.659194779208752,26,sub-HUP177,02,True
RI02-RI03,0.12645676170555833,True,-1.0,0.75,2.449401122311622,27,sub-HUP177,02,False
RG01-RG02,0.12580351855278205,True,8.0,10.0,5.1780898085486164,28,sub-HUP177,02,False
LC05-LC06,0.12038190104213035,True,-1.0,0.0,2.3317342587433987,29,sub-HUP177,02,False
LE05-LE06,0.11856497633494999,True,5.0,5.5,4.018947415886554,30,sub-HUP177,02,False
RI05-RI06,0.11133264003531236,True,0.25,1.0,2.4934008870044453,31,sub-HUP177,02,False
RH08-RH09,0.10951385053356667,True,11.0,13.25,5.303064557159915,32,sub-HUP177,02,True
LC09-LC10,0.10854941755751651,True,0.5,1.0,2.4967724988106434,33,sub-HUP177,02,False
RB08-RB09,0.09782246689478517,True,10.25,12.5,4.559289966614825,34,sub-HUP177,02,False
RA06-RA07,0.09323173541493963,True,10.5,11.75,4.401758878359297,35,sub-HUP177,02,True
LG02-LG03,0.0837474013621896,True,11.25,12.75,4.106050030897444,36,sub-HUP177,02,False
LG03-LG04,0.07413023176539552,True,11.0,13.0,3.589659232816639,37,sub-HUP177,02,False
RA07-RA08,0.07335855169029637,True,9.5,12.5,3.285869764624831,38,sub-HUP177,02,True
LC07-LC08,0.06981381200457257,True,5.0,10.5,2.3664495875774003,39,sub-HUP177,02,False
RD01-RD02,0.06952288874507935,True,9.0,9.75,3.029899221671129,40,sub-HUP177,02,False
RA05-RA06,0.06853542865203313,True,10.75,12.75,3.277254003153902,41,sub-HUP177,02,True
RE07-RE08,0.06313388614902582,True,11.75,15.25,3.171819706594333,42,sub-HUP177,02,False
LE04-LE05,0.06239762543306812,True,5.25,5.75,2.152835252522055,43,sub-HUP177,02,False
LG01-LG02,0.06067282268573893,True,12.25,14.0,3.121626966588869,44,sub-HUP177,02,False
RG02-RG03,0.05911586080483629,True,8.25,10.5,2.4689994122225922,45,sub-HUP177,02,False
RE04-RE05,0.05885947011301303,True,8.75,10.5,2.5295459602258417,46,sub-HUP177,02,False
RC07-RC08,0.05346999441185491,True,12.25,16.0,2.751040236317128,47,sub-HUP177,02,False
LF08-LF09,0.05289014030773253,True,18.75,22.75,3.553575736152349,48,sub-HUP177,02,False
RG08-RG09,0.0528578903977427,True,13.75,15.5,2.9115154319478362,49,sub-HUP177,02,False
RD02-RD03,0.05263945019746002,True,8.25,10.25,2.1985093311305817,50,sub-HUP177,02,False
RC04-RC05,0.050343412299162525,True,14.25,16.25,2.833958429219001,51,sub-HUP177,02,False
LG11-LG12,0.049949750363225506,True,8.0,16.75,2.0559384687388444,52,sub-HUP177,02,False
RI03-RI04,0.0479436708350353,True,19.75,21.75,3.337313469400061,53,sub-HUP177,02,False
LE07-LE08,0.04773484711754942,True,9.5,10.25,2.1381350537662276,54,sub-HUP177,02,False
LG09-LG10,0.047344747921139255,True,15.0,17.0,2.751128776259864,55,sub-HUP177,02,False
LD05-LD06,0.04674425765295597,True,21.5,24.0,3.451882274010612,56,sub-HUP177,02,False
RC03-RC04,0.040784681413946,True,14.75,17.0,2.3452468290108,57,sub-HUP177,02,False
LB02-LB03,0.04055664010644088,True,16.5,17.0,2.503975173588157,58,sub-HUP177,02,False
LF09-LF10,0.040425740774178966,True,21.25,23.25,2.9608147460676273,59,sub-HUP177,02,False
RD03-RD04,0.039751988323263376,True,21.5,23.75,2.9355302819975866,60,sub-HUP177,02,False
RI07-RI08,0.03935379780288479,True,25.75,28.25,3.3110773629184442,61,sub-HUP177,02,False
LB01-LB02,0.03926737406213835,True,16.25,17.0,2.400607238415231,62,sub-HUP177,02,False
LF11-LF12,0.03483764003187683,True,20.75,23.25,2.5093634425869205,63,sub-HUP177,02,False
RI09-RI10,0.03339405526727028,True,20.0,22.25,2.344741816355552,64,sub-HUP177,02,False
LA06-LA07,0.030947273960370402,True,16.5,24.0,1.9106909616680057,65,sub-HUP177,02,False
LF07-LF08,0.02837481248738107,True,21.0,29.75,2.0610196110094043,66,sub-HUP177,02,False
LA01-LA02,0.0,False,,,,67,sub-HUP177,02,False
LA02-LA03,0.0,False,,,,67,sub-HUP177,02,False
LA03-LA04,0.0,False,,,,67,sub-HUP177,02,False
LA04-LA05,0.0,False,,,,67,sub-HUP177,02,False
LA05-LA06,0.0,False,,,,67,sub-HUP177,02,False
LA07-LA08,0.0,False,,,,67,sub-HUP177,02,False
LA08-LA09,0.0,False,,,,67,sub-HUP177,02,False
LB03-LB04,0.0,False,,,,67,sub-HUP177,02,False
LB04-LB05,0.0,False,,,,67,sub-HUP177,02,False
LB05-LB06,0.0,False,,,,67,sub-HUP177,02,False
LB06-LB07,0.0,False,,,,67,sub-HUP177,02,False
LB07-LB08,0.0,False,,,,67,sub-HUP177,02,False
LB08-LB09,0.0,False,,,,67,sub-HUP177,02,False
LB09-LB10,0.0,False,,,,67,sub-HUP177,02,False
LC01-LC02,0.0,False,,,,67,sub-HUP177,02,False
LC02-LC03,0.0,False,,,,67,sub-HUP177,02,False
LC06-LC07,0.0,False,,,,67,sub-HUP177,02,False
LC08-LC09,0.0,False,,,,67,sub-HUP177,02,False
LC10-LC11,0.0,False,,,,67,sub-HUP177,02,False
LC11-LC12,0.0,False,,,,67,sub-HUP177,02,False
LD01-LD02,0.0,False,,,,67,sub-HUP177,02,False
LD06-LD07,0.0,False,,,,67,sub-HUP177,02,False
LD07-LD08,0.0,False,,,,67,sub-HUP177,02,False
LE01-LE02,0.0,False,,,,67,sub-HUP177,02,False
LE06-LE07,0.0,False,,,,67,sub-HUP177,02,False
LE09-LE10,0.0,False,,,,67,sub-HUP177,02,False
LF01-LF02,0.0,False,,,,67,sub-HUP177,02,False
LF02-LF03,0.0,False,,,,67,sub-HUP177,02,False
LF03-LF04,0.0,False,,,,67,sub-HUP177,02,False
LF04-LF05,0.0,False,,,,67,sub-HUP177,02,False
LF05-LF06,0.0,False,,,,67,sub-HUP177,02,False
LF06-LF07,0.0,False,,,,67,sub-HUP177,02,False
LF10-LF11,0.0,False,,,,67,sub-HUP177,02,False
LG04-LG05,0.0,False,,,,67,sub-HUP177,02,False
LG05-LG06,0.0,False,,,,67,sub-HUP177,02,False
LG06-LG07,0.0,False,,,,67,sub-HUP177,02,False
LG07-LG08,0.0,False,,,,67,sub-HUP177,02,False
LG08-LG09,0.0,False,,,,67,sub-HUP177,02,False
RA01-RA02,0.0,False,,,,67,sub-HUP177,02,False
RA02-RA03,0.0,False,,,,67,sub-HUP177,02,False
RA03-RA04,0.0,False,,,,67,sub-HUP177,02,False
RA04-RA05,0.0,False,,,,67,sub-HUP177,02,False
RB01-RB02,0.0,False,,,,67,sub-HUP177,02,False
RB03-RB04,0.0,False,,,,67,sub-HUP177,02,False
RB06-RB07,0.0,False,,,,67,sub-HUP177,02,False
RB10-RB11,0.0,False,,,,67,sub-HUP177,02,False
RC01-RC02,0.0,False,,,,67,sub-HUP177,02,False
RC02-RC03,0.0,False,,,,67,sub-HUP177,02,False
RC05-RC06,0.0,False,,,,67,sub-HUP177,02,False
RC06-RC07,0.0,False,,,,67,sub-HUP177,02,False
RC08-RC09,0.0,False,,,,67,sub-HUP177,02,False
RC09-RC10,0.0,False,,,,67,sub-HUP177,02,False
RD05-RD06,0.0,False,,,,67,sub-HUP177,02,False
RD06-RD07,0.0,False,,,,67,sub-HUP177,02,False
RD07-RD08,0.0,False,,,,67,sub-HUP177,02,False
RD08-RD09,0.0,False,,,,67,sub-HUP177,02,False
RD09-RD10,0.0,False,,,,67,sub-HUP177,02,False
RD10-RD11,0.0,False,,,,67,sub-HUP177,02,False
RE02-RE03,0.0,False,,,,67,sub-HUP177,02,False
RE03-RE04,0.0,False,,,,67,sub-HUP177,02,False
RE05-RE06,0.0,False,,,,67,sub-HUP177,02,False
RE09-RE10,0.0,False,,,,67,sub-HUP177,02,False
RE10-RE11,0.0,False,,,,67,sub-HUP177,02,False
RE11-RE12,0.0,False,,,,67,sub-HUP177,02,False
RF01-RF02,0.0,False,,,,67,sub-HUP177,02,False
RF02-RF03,0.0,False,,,,67,sub-HUP177,02,False
RF03-RF04,0.0,False,,,,67,sub-HUP177,02,False
RF04-RF05,0.0,False,,,,67,sub-HUP177,02,False
RF05-RF06,0.0,False,,,,67,sub-HUP177,02,False
RF07-RF08,0.0,False,,,,67,sub-HUP177,02,False
RF08-RF09,0.0,False,,,,67,sub-HUP177,02,False
RF09-RF10,0.0,False,,,,67,sub-HUP177,02,False
RF10-RF11,0.0,False,,,,67,sub-HUP177,02,False
RF11-RF12,0.0,False,,,,67,sub-HUP177,02,False
RH01-RH02,0.0,False,,,,67,sub-HUP177,02,True
RH02-RH03,0.0,False,,,,67,sub-HUP177,02,True
RH03-RH04,0.0,False,,,,67,sub-HUP177,02,True
RH04-RH05,0.0,False,,,,67,sub-HUP177,02,True
RH05-RH06,0.0,False,,,,67,sub-HUP177,02,True
RH06-RH07,0.0,False,,,,67,sub-HUP177,02,True
RH07-RH08,0.0,False,,,,67,sub-HUP177,02,True
RI01-RI02,0.0,False,,,,67,sub-HUP177,02,False
RI04-RI05,0.0,False,,,,67,sub-HUP177,02,False
RI06-RI07,0.0,False,,,,67,sub-HUP177,02,False
RI08-RI09,0.0,False,,,,67,sub-HUP177,02,False
RI10-RI11,0.0,False,,,,67,sub-HUP177,02,False
RI11-RI12,0.0,False,,,,67,sub-HUP177,02,False
LE06-LE07,1.0,True,-6.0,-3.0,5.61029722274414,1,sub-HUP177,03,False
RD04-RD05,0.6947547311469701,True,-6.75,-6.25,2.227303164938399,2,sub-HUP177,03,False
RH10-RH11,0.6423788783984368,True,-6.5,-6.0,2.5742403124487465,3,sub-HUP177,03,False
RA05-RA06,0.5548282820002768,True,-5.75,-3.5,3.557430365264063,4,sub-HUP177,03,True
RB07-RB08,0.5079675370083119,True,-5.75,-5.5,3.2569701281393293,5,sub-HUP177,03,False
LE08-LE09,0.49713045919039,True,-4.25,-3.0,5.578099269074729,6,sub-HUP177,03,False
RG11-RG12,0.31843688569060263,True,-5.0,-2.5,2.807397332786013,7,sub-HUP177,03,False
RH03-RH04,0.28684564452543543,True,-4.0,-3.25,3.4484771203656495,8,sub-HUP177,03,True
RA03-RA04,0.2694283286528081,True,-4.75,-3.75,2.591268006804762,9,sub-HUP177,03,False
RE08-RE09,0.24615626517700814,True,-3.25,0.25,3.551168085129357,10,sub-HUP177,03,False
RA04-RA05,0.22372726832656328,True,-4.5,-3.0,2.331042019697209,11,sub-HUP177,03,False
RH04-RH05,0.20031223999587633,True,-3.75,-3.0,2.568711322812623,12,sub-HUP177,03,True
LD02-LD03,0.177002822928629,True,-3.5,-1.75,2.4116647971720173,13,sub-HUP177,03,False
LB07-LB08,0.13112703671283296,True,-1.25,-0.5,2.7324575567590808,14,sub-HUP177,03,False
RG05-RG06,0.12447716016114256,True,-1.25,0.5,2.5938857878036465,15,sub-HUP177,03,False
LB08-LB09,0.11302970495349929,True,-1.25,-0.5,2.35534089064191,16,sub-HUP177,03,False
RE07-RE08,0.10866857953583066,True,-0.5,5.5,2.525746838444746,17,sub-HUP177,03,False
RB06-RB07,0.09687719768271857,True,-0.75,4.75,2.174039492426364,18,sub-HUP177,03,False
LB01-LB02,0.0943082852066458,True,1.75,2.75,2.872243628844439,19,sub-HUP177,03,False
RI05-RI06,0.08052754610304447,True,2.75,4.25,2.710700809537866,20,sub-HUP177,03,False
RG10-RG11,0.06567442947340953,True,8.0,9.5,3.316077623519778,21,sub-HUP177,03,False
RG09-RG10,0.0587612843306154,True,10.75,11.5,3.485064571583549,22,sub-HUP177,03,False
LE04-LE05,0.05802098149605399,True,11.5,13.75,3.580664464830209,23,sub-HUP177,03,False
LG11-LG12,0.05728259047176719,True,3.0,8.25,1.974144486302836,24,sub-HUP177,03,False
RH08-RH09,0.05567235672690551,True,24.25,25.75,5.711331992294015,25,sub-HUP177,03,True
LD01-LD02,0.04932698037694488,True,12.25,15.25,3.162731668744326,26,sub-HUP177,03,False
RF11-RF12,0.04925655219129374,True,5.25,10.25,2.0528403848514123,27,sub-HUP177,03,False
RF10-RF11,0.04712976182906869,True,5.0,10.25,1.9264300809727228,28,sub-HUP177,03,False
LE09-LE10,0.04682431473865072,True,12.25,13.5,3.0022665478302817,29,sub-HUP177,03,False
RH11-RH12,0.045183516402115605,True,26.0,27.25,4.888792734131639,30,sub-HUP177,03,False
RB04-RB05,0.04378331142985477,True,24.5,27.25,4.526746196678831,31,sub-HUP177,03,False
RB05-RB06,0.04159509963971901,True,24.5,25.75,4.300507498073442,32,sub-HUP177,03,False
LG05-LG06,0.04128501848353591,True,17.5,18.75,3.341963382635903,33,sub-HUP177,03,False
LG07-LG08,0.037270607108159125,True,11.25,11.75,2.2702197071022683,34,sub-HUP177,03,False
LG09-LG10,0.03623002672947288,True,12.0,12.5,2.2939480355549007,35,sub-HUP177,03,False
RB08-RB09,0.03617689306931855,True,27.0,28.0,4.030267722469862,36,sub-HUP177,03,False
RC07-RC08,0.03597916638374853,True,24.5,26.75,3.7198774891259694,37,sub-HUP177,03,False
LG04-LG05,0.03585846847668864,True,11.5,13.75,2.2129433271728702,38,sub-HUP177,03,False
RE05-RE06,0.03434136637034328,True,17.5,21.75,2.779884644235767,39,sub-HUP177,03,False
LG03-LG04,0.03243285637689784,True,17.5,20.0,2.6253934813934174,40,sub-HUP177,03,False
LG08-LG09,0.03161902004332851,True,17.5,19.0,2.5595145905475287,41,sub-HUP177,03,False
RH06-RH07,0.03142803220080998,True,25.0,26.5,3.2997141188856873,42,sub-HUP177,03,True
RE04-RE05,0.030824969981876473,True,19.0,19.75,2.6434692932018224,43,sub-HUP177,03,False
LD05-LD06,0.030652831765764593,True,22.5,23.0,2.9726501611271723,44,sub-HUP177,03,False
RC05-RC06,0.030517560511745555,True,13.25,14.0,2.0545510198076675,45,sub-HUP177,03,False
RH09-RH10,0.02993599749619183,True,24.5,27.5,3.0950756894388443,46,sub-HUP177,03,True
RE03-RE04,0.02967863110162469,True,18.5,22.0,2.4975891246643926,47,sub-HUP177,03,False
LD04-LD05,0.029188990616662733,True,22.5,22.75,2.8306897817079273,48,sub-HUP177,03,False
LE01-LE02,0.028557100418751518,True,17.5,20.25,2.311656562580523,49,sub-HUP177,03,False
RC06-RC07,0.026548057287581195,True,24.0,26.75,2.7022423561229534,50,sub-HUP177,03,False
LC05-LC06,0.026424870616230698,True,23.75,27.25,2.6685248081330215,51,sub-HUP177,03,False
LC09-LC10,0.02588937279124347,True,24.25,28.5,2.655946537495789,52,sub-HUP177,03,False
RF09-RF10,0.02498829190847543,True,25.5,30.0,2.663643149209552,53,sub-HUP177,03,False
LF09-LF10,0.024820715706139647,True,27.0,29.75,2.765138763226017,54,sub-HUP177,03,False
LC02-LC03,0.024654326209955408,True,14.5,15.75,1.7586158157037626,55,sub-HUP177,03,False
RI03-RI04,0.0242320704437476,True,24.75,27.5,2.5247693252209538,56,sub-HUP177,03,False
LC08-LC09,0.023783207977671576,True,25.25,27.75,2.516124895398597,57,sub-HUP177,03,False
RE01-RE02,0.023164369998213856,True,18.25,19.75,1.9308194384900106,58,sub-HUP177,03,False
LG10-LG11,0.022743920926366182,True,18.25,30.0,1.895773752340067,59,sub-HUP177,03,False
LD03-LD04,0.02156280780306573,True,22.5,23.0,2.091117864083535,60,sub-HUP177,03,False
RH07-RH08,0.021504286454405577,True,24.75,28.75,2.2405581449131406,61,sub-HUP177,03,True
RI02-RI03,0.021062469277095878,True,24.0,29.25,2.1438817909938495,62,sub-HUP177,03,False
RC09-RC10,0.015600799627154686,True,21.75,29.0,1.4754234989794317,63,sub-HUP177,03,False
LA01-LA02,0.0,False,,,,64,sub-HUP177,03,False
LA02-LA03,0.0,False,,,,64,sub-HUP177,03,False
LA03-LA04,0.0,False,,,,64,sub-HUP177,03,False
LA04-LA05,0.0,False,,,,64,sub-HUP177,03,False
LA05-LA06,0.0,False,,,,64,sub-HUP177,03,False
LA06-LA07,0.0,False,,,,64,sub-HUP177,03,False
LA07-LA08,0.0,False,,,,64,sub-HUP177,03,False
LA08-LA09,0.0,False,,,,64,sub-HUP177,03,False
LB02-LB03,0.0,False,,,,64,sub-HUP177,03,False
LB03-LB04,0.0,False,,,,64,sub-HUP177,03,False
LB04-LB05,0.0,False,,,,64,sub-HUP177,03,False
LB05-LB06,0.0,False,,,,64,sub-HUP177,03,False
LB06-LB07,0.0,False,,,,64,sub-HUP177,03,False
LB09-LB10,0.0,False,,,,64,sub-HUP177,03,False
LC01-LC02,0.0,False,,,,64,sub-HUP177,03,False
LC06-LC07,0.0,False,,,,64,sub-HUP177,03,False
LC07-LC08,0.0,False,,,,64,sub-HUP177,03,False
LC10-LC11,0.0,False,,,,64,sub-HUP177,03,False
LC11-LC12,0.0,False,,,,64,sub-HUP177,03,False
LD06-LD07,0.0,False,,,,64,sub-HUP177,03,False
LD07-LD08,0.0,False,,,,64,sub-HUP177,03,False
LE05-LE06,0.0,False,,,,64,sub-HUP177,03,False
LE07-LE08,0.0,False,,,,64,sub-HUP177,03,False
LF01-LF02,0.0,False,,,,64,sub-HUP177,03,False
LF02-LF03,0.0,False,,,,64,sub-HUP177,03,False
LF03-LF04,0.0,False,,,,64,sub-HUP177,03,False
LF04-LF05,0.0,False,,,,64,sub-HUP177,03,False
LF05-LF06,0.0,False,,,,64,sub-HUP177,03,False
LF06-LF07,0.0,False,,,,64,sub-HUP177,03,False
LF07-LF08,0.0,False,,,,64,sub-HUP177,03,False
LF08-LF09,0.0,False,,,,64,sub-HUP177,03,False
LF10-LF11,0.0,False,,,,64,sub-HUP177,03,False
LF11-LF12,0.0,False,,,,64,sub-HUP177,03,False
LG01-LG02,0.0,False,,,,64,sub-HUP177,03,False
LG02-LG03,0.0,False,,,,64,sub-HUP177,03,False
LG06-LG07,0.0,False,,,,64,sub-HUP177,03,False
RA01-RA02,0.0,False,,,,64,sub-HUP177,03,False
RA02-RA03,0.0,False,,,,64,sub-HUP177,03,False
RA06-RA07,0.0,False,,,,64,sub-HUP177,03,True
RA07-RA08,0.0,False,,,,64,sub-HUP177,03,True
RB01-RB02,0.0,False,,,,64,sub-HUP177,03,False
RB02-RB03,0.0,False,,,,64,sub-HUP177,03,False
RB03-RB04,0.0,False,,,,64,sub-HUP177,03,False
RB09-RB10,0.0,False,,,,64,sub-HUP177,03,False
RB10-RB11,0.0,False,,,,64,sub-HUP177,03,False
RC01-RC02,0.0,False,,,,64,sub-HUP177,03,False
RC02-RC03,0.0,False,,,,64,sub-HUP177,03,False
RC03-RC04,0.0,False,,,,64,sub-HUP177,03,False
RC04-RC05,0.0,False,,,,64,sub-HUP177,03,False
RC08-RC09,0.0,False,,,,64,sub-HUP177,03,False
RD01-RD02,0.0,False,,,,64,sub-HUP177,03,False
RD02-RD03,0.0,False,,,,64,sub-HUP177,03,False
RD03-RD04,0.0,False,,,,64,sub-HUP177,03,False
RD05-RD06,0.0,False,,,,64,sub-HUP177,03,False
RD06-RD07,0.0,False,,,,64,sub-HUP177,03,False
RD07-RD08,0.0,False,,,,64,sub-HUP177,03,False
RD08-RD09,0.0,False,,,,64,sub-HUP177,03,False
RD09-RD10,0.0,False,,,,64,sub-HUP177,03,False
RD10-RD11,0.0,False,,,,64,sub-HUP177,03,False
RE02-RE03,0.0,False,,,,64,sub-HUP177,03,False
RE06-RE07,0.0,False,,,,64,sub-HUP177,03,False
RE09-RE10,0.0,False,,,,64,sub-HUP177,03,False
RE10-RE11,0.0,False,,,,64,sub-HUP177,03,False
RE11-RE12,0.0,False,,,,64,sub-HUP177,03,False
RF01-RF02,0.0,False,,,,64,sub-HUP177,03,False
RF02-RF03,0.0,False,,,,64,sub-HUP177,03,False
RF03-RF04,0.0,False,,,,64,sub-HUP177,03,False
RF04-RF05,0.0,False,,,,64,sub-HUP177,03,False
RF05-RF06,0.0,False,,,,64,sub-HUP177,03,False
RF06-RF07,0.0,False,,,,64,sub-HUP177,03,False
RF07-RF08,0.0,False,,,,64,sub-HUP177,03,False
RF08-RF09,0.0,False,,,,64,sub-HUP177,03,False
RG01-RG02,0.0,False,,,,64,sub-HUP177,03,False
RG02-RG03,0.0,False,,,,64,sub-HUP177,03,False
RG03-RG04,0.0,False,,,,64,sub-HUP177,03,False
RG04-RG05,0.0,False,,,,64,sub-HUP177,03,False
RG06-RG07,0.0,False,,,,64,sub-HUP177,03,False
RG07-RG08,0.0,False,,,,64,sub-HUP177,03,False
RG08-RG09,0.0,False,,,,64,sub-HUP177,03,False
RH01-RH02,0.0,False,,,,64,sub-HUP177,03,True
RH02-RH03,0.0,False,,,,64,sub-HUP177,03,True
RH05-RH06,0.0,False,,,,64,sub-HUP177,03,True
RI01-RI02,0.0,False,,,,64,sub-HUP177,03,False
RI04-RI05,0.0,False,,,,64,sub-HUP177,03,False
RI06-RI07,0.0,False,,,,64,sub-HUP177,03,False
RI07-RI08,0.0,False,,,,64,sub-HUP177,03,False
RI08-RI09,0.0,False,,,,64,sub-HUP177,03,False
RI09-RI10,0.0,False,,,,64,sub-HUP177,03,False
RI10-RI11,0.0,False,,,,64,sub-HUP177,03,False
RI11-RI12,0.0,False,,,,64,sub-HUP177,03,False
LM02-LM03,1.0,True,-9.0,-7.75,2.2375734341012214,1,sub-HUP179,01,False
RC01-RC02,0.651286246274708,True,-8.25,-7.5,2.5502764046546367,2,sub-HUP179,01,False
LD07-LD08,0.5585291647631807,True,-7.75,-4.75,2.8119375478008837,3,sub-HUP179,01,False
LB07-LB08,0.524211935359488,True,-6.5,-5.75,4.10536945139712,4,sub-HUP179,01,False
LA09-LA10,0.5118825541718414,True,-7.75,-2.25,2.5770933103382814,5,sub-HUP179,01,False
LD06-LD07,0.48383207186297755,True,-6.75,-4.75,3.518481819341943,6,sub-HUP179,01,False
LJ08-LJ09,0.4267090522322357,True,-5.5,-3.25,4.296567777144125,7,sub-HUP179,01,True
LL11-LL12,0.3568130098052922,True,-7.75,-2.25,1.796389451284546,8,sub-HUP179,01,False
RB09-RB10,0.34113281835433623,True,-6.25,-5.5,2.862411494436526,9,sub-HUP179,01,False
LJ10-LJ11,0.2961069740857059,True,-6.5,-5.25,2.31896384603196,10,sub-HUP179,01,True
LD05-LD06,0.27869607950241004,True,-5.5,-3.0,2.8062132465723963,11,sub-HUP179,01,True
LL06-LL07,0.23562464944820488,True,-4.0,-1.5,3.163364736148298,12,sub-HUP179,01,False
LM05-LM06,0.18126632555278432,True,-4.25,-3.25,2.332181108685808,13,sub-HUP179,01,False
LL10-LL11,0.1726091631095138,True,-3.25,-2.25,2.6070233255299757,14,sub-HUP179,01,False
LE03-LE04,0.13294319277165684,True,-3.5,-2.5,1.9335560165379697,15,sub-HUP179,01,True
LM08-LM09,0.10122266892065364,True,8.0,9.75,4.076876788302203,16,sub-HUP179,01,False
LM04-LM05,0.09497848179853799,True,-1.0,0.75,1.912691949153075,17,sub-HUP179,01,False
LL04-LL05,0.08664660343669907,True,11.25,13.75,4.119910432607556,18,sub-HUP179,01,False
RB04-RB05,0.07763904572693457,True,4.0,9.25,2.432122926345823,19,sub-HUP179,01,False
LD03-LD04,0.07677139590912352,True,11.25,14.25,3.6503597646838424,20,sub-HUP179,01,True
LM09-LM10,0.07504672802791096,True,7.0,11.75,2.854683604175043,21,sub-HUP179,01,False
LI09-LI10,0.06751659114163952,True,11.0,14.0,3.172539944691736,22,sub-HUP179,01,False
LI04-LI05,0.06189620732622501,True,8.25,11.25,2.5275758926222798,23,sub-HUP179,01,False
LM10-LM11,0.05452881679476933,True,9.25,14.25,2.3487354631692563,24,sub-HUP179,01,False
RB10-RB11,0.053072357562805296,True,10.5,11.5,2.4344425960369107,25,sub-HUP179,01,False
RC05-RC06,0.052366780870273466,True,7.25,9.75,2.021260430406488,26,sub-HUP179,01,False
RB02-RB03,0.051427698368617415,True,8.5,9.5,2.1288551554618977,27,sub-HUP179,01,False
LI03-LI04,0.051403883424286256,True,8.75,11.25,2.156624324246607,28,sub-HUP179,01,False
LM07-LM08,0.048667338801929104,True,18.25,20.75,3.076333029627704,29,sub-HUP179,01,False
LK04-LK05,0.047739363075070276,True,11.5,14.25,2.296637107420336,30,sub-HUP179,01,False
LB10-LB11,0.04176065412389434,True,20.25,21.25,2.8266365403140465,31,sub-HUP179,01,False
LA07-LA08,0.04137449311548751,True,18.25,21.75,2.615341682710479,32,sub-HUP179,01,False
LG04-LG05,0.038372286761425733,True,20.75,22.25,2.6402198909897168,33,sub-HUP179,01,True
LG02-LG03,0.0380136855422385,True,21.25,23.5,2.6580754031747054,34,sub-HUP179,01,True
LB09-LB10,0.037274708418657605,True,12.25,27.0,1.8557589654024274,35,sub-HUP179,01,False
LJ01-LJ02,0.02966260777858553,True,29.0,29.5,2.588518262909562,36,sub-HUP179,01,False
LH10-LH11,0.028988499706332722,True,21.0,27.5,2.010780801957576,37,sub-HUP179,01,True
LF03-LF04,0.028770690424636643,True,26.75,27.75,2.3658375721282123,38,sub-HUP179,01,False
LF01-LF02,0.027118428807173724,True,18.5,24.75,1.7293650623946704,39,sub-HUP179,01,False
RA04-RA05,0.02460283864863534,True,25.5,27.0,1.9542983648101155,40,sub-HUP179,01,False
LI06-LI07,0.024247459449799943,True,28.0,29.25,2.0617079021541214,41,sub-HUP179,01,False
LJ05-LJ06,0.022779418309026123,True,24.0,24.5,1.733001122586898,42,sub-HUP179,01,True
LA01-LA02,0.0,False,,,,43,sub-HUP179,01,False
LA02-LA03,0.0,False,,,,43,sub-HUP179,01,False
LA03-LA04,0.0,False,,,,43,sub-HUP179,01,False
LA04-LA05,0.0,False,,,,43,sub-HUP179,01,False
LA05-LA06,0.0,False,,,,43,sub-HUP179,01,False
LA06-LA07,0.0,False,,,,43,sub-HUP179,01,False
LA08-LA09,0.0,False,,,,43,sub-HUP179,01,False
LA10-LA11,0.0,False,,,,43,sub-HUP179,01,False
LB01-LB02,0.0,False,,,,43,sub-HUP179,01,False
LB02-LB03,0.0,False,,,,43,sub-HUP179,01,False
LB05-LB06,0.0,False,,,,43,sub-HUP179,01,False
LB06-LB07,0.0,False,,,,43,sub-HUP179,01,False
LB08-LB09,0.0,False,,,,43,sub-HUP179,01,False
LB11-LB12,0.0,False,,,,43,sub-HUP179,01,False
LC01-LC02,0.0,False,,,,43,sub-HUP179,01,True
LC02-LC03,0.0,False,,,,43,sub-HUP179,01,True
LC03-LC04,0.0,False,,,,43,sub-HUP179,01,True
LC04-LC05,0.0,False,,,,43,sub-HUP179,01,True
LC05-LC06,0.0,False,,,,43,sub-HUP179,01,True
LC06-LC07,0.0,False,,,,43,sub-HUP179,01,True
LC07-LC08,0.0,False,,,,43,sub-HUP179,01,True
LD01-LD02,0.0,False,,,,43,sub-HUP179,01,True
LD02-LD03,0.0,False,,,,43,sub-HUP179,01,True
LD04-LD05,0.0,False,,,,43,sub-HUP179,01,True
LE01-LE02,0.0,False,,,,43,sub-HUP179,01,True
LE02-LE03,0.0,False,,,,43,sub-HUP179,01,True
LE04-LE05,0.0,False,,,,43,sub-HUP179,01,True
LE05-LE06,0.0,False,,,,43,sub-HUP179,01,True
LE06-LE07,0.0,False,,,,43,sub-HUP179,01,True
LE07-LE08,0.0,False,,,,43,sub-HUP179,01,True
LF02-LF03,0.0,False,,,,43,sub-HUP179,01,False
LF04-LF05,0.0,False,,,,43,sub-HUP179,01,False
LF05-LF06,0.0,False,,,,43,sub-HUP179,01,False
LF06-LF07,0.0,False,,,,43,sub-HUP179,01,False
LF07-LF08,0.0,False,,,,43,sub-HUP179,01,False
LG01-LG02,0.0,False,,,,43,sub-HUP179,01,True
LG03-LG04,0.0,False,,,,43,sub-HUP179,01,True
LG05-LG06,0.0,False,,,,43,sub-HUP179,01,True
LG06-LG07,0.0,False,,,,43,sub-HUP179,01,False
LG07-LG08,0.0,False,,,,43,sub-HUP179,01,False
LH01-LH02,0.0,False,,,,43,sub-HUP179,01,False
LH02-LH03,0.0,False,,,,43,sub-HUP179,01,False
LH03-LH04,0.0,False,,,,43,sub-HUP179,01,False
LH04-LH05,0.0,False,,,,43,sub-HUP179,01,True
LH05-LH06,0.0,False,,,,43,sub-HUP179,01,True
LH06-LH07,0.0,False,,,,43,sub-HUP179,01,True
LH07-LH08,0.0,False,,,,43,sub-HUP179,01,True
LH08-LH09,0.0,False,,,,43,sub-HUP179,01,True
LH09-LH10,0.0,False,,,,43,sub-HUP179,01,True
LH11-LH12,0.0,False,,,,43,sub-HUP179,01,True
LI01-LI02,0.0,False,,,,43,sub-HUP179,01,False
LI02-LI03,0.0,False,,,,43,sub-HUP179,01,False
LI05-LI06,0.0,False,,,,43,sub-HUP179,01,False
LI07-LI08,0.0,False,,,,43,sub-HUP179,01,False
LI08-LI09,0.0,False,,,,43,sub-HUP179,01,False
LI10-LI11,0.0,False,,,,43,sub-HUP179,01,False
LJ04-LJ05,0.0,False,,,,43,sub-HUP179,01,True
LJ06-LJ07,0.0,False,,,,43,sub-HUP179,01,True
LJ07-LJ08,0.0,False,,,,43,sub-HUP179,01,True
LJ09-LJ10,0.0,False,,,,43,sub-HUP179,01,True
LJ11-LJ12,0.0,False,,,,43,sub-HUP179,01,True
LK01-LK02,0.0,False,,,,43,sub-HUP179,01,False
LK02-LK03,0.0,False,,,,43,sub-HUP179,01,False
LK03-LK04,0.0,False,,,,43,sub-HUP179,01,False
LK05-LK06,0.0,False,,,,43,sub-HUP179,01,False
LK06-LK07,0.0,False,,,,43,sub-HUP179,01,False
LK07-LK08,0.0,False,,,,43,sub-HUP179,01,False
LK08-LK09,0.0,False,,,,43,sub-HUP179,01,False
LK09-LK10,0.0,False,,,,43,sub-HUP179,01,False
LK10-LK11,0.0,False,,,,43,sub-HUP179,01,False
LK11-LK12,0.0,False,,,,43,sub-HUP179,01,False
LL01-LL02,0.0,False,,,,43,sub-HUP179,01,False
LL02-LL03,0.0,False,,,,43,sub-HUP179,01,False
LL03-LL04,0.0,False,,,,43,sub-HUP179,01,False
LL05-LL06,0.0,False,,,,43,sub-HUP179,01,False
LL07-LL08,0.0,False,,,,43,sub-HUP179,01,False
LL08-LL09,0.0,False,,,,43,sub-HUP179,01,False
LL09-LL10,0.0,False,,,,43,sub-HUP179,01,False
LM01-LM02,0.0,False,,,,43,sub-HUP179,01,False
LM03-LM04,0.0,False,,,,43,sub-HUP179,01,False
LM06-LM07,0.0,False,,,,43,sub-HUP179,01,False
LM11-LM12,0.0,False,,,,43,sub-HUP179,01,False
RA01-RA02,0.0,False,,,,43,sub-HUP179,01,False
RA02-RA03,0.0,False,,,,43,sub-HUP179,01,False
RA03-RA04,0.0,False,,,,43,sub-HUP179,01,False
RA05-RA06,0.0,False,,,,43,sub-HUP179,01,False
RA06-RA07,0.0,False,,,,43,sub-HUP179,01,False
RA07-RA08,0.0,False,,,,43,sub-HUP179,01,False
RB01-RB02,0.0,False,,,,43,sub-HUP179,01,False
RB03-RB04,0.0,False,,,,43,sub-HUP179,01,False
RB05-RB06,0.0,False,,,,43,sub-HUP179,01,False
RB06-RB07,0.0,False,,,,43,sub-HUP179,01,False
RB07-RB08,0.0,False,,,,43,sub-HUP179,01,False
RB08-RB09,0.0,False,,,,43,sub-HUP179,01,False
RC02-RC03,0.0,False,,,,43,sub-HUP179,01,False
RC03-RC04,0.0,False,,,,43,sub-HUP179,01,False
RC04-RC05,0.0,False,,,,43,sub-HUP179,01,False
RC06-RC07,0.0,False,,,,43,sub-HUP179,01,False
RC07-RC08,0.0,False,,,,43,sub-HUP179,01,False
LB01-LB02,1.0,True,-9.5,-8.75,3.1538813636993996,1,sub-HUP179,02,False
LD03-LD04,0.38311535104025435,True,-7.5,-6.75,3.624901097379035,2,sub-HUP179,02,True
LM03-LM04,0.2539109692724621,True,-7.5,0.5,2.4024152220818076,3,sub-HUP179,02,False
LM04-LM05,0.24095631014924543,True,-6.75,-3.0,2.8498035601705416,4,sub-HUP179,02,False
LL06-LL07,0.23100437181391256,True,-5.0,-3.0,4.007082107583422,5,sub-HUP179,02,False
LL04-LL05,0.22208558772406012,True,-6.0,-2.25,3.151942183211136,6,sub-HUP179,02,False
LM07-LM08,0.19477238534964555,True,-7.25,-0.75,1.9964392380319567,7,sub-HUP179,02,False
LL11-LL12,0.14626361590392145,True,-5.0,-1.75,2.537139508126658,8,sub-HUP179,02,False
LK11-LK12,0.14029834979834802,True,-2.75,-2.0,3.4292537185976166,9,sub-HUP179,02,False
LC03-LC04,0.1219132965309515,True,-5.25,-4.25,2.0186253880596645,10,sub-HUP179,02,True
RB09-RB10,0.11974623522619599,True,-4.0,-2.75,2.4548252277449167,11,sub-HUP179,02,False
LI06-LI07,0.11790734317545794,True,-2.25,2.0,3.0678926213461875,12,sub-HUP179,02,False
LH05-LH06,0.10887702887233412,True,-2.25,-0.25,2.8329281664371826,13,sub-HUP179,02,True
LL03-LL04,0.106056436024625,True,-2.75,-2.0,2.592292982357929,14,sub-HUP179,02,False
LE03-LE04,0.09582590189521614,True,-2.75,-0.75,2.342232327639321,15,sub-HUP179,02,True
LH02-LH03,0.08389575999463468,True,-4.5,4.0,1.5875836436428559,16,sub-HUP179,02,False
LH10-LH11,0.07873862871202401,True,21.25,22.5,7.884550324914644,17,sub-HUP179,02,True
LB10-LB11,0.07709581683654658,True,21.0,24.0,7.65925838810895,18,sub-HUP179,02,False
LF05-LF06,0.06567546281262227,True,-1.0,-0.5,1.9677598730620918,19,sub-HUP179,02,False
LK07-LK08,0.0642275022597439,True,22.25,23.75,6.634033959057431,20,sub-HUP179,02,False
RA01-RA02,0.060716908715468296,True,-2.0,-0.75,1.6276983783028016,21,sub-HUP179,02,False
LD02-LD03,0.05639960906996432,True,20.75,21.5,5.558677373927878,22,sub-HUP179,02,True
LD01-LD02,0.053029442221338645,True,7.25,8.0,2.968662109499259,23,sub-HUP179,02,True
LE07-LE08,0.052708283184260345,True,21.75,22.5,5.3611004235295905,24,sub-HUP179,02,True
LI05-LI06,0.05227981747424738,True,6.75,9.5,2.844254900011204,25,sub-HUP179,02,False
LG07-LG08,0.051674770589391975,True,4.25,9.25,2.4038974150460466,26,sub-HUP179,02,False
LI04-LI05,0.05075607335889405,True,3.5,9.25,2.2411008740564577,27,sub-HUP179,02,False
LH11-LH12,0.050139703065958746,True,21.25,25.25,5.020775933826479,28,sub-HUP179,02,True
LM06-LM07,0.05010167560230816,True,7.25,12.0,2.8047616522571284,29,sub-HUP179,02,False
LB08-LB09,0.04999419132525879,True,22.0,24.5,5.1244618202035666,30,sub-HUP179,02,False
LL05-LL06,0.04768666986031264,True,18.5,21.75,4.361544881710451,31,sub-HUP179,02,False
LM10-LM11,0.047487271491437125,True,6.5,8.0,2.546076749686215,32,sub-HUP179,02,False
LJ10-LJ11,0.04713983270127336,True,15.5,16.75,3.8655094359557927,33,sub-HUP179,02,True
LF04-LF05,0.04699508380386249,True,21.25,23.0,4.705887178075166,34,sub-HUP179,02,False
LK06-LK07,0.04666428964795433,True,22.25,23.25,4.819936496173743,35,sub-HUP179,02,False
LF01-LF02,0.04632380933477677,True,22.25,23.0,4.784768415825924,36,sub-HUP179,02,False
LG04-LG05,0.045336500115298974,True,5.0,12.25,2.2162821135394557,37,sub-HUP179,02,True
LI03-LI04,0.04483470026930795,True,8.0,9.5,2.615961524088748,38,sub-HUP179,02,False
LH09-LH10,0.044283529921957096,True,5.0,7.0,2.164807495965121,39,sub-HUP179,02,True
LL10-LL11,0.0436680564427463,True,21.75,23.0,4.441594788270971,40,sub-HUP179,02,False
RB02-RB03,0.04264947892665887,True,3.5,4.25,1.8831595546159157,41,sub-HUP179,02,False
LC02-LC03,0.04220716179148974,True,12.0,16.75,2.995118572248559,42,sub-HUP179,02,True
LI02-LI03,0.04199745412883972,True,8.0,8.75,2.450417276145708,43,sub-HUP179,02,False
LD06-LD07,0.04067243226724602,True,5.5,11.25,2.0524164183038933,44,sub-HUP179,02,False
LG01-LG02,0.03996307095149972,True,21.0,22.25,3.970221718369152,45,sub-HUP179,02,True
LC07-LC08,0.03920597064395081,True,7.5,9.0,2.2257176428746397,46,sub-HUP179,02,True
LB09-LB10,0.03914461489716792,True,21.75,25.25,3.9815034530811113,47,sub-HUP179,02,False
LD05-LD06,0.03854944472858017,True,19.5,22.25,3.6474112593128725,48,sub-HUP179,02,True
LJ04-LJ05,0.038069614225699995,True,21.5,22.75,3.8421454985491446,49,sub-HUP179,02,True
LH03-LH04,0.037243506490950665,True,22.75,26.0,3.9055982346008458,50,sub-HUP179,02,False
LA07-LA08,0.03694119302155173,True,20.75,25.25,3.6408793819841976,51,sub-HUP179,02,False
LL09-LL10,0.03627993428660095,True,22.0,23.0,3.7187347802393624,52,sub-HUP179,02,False
LE02-LE03,0.03619651526214079,True,13.25,18.0,2.71128847925801,53,sub-HUP179,02,True
LB06-LB07,0.03587028236640681,True,21.5,25.0,3.6201796821134606,54,sub-HUP179,02,False
LB07-LB08,0.03543265051765711,True,22.0,25.0,3.6318872243586604,55,sub-HUP179,02,False
LC06-LC07,0.035357283773502154,True,7.75,9.0,2.035106380148103,56,sub-HUP179,02,True
LA05-LA06,0.034674469946952585,True,14.0,17.0,2.679299531765292,57,sub-HUP179,02,False
LK04-LK05,0.03461753305604156,True,21.25,22.5,3.4664520575156432,58,sub-HUP179,02,False
LD04-LD05,0.03446629210165604,True,19.5,20.0,3.261077890056984,59,sub-HUP179,02,True
LB11-LB12,0.034240651540640384,True,24.25,25.5,3.7526856089295415,60,sub-HUP179,02,False
LJ11-LJ12,0.03311235023857869,True,21.25,23.25,3.315729472342267,61,sub-HUP179,02,True
LK05-LK06,0.03252423826432022,True,21.25,23.5,3.2568384485388813,62,sub-HUP179,02,False
LE06-LE07,0.03252173650980731,True,21.25,23.5,3.2565879335162,63,sub-HUP179,02,True
LJ05-LJ06,0.03169002315409512,True,16.25,18.75,2.6735708395441575,64,sub-HUP179,02,True
LK02-LK03,0.03166995866939846,True,20.75,22.5,3.121352888642064,65,sub-HUP179,02,False
LC05-LC06,0.031116569356201485,True,21.25,23.25,3.1158804901843817,66,sub-HUP179,02,True
LH07-LH08,0.03107691687135846,True,18.0,18.5,2.793367905411668,67,sub-HUP179,02,True
LK09-LK10,0.03097084776881914,True,15.5,18.5,2.5396378694972954,68,sub-HUP179,02,False
LH04-LH05,0.03077795901898969,True,22.75,25.25,3.2275785428096233,69,sub-HUP179,02,True
LL08-LL09,0.030301252961658972,True,10.75,11.5,2.0307893365159964,70,sub-HUP179,02,False
LF02-LF03,0.029186655874671865,True,16.25,16.75,2.4623709383515915,71,sub-HUP179,02,False
LA06-LA07,0.02886493277178426,True,21.75,25.5,2.9359294964510676,72,sub-HUP179,02,False
LG03-LG04,0.028597923709825092,True,24.5,27.5,3.1568060520120094,73,sub-HUP179,02,True
LB05-LB06,0.028243615071883957,True,24.25,25.5,3.0954261398503213,74,sub-HUP179,02,False
LJ07-LJ08,0.026908080815780302,True,22.25,23.0,2.779325298733174,75,sub-HUP179,02,True
LK10-LK11,0.026337196904264334,True,15.5,22.25,2.159674256699461,76,sub-HUP179,02,False
LK08-LK09,0.02614797896587257,True,16.5,25.25,2.226625836089474,77,sub-HUP179,02,False
LA09-LA10,0.02596377688452532,True,16.75,25.25,2.231411813290387,78,sub-HUP179,02,False
LG06-LG07,0.02591107461569496,True,21.25,25.75,2.5946244571677113,79,sub-HUP179,02,False
LH06-LH07,0.025839098565485233,True,21.75,26.0,2.6281638083103434,80,sub-HUP179,02,True
LD07-LD08,0.025245292983959583,True,24.75,25.5,2.8066282319792575,81,sub-HUP179,02,False
LA10-LA11,0.02520816860521913,True,18.75,25.25,2.3254795154270425,82,sub-HUP179,02,False
RA06-RA07,0.024897367121192164,True,22.25,25.5,2.571639456025257,83,sub-HUP179,02,False
LF06-LF07,0.024635043357307373,True,21.25,26.25,2.466848131398595,84,sub-HUP179,02,False
LJ08-LJ09,0.024344910809470845,True,22.0,26.75,2.49538121634471,85,sub-HUP179,02,True
LM11-LM12,0.023950320452569413,True,23.5,24.5,2.5682399572195664,86,sub-HUP179,02,False
RA07-RA08,0.02372515555476802,True,23.75,25.75,2.562801663960536,87,sub-HUP179,02,False
LL07-LL08,0.022513413071243313,True,24.0,25.5,2.4496598701937957,88,sub-HUP179,02,False
LE01-LE02,0.021998545903090676,True,12.75,18.25,1.6131036918896604,89,sub-HUP179,02,True
LG02-LG03,0.021576117005076178,True,21.25,27.25,2.160540298015012,90,sub-HUP179,02,True
RC02-RC03,0.020950464645498025,True,20.75,22.5,2.0648525001962303,91,sub-HUP179,02,False
LH08-LH09,0.020523843120565075,True,21.25,26.25,2.05517008095973,92,sub-HUP179,02,True
LI01-LI02,0.019876788156002276,True,20.75,22.0,1.9590322417317665,93,sub-HUP179,02,False
LG05-LG06,0.019795544422670928,True,20.25,27.25,1.919808558147572,94,sub-HUP179,02,True
LA08-LA09,0.01962582305521662,True,20.25,25.25,1.9033486656191236,95,sub-HUP179,02,False
RC03-RC04,0.017011897483573832,True,29.5,30.0,2.146140257384329,96,sub-HUP179,02,False
LA01-LA02,0.0,False,,,,97,sub-HUP179,02,False
LA02-LA03,0.0,False,,,,97,sub-HUP179,02,False
LA03-LA04,0.0,False,,,,97,sub-HUP179,02,False
LA04-LA05,0.0,False,,,,97,sub-HUP179,02,False
LB02-LB03,0.0,False,,,,97,sub-HUP179,02,False
LC01-LC02,0.0,False,,,,97,sub-HUP179,02,True
LC04-LC05,0.0,False,,,,97,sub-HUP179,02,True
LE04-LE05,0.0,False,,,,97,sub-HUP179,02,True
LE05-LE06,0.0,False,,,,97,sub-HUP179,02,True
LF03-LF04,0.0,False,,,,97,sub-HUP179,02,False
LF07-LF08,0.0,False,,,,97,sub-HUP179,02,False
LH01-LH02,0.0,False,,,,97,sub-HUP179,02,False
LI07-LI08,0.0,False,,,,97,sub-HUP179,02,False
LI08-LI09,0.0,False,,,,97,sub-HUP179,02,False
LI09-LI10,0.0,False,,,,97,sub-HUP179,02,False
LI10-LI11,0.0,False,,,,97,sub-HUP179,02,False
LJ01-LJ02,0.0,False,,,,97,sub-HUP179,02,False
LJ06-LJ07,0.0,False,,,,97,sub-HUP179,02,True
LJ09-LJ10,0.0,False,,,,97,sub-HUP179,02,True
LK01-LK02,0.0,False,,,,97,sub-HUP179,02,False
LK03-LK04,0.0,False,,,,97,sub-HUP179,02,False
LL01-LL02,0.0,False,,,,97,sub-HUP179,02,False
LL02-LL03,0.0,False,,,,97,sub-HUP179,02,False
LM01-LM02,0.0,False,,,,97,sub-HUP179,02,False
LM02-LM03,0.0,False,,,,97,sub-HUP179,02,False
LM05-LM06,0.0,False,,,,97,sub-HUP179,02,False
LM08-LM09,0.0,False,,,,97,sub-HUP179,02,False
LM09-LM10,0.0,False,,,,97,sub-HUP179,02,False
RA02-RA03,0.0,False,,,,97,sub-HUP179,02,False
RA03-RA04,0.0,False,,,,97,sub-HUP179,02,False
RA04-RA05,0.0,False,,,,97,sub-HUP179,02,False
RA05-RA06,0.0,False,,,,97,sub-HUP179,02,False
RB01-RB02,0.0,False,,,,97,sub-HUP179,02,False
RB03-RB04,0.0,False,,,,97,sub-HUP179,02,False
RB04-RB05,0.0,False,,,,97,sub-HUP179,02,False
RB05-RB06,0.0,False,,,,97,sub-HUP179,02,False
RB06-RB07,0.0,False,,,,97,sub-HUP179,02,False
RB07-RB08,0.0,False,,,,97,sub-HUP179,02,False
RB08-RB09,0.0,False,,,,97,sub-HUP179,02,False
RB10-RB11,0.0,False,,,,97,sub-HUP179,02,False
RC01-RC02,0.0,False,,,,97,sub-HUP179,02,False
RC04-RC05,0.0,False,,,,97,sub-HUP179,02,False
RC05-RC06,0.0,False,,,,97,sub-HUP179,02,False
RC06-RC07,0.0,False,,,,97,sub-HUP179,02,False
RC07-RC08,0.0,False,,,,97,sub-HUP179,02,False
LH07-LH08,1.0,True,-7.75,-7.25,4.492870827864206,1,sub-HUP180,01,False
LH06-LH07,0.734827643831379,True,-7.75,-7.5,3.301485684478192,2,sub-HUP180,01,True
LF01-LF02,0.1151480136969367,True,-3.25,-2.25,2.845398333940112,3,sub-HUP180,01,True
RE06-RE07,0.08976824321599886,True,-3.25,-1.75,2.218244166675791,4,sub-HUP180,01,False
LC05-LC06,0.057826479887968685,True,2.25,6.75,2.857875950234038,5,sub-HUP180,01,False
RE09-RE10,0.05220822168981355,True,2.25,6.25,2.580212758253137,6,sub-HUP180,01,False
LD05-LD06,0.04817308623113067,True,5.5,6.5,3.084205216878482,7,sub-HUP180,01,False
RE08-RE09,0.04391723625484676,True,1.0,6.25,1.9238160786957574,8,sub-HUP180,01,False
RD07-RD08,0.04355917266406875,True,4.75,6.25,2.6420274380019757,9,sub-HUP180,01,False
LE01-LE02,0.0405355770402833,True,6.0,7.25,2.686286395730231,10,sub-HUP180,01,False
LF11-LF12,0.03732961150758357,True,20.25,20.5,4.863796554179859,11,sub-HUP180,01,True
RD06-RD07,0.03269043078643328,True,2.25,10.25,1.61561271113748,12,sub-HUP180,01,False
LC10-LC11,0.03167639975033169,True,6.75,7.75,2.2059285717354693,13,sub-HUP180,01,True
LF08-LF09,0.03146597210994508,True,9.0,13.0,2.5093627298961074,14,sub-HUP180,01,False
LG03-LG04,0.0282005851516649,True,21.25,23.0,3.8010475906984715,15,sub-HUP180,01,False
RD03-RD04,0.027701722755073658,True,18.25,21.0,3.360427075292017,16,sub-HUP180,01,False
RD04-RD05,0.02595921818753258,True,20.0,22.75,3.353153155631653,17,sub-HUP180,01,False
LF10-LF11,0.02542486972308414,True,20.0,20.75,3.2841313450814136,18,sub-HUP180,01,True
RE03-RE04,0.02405782844513226,True,14.0,15.75,2.459018279965894,19,sub-HUP180,01,False
LC09-LC10,0.02183253911054661,True,14.0,15.25,2.2315652010465272,20,sub-HUP180,01,False
RD02-RD03,0.021593215421955216,True,20.0,23.5,2.78919641991134,21,sub-HUP180,01,False
RE10-RE11,0.021525043760699157,True,21.5,23.0,2.925454545723607,22,sub-HUP180,01,False
RE01-RE02,0.02113793481605402,True,21.5,23.5,2.872842823564414,23,sub-HUP180,01,False
LF09-LF10,0.020873850335525586,True,19.5,24.0,2.64938424896464,24,sub-HUP180,01,False
RE05-RE06,0.02082475977558232,True,16.25,18.25,2.3390738923248438,25,sub-HUP180,01,False
LE08-LE09,0.019406076227529014,True,14.5,15.75,2.0271441050588996,26,sub-HUP180,01,False
LB02-LB03,0.019152130498713296,True,19.5,20.5,2.4308573675575644,27,sub-HUP180,01,False
LD07-LD08,0.018169004876636342,True,19.75,25.25,2.3264832714745145,28,sub-HUP180,01,False
LB07-LB08,0.01654861826410275,True,14.5,24.25,1.728656198585767,29,sub-HUP180,01,False
LH10-LH11,0.014777071660362283,True,19.25,28.0,1.8589612771548167,30,sub-HUP180,01,False
LB08-LB09,0.013944433075345243,True,25.0,27.25,2.1144556094171647,31,sub-HUP180,01,False
LA01-LA02,0.0,False,,,,32,sub-HUP180,01,False
LA02-LA03,0.0,False,,,,32,sub-HUP180,01,False
LA03-LA04,0.0,False,,,,32,sub-HUP180,01,False
LA04-LA05,0.0,False,,,,32,sub-HUP180,01,False
LA05-LA06,0.0,False,,,,32,sub-HUP180,01,False
LA06-LA07,0.0,False,,,,32,sub-HUP180,01,False
LA07-LA08,0.0,False,,,,32,sub-HUP180,01,False
LA08-LA09,0.0,False,,,,32,sub-HUP180,01,False
LA09-LA10,0.0,False,,,,32,sub-HUP180,01,False
LB01-LB02,0.0,False,,,,32,sub-HUP180,01,False
LB03-LB04,0.0,False,,,,32,sub-HUP180,01,False
LB04-LB05,0.0,False,,,,32,sub-HUP180,01,False
LB05-LB06,0.0,False,,,,32,sub-HUP180,01,False
LB06-LB07,0.0,False,,,,32,sub-HUP180,01,False
LB09-LB10,0.0,False,,,,32,sub-HUP180,01,False
LC01-LC02,0.0,False,,,,32,sub-HUP180,01,False
LC02-LC03,0.0,False,,,,32,sub-HUP180,01,False
LC03-LC04,0.0,False,,,,32,sub-HUP180,01,False
LC04-LC05,0.0,False,,,,32,sub-HUP180,01,False
LC06-LC07,0.0,False,,,,32,sub-HUP180,01,False
LC07-LC08,0.0,False,,,,32,sub-HUP180,01,False
LC08-LC09,0.0,False,,,,32,sub-HUP180,01,False
LC11-LC12,0.0,False,,,,32,sub-HUP180,01,True
LD01-LD02,0.0,False,,,,32,sub-HUP180,01,False
LD02-LD03,0.0,False,,,,32,sub-HUP180,01,False
LD03-LD04,0.0,False,,,,32,sub-HUP180,01,False
LD04-LD05,0.0,False,,,,32,sub-HUP180,01,False
LD06-LD07,0.0,False,,,,32,sub-HUP180,01,False
LD08-LD09,0.0,False,,,,32,sub-HUP180,01,False
LD09-LD10,0.0,False,,,,32,sub-HUP180,01,False
LD10-LD11,0.0,False,,,,32,sub-HUP180,01,False
LD11-LD12,0.0,False,,,,32,sub-HUP180,01,False
LE02-LE03,0.0,False,,,,32,sub-HUP180,01,False
LE03-LE04,0.0,False,,,,32,sub-HUP180,01,True
LE04-LE05,0.0,False,,,,32,sub-HUP180,01,True
LE05-LE06,0.0,False,,,,32,sub-HUP180,01,False
LE06-LE07,0.0,False,,,,32,sub-HUP180,01,False
LE07-LE08,0.0,False,,,,32,sub-HUP180,01,False
LE09-LE10,0.0,False,,,,32,sub-HUP180,01,False
LE10-LE11,0.0,False,,,,32,sub-HUP180,01,False
LF02-LF03,0.0,False,,,,32,sub-HUP180,01,True
LF03-LF04,0.0,False,,,,32,sub-HUP180,01,True
LF04-LF05,0.0,False,,,,32,sub-HUP180,01,False
LF05-LF06,0.0,False,,,,32,sub-HUP180,01,False
LF06-LF07,0.0,False,,,,32,sub-HUP180,01,False
LF07-LF08,0.0,False,,,,32,sub-HUP180,01,False
LG01-LG02,0.0,False,,,,32,sub-HUP180,01,False
LG02-LG03,0.0,False,,,,32,sub-HUP180,01,False
LG04-LG05,0.0,False,,,,32,sub-HUP180,01,False
LG05-LG06,0.0,False,,,,32,sub-HUP180,01,False
LG06-LG07,0.0,False,,,,32,sub-HUP180,01,True
LG07-LG08,0.0,False,,,,32,sub-HUP180,01,True
LG08-LG09,0.0,False,,,,32,sub-HUP180,01,False
LG09-LG10,0.0,False,,,,32,sub-HUP180,01,False
LG10-LG11,0.0,False,,,,32,sub-HUP180,01,False
LG11-LG12,0.0,False,,,,32,sub-HUP180,01,False
LH01-LH02,0.0,False,,,,32,sub-HUP180,01,False
LH02-LH03,0.0,False,,,,32,sub-HUP180,01,False
LH03-LH04,0.0,False,,,,32,sub-HUP180,01,False
LH04-LH05,0.0,False,,,,32,sub-HUP180,01,False
LH05-LH06,0.0,False,,,,32,sub-HUP180,01,True
LH08-LH09,0.0,False,,,,32,sub-HUP180,01,False
LH09-LH10,0.0,False,,,,32,sub-HUP180,01,False
LH11-LH12,0.0,False,,,,32,sub-HUP180,01,False
RD01-RD02,0.0,False,,,,32,sub-HUP180,01,False
RD05-RD06,0.0,False,,,,32,sub-HUP180,01,False
RE02-RE03,0.0,False,,,,32,sub-HUP180,01,False
RE04-RE05,0.0,False,,,,32,sub-HUP180,01,False
RE07-RE08,0.0,False,,,,32,sub-HUP180,01,False
RE11-RE12,0.0,False,,,,32,sub-HUP180,01,False
RE04-RE05,1.0,True,-7.75,-4.5,3.2196809698609954,1,sub-HUP180,02,False
LG05-LG06,0.4161677713166,True,-6.5,-4.25,3.014836770549419,2,sub-HUP180,02,False
LG10-LG11,0.39283280944814153,True,-7.0,-6.75,2.2133935616051206,3,sub-HUP180,02,False
RD04-RD05,0.26750658574420294,True,-5.25,-4.0,3.014500522015846,4,sub-HUP180,02,False
RD03-RD04,0.2658179295984135,True,-5.25,-3.5,2.995471252815516,5,sub-HUP180,02,False
LC10-LC11,0.13552730076571518,True,0.5,3.0,4.036280708341006,6,sub-HUP180,02,True
RE09-RE10,0.11440207680742169,True,0.25,1.0,3.3150437064848837,7,sub-HUP180,02,False
RE03-RE04,0.10645298235791234,True,0.75,2.25,3.2560740940858266,8,sub-HUP180,02,False
RE10-RE11,0.10316436503788942,True,0.25,1.0,2.9894070859225703,9,sub-HUP180,02,False
RE08-RE09,0.09759708552696164,True,0.25,1.5,2.8280833108654897,10,sub-HUP180,02,False
RD02-RD03,0.09361229058733192,True,5.0,6.0,4.1442735200505405,11,sub-HUP180,02,False
RE02-RE03,0.0898489972450365,True,5.25,6.0,4.049991492273119,12,sub-HUP180,02,False
LE08-LE09,0.08422246663846189,True,1.75,2.75,2.8472794672413873,13,sub-HUP180,02,False
LB09-LB10,0.07712052808321274,True,16.25,16.75,6.207587416378763,14,sub-HUP180,02,False
RE11-RE12,0.07632617712997265,True,0.25,1.75,2.211713460068512,15,sub-HUP180,02,False
RE01-RE02,0.07125822565429646,True,0.75,6.5,2.1795731543093892,16,sub-HUP180,02,False
LG02-LG03,0.06450188908207374,True,4.75,5.5,2.8036193147681066,17,sub-HUP180,02,False
RD06-RD07,0.06404203527186902,True,16.0,17.75,5.103324325341083,18,sub-HUP180,02,False
LG03-LG04,0.062412020568211664,True,16.5,17.0,5.073906571579614,19,sub-HUP180,02,False
RD07-RD08,0.059370740350816506,True,13.25,15.0,4.205406543229809,20,sub-HUP180,02,False
LG08-LG09,0.05819445293730155,True,16.25,17.75,4.684189316842527,21,sub-HUP180,02,False
RD01-RD02,0.05701219342688957,True,13.0,13.75,3.992453364428343,22,sub-HUP180,02,False
LG06-LG07,0.055236652658853885,True,16.5,18.0,4.490571084964474,23,sub-HUP180,02,True
LG07-LG08,0.05250936227035936,True,16.5,19.5,4.268850709645678,24,sub-HUP180,02,True
LH05-LH06,0.04937303632516192,True,16.5,18.0,4.013876993379582,25,sub-HUP180,02,True
LH06-LH07,0.04745603377924538,True,16.5,18.0,3.858030543818952,26,sub-HUP180,02,True
RD05-RD06,0.044251687841332696,True,13.25,17.75,3.1344789789932976,27,sub-HUP180,02,False
LH10-LH11,0.042302002223172985,True,14.75,16.75,3.2006753613067382,28,sub-HUP180,02,False
LH09-LH10,0.042179159917644975,True,12.5,18.0,2.885823068370761,29,sub-HUP180,02,False
LG11-LG12,0.039242653013256724,True,14.75,19.0,2.969197343170562,30,sub-HUP180,02,False
LE02-LE03,0.03856887405854869,True,14.5,18.0,2.8871726736701353,31,sub-HUP180,02,False
LH07-LH08,0.03781098224067362,True,6.25,7.0,1.8260894995807337,32,sub-HUP180,02,False
LB07-LB08,0.037429083390526724,True,16.5,19.75,3.0428701146734336,33,sub-HUP180,02,False
LE09-LE10,0.037345580870834776,True,17.0,21.75,3.096202042984462,34,sub-HUP180,02,False
LC06-LC07,0.037221788844960656,True,15.75,20.0,2.9361359876034507,35,sub-HUP180,02,False
LD11-LD12,0.03703896606910203,True,16.0,18.0,2.9515279413513698,36,sub-HUP180,02,False
LF02-LF03,0.03638195549500636,True,15.5,18.0,2.8406035265248404,37,sub-HUP180,02,True
LA03-LA04,0.036291420904893304,True,13.75,18.25,2.6290529382757613,38,sub-HUP180,02,False
LB04-LB05,0.035808171921073405,True,15.5,18.0,2.795804075219929,39,sub-HUP180,02,False
LD10-LD11,0.03489821701608916,True,15.25,18.0,2.6966670050107546,40,sub-HUP180,02,False
LD01-LD02,0.03459347760847422,True,11.25,22.0,2.227599230746338,41,sub-HUP180,02,False
LH08-LH09,0.034479780978119295,True,17.5,21.25,2.914114734830928,42,sub-HUP180,02,False
LE07-LE08,0.03416049636169957,True,17.0,21.0,2.8321369264618244,43,sub-HUP180,02,False
LD08-LD09,0.03261984318841419,True,16.0,18.0,2.5993808367512776,44,sub-HUP180,02,False
LB06-LB07,0.03259878605580814,True,17.0,18.25,2.702660545939728,45,sub-HUP180,02,False
LF08-LF09,0.03197538736056036,True,17.0,21.25,2.650976564359797,46,sub-HUP180,02,False
LE10-LE11,0.03154478158846909,True,16.5,22.5,2.564494357715089,47,sub-HUP180,02,False
LC07-LC08,0.031208250700611926,True,16.0,16.75,2.4868951193644295,48,sub-HUP180,02,False
RE07-RE08,0.030585815523728792,True,23.0,24.0,3.126631040014358,49,sub-HUP180,02,False
LB08-LB09,0.02806425045107834,True,15.0,21.75,2.1460009113803076,50,sub-HUP180,02,False
LH04-LH05,0.027268031400593504,True,17.25,18.0,2.282653406437637,51,sub-HUP180,02,False
LB01-LB02,0.02696711289654897,True,16.5,19.25,2.192343880179071,52,sub-HUP180,02,False
LC11-LC12,0.026068013898323934,True,20.25,27.25,2.4339899598446597,53,sub-HUP180,02,True
LA08-LA09,0.02557946341943297,True,20.25,25.5,2.38837363613331,54,sub-HUP180,02,False
LA04-LA05,0.025176346550588494,True,14.75,28.0,1.9049053911695495,55,sub-HUP180,02,False
LD06-LD07,0.023495547402775853,True,15.25,21.0,1.8155560043804244,56,sub-HUP180,02,False
LB02-LB03,0.02232252237142972,True,21.5,23.75,2.1741098644773054,57,sub-HUP180,02,False
LA01-LA02,0.0,False,,,,58,sub-HUP180,02,False
LA02-LA03,0.0,False,,,,58,sub-HUP180,02,False
LA05-LA06,0.0,False,,,,58,sub-HUP180,02,False
LA06-LA07,0.0,False,,,,58,sub-HUP180,02,False
LA07-LA08,0.0,False,,,,58,sub-HUP180,02,False
LA09-LA10,0.0,False,,,,58,sub-HUP180,02,False
LB03-LB04,0.0,False,,,,58,sub-HUP180,02,False
LB05-LB06,0.0,False,,,,58,sub-HUP180,02,False
LC01-LC02,0.0,False,,,,58,sub-HUP180,02,False
LC02-LC03,0.0,False,,,,58,sub-HUP180,02,False
LC03-LC04,0.0,False,,,,58,sub-HUP180,02,False
LC04-LC05,0.0,False,,,,58,sub-HUP180,02,False
LC05-LC06,0.0,False,,,,58,sub-HUP180,02,False
LC08-LC09,0.0,False,,,,58,sub-HUP180,02,False
LC09-LC10,0.0,False,,,,58,sub-HUP180,02,False
LD02-LD03,0.0,False,,,,58,sub-HUP180,02,False
LD03-LD04,0.0,False,,,,58,sub-HUP180,02,False
LD04-LD05,0.0,False,,,,58,sub-HUP180,02,False
LD05-LD06,0.0,False,,,,58,sub-HUP180,02,False
LD07-LD08,0.0,False,,,,58,sub-HUP180,02,False
LD09-LD10,0.0,False,,,,58,sub-HUP180,02,False
LE01-LE02,0.0,False,,,,58,sub-HUP180,02,False
LE03-LE04,0.0,False,,,,58,sub-HUP180,02,True
LE04-LE05,0.0,False,,,,58,sub-HUP180,02,True
LE05-LE06,0.0,False,,,,58,sub-HUP180,02,False
LE06-LE07,0.0,False,,,,58,sub-HUP180,02,False
LF01-LF02,0.0,False,,,,58,sub-HUP180,02,True
LF03-LF04,0.0,False,,,,58,sub-HUP180,02,True
LF04-LF05,0.0,False,,,,58,sub-HUP180,02,False
LF05-LF06,0.0,False,,,,58,sub-HUP180,02,False
LF06-LF07,0.0,False,,,,58,sub-HUP180,02,False
LF07-LF08,0.0,False,,,,58,sub-HUP180,02,False
LF09-LF10,0.0,False,,,,58,sub-HUP180,02,False
LF10-LF11,0.0,False,,,,58,sub-HUP180,02,True
LF11-LF12,0.0,False,,,,58,sub-HUP180,02,True
LG01-LG02,0.0,False,,,,58,sub-HUP180,02,False
LG04-LG05,0.0,False,,,,58,sub-HUP180,02,False
LG09-LG10,0.0,False,,,,58,sub-HUP180,02,False
LH01-LH02,0.0,False,,,,58,sub-HUP180,02,False
LH02-LH03,0.0,False,,,,58,sub-HUP180,02,False
LH03-LH04,0.0,False,,,,58,sub-HUP180,02,False
LH11-LH12,0.0,False,,,,58,sub-HUP180,02,False
RE05-RE06,0.0,False,,,,58,sub-HUP180,02,False
RE06-RE07,0.0,False,,,,58,sub-HUP180,02,False
RD04-RD05,1.0,True,-8.0,-6.5,2.2164039482672093,1,sub-HUP180,03,False
LD05-LD06,0.6133993505700628,True,-7.0,-5.25,2.719081484936058,2,sub-HUP180,03,False
LC01-LC02,0.4392982802962927,True,-5.75,-2.75,3.164402939476019,3,sub-HUP180,03,False
LC10-LC11,0.2883764132452873,True,-5.25,-2.75,2.396844828389966,4,sub-HUP180,03,True
LB04-LB05,0.28827837673850754,True,-4.5,-1.75,2.8752359958148057,5,sub-HUP180,03,False
LB09-LB10,0.26813132778213916,True,-4.5,-1.5,2.674293000977081,6,sub-HUP180,03,False
LA09-LA10,0.21828867831042992,True,-3.0,1.0,2.9028953308156056,7,sub-HUP180,03,False
RD06-RD07,0.1420898214396088,True,-0.75,-0.25,2.5981596402904867,8,sub-HUP180,03,False
RD07-RD08,0.13742776278493618,True,-0.5,0.75,2.589061206323527,9,sub-HUP180,03,False
LB01-LB02,0.13662841556055144,True,-0.5,2.75,2.5740019573981434,10,sub-HUP180,03,False
LA08-LA09,0.09774216880026904,True,7.5,9.75,3.5744961258784196,11,sub-HUP180,03,False
LG09-LG10,0.07477839897753408,True,7.0,7.75,2.6518262198225147,12,sub-HUP180,03,False
LG10-LG11,0.06751351326904143,True,7.0,7.75,2.3941954779343044,13,sub-HUP180,03,False
LC09-LC10,0.0650838387709056,True,13.0,16.0,3.1735456988448756,14,sub-HUP180,03,False
LG03-LG04,0.05867712840081058,True,7.75,10.5,2.178374669264021,15,sub-HUP180,03,False
LG06-LG07,0.04764676090044092,True,8.75,10.0,1.8744793244283866,16,sub-HUP180,03,True
LE03-LE04,0.04525834360712908,True,15.25,19.0,2.4325362079747164,17,sub-HUP180,03,True
RD05-RD06,0.03674726961852499,True,23.5,24.75,2.647020787792499,18,sub-HUP180,03,False
RE10-RE11,0.03280376639394472,True,24.75,29.75,2.4538409106831316,19,sub-HUP180,03,False
LF01-LF02,0.032394838866876725,True,20.0,26.25,2.0822014142727427,20,sub-HUP180,03,True
LE09-LE10,0.030531393755689203,True,24.75,25.75,2.2838591812345994,21,sub-HUP180,03,False
LA01-LA02,0.0,False,,,,22,sub-HUP180,03,False
LA02-LA03,0.0,False,,,,22,sub-HUP180,03,False
LA03-LA04,0.0,False,,,,22,sub-HUP180,03,False
LA04-LA05,0.0,False,,,,22,sub-HUP180,03,False
LA05-LA06,0.0,False,,,,22,sub-HUP180,03,False
LA06-LA07,0.0,False,,,,22,sub-HUP180,03,False
LA07-LA08,0.0,False,,,,22,sub-HUP180,03,False
LB02-LB03,0.0,False,,,,22,sub-HUP180,03,False
LB03-LB04,0.0,False,,,,22,sub-HUP180,03,False
LB05-LB06,0.0,False,,,,22,sub-HUP180,03,False
LB06-LB07,0.0,False,,,,22,sub-HUP180,03,False
LB07-LB08,0.0,False,,,,22,sub-HUP180,03,False
LB08-LB09,0.0,False,,,,22,sub-HUP180,03,False
LC02-LC03,0.0,False,,,,22,sub-HUP180,03,False
LC03-LC04,0.0,False,,,,22,sub-HUP180,03,False
LC04-LC05,0.0,False,,,,22,sub-HUP180,03,False
LC05-LC06,0.0,False,,,,22,sub-HUP180,03,False
LC06-LC07,0.0,False,,,,22,sub-HUP180,03,False
LC07-LC08,0.0,False,,,,22,sub-HUP180,03,False
LC08-LC09,0.0,False,,,,22,sub-HUP180,03,False
LC11-LC12,0.0,False,,,,22,sub-HUP180,03,True
LD01-LD02,0.0,False,,,,22,sub-HUP180,03,False
LD02-LD03,0.0,False,,,,22,sub-HUP180,03,False
LD03-LD04,0.0,False,,,,22,sub-HUP180,03,False
LD04-LD05,0.0,False,,,,22,sub-HUP180,03,False
LD06-LD07,0.0,False,,,,22,sub-HUP180,03,False
LD07-LD08,0.0,False,,,,22,sub-HUP180,03,False
LD08-LD09,0.0,False,,,,22,sub-HUP180,03,False
LD09-LD10,0.0,False,,,,22,sub-HUP180,03,False
LD10-LD11,0.0,False,,,,22,sub-HUP180,03,False
LD11-LD12,0.0,False,,,,22,sub-HUP180,03,False
LE01-LE02,0.0,False,,,,22,sub-HUP180,03,False
LE02-LE03,0.0,False,,,,22,sub-HUP180,03,False
LE04-LE05,0.0,False,,,,22,sub-HUP180,03,True
LE05-LE06,0.0,False,,,,22,sub-HUP180,03,False
LE06-LE07,0.0,False,,,,22,sub-HUP180,03,False
LE07-LE08,0.0,False,,,,22,sub-HUP180,03,False
LE08-LE09,0.0,False,,,,22,sub-HUP180,03,False
LE10-LE11,0.0,False,,,,22,sub-HUP180,03,False
LF02-LF03,0.0,False,,,,22,sub-HUP180,03,True
LF03-LF04,0.0,False,,,,22,sub-HUP180,03,True
LF04-LF05,0.0,False,,,,22,sub-HUP180,03,False
LF05-LF06,0.0,False,,,,22,sub-HUP180,03,False
LF06-LF07,0.0,False,,,,22,sub-HUP180,03,False
LF07-LF08,0.0,False,,,,22,sub-HUP180,03,False
LF08-LF09,0.0,False,,,,22,sub-HUP180,03,False
LF09-LF10,0.0,False,,,,22,sub-HUP180,03,False
LF10-LF11,0.0,False,,,,22,sub-HUP180,03,True
LF11-LF12,0.0,False,,,,22,sub-HUP180,03,True
LG01-LG02,0.0,False,,,,22,sub-HUP180,03,False
LG02-LG03,0.0,False,,,,22,sub-HUP180,03,False
LG04-LG05,0.0,False,,,,22,sub-HUP180,03,False
LG05-LG06,0.0,False,,,,22,sub-HUP180,03,False
LG07-LG08,0.0,False,,,,22,sub-HUP180,03,True
LG08-LG09,0.0,False,,,,22,sub-HUP180,03,False
LG11-LG12,0.0,False,,,,22,sub-HUP180,03,False
LH01-LH02,0.0,False,,,,22,sub-HUP180,03,False
LH02-LH03,0.0,False,,,,22,sub-HUP180,03,False
LH03-LH04,0.0,False,,,,22,sub-HUP180,03,False
LH04-LH05,0.0,False,,,,22,sub-HUP180,03,False
LH05-LH06,0.0,False,,,,22,sub-HUP180,03,True
LH06-LH07,0.0,False,,,,22,sub-HUP180,03,True
LH07-LH08,0.0,False,,,,22,sub-HUP180,03,False
LH08-LH09,0.0,False,,,,22,sub-HUP180,03,False
LH09-LH10,0.0,False,,,,22,sub-HUP180,03,False
LH10-LH11,0.0,False,,,,22,sub-HUP180,03,False
LH11-LH12,0.0,False,,,,22,sub-HUP180,03,False
RD01-RD02,0.0,False,,,,22,sub-HUP180,03,False
RD02-RD03,0.0,False,,,,22,sub-HUP180,03,False
RD03-RD04,0.0,False,,,,22,sub-HUP180,03,False
RE01-RE02,0.0,False,,,,22,sub-HUP180,03,False
RE02-RE03,0.0,False,,,,22,sub-HUP180,03,False
RE03-RE04,0.0,False,,,,22,sub-HUP180,03,False
RE04-RE05,0.0,False,,,,22,sub-HUP180,03,False
RE05-RE06,0.0,False,,,,22,sub-HUP180,03,False
RE06-RE07,0.0,False,,,,22,sub-HUP180,03,False
RE07-RE08,0.0,False,,,,22,sub-HUP180,03,False
RE08-RE09,0.0,False,,,,22,sub-HUP180,03,False
RE09-RE10,0.0,False,,,,22,sub-HUP180,03,False
RE11-RE12,0.0,False,,,,22,sub-HUP180,03,False
LA07-LA08,1.0,True,-3.0,0.5,2.5132437451827543,1,sub-HUP181,01,False
LA09-LA10,0.8726720951606275,True,-2.5,-1.75,3.2898565271369646,2,sub-HUP181,01,False
RB08-RB09,0.7300472994881974,True,-2.25,1.0,3.210876915970977,3,sub-HUP181,01,False
LC07-LC08,0.5120565806053323,True,-2.25,-0.75,2.2521152471755355,4,sub-HUP181,01,False
LD06-LD07,0.34719402263650434,True,-1.25,0.75,2.3996038158290935,5,sub-HUP181,01,False
LD09-LD10,0.2719697865378582,True,-1.0,0.75,2.050579094684883,6,sub-HUP181,01,False
LA05-LA06,0.24192293936140366,True,3.75,6.5,4.712087684788627,7,sub-HUP181,01,True
RG10-RG11,0.2207457129522824,True,0.25,0.75,2.3578480750012334,8,sub-HUP181,01,False
LA04-LA05,0.20504204823822017,True,4.0,6.5,4.122565161873339,9,sub-HUP181,01,True
LB05-LB06,0.13469544508620931,True,6.25,6.75,3.469855469892108,10,sub-HUP181,01,False
RA08-RA09,0.11201184756737606,True,8.5,10.5,3.5189134410633995,11,sub-HUP181,01,False
LH09-LH10,0.10497960595638135,True,7.5,8.75,3.0341523874786946,12,sub-HUP181,01,False
LA06-LA07,0.09750902632260174,True,6.0,7.0,2.4506395050413934,13,sub-HUP181,01,False
LA01-LA02,0.08657358962950697,True,8.25,11.75,2.665361524771117,14,sub-HUP181,01,True
RB07-RB08,0.07154443426275767,True,8.75,10.5,2.292559674397309,15,sub-HUP181,01,False
LD03-LD04,0.06882959529386293,True,9.75,12.5,2.3785513105167184,16,sub-HUP181,01,False
RF07-RF08,0.06139544315083684,True,10.25,12.0,2.198799417112288,17,sub-HUP181,01,False
LF02-LF03,0.06039212058557838,True,10.5,13.0,2.2008117301403987,18,sub-HUP181,01,False
LH10-LH11,0.05864664023810474,True,8.25,15.0,1.8055679464913994,19,sub-HUP181,01,False
RF04-RF05,0.057291405872977846,True,9.0,22.25,1.871834477018845,20,sub-HUP181,01,False
LF07-LF08,0.05298954613057994,True,10.75,11.25,1.9643407692481076,21,sub-HUP181,01,False
RA09-RA10,0.05210755698838071,True,19.25,20.0,3.0447965565088904,22,sub-HUP181,01,False
RF09-RF10,0.048282191445540905,True,20.0,22.5,2.912277975701327,23,sub-HUP181,01,False
LC08-LC09,0.04649175818298504,True,20.25,22.25,2.8334941710564543,24,sub-HUP181,01,False
RB05-RB06,0.04570179351366702,True,16.75,18.0,2.383339743856041,25,sub-HUP181,01,False
RF08-RF09,0.043149050107656226,True,16.0,16.5,2.168881605872885,26,sub-HUP181,01,False
RA10-RA11,0.040680733505000274,True,24.75,26.75,2.939417222138043,27,sub-HUP181,01,False
LB10-LB11,0.03882532526602256,True,19.5,21.5,2.293071388168653,28,sub-HUP181,01,False
RF10-RF11,0.038486321238502846,True,20.0,21.5,2.321412147066275,29,sub-HUP181,01,False
LA10-LA11,0.03759823014144756,True,20.25,21.75,2.291467780773668,30,sub-HUP181,01,False
LC05-LC06,0.036335016625553745,True,21.25,25.75,2.3057985199484294,31,sub-HUP181,01,False
RG09-RG10,0.03581846049113716,True,21.75,22.75,2.3180284361292216,32,sub-HUP181,01,False
LG01-LG02,0.033149442209098885,True,23.75,25.25,2.3119254350007403,33,sub-HUP181,01,False
LA02-LA03,0.0,False,,,,34,sub-HUP181,01,True
LA03-LA04,0.0,False,,,,34,sub-HUP181,01,True
LA08-LA09,0.0,False,,,,34,sub-HUP181,01,False
LA11-LA12,0.0,False,,,,34,sub-HUP181,01,False
LB01-LB02,0.0,False,,,,34,sub-HUP181,01,True
LB02-LB03,0.0,False,,,,34,sub-HUP181,01,True
LB03-LB04,0.0,False,,,,34,sub-HUP181,01,True
LB04-LB05,0.0,False,,,,34,sub-HUP181,01,True
LB06-LB07,0.0,False,,,,34,sub-HUP181,01,False
LB07-LB08,0.0,False,,,,34,sub-HUP181,01,False
LB08-LB09,0.0,False,,,,34,sub-HUP181,01,False
LB09-LB10,0.0,False,,,,34,sub-HUP181,01,False
LB11-LB12,0.0,False,,,,34,sub-HUP181,01,False
LC01-LC02,0.0,False,,,,34,sub-HUP181,01,False
LC02-LC03,0.0,False,,,,34,sub-HUP181,01,False
LC03-LC04,0.0,False,,,,34,sub-HUP181,01,False
LC04-LC05,0.0,False,,,,34,sub-HUP181,01,False
LC06-LC07,0.0,False,,,,34,sub-HUP181,01,False
LC09-LC10,0.0,False,,,,34,sub-HUP181,01,False
LC10-LC11,0.0,False,,,,34,sub-HUP181,01,False
LC11-LC12,0.0,False,,,,34,sub-HUP181,01,False
LD01-LD02,0.0,False,,,,34,sub-HUP181,01,False
LD02-LD03,0.0,False,,,,34,sub-HUP181,01,False
LD04-LD05,0.0,False,,,,34,sub-HUP181,01,False
LD05-LD06,0.0,False,,,,34,sub-HUP181,01,False
LD07-LD08,0.0,False,,,,34,sub-HUP181,01,False
LD08-LD09,0.0,False,,,,34,sub-HUP181,01,False
LF01-LF02,0.0,False,,,,34,sub-HUP181,01,False
LF03-LF04,0.0,False,,,,34,sub-HUP181,01,False
LF04-LF05,0.0,False,,,,34,sub-HUP181,01,False
LF05-LF06,0.0,False,,,,34,sub-HUP181,01,False
LF06-LF07,0.0,False,,,,34,sub-HUP181,01,False
LF08-LF09,0.0,False,,,,34,sub-HUP181,01,False
LG02-LG03,0.0,False,,,,34,sub-HUP181,01,False
LG03-LG04,0.0,False,,,,34,sub-HUP181,01,False
LG04-LG05,0.0,False,,,,34,sub-HUP181,01,False
LG05-LG06,0.0,False,,,,34,sub-HUP181,01,False
LG06-LG07,0.0,False,,,,34,sub-HUP181,01,False
LG07-LG08,0.0,False,,,,34,sub-HUP181,01,False
LG08-LG09,0.0,False,,,,34,sub-HUP181,01,False
LG09-LG10,0.0,False,,,,34,sub-HUP181,01,False
LG10-LG11,0.0,False,,,,34,sub-HUP181,01,False
LG11-LG12,0.0,False,,,,34,sub-HUP181,01,False
LH01-LH02,0.0,False,,,,34,sub-HUP181,01,False
LH02-LH03,0.0,False,,,,34,sub-HUP181,01,False
LH03-LH04,0.0,False,,,,34,sub-HUP181,01,False
LH04-LH05,0.0,False,,,,34,sub-HUP181,01,False
LH05-LH06,0.0,False,,,,34,sub-HUP181,01,False
LH06-LH07,0.0,False,,,,34,sub-HUP181,01,False
LH07-LH08,0.0,False,,,,34,sub-HUP181,01,False
LH08-LH09,0.0,False,,,,34,sub-HUP181,01,False
LH11-LH12,0.0,False,,,,34,sub-HUP181,01,False
RA01-RA02,0.0,False,,,,34,sub-HUP181,01,False
RA02-RA03,0.0,False,,,,34,sub-HUP181,01,False
RA03-RA04,0.0,False,,,,34,sub-HUP181,01,False
RA04-RA05,0.0,False,,,,34,sub-HUP181,01,False
RA05-RA06,0.0,False,,,,34,sub-HUP181,01,False
RA06-RA07,0.0,False,,,,34,sub-HUP181,01,False
RA07-RA08,0.0,False,,,,34,sub-HUP181,01,False
RA11-RA12,0.0,False,,,,34,sub-HUP181,01,False
RB01-RB02,0.0,False,,,,34,sub-HUP181,01,False
RB02-RB03,0.0,False,,,,34,sub-HUP181,01,False
RB03-RB04,0.0,False,,,,34,sub-HUP181,01,False
RB04-RB05,0.0,False,,,,34,sub-HUP181,01,False
RB06-RB07,0.0,False,,,,34,sub-HUP181,01,False
RB09-RB10,0.0,False,,,,34,sub-HUP181,01,False
RB10-RB11,0.0,False,,,,34,sub-HUP181,01,False
RB11-RB12,0.0,False,,,,34,sub-HUP181,01,False
RE01-RE02,0.0,False,,,,34,sub-HUP181,01,False
RE02-RE03,0.0,False,,,,34,sub-HUP181,01,False
RE03-RE04,0.0,False,,,,34,sub-HUP181,01,False
RE04-RE05,0.0,False,,,,34,sub-HUP181,01,False
RE07-RE08,0.0,False,,,,34,sub-HUP181,01,False
RE08-RE09,0.0,False,,,,34,sub-HUP181,01,False
RE09-RE10,0.0,False,,,,34,sub-HUP181,01,False
RF01-RF02,0.0,False,,,,34,sub-HUP181,01,False
RF02-RF03,0.0,False,,,,34,sub-HUP181,01,False
RF03-RF04,0.0,False,,,,34,sub-HUP181,01,False
RF05-RF06,0.0,False,,,,34,sub-HUP181,01,False
RF06-RF07,0.0,False,,,,34,sub-HUP181,01,False
RG01-RG02,0.0,False,,,,34,sub-HUP181,01,False
RG02-RG03,0.0,False,,,,34,sub-HUP181,01,False
RG03-RG04,0.0,False,,,,34,sub-HUP181,01,False
RG04-RG05,0.0,False,,,,34,sub-HUP181,01,False
RG05-RG06,0.0,False,,,,34,sub-HUP181,01,False
RG06-RG07,0.0,False,,,,34,sub-HUP181,01,False
RG07-RG08,0.0,False,,,,34,sub-HUP181,01,False
RG08-RG09,0.0,False,,,,34,sub-HUP181,01,False
RG11-RG12,0.0,False,,,,34,sub-HUP181,01,False
RA10-RA11,1.0,True,-8.25,-6.75,5.309738884976795,1,sub-HUP181,02,False
LG06-LG07,0.7123838431563307,True,-8.75,-8.0,2.5217147953575862,2,sub-HUP181,02,False
RB09-RB10,0.22413913812467245,True,-5.25,-1.25,3.5703608920372742,3,sub-HUP181,02,False
RA08-RA09,0.18228941119026423,True,-5.25,-4.0,2.9037275247494105,4,sub-HUP181,02,False
RE03-RE04,0.1545687870504489,True,-5.25,-4.0,2.462159697016399,5,sub-HUP181,02,False
LC08-LC09,0.1497446350200823,True,-4.0,-2.25,3.047902160300691,6,sub-HUP181,02,False
LG05-LG06,0.1376607525522748,True,-4.25,-1.0,2.6801230527939346,7,sub-HUP181,02,False
RA01-RA02,0.06160589184642071,True,4.0,5.5,2.998519328572303,8,sub-HUP181,02,False
LA09-LA10,0.05700004471111703,True,8.25,12.5,3.6318642461764084,9,sub-HUP181,02,False
RA02-RA03,0.047317232965428245,True,4.25,5.75,2.3449267501897086,10,sub-HUP181,02,False
LC07-LC08,0.04208414862319852,True,8.75,12.5,2.7559553647574586,11,sub-HUP181,02,False
RG11-RG12,0.04174247217129432,True,16.0,16.75,3.804847941204545,12,sub-HUP181,02,False
LA08-LA09,0.041203976281893075,True,11.5,12.75,3.0994166969614145,13,sub-HUP181,02,False
LA06-LA07,0.038774853432357356,True,12.0,16.25,2.9853230319214252,14,sub-HUP181,02,False
LA10-LA11,0.035935595182559815,True,11.75,12.75,2.734923655037258,15,sub-HUP181,02,False
LB10-LB11,0.034129644009362047,True,8.5,16.75,2.204837224777587,16,sub-HUP181,02,False
LH08-LH09,0.03060001247517807,True,11.25,16.5,2.2746930656831923,17,sub-HUP181,02,False
LB05-LB06,0.028520564818328976,True,14.75,17.0,2.473466949943915,18,sub-HUP181,02,False
LH09-LH10,0.02786170129000099,True,12.75,13.75,2.219075381116896,19,sub-HUP181,02,False
LD03-LD04,0.027668957756196284,True,16.5,30.0,2.571011465834975,20,sub-HUP181,02,False
RF02-RF03,0.02725086183762953,True,16.25,18.25,2.5080459863054565,21,sub-HUP181,02,False
LC06-LC07,0.027217786969969016,True,11.75,13.5,2.071443899670249,22,sub-HUP181,02,False
RB03-RB04,0.026493091458557497,True,13.25,13.75,2.1569614344781565,23,sub-HUP181,02,False
LC02-LC03,0.026153770140564362,True,15.75,16.75,2.360784735169694,24,sub-HUP181,02,False
LB03-LB04,0.024761622147429715,True,16.0,18.5,2.2570346735074915,25,sub-HUP181,02,True
LC01-LC02,0.023906795518675025,True,16.0,17.25,2.1791167839019785,26,sub-HUP181,02,False
LH07-LH08,0.021031657479136965,True,23.25,26.5,2.456797409714705,27,sub-HUP181,02,False
LA01-LA02,0.0,False,,,,28,sub-HUP181,02,True
LA02-LA03,0.0,False,,,,28,sub-HUP181,02,True
LA03-LA04,0.0,False,,,,28,sub-HUP181,02,True
LA04-LA05,0.0,False,,,,28,sub-HUP181,02,True
LA05-LA06,0.0,False,,,,28,sub-HUP181,02,True
LA07-LA08,0.0,False,,,,28,sub-HUP181,02,False
LA11-LA12,0.0,False,,,,28,sub-HUP181,02,False
LB01-LB02,0.0,False,,,,28,sub-HUP181,02,True
LB02-LB03,0.0,False,,,,28,sub-HUP181,02,True
LB04-LB05,0.0,False,,,,28,sub-HUP181,02,True
LB06-LB07,0.0,False,,,,28,sub-HUP181,02,False
LB07-LB08,0.0,False,,,,28,sub-HUP181,02,False
LB08-LB09,0.0,False,,,,28,sub-HUP181,02,False
LB09-LB10,0.0,False,,,,28,sub-HUP181,02,False
LB11-LB12,0.0,False,,,,28,sub-HUP181,02,False
LC03-LC04,0.0,False,,,,28,sub-HUP181,02,False
LC04-LC05,0.0,False,,,,28,sub-HUP181,02,False
LC05-LC06,0.0,False,,,,28,sub-HUP181,02,False
LC09-LC10,0.0,False,,,,28,sub-HUP181,02,False
LC10-LC11,0.0,False,,,,28,sub-HUP181,02,False
LC11-LC12,0.0,False,,,,28,sub-HUP181,02,False
LD01-LD02,0.0,False,,,,28,sub-HUP181,02,False
LD02-LD03,0.0,False,,,,28,sub-HUP181,02,False
LD04-LD05,0.0,False,,,,28,sub-HUP181,02,False
LD05-LD06,0.0,False,,,,28,sub-HUP181,02,False
LD06-LD07,0.0,False,,,,28,sub-HUP181,02,False
LD07-LD08,0.0,False,,,,28,sub-HUP181,02,False
LD08-LD09,0.0,False,,,,28,sub-HUP181,02,False
LD09-LD10,0.0,False,,,,28,sub-HUP181,02,False
LF01-LF02,0.0,False,,,,28,sub-HUP181,02,False
LF02-LF03,0.0,False,,,,28,sub-HUP181,02,False
LF03-LF04,0.0,False,,,,28,sub-HUP181,02,False
LF04-LF05,0.0,False,,,,28,sub-HUP181,02,False
LF05-LF06,0.0,False,,,,28,sub-HUP181,02,False
LF06-LF07,0.0,False,,,,28,sub-HUP181,02,False
LF07-LF08,0.0,False,,,,28,sub-HUP181,02,False
LF08-LF09,0.0,False,,,,28,sub-HUP181,02,False
LG01-LG02,0.0,False,,,,28,sub-HUP181,02,False
LG02-LG03,0.0,False,,,,28,sub-HUP181,02,False
LG03-LG04,0.0,False,,,,28,sub-HUP181,02,False
LG04-LG05,0.0,False,,,,28,sub-HUP181,02,False
LG07-LG08,0.0,False,,,,28,sub-HUP181,02,False
LG08-LG09,0.0,False,,,,28,sub-HUP181,02,False
LG09-LG10,0.0,False,,,,28,sub-HUP181,02,False
LG10-LG11,0.0,False,,,,28,sub-HUP181,02,False
LG11-LG12,0.0,False,,,,28,sub-HUP181,02,False
LH01-LH02,0.0,False,,,,28,sub-HUP181,02,False
LH02-LH03,0.0,False,,,,28,sub-HUP181,02,False
LH03-LH04,0.0,False,,,,28,sub-HUP181,02,False
LH04-LH05,0.0,False,,,,28,sub-HUP181,02,False
LH05-LH06,0.0,False,,,,28,sub-HUP181,02,False
LH06-LH07,0.0,False,,,,28,sub-HUP181,02,False
LH10-LH11,0.0,False,,,,28,sub-HUP181,02,False
LH11-LH12,0.0,False,,,,28,sub-HUP181,02,False
RA03-RA04,0.0,False,,,,28,sub-HUP181,02,False
RA04-RA05,0.0,False,,,,28,sub-HUP181,02,False
RA05-RA06,0.0,False,,,,28,sub-HUP181,02,False
RA06-RA07,0.0,False,,,,28,sub-HUP181,02,False
RA07-RA08,0.0,False,,,,28,sub-HUP181,02,False
RA09-RA10,0.0,False,,,,28,sub-HUP181,02,False
RA11-RA12,0.0,False,,,,28,sub-HUP181,02,False
RB01-RB02,0.0,False,,,,28,sub-HUP181,02,False
RB02-RB03,0.0,False,,,,28,sub-HUP181,02,False
RB04-RB05,0.0,False,,,,28,sub-HUP181,02,False
RB05-RB06,0.0,False,,,,28,sub-HUP181,02,False
RB06-RB07,0.0,False,,,,28,sub-HUP181,02,False
RB07-RB08,0.0,False,,,,28,sub-HUP181,02,False
RB08-RB09,0.0,False,,,,28,sub-HUP181,02,False
RB10-RB11,0.0,False,,,,28,sub-HUP181,02,False
RB11-RB12,0.0,False,,,,28,sub-HUP181,02,False
RE01-RE02,0.0,False,,,,28,sub-HUP181,02,False
RE02-RE03,0.0,False,,,,28,sub-HUP181,02,False
RE04-RE05,0.0,False,,,,28,sub-HUP181,02,False
RE07-RE08,0.0,False,,,,28,sub-HUP181,02,False
RE08-RE09,0.0,False,,,,28,sub-HUP181,02,False
RE09-RE10,0.0,False,,,,28,sub-HUP181,02,False
RF01-RF02,0.0,False,,,,28,sub-HUP181,02,False
RF03-RF04,0.0,False,,,,28,sub-HUP181,02,False
RF04-RF05,0.0,False,,,,28,sub-HUP181,02,False
RF05-RF06,0.0,False,,,,28,sub-HUP181,02,False
RF06-RF07,0.0,False,,,,28,sub-HUP181,02,False
RF07-RF08,0.0,False,,,,28,sub-HUP181,02,False
RF08-RF09,0.0,False,,,,28,sub-HUP181,02,False
RF09-RF10,0.0,False,,,,28,sub-HUP181,02,False
RF10-RF11,0.0,False,,,,28,sub-HUP181,02,False
RG01-RG02,0.0,False,,,,28,sub-HUP181,02,False
RG02-RG03,0.0,False,,,,28,sub-HUP181,02,False
RG03-RG04,0.0,False,,,,28,sub-HUP181,02,False
RG04-RG05,0.0,False,,,,28,sub-HUP181,02,False
RG05-RG06,0.0,False,,,,28,sub-HUP181,02,False
RG06-RG07,0.0,False,,,,28,sub-HUP181,02,False
RG07-RG08,0.0,False,,,,28,sub-HUP181,02,False
RG08-RG09,0.0,False,,,,28,sub-HUP181,02,False
RG09-RG10,0.0,False,,,,28,sub-HUP181,02,False
RG10-RG11,0.0,False,,,,28,sub-HUP181,02,False
LD01-LD02,1.0,True,-5.0,-2.0,3.1383804812252345,1,sub-HUP181,03,False
LH02-LH03,0.608030021066121,True,-5.0,2.25,1.9082295501128825,2,sub-HUP181,03,False
RA08-RA09,0.40588125318125895,True,-4.25,1.25,2.2291671546887764,3,sub-HUP181,03,False
LA11-LA12,0.3244304809000316,True,-2.25,1.0,3.8181985828919083,4,sub-HUP181,03,False
LA09-LA10,0.2964391391165174,True,-2.75,-1.25,3.023601126242093,5,sub-HUP181,03,False
LC08-LC09,0.23809478885226482,True,-2.0,-0.75,2.988928152061566,6,sub-HUP181,03,False
LB09-LB10,0.18164587477597458,True,-1.5,1.0,2.5653324055140083,7,sub-HUP181,03,False
LB08-LB09,0.14512777445027325,True,3.75,5.75,4.44079520252936,8,sub-HUP181,03,False
LH01-LH02,0.13257876514167613,True,0.0,2.5,2.4964956524734854,9,sub-HUP181,03,False
LC06-LC07,0.10221765147284814,True,3.0,4.75,2.887180939971634,10,sub-HUP181,03,False
LC07-LC08,0.09210529759746457,True,3.25,8.5,2.67381858082525,11,sub-HUP181,03,False
RB02-RB03,0.05968351544795117,True,4.75,6.0,2.0135779842771133,12,sub-HUP181,03,False
RA01-RA02,0.05916876759765309,True,6.25,7.5,2.2747527902511755,13,sub-HUP181,03,False
LA06-LA07,0.05792168034326886,True,7.75,8.25,2.4994787266498824,14,sub-HUP181,03,False
RB09-RB10,0.04704557986919887,True,12.5,13.75,2.7314681974042063,15,sub-HUP181,03,False
RA07-RA08,0.04102199933746036,True,8.0,9.0,1.8023969883012814,16,sub-HUP181,03,False
LD08-LD09,0.0395507224477162,True,13.75,22.5,2.451473003128318,17,sub-HUP181,03,False
LH10-LH11,0.03281297859516622,True,13.25,29.0,1.9823575224131738,18,sub-HUP181,03,False
LD03-LD04,0.03004860112374334,True,17.0,18.0,2.1689906948622113,19,sub-HUP181,03,False
LA07-LA08,0.02675037425974975,True,28.25,29.0,2.8753851961476977,20,sub-HUP181,03,False
LH07-LH08,0.02412315353497534,True,14.5,20.75,1.5520065010952055,21,sub-HUP181,03,False
RB03-RB04,0.024103319194892604,True,23.25,25.5,2.21262755494928,22,sub-HUP181,03,False
RA04-RA05,0.023416157693905985,True,22.5,24.5,2.0944311491776295,23,sub-HUP181,03,False
LH08-LH09,0.02222301036307126,True,15.0,26.0,1.4646295011081079,24,sub-HUP181,03,False
LH09-LH10,0.021394312553524496,True,17.0,25.25,1.5443003373259057,25,sub-HUP181,03,False
LA10-LA11,0.020588034396456078,True,27.75,29.75,2.1806916287613136,26,sub-HUP181,03,False
LA01-LA02,0.0,False,,,,27,sub-HUP181,03,True
LA02-LA03,0.0,False,,,,27,sub-HUP181,03,True
LA03-LA04,0.0,False,,,,27,sub-HUP181,03,True
LA04-LA05,0.0,False,,,,27,sub-HUP181,03,True
LA05-LA06,0.0,False,,,,27,sub-HUP181,03,True
LA08-LA09,0.0,False,,,,27,sub-HUP181,03,False
LB01-LB02,0.0,False,,,,27,sub-HUP181,03,True
LB02-LB03,0.0,False,,,,27,sub-HUP181,03,True
LB03-LB04,0.0,False,,,,27,sub-HUP181,03,True
LB04-LB05,0.0,False,,,,27,sub-HUP181,03,True
LB05-LB06,0.0,False,,,,27,sub-HUP181,03,False
LB06-LB07,0.0,False,,,,27,sub-HUP181,03,False
LB07-LB08,0.0,False,,,,27,sub-HUP181,03,False
LB10-LB11,0.0,False,,,,27,sub-HUP181,03,False
LB11-LB12,0.0,False,,,,27,sub-HUP181,03,False
LC01-LC02,0.0,False,,,,27,sub-HUP181,03,False
LC02-LC03,0.0,False,,,,27,sub-HUP181,03,False
LC03-LC04,0.0,False,,,,27,sub-HUP181,03,False
LC04-LC05,0.0,False,,,,27,sub-HUP181,03,False
LC05-LC06,0.0,False,,,,27,sub-HUP181,03,False
LC09-LC10,0.0,False,,,,27,sub-HUP181,03,False
LC10-LC11,0.0,False,,,,27,sub-HUP181,03,False
LC11-LC12,0.0,False,,,,27,sub-HUP181,03,False
LD02-LD03,0.0,False,,,,27,sub-HUP181,03,False
LD04-LD05,0.0,False,,,,27,sub-HUP181,03,False
LD05-LD06,0.0,False,,,,27,sub-HUP181,03,False
LD06-LD07,0.0,False,,,,27,sub-HUP181,03,False
LD07-LD08,0.0,False,,,,27,sub-HUP181,03,False
LD09-LD10,0.0,False,,,,27,sub-HUP181,03,False
LF01-LF02,0.0,False,,,,27,sub-HUP181,03,False
LF02-LF03,0.0,False,,,,27,sub-HUP181,03,False
LF03-LF04,0.0,False,,,,27,sub-HUP181,03,False
LF04-LF05,0.0,False,,,,27,sub-HUP181,03,False
LF05-LF06,0.0,False,,,,27,sub-HUP181,03,False
LF06-LF07,0.0,False,,,,27,sub-HUP181,03,False
LF07-LF08,0.0,False,,,,27,sub-HUP181,03,False
LF08-LF09,0.0,False,,,,27,sub-HUP181,03,False
LG01-LG02,0.0,False,,,,27,sub-HUP181,03,False
LG02-LG03,0.0,False,,,,27,sub-HUP181,03,False
LG03-LG04,0.0,False,,,,27,sub-HUP181,03,False
LG04-LG05,0.0,False,,,,27,sub-HUP181,03,False
LG05-LG06,0.0,False,,,,27,sub-HUP181,03,False
LG06-LG07,0.0,False,,,,27,sub-HUP181,03,False
LG07-LG08,0.0,False,,,,27,sub-HUP181,03,False
LG08-LG09,0.0,False,,,,27,sub-HUP181,03,False
LG09-LG10,0.0,False,,,,27,sub-HUP181,03,False
LG10-LG11,0.0,False,,,,27,sub-HUP181,03,False
LG11-LG12,0.0,False,,,,27,sub-HUP181,03,False
LH03-LH04,0.0,False,,,,27,sub-HUP181,03,False
LH04-LH05,0.0,False,,,,27,sub-HUP181,03,False
LH05-LH06,0.0,False,,,,27,sub-HUP181,03,False
LH06-LH07,0.0,False,,,,27,sub-HUP181,03,False
LH11-LH12,0.0,False,,,,27,sub-HUP181,03,False
RA02-RA03,0.0,False,,,,27,sub-HUP181,03,False
RA03-RA04,0.0,False,,,,27,sub-HUP181,03,False
RA05-RA06,0.0,False,,,,27,sub-HUP181,03,False
RA06-RA07,0.0,False,,,,27,sub-HUP181,03,False
RA09-RA10,0.0,False,,,,27,sub-HUP181,03,False
RA10-RA11,0.0,False,,,,27,sub-HUP181,03,False
RA11-RA12,0.0,False,,,,27,sub-HUP181,03,False
RB01-RB02,0.0,False,,,,27,sub-HUP181,03,False
RB04-RB05,0.0,False,,,,27,sub-HUP181,03,False
RB05-RB06,0.0,False,,,,27,sub-HUP181,03,False
RB06-RB07,0.0,False,,,,27,sub-HUP181,03,False
RB07-RB08,0.0,False,,,,27,sub-HUP181,03,False
RB08-RB09,0.0,False,,,,27,sub-HUP181,03,False
RB10-RB11,0.0,False,,,,27,sub-HUP181,03,False
RB11-RB12,0.0,False,,,,27,sub-HUP181,03,False
RE01-RE02,0.0,False,,,,27,sub-HUP181,03,False
RE02-RE03,0.0,False,,,,27,sub-HUP181,03,False
RE03-RE04,0.0,False,,,,27,sub-HUP181,03,False
RE04-RE05,0.0,False,,,,27,sub-HUP181,03,False
RE07-RE08,0.0,False,,,,27,sub-HUP181,03,False
RE08-RE09,0.0,False,,,,27,sub-HUP181,03,False
RE09-RE10,0.0,False,,,,27,sub-HUP181,03,False
RF01-RF02,0.0,False,,,,27,sub-HUP181,03,False
RF02-RF03,0.0,False,,,,27,sub-HUP181,03,False
RF03-RF04,0.0,False,,,,27,sub-HUP181,03,False
RF04-RF05,0.0,False,,,,27,sub-HUP181,03,False
RF05-RF06,0.0,False,,,,27,sub-HUP181,03,False
RF06-RF07,0.0,False,,,,27,sub-HUP181,03,False
RF07-RF08,0.0,False,,,,27,sub-HUP181,03,False
RF08-RF09,0.0,False,,,,27,sub-HUP181,03,False
RF09-RF10,0.0,False,,,,27,sub-HUP181,03,False
RF10-RF11,0.0,False,,,,27,sub-HUP181,03,False
RG01-RG02,0.0,False,,,,27,sub-HUP181,03,False
RG02-RG03,0.0,False,,,,27,sub-HUP181,03,False
RG03-RG04,0.0,False,,,,27,sub-HUP181,03,False
RG04-RG05,0.0,False,,,,27,sub-HUP181,03,False
RG05-RG06,0.0,False,,,,27,sub-HUP181,03,False
RG06-RG07,0.0,False,,,,27,sub-HUP181,03,False
RG07-RG08,0.0,False,,,,27,sub-HUP181,03,False
RG08-RG09,0.0,False,,,,27,sub-HUP181,03,False
RG09-RG10,0.0,False,,,,27,sub-HUP181,03,False
RG10-RG11,0.0,False,,,,27,sub-HUP181,03,False
RG11-RG12,0.0,False,,,,27,sub-HUP181,03,False
LH07-LH08,1.0,True,-9.5,-9.0,7.421180755520585,1,sub-HUP185,01,False
LH05-LH06,0.8278853692098426,True,-9.75,-9.0,4.91510957580571,2,sub-HUP185,01,False
LH04-LH05,0.7868921015914622,True,-9.5,-9.0,5.839668521001708,3,sub-HUP185,01,False
RB05-RB06,0.5402742652845365,True,-9.5,-8.75,4.009472980232625,4,sub-HUP185,01,False
RB06-RB07,0.3196616638922787,True,-6.75,-4.5,7.591254362736218,5,sub-HUP185,01,False
LC08-LC09,0.2836809987679319,True,-7.0,-6.0,6.315743906290305,6,sub-HUP185,01,False
LD08-LD09,0.2806905019870668,True,-7.5,-6.75,5.415942874169965,7,sub-HUP185,01,False
LB09-LB10,0.24972050673550042,True,-4.5,-2.25,9.266105094221722,8,sub-HUP185,01,False
RA06-RA07,0.24167681356616044,True,-7.5,-6.5,4.663171026521089,9,sub-HUP185,01,False
RB09-RB10,0.20580832187521836,True,-7.5,-4.75,3.9710859698285277,10,sub-HUP185,01,False
LC06-LC07,0.1997404734295147,True,-4.5,-3.75,7.411550787568426,11,sub-HUP185,01,False
RA08-RA09,0.19859203929673883,True,-7.0,-4.5,4.421362260685638,12,sub-HUP185,01,False
RB10-RB11,0.1876053520000896,True,-7.5,-3.75,3.6198583925288985,13,sub-HUP185,01,False
LG08-LG09,0.17725228204610238,True,-7.25,-6.75,3.6831794282993977,14,sub-HUP185,01,False
RB07-RB08,0.1654711311912032,True,-6.75,-4.25,3.9295717580492138,15,sub-HUP185,01,False
LC07-LC08,0.1417391268354805,True,-6.25,-3.75,3.7867380493527336,16,sub-HUP185,01,False
LG11-LG12,0.14051998063730695,True,-7.25,-6.0,2.9199076930007815,17,sub-HUP185,01,False
RA09-RA10,0.11984224986843657,True,-7.0,-4.0,2.6681129952657927,18,sub-HUP185,01,False
LB04-LB05,0.11234339215557568,True,-6.0,-2.25,3.1681383555244698,19,sub-HUP185,01,False
LB05-LB06,0.0940750216942304,True,-4.75,-2.5,3.3511091547475402,20,sub-HUP185,01,False
RA07-RA08,0.09279863642091715,True,-5.25,-4.0,3.0301720008800332,21,sub-HUP185,01,False
LB11-LB12,0.08101780078685084,True,-4.5,-2.25,3.0062387202698897,22,sub-HUP185,01,False
LB06-LB07,0.07943364841981275,True,-4.5,-2.0,2.9474573149695127,23,sub-HUP185,01,False
LA07-LA08,0.07624556511081686,True,-4.5,-1.75,2.829160602470929,24,sub-HUP185,01,False
LB03-LB04,0.04969177606512284,True,-2.25,-0.25,2.5076472352464707,25,sub-HUP185,01,True
LA08-LA09,0.033488664157592385,True,6.25,6.75,3.3799458476520656,26,sub-HUP185,01,False
RA03-RA04,0.031059238404024987,True,1.5,6.5,2.258862978785746,27,sub-HUP185,01,False
LE07-LE08,0.02510060494043185,True,5.5,6.5,2.4215896423661514,28,sub-HUP185,01,False
LA04-LA05,0.02504477895072816,True,7.0,8.5,2.6392380083708344,29,sub-HUP185,01,False
LB07-LB08,0.0197237290158141,True,20.5,22.5,3.6593339549815638,30,sub-HUP185,01,False
LB08-LB09,0.016458398967045245,True,20.5,24.75,3.0535188420229016,31,sub-HUP185,01,False
RB08-RB09,0.01591996416171763,True,15.5,16.75,2.481043564975842,32,sub-HUP185,01,False
LC05-LC06,0.01320074361085728,True,25.5,26.0,2.8409880288602056,33,sub-HUP185,01,False
RA05-RA06,0.011718891765772637,True,20.25,21.5,2.156806748394877,34,sub-HUP185,01,False
LA01-LA02,0.0,False,,,,35,sub-HUP185,01,True
LA02-LA03,0.0,False,,,,35,sub-HUP185,01,True
LA03-LA04,0.0,False,,,,35,sub-HUP185,01,True
LA05-LA06,0.0,False,,,,35,sub-HUP185,01,False
LA06-LA07,0.0,False,,,,35,sub-HUP185,01,False
LA09-LA10,0.0,False,,,,35,sub-HUP185,01,False
LB01-LB02,0.0,False,,,,35,sub-HUP185,01,True
LB02-LB03,0.0,False,,,,35,sub-HUP185,01,True
LB10-LB11,0.0,False,,,,35,sub-HUP185,01,False
LC01-LC02,0.0,False,,,,35,sub-HUP185,01,False
LC02-LC03,0.0,False,,,,35,sub-HUP185,01,False
LC03-LC04,0.0,False,,,,35,sub-HUP185,01,False
LC04-LC05,0.0,False,,,,35,sub-HUP185,01,False
LC11-LC12,0.0,False,,,,35,sub-HUP185,01,False
LD01-LD02,0.0,False,,,,35,sub-HUP185,01,False
LD02-LD03,0.0,False,,,,35,sub-HUP185,01,False
LD03-LD04,0.0,False,,,,35,sub-HUP185,01,False
LD04-LD05,0.0,False,,,,35,sub-HUP185,01,False
LD05-LD06,0.0,False,,,,35,sub-HUP185,01,False
LD06-LD07,0.0,False,,,,35,sub-HUP185,01,False
LD07-LD08,0.0,False,,,,35,sub-HUP185,01,False
LD09-LD10,0.0,False,,,,35,sub-HUP185,01,False
LD10-LD11,0.0,False,,,,35,sub-HUP185,01,False
LD11-LD12,0.0,False,,,,35,sub-HUP185,01,False
LE01-LE02,0.0,False,,,,35,sub-HUP185,01,False
LE02-LE03,0.0,False,,,,35,sub-HUP185,01,False
LE03-LE04,0.0,False,,,,35,sub-HUP185,01,False
LE04-LE05,0.0,False,,,,35,sub-HUP185,01,False
LE05-LE06,0.0,False,,,,35,sub-HUP185,01,False
LE06-LE07,0.0,False,,,,35,sub-HUP185,01,False
LE08-LE09,0.0,False,,,,35,sub-HUP185,01,False
LE09-LE10,0.0,False,,,,35,sub-HUP185,01,False
LE10-LE11,0.0,False,,,,35,sub-HUP185,01,False
LE11-LE12,0.0,False,,,,35,sub-HUP185,01,False
LF01-LF02,0.0,False,,,,35,sub-HUP185,01,False
LF02-LF03,0.0,False,,,,35,sub-HUP185,01,False
LF03-LF04,0.0,False,,,,35,sub-HUP185,01,False
LF04-LF05,0.0,False,,,,35,sub-HUP185,01,False
LF05-LF06,0.0,False,,,,35,sub-HUP185,01,False
LF06-LF07,0.0,False,,,,35,sub-HUP185,01,False
LF07-LF08,0.0,False,,,,35,sub-HUP185,01,False
LF08-LF09,0.0,False,,,,35,sub-HUP185,01,False
LF09-LF10,0.0,False,,,,35,sub-HUP185,01,False
LF10-LF11,0.0,False,,,,35,sub-HUP185,01,False
LG01-LG02,0.0,False,,,,35,sub-HUP185,01,False
LG02-LG03,0.0,False,,,,35,sub-HUP185,01,False
LG03-LG04,0.0,False,,,,35,sub-HUP185,01,False
LG04-LG05,0.0,False,,,,35,sub-HUP185,01,False
LG05-LG06,0.0,False,,,,35,sub-HUP185,01,False
LG06-LG07,0.0,False,,,,35,sub-HUP185,01,False
LG07-LG08,0.0,False,,,,35,sub-HUP185,01,False
LG09-LG10,0.0,False,,,,35,sub-HUP185,01,False
LG10-LG11,0.0,False,,,,35,sub-HUP185,01,False
LH01-LH02,0.0,False,,,,35,sub-HUP185,01,False
LH02-LH03,0.0,False,,,,35,sub-HUP185,01,False
LH03-LH04,0.0,False,,,,35,sub-HUP185,01,False
LH06-LH07,0.0,False,,,,35,sub-HUP185,01,False
LH08-LH09,0.0,False,,,,35,sub-HUP185,01,False
LH09-LH10,0.0,False,,,,35,sub-HUP185,01,False
LH10-LH11,0.0,False,,,,35,sub-HUP185,01,False
RA01-RA02,0.0,False,,,,35,sub-HUP185,01,False
RA02-RA03,0.0,False,,,,35,sub-HUP185,01,False
RA04-RA05,0.0,False,,,,35,sub-HUP185,01,False
RB01-RB02,0.0,False,,,,35,sub-HUP185,01,False
RB02-RB03,0.0,False,,,,35,sub-HUP185,01,False
RB11-RB12,0.0,False,,,,35,sub-HUP185,01,False
LA07-LA08,1.0,True,-8.5,-7.5,3.232251923481569,1,sub-HUP185,02,False
LB07-LB08,0.9958346333487234,True,-8.5,-6.75,3.2187884091109744,2,sub-HUP185,02,False
LA05-LA06,0.5317303353462003,True,-7.75,-6.5,3.0077011985934474,3,sub-HUP185,02,False
LD01-LD02,0.16571328111198208,True,-5.0,-1.0,2.4103218222929073,4,sub-HUP185,02,False
RA02-RA03,0.12416872840647118,True,-1.75,-1.0,3.110420737017597,5,sub-HUP185,02,False
LA08-LA09,0.08565304283819988,True,1.25,3.0,2.9761612840075737,6,sub-HUP185,02,False
LB09-LB10,0.08554747233853659,True,1.5,2.25,3.041620802167434,7,sub-HUP185,02,False
LH10-LH11,0.0690485055690438,True,27.75,29.5,8.313535643980345,8,sub-HUP185,02,False
LA04-LA05,0.06618909728160725,True,5.5,6.0,3.2090975550297562,9,sub-HUP185,02,False
LG07-LG08,0.06611003071782466,True,25.5,28.5,7.478949588219004,10,sub-HUP185,02,False
LH09-LH10,0.05718955544013498,True,28.75,29.75,7.0705526844720294,11,sub-HUP185,02,False
LB08-LB09,0.05446608653154548,True,1.5,2.75,1.9365292425171163,12,sub-HUP185,02,False
LD05-LD06,0.05341093512216989,True,27.75,28.75,6.430750517438464,13,sub-HUP185,02,False
RB06-RB07,0.0477907491244114,True,11.0,12.25,3.16667068603108,14,sub-HUP185,02,False
LB03-LB04,0.043345380446486545,True,5.75,6.75,2.1365736371634974,15,sub-HUP185,02,True
LH05-LH06,0.042323960859873236,True,27.5,29.0,5.061663044251305,16,sub-HUP185,02,False
LC08-LC09,0.03900294453940613,True,16.75,17.5,3.3092677408596862,17,sub-HUP185,02,False
LG09-LG10,0.038199901159453535,True,27.5,29.75,4.568453047979633,18,sub-HUP185,02,False
LG11-LG12,0.03760228418611286,True,27.25,29.5,4.466597035503998,19,sub-HUP185,02,False
LE06-LE07,0.03673403260585375,True,28.25,29.5,4.482195194918331,20,sub-HUP185,02,False
RB11-RB12,0.03588173298735708,True,11.0,12.5,2.377565409557858,21,sub-HUP185,02,False
LF07-LF08,0.033760049206757056,True,28.5,30.0,4.146597391444171,22,sub-HUP185,02,False
LF06-LF07,0.03367059770130304,True,28.5,30.0,4.135610459022812,23,sub-HUP185,02,False
LH06-LH07,0.03323920398594658,True,27.75,29.75,4.002046167941811,24,sub-HUP185,02,False
LF05-LF06,0.0330508153160915,True,28.5,30.0,4.059485332366693,25,sub-HUP185,02,False
RB10-RB11,0.03234204606808551,True,10.75,12.5,2.116887222411203,26,sub-HUP185,02,False
LG02-LG03,0.03206307488688343,True,25.5,28.25,3.6272577416551903,27,sub-HUP185,02,False
RB09-RB10,0.031815765675734055,True,11.25,12.25,2.1338588234004288,28,sub-HUP185,02,False
LG05-LG06,0.031224930555493337,True,27.75,30.0,3.759524858859298,29,sub-HUP185,02,False
RB05-RB06,0.03096514836700313,True,11.25,12.5,2.0768085776803646,30,sub-HUP185,02,False
LD08-LD09,0.03055012217030461,True,26.25,29.0,3.5301584585254133,31,sub-HUP185,02,False
LG04-LG05,0.0303159316838075,True,27.75,29.75,3.6500801365178184,32,sub-HUP185,02,False
LB10-LB11,0.02907208702829831,True,16.75,21.5,2.466668116942071,33,sub-HUP185,02,False
LB02-LB03,0.028881817847938095,True,11.5,13.5,1.9604195371454867,34,sub-HUP185,02,True
LB06-LB07,0.028818120836127427,True,24.75,26.25,3.190299357751628,35,sub-HUP185,02,False
LB11-LB12,0.02704360706734621,True,20.25,22.75,2.6004995910989592,36,sub-HUP185,02,False
RA05-RA06,0.0269130004736008,True,16.5,21.75,2.261729536233871,37,sub-HUP185,02,False
LG06-LG07,0.026578550826204226,True,27.5,29.25,3.178617165159997,38,sub-HUP185,02,False
RA08-RA09,0.026251098692653164,True,25.75,27.75,2.990968289559853,39,sub-HUP185,02,False
LD06-LD07,0.02569828896303217,True,27.5,29.75,3.073343725444999,40,sub-HUP185,02,False
LC06-LC07,0.0256180075201667,True,16.75,17.25,2.173601169674133,41,sub-HUP185,02,False
LG10-LG11,0.024811402373206976,True,15.0,16.5,1.9648192246042988,42,sub-HUP185,02,False
LE03-LE04,0.02431190458996186,True,28.75,29.5,3.0057691643209767,43,sub-HUP185,02,False
LF01-LF02,0.023797127089301838,True,19.0,26.75,2.1921718295203396,44,sub-HUP185,02,False
LG03-LG04,0.02361456059330209,True,25.5,29.5,2.671487311495546,45,sub-HUP185,02,False
LH04-LH05,0.023302853854509396,True,26.5,29.25,2.711544990978524,46,sub-HUP185,02,False
LF09-LF10,0.023109932677316616,True,21.0,24.0,2.2782622926074794,47,sub-HUP185,02,False
LG01-LG02,0.022550613542577123,True,25.75,30.0,2.569346555953626,48,sub-HUP185,02,False
LH07-LH08,0.022292450618302664,True,15.25,16.75,1.7833567056556354,49,sub-HUP185,02,False
LF04-LF05,0.02214588242562023,True,25.0,29.5,2.4695469518255644,50,sub-HUP185,02,False
LG08-LG09,0.021930728351921707,True,25.75,30.0,2.498718771184488,51,sub-HUP185,02,False
LD07-LD08,0.0218710299445009,True,25.0,29.25,2.4388974119289433,52,sub-HUP185,02,False
RB07-RB08,0.021345505511365787,True,25.75,29.75,2.432040306449647,53,sub-HUP185,02,False
LD04-LD05,0.020688845524742233,True,27.5,29.0,2.474247747452562,54,sub-HUP185,02,False
LH03-LH04,0.019313888047709615,True,25.0,30.0,2.1537436368280396,55,sub-HUP185,02,False
LC07-LC08,0.01925685831375911,True,23.75,28.75,2.069580326051593,56,sub-HUP185,02,False
LH02-LH03,0.01902769638083131,True,26.25,28.75,2.1987075190925593,57,sub-HUP185,02,False
LC04-LC05,0.018299437354958335,True,25.75,26.5,2.084980803519108,58,sub-HUP185,02,False
LA01-LA02,0.0,False,,,,59,sub-HUP185,02,True
LA02-LA03,0.0,False,,,,59,sub-HUP185,02,True
LA03-LA04,0.0,False,,,,59,sub-HUP185,02,True
LA06-LA07,0.0,False,,,,59,sub-HUP185,02,False
LA09-LA10,0.0,False,,,,59,sub-HUP185,02,False
LB01-LB02,0.0,False,,,,59,sub-HUP185,02,True
LB04-LB05,0.0,False,,,,59,sub-HUP185,02,False
LB05-LB06,0.0,False,,,,59,sub-HUP185,02,False
LC01-LC02,0.0,False,,,,59,sub-HUP185,02,False
LC02-LC03,0.0,False,,,,59,sub-HUP185,02,False
LC03-LC04,0.0,False,,,,59,sub-HUP185,02,False
LC05-LC06,0.0,False,,,,59,sub-HUP185,02,False
LC11-LC12,0.0,False,,,,59,sub-HUP185,02,False
LD02-LD03,0.0,False,,,,59,sub-HUP185,02,False
LD03-LD04,0.0,False,,,,59,sub-HUP185,02,False
LD09-LD10,0.0,False,,,,59,sub-HUP185,02,False
LD10-LD11,0.0,False,,,,59,sub-HUP185,02,False
LD11-LD12,0.0,False,,,,59,sub-HUP185,02,False
LE01-LE02,0.0,False,,,,59,sub-HUP185,02,False
LE02-LE03,0.0,False,,,,59,sub-HUP185,02,False
LE04-LE05,0.0,False,,,,59,sub-HUP185,02,False
LE05-LE06,0.0,False,,,,59,sub-HUP185,02,False
LE07-LE08,0.0,False,,,,59,sub-HUP185,02,False
LE08-LE09,0.0,False,,,,59,sub-HUP185,02,False
LE09-LE10,0.0,False,,,,59,sub-HUP185,02,False
LE10-LE11,0.0,False,,,,59,sub-HUP185,02,False
LE11-LE12,0.0,False,,,,59,sub-HUP185,02,False
LF02-LF03,0.0,False,,,,59,sub-HUP185,02,False
LF03-LF04,0.0,False,,,,59,sub-HUP185,02,False
LF08-LF09,0.0,False,,,,59,sub-HUP185,02,False
LF10-LF11,0.0,False,,,,59,sub-HUP185,02,False
LH01-LH02,0.0,False,,,,59,sub-HUP185,02,False
LH08-LH09,0.0,False,,,,59,sub-HUP185,02,False
RA01-RA02,0.0,False,,,,59,sub-HUP185,02,False
RA03-RA04,0.0,False,,,,59,sub-HUP185,02,False
RA04-RA05,0.0,False,,,,59,sub-HUP185,02,False
RA06-RA07,0.0,False,,,,59,sub-HUP185,02,False
RA07-RA08,0.0,False,,,,59,sub-HUP185,02,False
RA09-RA10,0.0,False,,,,59,sub-HUP185,02,False
RB01-RB02,0.0,False,,,,59,sub-HUP185,02,False
RB02-RB03,0.0,False,,,,59,sub-HUP185,02,False
RB08-RB09,0.0,False,,,,59,sub-HUP185,02,False
LA08-LA09,1.0,True,-6.75,-6.25,17.155922471416584,1,sub-HUP185,03,False
LD08-LD09,0.9636505007928831,True,-9.25,-8.75,4.723518080326992,2,sub-HUP185,03,False
LG11-LG12,0.8930067964938289,True,-9.25,-8.25,4.37724439059892,3,sub-HUP185,03,False
LA07-LA08,0.7943354698688013,True,-8.5,-6.25,6.813778868682711,4,sub-HUP185,03,False
LB09-LB10,0.5201430546767742,True,-8.75,-6.25,3.8243716800345156,5,sub-HUP185,03,False
LA09-LA10,0.3860760855884705,True,-7.0,-5.5,6.150384864393523,6,sub-HUP185,03,False
LA05-LA06,0.34858657738951543,True,-6.5,-5.25,6.407490317433198,7,sub-HUP185,03,False
LA06-LA07,0.2726962380397865,True,-6.5,-5.25,5.0125237693473625,8,sub-HUP185,03,False
LC06-LC07,0.2626164117436554,True,-7.75,-6.0,3.2181619997112634,9,sub-HUP185,03,False
LB05-LB06,0.20883212322598602,True,-6.75,-6.0,3.582707715606331,10,sub-HUP185,03,False
LB07-LB08,0.1848615765728703,True,-7.5,-5.25,2.4918699737077175,11,sub-HUP185,03,False
LB06-LB07,0.16515217285086142,True,-7.0,-5.25,2.6309565967428434,12,sub-HUP185,03,False
RB06-RB07,0.1332191970814693,True,-6.75,-5.75,2.2854982168340543,13,sub-HUP185,03,False
LH10-LH11,0.12554520699145408,True,-2.5,-1.25,4.769225640850239,14,sub-HUP185,03,False
RB05-RB06,0.12311772040170342,True,-6.75,2.75,2.112198066069168,15,sub-HUP185,03,False
RA03-RA04,0.09999814044646999,True,-1.75,-0.75,4.166360837336133,16,sub-HUP185,03,False
LG01-LG02,0.09845873658897165,True,-2.25,-1.0,3.8609153178377715,17,sub-HUP185,03,False
LH07-LH08,0.09533615575935987,True,-4.25,-1.5,2.8038509090236694,18,sub-HUP185,03,False
LF09-LF10,0.09085594040328719,True,-2.75,-0.5,3.34010886348523,19,sub-HUP185,03,False
LG07-LG08,0.09061314027763223,True,-1.5,2.0,3.8863800237366357,20,sub-HUP185,03,False
LB08-LB09,0.09026658673355983,True,1.25,2.5,5.0882787094983035,21,sub-HUP185,03,False
LH05-LH06,0.08628610673142732,True,-2.0,-0.75,3.489320428262611,22,sub-HUP185,03,False
LG05-LG06,0.07748256090013393,True,-1.5,1.0,3.3232120192237793,23,sub-HUP185,03,False
LC08-LC09,0.0746934171214503,True,-1.75,-1.0,3.1120551493476123,24,sub-HUP185,03,False
LH04-LH05,0.07204139480521696,True,-2.0,1.5,2.9132790908831088,25,sub-HUP185,03,False
LD01-LD02,0.07171425437405932,True,0.75,2.25,3.8667331627156862,26,sub-HUP185,03,False
LG06-LG07,0.0669039960000109,True,-3.0,2.0,2.3775852345514585,27,sub-HUP185,03,False
LH08-LH09,0.06677834429847614,True,-2.5,-1.25,2.5367833588700592,28,sub-HUP185,03,False
RA09-RA10,0.06278115278532619,True,1.25,2.25,3.538939652368279,29,sub-HUP185,03,False
LF08-LF09,0.056720831915771854,True,-3.25,6.25,1.946196389722467,30,sub-HUP185,03,False
RA08-RA09,0.054140742603697375,True,1.25,4.25,3.0518844001487033,31,sub-HUP185,03,False
LE04-LE05,0.05267170424091143,True,-1.5,0.75,2.2590791859861516,32,sub-HUP185,03,False
LF03-LF04,0.0525204505875068,True,4.0,6.0,3.668506883661325,33,sub-HUP185,03,False
LF02-LF03,0.049132306177845114,True,3.25,5.5,3.2512244231404788,34,sub-HUP185,03,False
LA03-LA04,0.04905544591481625,True,12.75,15.0,5.530457948300918,35,sub-HUP185,03,True
LF04-LF05,0.0473873522049647,True,2.0,6.0,2.845408091939302,36,sub-HUP185,03,False
LF05-LF06,0.04728463271625588,True,-1.75,9.25,1.9700850543544859,37,sub-HUP185,03,False
RA05-RA06,0.04348526024295805,True,2.0,5.5,2.611104136821468,38,sub-HUP185,03,False
LF01-LF02,0.042649771839321046,True,2.0,6.25,2.5609366268464937,39,sub-HUP185,03,False
LB03-LB04,0.04117327084555754,True,-2.5,-1.75,1.5640949084394058,40,sub-HUP185,03,True
LG04-LG05,0.04054419007349725,True,0.5,2.0,2.1364027290995544,41,sub-HUP185,03,False
LG08-LG09,0.03934858419438771,True,18.5,20.0,5.545146062634016,42,sub-HUP185,03,False
LF10-LF11,0.03890635431694595,True,5.75,8.0,3.051311535117663,43,sub-HUP185,03,False
LG10-LG11,0.03311259137226502,True,19.5,20.0,4.8286549284873495,44,sub-HUP185,03,False
LH03-LH04,0.03260166842970592,True,20.25,21.25,4.874001922450104,45,sub-HUP185,03,False
LG09-LG10,0.03201327885110106,True,18.5,21.0,4.511428068065211,46,sub-HUP185,03,False
LG02-LG03,0.03195832878418418,True,17.75,20.75,4.386196887500038,47,sub-HUP185,03,False
LB01-LB02,0.031129911867681437,True,10.5,11.5,3.1662268162249876,48,sub-HUP185,03,True
LD06-LD07,0.030736321098467648,True,18.75,19.5,4.369139517952694,49,sub-HUP185,03,False
LC05-LC06,0.030262354027123774,True,6.0,8.0,2.4104720690695216,50,sub-HUP185,03,False
LA02-LA03,0.030027884911237084,True,14.75,16.75,3.6796861822700238,51,sub-HUP185,03,True
LH06-LH07,0.029525402925137643,True,20.75,23.25,4.486457494043124,52,sub-HUP185,03,False
LH09-LH10,0.029217854907248663,True,20.5,23.25,4.40392058493517,53,sub-HUP185,03,False
RA01-RA02,0.027988809430577643,True,9.5,12.25,2.709552409142945,54,sub-HUP185,03,False
LG03-LG04,0.026995003763748034,True,19.75,21.75,3.969635928741087,55,sub-HUP185,03,False
LD02-LD03,0.02658708052103813,True,8.75,15.25,2.4761119860127327,56,sub-HUP185,03,False
RA06-RA07,0.026036669172695117,True,24.0,25.75,4.371112975033794,57,sub-HUP185,03,False
LC01-LC02,0.024932867679340328,True,14.25,16.5,2.9942244142779577,58,sub-HUP185,03,False
LA04-LA05,0.024177796531817383,True,13.75,16.75,2.844290762259729,59,sub-HUP185,03,False
LD05-LD06,0.024131632734654213,True,19.25,21.5,3.48943211399445,60,sub-HUP185,03,False
LE08-LE09,0.02376143458534489,True,19.5,23.25,3.465019301224416,61,sub-HUP185,03,False
LE07-LE08,0.023622616524914375,True,21.0,24.25,3.618462300655673,62,sub-HUP185,03,False
LE06-LE07,0.02304881990023381,True,19.5,22.75,3.361102021761467,63,sub-HUP185,03,False
LD07-LD08,0.022863193868061685,True,18.75,20.25,3.249981789152448,64,sub-HUP185,03,False
LD09-LD10,0.020338084042267585,True,18.5,22.75,2.8661170143088723,65,sub-HUP185,03,False
LE09-LE10,0.020335717816488113,True,19.75,24.0,2.990382842230929,66,sub-HUP185,03,False
RB09-RB10,0.01935836431669675,True,22.5,26.5,3.1076063041557123,67,sub-HUP185,03,False
LH02-LH03,0.01896005605559401,True,20.75,24.0,2.881027086870853,68,sub-HUP185,03,False
RB11-RB12,0.01845250417043624,True,21.75,26.25,2.8943518258422434,69,sub-HUP185,03,False
LA01-LA02,0.018371168702940584,True,15.0,16.5,2.273757781690951,70,sub-HUP185,03,True
LD10-LD11,0.01815577197237855,True,18.5,24.0,2.5585776344419378,71,sub-HUP185,03,False
LD11-LD12,0.017797165779004993,True,18.5,24.0,2.5080415411635126,72,sub-HUP185,03,False
LD04-LD05,0.017706670730668988,True,20.0,23.0,2.6254776217252336,73,sub-HUP185,03,False
LE01-LE02,0.017686066358138124,True,21.75,26.5,2.7741328755615706,74,sub-HUP185,03,False
RA07-RA08,0.017201535525938966,True,23.75,25.75,2.866765467331177,75,sub-HUP185,03,False
LC07-LC08,0.01694445170548983,True,23.5,26.75,2.8031563907361585,76,sub-HUP185,03,False
RB10-RB11,0.016543507647038585,True,22.5,26.5,2.655736188023033,77,sub-HUP185,03,False
LF06-LF07,0.016014566865174874,True,22.5,26.25,2.570825103524691,78,sub-HUP185,03,False
LE10-LE11,0.015784708049731175,True,18.25,23.75,2.205095709928943,79,sub-HUP185,03,False
LE03-LE04,0.01573768571582672,True,19.75,25.25,2.3142387087449436,80,sub-HUP185,03,False
LE05-LE06,0.015570351665125479,True,18.5,23.75,2.194230770875161,81,sub-HUP185,03,False
LD03-LD04,0.015193757603540577,True,22.25,25.25,2.4204414696042136,82,sub-HUP185,03,False
LB11-LB12,0.014650131705925976,True,15.0,15.5,1.8132134927166939,83,sub-HUP185,03,False
RB02-RB03,0.014218353007737342,True,25.5,27.25,2.4915601105494556,84,sub-HUP185,03,False
LB02-LB03,0.0,False,,,,85,sub-HUP185,03,True
LB04-LB05,0.0,False,,,,85,sub-HUP185,03,False
LB10-LB11,0.0,False,,,,85,sub-HUP185,03,False
LC02-LC03,0.0,False,,,,85,sub-HUP185,03,False
LC03-LC04,0.0,False,,,,85,sub-HUP185,03,False
LC04-LC05,0.0,False,,,,85,sub-HUP185,03,False
LC11-LC12,0.0,False,,,,85,sub-HUP185,03,False
LE02-LE03,0.0,False,,,,85,sub-HUP185,03,False
LE11-LE12,0.0,False,,,,85,sub-HUP185,03,False
LF07-LF08,0.0,False,,,,85,sub-HUP185,03,False
LH01-LH02,0.0,False,,,,85,sub-HUP185,03,False
RA02-RA03,0.0,False,,,,85,sub-HUP185,03,False
RA04-RA05,0.0,False,,,,85,sub-HUP185,03,False
RB01-RB02,0.0,False,,,,85,sub-HUP185,03,False
RB07-RB08,0.0,False,,,,85,sub-HUP185,03,False
RB08-RB09,0.0,False,,,,85,sub-HUP185,03,False
RE01-RE02,1.0,True,-4.75,-4.25,2.574035886428825,1,sub-HUP187,01,False
RB10-RB11,0.2361279228397005,True,-1.25,1.75,2.7351078622977854,2,sub-HUP187,01,False
RD08-RD09,0.17878800413360454,True,-0.5,3.0,2.416085378190137,3,sub-HUP187,01,False
RF07-RF08,0.13535974839947268,True,0.75,4.0,2.264735524728426,4,sub-HUP187,01,False
RF08-RF09,0.12003444313281905,True,0.75,3.0,2.0083242675039457,5,sub-HUP187,01,False
RD11-RD12,0.1129803096159614,True,1.0,4.0,1.963003757026439,6,sub-HUP187,01,False
RB02-RB03,0.0877213523303086,True,6.25,8.5,2.7095749068513744,7,sub-HUP187,01,True
RH04-RH05,0.0770252946951037,True,6.75,8.5,2.478323408849409,8,sub-HUP187,01,False
RA01-RA02,0.06298153155211626,True,7.5,13.25,2.1480465717655046,9,sub-HUP187,01,True
RG02-RG03,0.0628947185275143,True,8.75,11.5,2.3474523070715945,10,sub-HUP187,01,False
RC07-RC08,0.038314769715405705,True,26.25,30.0,3.15595495128674,11,sub-HUP187,01,False
RH05-RH06,0.03484725418474687,True,14.25,22.5,1.79396165630091,12,sub-HUP187,01,False
RC02-RC03,0.0316442023223178,True,18.75,19.25,1.9956061531889795,13,sub-HUP187,01,True
RB09-RB10,0.025297795510674237,True,21.75,22.75,1.7907294210303715,14,sub-HUP187,01,False
RA02-RA03,0.0,False,,,,15,sub-HUP187,01,True
RA03-RA04,0.0,False,,,,15,sub-HUP187,01,True
RA04-RA05,0.0,False,,,,15,sub-HUP187,01,True
RA05-RA06,0.0,False,,,,15,sub-HUP187,01,True
RA06-RA07,0.0,False,,,,15,sub-HUP187,01,False
RA07-RA08,0.0,False,,,,15,sub-HUP187,01,False
RB01-RB02,0.0,False,,,,15,sub-HUP187,01,True
RB03-RB04,0.0,False,,,,15,sub-HUP187,01,True
RB04-RB05,0.0,False,,,,15,sub-HUP187,01,True
RB05-RB06,0.0,False,,,,15,sub-HUP187,01,True
RB06-RB07,0.0,False,,,,15,sub-HUP187,01,False
RB07-RB08,0.0,False,,,,15,sub-HUP187,01,False
RB08-RB09,0.0,False,,,,15,sub-HUP187,01,False
RB11-RB12,0.0,False,,,,15,sub-HUP187,01,False
RC01-RC02,0.0,False,,,,15,sub-HUP187,01,True
RC03-RC04,0.0,False,,,,15,sub-HUP187,01,True
RC04-RC05,0.0,False,,,,15,sub-HUP187,01,True
RC05-RC06,0.0,False,,,,15,sub-HUP187,01,False
RC06-RC07,0.0,False,,,,15,sub-HUP187,01,False
RC08-RC09,0.0,False,,,,15,sub-HUP187,01,False
RC11-RC12,0.0,False,,,,15,sub-HUP187,01,False
RD01-RD02,0.0,False,,,,15,sub-HUP187,01,False
RD02-RD03,0.0,False,,,,15,sub-HUP187,01,False
RD03-RD04,0.0,False,,,,15,sub-HUP187,01,False
RD04-RD05,0.0,False,,,,15,sub-HUP187,01,False
RD05-RD06,0.0,False,,,,15,sub-HUP187,01,False
RD06-RD07,0.0,False,,,,15,sub-HUP187,01,False
RD07-RD08,0.0,False,,,,15,sub-HUP187,01,False
RE02-RE03,0.0,False,,,,15,sub-HUP187,01,False
RE03-RE04,0.0,False,,,,15,sub-HUP187,01,False
RE04-RE05,0.0,False,,,,15,sub-HUP187,01,False
RE05-RE06,0.0,False,,,,15,sub-HUP187,01,False
RE06-RE07,0.0,False,,,,15,sub-HUP187,01,False
RE07-RE08,0.0,False,,,,15,sub-HUP187,01,False
RE08-RE09,0.0,False,,,,15,sub-HUP187,01,False
RE09-RE10,0.0,False,,,,15,sub-HUP187,01,False
RE10-RE11,0.0,False,,,,15,sub-HUP187,01,False
RE11-RE12,0.0,False,,,,15,sub-HUP187,01,False
RF01-RF02,0.0,False,,,,15,sub-HUP187,01,False
RF02-RF03,0.0,False,,,,15,sub-HUP187,01,False
RF03-RF04,0.0,False,,,,15,sub-HUP187,01,False
RF04-RF05,0.0,False,,,,15,sub-HUP187,01,False
RF09-RF10,0.0,False,,,,15,sub-HUP187,01,False
RF10-RF11,0.0,False,,,,15,sub-HUP187,01,False
RF11-RF12,0.0,False,,,,15,sub-HUP187,01,False
RG01-RG02,0.0,False,,,,15,sub-HUP187,01,False
RG03-RG04,0.0,False,,,,15,sub-HUP187,01,False
RG04-RG05,0.0,False,,,,15,sub-HUP187,01,False
RG05-RG06,0.0,False,,,,15,sub-HUP187,01,False
RG08-RG09,0.0,False,,,,15,sub-HUP187,01,False
RG09-RG10,0.0,False,,,,15,sub-HUP187,01,False
RG10-RG11,0.0,False,,,,15,sub-HUP187,01,False
RH01-RH02,0.0,False,,,,15,sub-HUP187,01,False
RH02-RH03,0.0,False,,,,15,sub-HUP187,01,False
RH03-RH04,0.0,False,,,,15,sub-HUP187,01,False
RH06-RH07,0.0,False,,,,15,sub-HUP187,01,False
RH07-RH08,0.0,False,,,,15,sub-HUP187,01,False
RH08-RH09,0.0,False,,,,15,sub-HUP187,01,False
RH09-RH10,0.0,False,,,,15,sub-HUP187,01,False
RH10-RH11,0.0,False,,,,15,sub-HUP187,01,False
RH11-RH12,0.0,False,,,,15,sub-HUP187,01,False
RB01-RB02,1.0,True,-9.5,-9.0,3.847033270681161,1,sub-HUP187,02,True
RA01-RA02,0.21728005423740737,True,-7.25,-6.75,2.716621692546819,2,sub-HUP187,02,True
RA02-RA03,0.17851191632932925,True,-7.25,-6.5,2.2319091643289393,3,sub-HUP187,02,True
RF04-RF05,0.10381431410289536,True,-3.0,-0.75,2.9953284024508724,4,sub-HUP187,02,False
RD06-RD07,0.08006895410654737,True,-1.5,3.25,2.772251373568776,5,sub-HUP187,02,False
RC05-RC06,0.07488896762055613,True,-2.5,-1.25,2.304802800345949,6,sub-HUP187,02,False
RG02-RG03,0.07003259837396818,True,-1.5,4.75,2.4247596237921623,7,sub-HUP187,02,False
RD07-RD08,0.06950048234376444,True,-1.0,4.0,2.5400213450960782,8,sub-HUP187,02,False
RC01-RC02,0.03996416490710792,True,11.0,14.5,3.305484648701602,9,sub-HUP187,02,True
RH04-RH05,0.039738480959771706,True,12.0,16.25,3.4396933135178607,10,sub-HUP187,02,False
RH02-RH03,0.03584691349000729,True,11.5,12.5,3.0338939146403225,11,sub-HUP187,02,False
RD03-RD04,0.022396578250465596,True,25.25,29.5,3.0802336450226493,12,sub-HUP187,02,False
RF01-RF02,0.022333633172032415,True,13.0,22.0,2.0190784018979326,13,sub-HUP187,02,False
RC03-RC04,0.017490246463097554,True,14.25,15.0,1.6653176113847572,14,sub-HUP187,02,True
RH08-RH09,0.01652712441761328,True,20.75,21.5,1.9868874219764154,15,sub-HUP187,02,False
RA03-RA04,0.0,False,,,,16,sub-HUP187,02,True
RA04-RA05,0.0,False,,,,16,sub-HUP187,02,True
RA05-RA06,0.0,False,,,,16,sub-HUP187,02,True
RA06-RA07,0.0,False,,,,16,sub-HUP187,02,False
RA07-RA08,0.0,False,,,,16,sub-HUP187,02,False
RB02-RB03,0.0,False,,,,16,sub-HUP187,02,True
RB03-RB04,0.0,False,,,,16,sub-HUP187,02,True
RB04-RB05,0.0,False,,,,16,sub-HUP187,02,True
RB05-RB06,0.0,False,,,,16,sub-HUP187,02,True
RB06-RB07,0.0,False,,,,16,sub-HUP187,02,False
RB07-RB08,0.0,False,,,,16,sub-HUP187,02,False
RB08-RB09,0.0,False,,,,16,sub-HUP187,02,False
RB09-RB10,0.0,False,,,,16,sub-HUP187,02,False
RB10-RB11,0.0,False,,,,16,sub-HUP187,02,False
RB11-RB12,0.0,False,,,,16,sub-HUP187,02,False
RC02-RC03,0.0,False,,,,16,sub-HUP187,02,True
RC04-RC05,0.0,False,,,,16,sub-HUP187,02,True
RC06-RC07,0.0,False,,,,16,sub-HUP187,02,False
RC07-RC08,0.0,False,,,,16,sub-HUP187,02,False
RC08-RC09,0.0,False,,,,16,sub-HUP187,02,False
RC11-RC12,0.0,False,,,,16,sub-HUP187,02,False
RD01-RD02,0.0,False,,,,16,sub-HUP187,02,False
RD02-RD03,0.0,False,,,,16,sub-HUP187,02,False
RD04-RD05,0.0,False,,,,16,sub-HUP187,02,False
RD05-RD06,0.0,False,,,,16,sub-HUP187,02,False
RD08-RD09,0.0,False,,,,16,sub-HUP187,02,False
RD11-RD12,0.0,False,,,,16,sub-HUP187,02,False
RE01-RE02,0.0,False,,,,16,sub-HUP187,02,False
RE02-RE03,0.0,False,,,,16,sub-HUP187,02,False
RE03-RE04,0.0,False,,,,16,sub-HUP187,02,False
RE04-RE05,0.0,False,,,,16,sub-HUP187,02,False
RE05-RE06,0.0,False,,,,16,sub-HUP187,02,False
RE06-RE07,0.0,False,,,,16,sub-HUP187,02,False
RE07-RE08,0.0,False,,,,16,sub-HUP187,02,False
RE08-RE09,0.0,False,,,,16,sub-HUP187,02,False
RE09-RE10,0.0,False,,,,16,sub-HUP187,02,False
RE10-RE11,0.0,False,,,,16,sub-HUP187,02,False
RE11-RE12,0.0,False,,,,16,sub-HUP187,02,False
RF02-RF03,0.0,False,,,,16,sub-HUP187,02,False
RF03-RF04,0.0,False,,,,16,sub-HUP187,02,False
RF07-RF08,0.0,False,,,,16,sub-HUP187,02,False
RF08-RF09,0.0,False,,,,16,sub-HUP187,02,False
RF09-RF10,0.0,False,,,,16,sub-HUP187,02,False
RF10-RF11,0.0,False,,,,16,sub-HUP187,02,False
RF11-RF12,0.0,False,,,,16,sub-HUP187,02,False
RG01-RG02,0.0,False,,,,16,sub-HUP187,02,False
RG03-RG04,0.0,False,,,,16,sub-HUP187,02,False
RG04-RG05,0.0,False,,,,16,sub-HUP187,02,False
RG05-RG06,0.0,False,,,,16,sub-HUP187,02,False
RG08-RG09,0.0,False,,,,16,sub-HUP187,02,False
RG09-RG10,0.0,False,,,,16,sub-HUP187,02,False
RG10-RG11,0.0,False,,,,16,sub-HUP187,02,False
RH01-RH02,0.0,False,,,,16,sub-HUP187,02,False
RH03-RH04,0.0,False,,,,16,sub-HUP187,02,False
RH05-RH06,0.0,False,,,,16,sub-HUP187,02,False
RH06-RH07,0.0,False,,,,16,sub-HUP187,02,False
RH07-RH08,0.0,False,,,,16,sub-HUP187,02,False
RH09-RH10,0.0,False,,,,16,sub-HUP187,02,False
RH10-RH11,0.0,False,,,,16,sub-HUP187,02,False
RH11-RH12,0.0,False,,,,16,sub-HUP187,02,False
RB10-RB11,1.0,True,-7.0,-1.25,1.9568160809159933,1,sub-HUP187,03,False
RE10-RE11,0.7989758963068212,True,-6.5,-6.0,2.3451733232361858,2,sub-HUP187,03,False
RA04-RA05,0.3014094270667006,True,-2.25,-1.0,3.391366179486827,3,sub-HUP187,03,True
RE08-RE09,0.24934289191890277,True,3.0,4.0,5.367099986259082,4,sub-HUP187,03,False
RB05-RB06,0.14453350735352574,True,4.5,5.5,3.5353186427571144,5,sub-HUP187,03,True
RB07-RB08,0.13230177243171487,True,4.25,7.75,3.171405388893832,6,sub-HUP187,03,False
RC04-RC05,0.12570517824366098,True,4.0,5.25,2.951782970899285,7,sub-HUP187,03,True
RA07-RA08,0.12559399826922313,True,1.75,7.75,2.396202465927575,8,sub-HUP187,03,False
RE07-RE08,0.12352828339773377,True,4.25,7.0,2.961096109657761,9,sub-HUP187,03,False
RE06-RE07,0.11683693508012324,True,4.25,6.5,2.800697819269108,10,sub-HUP187,03,False
RE01-RE02,0.08812772752184052,True,3.75,6.25,2.0262846140745157,11,sub-HUP187,03,False
RC07-RC08,0.053506981002248155,True,11.0,17.5,1.9893630964628493,12,sub-HUP187,03,False
RG01-RG02,0.051249121162740344,True,27.25,28.0,3.535049930948202,13,sub-HUP187,03,False
RC06-RC07,0.04738580673806493,True,16.75,17.5,2.2949513886475166,14,sub-HUP187,03,False
RH09-RH10,0.042791751860747795,True,11.75,12.5,1.6537778663906437,15,sub-HUP187,03,False
RA01-RA02,0.0,False,,,,16,sub-HUP187,03,True
RA02-RA03,0.0,False,,,,16,sub-HUP187,03,True
RA03-RA04,0.0,False,,,,16,sub-HUP187,03,True
RA05-RA06,0.0,False,,,,16,sub-HUP187,03,True
RA06-RA07,0.0,False,,,,16,sub-HUP187,03,False
RB01-RB02,0.0,False,,,,16,sub-HUP187,03,True
RB02-RB03,0.0,False,,,,16,sub-HUP187,03,True
RB03-RB04,0.0,False,,,,16,sub-HUP187,03,True
RB04-RB05,0.0,False,,,,16,sub-HUP187,03,True
RB06-RB07,0.0,False,,,,16,sub-HUP187,03,False
RB08-RB09,0.0,False,,,,16,sub-HUP187,03,False
RB09-RB10,0.0,False,,,,16,sub-HUP187,03,False
RB11-RB12,0.0,False,,,,16,sub-HUP187,03,False
RC01-RC02,0.0,False,,,,16,sub-HUP187,03,True
RC02-RC03,0.0,False,,,,16,sub-HUP187,03,True
RC03-RC04,0.0,False,,,,16,sub-HUP187,03,True
RC05-RC06,0.0,False,,,,16,sub-HUP187,03,False
RC08-RC09,0.0,False,,,,16,sub-HUP187,03,False
RC11-RC12,0.0,False,,,,16,sub-HUP187,03,False
RD01-RD02,0.0,False,,,,16,sub-HUP187,03,False
RD02-RD03,0.0,False,,,,16,sub-HUP187,03,False
RD03-RD04,0.0,False,,,,16,sub-HUP187,03,False
RD04-RD05,0.0,False,,,,16,sub-HUP187,03,False
RD05-RD06,0.0,False,,,,16,sub-HUP187,03,False
RD06-RD07,0.0,False,,,,16,sub-HUP187,03,False
RD07-RD08,0.0,False,,,,16,sub-HUP187,03,False
RD08-RD09,0.0,False,,,,16,sub-HUP187,03,False
RD11-RD12,0.0,False,,,,16,sub-HUP187,03,False
RE02-RE03,0.0,False,,,,16,sub-HUP187,03,False
RE03-RE04,0.0,False,,,,16,sub-HUP187,03,False
RE04-RE05,0.0,False,,,,16,sub-HUP187,03,False
RE05-RE06,0.0,False,,,,16,sub-HUP187,03,False
RE09-RE10,0.0,False,,,,16,sub-HUP187,03,False
RE11-RE12,0.0,False,,,,16,sub-HUP187,03,False
RF01-RF02,0.0,False,,,,16,sub-HUP187,03,False
RF02-RF03,0.0,False,,,,16,sub-HUP187,03,False
RF03-RF04,0.0,False,,,,16,sub-HUP187,03,False
RF04-RF05,0.0,False,,,,16,sub-HUP187,03,False
RF07-RF08,0.0,False,,,,16,sub-HUP187,03,False
RF08-RF09,0.0,False,,,,16,sub-HUP187,03,False
RF09-RF10,0.0,False,,,,16,sub-HUP187,03,False
RF10-RF11,0.0,False,,,,16,sub-HUP187,03,False
RF11-RF12,0.0,False,,,,16,sub-HUP187,03,False
RG02-RG03,0.0,False,,,,16,sub-HUP187,03,False
RG03-RG04,0.0,False,,,,16,sub-HUP187,03,False
RG04-RG05,0.0,False,,,,16,sub-HUP187,03,False
RG05-RG06,0.0,False,,,,16,sub-HUP187,03,False
RG08-RG09,0.0,False,,,,16,sub-HUP187,03,False
RG09-RG10,0.0,False,,,,16,sub-HUP187,03,False
RG10-RG11,0.0,False,,,,16,sub-HUP187,03,False
RH01-RH02,0.0,False,,,,16,sub-HUP187,03,False
RH02-RH03,0.0,False,,,,16,sub-HUP187,03,False
RH03-RH04,0.0,False,,,,16,sub-HUP187,03,False
RH04-RH05,0.0,False,,,,16,sub-HUP187,03,False
RH05-RH06,0.0,False,,,,16,sub-HUP187,03,False
RH06-RH07,0.0,False,,,,16,sub-HUP187,03,False
RH07-RH08,0.0,False,,,,16,sub-HUP187,03,False
RH08-RH09,0.0,False,,,,16,sub-HUP187,03,False
RH10-RH11,0.0,False,,,,16,sub-HUP187,03,False
RH11-RH12,0.0,False,,,,16,sub-HUP187,03,False
LA07-LA08,1.0,True,-6.25,-4.5,7.906871060365011,1,sub-HUP188,01,False
LD08-LD09,0.7755552863433809,True,-7.75,-5.75,2.452886259720631,2,sub-HUP188,01,True
LD01-LD02,0.41013887041735814,True,-7.0,-1.75,2.270040615663663,3,sub-HUP188,01,False
LC02-LC03,0.39128270105896495,True,-6.25,-3.25,3.093821865424584,4,sub-HUP188,01,False
LA08-LA09,0.344683718947404,True,-5.5,-4.5,3.5429806390214806,5,sub-HUP188,01,False
LA04-LA05,0.33652272837788516,True,-6.0,-3.0,2.926926004382793,6,sub-HUP188,01,False
LA05-LA06,0.335797649574621,True,-5.75,-3.25,3.186130461072195,7,sub-HUP188,01,False
LF06-LF07,0.29767324584535704,True,-3.75,-3.0,4.707327946039146,8,sub-HUP188,01,False
LA03-LA04,0.27264284612944484,True,-5.75,-3.0,2.5869021958517497,9,sub-HUP188,01,False
LA06-LA07,0.2166685572082636,True,-5.0,-2.75,2.5697555170215907,10,sub-HUP188,01,False
LF04-LF05,0.17458096225213834,True,-3.75,-0.25,2.760778316244218,11,sub-HUP188,01,True
LF05-LF06,0.11529059577891412,True,-1.75,0.5,2.5524460508303024,12,sub-HUP188,01,True
LB03-LB04,0.1037599599136558,True,0.0,3.0,2.8714581849307157,13,sub-HUP188,01,False
LB06-LB07,0.08927301824451327,True,5.25,6.25,3.952873368802286,14,sub-HUP188,01,False
LB07-LB08,0.08389039946362353,True,3.5,4.5,3.2502218016307887,15,sub-HUP188,01,False
LB05-LB06,0.0832351464053461,True,5.5,7.5,3.7513385508107526,16,sub-HUP188,01,False
LB09-LB10,0.07801332853263951,True,3.25,8.0,2.960838382547882,17,sub-HUP188,01,False
LL07-LL08,0.07352151329720148,True,6.0,7.25,3.429818242242914,18,sub-HUP188,01,False
LH07-LH08,0.0688887924728836,True,0.0,7.5,1.9064317985556702,19,sub-HUP188,01,True
LL05-LL06,0.06494608062732238,True,6.0,7.5,3.029769683838217,20,sub-HUP188,01,True
LI03-LI04,0.06224006836643821,True,13.25,13.75,4.330692919183225,21,sub-HUP188,01,True
LI04-LI05,0.06099195507527559,True,13.25,13.75,4.2438486155980595,22,sub-HUP188,01,True
LH06-LH07,0.060189945770083846,True,4.75,8.0,2.569936357805843,23,sub-HUP188,01,True
LC09-LC10,0.05929665981292209,True,6.25,7.75,2.8131062607066157,24,sub-HUP188,01,False
LL04-LL05,0.04566444719358475,True,10.75,13.75,2.816290588819668,25,sub-HUP188,01,True
LL06-LL07,0.0437237517644391,True,6.75,13.75,2.1434520183563284,26,sub-HUP188,01,False
LE11-LE12,0.04349329421536252,True,8.75,10.75,2.407271085459736,27,sub-HUP188,01,False
LI07-LI08,0.04194009399695477,True,13.0,14.0,2.8850497647935374,28,sub-HUP188,01,True
LI08-LI09,0.03724432892611261,True,12.5,15.5,2.50313190566306,29,sub-HUP188,01,False
LH09-LH10,0.03724335191399608,True,7.0,14.5,1.8552138030705223,30,sub-HUP188,01,True
LH10-LH11,0.03723192000658119,True,12.5,16.5,2.502297921985826,31,sub-HUP188,01,False
LJ06-LJ07,0.03549334952845882,True,12.75,16.5,2.413515508709124,32,sub-HUP188,01,False
LD04-LD05,0.03473754906378357,True,13.75,14.75,2.47198789260396,33,sub-HUP188,01,False
LJ03-LJ04,0.034396361633904894,True,23.25,23.75,3.481185233727641,34,sub-HUP188,01,False
LJ05-LJ06,0.034343453503814875,True,10.5,16.25,2.09092929139175,35,sub-HUP188,01,False
LG06-LG07,0.034324136025187565,True,13.75,16.5,2.4425686602862893,36,sub-HUP188,01,False
LA09-LA10,0.03297306949053789,True,23.0,26.5,3.3110653733619593,37,sub-HUP188,01,False
LJ02-LJ03,0.031197464328969877,True,23.25,26.25,3.157431396601621,38,sub-HUP188,01,False
LH08-LH09,0.030625712360916886,True,7.0,14.5,1.5255674202484595,39,sub-HUP188,01,True
LC05-LC06,0.029204512143380136,True,23.25,26.5,2.9557287923017084,40,sub-HUP188,01,False
LB08-LB09,0.02891135533751773,True,21.75,23.5,2.788899977776611,41,sub-HUP188,01,False
LC08-LC09,0.02744642851518901,True,22.75,26.75,2.7343936788477756,42,sub-HUP188,01,False
LH05-LH06,0.024545896951139824,True,25.0,27.0,2.6200967704245346,43,sub-HUP188,01,False
LJ08-LJ09,0.024438316710949603,True,25.0,26.25,2.6086133587388676,44,sub-HUP188,01,False
LH04-LH05,0.023981738206194883,True,22.75,26.75,2.389218448677634,45,sub-HUP188,01,False
LJ09-LJ10,0.021747540265485157,True,25.25,26.25,2.3385879559263087,46,sub-HUP188,01,False
LH03-LH04,0.020518760154081925,True,22.75,29.0,2.044213804796702,47,sub-HUP188,01,False
LA01-LA02,0.0,False,,,,48,sub-HUP188,01,False
LA02-LA03,0.0,False,,,,48,sub-HUP188,01,False
LB01-LB02,0.0,False,,,,48,sub-HUP188,01,False
LB02-LB03,0.0,False,,,,48,sub-HUP188,01,False
LB04-LB05,0.0,False,,,,48,sub-HUP188,01,False
LB10-LB11,0.0,False,,,,48,sub-HUP188,01,False
LB11-LB12,0.0,False,,,,48,sub-HUP188,01,False
LC01-LC02,0.0,False,,,,48,sub-HUP188,01,False
LC03-LC04,0.0,False,,,,48,sub-HUP188,01,False
LC04-LC05,0.0,False,,,,48,sub-HUP188,01,False
LC06-LC07,0.0,False,,,,48,sub-HUP188,01,False
LC07-LC08,0.0,False,,,,48,sub-HUP188,01,False
LC10-LC11,0.0,False,,,,48,sub-HUP188,01,False
LC11-LC12,0.0,False,,,,48,sub-HUP188,01,False
LD02-LD03,0.0,False,,,,48,sub-HUP188,01,False
LD03-LD04,0.0,False,,,,48,sub-HUP188,01,False
LD05-LD06,0.0,False,,,,48,sub-HUP188,01,False
LD06-LD07,0.0,False,,,,48,sub-HUP188,01,True
LD07-LD08,0.0,False,,,,48,sub-HUP188,01,True
LD09-LD10,0.0,False,,,,48,sub-HUP188,01,True
LD10-LD11,0.0,False,,,,48,sub-HUP188,01,True
LD11-LD12,0.0,False,,,,48,sub-HUP188,01,True
LE01-LE02,0.0,False,,,,48,sub-HUP188,01,False
LE02-LE03,0.0,False,,,,48,sub-HUP188,01,False
LE03-LE04,0.0,False,,,,48,sub-HUP188,01,False
LE04-LE05,0.0,False,,,,48,sub-HUP188,01,False
LE05-LE06,0.0,False,,,,48,sub-HUP188,01,False
LE06-LE07,0.0,False,,,,48,sub-HUP188,01,False
LE07-LE08,0.0,False,,,,48,sub-HUP188,01,False
LE08-LE09,0.0,False,,,,48,sub-HUP188,01,False
LE09-LE10,0.0,False,,,,48,sub-HUP188,01,False
LE10-LE11,0.0,False,,,,48,sub-HUP188,01,False
LF01-LF02,0.0,False,,,,48,sub-HUP188,01,False
LF02-LF03,0.0,False,,,,48,sub-HUP188,01,False
LF03-LF04,0.0,False,,,,48,sub-HUP188,01,False
LF07-LF08,0.0,False,,,,48,sub-HUP188,01,False
LF08-LF09,0.0,False,,,,48,sub-HUP188,01,False
LF09-LF10,0.0,False,,,,48,sub-HUP188,01,False
LF10-LF11,0.0,False,,,,48,sub-HUP188,01,False
LG01-LG02,0.0,False,,,,48,sub-HUP188,01,False
LG02-LG03,0.0,False,,,,48,sub-HUP188,01,False
LG03-LG04,0.0,False,,,,48,sub-HUP188,01,False
LG04-LG05,0.0,False,,,,48,sub-HUP188,01,False
LG05-LG06,0.0,False,,,,48,sub-HUP188,01,False
LG07-LG08,0.0,False,,,,48,sub-HUP188,01,False
LG08-LG09,0.0,False,,,,48,sub-HUP188,01,True
LG09-LG10,0.0,False,,,,48,sub-HUP188,01,True
LG10-LG11,0.0,False,,,,48,sub-HUP188,01,False
LG11-LG12,0.0,False,,,,48,sub-HUP188,01,False
LH01-LH02,0.0,False,,,,48,sub-HUP188,01,False
LH02-LH03,0.0,False,,,,48,sub-HUP188,01,False
LH11-LH12,0.0,False,,,,48,sub-HUP188,01,False
LI01-LI02,0.0,False,,,,48,sub-HUP188,01,True
LI02-LI03,0.0,False,,,,48,sub-HUP188,01,True
LI05-LI06,0.0,False,,,,48,sub-HUP188,01,True
LI06-LI07,0.0,False,,,,48,sub-HUP188,01,True
LI09-LI10,0.0,False,,,,48,sub-HUP188,01,False
LI10-LI11,0.0,False,,,,48,sub-HUP188,01,False
LI11-LI12,0.0,False,,,,48,sub-HUP188,01,False
LJ01-LJ02,0.0,False,,,,48,sub-HUP188,01,False
LJ04-LJ05,0.0,False,,,,48,sub-HUP188,01,False
LJ07-LJ08,0.0,False,,,,48,sub-HUP188,01,False
LJ10-LJ11,0.0,False,,,,48,sub-HUP188,01,False
LJ11-LJ12,0.0,False,,,,48,sub-HUP188,01,False
LK01-LK02,0.0,False,,,,48,sub-HUP188,01,False
LK02-LK03,0.0,False,,,,48,sub-HUP188,01,False
LK03-LK04,0.0,False,,,,48,sub-HUP188,01,False
LK04-LK05,0.0,False,,,,48,sub-HUP188,01,False
LK05-LK06,0.0,False,,,,48,sub-HUP188,01,False
LK06-LK07,0.0,False,,,,48,sub-HUP188,01,False
LK07-LK08,0.0,False,,,,48,sub-HUP188,01,False
LK10-LK11,0.0,False,,,,48,sub-HUP188,01,False
LK11-LK12,0.0,False,,,,48,sub-HUP188,01,False
LL01-LL02,0.0,False,,,,48,sub-HUP188,01,False
LL02-LL03,0.0,False,,,,48,sub-HUP188,01,False
LL03-LL04,0.0,False,,,,48,sub-HUP188,01,False
LL08-LL09,0.0,False,,,,48,sub-HUP188,01,False
LL09-LL10,0.0,False,,,,48,sub-HUP188,01,False
LL10-LL11,0.0,False,,,,48,sub-HUP188,01,False
LL11-LL12,0.0,False,,,,48,sub-HUP188,01,False
RA01-RA02,0.0,False,,,,48,sub-HUP188,01,False
RA02-RA03,0.0,False,,,,48,sub-HUP188,01,False
RA03-RA04,0.0,False,,,,48,sub-HUP188,01,False
RA04-RA05,0.0,False,,,,48,sub-HUP188,01,False
RA05-RA06,0.0,False,,,,48,sub-HUP188,01,False
RA06-RA07,0.0,False,,,,48,sub-HUP188,01,False
RA07-RA08,0.0,False,,,,48,sub-HUP188,01,False
RA08-RA09,0.0,False,,,,48,sub-HUP188,01,False
RA09-RA10,0.0,False,,,,48,sub-HUP188,01,False
RB01-RB02,0.0,False,,,,48,sub-HUP188,01,False
RB02-RB03,0.0,False,,,,48,sub-HUP188,01,False
RB03-RB04,0.0,False,,,,48,sub-HUP188,01,False
RB04-RB05,0.0,False,,,,48,sub-HUP188,01,False
RB05-RB06,0.0,False,,,,48,sub-HUP188,01,False
RB06-RB07,0.0,False,,,,48,sub-HUP188,01,False
RB07-RB08,0.0,False,,,,48,sub-HUP188,01,False
RB08-RB09,0.0,False,,,,48,sub-HUP188,01,False
RB09-RB10,0.0,False,,,,48,sub-HUP188,01,False
RA09-RA10,1.0,True,-8.0,-5.75,5.208711051838868,1,sub-HUP188,02,False
LF03-LF04,0.29408278967091467,True,-6.75,-2.5,3.4465326226076223,2,sub-HUP188,02,False
LF02-LF03,0.23396376191177395,True,-7.0,-1.75,2.4372992647993095,3,sub-HUP188,02,False
LH04-LH05,0.22630113545935135,True,-7.0,-4.75,2.3574744506216163,4,sub-HUP188,02,False
RA07-RA08,0.21995243924527363,True,-6.5,-1.75,2.864171752939435,5,sub-HUP188,02,False
RA08-RA09,0.18852857393902336,True,-6.0,-1.75,2.945972599990837,6,sub-HUP188,02,False
LC04-LC05,0.1753669460647563,True,-5.5,-1.25,3.1970251253315443,7,sub-HUP188,02,False
LG01-LG02,0.17029292595074488,True,-5.5,-4.75,3.10452325907368,8,sub-HUP188,02,False
RB09-RB10,0.17000273675507385,True,-5.5,-1.25,3.0992329682265245,9,sub-HUP188,02,False
LI01-LI02,0.14559680858867413,True,-4.5,-2.75,3.412672677037329,10,sub-HUP188,02,True
LF01-LF02,0.12948539445852045,True,-3.25,-2.5,3.8780990297149125,11,sub-HUP188,02,False
RB08-RB09,0.12772962898122794,True,-3.0,-1.25,3.991840380730801,12,sub-HUP188,02,False
RB02-RB03,0.12720135475090755,True,-5.5,-4.75,2.3189428580497506,13,sub-HUP188,02,False
LB01-LB02,0.12160100509677498,True,-0.25,0.25,5.542114367670005,14,sub-HUP188,02,False
RB06-RB07,0.10301929692795307,True,-3.0,0.5,3.2195865027677946,15,sub-HUP188,02,False
LL03-LL04,0.09857290862184749,True,-4.5,0.5,2.3104700934773392,16,sub-HUP188,02,False
LI10-LI11,0.09342727009224899,True,-3.25,1.0,2.7981550120676357,17,sub-HUP188,02,False
LB03-LB04,0.09263976863142101,True,-5.75,1.25,1.5682348068084047,18,sub-HUP188,02,False
LB11-LB12,0.08794416825575353,True,-3.0,0.5,2.748454566831122,19,sub-HUP188,02,False
LB02-LB03,0.07842094871727623,True,-0.25,0.25,3.574130544944451,20,sub-HUP188,02,False
RB01-RB02,0.07689868458511817,True,-0.25,0.75,3.504751497365792,21,sub-HUP188,02,False
RB07-RB08,0.07294876748132695,True,-2.25,0.75,2.564791096936578,22,sub-HUP188,02,False
RA04-RA05,0.06412581417604175,True,-0.25,3.75,2.9226123238104997,23,sub-HUP188,02,False
LC05-LC06,0.05850783492570068,True,-0.75,0.25,2.5141908527724555,24,sub-HUP188,02,False
LJ01-LJ02,0.05724094610818946,True,-1.0,0.5,2.385212388891516,25,sub-HUP188,02,False
LK04-LK05,0.0528780552199714,True,-1.25,1.0,2.134555457336085,26,sub-HUP188,02,False
LB04-LB05,0.049696501650499034,True,0.0,1.0,2.3296924564621455,27,sub-HUP188,02,False
LE11-LE12,0.043203392472312155,True,0.25,0.75,2.0815643875890464,28,sub-HUP188,02,False
LF06-LF07,0.04088916814800664,True,17.25,19.25,5.5907213783667755,29,sub-HUP188,02,False
LB08-LB09,0.03654458690034307,True,2.25,3.0,2.1414396788179073,30,sub-HUP188,02,False
RB03-RB04,0.03615317705792978,True,8.75,11.75,3.3425282889878916,31,sub-HUP188,02,False
LC07-LC08,0.03431847868686825,True,7.0,10.25,2.860080627497397,32,sub-HUP188,02,False
LF04-LF05,0.032312234285432895,True,18.5,19.5,4.62839002538388,33,sub-HUP188,02,True
LL04-LL05,0.03222408379883807,True,10.5,11.25,3.272995857658599,34,sub-HUP188,02,True
LK05-LK06,0.032006964865128704,True,16.0,18.5,4.167875790720355,35,sub-HUP188,02,False
RB05-RB06,0.030353077457948126,True,10.5,13.0,3.0829579952444446,36,sub-HUP188,02,False
LH08-LH09,0.030132112154882585,True,10.0,14.25,2.982039846331319,37,sub-HUP188,02,True
LF05-LF06,0.029714342254093758,True,18.25,18.75,4.2175757739438176,38,sub-HUP188,02,True
LC06-LC07,0.029245582478205343,True,10.75,15.0,3.008552826265943,39,sub-HUP188,02,False
LA08-LA09,0.028490612917169433,True,11.25,15.25,3.0050872501003036,40,sub-HUP188,02,False
LG02-LG03,0.02606142675446622,True,15.25,18.75,3.2918512078949265,41,sub-HUP188,02,False
LC03-LC04,0.025883067058091992,True,16.5,20.5,3.437844144744743,42,sub-HUP188,02,False
LH07-LH08,0.025880371309542342,True,13.5,14.0,3.033075961478402,43,sub-HUP188,02,True
LB07-LB08,0.024341897352120653,True,9.75,14.0,2.377310808013465,44,sub-HUP188,02,False
LJ11-LJ12,0.02391478503358102,True,14.25,18.0,2.8961410187322683,45,sub-HUP188,02,False
LH01-LH02,0.023863769631720697,True,15.75,19.25,3.076412145327189,46,sub-HUP188,02,False
LJ02-LJ03,0.022755968890203225,True,9.5,18.0,2.1927914330935057,47,sub-HUP188,02,False
LH09-LH10,0.02273902624253827,True,10.5,14.75,2.309599837302481,48,sub-HUP188,02,True
LK11-LK12,0.022647824248951544,True,15.5,18.75,2.8901663254076464,49,sub-HUP188,02,False
LC09-LC10,0.022532868186033235,True,18.0,19.25,3.168914387855933,50,sub-HUP188,02,False
LD07-LD08,0.02237427255998482,True,13.75,16.75,2.6513104972910932,51,sub-HUP188,02,True
LH06-LH07,0.022194362167687786,True,17.5,20.5,3.063506517050771,52,sub-HUP188,02,True
LD01-LD02,0.022113025437269892,True,8.25,15.0,1.9868612097361045,53,sub-HUP188,02,False
LH11-LH12,0.022006156928893378,True,11.0,14.75,2.2924742560805487,54,sub-HUP188,02,False
LG03-LG04,0.021895149101963184,True,15.25,18.0,2.7656034988945963,55,sub-HUP188,02,False
LL10-LL11,0.021563028672539508,True,14.25,18.75,2.6113373688682673,56,sub-HUP188,02,False
LA07-LA08,0.021146783708197003,True,13.0,21.0,2.423244692258101,57,sub-HUP188,02,False
LL11-LL12,0.021131691304801428,True,15.5,19.5,2.6966874140624797,58,sub-HUP188,02,False
LH03-LH04,0.02086492970911408,True,15.75,19.5,2.6898149017996653,59,sub-HUP188,02,False
LI06-LI07,0.020720747330559907,True,18.5,22.25,2.9680306046338236,60,sub-HUP188,02,True
LE07-LE08,0.020678347944687963,True,16.75,20.0,2.773469141436593,61,sub-HUP188,02,False
LH02-LH03,0.02059940218262005,True,15.5,18.0,2.628760178342226,62,sub-HUP188,02,False
LK02-LK03,0.02038581128078917,True,14.0,18.75,2.4422274119358045,63,sub-HUP188,02,False
LG11-LG12,0.020058366644478378,True,17.5,19.5,2.7686732546076622,64,sub-HUP188,02,False
LD03-LD04,0.01989798038842981,True,12.0,14.75,2.1764994375282356,65,sub-HUP188,02,False
LG09-LG10,0.01984335582707794,True,15.75,19.0,2.5581180933512835,66,sub-HUP188,02,True
LF07-LF08,0.019795951739091485,True,18.5,21.5,2.835563296639554,67,sub-HUP188,02,False
LE08-LE09,0.019487515162180138,True,16.5,21.0,2.5883733077521924,68,sub-HUP188,02,False
LH10-LH11,0.01942548345930022,True,11.25,19.5,2.048930040230846,69,sub-HUP188,02,False
LI04-LI05,0.01931338063268029,True,21.5,23.25,3.068233484069284,70,sub-HUP188,02,True
LF09-LF10,0.019237393117899952,True,18.75,23.5,2.7806061144342418,71,sub-HUP188,02,False
LI02-LI03,0.018540319565268523,True,18.5,21.25,2.6557071041665603,72,sub-HUP188,02,True
LB05-LB06,0.018256197443132935,True,22.25,24.25,2.9716017933312187,73,sub-HUP188,02,False
LB06-LB07,0.018183867459161448,True,20.0,24.25,2.7467208305915145,74,sub-HUP188,02,False
LK03-LK04,0.017860920020296576,True,11.25,18.75,1.8839055229910098,75,sub-HUP188,02,False
LL01-LL02,0.01783473947776298,True,15.75,19.5,2.2991761144561527,76,sub-HUP188,02,False
LI07-LI08,0.017731059135399307,True,21.75,23.25,2.8399458831404094,77,sub-HUP188,02,True
LF08-LF09,0.017534410642559832,True,18.5,23.75,2.5116211587880177,78,sub-HUP188,02,False
LI08-LI09,0.01746176018566038,True,21.75,24.5,2.796812845355981,79,sub-HUP188,02,False
LI03-LI04,0.01686728615499386,True,21.75,23.25,2.7015972091588916,80,sub-HUP188,02,True
LJ10-LJ11,0.016720944540983326,True,14.25,19.25,2.024948720596458,81,sub-HUP188,02,False
LL02-LL03,0.01668834696085469,True,16.0,22.0,2.1731194312981357,82,sub-HUP188,02,False
LE06-LE07,0.016498275945519874,True,14.5,23.25,2.0194666779623427,83,sub-HUP188,02,False
LK01-LK02,0.01627720582638381,True,10.5,18.75,1.6532736066783567,84,sub-HUP188,02,False
LK10-LK11,0.016250069187454665,True,13.75,20.5,1.925603565563891,85,sub-HUP188,02,False
LC01-LC02,0.015738701119253646,True,16.75,26.75,2.110942421382215,86,sub-HUP188,02,False
LH05-LH06,0.015623585055037402,True,22.5,24.5,2.5634303145838135,87,sub-HUP188,02,False
LE09-LE10,0.015402061731270884,True,28.25,29.25,2.988377121238874,88,sub-HUP188,02,False
LJ09-LJ10,0.01513604603557675,True,14.25,23.5,1.8330134986996243,89,sub-HUP188,02,False
LL08-LL09,0.01457465309791085,True,17.25,24.5,1.9927728625299033,90,sub-HUP188,02,False
LE10-LE11,0.014387495605137664,True,26.0,29.5,2.62291075783673,91,sub-HUP188,02,False
LC02-LC03,0.01400422903694463,True,16.75,23.5,1.8783075508483194,92,sub-HUP188,02,False
LG06-LG07,0.013952568908195922,True,17.25,22.75,1.907716121683666,93,sub-HUP188,02,False
LC08-LC09,0.013833642599291209,True,18.25,27.0,1.9635109333146907,94,sub-HUP188,02,False
LG04-LG05,0.013832457668885943,True,14.25,22.0,1.6751456468659538,95,sub-HUP188,02,False
LG07-LG08,0.013314869379175334,True,17.5,24.5,1.8378626431611895,96,sub-HUP188,02,False
LA01-LA02,0.0,False,,,,97,sub-HUP188,02,False
LA02-LA03,0.0,False,,,,97,sub-HUP188,02,False
LA03-LA04,0.0,False,,,,97,sub-HUP188,02,False
LA04-LA05,0.0,False,,,,97,sub-HUP188,02,False
LA05-LA06,0.0,False,,,,97,sub-HUP188,02,False
LA06-LA07,0.0,False,,,,97,sub-HUP188,02,False
LA09-LA10,0.0,False,,,,97,sub-HUP188,02,False
LB09-LB10,0.0,False,,,,97,sub-HUP188,02,False
LB10-LB11,0.0,False,,,,97,sub-HUP188,02,False
LC10-LC11,0.0,False,,,,97,sub-HUP188,02,False
LC11-LC12,0.0,False,,,,97,sub-HUP188,02,False
LD02-LD03,0.0,False,,,,97,sub-HUP188,02,False
LD04-LD05,0.0,False,,,,97,sub-HUP188,02,False
LD05-LD06,0.0,False,,,,97,sub-HUP188,02,False
LD06-LD07,0.0,False,,,,97,sub-HUP188,02,True
LD08-LD09,0.0,False,,,,97,sub-HUP188,02,True
LD09-LD10,0.0,False,,,,97,sub-HUP188,02,True
LD10-LD11,0.0,False,,,,97,sub-HUP188,02,True
LD11-LD12,0.0,False,,,,97,sub-HUP188,02,True
LE01-LE02,0.0,False,,,,97,sub-HUP188,02,False
LE02-LE03,0.0,False,,,,97,sub-HUP188,02,False
LE03-LE04,0.0,False,,,,97,sub-HUP188,02,False
LE04-LE05,0.0,False,,,,97,sub-HUP188,02,False
LE05-LE06,0.0,False,,,,97,sub-HUP188,02,False
LF10-LF11,0.0,False,,,,97,sub-HUP188,02,False
LG05-LG06,0.0,False,,,,97,sub-HUP188,02,False
LG08-LG09,0.0,False,,,,97,sub-HUP188,02,True
LG10-LG11,0.0,False,,,,97,sub-HUP188,02,False
LI05-LI06,0.0,False,,,,97,sub-HUP188,02,True
LI09-LI10,0.0,False,,,,97,sub-HUP188,02,False
LI11-LI12,0.0,False,,,,97,sub-HUP188,02,False
LJ03-LJ04,0.0,False,,,,97,sub-HUP188,02,False
LJ04-LJ05,0.0,False,,,,97,sub-HUP188,02,False
LJ05-LJ06,0.0,False,,,,97,sub-HUP188,02,False
LJ06-LJ07,0.0,False,,,,97,sub-HUP188,02,False
LJ07-LJ08,0.0,False,,,,97,sub-HUP188,02,False
LJ08-LJ09,0.0,False,,,,97,sub-HUP188,02,False
LK06-LK07,0.0,False,,,,97,sub-HUP188,02,False
LK07-LK08,0.0,False,,,,97,sub-HUP188,02,False
LL05-LL06,0.0,False,,,,97,sub-HUP188,02,True
LL06-LL07,0.0,False,,,,97,sub-HUP188,02,False
LL07-LL08,0.0,False,,,,97,sub-HUP188,02,False
LL09-LL10,0.0,False,,,,97,sub-HUP188,02,False
RA01-RA02,0.0,False,,,,97,sub-HUP188,02,False
RA02-RA03,0.0,False,,,,97,sub-HUP188,02,False
RA03-RA04,0.0,False,,,,97,sub-HUP188,02,False
RA05-RA06,0.0,False,,,,97,sub-HUP188,02,False
RA06-RA07,0.0,False,,,,97,sub-HUP188,02,False
RB04-RB05,0.0,False,,,,97,sub-HUP188,02,False
LE11-LE12,1.0,True,-7.25,-5.25,5.581911850604626,1,sub-HUP188,03,False
LE05-LE06,0.6850756087498094,True,-7.25,-5.75,3.8240316590407395,2,sub-HUP188,03,False
LK03-LK04,0.6670590524846017,True,-7.0,-4.5,4.344042301803041,3,sub-HUP188,03,False
LE10-LE11,0.6212905497157934,True,-7.0,-5.0,4.045987262481792,4,sub-HUP188,03,False
LI10-LI11,0.5817770867893228,True,-7.75,-2.75,2.1649522767730383,5,sub-HUP188,03,False
LA08-LA09,0.550736777078543,True,-5.0,-3.75,7.685410356346293,6,sub-HUP188,03,False
LE01-LE02,0.5463117618819822,True,-7.0,-4.0,3.5577081140693503,7,sub-HUP188,03,False
LE04-LE05,0.5201254236550668,True,-6.75,-5.5,3.8710590214679583,8,sub-HUP188,03,False
LI02-LI03,0.5003925015389676,True,-4.25,-3.5,8.379440502882172,9,sub-HUP188,03,True
LH05-LH06,0.4904759641549333,True,-7.25,-2.0,2.737793596753152,10,sub-HUP188,03,False
LL03-LL04,0.47836825777317415,True,-4.75,-4.0,7.120558525379119,11,sub-HUP188,03,False
LE06-LE07,0.4737429359246328,True,-7.0,-3.75,3.0851231928742586,12,sub-HUP188,03,False
LL11-LL12,0.466029769897103,True,-5.75,-4.0,5.2026741906463725,13,sub-HUP188,03,False
LH07-LH08,0.35313103147699365,True,-6.0,-1.75,3.6137681972657214,14,sub-HUP188,03,True
LA07-LA08,0.33430258617414976,True,-5.5,-3.75,4.0431030628153986,15,sub-HUP188,03,False
LL10-LL11,0.3174811300862422,True,-5.75,-0.5,3.544303364743488,16,sub-HUP188,03,False
LJ11-LJ12,0.30320738970786315,True,-5.25,-4.0,3.9491128175361716,17,sub-HUP188,03,False
LL02-LL03,0.28728411274235527,True,-2.5,-1.25,6.681644139195785,18,sub-HUP188,03,False
LJ02-LJ03,0.2817267796654239,True,-6.0,-4.0,2.883052425086365,19,sub-HUP188,03,False
LI01-LI02,0.2755293960898839,True,-4.0,-1.0,4.87027253720952,20,sub-HUP188,03,True
LJ08-LJ09,0.26360294988169586,True,-6.0,4.25,2.6975821212981215,21,sub-HUP188,03,False
LK11-LK12,0.2562949794804497,True,-3.25,-2.75,5.245591938445436,22,sub-HUP188,03,False
LH06-LH07,0.25179899931108163,True,-5.25,1.0,3.279546242524796,23,sub-HUP188,03,True
LD01-LD02,0.24770120790783404,True,-2.5,-1.5,5.761026282624246,24,sub-HUP188,03,False
LI08-LI09,0.2433136910549479,True,-6.0,-1.5,2.489951888442272,25,sub-HUP188,03,False
RB04-RB05,0.2202903765371133,True,-5.75,-3.0,2.4592829267333363,26,sub-HUP188,03,False
LI09-LI10,0.21749437198397692,True,-6.0,0.25,2.225729756098148,27,sub-HUP188,03,False
LL04-LL05,0.21646188933090876,True,-4.75,-3.75,3.2220564940279113,28,sub-HUP188,03,True
LL06-LL07,0.21314679743332102,True,-4.75,-1.75,3.172711025363942,29,sub-HUP188,03,False
LA06-LA07,0.19745596136935264,True,-4.25,-3.75,3.3065453122203565,30,sub-HUP188,03,False
LB05-LB06,0.17741729178256974,True,-1.75,1.5,4.621529189682089,31,sub-HUP188,03,False
LC04-LC05,0.16557490013440118,True,-0.25,1.0,5.2372721509297175,32,sub-HUP188,03,False
LH03-LH04,0.15763928535049357,True,-3.0,-2.0,3.3730596142385965,33,sub-HUP188,03,False
LC09-LC10,0.15630200881186404,True,-4.75,0.25,2.3265707606940067,34,sub-HUP188,03,False
LC06-LC07,0.15321535707593595,True,-4.5,-2.0,2.423164749177561,35,sub-HUP188,03,False
LG11-LG12,0.14054370693851825,True,0.0,3.25,4.576265069180108,36,sub-HUP188,03,False
LD04-LD05,0.13752461768872226,True,-2.5,0.75,3.1985428884439555,37,sub-HUP188,03,False
LE03-LE04,0.1296817477890775,True,-0.75,0.0,3.860651118885184,38,sub-HUP188,03,False
LG07-LG08,0.12847955431937166,True,2.5,4.75,5.378711601117762,39,sub-HUP188,03,False
LD02-LD03,0.1279638364883462,True,-2.5,2.5,2.9761785639297176,40,sub-HUP188,03,False
LD07-LD08,0.12408885872489407,True,-2.75,-1.5,2.770612284177958,41,sub-HUP188,03,True
LB06-LB07,0.11482044279858299,True,-0.75,1.5,3.4182271485284317,42,sub-HUP188,03,False
LG08-LG09,0.11416481197396486,True,2.5,5.25,4.779434376596425,43,sub-HUP188,03,True
LG06-LG07,0.11347383402953111,True,5.0,5.75,5.806175273277337,44,sub-HUP188,03,False
LH04-LH05,0.1132081787858432,True,-2.75,-2.25,2.527672299000262,45,sub-HUP188,03,False
LK04-LK05,0.10853093467609708,True,3.25,7.0,4.846480883405622,46,sub-HUP188,03,False
LC03-LC04,0.10767722798732883,True,-1.0,2.5,3.105398107204089,47,sub-HUP188,03,False
LA04-LA05,0.10581152733627631,True,-0.5,3.0,3.248468401029149,48,sub-HUP188,03,False
RB09-RB10,0.09918052187282468,True,-0.75,0.75,2.952623628752381,49,sub-HUP188,03,False
LI07-LI08,0.09273419383372171,True,-1.0,5.75,2.6744428268363745,50,sub-HUP188,03,True
LJ03-LJ04,0.09033196906464745,True,8.0,9.0,5.630513489482868,51,sub-HUP188,03,False
LJ09-LJ10,0.08507533758882346,True,2.5,5.0,3.561622763109322,52,sub-HUP188,03,False
RB07-RB08,0.08499941668996794,True,-1.25,1.25,2.3722962565810635,53,sub-HUP188,03,False
LJ05-LJ06,0.08495898104436231,True,5.25,6.75,4.426179735663651,54,sub-HUP188,03,False
LG02-LG03,0.08406346884332545,True,10.5,11.25,6.021847536056803,55,sub-HUP188,03,False
LJ10-LJ11,0.08396829726091509,True,2.5,4.75,3.5152772516684543,56,sub-HUP188,03,False
LL09-LL10,0.08042143055794396,True,4.0,5.0,3.8156953583286977,57,sub-HUP188,03,False
LA05-LA06,0.0788894626624442,True,1.0,2.75,2.862301172401635,58,sub-HUP188,03,False
LK07-LK08,0.07851273791982709,True,4.0,8.25,3.7251350488538337,59,sub-HUP188,03,False
LG04-LG05,0.07657011794963695,True,4.75,7.5,3.846668839067452,60,sub-HUP188,03,False
LG05-LG06,0.07388984861238086,True,5.0,6.5,3.7807606980809467,61,sub-HUP188,03,False
LG01-LG02,0.07342416560514,True,10.5,11.25,5.259705991438457,62,sub-HUP188,03,False
LF04-LF05,0.0726393317351919,True,4.5,5.25,3.581619395255237,63,sub-HUP188,03,True
RB08-RB09,0.07061137126817495,True,-0.75,2.25,2.1021144003694334,64,sub-HUP188,03,False
LI06-LI07,0.0700620226296449,True,3.0,5.25,3.063460269417664,65,sub-HUP188,03,True
LG03-LG04,0.06770824507620973,True,10.5,12.5,4.85024867987323,66,sub-HUP188,03,False
LJ06-LJ07,0.0648984970177992,True,2.5,8.75,2.7169326719256177,67,sub-HUP188,03,False
LB04-LB05,0.0647152998979398,True,2.5,9.0,2.709263245618069,68,sub-HUP188,03,False
LF06-LF07,0.06440303645920695,True,10.5,12.0,4.61348159614097,69,sub-HUP188,03,False
LJ01-LJ02,0.06349837330390692,True,11.0,14.0,4.666823912116061,70,sub-HUP188,03,False
LG09-LG10,0.0626125341897262,True,3.0,9.0,2.7377315649551575,71,sub-HUP188,03,True
LL08-LL09,0.061629330283171545,True,4.0,5.0,2.9240806569459252,72,sub-HUP188,03,False
LC01-LC02,0.06037192481832527,True,2.25,8.0,2.47126559230629,73,sub-HUP188,03,False
LJ07-LJ08,0.05920599219803825,True,5.25,9.25,3.084504541785658,74,sub-HUP188,03,False
LI03-LI04,0.059130960771969034,True,2.5,8.25,2.475478580030184,75,sub-HUP188,03,True
LH02-LH03,0.057283078746855065,True,12.25,15.75,4.476487345346636,76,sub-HUP188,03,False
LF05-LF06,0.056893797714935405,True,14.25,15.5,4.869501176593805,77,sub-HUP188,03,True
RB02-RB03,0.056848667662489756,True,4.25,5.0,2.750143514874908,78,sub-HUP188,03,False
LH09-LH10,0.05132168726547428,True,10.75,11.5,3.72415074642228,79,sub-HUP188,03,True
LK05-LK06,0.051312228922662614,True,5.75,11.5,2.7687299408086963,80,sub-HUP188,03,False
LH01-LH02,0.05011924812438396,True,14.25,16.0,4.289672117416352,81,sub-HUP188,03,False
RA02-RA03,0.04930756077543649,True,4.25,5.5,2.385330634412412,82,sub-HUP188,03,False
LK02-LK03,0.047705974820235024,True,18.0,20.25,4.748848073787931,83,sub-HUP188,03,False
LL05-LL06,0.04742794352624416,True,16.25,18.0,4.412310000315821,84,sub-HUP188,03,True
LL01-LL02,0.04704060464500955,True,14.0,16.75,3.9824103793350516,85,sub-HUP188,03,False
LJ04-LJ05,0.046709935110228494,True,3.75,12.75,2.172756169439646,86,sub-HUP188,03,False
LH08-LH09,0.04523035441183508,True,10.75,14.5,3.282134066880103,87,sub-HUP188,03,True
RA04-RA05,0.04435786734831449,True,4.25,5.5,2.1458814469655736,88,sub-HUP188,03,False
RA05-RA06,0.04315203098247608,True,6.75,11.25,2.4889986088936595,89,sub-HUP188,03,False
LF07-LF08,0.042641378817637,True,17.0,20.5,4.086017171345629,90,sub-HUP188,03,False
LF02-LF03,0.03944805685841543,True,16.25,17.5,3.66992626768857,91,sub-HUP188,03,False
LF09-LF10,0.037686079218264695,True,14.75,25.0,3.295645830996351,92,sub-HUP188,03,False
LG10-LG11,0.03747751010709932,True,8.5,9.25,2.405755814676682,93,sub-HUP188,03,False
LF01-LF02,0.037376355944386014,True,16.25,20.25,3.4771920696397496,94,sub-HUP188,03,False
LF03-LF04,0.03730385330320376,True,16.5,17.25,3.505151483910555,95,sub-HUP188,03,False
LF08-LF09,0.03398892525240963,True,17.0,21.0,3.25691466992354,96,sub-HUP188,03,False
LA09-LA10,0.03301890844485114,True,28.25,29.25,4.546279696444479,97,sub-HUP188,03,False
LB09-LB10,0.032774906202140075,True,6.75,7.5,1.8904485857658677,98,sub-HUP188,03,False
LD06-LD07,0.03107223150724561,True,25.25,26.5,3.93136236490056,99,sub-HUP188,03,True
LC08-LC09,0.02913294236142124,True,18.75,20.5,2.9813211305203104,100,sub-HUP188,03,False
LA01-LA02,0.028569438612996295,True,18.25,19.75,2.8704975832620976,101,sub-HUP188,03,False
LD05-LD06,0.028336658223989692,True,23.75,26.75,3.4270757808521237,102,sub-HUP188,03,False
LB10-LB11,0.026422678202635885,True,15.0,20.0,2.3352434592467586,103,sub-HUP188,03,False
LD10-LD11,0.025204687726647565,True,17.25,20.0,2.4386326486108256,104,sub-HUP188,03,True
LC05-LC06,0.024712843342541542,True,18.25,20.75,2.483008436085629,105,sub-HUP188,03,False
RA09-RA10,0.016895579144459834,True,29.0,29.5,2.3734591084737664,106,sub-HUP188,03,False
LA02-LA03,0.0,False,,,,107,sub-HUP188,03,False
LA03-LA04,0.0,False,,,,107,sub-HUP188,03,False
LB01-LB02,0.0,False,,,,107,sub-HUP188,03,False
LB02-LB03,0.0,False,,,,107,sub-HUP188,03,False
LB03-LB04,0.0,False,,,,107,sub-HUP188,03,False
LB07-LB08,0.0,False,,,,107,sub-HUP188,03,False
LB08-LB09,0.0,False,,,,107,sub-HUP188,03,False
LB11-LB12,0.0,False,,,,107,sub-HUP188,03,False
LC02-LC03,0.0,False,,,,107,sub-HUP188,03,False
LC07-LC08,0.0,False,,,,107,sub-HUP188,03,False
LC10-LC11,0.0,False,,,,107,sub-HUP188,03,False
LC11-LC12,0.0,False,,,,107,sub-HUP188,03,False
LD03-LD04,0.0,False,,,,107,sub-HUP188,03,False
LD08-LD09,0.0,False,,,,107,sub-HUP188,03,True
LD09-LD10,0.0,False,,,,107,sub-HUP188,03,True
LD11-LD12,0.0,False,,,,107,sub-HUP188,03,True
LE02-LE03,0.0,False,,,,107,sub-HUP188,03,False
LE07-LE08,0.0,False,,,,107,sub-HUP188,03,False
LE08-LE09,0.0,False,,,,107,sub-HUP188,03,False
LE09-LE10,0.0,False,,,,107,sub-HUP188,03,False
LF10-LF11,0.0,False,,,,107,sub-HUP188,03,False
LH10-LH11,0.0,False,,,,107,sub-HUP188,03,False
LH11-LH12,0.0,False,,,,107,sub-HUP188,03,False
LI04-LI05,0.0,False,,,,107,sub-HUP188,03,True
LI05-LI06,0.0,False,,,,107,sub-HUP188,03,True
LI11-LI12,0.0,False,,,,107,sub-HUP188,03,False
LK01-LK02,0.0,False,,,,107,sub-HUP188,03,False
LK06-LK07,0.0,False,,,,107,sub-HUP188,03,False
LK10-LK11,0.0,False,,,,107,sub-HUP188,03,False
LL07-LL08,0.0,False,,,,107,sub-HUP188,03,False
RA01-RA02,0.0,False,,,,107,sub-HUP188,03,False
RA03-RA04,0.0,False,,,,107,sub-HUP188,03,False
RA06-RA07,0.0,False,,,,107,sub-HUP188,03,False
RA07-RA08,0.0,False,,,,107,sub-HUP188,03,False
RA08-RA09,0.0,False,,,,107,sub-HUP188,03,False
RB01-RB02,0.0,False,,,,107,sub-HUP188,03,False
RB03-RB04,0.0,False,,,,107,sub-HUP188,03,False
RB05-RB06,0.0,False,,,,107,sub-HUP188,03,False
RB06-RB07,0.0,False,,,,107,sub-HUP188,03,False
LL08-LL09,1.0,True,-8.0,-7.5,10.606537665619921,1,sub-HUP190,01,False
LL07-LL08,0.7036240387567807,True,-8.75,-7.0,4.264579925433946,2,sub-HUP190,01,False
LK11-LK12,0.2681301986016169,True,-8.0,-5.0,2.8439330507581997,3,sub-HUP190,01,False
LI03-LI04,0.24950701043801435,True,-8.0,-7.5,2.646405504047022,4,sub-HUP190,01,False
LJ04-LJ05,0.13157133920060263,True,-6.5,-5.0,2.5916732491877434,5,sub-HUP190,01,False
LK04-LK05,0.12352929508583158,True,-5.5,-5.0,3.181958294185851,6,sub-HUP190,01,False
LK07-LK08,0.11411994776770125,True,-6.25,-4.75,2.4208350487934025,7,sub-HUP190,01,False
LK03-LK04,0.10507345411544394,True,-5.75,-5.0,2.5473498256736975,8,sub-HUP190,01,False
LJ03-LJ04,0.10272978671453603,True,-5.75,-5.0,2.490531090671605,9,sub-HUP190,01,False
LG06-LG07,0.09856915316523139,True,-5.5,-5.0,2.5390166295942658,10,sub-HUP190,01,False
LA07-LA08,0.08123256412016315,True,-4.0,-2.25,2.8309591104791574,11,sub-HUP190,01,False
LA11-LA12,0.06964391173082607,True,-4.0,-2.5,2.4270939682778088,12,sub-HUP190,01,False
LK02-LK03,0.06835223260691892,True,-5.25,-4.5,1.8642356477344275,13,sub-HUP190,01,False
LB03-LB04,0.03691663623141304,True,10.5,11.5,4.530881872399169,14,sub-HUP190,01,True
LC02-LC03,0.026960634416562473,True,9.0,13.25,3.0638462617315563,15,sub-HUP190,01,True
LH07-LH08,0.02540652917527725,True,2.5,3.25,1.886327160551747,16,sub-HUP190,01,False
RC01-RC02,0.025273159302897814,True,10.5,14.5,3.1018454288724646,17,sub-HUP190,01,False
LC03-LC04,0.025042148559002754,True,8.25,12.75,2.731993631168012,18,sub-HUP190,01,True
LJ07-LJ08,0.024867848064478237,True,1.75,2.5,1.7332916127578408,19,sub-HUP190,01,False
LA04-LA05,0.022423338745782555,True,8.75,14.25,2.5142450053873135,20,sub-HUP190,01,False
LA01-LA02,0.020255444994542345,True,10.75,14.5,2.5166987860024976,21,sub-HUP190,01,True
LC01-LC02,0.02005517559282309,True,12.5,14.0,2.7045316861592927,22,sub-HUP190,01,True
LI04-LI05,0.018860838489617154,True,20.25,22.25,3.4293976087765423,23,sub-HUP190,01,False
LD04-LD05,0.016970971384465648,True,11.0,17.0,2.1343242169362715,24,sub-HUP190,01,False
LA10-LA11,0.016836385395421132,True,13.75,16.0,2.398017292835168,25,sub-HUP190,01,False
LI08-LI09,0.016002488616389428,True,8.25,14.25,1.7458045534634241,26,sub-HUP190,01,False
LI05-LI06,0.014472467364778524,True,21.25,22.0,2.7191919295933333,27,sub-HUP190,01,False
LA06-LA07,0.012497239394584362,True,18.25,25.25,2.12083904567885,28,sub-HUP190,01,False
LK05-LK06,0.011882265248657393,True,20.75,26.75,2.196517522479728,29,sub-HUP190,01,False
LI06-LI07,0.009444724151852059,True,26.0,28.0,2.046448944499327,30,sub-HUP190,01,False
LA02-LA03,0.0,False,,,,31,sub-HUP190,01,True
LA03-LA04,0.0,False,,,,31,sub-HUP190,01,True
LA05-LA06,0.0,False,,,,31,sub-HUP190,01,False
LB01-LB02,0.0,False,,,,31,sub-HUP190,01,True
LB02-LB03,0.0,False,,,,31,sub-HUP190,01,True
LB04-LB05,0.0,False,,,,31,sub-HUP190,01,True
LB05-LB06,0.0,False,,,,31,sub-HUP190,01,True
LB06-LB07,0.0,False,,,,31,sub-HUP190,01,False
LB07-LB08,0.0,False,,,,31,sub-HUP190,01,False
LB08-LB09,0.0,False,,,,31,sub-HUP190,01,False
LB09-LB10,0.0,False,,,,31,sub-HUP190,01,False
LC04-LC05,0.0,False,,,,31,sub-HUP190,01,True
LC05-LC06,0.0,False,,,,31,sub-HUP190,01,False
LC06-LC07,0.0,False,,,,31,sub-HUP190,01,False
LC07-LC08,0.0,False,,,,31,sub-HUP190,01,False
LC08-LC09,0.0,False,,,,31,sub-HUP190,01,False
LC09-LC10,0.0,False,,,,31,sub-HUP190,01,False
LC10-LC11,0.0,False,,,,31,sub-HUP190,01,False
LC11-LC12,0.0,False,,,,31,sub-HUP190,01,False
LD01-LD02,0.0,False,,,,31,sub-HUP190,01,False
LD02-LD03,0.0,False,,,,31,sub-HUP190,01,False
LD03-LD04,0.0,False,,,,31,sub-HUP190,01,False
LD05-LD06,0.0,False,,,,31,sub-HUP190,01,False
LD06-LD07,0.0,False,,,,31,sub-HUP190,01,False
LD07-LD08,0.0,False,,,,31,sub-HUP190,01,False
LD08-LD09,0.0,False,,,,31,sub-HUP190,01,False
LD09-LD10,0.0,False,,,,31,sub-HUP190,01,False
LD10-LD11,0.0,False,,,,31,sub-HUP190,01,False
LD11-LD12,0.0,False,,,,31,sub-HUP190,01,False
LG01-LG02,0.0,False,,,,31,sub-HUP190,01,False
LG02-LG03,0.0,False,,,,31,sub-HUP190,01,False
LG03-LG04,0.0,False,,,,31,sub-HUP190,01,False
LG04-LG05,0.0,False,,,,31,sub-HUP190,01,False
LG05-LG06,0.0,False,,,,31,sub-HUP190,01,False
LG07-LG08,0.0,False,,,,31,sub-HUP190,01,False
LG08-LG09,0.0,False,,,,31,sub-HUP190,01,False
LG09-LG10,0.0,False,,,,31,sub-HUP190,01,False
LG10-LG11,0.0,False,,,,31,sub-HUP190,01,False
LG11-LG12,0.0,False,,,,31,sub-HUP190,01,False
LH01-LH02,0.0,False,,,,31,sub-HUP190,01,False
LH02-LH03,0.0,False,,,,31,sub-HUP190,01,False
LH03-LH04,0.0,False,,,,31,sub-HUP190,01,False
LH04-LH05,0.0,False,,,,31,sub-HUP190,01,False
LH05-LH06,0.0,False,,,,31,sub-HUP190,01,False
LH06-LH07,0.0,False,,,,31,sub-HUP190,01,False
LH08-LH09,0.0,False,,,,31,sub-HUP190,01,False
LH09-LH10,0.0,False,,,,31,sub-HUP190,01,False
LH10-LH11,0.0,False,,,,31,sub-HUP190,01,False
LH11-LH12,0.0,False,,,,31,sub-HUP190,01,False
LI01-LI02,0.0,False,,,,31,sub-HUP190,01,False
LI02-LI03,0.0,False,,,,31,sub-HUP190,01,False
LI07-LI08,0.0,False,,,,31,sub-HUP190,01,False
LI09-LI10,0.0,False,,,,31,sub-HUP190,01,False
LI10-LI11,0.0,False,,,,31,sub-HUP190,01,False
LI11-LI12,0.0,False,,,,31,sub-HUP190,01,False
LJ01-LJ02,0.0,False,,,,31,sub-HUP190,01,False
LJ02-LJ03,0.0,False,,,,31,sub-HUP190,01,False
LJ05-LJ06,0.0,False,,,,31,sub-HUP190,01,False
LJ06-LJ07,0.0,False,,,,31,sub-HUP190,01,False
LJ08-LJ09,0.0,False,,,,31,sub-HUP190,01,False
LJ09-LJ10,0.0,False,,,,31,sub-HUP190,01,False
LJ10-LJ11,0.0,False,,,,31,sub-HUP190,01,False
LJ11-LJ12,0.0,False,,,,31,sub-HUP190,01,False
LK01-LK02,0.0,False,,,,31,sub-HUP190,01,False
LK06-LK07,0.0,False,,,,31,sub-HUP190,01,False
LK08-LK09,0.0,False,,,,31,sub-HUP190,01,False
LK09-LK10,0.0,False,,,,31,sub-HUP190,01,False
LK10-LK11,0.0,False,,,,31,sub-HUP190,01,False
LL01-LL02,0.0,False,,,,31,sub-HUP190,01,False
LL02-LL03,0.0,False,,,,31,sub-HUP190,01,False
LL03-LL04,0.0,False,,,,31,sub-HUP190,01,False
LL04-LL05,0.0,False,,,,31,sub-HUP190,01,False
LL05-LL06,0.0,False,,,,31,sub-HUP190,01,False
LL06-LL07,0.0,False,,,,31,sub-HUP190,01,False
LL09-LL10,0.0,False,,,,31,sub-HUP190,01,False
LL10-LL11,0.0,False,,,,31,sub-HUP190,01,False
LL11-LL12,0.0,False,,,,31,sub-HUP190,01,False
RB03-RB04,0.0,False,,,,31,sub-HUP190,01,False
RB04-RB05,0.0,False,,,,31,sub-HUP190,01,False
RB05-RB06,0.0,False,,,,31,sub-HUP190,01,False
RB06-RB07,0.0,False,,,,31,sub-HUP190,01,False
RB07-RB08,0.0,False,,,,31,sub-HUP190,01,False
RB08-RB09,0.0,False,,,,31,sub-HUP190,01,False
RB11-RB12,0.0,False,,,,31,sub-HUP190,01,False
RC02-RC03,0.0,False,,,,31,sub-HUP190,01,False
RC03-RC04,0.0,False,,,,31,sub-HUP190,01,False
RC04-RC05,0.0,False,,,,31,sub-HUP190,01,False
RC05-RC06,0.0,False,,,,31,sub-HUP190,01,False
RC06-RC07,0.0,False,,,,31,sub-HUP190,01,False
RC07-RC08,0.0,False,,,,31,sub-HUP190,01,False
RC08-RC09,0.0,False,,,,31,sub-HUP190,01,False
RH01-RH02,0.0,False,,,,31,sub-HUP190,01,False
RH02-RH03,0.0,False,,,,31,sub-HUP190,01,False
RH03-RH04,0.0,False,,,,31,sub-HUP190,01,False
RH04-RH05,0.0,False,,,,31,sub-HUP190,01,False
RH05-RH06,0.0,False,,,,31,sub-HUP190,01,False
RH06-RH07,0.0,False,,,,31,sub-HUP190,01,False
RH07-RH08,0.0,False,,,,31,sub-HUP190,01,False
RH08-RH09,0.0,False,,,,31,sub-HUP190,01,False
RH09-RH10,0.0,False,,,,31,sub-HUP190,01,False
RH10-RH11,0.0,False,,,,31,sub-HUP190,01,False
RH11-RH12,0.0,False,,,,31,sub-HUP190,01,False
LI03-LI04,1.0,True,-6.0,-4.25,4.334578229904831,1,sub-HUP190,02,False
LI02-LI03,0.7373029360716634,True,-5.75,-4.25,3.994871569426432,2,sub-HUP190,02,False
LL08-LL09,0.600288563607576,True,-5.25,-4.25,4.55349604407992,3,sub-HUP190,02,False
LL07-LL08,0.5962962459126284,True,-5.25,-4.25,4.523212270686999,4,sub-HUP190,02,False
LI04-LI05,0.3132238423151076,True,-5.25,-3.75,2.3759631839758653,5,sub-HUP190,02,False
LI01-LI02,0.3044610916537488,True,-4.75,-2.75,2.969348444404648,6,sub-HUP190,02,False
LJ06-LJ07,0.16433382771985247,True,-0.75,3.25,4.451986450446272,7,sub-HUP190,02,False
LD04-LD05,0.12916207162268836,True,-3.0,-1.5,2.2394524151404545,8,sub-HUP190,02,False
LA03-LA04,0.12014218101240766,True,-3.0,-1.0,2.083062729238671,9,sub-HUP190,02,True
LA01-LA02,0.10771530678763587,True,-1.5,-1.0,2.567952331060636,10,sub-HUP190,02,True
LD10-LD11,0.10417829773664405,True,-0.25,0.5,3.048090624435157,11,sub-HUP190,02,False
LD09-LD10,0.09757370863004418,True,-0.25,0.75,2.85485089436235,12,sub-HUP190,02,False
RC07-RC08,0.08981871808914368,True,4.5,6.5,4.477251990772357,13,sub-HUP190,02,False
LB05-LB06,0.08944175265396892,True,-1.5,-1.0,2.132307506441345,14,sub-HUP190,02,True
RB03-RB04,0.0763170542076406,True,0.25,2.25,2.3983162526070667,15,sub-HUP190,02,False
LJ07-LJ08,0.07036472676677229,True,-0.75,5.25,1.9062588299778305,16,sub-HUP190,02,False
LH02-LH03,0.06899061319521148,True,0.25,7.0,2.1680777726721776,17,sub-HUP190,02,False
RH02-RH03,0.06883035517774407,True,1.5,2.5,2.535979752435567,18,sub-HUP190,02,False
RH05-RH06,0.06776982055904991,True,1.5,2.25,2.4969055051384244,19,sub-HUP190,02,False
LJ03-LJ04,0.06481536522360565,True,7.25,7.75,4.003498612627396,20,sub-HUP190,02,False
LJ09-LJ10,0.06471345182629736,True,12.0,12.5,5.329604869897007,21,sub-HUP190,02,False
LB03-LB04,0.0643838228268471,True,1.5,2.75,2.3721520926580597,22,sub-HUP190,02,True
LH03-LH04,0.061757212253919815,True,3.0,9.25,2.6769146777545267,23,sub-HUP190,02,False
LB09-LB10,0.057602435630383544,True,3.25,5.75,2.5592432005977876,24,sub-HUP190,02,False
LK06-LK07,0.057153070561309076,True,3.5,4.0,2.6012117819862826,25,sub-HUP190,02,False
LD01-LD02,0.05049464053401095,True,7.0,8.5,3.0642215741983145,26,sub-HUP190,02,False
RC06-RC07,0.04846931994780865,True,5.25,7.25,2.5736522235347756,27,sub-HUP190,02,False
LC06-LC07,0.04772971536524574,True,3.5,9.0,2.172325943988357,28,sub-HUP190,02,False
LK10-LK11,0.047129272819989305,True,3.25,4.0,2.093926579556904,29,sub-HUP190,02,False
LL06-LL07,0.045288588357833594,True,8.25,9.25,2.9936806696745495,30,sub-HUP190,02,False
LC07-LC08,0.04503584707697849,True,3.75,9.25,2.0985225747808363,31,sub-HUP190,02,False
RC04-RC05,0.042990169775427696,True,5.75,9.0,2.3758892386081394,32,sub-HUP190,02,False
LB02-LB03,0.0411832879194137,True,5.25,7.5,2.186774244829567,33,sub-HUP190,02,True
RC08-RC09,0.039494727240979355,True,6.0,6.75,2.2255088036321196,34,sub-HUP190,02,False
LJ05-LJ06,0.0380449315268323,True,11.0,12.5,2.96835717517969,35,sub-HUP190,02,False
LB08-LB09,0.037512209499409255,True,25.0,27.25,5.203187412856594,36,sub-HUP190,02,False
LK11-LK12,0.03524865177211714,True,8.5,9.0,2.368214598376187,37,sub-HUP190,02,False
LJ02-LJ03,0.034923379375257885,True,7.5,8.75,2.194982739343153,38,sub-HUP190,02,False
RB08-RB09,0.03467922288704453,True,13.75,15.75,3.1191359445411626,39,sub-HUP190,02,False
LJ10-LJ11,0.033796339526713876,True,7.5,8.0,2.124146724663009,40,sub-HUP190,02,False
LC02-LC03,0.033523421808546394,True,9.75,10.75,2.4339407305843044,41,sub-HUP190,02,True
LA11-LA12,0.03309294390377263,True,14.0,18.5,3.0123230383838475,42,sub-HUP190,02,False
LH01-LH02,0.03267598662663751,True,12.75,13.75,2.7973232503815657,43,sub-HUP190,02,False
LI09-LI10,0.031055780410113445,True,28.25,28.75,4.7451332661629895,44,sub-HUP190,02,False
RH06-RH07,0.029921269509458386,True,18.0,19.25,3.2424020856703377,45,sub-HUP190,02,False
LA07-LA08,0.029892834712771734,True,11.5,18.25,2.3970973656582903,46,sub-HUP190,02,False
LH04-LH05,0.029088713336785674,True,18.75,19.75,3.2467480668135176,47,sub-HUP190,02,False
LL03-LL04,0.027169807036335463,True,16.75,18.75,2.7970292846473517,48,sub-HUP190,02,False
RC03-RC04,0.02694118610778646,True,18.5,22.75,2.9778563091609542,49,sub-HUP190,02,False
LL01-LL02,0.026515216045897575,True,16.25,18.25,2.672175468935173,50,sub-HUP190,02,False
LJ01-LJ02,0.026409212051791607,True,28.25,29.0,4.035166045909426,51,sub-HUP190,02,False
LA10-LA11,0.026097175690017325,True,13.75,18.75,2.3472451793649767,52,sub-HUP190,02,False
RH07-RH08,0.025883447359544627,True,16.25,18.75,2.6085064879699984,53,sub-HUP190,02,False
RB06-RB07,0.025542835570224295,True,12.25,18.25,2.1313103156101096,54,sub-HUP190,02,False
RB07-RB08,0.024957539189886916,True,12.0,23.25,2.055427714845129,55,sub-HUP190,02,False
LA06-LA07,0.024032563679195634,True,12.25,19.5,2.0052922761533765,56,sub-HUP190,02,False
RH08-RH09,0.02309745255156947,True,17.75,18.5,2.4779134461582477,57,sub-HUP190,02,False
LB06-LB07,0.022846398820152148,True,14.25,28.25,2.104376937848042,58,sub-HUP190,02,False
LH09-LH10,0.022668055514132875,True,25.25,29.5,3.168770833253163,59,sub-HUP190,02,False
LB07-LB08,0.02253878345023064,True,15.0,22.75,2.1493146415819986,60,sub-HUP190,02,False
LC05-LC06,0.022384088944813425,True,22.25,26.5,2.8379983506159188,61,sub-HUP190,02,False
LD03-LD04,0.021222441331491496,True,23.0,24.5,2.759709965427466,62,sub-HUP190,02,False
LI10-LI11,0.019791366922423323,True,26.75,28.75,2.8953189518173215,63,sub-HUP190,02,False
LI11-LI12,0.018803005836865044,True,28.25,29.0,2.8729842664430163,64,sub-HUP190,02,False
LA04-LA05,0.018579921216187095,True,15.75,16.25,1.832196775887466,65,sub-HUP190,02,False
LC10-LC11,0.018307998325678844,True,27.0,29.5,2.6981533331711347,66,sub-HUP190,02,False
RB11-RB12,0.018279589571604186,True,21.5,29.25,2.25817786374712,67,sub-HUP190,02,False
LC09-LC10,0.01706595063557132,True,27.0,29.5,2.515105735317651,68,sub-HUP190,02,False
LA02-LA03,0.01533413417394989,True,24.75,25.25,2.110327382233762,69,sub-HUP190,02,True
LG06-LG07,0.014346314762831595,True,28.75,29.5,2.2231217454993732,70,sub-HUP190,02,False
LA05-LA06,0.0,False,,,,71,sub-HUP190,02,False
LB01-LB02,0.0,False,,,,71,sub-HUP190,02,True
LB04-LB05,0.0,False,,,,71,sub-HUP190,02,True
LC01-LC02,0.0,False,,,,71,sub-HUP190,02,True
LC03-LC04,0.0,False,,,,71,sub-HUP190,02,True
LC04-LC05,0.0,False,,,,71,sub-HUP190,02,True
LC08-LC09,0.0,False,,,,71,sub-HUP190,02,False
LC11-LC12,0.0,False,,,,71,sub-HUP190,02,False
LD02-LD03,0.0,False,,,,71,sub-HUP190,02,False
LD05-LD06,0.0,False,,,,71,sub-HUP190,02,False
LD06-LD07,0.0,False,,,,71,sub-HUP190,02,False
LD07-LD08,0.0,False,,,,71,sub-HUP190,02,False
LD08-LD09,0.0,False,,,,71,sub-HUP190,02,False
LD11-LD12,0.0,False,,,,71,sub-HUP190,02,False
LG01-LG02,0.0,False,,,,71,sub-HUP190,02,False
LG02-LG03,0.0,False,,,,71,sub-HUP190,02,False
LG03-LG04,0.0,False,,,,71,sub-HUP190,02,False
LG04-LG05,0.0,False,,,,71,sub-HUP190,02,False
LG05-LG06,0.0,False,,,,71,sub-HUP190,02,False
LG07-LG08,0.0,False,,,,71,sub-HUP190,02,False
LG08-LG09,0.0,False,,,,71,sub-HUP190,02,False
LG09-LG10,0.0,False,,,,71,sub-HUP190,02,False
LG10-LG11,0.0,False,,,,71,sub-HUP190,02,False
LG11-LG12,0.0,False,,,,71,sub-HUP190,02,False
LH05-LH06,0.0,False,,,,71,sub-HUP190,02,False
LH06-LH07,0.0,False,,,,71,sub-HUP190,02,False
LH07-LH08,0.0,False,,,,71,sub-HUP190,02,False
LH08-LH09,0.0,False,,,,71,sub-HUP190,02,False
LH10-LH11,0.0,False,,,,71,sub-HUP190,02,False
LH11-LH12,0.0,False,,,,71,sub-HUP190,02,False
LI05-LI06,0.0,False,,,,71,sub-HUP190,02,False
LI06-LI07,0.0,False,,,,71,sub-HUP190,02,False
LI07-LI08,0.0,False,,,,71,sub-HUP190,02,False
LI08-LI09,0.0,False,,,,71,sub-HUP190,02,False
LJ04-LJ05,0.0,False,,,,71,sub-HUP190,02,False
LJ08-LJ09,0.0,False,,,,71,sub-HUP190,02,False
LJ11-LJ12,0.0,False,,,,71,sub-HUP190,02,False
LK01-LK02,0.0,False,,,,71,sub-HUP190,02,False
LK02-LK03,0.0,False,,,,71,sub-HUP190,02,False
LK03-LK04,0.0,False,,,,71,sub-HUP190,02,False
LK04-LK05,0.0,False,,,,71,sub-HUP190,02,False
LK05-LK06,0.0,False,,,,71,sub-HUP190,02,False
LK07-LK08,0.0,False,,,,71,sub-HUP190,02,False
LK08-LK09,0.0,False,,,,71,sub-HUP190,02,False
LK09-LK10,0.0,False,,,,71,sub-HUP190,02,False
LL02-LL03,0.0,False,,,,71,sub-HUP190,02,False
LL04-LL05,0.0,False,,,,71,sub-HUP190,02,False
LL05-LL06,0.0,False,,,,71,sub-HUP190,02,False
LL09-LL10,0.0,False,,,,71,sub-HUP190,02,False
LL10-LL11,0.0,False,,,,71,sub-HUP190,02,False
LL11-LL12,0.0,False,,,,71,sub-HUP190,02,False
RB04-RB05,0.0,False,,,,71,sub-HUP190,02,False
RB05-RB06,0.0,False,,,,71,sub-HUP190,02,False
RC01-RC02,0.0,False,,,,71,sub-HUP190,02,False
RC02-RC03,0.0,False,,,,71,sub-HUP190,02,False
RC05-RC06,0.0,False,,,,71,sub-HUP190,02,False
RH01-RH02,0.0,False,,,,71,sub-HUP190,02,False
RH03-RH04,0.0,False,,,,71,sub-HUP190,02,False
RH04-RH05,0.0,False,,,,71,sub-HUP190,02,False
RH09-RH10,0.0,False,,,,71,sub-HUP190,02,False
RH10-RH11,0.0,False,,,,71,sub-HUP190,02,False
RH11-RH12,0.0,False,,,,71,sub-HUP190,02,False
LI06-LI07,1.0,True,-8.0,-7.25,2.594441565139351,1,sub-HUP190,03,False
LC09-LC10,0.2807885076626274,True,-2.75,-0.5,4.553058595583561,2,sub-HUP190,03,False
LB07-LB08,0.23757306685590246,True,-2.5,0.25,4.006401356155791,3,sub-HUP190,03,False
RH08-RH09,0.2139295545515492,True,-4.25,-1.25,2.636381709616356,4,sub-HUP190,03,False
LI01-LI02,0.21225443056379836,True,-5.0,-4.5,2.2027268681588112,5,sub-HUP190,03,False
LB06-LB07,0.19173469837676899,True,-0.75,0.25,4.103916885322204,6,sub-HUP190,03,False
LC10-LC11,0.18178763491544486,True,-1.5,1.75,3.537280470397558,7,sub-HUP190,03,False
LG06-LG07,0.14636454482384376,True,-3.5,2.75,2.0885384231452506,8,sub-HUP190,03,False
LD06-LD07,0.14207870979900714,True,-0.25,4.5,3.2253804644592625,9,sub-HUP190,03,False
LC06-LC07,0.13697928594030484,True,-1.0,2.25,2.843078024053082,10,sub-HUP190,03,False
LD05-LD06,0.13585273554254063,True,3.75,5.5,4.4938902938255065,11,sub-HUP190,03,False
RB03-RB04,0.13034360834231964,True,-2.5,-1.75,2.1980976890181294,12,sub-HUP190,03,False
LK04-LK05,0.11628922478289767,True,5.5,7.25,4.374731176141451,13,sub-HUP190,03,False
LC05-LC06,0.112660285006051,True,-0.5,2.5,2.4844694723612273,14,sub-HUP190,03,False
LD07-LD08,0.10293006843333051,True,0.5,5.0,2.53693745453767,15,sub-HUP190,03,False
RH06-RH07,0.10140651992726535,True,10.5,11.0,5.130319160370869,16,sub-HUP190,03,False
LD08-LD09,0.09399322257247722,True,4.25,6.0,3.2311439861554367,17,sub-HUP190,03,False
LD04-LD05,0.08664931660581243,True,-1.0,5.25,1.7984527087443134,18,sub-HUP190,03,False
RB08-RB09,0.07862872276377297,True,0.0,2.25,1.8359786389693618,19,sub-HUP190,03,False
LB09-LB10,0.07706304747116571,True,9.75,11.25,3.7487920030406117,20,sub-HUP190,03,False
LK06-LK07,0.06929384911546405,True,5.5,7.5,2.6067932141279915,21,sub-HUP190,03,False
RB06-RB07,0.0682460148082218,True,0.75,1.75,1.7263379003672719,22,sub-HUP190,03,False
LK05-LK06,0.06818574148951619,True,5.25,7.0,2.5208808866510277,23,sub-HUP190,03,False
LG02-LG03,0.06010205257867007,True,10.0,10.5,2.962694003845555,24,sub-HUP190,03,False
RH03-RH04,0.059473213020485485,True,7.0,9.25,2.4687964139637506,25,sub-HUP190,03,False
LJ11-LJ12,0.05390556311256805,True,10.0,13.0,2.6572418370982933,26,sub-HUP190,03,False
LD09-LD10,0.05171913236904732,True,10.5,11.5,2.6165542012584084,27,sub-HUP190,03,False
LG07-LG08,0.05088607324574573,True,9.5,11.75,2.442387455036532,28,sub-HUP190,03,False
RC08-RC09,0.04261485971311027,True,21.0,23.5,3.3168528999682705,29,sub-HUP190,03,False
LD01-LD02,0.04061900809337127,True,24.0,26.5,3.477660216761746,30,sub-HUP190,03,False
LL01-LL02,0.039031459340909125,True,12.5,14.0,2.1771940699351764,31,sub-HUP190,03,False
RH04-RH05,0.03659724254728417,True,16.75,18.25,2.4449472362796305,32,sub-HUP190,03,False
LB05-LB06,0.03556840399762887,True,12.5,13.75,1.9840231333480154,33,sub-HUP190,03,True
LC03-LC04,0.03398705907955958,True,13.0,15.0,1.9399036525628355,34,sub-HUP190,03,True
LD03-LD04,0.03117306762419604,True,25.0,27.75,2.7498078801418764,35,sub-HUP190,03,False
RC06-RC07,0.027201445995334705,True,19.25,25.25,1.9936748799518593,36,sub-HUP190,03,False
LA01-LA02,0.0,False,,,,37,sub-HUP190,03,True
LA02-LA03,0.0,False,,,,37,sub-HUP190,03,True
LA03-LA04,0.0,False,,,,37,sub-HUP190,03,True
LA04-LA05,0.0,False,,,,37,sub-HUP190,03,False
LA05-LA06,0.0,False,,,,37,sub-HUP190,03,False
LA06-LA07,0.0,False,,,,37,sub-HUP190,03,False
LA07-LA08,0.0,False,,,,37,sub-HUP190,03,False
LA10-LA11,0.0,False,,,,37,sub-HUP190,03,False
LA11-LA12,0.0,False,,,,37,sub-HUP190,03,False
LB01-LB02,0.0,False,,,,37,sub-HUP190,03,True
LB02-LB03,0.0,False,,,,37,sub-HUP190,03,True
LB03-LB04,0.0,False,,,,37,sub-HUP190,03,True
LB04-LB05,0.0,False,,,,37,sub-HUP190,03,True
LB08-LB09,0.0,False,,,,37,sub-HUP190,03,False
LC01-LC02,0.0,False,,,,37,sub-HUP190,03,True
LC02-LC03,0.0,False,,,,37,sub-HUP190,03,True
LC04-LC05,0.0,False,,,,37,sub-HUP190,03,True
LC07-LC08,0.0,False,,,,37,sub-HUP190,03,False
LC08-LC09,0.0,False,,,,37,sub-HUP190,03,False
LC11-LC12,0.0,False,,,,37,sub-HUP190,03,False
LD02-LD03,0.0,False,,,,37,sub-HUP190,03,False
LD10-LD11,0.0,False,,,,37,sub-HUP190,03,False
LD11-LD12,0.0,False,,,,37,sub-HUP190,03,False
LG01-LG02,0.0,False,,,,37,sub-HUP190,03,False
LG03-LG04,0.0,False,,,,37,sub-HUP190,03,False
LG04-LG05,0.0,False,,,,37,sub-HUP190,03,False
LG05-LG06,0.0,False,,,,37,sub-HUP190,03,False
LG08-LG09,0.0,False,,,,37,sub-HUP190,03,False
LG09-LG10,0.0,False,,,,37,sub-HUP190,03,False
LG10-LG11,0.0,False,,,,37,sub-HUP190,03,False
LG11-LG12,0.0,False,,,,37,sub-HUP190,03,False
LH01-LH02,0.0,False,,,,37,sub-HUP190,03,False
LH02-LH03,0.0,False,,,,37,sub-HUP190,03,False
LH03-LH04,0.0,False,,,,37,sub-HUP190,03,False
LH04-LH05,0.0,False,,,,37,sub-HUP190,03,False
LH05-LH06,0.0,False,,,,37,sub-HUP190,03,False
LH06-LH07,0.0,False,,,,37,sub-HUP190,03,False
LH07-LH08,0.0,False,,,,37,sub-HUP190,03,False
LH08-LH09,0.0,False,,,,37,sub-HUP190,03,False
LH09-LH10,0.0,False,,,,37,sub-HUP190,03,False
LH10-LH11,0.0,False,,,,37,sub-HUP190,03,False
LH11-LH12,0.0,False,,,,37,sub-HUP190,03,False
LI02-LI03,0.0,False,,,,37,sub-HUP190,03,False
LI03-LI04,0.0,False,,,,37,sub-HUP190,03,False
LI04-LI05,0.0,False,,,,37,sub-HUP190,03,False
LI05-LI06,0.0,False,,,,37,sub-HUP190,03,False
LI07-LI08,0.0,False,,,,37,sub-HUP190,03,False
LI08-LI09,0.0,False,,,,37,sub-HUP190,03,False
LI09-LI10,0.0,False,,,,37,sub-HUP190,03,False
LI10-LI11,0.0,False,,,,37,sub-HUP190,03,False
LI11-LI12,0.0,False,,,,37,sub-HUP190,03,False
LJ01-LJ02,0.0,False,,,,37,sub-HUP190,03,False
LJ02-LJ03,0.0,False,,,,37,sub-HUP190,03,False
LJ03-LJ04,0.0,False,,,,37,sub-HUP190,03,False
LJ04-LJ05,0.0,False,,,,37,sub-HUP190,03,False
LJ05-LJ06,0.0,False,,,,37,sub-HUP190,03,False
LJ06-LJ07,0.0,False,,,,37,sub-HUP190,03,False
LJ07-LJ08,0.0,False,,,,37,sub-HUP190,03,False
LJ08-LJ09,0.0,False,,,,37,sub-HUP190,03,False
LJ09-LJ10,0.0,False,,,,37,sub-HUP190,03,False
LJ10-LJ11,0.0,False,,,,37,sub-HUP190,03,False
LK01-LK02,0.0,False,,,,37,sub-HUP190,03,False
LK02-LK03,0.0,False,,,,37,sub-HUP190,03,False
LK03-LK04,0.0,False,,,,37,sub-HUP190,03,False
LK07-LK08,0.0,False,,,,37,sub-HUP190,03,False
LK08-LK09,0.0,False,,,,37,sub-HUP190,03,False
LK09-LK10,0.0,False,,,,37,sub-HUP190,03,False
LK10-LK11,0.0,False,,,,37,sub-HUP190,03,False
LK11-LK12,0.0,False,,,,37,sub-HUP190,03,False
LL02-LL03,0.0,False,,,,37,sub-HUP190,03,False
LL03-LL04,0.0,False,,,,37,sub-HUP190,03,False
LL04-LL05,0.0,False,,,,37,sub-HUP190,03,False
LL05-LL06,0.0,False,,,,37,sub-HUP190,03,False
LL06-LL07,0.0,False,,,,37,sub-HUP190,03,False
LL07-LL08,0.0,False,,,,37,sub-HUP190,03,False
LL08-LL09,0.0,False,,,,37,sub-HUP190,03,False
LL09-LL10,0.0,False,,,,37,sub-HUP190,03,False
LL10-LL11,0.0,False,,,,37,sub-HUP190,03,False
LL11-LL12,0.0,False,,,,37,sub-HUP190,03,False
RB04-RB05,0.0,False,,,,37,sub-HUP190,03,False
RB05-RB06,0.0,False,,,,37,sub-HUP190,03,False
RB07-RB08,0.0,False,,,,37,sub-HUP190,03,False
RB11-RB12,0.0,False,,,,37,sub-HUP190,03,False
RC01-RC02,0.0,False,,,,37,sub-HUP190,03,False
RC02-RC03,0.0,False,,,,37,sub-HUP190,03,False
RC03-RC04,0.0,False,,,,37,sub-HUP190,03,False
RC04-RC05,0.0,False,,,,37,sub-HUP190,03,False
RC05-RC06,0.0,False,,,,37,sub-HUP190,03,False
RC07-RC08,0.0,False,,,,37,sub-HUP190,03,False
RH01-RH02,0.0,False,,,,37,sub-HUP190,03,False
RH02-RH03,0.0,False,,,,37,sub-HUP190,03,False
RH05-RH06,0.0,False,,,,37,sub-HUP190,03,False
RH07-RH08,0.0,False,,,,37,sub-HUP190,03,False
RH09-RH10,0.0,False,,,,37,sub-HUP190,03,False
RH10-RH11,0.0,False,,,,37,sub-HUP190,03,False
RH11-RH12,0.0,False,,,,37,sub-HUP190,03,False
