channel,ei,detected,change_s,alarm_s,er_after,rank,subject,run,soz
RAFb2-RAFb3,1.0,True,-1.5,0.5,16.333021626553055,1,sub-HUP060,01,False
RPFb2-RPFb3,0.8874481407763765,True,-2.5,0.0,10.629453762212895,2,sub-HUP060,01,True
RAFa3-RAFa4,0.662607742094849,True,-2.0,0.25,9.379401704015772,3,sub-HUP060,01,False
RH3-RH4,0.5667581257068323,True,-4.25,2.75,2.468499393118498,4,sub-HUP060,01,False
RPFb1-RPFb2,0.5208098836540709,True,-2.75,-2.25,5.670932728696347,5,sub-HUP060,01,False
RAFb1-RAFb2,0.5176108690053606,True,-1.5,0.25,8.454149517603474,6,sub-HUP060,01,False
RPFa3-RPFa4,0.5108214928593887,True,0.0,1.25,11.68056188625272,7,sub-HUP060,01,True
RAFd2-RAFd3,0.46846792891750916,True,0.5,1.0,11.732295115346167,8,sub-HUP060,01,False
RAFb3-RAFb4,0.3442965108276959,True,-0.5,1.0,7.122976319240986,9,sub-HUP060,01,False
RAFd3-RAFd4,0.2949181547793311,True,0.0,1.0,6.74366644010351,10,sub-HUP060,01,False
RPFa1-RPFa2,0.2591552683445324,True,-1.0,1.0,4.79716041617393,11,sub-HUP060,01,False
RPFa2-RPFa3,0.24780458235369024,True,0.0,1.25,5.666356643838479,12,sub-HUP060,01,True
RAFa2-RAFa3,0.23194265457838384,True,-0.25,0.75,5.051099191131825,13,sub-HUP060,01,False
RAFa1-RAFa2,0.18030835538369216,True,-1.0,1.5,3.3376443036540655,14,sub-HUP060,01,False
RPFc1-RPFc2,0.11923186918873599,True,-0.75,2.0,2.336900037640764,15,sub-HUP060,01,False
RH1-RH2,0.06034492514559606,True,22.25,23.0,7.227843094675468,16,sub-HUP060,01,False
RA2-RA3,0.023723122569740605,True,22.25,24.0,2.841448675860243,17,sub-HUP060,01,False
LAF1-LAF2,0.0,False,,,,18,sub-HUP060,01,False
LAF2-LAF3,0.0,False,,,,18,sub-HUP060,01,False
LAF3-LAF4,0.0,False,,,,18,sub-HUP060,01,False
RAFc1-RAFc2,0.0,False,,,,18,sub-HUP060,01,False
RAFc2-RAFc3,0.0,False,,,,18,sub-HUP060,01,False
RAFc3-RAFc4,0.0,False,,,,18,sub-HUP060,01,False
RAFd1-RAFd2,0.0,False,,,,18,sub-HUP060,01,False
RH2-RH3,0.0,False,,,,18,sub-HUP060,01,False
RPFc2-RPFc3,0.0,False,,,,18,sub-HUP060,01,True
RPFb2-RPFb3,1.0,True,-1.75,-1.0,14.951734097470412,1,sub-HUP060,02,True
RPFb1-RPFb2,0.874078619575812,True,-1.75,0.25,13.068991100181538,2,sub-HUP060,02,False
RAFb2-RAFb3,0.616613683583938,True,0.25,1.0,13.558005643836466,3,sub-HUP060,02,False
RAFb1-RAFb2,0.6113503622590599,True,-5.0,1.0,2.1507642486799234,4,sub-HUP060,02,False
RPFa3-RPFa4,0.5146748342219711,True,-0.25,0.5,10.411262891927723,5,sub-HUP060,02,True
RAFd1-RAFd2,0.44899654130744127,True,0.75,1.5,10.662263305908489,6,sub-HUP060,02,False
RAFd2-RAFd3,0.4322709922847625,True,-0.25,1.25,8.74433067634726,7,sub-HUP060,02,False
RPFa2-RPFa3,0.30164541792648736,True,-1.5,0.25,4.7754233794134775,8,sub-HUP060,02,True
RAFb3-RAFb4,0.26628973580467435,True,-2.0,1.0,3.747287833070247,9,sub-HUP060,02,False
RPFa1-RPFa2,0.2596171470404247,True,-2.0,0.75,3.653389693828055,10,sub-HUP060,02,False
RAFa3-RAFa4,0.24234570368704633,True,0.25,2.0,5.328659589989811,11,sub-HUP060,02,False
RAFd3-RAFd4,0.20325865999007112,True,-0.25,1.75,4.1116821797137,12,sub-HUP060,02,False
RAFa1-RAFa2,0.19876421314769555,True,-0.25,1.0,4.02076483828102,13,sub-HUP060,02,False
RAFa2-RAFa3,0.17800764587649168,True,-1.75,1.0,2.6615229884619795,14,sub-HUP060,02,False
RPFc2-RPFc3,0.17425706794699494,True,-0.25,1.25,3.5250142896829977,15,sub-HUP060,02,True
RPFc1-RPFc2,0.1681305766060297,True,-0.25,1.75,3.4010826192092893,16,sub-HUP060,02,False
RAFc1-RAFc2,0.15857374320355755,True,0.75,2.5,3.765630350996706,17,sub-HUP060,02,False
RAFc3-RAFc4,0.12603035196135118,True,0.0,2.0,2.660290321040091,18,sub-HUP060,02,False
RAFc2-RAFc3,0.11681170317970488,True,0.0,4.25,2.465700035880828,19,sub-HUP060,02,False
LAF3-LAF4,0.10939823033251904,True,0.0,2.5,2.309214000939737,20,sub-HUP060,02,False
RH1-RH2,0.06443461069841476,True,20.0,22.5,5.893797249824639,21,sub-HUP060,02,False
RA2-RA3,0.030429261057395206,True,22.0,22.75,2.9974508619188627,22,sub-HUP060,02,False
LAF1-LAF2,0.0,False,,,,23,sub-HUP060,02,False
LAF2-LAF3,0.0,False,,,,23,sub-HUP060,02,False
RH2-RH3,0.0,False,,,,23,sub-HUP060,02,False
RH3-RH4,0.0,False,,,,23,sub-HUP060,02,False
RAFa3-RAFa4,1.0,True,-8.5,-7.5,10.870847645182725,1,sub-HUP060,03,False
RPFa1-RPFa2,0.6160743158776671,True,-8.75,-5.25,5.357800020813037,2,sub-HUP060,03,False
RAFb2-RAFb3,0.49899404584770035,True,-7.75,-6.75,8.679181197221878,3,sub-HUP060,03,False
RAFa2-RAFa3,0.46470891275189713,True,-8.75,-5.5,4.041423831907508,4,sub-HUP060,03,False
RAFb1-RAFb2,0.20898889655906214,True,-7.75,-6.25,3.6350183264454663,5,sub-HUP060,03,False
RPFa2-RPFa3,0.18381048672226494,True,-6.25,-5.25,5.594892230884948,6,sub-HUP060,03,True
RAFd2-RAFd3,0.15897549751177492,True,-6.5,-5.5,4.493315873195839,7,sub-HUP060,03,False
RPFc2-RPFc3,0.14633271841767165,True,-8.25,-7.25,1.9089128249087188,8,sub-HUP060,03,True
RPFb1-RPFb2,0.08331730674428939,True,0.0,1.25,7.064692033028175,9,sub-HUP060,03,False
RAFd1-RAFd2,0.08245374605081462,True,-6.25,-2.75,2.509757911060379,10,sub-HUP060,03,False
RPFa3-RPFa4,0.0690813982600333,True,-6.0,3.75,2.2529200668030387,11,sub-HUP060,03,True
RAFb3-RAFb4,0.06306116181742889,True,1.0,2.25,5.8955432290311585,12,sub-HUP060,03,False
RAFd3-RAFd4,0.04680215034829227,True,1.5,3.25,4.579011413128987,13,sub-HUP060,03,False
RAFa1-RAFa2,0.04152903449317032,True,1.0,4.0,3.8825199387104177,14,sub-HUP060,03,False
RPFb2-RPFb3,0.0401640824487807,True,0.75,2.25,3.6675880173177204,15,sub-HUP060,03,True
RPFc1-RPFc2,0.026012623449330547,True,1.0,2.5,2.431901690774947,16,sub-HUP060,03,False
RH1-RH2,0.018239535483713265,True,18.0,20.25,4.401798492244195,17,sub-HUP060,03,False
RA2-RA3,0.013889802622581809,True,19.25,20.75,3.5030591326565137,18,sub-HUP060,03,False
RAFc2-RAFc3,0.011571870421019962,True,21.5,23.25,3.1449010079176114,19,sub-HUP060,03,False
LAF1-LAF2,0.0,False,,,,20,sub-HUP060,03,False
LAF2-LAF3,0.0,False,,,,20,sub-HUP060,03,False
LAF3-LAF4,0.0,False,,,,20,sub-HUP060,03,False
RAFc1-RAFc2,0.0,False,,,,20,sub-HUP060,03,False
RAFc3-RAFc4,0.0,False,,,,20,sub-HUP060,03,False
RH2-RH3,0.0,False,,,,20,sub-HUP060,03,False
RH3-RH4,0.0,False,,,,20,sub-HUP060,03,False
LG48-LG49,1.0,True,-6.25,0.5,2.6547495068076143,1,sub-HUP064,01,False
LF05-LF06,0.6215061372880331,True,-5.75,-4.25,2.474914667164967,2,sub-HUP064,01,False
LG30-LG31,0.4249151467482012,True,-4.0,0.25,3.6661406478608343,3,sub-HUP064,01,True
LF02-LF03,0.06723624887131337,True,4.0,5.5,2.0080732334705234,4,sub-HUP064,01,False
LG54-LG55,0.04088663445647709,True,10.75,16.25,1.9537879078504035,5,sub-HUP064,01,False
LG62-LG63,0.02391706846165034,True,21.75,29.0,1.8413209453826553,6,sub-HUP064,01,False
LIH02-LIH03,0.023633962786872204,True,15.25,23.0,1.411700648678066,7,sub-HUP064,01,False
LG55-LG56,0.022836629415222062,True,22.5,29.25,1.8036095376469685,8,sub-HUP064,01,False
LF01-LF02,0.0,False,,,,9,sub-HUP064,01,False
LF03-LF04,0.0,False,,,,9,sub-HUP064,01,False
LF04-LF05,0.0,False,,,,9,sub-HUP064,01,False
LG01-LG02,0.0,False,,,,9,sub-HUP064,01,False
LG02-LG03,0.0,False,,,,9,sub-HUP064,01,False
LG03-LG04,0.0,False,,,,9,sub-HUP064,01,False
LG04-LG05,0.0,False,,,,9,sub-HUP064,01,False
LG05-LG06,0.0,False,,,,9,sub-HUP064,01,False
LG06-LG07,0.0,False,,,,9,sub-HUP064,01,False
LG07-LG08,0.0,False,,,,9,sub-HUP064,01,False
LG08-LG09,0.0,False,,,,9,sub-HUP064,01,False
LG09-LG10,0.0,False,,,,9,sub-HUP064,01,False
LG10-LG11,0.0,False,,,,9,sub-HUP064,01,False
LG11-LG12,0.0,False,,,,9,sub-HUP064,01,False
LG12-LG13,0.0,False,,,,9,sub-HUP064,01,False
LG13-LG14,0.0,False,,,,9,sub-HUP064,01,False
LG14-LG15,0.0,False,,,,9,sub-HUP064,01,False
LG15-LG16,0.0,False,,,,9,sub-HUP064,01,False
LG16-LG17,0.0,False,,,,9,sub-HUP064,01,False
LG17-LG18,0.0,False,,,,9,sub-HUP064,01,False
LG18-LG19,0.0,False,,,,9,sub-HUP064,01,False
LG19-LG20,0.0,False,,,,9,sub-HUP064,01,False
LG20-LG21,0.0,False,,,,9,sub-HUP064,01,False
LG21-LG22,0.0,False,,,,9,sub-HUP064,01,False
LG22-LG23,0.0,False,,,,9,sub-HUP064,01,True
LG23-LG24,0.0,False,,,,9,sub-HUP064,01,True
LG24-LG25,0.0,False,,,,9,sub-HUP064,01,False
LG25-LG26,0.0,False,,,,9,sub-HUP064,01,False
LG26-LG27,0.0,False,,,,9,sub-HUP064,01,False
LG27-LG28,0.0,False,,,,9,sub-HUP064,01,False
LG28-LG29,0.0,False,,,,9,sub-HUP064,01,False
LG29-LG30,0.0,False,,,,9,sub-HUP064,01,False
LG31-LG32,0.0,False,,,,9,sub-HUP064,01,True
LG32-LG33,0.0,False,,,,9,sub-HUP064,01,False
LG33-LG34,0.0,False,,,,9,sub-HUP064,01,False
LG34-LG35,0.0,False,,,,9,sub-HUP064,01,False
LG35-LG36,0.0,False,,,,9,sub-HUP064,01,False
LG36-LG37,0.0,False,,,,9,sub-HUP064,01,False
LG37-LG38,0.0,False,,,,9,sub-HUP064,01,False
LG38-LG39,0.0,False,,,,9,sub-HUP064,01,False
LG39-LG40,0.0,False,,,,9,sub-HUP064,01,False
LG40-LG41,0.0,False,,,,9,sub-HUP064,01,False
LG41-LG42,0.0,False,,,,9,sub-HUP064,01,False
LG42-LG43,0.0,False,,,,9,sub-HUP064,01,False
LG43-LG44,0.0,False,,,,9,sub-HUP064,01,False
LG44-LG45,0.0,False,,,,9,sub-HUP064,01,False
LG45-LG46,0.0,False,,,,9,sub-HUP064,01,False
LG46-LG47,0.0,False,,,,9,sub-HUP064,01,False
LG47-LG48,0.0,False,,,,9,sub-HUP064,01,False
LG49-LG50,0.0,False,,,,9,sub-HUP064,01,False
LG50-LG51,0.0,False,,,,9,sub-HUP064,01,False
LG51-LG52,0.0,False,,,,9,sub-HUP064,01,False
LG52-LG53,0.0,False,,,,9,sub-HUP064,01,False
LG53-LG54,0.0,False,,,,9,sub-HUP064,01,False
LG56-LG57,0.0,False,,,,9,sub-HUP064,01,False
LG57-LG58,0.0,False,,,,9,sub-HUP064,01,False
LG58-LG59,0.0,False,,,,9,sub-HUP064,01,False
LG59-LG60,0.0,False,,,,9,sub-HUP064,01,False
LG60-LG61,0.0,False,,,,9,sub-HUP064,01,False
LG61-LG62,0.0,False,,,,9,sub-HUP064,01,False
LG63-LG64,0.0,False,,,,9,sub-HUP064,01,False
LIH01-LIH02,0.0,False,,,,9,sub-HUP064,01,False
LIH03-LIH04,0.0,False,,,,9,sub-HUP064,01,False
LIH04-LIH05,0.0,False,,,,9,sub-HUP064,01,False
LIH05-LIH06,0.0,False,,,,9,sub-HUP064,01,False
LST01-LST02,0.0,False,,,,9,sub-HUP064,01,False
LST02-LST03,0.0,False,,,,9,sub-HUP064,01,False
LST03-LST04,0.0,False,,,,9,sub-HUP064,01,False
LST04-LST05,0.0,False,,,,9,sub-HUP064,01,False
LST05-LST06,0.0,False,,,,9,sub-HUP064,01,False
RFR01-RFR02,0.0,False,,,,9,sub-HUP064,01,False
RFR02-RFR03,0.0,False,,,,9,sub-HUP064,01,False
RFR03-RFR04,0.0,False,,,,9,sub-HUP064,01,False
RG57-RG58,1.0,True,-6.5,-5.25,2.4215949103102847,1,sub-HUP065,01,False
RG12-RG13,0.09042556657398881,True,14.0,17.5,4.707942973216145,2,sub-HUP065,01,False
RG18-RG19,0.07213884227326693,True,5.5,10.25,2.270983692700055,3,sub-HUP065,01,False
RG54-RG55,0.06792788567131477,True,24.25,27.0,5.222678855160984,4,sub-HUP065,01,False
RG25-RG26,0.06420711723618176,True,6.75,11.5,2.2156417033438776,5,sub-HUP065,01,True
RG11-RG12,0.06261075894649602,True,12.25,16.0,2.994453430111103,6,sub-HUP065,01,True
RG14-RG15,0.05729532683004787,True,11.25,15.75,2.601488846928904,7,sub-HUP065,01,False
RG21-RG22,0.05606941408305563,True,12.5,16.5,2.7155481553521463,8,sub-HUP065,01,True
RG26-RG27,0.050823248379956366,True,21.5,25.0,3.5691262684677953,9,sub-HUP065,01,True
RG27-RG28,0.044029829553654934,True,18.5,22.25,2.7721826898729636,10,sub-HUP065,01,True
RG41-RG42,0.04344883920106586,True,23.5,26.75,3.261680123913923,11,sub-HUP065,01,False
RG05-RG06,0.04333262997802439,True,19.75,23.5,2.859453576590139,12,sub-HUP065,01,True
RG28-RG29,0.04292323329452618,True,15.25,16.75,2.3646960446219465,13,sub-HUP065,01,False
RG45-RG46,0.04239449398240858,True,13.0,15.25,2.1045769624861026,14,sub-HUP065,01,False
RG10-RG11,0.042241949054733774,True,13.0,17.75,2.097004221066858,15,sub-HUP065,01,True
RG20-RG21,0.04189443615999989,True,8.0,16.25,1.5724959773183105,16,sub-HUP065,01,False
RG03-RG04,0.040222458144166376,True,16.0,20.25,2.2889587481689215,17,sub-HUP065,01,True
RG62-RG63,0.03935744662073932,True,25.5,28.0,3.1451571498465043,18,sub-HUP065,01,False
RG13-RG14,0.03611883927092821,True,11.25,18.0,1.639972450214906,19,sub-HUP065,01,False
RG04-RG05,0.035429489761583825,True,15.25,21.25,1.9518560898550745,20,sub-HUP065,01,True
RG19-RG20,0.03459784552714635,True,12.5,19.5,1.675639332724781,21,sub-HUP065,01,False
RG16-RG17,0.03374776851339406,True,22.25,26.0,2.4312718778743507,22,sub-HUP065,01,True
RG08-RG09,0.03190750482124568,True,23.75,28.25,2.414595352369669,23,sub-HUP065,01,True
RG56-RG57,0.03170629081194274,True,26.5,29.0,2.6105129434706216,24,sub-HUP065,01,False
RG17-RG18,0.031158144040209293,True,21.0,25.25,2.1503934861408385,25,sub-HUP065,01,True
RG40-RG41,0.022736588176777792,True,23.5,29.0,1.7068229924078893,26,sub-HUP065,01,False
RG15-RG16,0.021188156663869258,True,20.75,28.75,1.4494829884943374,27,sub-HUP065,01,False
RG01-RG02,0.0,False,,,,28,sub-HUP065,01,False
RG02-RG03,0.0,False,,,,28,sub-HUP065,01,True
RG06-RG07,0.0,False,,,,28,sub-HUP065,01,True
RG07-RG08,0.0,False,,,,28,sub-HUP065,01,False
RG09-RG10,0.0,False,,,,28,sub-HUP065,01,True
RG22-RG23,0.0,False,,,,28,sub-HUP065,01,True
RG23-RG24,0.0,False,,,,28,sub-HUP065,01,True
RG24-RG25,0.0,False,,,,28,sub-HUP065,01,True
RG29-RG30,0.0,False,,,,28,sub-HUP065,01,False
RG30-RG31,0.0,False,,,,28,sub-HUP065,01,False
RG31-RG32,0.0,False,,,,28,sub-HUP065,01,False
RG32-RG33,0.0,False,,,,28,sub-HUP065,01,False
RG33-RG34,0.0,False,,,,28,sub-HUP065,01,False
RG34-RG35,0.0,False,,,,28,sub-HUP065,01,False
RG35-RG36,0.0,False,,,,28,sub-HUP065,01,False
RG36-RG37,0.0,False,,,,28,sub-HUP065,01,False
RG37-RG38,0.0,False,,,,28,sub-HUP065,01,False
RG38-RG39,0.0,False,,,,28,sub-HUP065,01,False
RG39-RG40,0.0,False,,,,28,sub-HUP065,01,False
RG42-RG43,0.0,False,,,,28,sub-HUP065,01,False
RG43-RG44,0.0,False,,,,28,sub-HUP065,01,False
RG44-RG45,0.0,False,,,,28,sub-HUP065,01,False
RG46-RG47,0.0,False,,,,28,sub-HUP065,01,False
RG47-RG48,0.0,False,,,,28,sub-HUP065,01,False
RG48-RG49,0.0,False,,,,28,sub-HUP065,01,False
RG49-RG50,0.0,False,,,,28,sub-HUP065,01,False
RG50-RG51,0.0,False,,,,28,sub-HUP065,01,False
RG51-RG52,0.0,False,,,,28,sub-HUP065,01,False
RG52-RG53,0.0,False,,,,28,sub-HUP065,01,False
RG53-RG54,0.0,False,,,,28,sub-HUP065,01,False
RG55-RG56,0.0,False,,,,28,sub-HUP065,01,False
RG58-RG59,0.0,False,,,,28,sub-HUP065,01,False
RG59-RG60,0.0,False,,,,28,sub-HUP065,01,False
RG60-RG61,0.0,False,,,,28,sub-HUP065,01,False
RG61-RG62,0.0,False,,,,28,sub-HUP065,01,False
RG63-RG64,0.0,False,,,,28,sub-HUP065,01,False
RG38-RG39,1.0,True,-2.75,2.5,2.5072356306138284,1,sub-HUP065,02,False
RG23-RG24,0.6186597872613375,True,-2.25,4.75,2.3266887927743953,2,sub-HUP065,02,True
RG25-RG26,0.12425033836653131,True,17.25,18.0,6.542022384836225,3,sub-HUP065,02,True
RG10-RG11,0.09594908005668897,True,25.0,27.0,6.916299876979042,4,sub-HUP065,02,True
RG14-RG15,0.06718534022021518,True,21.5,24.5,4.253349341089654,5,sub-HUP065,02,False
RG36-RG37,0.06543105441380832,True,15.75,19.5,3.198995884011183,6,sub-HUP065,02,False
RG34-RG35,0.060828747656729555,True,18.5,20.25,3.3933920776651774,7,sub-HUP065,02,False
RG39-RG40,0.05970903132435255,True,20.25,24.25,3.592910659340494,8,sub-HUP065,02,False
RG35-RG36,0.0559811678408115,True,18.25,20.0,3.087875530384823,9,sub-HUP065,02,False
RG33-RG34,0.055773445604748395,True,17.25,20.0,2.936580571308876,10,sub-HUP065,02,False
RG37-RG38,0.05545404646017295,True,18.5,20.5,3.093559035513191,11,sub-HUP065,02,False
RG18-RG19,0.05482021329117714,True,17.0,19.5,2.8520292348608987,12,sub-HUP065,02,False
RG30-RG31,0.05456995412439294,True,21.75,24.0,3.4889032002118205,13,sub-HUP065,02,False
RG45-RG46,0.053288551211733606,True,25.0,27.0,3.8411999361781364,14,sub-HUP065,02,False
RG21-RG22,0.05196223736278822,True,15.25,21.25,2.475349886285519,15,sub-HUP065,02,True
RG17-RG18,0.051352179962513414,True,24.25,25.75,3.6050564287277993,16,sub-HUP065,02,True
RG59-RG60,0.04953972361262252,True,22.5,25.75,3.260453704523621,17,sub-HUP065,02,False
RG05-RG06,0.045957484925240315,True,17.5,20.0,2.4485576785816585,18,sub-HUP065,02,True
RG52-RG53,0.04594922624724286,True,18.25,19.25,2.5345218194169155,19,sub-HUP065,02,False
RG28-RG29,0.04486525994538306,True,15.5,22.0,2.165389732502455,20,sub-HUP065,02,False
RG58-RG59,0.04252012863508744,True,24.0,25.25,2.958371487517844,21,sub-HUP065,02,False
RG26-RG27,0.04243007304653776,True,16.25,24.5,2.127643819036538,22,sub-HUP065,02,True
RG29-RG30,0.0420625247684103,True,18.75,24.0,2.3728648682910367,23,sub-HUP065,02,False
RG22-RG23,0.04078013452074489,True,21.25,27.25,2.556135157290914,24,sub-HUP065,02,True
RG27-RG28,0.04008475749631588,True,16.25,21.5,2.010038644785559,25,sub-HUP065,02,True
RG44-RG45,0.03896025672123795,True,25.5,28.75,2.8572144070084784,26,sub-HUP065,02,False
RG42-RG43,0.0386538198075652,True,18.5,20.0,2.1563417127490023,27,sub-HUP065,02,False
RG08-RG09,0.038472666856489354,True,18.75,25.5,2.170350925814831,28,sub-HUP065,02,True
RG11-RG12,0.035541798744104645,True,22.25,27.0,2.31690326887045,29,sub-HUP065,02,True
RG31-RG32,0.03501568816341042,True,21.5,27.25,2.216762670092579,30,sub-HUP065,02,False
RG16-RG17,0.034734492015377094,True,23.0,27.0,2.329592122792018,31,sub-HUP065,02,True
RG40-RG41,0.03370050520224712,True,26.75,27.75,2.5771007760892006,32,sub-HUP065,02,False
RG19-RG20,0.033542991082521255,True,16.5,25.75,1.7030286935890486,33,sub-HUP065,02,False
RG20-RG21,0.033485834930533136,True,19.0,26.25,1.9100189849351021,34,sub-HUP065,02,False
RG03-RG04,0.033441387983912815,True,22.75,29.25,2.221904146496855,35,sub-HUP065,02,True
RG51-RG52,0.033076295701788196,True,18.5,20.0,1.8451939932473933,36,sub-HUP065,02,False
RG32-RG33,0.032511383289207774,True,26.75,29.5,2.4861678067889645,37,sub-HUP065,02,False
RG13-RG14,0.03092935181060183,True,20.25,26.5,1.8611321493919497,38,sub-HUP065,02,False
RG12-RG13,0.027022644082734918,True,22.5,27.5,1.7784935720377593,39,sub-HUP065,02,False
RG01-RG02,0.0,False,,,,40,sub-HUP065,02,False
RG02-RG03,0.0,False,,,,40,sub-HUP065,02,True
RG04-RG05,0.0,False,,,,40,sub-HUP065,02,True
RG06-RG07,0.0,False,,,,40,sub-HUP065,02,True
RG07-RG08,0.0,False,,,,40,sub-HUP065,02,False
RG09-RG10,0.0,False,,,,40,sub-HUP065,02,True
RG15-RG16,0.0,False,,,,40,sub-HUP065,02,False
RG24-RG25,0.0,False,,,,40,sub-HUP065,02,True
RG41-RG42,0.0,False,,,,40,sub-HUP065,02,False
RG43-RG44,0.0,False,,,,40,sub-HUP065,02,False
RG46-RG47,0.0,False,,,,40,sub-HUP065,02,False
RG47-RG48,0.0,False,,,,40,sub-HUP065,02,False
RG48-RG49,0.0,False,,,,40,sub-HUP065,02,False
RG49-RG50,0.0,False,,,,40,sub-HUP065,02,False
RG50-RG51,0.0,False,,,,40,sub-HUP065,02,False
RG53-RG54,0.0,False,,,,40,sub-HUP065,02,False
RG54-RG55,0.0,False,,,,40,sub-HUP065,02,False
RG55-RG56,0.0,False,,,,40,sub-HUP065,02,False
RG56-RG57,0.0,False,,,,40,sub-HUP065,02,False
RG57-RG58,0.0,False,,,,40,sub-HUP065,02,False
RG60-RG61,0.0,False,,,,40,sub-HUP065,02,False
RG61-RG62,0.0,False,,,,40,sub-HUP065,02,False
RG62-RG63,0.0,False,,,,40,sub-HUP065,02,False
RG63-RG64,0.0,False,,,,40,sub-HUP065,02,False
RG63-RG64,1.0,True,-8.0,-6.75,1.7374158889221392,1,sub-HUP065,03,False
RG27-RG28,0.06544809227525815,True,20.75,22.0,3.382889023705606,2,sub-HUP065,03,True
RG38-RG39,0.06262207773478695,True,13.75,18.25,2.475213487422498,3,sub-HUP065,03,False
RG03-RG04,0.06243860369793331,True,25.25,27.75,3.7155024085313926,4,sub-HUP065,03,True
RG21-RG22,0.06129001550700493,True,7.0,17.25,1.7037799483864746,5,sub-HUP065,03,True
RG37-RG38,0.060806058980767165,True,13.75,17.5,2.4034331461122163,6,sub-HUP065,03,False
RG28-RG29,0.056108906699896974,True,13.75,21.0,2.217772511737757,7,sub-HUP065,03,False
RG04-RG05,0.05232073019384399,True,25.25,28.0,3.1134232275886555,8,sub-HUP065,03,True
RG22-RG23,0.05220213212374763,True,13.75,24.5,2.0633525136636215,9,sub-HUP065,03,True
RG29-RG30,0.052063853871422296,True,15.5,21.0,2.2161858903908733,10,sub-HUP065,03,False
RG20-RG21,0.051545694031559626,True,23.0,27.25,2.8658018501104245,11,sub-HUP065,03,False
RG11-RG12,0.04768460606194081,True,21.25,25.25,2.5061517649275196,12,sub-HUP065,03,True
RG25-RG26,0.04739793955081751,True,12.75,18.25,1.791111048791311,13,sub-HUP065,03,True
RG14-RG15,0.04624984595077976,True,12.25,23.25,1.7075483658205777,14,sub-HUP065,03,False
RG35-RG36,0.04592534274767443,True,20.0,24.5,2.3139511856261357,15,sub-HUP065,03,False
RG06-RG07,0.04564855105967685,True,22.75,26.5,2.518108943876056,16,sub-HUP065,03,True
RG36-RG37,0.039972716458388444,True,14.0,24.0,1.5973323520582225,17,sub-HUP065,03,False
RG19-RG20,0.03810259967291703,True,20.75,26.25,1.969451846908725,18,sub-HUP065,03,False
RG18-RG19,0.0366473011066445,True,20.25,25.5,1.8623943944423427,19,sub-HUP065,03,False
RG10-RG11,0.033306774848235944,True,22.5,27.25,1.8228331746474382,20,sub-HUP065,03,True
RG13-RG14,0.03130137027990216,True,20.25,26.5,1.590717318528114,21,sub-HUP065,03,False
RG12-RG13,0.02654025564226153,True,21.25,27.25,1.3948717209298493,22,sub-HUP065,03,False
RG01-RG02,0.0,False,,,,23,sub-HUP065,03,False
RG02-RG03,0.0,False,,,,23,sub-HUP065,03,True
RG05-RG06,0.0,False,,,,23,sub-HUP065,03,True
RG07-RG08,0.0,False,,,,23,sub-HUP065,03,False
RG08-RG09,0.0,False,,,,23,sub-HUP065,03,True
RG09-RG10,0.0,False,,,,23,sub-HUP065,03,True
RG15-RG16,0.0,False,,,,23,sub-HUP065,03,False
RG16-RG17,0.0,False,,,,23,sub-HUP065,03,True
RG17-RG18,0.0,False,,,,23,sub-HUP065,03,True
RG23-RG24,0.0,False,,,,23,sub-HUP065,03,True
RG24-RG25,0.0,False,,,,23,sub-HUP065,03,True
RG26-RG27,0.0,False,,,,23,sub-HUP065,03,True
RG30-RG31,0.0,False,,,,23,sub-HUP065,03,False
RG31-RG32,0.0,False,,,,23,sub-HUP065,03,False
RG32-RG33,0.0,False,,,,23,sub-HUP065,03,False
RG33-RG34,0.0,False,,,,23,sub-HUP065,03,False
RG34-RG35,0.0,False,,,,23,sub-HUP065,03,False
RG39-RG40,0.0,False,,,,23,sub-HUP065,03,False
RG40-RG41,0.0,False,,,,23,sub-HUP065,03,False
RG41-RG42,0.0,False,,,,23,sub-HUP065,03,False
RG42-RG43,0.0,False,,,,23,sub-HUP065,03,False
RG43-RG44,0.0,False,,,,23,sub-HUP065,03,False
RG44-RG45,0.0,False,,,,23,sub-HUP065,03,False
RG45-RG46,0.0,False,,,,23,sub-HUP065,03,False
RG46-RG47,0.0,False,,,,23,sub-HUP065,03,False
RG47-RG48,0.0,False,,,,23,sub-HUP065,03,False
RG48-RG49,0.0,False,,,,23,sub-HUP065,03,False
RG49-RG50,0.0,False,,,,23,sub-HUP065,03,False
RG50-RG51,0.0,False,,,,23,sub-HUP065,03,False
RG51-RG52,0.0,False,,,,23,sub-HUP065,03,False
RG52-RG53,0.0,False,,,,23,sub-HUP065,03,False
RG53-RG54,0.0,False,,,,23,sub-HUP065,03,False
RG54-RG55,0.0,False,,,,23,sub-HUP065,03,False
RG55-RG56,0.0,False,,,,23,sub-HUP065,03,False
RG56-RG57,0.0,False,,,,23,sub-HUP065,03,False
RG57-RG58,0.0,False,,,,23,sub-HUP065,03,False
RG58-RG59,0.0,False,,,,23,sub-HUP065,03,False
RG59-RG60,0.0,False,,,,23,sub-HUP065,03,False
RG60-RG61,0.0,False,,,,23,sub-HUP065,03,False
RG61-RG62,0.0,False,,,,23,sub-HUP065,03,False
RG62-RG63,0.0,False,,,,23,sub-HUP065,03,False
LG19-LG20,1.0,True,-2.25,1.5,7.5586534210504555,1,sub-HUP070,01,True
LG28-LG29,0.8313900425065122,True,0.75,1.25,25.136756756076526,2,sub-HUP070,01,True
LG13-LG14,0.8064158089116948,True,-2.25,1.25,6.095417612819553,3,sub-HUP070,01,True
LG21-LG22,0.7821950432829397,True,0.25,1.0,20.693194339437554,4,sub-HUP070,01,True
LG14-LG15,0.4997557960141252,True,1.0,1.5,16.05429364323583,5,sub-HUP070,01,True
LG23-LG24,0.45818682961105284,True,0.25,1.25,12.121464064919463,6,sub-HUP070,01,True
LG12-LG13,0.40362031992924563,True,0.75,1.5,12.203304448154686,7,sub-HUP070,01,True
LG22-LG23,0.400151300065836,True,0.25,1.0,10.586117476131465,8,sub-HUP070,01,True
LG30-LG31,0.3405976032472474,True,0.75,1.5,10.29783695594557,9,sub-HUP070,01,True
LG20-LG21,0.3333650174274154,True,-1.0,1.75,5.669528916231625,10,sub-HUP070,01,True
LG37-LG38,0.31642499957387604,True,0.75,2.0,9.566987622139868,11,sub-HUP070,01,False
LG29-LG30,0.3070448076477558,True,-1.25,1.5,4.641690571484977,12,sub-HUP070,01,True
LG18-LG19,0.24302478352307982,True,1.0,1.75,7.806995473351288,13,sub-HUP070,01,False
LG15-LG16,0.23816941795828636,True,0.25,1.5,6.300840300439988,14,sub-HUP070,01,True
LG11-LG12,0.23455111112963448,True,0.75,1.5,7.091562234204789,15,sub-HUP070,01,True
LG36-LG37,0.2218859890361273,True,0.75,3.75,6.70863716044435,16,sub-HUP070,01,False
LG32-LG33,0.1839587225345818,True,0.75,3.5,5.561920909672352,17,sub-HUP070,01,False
LG35-LG36,0.1803497510826361,True,1.5,3.5,6.475205999280236,18,sub-HUP070,01,False
LG44-LG45,0.17990565268475983,True,-2.0,9.0,1.6998055964149685,19,sub-HUP070,01,False
LG45-LG46,0.1646478960933268,True,0.5,3.75,4.666936436529691,20,sub-HUP070,01,False
LG34-LG35,0.15944997788702964,True,1.5,3.0,5.724828824000527,21,sub-HUP070,01,False
LG26-LG27,0.1579479090628514,True,1.25,2.25,5.372430764335595,22,sub-HUP070,01,False
LG16-LG17,0.1504274433562318,True,3.75,4.75,7.959202365411184,23,sub-HUP070,01,False
LG31-LG32,0.14841440231548395,True,0.75,2.25,4.487252119180366,24,sub-HUP070,01,False
LG27-LG28,0.14588118235241734,True,0.25,4.25,3.8593285431924462,25,sub-HUP070,01,False
LG06-LG07,0.13975292036078152,True,1.25,3.75,4.753547503140659,26,sub-HUP070,01,False
LG24-LG25,0.1310099558916909,True,1.0,4.25,4.2086001179926935,27,sub-HUP070,01,False
LG38-LG39,0.11103942854614987,True,1.25,3.75,3.7768885040332947,28,sub-HUP070,01,False
LG43-LG44,0.10652479236851736,True,0.5,4.0,3.0194399484861867,29,sub-HUP070,01,False
LG04-LG05,0.09919475842932446,True,0.75,4.0,2.999115200608347,30,sub-HUP070,01,False
LG05-LG06,0.09640074504223047,True,2.75,5.0,4.371958927831608,31,sub-HUP070,01,False
LG48-LG49,0.08853956587412742,True,3.5,7.5,4.517369274326368,32,sub-HUP070,01,False
LG40-LG41,0.0812301310485331,True,3.25,4.75,3.9909376516254147,33,sub-HUP070,01,False
LG39-LG40,0.08014543576146378,True,3.0,6.0,3.7861973262497983,34,sub-HUP070,01,False
LG41-LG42,0.07610927079176343,True,1.75,3.75,2.8764180002190907,35,sub-HUP070,01,False
LG59-LG60,0.0754000877966898,True,5.0,7.75,4.701865835468621,36,sub-HUP070,01,False
LG60-LG61,0.07255335043108559,True,4.5,7.25,4.250143635945632,37,sub-HUP070,01,False
LG10-LG11,0.07111431723079426,True,4.0,7.5,3.897081459861025,38,sub-HUP070,01,False
LG01-LG02,0.06856118716391461,True,4.0,7.75,3.757169326331577,39,sub-HUP070,01,False
LG17-LG18,0.0636460690765191,True,4.25,8.25,3.608089333212335,40,sub-HUP070,01,False
LG49-LG50,0.06016789899847832,True,3.0,7.75,2.842426847514165,41,sub-HUP070,01,False
LG58-LG59,0.0599316475576257,True,7.5,8.0,4.869777443036854,42,sub-HUP070,01,False
LG33-LG34,0.05967392388770702,True,3.75,4.5,3.157381562589248,43,sub-HUP070,01,False
LG25-LG26,0.056387576140319626,True,3.25,4.75,2.770391944435505,44,sub-HUP070,01,False
LG03-LG04,0.05548895978321841,True,3.75,8.25,2.935952709871685,45,sub-HUP070,01,False
LG46-LG47,0.05195425781861076,True,3.0,9.75,2.4544014287423725,46,sub-HUP070,01,False
LG42-LG43,0.04935096607127225,True,3.25,8.0,2.424674515423985,47,sub-HUP070,01,False
LG07-LG08,0.04831894430799125,True,5.5,8.5,3.195728844832515,48,sub-HUP070,01,False
LG08-LG09,0.04284163204988856,True,6.0,8.25,2.995381700079794,49,sub-HUP070,01,False
LG61-LG62,0.04161418021414903,True,5.25,8.25,2.673650907939046,50,sub-HUP070,01,False
LG57-LG58,0.038646464021470484,True,6.5,8.25,2.848123468002064,51,sub-HUP070,01,False
LG09-LG10,0.03640802079354361,True,6.75,10.5,2.751956109247945,52,sub-HUP070,01,False
LG02-LG03,0.035983417744681015,True,4.0,11.25,1.9718998313676757,53,sub-HUP070,01,False
LG52-LG53,0.03566053809629613,True,5.25,12.25,2.291138010363585,54,sub-HUP070,01,False
LG56-LG57,0.03522342504002393,True,7.0,10.5,2.7289770373438844,55,sub-HUP070,01,False
LG55-LG56,0.030719590027294828,True,7.5,12.5,2.4961363932206044,56,sub-HUP070,01,False
LG47-LG48,0.0,False,,,,57,sub-HUP070,01,False
LG53-LG54,0.0,False,,,,57,sub-HUP070,01,False
LG54-LG55,0.0,False,,,,57,sub-HUP070,01,False
LG62-LG63,0.0,False,,,,57,sub-HUP070,01,False
LG63-LG64,0.0,False,,,,57,sub-HUP070,01,False
LG28-LG29,1.0,True,-1.0,0.5,20.220022532813626,1,sub-HUP070,02,True
LG29-LG30,0.9851412541560476,True,-9.0,-7.75,2.2132864841155064,2,sub-HUP070,02,True
LG19-LG20,0.8832110990632532,True,-0.25,0.25,19.346760684647574,3,sub-HUP070,02,True
LG20-LG21,0.6791341120606793,True,-0.25,1.0,14.876449302725087,4,sub-HUP070,02,True
LG14-LG15,0.6706539370375847,True,0.0,0.5,15.06737524291126,5,sub-HUP070,02,True
LG21-LG22,0.6144471572543249,True,-1.0,0.25,12.424135364905727,6,sub-HUP070,02,True
LG37-LG38,0.5460588093260542,True,0.25,1.0,12.574838293927277,7,sub-HUP070,02,False
LG23-LG24,0.5405841073670503,True,-0.75,0.5,11.23425124383833,8,sub-HUP070,02,True
LG22-LG23,0.48692725377924384,True,-1.25,0.5,9.572188930944666,9,sub-HUP070,02,True
LG12-LG13,0.4644471931443824,True,0.0,0.5,10.434591900757171,10,sub-HUP070,02,True
LG30-LG31,0.45172442816238256,True,-0.5,0.5,9.641315789180487,11,sub-HUP070,02,True
LG13-LG14,0.34063037586660605,True,-1.25,0.75,6.6962329344006735,12,sub-HUP070,02,True
LG35-LG36,0.2661687004980674,True,0.5,1.25,6.278926641867418,13,sub-HUP070,02,False
LG59-LG60,0.24803085368321967,True,-5.75,-5.25,2.368283907089748,14,sub-HUP070,02,False
LG32-LG33,0.23579466674171598,True,-1.5,0.75,4.502897170488401,15,sub-HUP070,02,False
LG11-LG12,0.22541790994255395,True,-1.0,0.75,4.5579552183381935,16,sub-HUP070,02,True
LG31-LG32,0.22388870101602487,True,-2.0,1.25,4.024030737232352,17,sub-HUP070,02,False
LG18-LG19,0.19298887606380472,True,-0.25,1.0,4.227426041141884,18,sub-HUP070,02,False
LG15-LG16,0.18485664681399233,True,0.0,1.75,4.153117293243661,19,sub-HUP070,02,True
LG26-LG27,0.18140876832560004,True,0.5,2.0,4.279437613725866,20,sub-HUP070,02,False
LG05-LG06,0.17370226490586121,True,1.75,4.5,4.585455399685332,21,sub-HUP070,02,False
LG58-LG59,0.1714853717139147,True,4.5,5.25,5.586428017944167,22,sub-HUP070,02,False
LG27-LG28,0.1698445011361184,True,0.25,1.25,3.91124014560886,23,sub-HUP070,02,False
LG06-LG07,0.16773784920689347,True,0.0,1.0,3.768514545076756,24,sub-HUP070,02,False
LG55-LG56,0.16741041356247438,True,-3.5,-3.0,2.4447527971106355,25,sub-HUP070,02,False
LG36-LG37,0.15517517431354513,True,0.5,3.25,3.660586441345359,26,sub-HUP070,02,False
LG24-LG25,0.1540255094222757,True,0.25,4.5,3.5469547254724167,27,sub-HUP070,02,False
LG38-LG39,0.1526086244796266,True,0.25,3.25,3.5143261903574845,28,sub-HUP070,02,False
LG16-LG17,0.14771785985178795,True,-3.25,2.0,2.2401438410266183,29,sub-HUP070,02,False
LG08-LG09,0.1372558694301074,True,0.5,1.5,3.2378695680773126,30,sub-HUP070,02,False
LG39-LG40,0.12875520244301653,True,2.25,5.75,3.543561712114554,31,sub-HUP070,02,False
LG47-LG48,0.1243387886696978,True,-2.75,5.0,2.0252738930421446,32,sub-HUP070,02,False
LG07-LG08,0.12250338854605931,True,-1.25,4.0,2.408215130171027,33,sub-HUP070,02,False
LG48-LG49,0.11897673142677061,True,4.5,6.5,3.8758696399758157,34,sub-HUP070,02,False
LG04-LG05,0.1099734584665406,True,3.0,6.25,3.211961722962625,35,sub-HUP070,02,False
LG40-LG41,0.10668504320441867,True,-1.0,8.5,2.157173977507541,36,sub-HUP070,02,False
LG60-LG61,0.10559388792671993,True,4.0,5.5,3.321283456097715,37,sub-HUP070,02,False
LG17-LG18,0.09901683635617776,True,2.25,6.75,2.7251114013956075,38,sub-HUP070,02,False
LG03-LG04,0.09815543368043415,True,1.75,6.0,2.5911427442948387,39,sub-HUP070,02,False
LG45-LG46,0.09010345732453924,True,1.0,6.75,2.2267592568058374,40,sub-HUP070,02,False
LG34-LG35,0.08260550010021493,True,2.25,6.25,2.2734435720742647,41,sub-HUP070,02,False
LG43-LG44,0.07934607782722568,True,1.25,6.75,2.0054743519461087,42,sub-HUP070,02,False
LG52-LG53,0.07931763945743549,True,7.5,9.5,3.118508666542369,43,sub-HUP070,02,False
LG25-LG26,0.07809539481130354,True,3.75,6.75,2.4124995931567876,44,sub-HUP070,02,False
LG42-LG43,0.07556576050164993,True,4.0,6.75,2.376797702303981,45,sub-HUP070,02,False
LG54-LG55,0.06973877260359675,True,6.0,8.0,2.5068792061430965,46,sub-HUP070,02,False
LG57-LG58,0.06646790351001956,True,8.75,19.25,2.7999635555864115,47,sub-HUP070,02,False
LG49-LG50,0.05746013937050903,True,10.25,11.75,2.6141519538231837,48,sub-HUP070,02,False
LG53-LG54,0.05647749647309405,True,7.5,15.5,2.2205093774944578,49,sub-HUP070,02,False
LG44-LG45,0.056353589957129656,True,3.75,12.75,1.7408582564054325,50,sub-HUP070,02,False
LG41-LG42,0.05030743376471989,True,10.5,12.5,2.316995289773182,51,sub-HUP070,02,False
LG01-LG02,0.0,False,,,,52,sub-HUP070,02,False
LG02-LG03,0.0,False,,,,52,sub-HUP070,02,False
LG09-LG10,0.0,False,,,,52,sub-HUP070,02,False
LG10-LG11,0.0,False,,,,52,sub-HUP070,02,False
LG33-LG34,0.0,False,,,,52,sub-HUP070,02,False
LG46-LG47,0.0,False,,,,52,sub-HUP070,02,False
LG56-LG57,0.0,False,,,,52,sub-HUP070,02,False
LG61-LG62,0.0,False,,,,52,sub-HUP070,02,False
LG62-LG63,0.0,False,,,,52,sub-HUP070,02,False
LG63-LG64,0.0,False,,,,52,sub-HUP070,02,False
LG23-LG24,1.0,True,-8.75,-6.5,3.9254324416195514,1,sub-HUP070,03,True
LG21-LG22,0.9471322203375481,True,-8.0,-6.5,6.506331202378294,2,sub-HUP070,03,True
LG22-LG23,0.8029451234129152,True,-7.75,-6.25,6.303813672570544,3,sub-HUP070,03,True
LG12-LG13,0.6710162367707081,True,-1.5,0.25,21.730738463553934,4,sub-HUP070,03,True
LG19-LG20,0.5616782401730256,True,-3.5,-0.5,13.780187410793578,5,sub-HUP070,03,True
LG29-LG30,0.3950726126036545,True,-7.5,-3.25,3.4893694131970023,6,sub-HUP070,03,True
LG28-LG29,0.3937751262268866,True,-4.25,-2.75,8.5015571035662,7,sub-HUP070,03,True
LG30-LG31,0.3390390255926989,True,-1.5,-0.25,10.979717017802457,8,sub-HUP070,03,True
LG11-LG12,0.33879488722507406,True,-3.5,0.0,8.311977758550894,9,sub-HUP070,03,True
LG20-LG21,0.3010144563513652,True,-1.5,0.5,9.7482982769545,10,sub-HUP070,03,True
LG37-LG38,0.2719216913590797,True,-0.75,0.5,9.60669205956891,11,sub-HUP070,03,False
LG62-LG63,0.24381212161278934,True,-7.25,-4.25,2.392670029597337,12,sub-HUP070,03,False
LG32-LG33,0.1958517841604854,True,0.0,0.5,7.4958287361032365,13,sub-HUP070,03,False
LG31-LG32,0.19367674963390819,True,-0.75,0.25,6.842384965803338,14,sub-HUP070,03,False
LG09-LG10,0.19207638942615388,True,-7.0,-0.5,2.0734529483870814,15,sub-HUP070,03,False
LG36-LG37,0.1747037627227467,True,-6.75,-6.0,2.0573634535946232,16,sub-HUP070,03,False
LG14-LG15,0.17432244952049356,True,-1.75,0.75,5.474327989202656,17,sub-HUP070,03,True
LG15-LG16,0.17041418061915548,True,-5.75,-3.0,2.6757974124577872,18,sub-HUP070,03,True
LG24-LG25,0.1675430969474789,True,-2.0,0.75,5.097013087984586,19,sub-HUP070,03,False
LG10-LG11,0.1627751766201319,True,-7.0,2.0,1.7571481372363,20,sub-HUP070,03,False
LG27-LG28,0.15192797283456963,True,-4.25,-0.25,3.2801064634487247,21,sub-HUP070,03,False
LG26-LG27,0.15171787553890856,True,-1.0,0.75,5.2111348678727545,22,sub-HUP070,03,False
LG53-LG54,0.128769169198165,True,-0.75,0.5,4.549272068257865,23,sub-HUP070,03,False
LG35-LG36,0.12164226109519174,True,-0.75,0.5,4.297486301775193,24,sub-HUP070,03,False
LG13-LG14,0.11862110295895227,True,-1.75,1.0,3.7251130065261138,25,sub-HUP070,03,True
LG18-LG19,0.10843680782242504,True,-1.25,0.5,3.618121587980402,26,sub-HUP070,03,False
LG06-LG07,0.09894509921115466,True,-3.5,2.5,2.4275143898920724,27,sub-HUP070,03,False
LG39-LG40,0.08963228209789906,True,-0.5,3.75,3.2545705786622667,28,sub-HUP070,03,False
LG08-LG09,0.086381029506252,True,2.25,5.25,4.068994746772048,29,sub-HUP070,03,False
LG16-LG17,0.0826884510165843,True,-3.5,3.5,2.0286745510485575,30,sub-HUP070,03,False
LG40-LG41,0.07226728039076626,True,2.0,4.5,3.333243841233981,31,sub-HUP070,03,False
LG03-LG04,0.07225917706375694,True,-0.75,4.5,2.552836660657226,32,sub-HUP070,03,False
LG38-LG39,0.06945796618866588,True,0.25,4.5,2.72652553805903,33,sub-HUP070,03,False
LG63-LG64,0.06227945594883257,True,3.0,6.5,3.1170409095565303,34,sub-HUP070,03,False
LG05-LG06,0.05295015663839665,True,3.5,6.0,2.7540424802078873,35,sub-HUP070,03,False
LG04-LG05,0.04488244824098998,True,3.75,7.0,2.378470748190648,36,sub-HUP070,03,False
LG55-LG56,0.04075718659437551,True,3.5,11.25,2.119861967948816,37,sub-HUP070,03,False
LG56-LG57,0.0332833356900667,True,10.75,13.0,2.678355456503585,38,sub-HUP070,03,False
LG58-LG59,0.0260439823261333,True,12.5,17.5,2.2747041221863302,39,sub-HUP070,03,False
LG01-LG02,0.0,False,,,,40,sub-HUP070,03,False
LG02-LG03,0.0,False,,,,40,sub-HUP070,03,False
LG07-LG08,0.0,False,,,,40,sub-HUP070,03,False
LG17-LG18,0.0,False,,,,40,sub-HUP070,03,False
LG25-LG26,0.0,False,,,,40,sub-HUP070,03,False
LG33-LG34,0.0,False,,,,40,sub-HUP070,03,False
LG34-LG35,0.0,False,,,,40,sub-HUP070,03,False
LG41-LG42,0.0,False,,,,40,sub-HUP070,03,False
LG42-LG43,0.0,False,,,,40,sub-HUP070,03,False
LG43-LG44,0.0,False,,,,40,sub-HUP070,03,False
LG44-LG45,0.0,False,,,,40,sub-HUP070,03,False
LG45-LG46,0.0,False,,,,40,sub-HUP070,03,False
LG46-LG47,0.0,False,,,,40,sub-HUP070,03,False
LG47-LG48,0.0,False,,,,40,sub-HUP070,03,False
LG48-LG49,0.0,False,,,,40,sub-HUP070,03,False
LG49-LG50,0.0,False,,,,40,sub-HUP070,03,False
LG52-LG53,0.0,False,,,,40,sub-HUP070,03,False
LG54-LG55,0.0,False,,,,40,sub-HUP070,03,False
LG57-LG58,0.0,False,,,,40,sub-HUP070,03,False
LG59-LG60,0.0,False,,,,40,sub-HUP070,03,False
LG60-LG61,0.0,False,,,,40,sub-HUP070,03,False
LG61-LG62,0.0,False,,,,40,sub-HUP070,03,False
GRID07-GRID08,1.0,True,-8.25,-5.25,3.930214330228207,1,sub-HUP074,01,False
GRID13-GRID14,0.7298957841838204,True,-8.0,-7.25,3.5858085882155066,2,sub-HUP074,01,False
PIT01-PIT02,0.44034773854656734,True,-7.25,-2.5,3.461321984638605,3,sub-HUP074,01,False
GRID12-GRID13,0.3414532597059934,True,-6.25,-5.25,4.025953483198886,4,sub-HUP074,01,False
GRID35-GRID36,0.3008279603222044,True,-5.25,-3.5,4.7292734423666,5,sub-HUP074,01,False
AIT02-AIT03,0.29127646322611517,True,-4.75,-2.0,5.151505184232602,6,sub-HUP074,01,True
PIT03-PIT04,0.2546761691324993,True,-6.25,-5.75,3.002795788476514,7,sub-HUP074,01,False
GRID06-GRID07,0.2369633309903867,True,-6.0,-2.5,3.0267792073903395,8,sub-HUP074,01,False
GRID38-GRID39,0.2364597786930395,True,-4.5,-3.0,4.414353651024378,9,sub-HUP074,01,True
AIT03-AIT04,0.18410165183419097,True,-1.25,1.5,5.788471602059372,10,sub-HUP074,01,True
AD03-AD04,0.18081366678965358,True,-1.25,1.25,5.685091714542436,11,sub-HUP074,01,False
GRID36-GRID37,0.17080480936204015,True,-4.5,-2.75,3.188672669776289,12,sub-HUP074,01,False
GRID48-GRID49,0.16700782782796575,True,0.75,1.75,6.563765581897561,13,sub-HUP074,01,False
AD04-AD05,0.16083265059509458,True,-1.5,1.25,4.898827608065059,14,sub-HUP074,01,False
GRID27-GRID28,0.1486666599169022,True,-3.75,-1.25,3.2136051047791483,15,sub-HUP074,01,False
GRID39-GRID40,0.14748477134499668,True,-4.5,0.5,2.753322118695048,16,sub-HUP074,01,True
GRID37-GRID38,0.14501540971223476,True,-3.25,-2.75,3.4196498481296387,17,sub-HUP074,01,False
PIT07-PIT08,0.14446109645122615,True,-3.5,-2.75,3.2646376607402567,18,sub-HUP074,01,False
LPP03-LPP04,0.14404001313670234,True,1.0,2.0,5.802608268500299,19,sub-HUP074,01,False
GRID11-GRID12,0.14019615922904125,True,-3.75,-2.25,3.0305052472471337,20,sub-HUP074,01,False
GRID40-GRID41,0.13844073920610825,True,2.0,3.0,6.121144992546368,21,sub-HUP074,01,True
AD07-AD08,0.1308601122079899,True,-1.25,2.0,4.114466306040905,22,sub-HUP074,01,False
GRID08-GRID09,0.12634156545739647,True,-3.25,-2.25,2.9792965863847476,23,sub-HUP074,01,False
GRID43-GRID44,0.1246634364546219,True,-4.25,0.5,2.449770122047242,24,sub-HUP074,01,True
AIT01-AIT02,0.12051403518294158,True,-5.25,2.5,1.8945839522784933,25,sub-HUP074,01,False
FOP04-FOP05,0.11847586727000406,True,0.0,1.75,4.307128849809761,26,sub-HUP074,01,False
TLD03-TLD04,0.11821744548050013,True,-3.25,-0.25,2.7877193898626005,27,sub-HUP074,01,False
GRID20-GRID21,0.11311905834841884,True,-4.25,1.0,2.222910720714382,28,sub-HUP074,01,False
HD05-HD06,0.11117578922346891,True,-3.25,1.5,2.6216680798830487,29,sub-HUP074,01,False
GRID24-GRID25,0.10873366013321094,True,-3.5,-2.25,2.4572428880938277,30,sub-HUP074,01,False
GRID01-GRID02,0.10788687622077106,True,-3.5,1.25,2.4381066450569797,31,sub-HUP074,01,False
GRID09-GRID10,0.10665156138767025,True,-3.25,1.0,2.514980969442209,32,sub-HUP074,01,False
LPP02-LPP03,0.10634571119490165,True,-0.75,3.0,3.5526722238203576,33,sub-HUP074,01,False
GRID26-GRID27,0.10419175276157625,True,-3.25,-1.25,2.4569755187708475,34,sub-HUP074,01,False
GRID17-GRID18,0.10252257070436915,True,-4.0,-1.5,2.1154123019092674,35,sub-HUP074,01,False
AD02-AD03,0.10163627134747397,True,-2.5,1.75,2.696303228315432,36,sub-HUP074,01,False
GRID10-GRID11,0.10085427514723373,True,-3.25,1.0,2.378273504690619,37,sub-HUP074,01,False
PIT04-PIT05,0.100150211810743,True,-3.75,4.0,2.164864886986848,38,sub-HUP074,01,False
GRID41-GRID42,0.09879389585240111,True,-4.75,2.25,1.7472653334818093,39,sub-HUP074,01,False
TLD04-TLD05,0.09853080350062392,True,3.25,4.5,4.840589698588146,40,sub-HUP074,01,False
LPP01-LPP02,0.09201453551371358,True,2.25,4.5,4.158823729750828,41,sub-HUP074,01,False
HD04-HD05,0.08890717542026008,True,-3.25,2.0,2.096545529380915,42,sub-HUP074,01,False
GRID44-GRID45,0.08886072388837914,True,-3.75,2.0,1.920829297313078,43,sub-HUP074,01,True
PIT06-PIT07,0.08738048642090279,True,-4.0,4.5,1.8029762095471529,44,sub-HUP074,01,False
GRID02-GRID03,0.08565840611524131,True,-1.75,1.25,2.5249192141397163,45,sub-HUP074,01,False
AD05-AD06,0.0832613476503367,True,-1.25,3.5,2.6178795335157274,46,sub-HUP074,01,False
GRID49-GRID50,0.08235337326765195,True,23.75,25.0,10.680991456052222,47,sub-HUP074,01,False
FOP01-FOP02,0.08219765770182418,True,-2.25,2.75,2.261380885476316,48,sub-HUP074,01,False
GRID56-GRID57,0.08167218980676841,True,0.75,4.5,3.2098921075967928,49,sub-HUP074,01,False
GRID42-GRID43,0.08090787109826816,True,0.75,3.75,3.179852744186701,50,sub-HUP074,01,True
HD03-HD04,0.08000365842049457,True,4.75,8.5,4.402041347128745,51,sub-HUP074,01,False
HD06-HD07,0.07956433971047618,True,-3.25,2.0,1.8762294486315518,52,sub-HUP074,01,False
AIT04-AIT05,0.07931550940131074,True,0.5,2.5,3.03933777866922,53,sub-HUP074,01,False
FOP02-FOP03,0.07650590523140378,True,-3.75,5.0,1.6537653279814937,54,sub-HUP074,01,False
GRID03-GRID04,0.07521742720802671,True,-3.75,1.75,1.6259133566273598,55,sub-HUP074,01,False
AD01-AD02,0.07365058960407717,True,-1.25,3.25,2.3157008215336057,56,sub-HUP074,01,False
GRID47-GRID48,0.07355800399120936,True,3.0,5.5,3.541459337018124,57,sub-HUP074,01,False
AD06-AD07,0.0686969054349011,True,0.0,7.0,2.4974404501888676,58,sub-HUP074,01,False
FOP03-FOP04,0.06696441127082882,True,-0.5,2.5,2.3028642769291836,59,sub-HUP074,01,False
GRID19-GRID20,0.06672632849307707,True,4.25,7.0,3.540358428034584,60,sub-HUP074,01,False
AIT05-AIT06,0.06489503247344458,True,2.0,4.75,2.8693280991122636,61,sub-HUP074,01,False
GRID50-GRID51,0.06418196958066308,True,25.0,26.5,8.639524708145606,62,sub-HUP074,01,False
TLD02-TLD03,0.061893519341306366,True,-1.25,9.25,1.9460383733076718,63,sub-HUP074,01,False
TLD06-TLD07,0.059971758298920264,True,0.0,7.5,2.1802422408474387,64,sub-HUP074,01,False
GRID51-GRID52,0.057443676777403564,True,26.25,27.0,8.01469163862998,65,sub-HUP074,01,False
GRID04-GRID05,0.05592342745452127,True,0.75,6.75,2.1979105597723705,66,sub-HUP074,01,False
GRID45-GRID46,0.04744888609508117,True,15.0,16.75,4.522244083043157,67,sub-HUP074,01,True
MIT05-MIT06,0.04250524094620341,True,1.5,8.0,1.7958381010731421,68,sub-HUP074,01,False
PIT02-PIT03,0.04173118797648691,True,10.0,12.5,3.157240875300741,69,sub-HUP074,01,False
GRID52-GRID53,0.03581716355663143,True,5.25,11.25,2.0411523774368048,70,sub-HUP074,01,False
GRID58-GRID59,0.03177063947166894,True,7.75,8.75,2.122712183045142,71,sub-HUP074,01,False
GRID59-GRID60,0.02440215929330716,True,21.25,24.75,2.9251243423635502,72,sub-HUP074,01,False
MIT03-MIT04,0.018327101291865835,True,26.0,28.5,2.539037623541433,73,sub-HUP074,01,False
GRID46-GRID47,0.018252815634038543,True,16.25,24.5,1.8293056780837493,74,sub-HUP074,01,False
GRID57-GRID58,0.017189818330514854,True,20.0,25.25,1.9761203573458128,75,sub-HUP074,01,False
GRID23-GRID24,0.016885478242074453,True,17.25,30.0,1.7586340368335764,76,sub-HUP074,01,False
GRID60-GRID61,0.015919300170376304,True,24.75,28.75,2.1272528963317874,77,sub-HUP074,01,False
MIT04-MIT05,0.015123427433913298,True,20.25,22.0,1.753430181076507,78,sub-HUP074,01,False
FOP05-FOP06,0.0,False,,,,79,sub-HUP074,01,False
GRID05-GRID06,0.0,False,,,,79,sub-HUP074,01,False
GRID14-GRID15,0.0,False,,,,79,sub-HUP074,01,False
GRID15-GRID16,0.0,False,,,,79,sub-HUP074,01,False
GRID16-GRID17,0.0,False,,,,79,sub-HUP074,01,False
GRID18-GRID19,0.0,False,,,,79,sub-HUP074,01,False
GRID21-GRID22,0.0,False,,,,79,sub-HUP074,01,False
GRID22-GRID23,0.0,False,,,,79,sub-HUP074,01,False
GRID25-GRID26,0.0,False,,,,79,sub-HUP074,01,False
GRID28-GRID29,0.0,False,,,,79,sub-HUP074,01,False
GRID29-GRID30,0.0,False,,,,79,sub-HUP074,01,False
GRID30-GRID31,0.0,False,,,,79,sub-HUP074,01,False
GRID33-GRID34,0.0,False,,,,79,sub-HUP074,01,False
GRID34-GRID35,0.0,False,,,,79,sub-HUP074,01,False
GRID53-GRID54,0.0,False,,,,79,sub-HUP074,01,False
GRID54-GRID55,0.0,False,,,,79,sub-HUP074,01,False
GRID55-GRID56,0.0,False,,,,79,sub-HUP074,01,False
GRID61-GRID62,0.0,False,,,,79,sub-HUP074,01,False
GRID62-GRID63,0.0,False,,,,79,sub-HUP074,01,False
GRID63-GRID64,0.0,False,,,,79,sub-HUP074,01,False
MIT02-MIT03,0.0,False,,,,79,sub-HUP074,01,False
PIT05-PIT06,0.0,False,,,,79,sub-HUP074,01,False
TLD01-TLD02,0.0,False,,,,79,sub-HUP074,01,False
TLD05-TLD06,0.0,False,,,,79,sub-HUP074,01,False
TLD07-TLD08,0.0,False,,,,79,sub-HUP074,01,False
GRID43-GRID44,1.0,True,-8.5,-7.5,1.692643394947496,1,sub-HUP074,02,True
GRID44-GRID45,0.9814312726300177,True,-8.0,-7.5,2.491819741818172,2,sub-HUP074,02,True
AD06-AD07,0.47389380307676604,True,-6.25,-2.0,2.6069329509744215,3,sub-HUP074,02,False
HD05-HD06,0.4629680189838565,True,-0.75,2.0,6.856847894793326,4,sub-HUP074,02,False
GRID51-GRID52,0.43237856528649626,True,-5.5,-3.25,2.92745089059625,5,sub-HUP074,02,False
AIT03-AIT04,0.4174554924368878,True,-2.0,1.0,5.299524614683893,6,sub-HUP074,02,True
LPP03-LPP04,0.41236222886510654,True,0.75,2.75,7.15431758089709,7,sub-HUP074,02,False
GRID48-GRID49,0.3847014564455279,True,2.25,3.5,7.651157956530653,8,sub-HUP074,02,False
AD04-AD05,0.37429245583381066,True,-0.75,2.5,5.543506965025548,9,sub-HUP074,02,False
GRID39-GRID40,0.3336907723855072,True,-5.0,1.75,2.5416876682496565,10,sub-HUP074,02,True
HD04-HD05,0.31479338975617166,True,-4.0,-0.25,2.9305812356915415,11,sub-HUP074,02,False
GRID40-GRID41,0.3032357551238352,True,1.25,2.25,5.517652478739467,12,sub-HUP074,02,True
GRID35-GRID36,0.2920294922297803,True,2.0,3.5,5.6844705982549995,13,sub-HUP074,02,False
GRID42-GRID43,0.28454933906654345,True,1.75,3.25,5.418456292211178,14,sub-HUP074,02,True
HD06-HD07,0.28385407333493506,True,0.75,3.25,4.924753154183029,15,sub-HUP074,02,False
FOP02-FOP03,0.27872138393341245,True,-3.5,-2.0,2.8306554572730938,16,sub-HUP074,02,False
AD03-AD04,0.2781844011114821,True,-3.75,-1.25,2.707485187432957,17,sub-HUP074,02,False
AIT04-AIT05,0.2677847030918291,True,1.25,3.5,4.872588096280879,18,sub-HUP074,02,False
AD01-AD02,0.26153282135818806,True,-4.0,3.5,2.434749914486562,19,sub-HUP074,02,False
GRID38-GRID39,0.25727971613428685,True,-3.0,2.0,2.8306382790963376,20,sub-HUP074,02,True
AD07-AD08,0.2562982908762574,True,0.75,2.75,4.4466714941772985,21,sub-HUP074,02,False
GRID37-GRID38,0.22595322979950702,True,0.5,2.5,3.8245824198718923,22,sub-HUP074,02,False
AD02-AD03,0.22493629898992504,True,2.0,4.0,4.378474818846164,23,sub-HUP074,02,False
GRID24-GRID25,0.22327394060301495,True,0.5,1.75,3.7792316082559276,24,sub-HUP074,02,False
PIT02-PIT03,0.21960980826837564,True,-3.0,1.75,2.416187094302488,25,sub-HUP074,02,False
PIT01-PIT02,0.21724231249636633,True,-2.5,1.75,2.5739963574506604,26,sub-HUP074,02,False
TLD03-TLD04,0.2167255438568371,True,-1.0,2.0,3.1181320127682723,27,sub-HUP074,02,False
FOP04-FOP05,0.21174755819198043,True,0.75,2.75,3.673734334141641,28,sub-HUP074,02,False
HD03-HD04,0.19929586911191824,True,-2.75,4.25,2.2770236463251115,29,sub-HUP074,02,False
GRID25-GRID26,0.19560356540952056,True,0.5,2.75,3.3108708301860545,30,sub-HUP074,02,False
GRID30-GRID31,0.1934998474942376,True,0.5,2.25,3.2752623878446903,31,sub-HUP074,02,False
AIT02-AIT03,0.1930653115517719,True,-2.0,2.5,2.4509304329369037,32,sub-HUP074,02,True
AD05-AD06,0.18373051894019607,True,0.5,3.0,3.1099024933439865,33,sub-HUP074,02,False
GRID62-GRID63,0.1803476365178111,True,0.0,4.0,2.9000102395895153,34,sub-HUP074,02,False
GRID45-GRID46,0.1789040323131155,True,0.5,5.0,3.028207286242683,35,sub-HUP074,02,True
GRID11-GRID12,0.1757707089316348,True,0.75,4.0,3.049550577358297,36,sub-HUP074,02,False
FOP01-FOP02,0.1713039733532387,True,2.75,5.25,3.5519676030516107,37,sub-HUP074,02,False
GRID63-GRID64,0.16875013774674666,True,0.0,2.5,2.713521157508353,38,sub-HUP074,02,False
GRID53-GRID54,0.16821759870488054,True,-0.75,3.5,2.491408564415264,39,sub-HUP074,02,False
LPP02-LPP03,0.16166620299417236,True,0.75,5.75,2.804843114514351,40,sub-HUP074,02,False
MIT04-MIT05,0.1613489915447355,True,-0.75,7.25,2.389680167171814,41,sub-HUP074,02,False
LPP01-LPP02,0.15330530623216465,True,1.5,6.0,2.8544033540470433,42,sub-HUP074,02,False
GRID54-GRID55,0.1467181605587418,True,2.75,6.75,3.042183686010356,43,sub-HUP074,02,False
GRID29-GRID30,0.14292528883206485,True,1.0,4.5,2.5401762341818555,44,sub-HUP074,02,False
FOP03-FOP04,0.13935673159443482,True,1.0,3.25,2.4767531383853068,45,sub-HUP074,02,False
GRID06-GRID07,0.12502855325946258,True,0.5,1.75,2.1162875485447055,46,sub-HUP074,02,False
GRID61-GRID62,0.12100964015271606,True,2.75,9.5,2.509120559585985,47,sub-HUP074,02,False
GRID10-GRID11,0.11971688475597354,True,1.0,4.0,2.1276989395818364,48,sub-HUP074,02,False
MIT05-MIT06,0.11934686026872386,True,3.0,9.25,2.5251459342697147,49,sub-HUP074,02,False
GRID36-GRID37,0.11690240482740069,True,3.0,5.25,2.473426042307225,50,sub-HUP074,02,False
GRID03-GRID04,0.11493290994475319,True,5.5,9.25,2.918106463201228,51,sub-HUP074,02,False
PIT07-PIT08,0.11440356753232944,True,1.5,10.0,2.1300888723622995,52,sub-HUP074,02,False
FOP05-FOP06,0.11406850903361555,True,2.25,7.75,2.268658373550283,53,sub-HUP074,02,False
AIT05-AIT06,0.11036439182413808,True,7.0,10.25,3.082324721165658,54,sub-HUP074,02,False
GRID56-GRID57,0.10834298435294924,True,4.25,9.75,2.521558006741392,55,sub-HUP074,02,False
GRID55-GRID56,0.10441645466680848,True,5.5,9.5,2.65109733473412,56,sub-HUP074,02,False
PIT04-PIT05,0.10243461359216709,True,7.0,10.5,2.86085698982788,57,sub-HUP074,02,False
GRID41-GRID42,0.0984203390780944,True,5.75,7.5,2.5405056872526983,58,sub-HUP074,02,False
AIT01-AIT02,0.08827664804068715,True,11.25,12.25,3.1004833686091082,59,sub-HUP074,02,False
GRID47-GRID48,0.08503895696398257,True,9.5,12.25,2.7348719475478793,60,sub-HUP074,02,False
GRID09-GRID10,0.08297091733441048,True,1.0,7.5,1.4746218395876582,61,sub-HUP074,02,False
PIT05-PIT06,0.07757389950255483,True,6.75,9.75,2.1337054149664545,62,sub-HUP074,02,False
GRID57-GRID58,0.06287876928155645,True,27.75,29.0,3.9645671731303116,63,sub-HUP074,02,False
GRID59-GRID60,0.06155689055431991,True,28.5,30.0,3.9593668399904685,64,sub-HUP074,02,False
GRID58-GRID59,0.05428451398106305,True,11.5,12.75,1.9295708047976088,65,sub-HUP074,02,False
GRID23-GRID24,0.05137047756337953,True,11.0,12.25,1.7825139406305344,66,sub-HUP074,02,False
GRID01-GRID02,0.0,False,,,,67,sub-HUP074,02,False
GRID02-GRID03,0.0,False,,,,67,sub-HUP074,02,False
GRID04-GRID05,0.0,False,,,,67,sub-HUP074,02,False
GRID05-GRID06,0.0,False,,,,67,sub-HUP074,02,False
GRID07-GRID08,0.0,False,,,,67,sub-HUP074,02,False
GRID08-GRID09,0.0,False,,,,67,sub-HUP074,02,False
GRID12-GRID13,0.0,False,,,,67,sub-HUP074,02,False
GRID13-GRID14,0.0,False,,,,67,sub-HUP074,02,False
GRID14-GRID15,0.0,False,,,,67,sub-HUP074,02,False
GRID15-GRID16,0.0,False,,,,67,sub-HUP074,02,False
GRID16-GRID17,0.0,False,,,,67,sub-HUP074,02,False
GRID17-GRID18,0.0,False,,,,67,sub-HUP074,02,False
GRID18-GRID19,0.0,False,,,,67,sub-HUP074,02,False
GRID19-GRID20,0.0,False,,,,67,sub-HUP074,02,False
GRID20-GRID21,0.0,False,,,,67,sub-HUP074,02,False
GRID21-GRID22,0.0,False,,,,67,sub-HUP074,02,False
GRID22-GRID23,0.0,False,,,,67,sub-HUP074,02,False
GRID26-GRID27,0.0,False,,,,67,sub-HUP074,02,False
GRID27-GRID28,0.0,False,,,,67,sub-HUP074,02,False
GRID28-GRID29,0.0,False,,,,67,sub-HUP074,02,False
GRID33-GRID34,0.0,False,,,,67,sub-HUP074,02,False
GRID34-GRID35,0.0,False,,,,67,sub-HUP074,02,False
GRID46-GRID47,0.0,False,,,,67,sub-HUP074,02,False
GRID49-GRID50,0.0,False,,,,67,sub-HUP074,02,False
GRID50-GRID51,0.0,False,,,,67,sub-HUP074,02,False
GRID52-GRID53,0.0,False,,,,67,sub-HUP074,02,False
GRID60-GRID61,0.0,False,,,,67,sub-HUP074,02,False
MIT02-MIT03,0.0,False,,,,67,sub-HUP074,02,False
MIT03-MIT04,0.0,False,,,,67,sub-HUP074,02,False
PIT03-PIT04,0.0,False,,,,67,sub-HUP074,02,False
PIT06-PIT07,0.0,False,,,,67,sub-HUP074,02,False
TLD01-TLD02,0.0,False,,,,67,sub-HUP074,02,False
TLD02-TLD03,0.0,False,,,,67,sub-HUP074,02,False
TLD04-TLD05,0.0,False,,,,67,sub-HUP074,02,False
TLD05-TLD06,0.0,False,,,,67,sub-HUP074,02,False
TLD06-TLD07,0.0,False,,,,67,sub-HUP074,02,False
TLD07-TLD08,0.0,False,,,,67,sub-HUP074,02,False
HD04-HD05,1.0,True,-8.75,-8.25,5.423230660516615,1,sub-HUP074,03,False
GRID51-GRID52,0.5251812708238167,True,-8.75,-8.0,2.848179170260803,2,sub-HUP074,03,False
AD04-AD05,0.46182325979429784,True,-8.75,-8.25,2.5045740622561663,3,sub-HUP074,03,False
MIT02-MIT03,0.4510248551177992,True,-8.75,-8.25,2.446011822929913,4,sub-HUP074,03,False
AD03-AD04,0.3238111463529146,True,-0.75,1.25,15.804922834063433,5,sub-HUP074,03,False
GRID38-GRID39,0.28752459293733285,True,-7.75,-7.0,3.118624376140605,6,sub-HUP074,03,True
AIT03-AIT04,0.2561109813491767,True,-4.25,-2.75,7.639219096013197,7,sub-HUP074,03,True
GRID39-GRID40,0.2482716969082993,True,-7.5,-6.0,3.0294780273260478,8,sub-HUP074,03,True
GRID44-GRID45,0.2413536432121101,True,-3.5,-1.75,8.180727986845646,9,sub-HUP074,03,True
GRID43-GRID44,0.24059777703325044,True,-5.0,-1.5,6.197881895979604,10,sub-HUP074,03,True
GRID37-GRID38,0.18785654976376526,True,-0.5,1.25,9.423801954233884,11,sub-HUP074,03,False
AD01-AD02,0.17865693065130736,True,-1.75,-1.0,7.751181952175687,12,sub-HUP074,03,False
GRID11-GRID12,0.17465391346402898,True,-7.0,-3.25,2.604768260812678,13,sub-HUP074,03,False
AIT02-AIT03,0.1562607769505047,True,-3.5,-0.75,5.296488978713282,14,sub-HUP074,03,True
GRID24-GRID25,0.15355056146728238,True,0.0,1.0,8.119216100666844,15,sub-HUP074,03,False
GRID54-GRID55,0.14827285782356844,True,-6.75,-5.5,2.412353726013592,16,sub-HUP074,03,False
HD05-HD06,0.14255457836607618,True,-6.0,-0.75,2.899148850719711,17,sub-HUP074,03,False
GRID42-GRID43,0.14214716926770654,True,-0.75,1.5,6.938071980104441,18,sub-HUP074,03,True
GRID35-GRID36,0.1365416659023246,True,-1.25,1.0,6.294224066155775,19,sub-HUP074,03,False
LPP03-LPP04,0.13483979097579266,True,1.75,4.0,8.40957381979206,20,sub-HUP074,03,False
GRID55-GRID56,0.13395281354242172,True,-5.75,-2.0,2.905828021862907,21,sub-HUP074,03,False
GRID40-GRID41,0.13352088897795505,True,-0.75,1.0,6.517031210322128,22,sub-HUP074,03,True
GRID25-GRID26,0.10545862322619616,True,-4.0,-1.5,3.2885770236530156,23,sub-HUP074,03,False
AD02-AD03,0.10194034002869921,True,1.25,2.75,6.081305753458438,24,sub-HUP074,03,False
GRID52-GRID53,0.10105126489164756,True,1.25,1.75,6.028267498488061,25,sub-HUP074,03,False
GRID36-GRID37,0.09865397406388593,True,-1.75,0.75,4.280186055400617,26,sub-HUP074,03,False
HD03-HD04,0.09841621788025266,True,-0.75,0.25,4.803604652702427,27,sub-HUP074,03,False
GRID04-GRID05,0.08362574985187847,True,-0.75,0.0,4.081695575448601,28,sub-HUP074,03,False
GRID34-GRID35,0.08354579717849425,True,-1.5,2.75,3.737977062729629,29,sub-HUP074,03,False
AIT05-AIT06,0.0835093528163337,True,1.25,2.25,4.981795308967846,30,sub-HUP074,03,False
GRID03-GRID04,0.08328729371176638,True,-0.75,0.0,4.065175844001937,31,sub-HUP074,03,False
GRID61-GRID62,0.07944322626989993,True,5.0,6.25,6.354874372039885,32,sub-HUP074,03,False
AD05-AD06,0.07760421479468681,True,-3.5,2.25,2.6304097316241415,33,sub-HUP074,03,False
GRID45-GRID46,0.07679305401916385,True,-2.0,0.5,3.227614949303645,34,sub-HUP074,03,True
HD06-HD07,0.07243205936875934,True,0.5,2.75,4.026361593023408,35,sub-HUP074,03,False
GRID50-GRID51,0.07096256794057684,True,2.5,3.25,4.7143680840030395,36,sub-HUP074,03,False
GRID41-GRID42,0.069153507671937,True,5.0,6.5,5.531772490558615,37,sub-HUP074,03,False
AD06-AD07,0.06889922679320577,True,-2.25,8.75,2.802422994231011,38,sub-HUP074,03,False
AD07-AD08,0.0671625380202514,True,-2.5,3.0,2.640725031864167,39,sub-HUP074,03,False
GRID33-GRID34,0.06496974919366749,True,-2.75,3.0,2.4664215508322056,40,sub-HUP074,03,False
GRID19-GRID20,0.0629106355605733,True,-2.5,3.25,2.473546935423988,41,sub-HUP074,03,False
GRID27-GRID28,0.058478708297311936,True,-1.0,3.75,2.775005833472158,42,sub-HUP074,03,False
AIT04-AIT05,0.05846754274118626,True,-1.25,3.5,2.6952052487320697,43,sub-HUP074,03,False
GRID53-GRID54,0.05787686406358102,True,2.0,4.0,3.688085108758937,44,sub-HUP074,03,False
GRID23-GRID24,0.056557341197384814,True,-2.0,-1.0,2.377107178156915,45,sub-HUP074,03,False
TLD03-TLD04,0.05619783978875482,True,3.25,7.0,3.962060021363284,46,sub-HUP074,03,False
MIT05-MIT06,0.0557455608139692,True,1.25,3.25,3.3255313805341244,47,sub-HUP074,03,False
FOP01-FOP02,0.053582349259839734,True,-0.75,3.0,2.6153049543162536,48,sub-HUP074,03,False
GRID28-GRID29,0.05189952699443349,True,2.25,6.75,3.377557272750257,49,sub-HUP074,03,False
PIT05-PIT06,0.04818661942047317,True,-0.25,5.0,2.482607942743677,50,sub-HUP074,03,False
FOP03-FOP04,0.047553040841776625,True,4.25,6.0,3.610475527314905,51,sub-HUP074,03,False
GRID49-GRID50,0.047279337902022524,True,2.25,5.75,3.076881059030086,52,sub-HUP074,03,False
FOP02-FOP03,0.0459339019722958,True,-1.0,1.5,2.1797137734165433,53,sub-HUP074,03,False
GRID30-GRID31,0.045403078945616515,True,-1.25,4.0,2.092966643467653,54,sub-HUP074,03,False
PIT04-PIT05,0.04467496285326942,True,4.0,5.5,3.3313861391702586,55,sub-HUP074,03,False
GRID48-GRID49,0.04216531302510841,True,0.75,6.25,2.4010582932845095,56,sub-HUP074,03,False
LPP02-LPP03,0.03930522255663171,True,6.5,9.75,3.4638709314227576,57,sub-HUP074,03,False
FOP05-FOP06,0.0392010971574722,True,0.25,4.0,2.1259659203029395,58,sub-HUP074,03,False
GRID26-GRID27,0.03891346729155842,True,-1.0,6.25,1.8465712030726635,59,sub-HUP074,03,False
FOP04-FOP05,0.038705259782261706,True,5.5,8.0,3.2010901615099407,60,sub-HUP074,03,False
GRID62-GRID63,0.03851261023855886,True,5.0,6.0,3.080725837768609,61,sub-HUP074,03,False
GRID29-GRID30,0.0355348974502871,True,3.5,7.5,2.553459776161917,62,sub-HUP074,03,False
GRID18-GRID19,0.03509558949558498,True,-0.5,7.5,1.760566162262592,63,sub-HUP074,03,False
PIT01-PIT02,0.03386251177130128,True,12.75,15.5,4.131994771805083,64,sub-HUP074,03,False
GRID63-GRID64,0.03336061276858696,True,4.75,6.75,2.623373321293232,65,sub-HUP074,03,False
MIT04-MIT05,0.032784999209507164,True,0.0,6.25,1.7335559759506194,66,sub-HUP074,03,False
GRID56-GRID57,0.03199750126483429,True,6.75,7.75,2.8632421936695804,67,sub-HUP074,03,False
LPP01-LPP02,0.029745922793801286,True,7.25,13.5,2.742423008851954,68,sub-HUP074,03,False
PIT02-PIT03,0.02712411000376715,True,12.75,14.25,3.309756862762248,69,sub-HUP074,03,False
PIT07-PIT08,0.02682377223158129,True,23.0,23.25,4.764191755902596,70,sub-HUP074,03,False
PIT03-PIT04,0.02285174668131971,True,6.0,14.0,1.951902118663747,71,sub-HUP074,03,False
AIT01-AIT02,0.0,False,,,,72,sub-HUP074,03,False
GRID01-GRID02,0.0,False,,,,72,sub-HUP074,03,False
GRID02-GRID03,0.0,False,,,,72,sub-HUP074,03,False
GRID05-GRID06,0.0,False,,,,72,sub-HUP074,03,False
GRID06-GRID07,0.0,False,,,,72,sub-HUP074,03,False
GRID07-GRID08,0.0,False,,,,72,sub-HUP074,03,False
GRID08-GRID09,0.0,False,,,,72,sub-HUP074,03,False
GRID09-GRID10,0.0,False,,,,72,sub-HUP074,03,False
GRID10-GRID11,0.0,False,,,,72,sub-HUP074,03,False
GRID12-GRID13,0.0,False,,,,72,sub-HUP074,03,False
GRID13-GRID14,0.0,False,,,,72,sub-HUP074,03,False
GRID14-GRID15,0.0,False,,,,72,sub-HUP074,03,False
GRID15-GRID16,0.0,False,,,,72,sub-HUP074,03,False
GRID16-GRID17,0.0,False,,,,72,sub-HUP074,03,False
GRID17-GRID18,0.0,False,,,,72,sub-HUP074,03,False
GRID20-GRID21,0.0,False,,,,72,sub-HUP074,03,False
GRID21-GRID22,0.0,False,,,,72,sub-HUP074,03,False
GRID22-GRID23,0.0,False,,,,72,sub-HUP074,03,False
GRID46-GRID47,0.0,False,,,,72,sub-HUP074,03,False
GRID47-GRID48,0.0,False,,,,72,sub-HUP074,03,False
GRID57-GRID58,0.0,False,,,,72,sub-HUP074,03,False
GRID58-GRID59,0.0,False,,,,72,sub-HUP074,03,False
GRID59-GRID60,0.0,False,,,,72,sub-HUP074,03,False
GRID60-GRID61,0.0,False,,,,72,sub-HUP074,03,False
MIT03-MIT04,0.0,False,,,,72,sub-HUP074,03,False
PIT06-PIT07,0.0,False,,,,72,sub-HUP074,03,False
TLD01-TLD02,0.0,False,,,,72,sub-HUP074,03,False
TLD02-TLD03,0.0,False,,,,72,sub-HUP074,03,False
TLD04-TLD05,0.0,False,,,,72,sub-HUP074,03,False
TLD05-TLD06,0.0,False,,,,72,sub-HUP074,03,False
TLD06-TLD07,0.0,False,,,,72,sub-HUP074,03,False
TLD07-TLD08,0.0,False,,,,72,sub-HUP074,03,False
LFP06-LFP07,1.0,True,-5.75,-3.5,2.5034744969226304,1,sub-HUP075,01,False
HIP05-HIP06,0.44559740308367696,True,-2.25,-0.75,5.019937805317224,2,sub-HUP075,01,False
HIP02-HIP03,0.1575101962179275,True,-2.5,-2.0,1.6758717267566585,3,sub-HUP075,01,False
G34-G35,0.1290140730087271,True,-0.25,2.25,2.0993923698895065,4,sub-HUP075,01,True
G13-G14,0.10653840741392416,True,2.75,6.5,2.5338037660833637,5,sub-HUP075,01,False
G07-G08,0.09765272104809823,True,2.75,6.25,2.3224754186406296,6,sub-HUP075,01,False
G14-G15,0.09616116605688159,True,4.25,6.5,2.6481072949951967,7,sub-HUP075,01,False
PST01-PST02,0.09405570057468492,True,3.0,9.0,2.2957939648694197,8,sub-HUP075,01,False
PST02-PST03,0.07980003455050373,True,7.25,11.25,2.796882918910232,9,sub-HUP075,01,False
PST03-PST04,0.07459979975647818,True,5.0,9.5,2.1944146799490687,10,sub-HUP075,01,False
G52-G53,0.04414712222866764,True,14.75,18.75,2.376205684157905,11,sub-HUP075,01,False
LOF04-LOF05,0.040217074299909755,True,18.0,21.5,2.491889891303999,12,sub-HUP075,01,False
AMY07-AMY08,0.03821962554881854,True,12.75,20.5,1.865796227946296,13,sub-HUP075,01,False
AMY05-AMY06,0.03678001727772037,True,17.25,21.25,2.2098680460275197,14,sub-HUP075,01,False
HIP04-HIP05,0.03565172079128552,True,19.25,26.5,2.3205825180821296,15,sub-HUP075,01,False
AMY06-AMY07,0.032796713101113484,True,18.5,24.0,2.07316980449603,16,sub-HUP075,01,False
LOF03-LOF04,0.0302090449543383,True,18.75,26.75,1.9285031272991673,17,sub-HUP075,01,False
G49-G50,0.029365476520211143,True,20.0,25.25,1.9665455516852983,18,sub-HUP075,01,False
G50-G51,0.028561649858928024,True,13.75,24.25,1.4658189212431332,19,sub-HUP075,01,False
AMY01-AMY02,0.0,False,,,,20,sub-HUP075,01,False
AMY02-AMY03,0.0,False,,,,20,sub-HUP075,01,False
AMY03-AMY04,0.0,False,,,,20,sub-HUP075,01,False
AMY04-AMY05,0.0,False,,,,20,sub-HUP075,01,False
AST01-AST02,0.0,False,,,,20,sub-HUP075,01,True
AST02-AST03,0.0,False,,,,20,sub-HUP075,01,True
AST03-AST04,0.0,False,,,,20,sub-HUP075,01,True
G01-G02,0.0,False,,,,20,sub-HUP075,01,False
G02-G03,0.0,False,,,,20,sub-HUP075,01,False
G05-G06,0.0,False,,,,20,sub-HUP075,01,False
G06-G07,0.0,False,,,,20,sub-HUP075,01,False
G08-G09,0.0,False,,,,20,sub-HUP075,01,False
G09-G10,0.0,False,,,,20,sub-HUP075,01,False
G10-G11,0.0,False,,,,20,sub-HUP075,01,False
G11-G12,0.0,False,,,,20,sub-HUP075,01,False
G12-G13,0.0,False,,,,20,sub-HUP075,01,False
G17-G18,0.0,False,,,,20,sub-HUP075,01,False
G18-G19,0.0,False,,,,20,sub-HUP075,01,False
G19-G20,0.0,False,,,,20,sub-HUP075,01,False
G20-G21,0.0,False,,,,20,sub-HUP075,01,False
G21-G22,0.0,False,,,,20,sub-HUP075,01,False
G22-G23,0.0,False,,,,20,sub-HUP075,01,False
G23-G24,0.0,False,,,,20,sub-HUP075,01,False
G24-G25,0.0,False,,,,20,sub-HUP075,01,False
G25-G26,0.0,False,,,,20,sub-HUP075,01,False
G26-G27,0.0,False,,,,20,sub-HUP075,01,False
G27-G28,0.0,False,,,,20,sub-HUP075,01,False
G28-G29,0.0,False,,,,20,sub-HUP075,01,False
G29-G30,0.0,False,,,,20,sub-HUP075,01,False
G30-G31,0.0,False,,,,20,sub-HUP075,01,False
G31-G32,0.0,False,,,,20,sub-HUP075,01,False
G32-G33,0.0,False,,,,20,sub-HUP075,01,False
G33-G34,0.0,False,,,,20,sub-HUP075,01,True
G35-G36,0.0,False,,,,20,sub-HUP075,01,True
G36-G37,0.0,False,,,,20,sub-HUP075,01,False
G37-G38,0.0,False,,,,20,sub-HUP075,01,False
G38-G39,0.0,False,,,,20,sub-HUP075,01,False
G39-G40,0.0,False,,,,20,sub-HUP075,01,False
G40-G41,0.0,False,,,,20,sub-HUP075,01,False
G41-G42,0.0,False,,,,20,sub-HUP075,01,True
G42-G43,0.0,False,,,,20,sub-HUP075,01,True
G43-G44,0.0,False,,,,20,sub-HUP075,01,True
G44-G45,0.0,False,,,,20,sub-HUP075,01,True
G45-G46,0.0,False,,,,20,sub-HUP075,01,True
G46-G47,0.0,False,,,,20,sub-HUP075,01,False
G51-G52,0.0,False,,,,20,sub-HUP075,01,False
G53-G54,0.0,False,,,,20,sub-HUP075,01,False
G54-G55,0.0,False,,,,20,sub-HUP075,01,False
G55-G56,0.0,False,,,,20,sub-HUP075,01,False
G56-G57,0.0,False,,,,20,sub-HUP075,01,False
G61-G62,0.0,False,,,,20,sub-HUP075,01,False
G62-G63,0.0,False,,,,20,sub-HUP075,01,False
G63-G64,0.0,False,,,,20,sub-HUP075,01,False
HIP01-HIP02,0.0,False,,,,20,sub-HUP075,01,False
HIP03-HIP04,0.0,False,,,,20,sub-HUP075,01,False
LFP01-LFP02,0.0,False,,,,20,sub-HUP075,01,False
LFP02-LFP03,0.0,False,,,,20,sub-HUP075,01,False
LFP03-LFP04,0.0,False,,,,20,sub-HUP075,01,False
LFP04-LFP05,0.0,False,,,,20,sub-HUP075,01,False
LFP05-LFP06,0.0,False,,,,20,sub-HUP075,01,False
LFP07-LFP08,0.0,False,,,,20,sub-HUP075,01,False
LOF01-LOF02,0.0,False,,,,20,sub-HUP075,01,False
LOF02-LOF03,0.0,False,,,,20,sub-HUP075,01,False
LOF05-LOF06,0.0,False,,,,20,sub-HUP075,01,False
MST01-MST02,0.0,False,,,,20,sub-HUP075,01,False
MST02-MST03,0.0,False,,,,20,sub-HUP075,01,False
MST03-MST04,0.0,False,,,,20,sub-HUP075,01,False
OCC03-OCC04,0.0,False,,,,20,sub-HUP075,01,False
OCC04-OCC05,0.0,False,,,,20,sub-HUP075,01,False
OCC05-OCC06,0.0,False,,,,20,sub-HUP075,01,False
OCC06-OCC07,0.0,False,,,,20,sub-HUP075,01,False
OCC07-OCC08,0.0,False,,,,20,sub-HUP075,01,False
PST04-PST05,0.0,False,,,,20,sub-HUP075,01,False
PST05-PST06,0.0,False,,,,20,sub-HUP075,01,False
GRID39-GRID40,1.0,True,0.0,0.75,36.15918661739984,1,sub-HUP080,01,True
GRID40-GRID41,0.9708173322773994,True,0.0,0.75,35.10396508922476,2,sub-HUP080,01,True
OF04-OF05,0.8197312227215664,True,-9.5,-6.75,2.822934691285569,3,sub-HUP080,01,False
GRID56-GRID57,0.6973693669988118,True,0.0,1.0,25.21630908256804,4,sub-HUP080,01,True
GRID32-GRID33,0.668385558105675,True,0.0,0.75,24.16827812791805,5,sub-HUP080,01,True
GRID31-GRID32,0.588473481613852,True,-0.5,0.5,20.265449943872657,6,sub-HUP080,01,True
AST01-AST02,0.5730083704296253,True,0.75,1.0,22.199482071103926,7,sub-HUP080,01,False
GRID47-GRID48,0.49200940968499285,True,-0.25,1.25,17.367072917975523,8,sub-HUP080,01,True
GRID63-GRID64,0.4548838817740778,True,0.75,1.5,17.623104825338707,9,sub-HUP080,01,False
GRID46-GRID47,0.4271566280370499,True,0.0,0.75,15.445636228050938,10,sub-HUP080,01,True
GRID55-GRID56,0.4079208211500555,True,-0.25,1.5,14.398892594776225,11,sub-HUP080,01,True
GRID53-GRID54,0.379167423997715,True,-0.25,0.25,13.383947890153763,12,sub-HUP080,01,True
GRID45-GRID46,0.3411559533727095,True,0.0,1.25,12.335921783640762,13,sub-HUP080,01,True
GRID38-GRID39,0.32563698794742446,True,-0.5,1.0,11.2140653492561,14,sub-HUP080,01,True
GRID62-GRID63,0.306483791764199,True,0.25,1.25,11.346066636410221,15,sub-HUP080,01,False
GRID52-GRID53,0.2658124155543381,True,0.0,0.5,9.611560739251148,16,sub-HUP080,01,True
AST03-AST04,0.25999599748988655,True,-1.25,0.5,8.282048103369325,17,sub-HUP080,01,False
GRID41-GRID42,0.24984893151277596,True,0.0,1.0,9.034334140728417,18,sub-HUP080,01,False
MST03-MST04,0.2436604686837755,True,-0.25,1.0,8.600789016552612,19,sub-HUP080,01,False
GRID61-GRID62,0.23044494654807643,True,0.0,0.5,8.332701827268627,20,sub-HUP080,01,False
GRID60-GRID61,0.2303360620261041,True,0.0,0.75,8.328764651518883,21,sub-HUP080,01,False
GRID44-GRID45,0.2264091267347546,True,0.0,1.5,8.186769865484523,22,sub-HUP080,01,True
GRID42-GRID43,0.21375491545569056,True,0.25,1.5,7.913232542119052,23,sub-HUP080,01,False
GRID51-GRID52,0.21324783392927052,True,0.0,0.25,7.710868222804782,24,sub-HUP080,01,True
GRID54-GRID55,0.2091867454030777,True,0.5,1.5,7.924214115626699,25,sub-HUP080,01,True
GRID30-GRID31,0.20385139931356186,True,0.25,1.25,7.546603189759014,26,sub-HUP080,01,False
GRID59-GRID60,0.20218356592510933,True,0.0,0.75,7.310793291257392,27,sub-HUP080,01,False
GRID05-GRID06,0.1996727322078337,True,0.25,1.5,7.391908433602238,28,sub-HUP080,01,False
GRID02-GRID03,0.19756029635404138,True,-1.0,1.0,6.463274897954162,29,sub-HUP080,01,True
GRID49-GRID50,0.1835334974541147,True,-0.5,1.25,6.320401890464202,30,sub-HUP080,01,False
GRID04-GRID05,0.18323170160214852,True,-6.5,-6.0,2.5240035399831657,31,sub-HUP080,01,False
GRID50-GRID51,0.18158009719932247,True,0.5,1.0,6.878445221618565,32,sub-HUP080,01,False
GRID57-GRID58,0.17538495373284327,True,0.25,1.0,6.492771968860152,33,sub-HUP080,01,False
GRID29-GRID30,0.16639834689813776,True,-0.75,1.5,5.587055387008271,34,sub-HUP080,01,False
GRID10-GRID11,0.16012647686558795,True,0.0,0.75,5.790043159369553,35,sub-HUP080,01,False
GRID12-GRID13,0.15967281281561102,True,0.75,1.75,6.186041824633748,36,sub-HUP080,01,False
GRID43-GRID44,0.15140178286347347,True,-0.25,1.5,5.344218527415782,37,sub-HUP080,01,False
PST03-PST04,0.14859635361310003,True,0.5,1.75,5.6289862943403275,38,sub-HUP080,01,False
GRID48-GRID49,0.148396117219667,True,0.5,1.75,5.621401128978885,39,sub-HUP080,01,False
LFP02-LFP03,0.1445491437459695,True,-5.25,-4.5,2.613389732047933,40,sub-HUP080,01,False
LH03-LH04,0.1384633767448047,True,0.0,1.75,5.006723079390735,41,sub-HUP080,01,False
GRID09-GRID10,0.13702342968201703,True,0.25,1.75,5.0726237592288905,42,sub-HUP080,01,False
GRID01-GRID02,0.13538011792544904,True,0.25,1.5,5.011788161407907,43,sub-HUP080,01,True
OF02-OF03,0.13476647693326932,True,7.25,9.75,8.23776855793265,44,sub-HUP080,01,False
PPO04-PPO05,0.1346923125775417,True,0.75,2.0,5.218247642593374,45,sub-HUP080,01,False
PPO05-PPO06,0.13400498036533098,True,0.0,2.5,4.845511092691005,46,sub-HUP080,01,False
GRID58-GRID59,0.1307933634854439,True,0.5,1.0,4.954590288044128,47,sub-HUP080,01,False
GRID15-GRID16,0.12752759394058447,True,-4.5,-3.75,2.6350251818089045,48,sub-HUP080,01,False
GRID37-GRID38,0.12018349994680037,True,0.5,1.5,4.55267748876141,49,sub-HUP080,01,True
GRID18-GRID19,0.11236025161647722,True,1.0,2.0,4.449793907204698,50,sub-HUP080,01,False
GRID13-GRID14,0.10948365818212395,True,-0.5,2.0,3.7703238359647955,51,sub-HUP080,01,False
LA02-LA03,0.10579875113259392,True,-2.0,1.5,3.0969116839786763,52,sub-HUP080,01,False
GRID24-GRID25,0.10353681234562455,True,0.5,2.75,3.9220834393464385,53,sub-HUP080,01,False
LFP03-LFP04,0.10282232907529802,True,8.75,10.5,6.816281606693899,54,sub-HUP080,01,False
GRID28-GRID29,0.09972630159630345,True,14.5,15.5,8.58576654781866,55,sub-HUP080,01,False
GRID22-GRID23,0.09935512249962901,True,17.75,19.0,9.665805880762711,56,sub-HUP080,01,False
LFP04-LFP05,0.09710313923766654,True,0.75,2.25,3.7619684280322985,57,sub-HUP080,01,False
OF07-OF08,0.09698795469232718,True,0.25,1.75,3.590505685582631,58,sub-HUP080,01,False
LFP05-LFP06,0.09669363616932779,True,-2.75,2.5,2.580649054376483,59,sub-HUP080,01,False
GRID17-GRID18,0.09401980463104086,True,0.75,2.5,3.6425139229128005,60,sub-HUP080,01,False
PPO03-PPO04,0.09330415927406738,True,4.5,5.5,4.819717867672287,61,sub-HUP080,01,False
GRID23-GRID24,0.09323637262162156,True,0.0,1.75,3.371351397154643,62,sub-HUP080,01,False
GRID03-GRID04,0.08872749926157995,True,0.5,1.75,3.3610910707468036,63,sub-HUP080,01,True
GRID27-GRID28,0.08607717076908043,True,0.5,1.5,3.2606938375911154,64,sub-HUP080,01,False
AST02-AST03,0.08435068042833124,True,0.25,1.25,3.122672280505845,65,sub-HUP080,01,False
LFP01-LFP02,0.08395214769624353,True,0.5,3.75,3.180195726693317,66,sub-HUP080,01,False
GRID25-GRID26,0.08391748528901151,True,0.75,2.25,3.251130011816007,67,sub-HUP080,01,False
GRID07-GRID08,0.07749815166319222,True,1.25,5.75,3.135873715218272,68,sub-HUP080,01,False
GRID14-GRID15,0.07631054748418543,True,0.5,1.5,2.8907238667545476,69,sub-HUP080,01,False
GRID11-GRID12,0.07183687567155088,True,0.75,5.25,2.78310320723417,70,sub-HUP080,01,False
GRID21-GRID22,0.07142197513869075,True,1.0,1.75,2.828518673111136,71,sub-HUP080,01,False
GRID26-GRID27,0.06944076857582801,True,0.5,3.5,2.6304894102551843,72,sub-HUP080,01,False
OF03-OF04,0.06764870761203462,True,1.0,2.75,2.6790862661094277,73,sub-HUP080,01,False
OF06-OF07,0.06504396764737487,True,0.75,11.5,2.5199324619616563,74,sub-HUP080,01,False
LA01-LA02,0.06494014205282511,True,0.75,1.25,2.515910052266313,75,sub-HUP080,01,False
GRID36-GRID37,0.06372306721992237,True,8.5,10.0,4.169458219935949,76,sub-HUP080,01,False
OF01-OF02,0.06331494018173286,True,0.75,3.0,2.4529465046794146,77,sub-HUP080,01,False
GRID06-GRID07,0.06092696910706788,True,0.5,6.0,2.307977724354785,78,sub-HUP080,01,False
GRID08-GRID09,0.06067977457932435,True,0.75,7.75,2.3508549566952257,79,sub-HUP080,01,False
LH01-LH02,0.05424851077733099,True,7.75,12.5,3.409416376635435,80,sub-HUP080,01,False
LA03-LA04,0.05394223652117377,True,0.75,3.75,2.0898293538525463,81,sub-HUP080,01,False
OF05-OF06,0.05350816695955056,True,0.75,2.75,2.073012637120047,82,sub-HUP080,01,False
GRID16-GRID17,0.05304602575706384,True,5.25,9.75,2.877151716991605,83,sub-HUP080,01,False
LH02-LH03,0.05171644338657106,True,8.5,12.5,3.3838539070915354,84,sub-HUP080,01,False
GRID35-GRID36,0.03660582250628852,True,9.0,10.75,2.458182567821132,85,sub-HUP080,01,False
LH01-LH02,1.0,True,3.25,3.75,40.806932940609364,1,sub-HUP080,02,False
LA02-LA03,0.7115060690790098,True,-0.75,-0.25,11.167069402978356,2,sub-HUP080,02,False
GRID40-GRID41,0.6184012032074799,True,-1.25,1.25,7.764632747593778,3,sub-HUP080,02,True
GRID32-GRID33,0.546913268796118,True,-1.5,1.25,6.008652753409561,4,sub-HUP080,02,True
AST01-AST02,0.5336192412644576,True,1.0,1.5,14.237738388448411,5,sub-HUP080,02,False
GRID42-GRID43,0.49131078190827515,True,5.25,6.25,26.21777417043067,6,sub-HUP080,02,False
LA01-LA02,0.460142553889218,True,3.25,4.0,18.77700633967805,7,sub-HUP080,02,False
LH02-LH03,0.40136033116904746,True,-0.75,1.5,6.29934004578311,8,sub-HUP080,02,False
GRID49-GRID50,0.39292615575928497,True,-2.25,8.5,2.466786352104703,9,sub-HUP080,02,False
AST02-AST03,0.2557407687153462,True,0.75,1.5,6.42215163024432,10,sub-HUP080,02,False
GRID43-GRID44,0.2215640419369386,True,-1.0,-0.25,3.129697731243813,11,sub-HUP080,02,False
GRID60-GRID61,0.21928926385052683,True,1.75,2.0,6.883478680418493,12,sub-HUP080,02,False
MST03-MST04,0.20856795184173696,True,5.25,6.25,11.129793324170928,13,sub-HUP080,02,False
GRID46-GRID47,0.19363732067853343,True,-0.75,3.0,3.0391327537416095,14,sub-HUP080,02,True
GRID45-GRID46,0.19288565249503073,True,-0.75,-0.25,3.0273353409886155,15,sub-HUP080,02,True
GRID41-GRID42,0.191993562947627,True,-1.25,4.5,2.4106672148407626,16,sub-HUP080,02,False
LA03-LA04,0.1708970821337353,True,-1.25,6.25,2.1457802370391224,17,sub-HUP080,02,False
GRID44-GRID45,0.16433005827674402,True,6.75,8.25,10.316624104962342,18,sub-HUP080,02,True
GRID50-GRID51,0.15828187963924886,True,-0.75,1.0,2.484230018520166,19,sub-HUP080,02,False
GRID53-GRID54,0.1399652181254134,True,7.75,8.5,9.665702149334859,20,sub-HUP080,02,True
GRID63-GRID64,0.13759810767453617,True,-0.75,5.25,2.1595987510113632,21,sub-HUP080,02,False
GRID37-GRID38,0.12887019487865414,True,8.25,9.25,9.304026170038423,22,sub-HUP080,02,True
AST03-AST04,0.12616237153391194,True,0.25,1.25,2.772161234129855,23,sub-HUP080,02,False
GRID25-GRID26,0.1250679542512302,True,11.25,12.0,11.38504223402503,24,sub-HUP080,02,False
GRID51-GRID52,0.12415164428035079,True,1.75,2.5,3.8971137097035866,25,sub-HUP080,02,True
PST03-PST04,0.11662925535669408,True,-0.75,8.75,1.8304931547130079,26,sub-HUP080,02,False
GRID56-GRID57,0.11406557636418026,True,1.75,4.0,3.5805125580962,27,sub-HUP080,02,True
GRID48-GRID49,0.10488785484590842,True,1.0,4.0,2.7985607001031925,28,sub-HUP080,02,False
GRID62-GRID63,0.1017986122166447,True,1.5,5.25,3.03568052697164,29,sub-HUP080,02,False
GRID06-GRID07,0.10057053348892543,True,11.0,11.75,8.997175996360832,30,sub-HUP080,02,False
GRID52-GRID53,0.09789617675963919,True,0.5,8.25,2.3047169539457526,31,sub-HUP080,02,True
GRID38-GRID39,0.09587936393489702,True,1.25,3.75,2.708683459255123,32,sub-HUP080,02,True
GRID61-GRID62,0.09395396103522882,True,1.25,2.25,2.654288991324836,33,sub-HUP080,02,False
GRID17-GRID18,0.08593588310426512,True,10.0,12.25,7.148435784941268,34,sub-HUP080,02,False
GRID31-GRID32,0.08508250307445438,True,1.25,4.0,2.4036618443389264,35,sub-HUP080,02,True
GRID13-GRID14,0.08501885391147575,True,11.0,12.0,7.605901700170159,36,sub-HUP080,02,False
GRID39-GRID40,0.08100657274761809,True,1.25,4.0,2.288512925903524,37,sub-HUP080,02,True
OF05-OF06,0.0777043672566798,True,8.0,9.0,5.488056179715834,38,sub-HUP080,02,False
GRID18-GRID19,0.0749621162779276,True,10.25,11.0,6.353253800389842,39,sub-HUP080,02,False
OF02-OF03,0.0707930181727121,True,7.5,8.5,4.777706755584605,40,sub-HUP080,02,False
GRID54-GRID55,0.06870181054005817,True,8.25,9.25,4.96005646453476,41,sub-HUP080,02,True
GRID30-GRID31,0.06744318566466113,True,9.25,10.0,5.292595297536335,42,sub-HUP080,02,False
GRID36-GRID37,0.06556119482493608,True,8.25,9.25,4.733313804363848,43,sub-HUP080,02,False
LFP02-LFP03,0.06279540414912274,True,14.0,15.0,6.800448514628012,44,sub-HUP080,02,False
GRID12-GRID13,0.05937922622181609,True,10.5,12.5,5.1257548322092585,45,sub-HUP080,02,False
GRID59-GRID60,0.05748450318146978,True,6.5,9.75,3.518649399675725,46,sub-HUP080,02,False
GRID57-GRID58,0.051639334418625574,True,4.25,9.25,2.431434065444486,47,sub-HUP080,02,False
GRID05-GRID06,0.0482773612775808,True,10.5,11.75,4.167415670431139,48,sub-HUP080,02,False
GRID24-GRID25,0.04809639850247426,True,9.75,12.5,3.9253330167505838,49,sub-HUP080,02,False
LFP01-LFP02,0.048087784282715165,True,14.25,15.25,5.283155738234895,50,sub-HUP080,02,False
GRID58-GRID59,0.04468680194295873,True,6.0,10.0,2.5950253545390205,51,sub-HUP080,02,False
GRID09-GRID10,0.044565318066650865,True,9.75,12.5,3.6371478916454976,52,sub-HUP080,02,False
GRID04-GRID05,0.043903481410596544,True,10.25,12.5,3.720945645238506,53,sub-HUP080,02,False
GRID47-GRID48,0.043695626198161745,True,8.25,9.75,3.1546879404250276,54,sub-HUP080,02,True
GRID55-GRID56,0.04262622240217695,True,8.25,12.0,3.0774803214441624,55,sub-HUP080,02,True
GRID16-GRID17,0.04244129156479223,True,11.75,12.5,3.996689858763061,56,sub-HUP080,02,False
GRID29-GRID30,0.041807485993980445,True,10.75,12.0,3.674537520493162,57,sub-HUP080,02,False
LH03-LH04,0.04027794739911329,True,7.0,9.5,2.5918615168669734,58,sub-HUP080,02,False
GRID28-GRID29,0.03518835309893283,True,9.0,12.25,2.706173442105121,59,sub-HUP080,02,False
GRID14-GRID15,0.034080037808292,True,10.5,13.0,2.9418692292347,60,sub-HUP080,02,False
OF04-OF05,0.03357398122014761,True,15.0,16.75,3.846682215945709,61,sub-HUP080,02,False
GRID10-GRID11,0.033225733512906475,True,11.5,13.0,3.076714480094622,62,sub-HUP080,02,False
GRID11-GRID12,0.030233543579639206,True,11.25,12.75,2.7521851828406545,63,sub-HUP080,02,False
LFP03-LFP04,0.029866441627071742,True,10.25,13.5,2.531266367504969,64,sub-HUP080,02,False
GRID26-GRID27,0.027532310241144425,True,11.25,13.0,2.5062896148925047,65,sub-HUP080,02,False
PPO03-PPO04,0.02591766749888582,True,12.25,14.0,2.5220181621327216,66,sub-HUP080,02,False
GRID21-GRID22,0.025477650560230925,True,12.5,17.0,2.5191877310547763,67,sub-HUP080,02,False
PPO05-PPO06,0.025296446536261005,True,11.5,22.5,2.3424597480389946,68,sub-HUP080,02,False
GRID01-GRID02,0.024907318362708916,True,8.5,13.75,1.8373226806692746,69,sub-HUP080,02,True
GRID27-GRID28,0.024659576280860587,True,9.75,15.0,2.0125633512738386,70,sub-HUP080,02,False
LFP05-LFP06,0.023582246529253833,True,11.5,13.75,2.1837242311454834,71,sub-HUP080,02,False
GRID03-GRID04,0.02334909846644095,True,15.0,19.75,2.675183536926657,72,sub-HUP080,02,True
PPO04-PPO05,0.021645453320335704,True,10.5,19.25,1.8684865736985237,73,sub-HUP080,02,False
LFP04-LFP05,0.019688554079529935,True,17.25,19.5,2.533893057450654,74,sub-HUP080,02,False
OF07-OF08,0.01765879135950718,True,9.25,15.5,1.3857713746531188,75,sub-HUP080,02,False
OF06-OF07,0.01706186732986161,True,13.75,28.75,1.820941860232465,76,sub-HUP080,02,False
GRID02-GRID03,0.0,False,,,,77,sub-HUP080,02,True
GRID07-GRID08,0.0,False,,,,77,sub-HUP080,02,False
GRID08-GRID09,0.0,False,,,,77,sub-HUP080,02,False
GRID15-GRID16,0.0,False,,,,77,sub-HUP080,02,False
GRID22-GRID23,0.0,False,,,,77,sub-HUP080,02,False
GRID23-GRID24,0.0,False,,,,77,sub-HUP080,02,False
GRID35-GRID36,0.0,False,,,,77,sub-HUP080,02,False
OF01-OF02,0.0,False,,,,77,sub-HUP080,02,False
OF03-OF04,0.0,False,,,,77,sub-HUP080,02,False
LA02-LA03,1.0,True,-0.25,0.0,41.363364883564515,1,sub-HUP080,03,False
LA01-LA02,0.47738263888893345,True,-0.25,2.75,19.74615228144187,2,sub-HUP080,03,False
GRID07-GRID08,0.4443625110132042,True,-4.25,-1.75,3.676065736723224,3,sub-HUP080,03,False
LH01-LH02,0.2957079806065346,True,-0.25,3.75,12.231477100810109,4,sub-HUP080,03,False
GRID32-GRID33,0.2770742371441194,True,-0.5,0.5,10.88768663228612,5,sub-HUP080,03,True
AST01-AST02,0.2715659335599629,True,-0.25,1.5,11.232880799786583,6,sub-HUP080,03,False
GRID30-GRID31,0.21874578138872872,True,-4.0,1.75,2.2620153930806053,7,sub-HUP080,03,False
GRID40-GRID41,0.19637848794485113,True,-0.5,1.75,7.716731299538274,8,sub-HUP080,03,True
LA03-LA04,0.18930131553888574,True,-0.5,0.25,7.438632418195025,9,sub-HUP080,03,False
GRID56-GRID57,0.18003626841320855,True,2.5,3.5,11.542704087108904,10,sub-HUP080,03,True
AST02-AST03,0.1750226178427339,True,0.75,1.75,8.687429285646806,11,sub-HUP080,03,False
GRID37-GRID38,0.15532376799579256,True,7.25,10.25,16.06178422675022,12,sub-HUP080,03,True
LH02-LH03,0.1467577758423451,True,-0.25,1.5,6.070395431667289,13,sub-HUP080,03,False
GRID51-GRID52,0.12799893031266596,True,0.0,0.5,5.559189782190186,14,sub-HUP080,03,True
GRID29-GRID30,0.12344584128880925,True,-2.75,5.0,2.5530676882938055,15,sub-HUP080,03,False
GRID45-GRID46,0.10738434088716546,True,8.5,9.5,12.214888605966477,16,sub-HUP080,03,True
GRID17-GRID18,0.10287252544117416,True,11.0,12.75,13.829249870530447,17,sub-HUP080,03,False
GRID52-GRID53,0.08715502544228701,True,0.0,2.75,3.78527637474595,18,sub-HUP080,03,True
GRID25-GRID26,0.08440985363795064,True,9.5,13.0,10.299852948594744,19,sub-HUP080,03,False
GRID50-GRID51,0.08303871640319727,True,-0.5,0.75,3.2630226897458683,20,sub-HUP080,03,False
GRID31-GRID32,0.08265708809611128,True,1.75,3.5,4.786565413185342,21,sub-HUP080,03,True
GRID53-GRID54,0.07814430746867111,True,9.0,9.75,9.212087784690283,22,sub-HUP080,03,True
PST03-PST04,0.07472437883487974,True,0.75,1.5,3.7090220969338032,23,sub-HUP080,03,False
GRID08-GRID09,0.07004118204526717,True,-2.25,-0.5,1.738283381888732,24,sub-HUP080,03,False
GRID60-GRID61,0.06857250872781315,True,2.5,3.0,4.396404034209419,25,sub-HUP080,03,False
GRID38-GRID39,0.0677613733660058,True,-0.5,2.25,2.6626964909720705,26,sub-HUP080,03,True
GRID41-GRID42,0.06711013122568654,True,-1.25,4.0,2.2207206762175753,27,sub-HUP080,03,False
GRID61-GRID62,0.06363040647774806,True,2.0,3.0,3.8163531952014993,28,sub-HUP080,03,False
GRID46-GRID47,0.06315757687467109,True,0.0,3.75,2.7430303923002364,29,sub-HUP080,03,True
GRID43-GRID44,0.06139046972374159,True,-0.75,5.25,2.285384759600889,30,sub-HUP080,03,False
GRID13-GRID14,0.060347811649930215,True,11.75,12.75,8.487041080882342,31,sub-HUP080,03,False
GRID58-GRID59,0.06014044554581714,True,2.75,6.75,3.9801779093948424,32,sub-HUP080,03,False
GRID59-GRID60,0.0597463567267136,True,0.0,2.25,2.594875871438197,33,sub-HUP080,03,False
GRID49-GRID50,0.05702076916002289,True,-0.25,9.25,2.3585708807075294,34,sub-HUP080,03,False
GRID47-GRID48,0.056231857661506665,True,9.25,10.0,6.745222654947332,35,sub-HUP080,03,True
MST03-MST04,0.05601376425442515,True,4.75,7.5,4.633835538715501,36,sub-HUP080,03,False
GRID48-GRID49,0.05492759577195252,True,1.25,5.25,2.95358724191987,37,sub-HUP080,03,False
AST03-AST04,0.05210817904392171,True,0.25,1.75,2.3709065855330285,38,sub-HUP080,03,False
GRID63-GRID64,0.05173955278665618,True,1.75,4.0,2.9961708011576698,39,sub-HUP080,03,False
GRID39-GRID40,0.05000301416485379,True,2.0,4.5,2.9990247342593936,40,sub-HUP080,03,True
OF05-OF06,0.049342627119272155,True,9.25,10.0,5.9188335605595475,41,sub-HUP080,03,False
GRID04-GRID05,0.04850547179444535,True,10.75,11.75,6.4203184917858875,42,sub-HUP080,03,False
GRID54-GRID55,0.04667681508980619,True,-0.5,0.5,1.8341746274542072,43,sub-HUP080,03,True
GRID44-GRID45,0.04635666048876165,True,3.25,4.0,3.2596946863862826,44,sub-HUP080,03,True
GRID42-GRID43,0.04338265997139058,True,0.25,7.5,1.9738980734178608,45,sub-HUP080,03,False
GRID57-GRID58,0.043075041924145324,True,2.5,6.5,2.7616794485490557,46,sub-HUP080,03,False
GRID12-GRID13,0.042728220419263635,True,11.25,12.0,5.832363807690333,47,sub-HUP080,03,False
GRID09-GRID10,0.039880736065193614,True,12.25,13.25,5.773605031914071,48,sub-HUP080,03,False
OF02-OF03,0.038070683753661454,True,1.5,8.75,2.125887637683812,49,sub-HUP080,03,False
GRID23-GRID24,0.036634160318256004,True,3.25,4.25,2.5760306387599394,50,sub-HUP080,03,False
GRID55-GRID56,0.036362971388363384,True,1.75,9.75,2.1057327953024876,51,sub-HUP080,03,True
PPO05-PPO06,0.03569123215422347,True,3.0,6.25,2.435910606919607,52,sub-HUP080,03,False
OF03-OF04,0.03203977173793705,True,7.25,8.75,3.3131819229560207,53,sub-HUP080,03,False
GRID62-GRID63,0.03194462947926546,True,2.25,10.0,1.9820060478316932,54,sub-HUP080,03,False
GRID10-GRID11,0.03159947529026479,True,12.25,13.75,4.574712192961412,55,sub-HUP080,03,False
GRID36-GRID37,0.03154171417543391,True,9.25,11.0,3.783547154225559,56,sub-HUP080,03,False
GRID05-GRID06,0.031107401776608843,True,2.25,10.75,1.930060215398272,57,sub-HUP080,03,False
LH03-LH04,0.029985510953609767,True,5.0,9.5,2.542618343128277,58,sub-HUP080,03,False
LFP02-LFP03,0.02791400063341416,True,14.75,15.75,4.618467974239843,59,sub-HUP080,03,False
LFP01-LFP02,0.027907836578643284,True,14.5,16.0,4.559730008677578,60,sub-HUP080,03,False
GRID16-GRID17,0.027117274704363266,True,12.5,13.5,3.981899135267733,61,sub-HUP080,03,False
GRID03-GRID04,0.02668287404003117,True,11.0,11.75,3.587003728945002,62,sub-HUP080,03,True
GRID14-GRID15,0.026518901717458715,True,11.5,13.0,3.6746518769696124,63,sub-HUP080,03,False
GRID06-GRID07,0.023286109899129086,True,5.5,7.75,2.070862500024389,64,sub-HUP080,03,False
LFP03-LFP04,0.022232403516341304,True,11.0,15.0,2.9887228113764714,65,sub-HUP080,03,False
OF04-OF05,0.021240973253918664,True,14.75,18.0,3.5143925087354893,66,sub-HUP080,03,False
LFP05-LFP06,0.019104605769524028,True,13.0,13.5,2.884342344815381,67,sub-HUP080,03,False
GRID24-GRID25,0.018864306465194266,True,9.5,14.75,2.3018590152058858,68,sub-HUP080,03,False
PPO03-PPO04,0.0187522398381084,True,21.5,23.5,4.1497582026216895,69,sub-HUP080,03,False
GRID11-GRID12,0.018648488611191498,True,11.75,14.5,2.622638412435818,70,sub-HUP080,03,False
GRID28-GRID29,0.018167096575863545,True,9.75,15.0,2.2543567336271977,71,sub-HUP080,03,False
PPO04-PPO05,0.017496308545698693,True,10.75,19.75,2.3158598223717215,72,sub-HUP080,03,False
GRID01-GRID02,0.01679462984728234,True,8.75,15.0,1.9451107268811199,73,sub-HUP080,03,True
GRID18-GRID19,0.016347270295860215,True,6.5,12.25,1.589018549330116,74,sub-HUP080,03,False
LFP04-LFP05,0.01493575917448253,True,11.0,13.25,2.0078280837782936,75,sub-HUP080,03,False
OF06-OF07,0.009852072014860989,True,14.5,28.5,1.6096836559589065,76,sub-HUP080,03,False
GRID02-GRID03,0.0,False,,,,77,sub-HUP080,03,True
GRID15-GRID16,0.0,False,,,,77,sub-HUP080,03,False
GRID21-GRID22,0.0,False,,,,77,sub-HUP080,03,False
GRID22-GRID23,0.0,False,,,,77,sub-HUP080,03,False
GRID26-GRID27,0.0,False,,,,77,sub-HUP080,03,False
GRID27-GRID28,0.0,False,,,,77,sub-HUP080,03,False
GRID35-GRID36,0.0,False,,,,77,sub-HUP080,03,False
OF01-OF02,0.0,False,,,,77,sub-HUP080,03,False
OF07-OF08,0.0,False,,,,77,sub-HUP080,03,False
RH01-RH02,1.0,True,-8.25,-5.5,4.249295343266192,1,sub-HUP082,01,True
RG62-RG63,0.5542718214485294,True,-6.75,-6.25,5.888161674462266,2,sub-HUP082,01,True
RH02-RH03,0.400123611979974,True,-7.25,-4.0,3.400486802234705,3,sub-HUP082,01,True
RG63-RG64,0.3566409457211022,True,-6.75,-5.75,3.7886817746768267,4,sub-HUP082,01,False
RG23-RG24,0.35149540378089567,True,-6.75,-5.75,3.734019456164075,5,sub-HUP082,01,False
OC04-OC05,0.3283115421139334,True,-6.75,-1.5,3.487731767613199,6,sub-HUP082,01,False
RG61-RG62,0.32015146428619023,True,-7.25,-4.25,2.720836252662322,7,sub-HUP082,01,True
RG21-RG22,0.3169809023024418,True,-6.75,-6.0,3.3673636801452047,8,sub-HUP082,01,False
PST02-PST03,0.28223505950917144,True,-7.75,-1.25,1.7989501861181683,9,sub-HUP082,01,False
RG54-RG55,0.2534755782409353,True,-6.25,-4.75,3.2312777827527355,10,sub-HUP082,01,True
PST03-PST04,0.22184848741259403,True,-7.5,0.25,1.6497245528277227,11,sub-HUP082,01,False
RG05-RG06,0.22175304783123562,True,-7.5,0.25,1.6490148386326209,12,sub-HUP082,01,False
RG06-RG07,0.22111540655974343,True,-7.5,2.25,1.6442731679827756,13,sub-HUP082,01,False
RG22-RG23,0.21974668235089126,True,-2.0,-0.5,6.769822016585822,14,sub-HUP082,01,False
RG16-RG17,0.2126490980992049,True,-6.5,-3.25,2.4849242613324445,15,sub-HUP082,01,False
RG55-RG56,0.19614515391295267,True,-6.25,-4.75,2.5004360673796215,16,sub-HUP082,01,False
OC03-OC04,0.18374127876498195,True,-5.75,-4.25,2.7326983607763458,17,sub-HUP082,01,False
RG13-RG14,0.17814716316013532,True,-6.25,-0.5,2.2709997324973368,18,sub-HUP082,01,False
RG40-RG41,0.15267420902426593,True,-6.25,0.5,1.9462734163309876,19,sub-HUP082,01,False
MST03-MST04,0.14814762544806748,True,-1.25,0.75,5.036184119459338,20,sub-HUP082,01,False
RG49-RG50,0.14486436681862153,True,-1.5,2.5,4.770678964788699,21,sub-HUP082,01,False
RG48-RG49,0.14213538132736273,True,-5.5,0.0,2.2649070524539763,22,sub-HUP082,01,False
MST01-MST02,0.14207145090017415,True,-5.25,0.5,2.414814218884726,23,sub-HUP082,01,False
RH05-RH06,0.13651654583744274,True,-1.5,1.5,4.495768199420192,24,sub-HUP082,01,False
RG36-RG37,0.11521597001292676,True,-2.0,-0.25,3.5495034651322457,25,sub-HUP082,01,False
MST02-MST03,0.11023578102962951,True,1.75,3.25,5.152668300895681,26,sub-HUP082,01,False
RG20-RG21,0.10756289122746447,True,-2.5,4.25,3.0851988264075114,27,sub-HUP082,01,False
PST01-PST02,0.10731466339987117,True,-2.25,1.75,3.1920818961447606,28,sub-HUP082,01,False
RG37-RG38,0.10608939481809879,True,-4.0,2.5,2.3667271496949978,29,sub-HUP082,01,False
RG44-RG45,0.10300007622542207,True,-2.0,2.5,3.1731636458904298,30,sub-HUP082,01,True
RG50-RG51,0.10195577610200597,True,-1.5,0.5,3.3576115857224202,31,sub-HUP082,01,False
RG46-RG47,0.09652030969410352,True,-2.25,3.25,2.871003117596354,32,sub-HUP082,01,False
RG24-RG25,0.09009109275546831,True,-1.25,3.0,3.062589287324593,33,sub-HUP082,01,False
RG10-RG11,0.08838024606172488,True,-1.75,3.0,2.8166532602010586,34,sub-HUP082,01,False
RG52-RG53,0.08300660886454354,True,0.0,1.5,3.2626562677029143,35,sub-HUP082,01,True
RG35-RG36,0.07841116096025368,True,-0.75,3.0,2.8321335395922658,36,sub-HUP082,01,False
RH03-RH04,0.04872143523161433,True,16.25,18.5,5.279310080097078,37,sub-HUP082,01,True
PST05-PST06,0.03980759512754929,True,1.75,7.25,1.8606965146233332,38,sub-HUP082,01,False
RG58-RG59,0.017927609717791435,True,20.5,28.5,2.26634632756872,39,sub-HUP082,01,True
OC05-OC06,0.0,False,,,,40,sub-HUP082,01,False
PST04-PST05,0.0,False,,,,40,sub-HUP082,01,False
RG01-RG02,0.0,False,,,,40,sub-HUP082,01,False
RG02-RG03,0.0,False,,,,40,sub-HUP082,01,False
RG03-RG04,0.0,False,,,,40,sub-HUP082,01,False
RG04-RG05,0.0,False,,,,40,sub-HUP082,01,False
RG07-RG08,0.0,False,,,,40,sub-HUP082,01,False
RG08-RG09,0.0,False,,,,40,sub-HUP082,01,False
RG09-RG10,0.0,False,,,,40,sub-HUP082,01,False
RG11-RG12,0.0,False,,,,40,sub-HUP082,01,False
RG12-RG13,0.0,False,,,,40,sub-HUP082,01,False
RG14-RG15,0.0,False,,,,40,sub-HUP082,01,False
RG15-RG16,0.0,False,,,,40,sub-HUP082,01,False
RG17-RG18,0.0,False,,,,40,sub-HUP082,01,False
RG18-RG19,0.0,False,,,,40,sub-HUP082,01,False
RG19-RG20,0.0,False,,,,40,sub-HUP082,01,False
RG25-RG26,0.0,False,,,,40,sub-HUP082,01,False
RG26-RG27,0.0,False,,,,40,sub-HUP082,01,True
RG27-RG28,0.0,False,,,,40,sub-HUP082,01,True
RG28-RG29,0.0,False,,,,40,sub-HUP082,01,False
RG29-RG30,0.0,False,,,,40,sub-HUP082,01,False
RG30-RG31,0.0,False,,,,40,sub-HUP082,01,False
RG31-RG32,0.0,False,,,,40,sub-HUP082,01,False
RG32-RG33,0.0,False,,,,40,sub-HUP082,01,False
RG33-RG34,0.0,False,,,,40,sub-HUP082,01,False
RG34-RG35,0.0,False,,,,40,sub-HUP082,01,False
RG38-RG39,0.0,False,,,,40,sub-HUP082,01,False
RG39-RG40,0.0,False,,,,40,sub-HUP082,01,False
RG41-RG42,0.0,False,,,,40,sub-HUP082,01,False
RG42-RG43,0.0,False,,,,40,sub-HUP082,01,True
RG43-RG44,0.0,False,,,,40,sub-HUP082,01,True
RG45-RG46,0.0,False,,,,40,sub-HUP082,01,False
RG47-RG48,0.0,False,,,,40,sub-HUP082,01,False
RG51-RG52,0.0,False,,,,40,sub-HUP082,01,False
RG53-RG54,0.0,False,,,,40,sub-HUP082,01,True
RG56-RG57,0.0,False,,,,40,sub-HUP082,01,True
RG57-RG58,0.0,False,,,,40,sub-HUP082,01,True
RG59-RG60,0.0,False,,,,40,sub-HUP082,01,True
RG60-RG61,0.0,False,,,,40,sub-HUP082,01,True
RH04-RH05,0.0,False,,,,40,sub-HUP082,01,False
RH06-RH07,0.0,False,,,,40,sub-HUP082,01,False
RH07-RH08,0.0,False,,,,40,sub-HUP082,01,False
OC05-OC06,1.0,True,-9.25,-8.75,9.350178966601758,1,sub-HUP082,02,False
MST01-MST02,0.5650549328982514,True,-9.5,-8.5,4.226691798847838,2,sub-HUP082,02,False
OC04-OC05,0.5248531514558235,True,-9.0,-8.5,5.888965076756265,3,sub-HUP082,02,False
RG39-RG40,0.4285260849341517,True,-9.0,-8.5,4.808154703189805,4,sub-HUP082,02,False
PST01-PST02,0.41149530017995295,True,-9.5,-8.0,3.0780437604784585,5,sub-HUP082,02,False
RG51-RG52,0.3672587611930269,True,-9.0,-8.0,4.12072217304871,6,sub-HUP082,02,False
RG48-RG49,0.33190769189049246,True,-9.0,-8.0,3.7240755834813832,7,sub-HUP082,02,False
RH03-RH04,0.3171051671054323,True,-9.25,-5.5,2.9649900636699487,8,sub-HUP082,02,True
OC03-OC04,0.31554819440100673,True,-9.0,-8.0,3.540518508284947,9,sub-HUP082,02,False
RG44-RG45,0.3047274415093339,True,-9.0,-8.25,3.4191073369763294,10,sub-HUP082,02,True
RG52-RG53,0.26613245086143517,True,-9.0,-8.0,2.9860632532497204,11,sub-HUP082,02,True
RG56-RG57,0.2315245013684618,True,-9.0,-3.5,2.5977546275380217,12,sub-HUP082,02,True
RH07-RH08,0.1021998317468159,True,-6.0,-5.5,3.4401121818815406,13,sub-HUP082,02,False
RG03-RG04,0.09570050793681949,True,-6.5,-2.75,2.8634140044926535,14,sub-HUP082,02,False
RH06-RH07,0.06441501112524402,True,-6.25,-5.5,2.0477923993326943,15,sub-HUP082,02,False
RG02-RG03,0.04019128536606909,True,0.75,1.25,3.3821613996345747,16,sub-HUP082,02,False
RG42-RG43,0.030168212032399968,True,-1.0,0.0,2.143794180200495,17,sub-HUP082,02,True
PST05-PST06,0.026676134191158822,True,4.5,8.5,2.9931195458930304,18,sub-HUP082,02,False
RG49-RG50,0.02582831623918298,True,2.5,3.5,2.5115935441204122,19,sub-HUP082,02,False
RG63-RG64,0.020312551432831796,True,6.25,7.25,2.5450082816147557,20,sub-HUP082,02,False
RG06-RG07,0.018203519512766064,True,15.5,17.5,3.540288237540911,21,sub-HUP082,02,False
RG58-RG59,0.01544729757889227,True,18.25,19.75,3.3220049289989255,22,sub-HUP082,02,True
RG50-RG51,0.014168229016226318,True,17.25,18.5,2.940955588101656,23,sub-HUP082,02,False
RG18-RG19,0.011625463891451094,True,16.0,27.0,2.3044435606424862,24,sub-HUP082,02,False
RG01-RG02,0.010961804981494867,True,24.5,26.25,2.8698554744709828,25,sub-HUP082,02,False
RG12-RG13,0.010173213725843466,True,25.75,27.25,2.7585197010616502,26,sub-HUP082,02,False
MST02-MST03,0.0,False,,,,27,sub-HUP082,02,False
MST03-MST04,0.0,False,,,,27,sub-HUP082,02,False
PST02-PST03,0.0,False,,,,27,sub-HUP082,02,False
PST03-PST04,0.0,False,,,,27,sub-HUP082,02,False
PST04-PST05,0.0,False,,,,27,sub-HUP082,02,False
RG04-RG05,0.0,False,,,,27,sub-HUP082,02,False
RG05-RG06,0.0,False,,,,27,sub-HUP082,02,False
RG07-RG08,0.0,False,,,,27,sub-HUP082,02,False
RG08-RG09,0.0,False,,,,27,sub-HUP082,02,False
RG09-RG10,0.0,False,,,,27,sub-HUP082,02,False
RG10-RG11,0.0,False,,,,27,sub-HUP082,02,False
RG11-RG12,0.0,False,,,,27,sub-HUP082,02,False
RG13-RG14,0.0,False,,,,27,sub-HUP082,02,False
RG14-RG15,0.0,False,,,,27,sub-HUP082,02,False
RG15-RG16,0.0,False,,,,27,sub-HUP082,02,False
RG16-RG17,0.0,False,,,,27,sub-HUP082,02,False
RG17-RG18,0.0,False,,,,27,sub-HUP082,02,False
RG19-RG20,0.0,False,,,,27,sub-HUP082,02,False
RG20-RG21,0.0,False,,,,27,sub-HUP082,02,False
RG21-RG22,0.0,False,,,,27,sub-HUP082,02,False
RG22-RG23,0.0,False,,,,27,sub-HUP082,02,False
RG23-RG24,0.0,False,,,,27,sub-HUP082,02,False
RG24-RG25,0.0,False,,,,27,sub-HUP082,02,False
RG25-RG26,0.0,False,,,,27,sub-HUP082,02,False
RG26-RG27,0.0,False,,,,27,sub-HUP082,02,True
RG27-RG28,0.0,False,,,,27,sub-HUP082,02,True
RG28-RG29,0.0,False,,,,27,sub-HUP082,02,False
RG29-RG30,0.0,False,,,,27,sub-HUP082,02,False
RG30-RG31,0.0,False,,,,27,sub-HUP082,02,False
RG31-RG32,0.0,False,,,,27,sub-HUP082,02,False
RG32-RG33,0.0,False,,,,27,sub-HUP082,02,False
RG33-RG34,0.0,False,,,,27,sub-HUP082,02,False
RG34-RG35,0.0,False,,,,27,sub-HUP082,02,False
RG35-RG36,0.0,False,,,,27,sub-HUP082,02,False
RG36-RG37,0.0,False,,,,27,sub-HUP082,02,False
RG37-RG38,0.0,False,,,,27,sub-HUP082,02,False
RG38-RG39,0.0,False,,,,27,sub-HUP082,02,False
RG40-RG41,0.0,False,,,,27,sub-HUP082,02,False
RG41-RG42,0.0,False,,,,27,sub-HUP082,02,False
RG43-RG44,0.0,False,,,,27,sub-HUP082,02,True
RG45-RG46,0.0,False,,,,27,sub-HUP082,02,False
RG46-RG47,0.0,False,,,,27,sub-HUP082,02,False
RG47-RG48,0.0,False,,,,27,sub-HUP082,02,False
RG53-RG54,0.0,False,,,,27,sub-HUP082,02,True
RG54-RG55,0.0,False,,,,27,sub-HUP082,02,True
RG55-RG56,0.0,False,,,,27,sub-HUP082,02,False
RG57-RG58,0.0,False,,,,27,sub-HUP082,02,True
RG59-RG60,0.0,False,,,,27,sub-HUP082,02,True
RG60-RG61,0.0,False,,,,27,sub-HUP082,02,True
RG61-RG62,0.0,False,,,,27,sub-HUP082,02,True
RG62-RG63,0.0,False,,,,27,sub-HUP082,02,True
RH01-RH02,0.0,False,,,,27,sub-HUP082,02,True
RH02-RH03,0.0,False,,,,27,sub-HUP082,02,True
RH04-RH05,0.0,False,,,,27,sub-HUP082,02,False
RH05-RH06,0.0,False,,,,27,sub-HUP082,02,False
MST01-MST02,1.0,True,-9.25,-8.75,2.4074048810681026,1,sub-HUP082,03,False
RH02-RH03,0.3170110305871931,True,8.0,8.5,13.927923718581699,2,sub-HUP082,03,True
RG05-RG06,0.14908284613307551,True,-3.5,-1.75,2.422593707383964,3,sub-HUP082,03,False
OC03-OC04,0.1323750652458065,True,-1.5,2.0,2.7884533092890527,4,sub-HUP082,03,False
MST02-MST03,0.11582712824382507,True,-1.5,-1.0,2.439874446574999,5,sub-HUP082,03,False
RH03-RH04,0.11523259700010512,True,8.0,8.75,5.062760175690771,6,sub-HUP082,03,True
OC04-OC05,0.08280295687823122,True,0.5,5.75,2.1429076074718987,7,sub-HUP082,03,False
RH01-RH02,0.07844464679749123,True,6.0,8.75,3.0687804159015855,8,sub-HUP082,03,True
RG13-RG14,0.06221487581324554,True,10.5,11.0,3.1078602109379534,9,sub-HUP082,03,False
RG04-RG05,0.06132906031496447,True,24.5,25.75,5.130624800586403,10,sub-HUP082,03,False
RG23-RG24,0.059667103176740406,True,10.5,11.25,2.980589665107738,11,sub-HUP082,03,False
RG31-RG32,0.05911455349860413,True,8.5,11.25,2.668362461900645,12,sub-HUP082,03,False
OC05-OC06,0.053251645181824965,True,4.75,5.5,1.922974058034482,13,sub-HUP082,03,False
RG32-RG33,0.05086490301565394,True,24.75,25.25,4.285834552822934,14,sub-HUP082,03,False
RG12-RG13,0.050827554083080165,True,10.25,11.25,2.5084312867433836,15,sub-HUP082,03,False
RG50-RG51,0.05011280968305536,True,14.75,16.25,3.0160455658756087,16,sub-HUP082,03,False
RG16-RG17,0.0500898765618553,True,24.5,25.25,4.190384813117045,17,sub-HUP082,03,False
RG28-RG29,0.04978204773082891,True,10.5,12.0,2.4867950524578277,18,sub-HUP082,03,False
RG26-RG27,0.04962705617478986,True,11.0,11.75,2.538788866949888,19,sub-HUP082,03,True
RG24-RG25,0.04762732276490305,True,24.0,24.75,3.92704503840285,20,sub-HUP082,03,False
RH06-RH07,0.04548861119828189,True,11.5,14.5,2.381831725740627,21,sub-HUP082,03,False
RH07-RH08,0.04485842349608645,True,14.0,22.5,2.6188154012763407,22,sub-HUP082,03,False
RG07-RG08,0.04393072820601366,True,24.5,25.75,3.6751269705431624,23,sub-HUP082,03,False
RG10-RG11,0.04157693290887639,True,24.5,27.0,3.4782147650572837,24,sub-HUP082,03,False
RG51-RG52,0.03853656279449014,True,11.75,17.0,2.041008406162946,25,sub-HUP082,03,False
RG06-RG07,0.03803372477492656,True,25.25,27.0,3.2504714007267452,26,sub-HUP082,03,False
RG08-RG09,0.033659668046476986,True,24.5,25.75,2.8158776079701706,27,sub-HUP082,03,False
RG57-RG58,0.03082383874461667,True,20.5,21.25,2.281817890296673,28,sub-HUP082,03,True
RG21-RG22,0.03065270108414398,True,24.5,29.75,2.5643228117241685,29,sub-HUP082,03,False
RG11-RG12,0.030321411367876198,True,25.25,26.0,2.591354937340415,30,sub-HUP082,03,False
RG20-RG21,0.029418650421391565,True,24.0,28.5,2.425674139697128,31,sub-HUP082,03,False
RG01-RG02,0.02529371258510192,True,26.25,27.0,2.2225655605263444,32,sub-HUP082,03,False
MST03-MST04,0.0,False,,,,33,sub-HUP082,03,False
PST01-PST02,0.0,False,,,,33,sub-HUP082,03,False
PST02-PST03,0.0,False,,,,33,sub-HUP082,03,False
PST03-PST04,0.0,False,,,,33,sub-HUP082,03,False
PST04-PST05,0.0,False,,,,33,sub-HUP082,03,False
PST05-PST06,0.0,False,,,,33,sub-HUP082,03,False
RG02-RG03,0.0,False,,,,33,sub-HUP082,03,False
RG03-RG04,0.0,False,,,,33,sub-HUP082,03,False
RG09-RG10,0.0,False,,,,33,sub-HUP082,03,False
RG14-RG15,0.0,False,,,,33,sub-HUP082,03,False
RG15-RG16,0.0,False,,,,33,sub-HUP082,03,False
RG17-RG18,0.0,False,,,,33,sub-HUP082,03,False
RG18-RG19,0.0,False,,,,33,sub-HUP082,03,False
RG19-RG20,0.0,False,,,,33,sub-HUP082,03,False
RG22-RG23,0.0,False,,,,33,sub-HUP082,03,False
RG25-RG26,0.0,False,,,,33,sub-HUP082,03,False
RG27-RG28,0.0,False,,,,33,sub-HUP082,03,True
RG29-RG30,0.0,False,,,,33,sub-HUP082,03,False
RG30-RG31,0.0,False,,,,33,sub-HUP082,03,False
RG33-RG34,0.0,False,,,,33,sub-HUP082,03,False
RG34-RG35,0.0,False,,,,33,sub-HUP082,03,False
RG35-RG36,0.0,False,,,,33,sub-HUP082,03,False
RG36-RG37,0.0,False,,,,33,sub-HUP082,03,False
RG37-RG38,0.0,False,,,,33,sub-HUP082,03,False
RG38-RG39,0.0,False,,,,33,sub-HUP082,03,False
RG39-RG40,0.0,False,,,,33,sub-HUP082,03,False
RG40-RG41,0.0,False,,,,33,sub-HUP082,03,False
RG41-RG42,0.0,False,,,,33,sub-HUP082,03,False
RG42-RG43,0.0,False,,,,33,sub-HUP082,03,True
RG43-RG44,0.0,False,,,,33,sub-HUP082,03,True
RG44-RG45,0.0,False,,,,33,sub-HUP082,03,True
RG45-RG46,0.0,False,,,,33,sub-HUP082,03,False
RG46-RG47,0.0,False,,,,33,sub-HUP082,03,False
RG47-RG48,0.0,False,,,,33,sub-HUP082,03,False
RG48-RG49,0.0,False,,,,33,sub-HUP082,03,False
RG49-RG50,0.0,False,,,,33,sub-HUP082,03,False
RG52-RG53,0.0,False,,,,33,sub-HUP082,03,True
RG53-RG54,0.0,False,,,,33,sub-HUP082,03,True
RG54-RG55,0.0,False,,,,33,sub-HUP082,03,True
RG55-RG56,0.0,False,,,,33,sub-HUP082,03,False
RG56-RG57,0.0,False,,,,33,sub-HUP082,03,True
RG58-RG59,0.0,False,,,,33,sub-HUP082,03,True
RG59-RG60,0.0,False,,,,33,sub-HUP082,03,True
RG60-RG61,0.0,False,,,,33,sub-HUP082,03,True
RG61-RG62,0.0,False,,,,33,sub-HUP082,03,True
RG62-RG63,0.0,False,,,,33,sub-HUP082,03,True
RG63-RG64,0.0,False,,,,33,sub-HUP082,03,False
RH04-RH05,0.0,False,,,,33,sub-HUP082,03,False
RH05-RH06,0.0,False,,,,33,sub-HUP082,03,False
LG52-LG53,1.0,True,-8.75,-8.0,12.45035036616676,1,sub-HUP086,01,True
LG42-LG43,0.5881294574648558,True,-8.75,-6.75,7.322417806101024,2,sub-HUP086,01,False
LMST02-LMST03,0.5343698167676678,True,-9.25,-5.5,4.435394295907864,3,sub-HUP086,01,True
LG63-LG64,0.5025680896694694,True,-8.75,-6.0,6.257148799240007,4,sub-HUP086,01,False
LG35-LG36,0.36798972012718517,True,-8.0,-7.0,6.872401420096655,5,sub-HUP086,01,False
LG51-LG52,0.35895192774856743,True,-9.25,-7.5,2.9793848433870935,6,sub-HUP086,01,True
LPST02-LPST03,0.33521276477484735,True,-8.75,-7.25,4.173516368658293,7,sub-HUP086,01,True
LG57-LG58,0.3177558907583372,True,-9.25,-6.75,2.637448113903139,8,sub-HUP086,01,True
LMST03-LMST04,0.3106408971353528,True,-8.75,-4.75,3.8675880073955105,9,sub-HUP086,01,True
LG43-LG44,0.27507981967602874,True,-8.0,-6.5,5.137260200442796,10,sub-HUP086,01,False
LMST01-LMST02,0.26442107227324574,True,-8.0,-5.5,4.938202490999119,11,sub-HUP086,01,False
LG50-LG51,0.25386110431264813,True,-9.0,-8.0,2.63388307752873,12,sub-HUP086,01,False
LG61-LG62,0.23909738334908728,True,-8.75,-7.75,2.9768461943298226,13,sub-HUP086,01,False
LH01-LH02,0.23434471884222413,True,2.5,5.0,24.800227776395516,14,sub-HUP086,01,False
LG60-LG61,0.2275394125890177,True,-8.75,-7.5,2.832945408845046,15,sub-HUP086,01,False
LG62-LG63,0.21553702100107153,True,-8.0,-5.75,4.0252671425147755,16,sub-HUP086,01,False
LPST03-LPST04,0.20741797446074428,True,-8.25,-5.75,3.4432352723691935,17,sub-HUP086,01,True
LG59-LG60,0.16063261615704502,True,-8.75,-8.25,1.9999323513891898,18,sub-HUP086,01,False
LG44-LG45,0.15148643384320234,True,-8.0,-7.5,2.829088765603516,19,sub-HUP086,01,False
LG28-LG29,0.1375430700212364,True,-7.75,-6.25,2.8540990203376677,20,sub-HUP086,01,False
LG29-LG30,0.11081275439180957,True,-7.25,-6.5,2.7593152344360266,21,sub-HUP086,01,False
LIPI04-LIPI05,0.08493861007432489,True,-7.25,-4.5,2.1150309100811326,22,sub-HUP086,01,False
LPF01-LPF02,0.08429722526348629,True,-6.75,-2.75,2.448903308660873,23,sub-HUP086,01,False
LG49-LG50,0.04212339240126562,True,-1.25,1.75,3.1467059640437007,24,sub-HUP086,01,False
LG45-LG46,0.02926650779370794,True,3.75,4.75,3.4008639095742637,25,sub-HUP086,01,False
LG58-LG59,0.022378978643500518,True,4.75,8.75,2.7862612494854475,26,sub-HUP086,01,False
LG46-LG47,0.02086258368525447,True,20.75,21.75,5.368093846114447,27,sub-HUP086,01,False
LG31-LG32,0.020801192168237555,True,16.75,18.25,4.661678349513388,28,sub-HUP086,01,False
LG21-LG22,0.020627864118065,True,19.5,23.0,5.093678688915843,29,sub-HUP086,01,False
LOI05-LOI06,0.019916853350945778,True,22.0,25.25,5.331393751833004,30,sub-HUP086,01,False
LG07-LG08,0.017398996124536555,True,24.25,25.0,4.982342748711327,31,sub-HUP086,01,False
LG12-LG13,0.016841863948759788,True,7.5,10.0,2.4812974326129043,32,sub-HUP086,01,False
LG37-LG38,0.01631283862306319,True,18.25,20.0,3.858910570153607,33,sub-HUP086,01,False
LG01-LG02,0.01586538516801537,True,19.5,21.25,3.917670480046874,34,sub-HUP086,01,False
LG17-LG18,0.014153054008890104,True,28.0,28.75,4.493367269630052,35,sub-HUP086,01,False
LG20-LG21,0.013766785732346012,True,22.75,23.75,3.7708287272403767,36,sub-HUP086,01,False
LOI02-LOI03,0.013657358858156499,True,13.25,16.75,2.6639428114814736,37,sub-HUP086,01,False
LG22-LG23,0.013359201872958384,True,23.0,25.25,3.6869094904634743,38,sub-HUP086,01,False
LG30-LG31,0.012894952451773948,True,15.5,17.75,2.756051270983935,39,sub-HUP086,01,False
LG02-LG03,0.012474947099302974,True,19.5,23.5,3.080463000016735,40,sub-HUP086,01,False
LOI03-LOI04,0.012405093797832403,True,20.0,23.0,3.114696576181543,41,sub-HUP086,01,False
LG25-LG26,0.01239612515990647,True,28.0,28.75,3.9355705863041073,42,sub-HUP086,01,False
LOI04-LOI05,0.011706630356509689,True,19.5,23.5,2.8907410493240278,43,sub-HUP086,01,False
LG10-LG11,0.011689020107811053,True,20.5,24.5,2.9834141134780268,44,sub-HUP086,01,False
RSPI03-RSPI04,0.010422579121199772,True,22.5,23.75,2.833197298820356,45,sub-HUP086,01,False
LG54-LG55,0.009763478524150694,True,25.75,27.0,2.917409482037301,46,sub-HUP086,01,False
LG38-LG39,0.009407316945522187,True,11.25,18.75,1.6787829516750477,47,sub-HUP086,01,False
LG15-LG16,0.009186114315428703,True,24.75,26.25,2.6686413070507737,48,sub-HUP086,01,False
LOI01-LOI02,0.008776789509220726,True,24.75,29.25,2.5497291045308796,49,sub-HUP086,01,False
LG11-LG12,0.00851876397315287,True,20.5,26.25,2.1742627211248564,50,sub-HUP086,01,False
LPF02-LPF03,0.008479114880066023,True,20.5,27.0,2.1641429965619006,51,sub-HUP086,01,False
LG36-LG37,0.00769875808267562,True,19.5,24.5,1.9010693376877825,52,sub-HUP086,01,False
LG19-LG20,0.005853298994449155,True,23.25,30.0,1.6275555865603928,53,sub-HUP086,01,False
LA01-LA02,0.0,False,,,,54,sub-HUP086,01,False
LA02-LA03,0.0,False,,,,54,sub-HUP086,01,False
LA03-LA04,0.0,False,,,,54,sub-HUP086,01,False
LG03-LG04,0.0,False,,,,54,sub-HUP086,01,False
LG04-LG05,0.0,False,,,,54,sub-HUP086,01,False
LG05-LG06,0.0,False,,,,54,sub-HUP086,01,False
LG06-LG07,0.0,False,,,,54,sub-HUP086,01,False
LG08-LG09,0.0,False,,,,54,sub-HUP086,01,False
LG09-LG10,0.0,False,,,,54,sub-HUP086,01,False
LG13-LG14,0.0,False,,,,54,sub-HUP086,01,False
LG14-LG15,0.0,False,,,,54,sub-HUP086,01,False
LG16-LG17,0.0,False,,,,54,sub-HUP086,01,False
LG18-LG19,0.0,False,,,,54,sub-HUP086,01,False
LG23-LG24,0.0,False,,,,54,sub-HUP086,01,False
LG24-LG25,0.0,False,,,,54,sub-HUP086,01,False
LG26-LG27,0.0,False,,,,54,sub-HUP086,01,False
LG27-LG28,0.0,False,,,,54,sub-HUP086,01,False
LG39-LG40,0.0,False,,,,54,sub-HUP086,01,False
LG53-LG54,0.0,False,,,,54,sub-HUP086,01,True
LG55-LG56,0.0,False,,,,54,sub-HUP086,01,False
LG56-LG57,0.0,False,,,,54,sub-HUP086,01,True
LH02-LH03,0.0,False,,,,54,sub-HUP086,01,False
LH03-LH04,0.0,False,,,,54,sub-HUP086,01,False
LIPI01-LIPI02,0.0,False,,,,54,sub-HUP086,01,False
LIPI02-LIPI03,0.0,False,,,,54,sub-HUP086,01,False
LIPI03-LIPI04,0.0,False,,,,54,sub-HUP086,01,False
LIPI05-LIPI06,0.0,False,,,,54,sub-HUP086,01,False
LPF03-LPF04,0.0,False,,,,54,sub-HUP086,01,False
LPST01-LPST02,0.0,False,,,,54,sub-HUP086,01,False
RRPT01-RRPT02,0.0,False,,,,54,sub-HUP086,01,False
RRPT02-RRPT03,0.0,False,,,,54,sub-HUP086,01,False
RRPT03-RRPT04,0.0,False,,,,54,sub-HUP086,01,False
RRPT04-RRPT05,0.0,False,,,,54,sub-HUP086,01,False
RRPT05-RRPT06,0.0,False,,,,54,sub-HUP086,01,False
LG62-LG63,1.0,True,-7.75,-5.0,5.565770022392697,1,sub-HUP086,02,False
LG42-LG43,0.914376898186018,True,-7.5,-5.75,6.361514411365198,2,sub-HUP086,02,False
LPST02-LPST03,0.7776018254775613,True,-7.75,-5.75,4.3279529296008485,3,sub-HUP086,02,True
LMST03-LMST04,0.7424308041295201,True,-7.75,-5.75,4.132199113324988,4,sub-HUP086,02,True
LG63-LG64,0.7228060450141254,True,-7.0,-6.0,7.040201380351729,5,sub-HUP086,02,False
LA02-LA03,0.60150507150054,True,-7.75,-6.25,3.3478388952748817,6,sub-HUP086,02,False
LG56-LG57,0.5988922481809539,True,-7.25,-6.25,4.999944782353381,7,sub-HUP086,02,True
LG43-LG44,0.5182728699291662,True,-7.25,-4.75,4.326881404306774,8,sub-HUP086,02,False
LMST02-LMST03,0.4994767294063516,True,-6.75,-4.5,5.559945214825242,9,sub-HUP086,02,True
LG46-LG47,0.4253798845659098,True,-7.25,-3.25,3.55134991446871,10,sub-HUP086,02,False
LG57-LG58,0.3779683655961129,True,-7.25,-6.0,3.1555274979714127,11,sub-HUP086,02,True
LMST01-LMST02,0.34145299489106345,True,-5.75,-3.0,5.701346529062663,12,sub-HUP086,02,False
LG35-LG36,0.3202672373115512,True,-6.5,-5.5,4.01070102431211,13,sub-HUP086,02,False
LPST03-LPST04,0.3090283534876469,True,-6.5,-5.0,3.8699566782995674,14,sub-HUP086,02,True
LH01-LH02,0.2900984606717433,True,6.75,7.25,25.026630397210365,15,sub-HUP086,02,False
LA01-LA02,0.2736379392404547,True,-6.75,-5.75,3.0460116784276745,16,sub-HUP086,02,False
LG36-LG37,0.2393293477375828,True,-6.5,-4.25,2.9971172455124306,17,sub-HUP086,02,False
LH03-LH04,0.22373457170660085,True,-6.75,-1.75,2.490510344354937,18,sub-HUP086,02,False
LG50-LG51,0.08472630679207349,True,1.5,3.5,4.833563169126537,19,sub-HUP086,02,False
LG51-LG52,0.043726745647987446,True,1.0,2.0,2.372886848517499,20,sub-HUP086,02,True
LG45-LG46,0.038519481938063545,True,4.75,11.0,2.894272800961109,21,sub-HUP086,02,False
LH02-LH03,0.03842697295219468,True,7.25,8.75,3.4220111057379228,22,sub-HUP086,02,False
LG59-LG60,0.03782301402108258,True,3.5,7.5,2.5787989205397315,23,sub-HUP086,02,False
LG49-LG50,0.03773013017193114,True,2.5,5.25,2.362468808833971,24,sub-HUP086,02,False
LG52-LG53,0.03279828507831884,True,10.25,12.0,3.4684065256211376,25,sub-HUP086,02,True
LG60-LG61,0.028494041179531374,True,6.0,9.5,2.339221383154417,26,sub-HUP086,02,False
LOI01-LOI02,0.026848666661598956,True,8.25,18.5,2.5403695687878085,27,sub-HUP086,02,False
LOI02-LOI03,0.025526950955054608,True,14.25,17.0,3.267774182940826,28,sub-HUP086,02,False
LG58-LG59,0.02080153403124046,True,4.75,12.75,1.5629834861666057,29,sub-HUP086,02,False
LOI03-LOI04,0.018915103044122004,True,24.75,28.5,3.5267833020303443,30,sub-HUP086,02,False
LG30-LG31,0.01768682972816758,True,23.0,27.25,3.1254962474773214,31,sub-HUP086,02,False
LG31-LG32,0.015831295969645054,True,20.0,24.5,2.5332588850499573,32,sub-HUP086,02,False
LG23-LG24,0.015022758659449902,True,24.0,24.5,2.738332948463315,33,sub-HUP086,02,False
LG38-LG39,0.013905409946837914,True,20.5,25.25,2.263783679562357,34,sub-HUP086,02,False
LIPI04-LIPI05,0.013863968409639774,True,25.5,26.75,2.642855346977705,35,sub-HUP086,02,False
LOI04-LOI05,0.012662196260445908,True,28.0,30.0,2.589951559378571,36,sub-HUP086,02,False
LG01-LG02,0.012200669974995066,True,24.0,25.5,2.223925534797845,37,sub-HUP086,02,False
LG37-LG38,0.010678936295163526,True,18.25,24.0,1.6047855945718872,38,sub-HUP086,02,False
LA03-LA04,0.0,False,,,,39,sub-HUP086,02,False
LG02-LG03,0.0,False,,,,39,sub-HUP086,02,False
LG03-LG04,0.0,False,,,,39,sub-HUP086,02,False
LG04-LG05,0.0,False,,,,39,sub-HUP086,02,False
LG05-LG06,0.0,False,,,,39,sub-HUP086,02,False
LG06-LG07,0.0,False,,,,39,sub-HUP086,02,False
LG07-LG08,0.0,False,,,,39,sub-HUP086,02,False
LG08-LG09,0.0,False,,,,39,sub-HUP086,02,False
LG09-LG10,0.0,False,,,,39,sub-HUP086,02,False
LG10-LG11,0.0,False,,,,39,sub-HUP086,02,False
LG11-LG12,0.0,False,,,,39,sub-HUP086,02,False
LG12-LG13,0.0,False,,,,39,sub-HUP086,02,False
LG13-LG14,0.0,False,,,,39,sub-HUP086,02,False
LG14-LG15,0.0,False,,,,39,sub-HUP086,02,False
LG15-LG16,0.0,False,,,,39,sub-HUP086,02,False
LG16-LG17,0.0,False,,,,39,sub-HUP086,02,False
LG17-LG18,0.0,False,,,,39,sub-HUP086,02,False
LG18-LG19,0.0,False,,,,39,sub-HUP086,02,False
LG19-LG20,0.0,False,,,,39,sub-HUP086,02,False
LG20-LG21,0.0,False,,,,39,sub-HUP086,02,False
LG21-LG22,0.0,False,,,,39,sub-HUP086,02,False
LG22-LG23,0.0,False,,,,39,sub-HUP086,02,False
LG24-LG25,0.0,False,,,,39,sub-HUP086,02,False
LG25-LG26,0.0,False,,,,39,sub-HUP086,02,False
LG26-LG27,0.0,False,,,,39,sub-HUP086,02,False
LG27-LG28,0.0,False,,,,39,sub-HUP086,02,False
LG28-LG29,0.0,False,,,,39,sub-HUP086,02,False
LG29-LG30,0.0,False,,,,39,sub-HUP086,02,False
LG39-LG40,0.0,False,,,,39,sub-HUP086,02,False
LG44-LG45,0.0,False,,,,39,sub-HUP086,02,False
LG53-LG54,0.0,False,,,,39,sub-HUP086,02,True
LG54-LG55,0.0,False,,,,39,sub-HUP086,02,False
LG55-LG56,0.0,False,,,,39,sub-HUP086,02,False
LG61-LG62,0.0,False,,,,39,sub-HUP086,02,False
LIPI01-LIPI02,0.0,False,,,,39,sub-HUP086,02,False
LIPI02-LIPI03,0.0,False,,,,39,sub-HUP086,02,False
LIPI03-LIPI04,0.0,False,,,,39,sub-HUP086,02,False
LIPI05-LIPI06,0.0,False,,,,39,sub-HUP086,02,False
LOI05-LOI06,0.0,False,,,,39,sub-HUP086,02,False
LPF01-LPF02,0.0,False,,,,39,sub-HUP086,02,False
LPF02-LPF03,0.0,False,,,,39,sub-HUP086,02,False
LPF03-LPF04,0.0,False,,,,39,sub-HUP086,02,False
LPST01-LPST02,0.0,False,,,,39,sub-HUP086,02,False
RRPT01-RRPT02,0.0,False,,,,39,sub-HUP086,02,False
RRPT02-RRPT03,0.0,False,,,,39,sub-HUP086,02,False
RRPT03-RRPT04,0.0,False,,,,39,sub-HUP086,02,False
RRPT04-RRPT05,0.0,False,,,,39,sub-HUP086,02,False
RRPT05-RRPT06,0.0,False,,,,39,sub-HUP086,02,False
RSPI03-RSPI04,0.0,False,,,,39,sub-HUP086,02,False
MST02-MST03,1.0,True,-7.25,-3.25,2.902271927969223,1,sub-HUP087,01,False
LG28-LG29,0.28933884703058244,True,1.25,2.75,7.977530127374486,2,sub-HUP087,01,True
LOF03-LOF04,0.2653235028984711,True,-3.25,-2.5,3.850204771463468,3,sub-HUP087,01,False
LG36-LG37,0.2577543262783708,True,1.5,2.75,7.2937131683357705,4,sub-HUP087,01,True
LG35-LG36,0.20360396412064458,True,0.0,2.5,4.875041073297448,5,sub-HUP087,01,True
LG51-LG52,0.16995768670335654,True,0.0,0.75,4.069423240259353,6,sub-HUP087,01,False
LG27-LG28,0.16694422396817485,True,1.75,3.5,4.845175347594406,7,sub-HUP087,01,True
LG44-LG45,0.1436288683273819,True,0.0,1.5,3.4390127688885244,8,sub-HUP087,01,False
LG58-LG59,0.13689413384078308,True,-3.25,2.0,1.986520008748832,9,sub-HUP087,01,False
LG24-LG25,0.13663505900176084,True,0.0,0.5,3.2715547929671396,10,sub-HUP087,01,False
LG03-LG04,0.11465110493082606,True,0.5,4.5,2.911550979324665,11,sub-HUP087,01,False
LH03-LH04,0.11138648963947864,True,-0.75,1.75,2.424554115267702,12,sub-HUP087,01,False
LG38-LG39,0.10720361742008408,True,0.0,3.0,2.566855907674265,13,sub-HUP087,01,True
AST03-AST04,0.10626805310644097,True,-1.0,4.5,2.236036208438055,14,sub-HUP087,01,False
LG10-LG11,0.09489231877957985,True,-0.25,5.0,2.2032265037910506,15,sub-HUP087,01,False
LG26-LG27,0.08920848697870785,True,4.25,5.25,3.236341093686397,16,sub-HUP087,01,False
LG22-LG23,0.08704103945270485,True,0.5,1.25,2.2103966971174107,17,sub-HUP087,01,False
LG19-LG20,0.08578811224342975,True,3.0,7.25,2.8010298365727637,18,sub-HUP087,01,False
AST01-AST02,0.06916938896982269,True,4.75,5.5,2.6097288864647057,19,sub-HUP087,01,False
LG23-LG24,0.06641078732881706,True,0.0,0.75,1.5901228511747694,20,sub-HUP087,01,False
PST02-PST03,0.06484024977737249,True,4.75,5.75,2.4463924775079513,21,sub-HUP087,01,False
LG01-LG02,0.0631233262762228,True,5.75,15.5,2.5648148099213293,22,sub-HUP087,01,False
LG14-LG15,0.05826646467188665,True,3.75,11.5,2.029261497110725,23,sub-HUP087,01,True
LG04-LG05,0.05266782165814387,True,13.25,19.0,3.286411316572989,24,sub-HUP087,01,False
LG02-LG03,0.04303395466961781,True,14.0,17.5,2.7789413085636836,25,sub-HUP087,01,False
LG12-LG13,0.042451222575609626,True,13.0,19.5,2.6181060712697595,26,sub-HUP087,01,False
PST03-PST04,0.04220521804929279,True,13.75,15.75,2.6948024302822136,27,sub-HUP087,01,False
LG62-LG63,0.03752730634857754,True,14.5,19.25,2.4778036862619452,28,sub-HUP087,01,False
LG63-LG64,0.03550960775929549,True,17.25,20.75,2.627992713211536,29,sub-HUP087,01,False
LG37-LG38,0.03461759255816472,True,11.25,20.75,1.9591585083610359,30,sub-HUP087,01,True
LA03-LA04,0.03281851070775902,True,14.25,20.25,2.1430854527599434,31,sub-HUP087,01,False
LG57-LG58,0.031864628282297386,True,17.0,17.75,2.335115358011868,32,sub-HUP087,01,False
LG59-LG60,0.026813587117562727,True,22.75,28.25,2.412429956563245,33,sub-HUP087,01,False
LG09-LG10,0.02352334835869907,True,26.5,27.0,2.372422587366939,34,sub-HUP087,01,False
AST02-AST03,0.0,False,,,,35,sub-HUP087,01,False
LA01-LA02,0.0,False,,,,35,sub-HUP087,01,False
LA02-LA03,0.0,False,,,,35,sub-HUP087,01,False
LG05-LG06,0.0,False,,,,35,sub-HUP087,01,False
LG06-LG07,0.0,False,,,,35,sub-HUP087,01,False
LG07-LG08,0.0,False,,,,35,sub-HUP087,01,False
LG08-LG09,0.0,False,,,,35,sub-HUP087,01,False
LG11-LG12,0.0,False,,,,35,sub-HUP087,01,False
LG13-LG14,0.0,False,,,,35,sub-HUP087,01,False
LG15-LG16,0.0,False,,,,35,sub-HUP087,01,True
LG16-LG17,0.0,False,,,,35,sub-HUP087,01,True
LG20-LG21,0.0,False,,,,35,sub-HUP087,01,False
LG21-LG22,0.0,False,,,,35,sub-HUP087,01,False
LG25-LG26,0.0,False,,,,35,sub-HUP087,01,False
LG29-LG30,0.0,False,,,,35,sub-HUP087,01,True
LG32-LG33,0.0,False,,,,35,sub-HUP087,01,True
LG39-LG40,0.0,False,,,,35,sub-HUP087,01,True
LG40-LG41,0.0,False,,,,35,sub-HUP087,01,True
LG43-LG44,0.0,False,,,,35,sub-HUP087,01,False
LG45-LG46,0.0,False,,,,35,sub-HUP087,01,False
LG46-LG47,0.0,False,,,,35,sub-HUP087,01,False
LG47-LG48,0.0,False,,,,35,sub-HUP087,01,False
LG48-LG49,0.0,False,,,,35,sub-HUP087,01,False
LG49-LG50,0.0,False,,,,35,sub-HUP087,01,False
LG50-LG51,0.0,False,,,,35,sub-HUP087,01,False
LG52-LG53,0.0,False,,,,35,sub-HUP087,01,False
LG53-LG54,0.0,False,,,,35,sub-HUP087,01,False
LG54-LG55,0.0,False,,,,35,sub-HUP087,01,False
LG55-LG56,0.0,False,,,,35,sub-HUP087,01,False
LG56-LG57,0.0,False,,,,35,sub-HUP087,01,False
LG60-LG61,0.0,False,,,,35,sub-HUP087,01,False
LG61-LG62,0.0,False,,,,35,sub-HUP087,01,False
LH01-LH02,0.0,False,,,,35,sub-HUP087,01,False
LH02-LH03,0.0,False,,,,35,sub-HUP087,01,False
LOF01-LOF02,0.0,False,,,,35,sub-HUP087,01,False
LOF02-LOF03,0.0,False,,,,35,sub-HUP087,01,False
MST01-MST02,0.0,False,,,,35,sub-HUP087,01,False
MST03-MST04,0.0,False,,,,35,sub-HUP087,01,False
PST01-PST02,0.0,False,,,,35,sub-HUP087,01,False
LOF01-LOF02,1.0,True,-8.5,-5.5,3.3279892069711607,1,sub-HUP087,02,False
LG37-LG38,0.20265248741966654,True,1.5,2.5,7.418678199883601,2,sub-HUP087,02,True
LG28-LG29,0.13728084866800744,True,-5.5,3.75,1.82747673076388,3,sub-HUP087,02,True
PST01-PST02,0.1368506497134022,True,-4.5,-3.75,2.2771874260659675,4,sub-HUP087,02,False
LG24-LG25,0.1295356980671384,True,1.0,2.5,4.5264807533915725,5,sub-HUP087,02,False
LG44-LG45,0.1259297308401892,True,-0.25,2.5,3.8766082619246305,6,sub-HUP087,02,False
LG38-LG39,0.12474282922284916,True,-1.5,2.5,3.3211423144055097,7,sub-HUP087,02,True
LG32-LG33,0.12321697150461443,True,0.75,2.5,4.203163700651056,8,sub-HUP087,02,True
LG51-LG52,0.1052544785771504,True,1.5,2.75,3.8531434555914714,9,sub-HUP087,02,False
LG11-LG12,0.09914303189277414,True,1.25,2.75,3.5469296059196616,10,sub-HUP087,02,False
LG26-LG27,0.09529132954531216,True,2.25,6.25,3.7262600658755884,11,sub-HUP087,02,False
AST01-AST02,0.09465734930644083,True,0.5,3.25,3.1501863685233418,12,sub-HUP087,02,False
LH02-LH03,0.09415199367868377,True,1.75,2.75,3.525039211246611,13,sub-HUP087,02,False
LG27-LG28,0.0924214063220976,True,-1.0,0.5,2.614408263230815,14,sub-HUP087,02,True
LG35-LG36,0.0910063877481462,True,-0.25,3.5,2.8015315547691833,15,sub-HUP087,02,True
LG23-LG24,0.08752865960930785,True,1.25,3.0,3.1314151706646127,16,sub-HUP087,02,False
LG21-LG22,0.08477255884043823,True,2.25,5.75,3.3149353902025966,17,sub-HUP087,02,False
LA02-LA03,0.08379165020812888,True,2.25,4.5,3.27657806344173,18,sub-HUP087,02,False
LG36-LG37,0.08279916636197036,True,1.5,4.0,3.0311020519873164,19,sub-HUP087,02,True
LG01-LG02,0.07789630693674464,True,1.75,4.5,2.9164282734194877,20,sub-HUP087,02,False
AST02-AST03,0.0755879000336489,True,-1.5,3.75,2.0124457239167883,21,sub-HUP087,02,False
LG29-LG30,0.07350133270826224,True,1.5,3.5,2.690728061462024,22,sub-HUP087,02,True
LG58-LG59,0.07349863248775487,True,6.25,7.75,3.852491826430613,23,sub-HUP087,02,False
LH03-LH04,0.07283860195427548,True,1.5,4.0,2.6664668927016706,24,sub-HUP087,02,False
LG19-LG20,0.07126023353597163,True,-0.25,0.5,2.193667914869111,25,sub-HUP087,02,False
LG39-LG40,0.07042617288397526,True,1.5,4.25,2.5781529757077015,26,sub-HUP087,02,True
LG22-LG23,0.06489771487775177,True,2.25,7.5,2.537752012375433,27,sub-HUP087,02,False
LG52-LG53,0.06460472546437301,True,2.0,6.75,2.4725440342448355,28,sub-HUP087,02,False
LG45-LG46,0.06263013090105755,True,1.5,4.25,2.2927563963690156,29,sub-HUP087,02,False
LG10-LG11,0.05956888347964011,True,2.5,8.0,2.3789352154987795,30,sub-HUP087,02,False
LOF03-LOF04,0.0592821006563082,True,7.5,12.25,3.353933249563118,31,sub-HUP087,02,False
LG25-LG26,0.057815148305500594,True,1.25,6.25,2.0683880377715367,32,sub-HUP087,02,False
LG03-LG04,0.045265939674782936,True,18.25,19.25,4.180386503400117,33,sub-HUP087,02,False
LG13-LG14,0.04376652378809269,True,15.75,18.5,3.6777765995338307,34,sub-HUP087,02,False
LG63-LG64,0.043592699362815276,True,16.0,17.5,3.6994388410457892,35,sub-HUP087,02,False
LH01-LH02,0.04347849838383142,True,8.75,9.25,2.6407015137598484,36,sub-HUP087,02,False
LG09-LG10,0.0396294236018269,True,12.0,17.25,2.835555321545414,37,sub-HUP087,02,False
LG49-LG50,0.03718431588838165,True,8.0,18.75,2.1656075340399568,38,sub-HUP087,02,False
LA03-LA04,0.036921904348009404,True,11.0,19.75,2.5189518330054357,39,sub-HUP087,02,False
LG12-LG13,0.03650274406537911,True,16.75,21.5,3.188869379703322,40,sub-HUP087,02,False
LA01-LA02,0.03251218555236036,True,17.0,21.75,2.8673053692524224,41,sub-HUP087,02,False
LG57-LG58,0.0286781395109852,True,16.5,23.75,2.4814540079828706,42,sub-HUP087,02,False
AST03-AST04,0.02505694507967791,True,19.25,26.5,2.39744073006407,43,sub-HUP087,02,False
LG02-LG03,0.0,False,,,,44,sub-HUP087,02,False
LG04-LG05,0.0,False,,,,44,sub-HUP087,02,False
LG05-LG06,0.0,False,,,,44,sub-HUP087,02,False
LG06-LG07,0.0,False,,,,44,sub-HUP087,02,False
LG07-LG08,0.0,False,,,,44,sub-HUP087,02,False
LG08-LG09,0.0,False,,,,44,sub-HUP087,02,False
LG14-LG15,0.0,False,,,,44,sub-HUP087,02,True
LG15-LG16,0.0,False,,,,44,sub-HUP087,02,True
LG16-LG17,0.0,False,,,,44,sub-HUP087,02,True
LG20-LG21,0.0,False,,,,44,sub-HUP087,02,False
LG40-LG41,0.0,False,,,,44,sub-HUP087,02,True
LG43-LG44,0.0,False,,,,44,sub-HUP087,02,False
LG46-LG47,0.0,False,,,,44,sub-HUP087,02,False
LG47-LG48,0.0,False,,,,44,sub-HUP087,02,False
LG48-LG49,0.0,False,,,,44,sub-HUP087,02,False
LG50-LG51,0.0,False,,,,44,sub-HUP087,02,False
LG53-LG54,0.0,False,,,,44,sub-HUP087,02,False
LG54-LG55,0.0,False,,,,44,sub-HUP087,02,False
LG55-LG56,0.0,False,,,,44,sub-HUP087,02,False
LG56-LG57,0.0,False,,,,44,sub-HUP087,02,False
LG59-LG60,0.0,False,,,,44,sub-HUP087,02,False
LG60-LG61,0.0,False,,,,44,sub-HUP087,02,False
LG61-LG62,0.0,False,,,,44,sub-HUP087,02,False
LG62-LG63,0.0,False,,,,44,sub-HUP087,02,False
LOF02-LOF03,0.0,False,,,,44,sub-HUP087,02,False
MST01-MST02,0.0,False,,,,44,sub-HUP087,02,False
MST02-MST03,0.0,False,,,,44,sub-HUP087,02,False
MST03-MST04,0.0,False,,,,44,sub-HUP087,02,False
PST02-PST03,0.0,False,,,,44,sub-HUP087,02,False
PST03-PST04,0.0,False,,,,44,sub-HUP087,02,False
RFP03-RFP04,1.0,True,-8.75,-6.75,3.918676869930681,1,sub-HUP088,01,False
LAST01-LAST02,0.7270099779226592,True,-4.75,-2.25,14.244585923471698,2,sub-HUP088,01,False
LAD02-LAD03,0.34645102943570233,True,-5.25,-3.75,6.109333360260121,3,sub-HUP088,01,False
LAD03-LAD04,0.33675703637119425,True,-4.5,-3.0,6.9281205483745705,4,sub-HUP088,01,False
LAST03-LAST04,0.2680230880489303,True,-2.0,-0.75,8.139793037021715,5,sub-HUP088,01,False
LAST02-LAST03,0.22654215508240613,True,-4.25,-2.0,4.882600267521209,6,sub-HUP088,01,False
LMST02-LMST03,0.1948296610224237,True,-3.0,-1.5,5.153452782018796,7,sub-HUP088,01,True
LAD01-LAD02,0.19389786724182334,True,-5.0,-4.0,3.6091596655747593,8,sub-HUP088,01,False
RHD01-RHD02,0.14931800981506316,True,1.75,2.5,6.72898386025326,9,sub-HUP088,01,True
LMST03-LMST04,0.13005219047233002,True,-2.5,-1.5,3.694835702486107,10,sub-HUP088,01,True
LMST01-LMST02,0.11177435681206634,True,-2.0,-0.75,3.3945587968538797,11,sub-HUP088,01,True
RFP05-RFP06,0.08991271719880535,True,-1.5,9.25,2.906795802896511,12,sub-HUP088,01,False
RAD01-RAD02,0.07108215083532377,True,8.0,10.25,4.944226651093701,13,sub-HUP088,01,True
RHD03-RHD04,0.0596796321061816,True,2.0,5.25,2.7479160288004794,14,sub-HUP088,01,True
RAD02-RAD03,0.048936210031149244,True,1.75,9.0,2.2052997350380448,15,sub-HUP088,01,True
LPST03-LPST04,0.034113387954851075,True,13.0,14.75,3.041205083590465,16,sub-HUP088,01,True
RHD02-RHD03,0.022110389919919857,True,10.75,17.0,1.7761912080689377,17,sub-HUP088,01,True
LAST04-LAST05,0.0,False,,,,18,sub-HUP088,01,False
LAST05-LAST06,0.0,False,,,,18,sub-HUP088,01,False
LFPA02-LFPA03,0.0,False,,,,18,sub-HUP088,01,False
LFPA03-LFPA04,0.0,False,,,,18,sub-HUP088,01,False
LFPA04-LFPA05,0.0,False,,,,18,sub-HUP088,01,False
LFPA05-LFPA06,0.0,False,,,,18,sub-HUP088,01,False
LPA01-LPA02,0.0,False,,,,18,sub-HUP088,01,False
LPA02-LPA03,0.0,False,,,,18,sub-HUP088,01,False
LPA03-LPA04,0.0,False,,,,18,sub-HUP088,01,False
LPST01-LPST02,0.0,False,,,,18,sub-HUP088,01,False
LPST02-LPST03,0.0,False,,,,18,sub-HUP088,01,False
RAST01-RAST02,0.0,False,,,,18,sub-HUP088,01,False
RAST02-RAST03,0.0,False,,,,18,sub-HUP088,01,False
RAST03-RAST04,0.0,False,,,,18,sub-HUP088,01,False
RFP04-RFP05,0.0,False,,,,18,sub-HUP088,01,False
RFPA01-RFPA02,0.0,False,,,,18,sub-HUP088,01,False
RFPA02-RFPA03,0.0,False,,,,18,sub-HUP088,01,False
RFPA03-RFPA04,0.0,False,,,,18,sub-HUP088,01,False
RFPA04-RFPA05,0.0,False,,,,18,sub-HUP088,01,False
RFPA05-RFPA06,0.0,False,,,,18,sub-HUP088,01,False
RMST01-RMST02,0.0,False,,,,18,sub-HUP088,01,False
RMST02-RMST03,0.0,False,,,,18,sub-HUP088,01,False
RPT01-RPT02,0.0,False,,,,18,sub-HUP088,01,False
RPT02-RPT03,0.0,False,,,,18,sub-HUP088,01,False
LAD03-LAD04,1.0,True,-7.75,-6.75,14.084503144251078,1,sub-HUP088,02,False
LMST02-LMST03,0.6368851543895312,True,-7.5,-6.75,10.764253151431422,2,sub-HUP088,02,True
LMST03-LMST04,0.6165300779947881,True,-8.0,-7.0,6.946815857634364,3,sub-HUP088,02,True
LMST01-LMST02,0.38412066945314677,True,-7.5,-6.5,6.49217853202161,4,sub-HUP088,02,True
LAST01-LAST02,0.31827840818413045,True,-7.25,-4.5,6.275910537143259,5,sub-HUP088,02,False
LAST02-LAST03,0.3015386863093338,True,-7.0,-6.0,6.7952361206994425,6,sub-HUP088,02,False
LAD02-LAD03,0.2750236923347001,True,-7.25,-6.25,5.423000883204275,7,sub-HUP088,02,False
LAD01-LAD02,0.2048229469468433,True,-7.5,-6.0,3.4617953283451035,8,sub-HUP088,02,False
LAST03-LAST04,0.20388553382597707,True,-7.25,-5.5,4.020277019134998,9,sub-HUP088,02,False
LPST03-LPST04,0.13189728548141152,True,-7.5,-6.75,2.229249278497347,10,sub-HUP088,02,True
LPA02-LPA03,0.06275932606858743,True,-6.75,-5.75,1.591081065619377,11,sub-HUP088,02,False
RHD01-RHD02,0.05104775831950233,True,-0.25,1.75,5.032876187905998,12,sub-HUP088,02,True
LFPA05-LFPA06,0.04472620001634852,True,-3.5,-1.75,2.771763740946919,13,sub-HUP088,02,False
RFP03-RFP04,0.03965016002244478,True,-2.0,-0.25,3.1273356996346187,14,sub-HUP088,02,False
RFP04-RFP05,0.035922923427592617,True,1.25,2.25,4.1488435293262755,15,sub-HUP088,02,False
RAD02-RAD03,0.0357347061301273,True,-3.25,10.75,2.315205671903865,16,sub-HUP088,02,True
RHD03-RHD04,0.030772410028086134,True,-3.0,10.5,2.0803877078244604,17,sub-HUP088,02,True
RAD01-RAD02,0.026461308729918302,True,0.25,2.75,2.757938456455743,18,sub-HUP088,02,True
RFP05-RFP06,0.01958332682748221,True,-1.25,4.75,1.7100928553147319,19,sub-HUP088,02,False
RHD02-RHD03,0.009891909036039283,True,11.75,16.75,2.3127555570842993,20,sub-HUP088,02,True
LPST02-LPST03,0.0076650034489010406,True,14.75,17.25,2.051197538358099,21,sub-HUP088,02,False
LAST04-LAST05,0.0,False,,,,22,sub-HUP088,02,False
LAST05-LAST06,0.0,False,,,,22,sub-HUP088,02,False
LFPA02-LFPA03,0.0,False,,,,22,sub-HUP088,02,False
LFPA03-LFPA04,0.0,False,,,,22,sub-HUP088,02,False
LFPA04-LFPA05,0.0,False,,,,22,sub-HUP088,02,False
LPA01-LPA02,0.0,False,,,,22,sub-HUP088,02,False
LPA03-LPA04,0.0,False,,,,22,sub-HUP088,02,False
LPST01-LPST02,0.0,False,,,,22,sub-HUP088,02,False
RAST01-RAST02,0.0,False,,,,22,sub-HUP088,02,False
RAST02-RAST03,0.0,False,,,,22,sub-HUP088,02,False
RAST03-RAST04,0.0,False,,,,22,sub-HUP088,02,False
RFPA01-RFPA02,0.0,False,,,,22,sub-HUP088,02,False
RFPA02-RFPA03,0.0,False,,,,22,sub-HUP088,02,False
RFPA03-RFPA04,0.0,False,,,,22,sub-HUP088,02,False
RFPA04-RFPA05,0.0,False,,,,22,sub-HUP088,02,False
RFPA05-RFPA06,0.0,False,,,,22,sub-HUP088,02,False
RMST01-RMST02,0.0,False,,,,22,sub-HUP088,02,False
RMST02-RMST03,0.0,False,,,,22,sub-HUP088,02,False
RPT01-RPT02,0.0,False,,,,22,sub-HUP088,02,False
RPT02-RPT03,0.0,False,,,,22,sub-HUP088,02,False
LAST01-LAST02,1.0,True,-5.25,-4.0,24.826476729424364,1,sub-HUP088,03,False
LAST03-LAST04,0.5121195036327272,True,-6.0,-5.25,8.47608195974817,2,sub-HUP088,03,False
LAST02-LAST03,0.42594065414516535,True,-5.75,-4.75,8.224693351972796,3,sub-HUP088,03,False
LAD03-LAD04,0.40709259228660893,True,-6.25,-5.5,5.614819316180298,4,sub-HUP088,03,False
LMST01-LMST02,0.327793978415204,True,-6.5,-5.0,3.616875367631331,5,sub-HUP088,03,True
LMST03-LMST04,0.3210906988835726,True,-6.25,-5.75,4.428639313259789,6,sub-HUP088,03,True
LAD02-LAD03,0.16802881049395385,True,-6.0,-4.75,2.781042235734001,7,sub-HUP088,03,False
LMST02-LMST03,0.16062782328171113,True,-6.25,-4.75,2.215457176000828,8,sub-HUP088,03,True
RHD01-RHD02,0.09515676506742442,True,-0.25,0.0,7.612201021579743,9,sub-HUP088,03,True
RPT01-RPT02,0.0944043850902564,True,-4.25,-2.0,3.3853852783094744,10,sub-HUP088,03,False
LAD01-LAD02,0.09089322697642478,True,-1.25,-0.75,6.268218289979158,11,sub-HUP088,03,False
LPST03-LPST04,0.07022029034541845,True,-1.25,-0.25,4.842562233872092,12,sub-HUP088,03,True
RFP04-RFP05,0.04731382728128067,True,-2.5,2.5,2.610301404397151,13,sub-HUP088,03,False
RHD03-RHD04,0.03279974826315403,True,7.0,10.0,5.247725205021988,14,sub-HUP088,03,True
RAD01-RAD02,0.024234647180704085,True,8.0,10.25,4.144775118356522,15,sub-HUP088,03,True
RAD02-RAD03,0.019030312881611937,True,6.75,11.75,2.992218926090355,16,sub-HUP088,03,True
RHD02-RHD03,0.011823462530438745,True,11.5,14.5,2.478739302262226,17,sub-HUP088,03,True
RFP03-RFP04,0.01066786597038686,True,13.0,25.25,2.4130370170941164,18,sub-HUP088,03,False
RFP05-RFP06,0.010663633324757935,True,14.0,22.75,2.529742026065185,19,sub-HUP088,03,False
LAST04-LAST05,0.0,False,,,,20,sub-HUP088,03,False
LAST05-LAST06,0.0,False,,,,20,sub-HUP088,03,False
LFPA02-LFPA03,0.0,False,,,,20,sub-HUP088,03,False
LFPA03-LFPA04,0.0,False,,,,20,sub-HUP088,03,False
LFPA04-LFPA05,0.0,False,,,,20,sub-HUP088,03,False
LFPA05-LFPA06,0.0,False,,,,20,sub-HUP088,03,False
LPA01-LPA02,0.0,False,,,,20,sub-HUP088,03,False
LPA02-LPA03,0.0,False,,,,20,sub-HUP088,03,False
LPA03-LPA04,0.0,False,,,,20,sub-HUP088,03,False
LPST01-LPST02,0.0,False,,,,20,sub-HUP088,03,False
LPST02-LPST03,0.0,False,,,,20,sub-HUP088,03,False
RAST01-RAST02,0.0,False,,,,20,sub-HUP088,03,False
RAST02-RAST03,0.0,False,,,,20,sub-HUP088,03,False
RAST03-RAST04,0.0,False,,,,20,sub-HUP088,03,False
RFPA01-RFPA02,0.0,False,,,,20,sub-HUP088,03,False
RFPA02-RFPA03,0.0,False,,,,20,sub-HUP088,03,False
RFPA03-RFPA04,0.0,False,,,,20,sub-HUP088,03,False
RFPA04-RFPA05,0.0,False,,,,20,sub-HUP088,03,False
RFPA05-RFPA06,0.0,False,,,,20,sub-HUP088,03,False
RMST01-RMST02,0.0,False,,,,20,sub-HUP088,03,False
RMST02-RMST03,0.0,False,,,,20,sub-HUP088,03,False
RPT02-RPT03,0.0,False,,,,20,sub-HUP088,03,False
FD02-FD03,1.0,True,-5.75,2.25,1.83022475469186,1,sub-HUP089,01,False
FD01-FD02,0.9498631898958607,True,-5.5,2.0,2.173078904647474,2,sub-HUP089,01,False
RG01-RG02,0.5556316232308157,True,-5.25,-4.5,1.5253961269899896,3,sub-HUP089,01,False
RG30-RG31,0.4837866749757087,True,-3.25,-0.75,3.099034219857125,4,sub-HUP089,01,False
RG32-RG33,0.40538742048798687,True,-3.0,2.25,2.7823128458167186,5,sub-HUP089,01,False
HD02-HD03,0.3566210672295145,True,-3.0,-1.25,2.447612644830328,6,sub-HUP089,01,False
AD03-AD04,0.25157523264277004,True,0.5,2.25,3.33818433376367,7,sub-HUP089,01,True
AD02-AD03,0.2076098721905786,True,0.5,4.75,2.7548022736616735,8,sub-HUP089,01,True
RG13-RG14,0.1991765767632121,True,17.0,19.75,8.65777515698684,9,sub-HUP089,01,False
RG07-RG08,0.19545134750392293,True,17.5,18.0,8.67470744258435,10,sub-HUP089,01,False
RG63-RG64,0.15703778547501532,True,14.0,15.0,5.963849679766029,11,sub-HUP089,01,False
HD01-HD02,0.15307367458920862,True,1.5,6.75,2.3113136353297317,12,sub-HUP089,01,False
AD01-AD02,0.14921516525448006,True,3.75,9.0,2.867521536853954,13,sub-HUP089,01,True
RG43-RG44,0.11856865892645184,True,9.75,13.25,3.5806203625138346,14,sub-HUP089,01,False
RG31-RG32,0.11562400602650721,True,8.0,12.5,3.1213642914787263,15,sub-HUP089,01,False
RG55-RG56,0.10602875241495507,True,13.25,16.0,3.8811289475789024,16,sub-HUP089,01,False
RG58-RG59,0.10439277472869742,True,11.25,14.25,3.439120329349791,17,sub-HUP089,01,False
RG29-RG30,0.10245653402694323,True,8.0,11.5,2.7658976516265956,18,sub-HUP089,01,False
MS02-MS03,0.09910841222439581,True,11.5,16.0,3.310379717486126,19,sub-HUP089,01,False
RG56-RG57,0.0983002462011862,True,14.0,16.25,3.733164537786596,20,sub-HUP089,01,False
RG45-RG46,0.09771799435725749,True,14.5,16.25,3.800475210344208,21,sub-HUP089,01,False
RG12-RG13,0.09737102306369105,True,16.5,19.25,4.143402420619516,22,sub-HUP089,01,False
RG16-RG17,0.09684849982104253,True,8.0,9.75,2.614504196951823,23,sub-HUP089,01,False
RG57-RG58,0.09522595140355158,True,11.25,14.0,3.1371280838615556,24,sub-HUP089,01,False
RG54-RG55,0.09488313905870463,True,13.75,15.5,3.5599781331162825,25,sub-HUP089,01,False
RG59-RG60,0.09367093070919387,True,8.0,14.25,2.5287231286401406,26,sub-HUP089,01,False
RG14-RG15,0.09255867274934704,True,7.75,8.75,2.4563460248455287,27,sub-HUP089,01,False
RG22-RG23,0.09158549860818137,True,7.25,14.5,2.346708654128866,28,sub-HUP089,01,False
AS03-AS04,0.08924242393221073,True,13.5,15.75,3.3075072923511066,29,sub-HUP089,01,False
RG40-RG41,0.0881873228162165,True,12.5,15.5,3.1070004594136527,30,sub-HUP089,01,False
RG15-RG16,0.08714124799567959,True,12.5,15.25,3.0701453328013777,31,sub-HUP089,01,False
RG39-RG40,0.0862379170580929,True,10.25,15.0,2.683191100077346,32,sub-HUP089,01,False
RG21-RG22,0.08341175277603574,True,12.5,17.0,2.9387484041865584,33,sub-HUP089,01,False
RG10-RG11,0.08294985601164381,True,18.5,20.75,3.8333762167335563,34,sub-HUP089,01,False
AS02-AS03,0.08263314200217202,True,15.0,18.25,3.2894095795949583,35,sub-HUP089,01,False
MS01-MS02,0.08127063586228815,True,8.25,15.25,2.2311529437706175,36,sub-HUP089,01,False
RG08-RG09,0.0799172156420589,True,14.0,16.75,3.0350291776784823,37,sub-HUP089,01,False
RG28-RG29,0.07914671243611338,True,11.25,15.0,2.60741290235495,38,sub-HUP089,01,False
AS01-AS02,0.07681144291220816,True,13.5,16.75,2.8467896362958607,39,sub-HUP089,01,False
RG03-RG04,0.07640373490581576,True,21.25,23.25,3.9154081953150794,40,sub-HUP089,01,False
RG18-RG19,0.07586047358611818,True,7.75,13.75,2.0132048915694414,41,sub-HUP089,01,False
RG50-RG51,0.07433773462169307,True,11.5,14.0,2.4829994085501466,42,sub-HUP089,01,False
POF03-POF04,0.07339331014220755,True,7.5,15.0,1.9141491059773972,43,sub-HUP089,01,False
RG17-RG18,0.07329554085782856,True,7.75,15.75,1.945136042654634,44,sub-HUP089,01,False
RG09-RG10,0.07325174668929027,True,19.75,21.0,3.552779743051649,45,sub-HUP089,01,False
RG23-RG24,0.07260136070351665,True,17.5,21.25,3.222262583909308,46,sub-HUP089,01,False
PT02-PT03,0.07201397826082352,True,11.25,15.75,2.372431782542412,47,sub-HUP089,01,False
RG20-RG21,0.07080558052581873,True,12.25,18.25,2.4622123987249447,48,sub-HUP089,01,False
PT03-PT04,0.070503590073278,True,11.5,16.75,2.354932839203383,49,sub-HUP089,01,False
RG52-RG53,0.06936026100548345,True,8.0,14.5,1.8724367835908342,50,sub-HUP089,01,False
RG36-RG37,0.06851098862527273,True,11.25,15.25,2.2570291323069585,51,sub-HUP089,01,False
POF04-POF05,0.06816287229657711,True,11.25,15.75,2.2455607721057174,52,sub-HUP089,01,False
RG49-RG50,0.06732954404399075,True,11.5,15.5,2.2489146177235564,53,sub-HUP089,01,False
PT01-PT02,0.06715529740611098,True,14.25,18.75,2.5810950421485264,54,sub-HUP089,01,False
RG06-RG07,0.06625446720551242,True,8.0,15.5,1.7885933483296206,55,sub-HUP089,01,False
AOF01-AOF02,0.06620070884024311,True,8.25,8.75,1.817432641463418,56,sub-HUP089,01,False
POF05-POF06,0.0656695592364395,True,11.25,16.75,2.163420952996231,57,sub-HUP089,01,False
RG05-RG06,0.06565951509519337,True,14.75,16.0,2.5836909030281654,58,sub-HUP089,01,False
FD03-FD04,0.06539734776628109,True,14.5,16.75,2.5434517014271014,59,sub-HUP089,01,False
RG33-RG34,0.060707640009312065,True,11.5,15.0,2.02773241617736,60,sub-HUP089,01,False
RG38-RG39,0.060242706207044375,True,11.75,17.5,2.039767305510589,61,sub-HUP089,01,False
RG02-RG03,0.05899809449237237,True,8.0,18.75,1.5927016520389439,62,sub-HUP089,01,False
RG47-RG48,0.058929005881273415,True,14.5,18.75,2.2918831633323875,63,sub-HUP089,01,False
MS03-MS04,0.05767534603030465,True,14.75,19.5,2.269515189861773,64,sub-HUP089,01,False
AOF03-AOF04,0.05729215450158774,True,16.25,19.5,2.4117229466240415,65,sub-HUP089,01,False
RG48-RG49,0.05621353263200127,True,14.0,19.0,2.1348305286641738,66,sub-HUP089,01,False
RG04-RG05,0.05586584135017339,True,14.75,21.0,2.1983114842866724,67,sub-HUP089,01,False
RG46-RG47,0.05115380387713139,True,10.25,16.75,1.5915902885938316,68,sub-HUP089,01,False
RG11-RG12,0.05095010827815625,True,19.0,22.75,2.4011913476914897,69,sub-HUP089,01,False
RG19-RG20,0.049297383234794524,True,11.75,22.0,1.6691678860502699,70,sub-HUP089,01,False
RG37-RG38,0.0486872782297606,True,13.5,19.75,1.804450402557228,71,sub-HUP089,01,False
RG41-RG42,0.047341639972942856,True,14.0,16.0,1.7979012091784363,72,sub-HUP089,01,False
RG42-RG43,0.047161349621322124,True,18.0,20.75,2.136317771155128,73,sub-HUP089,01,False
RG27-RG28,0.04551834932974324,True,16.5,22.0,1.9369298263621793,74,sub-HUP089,01,False
AOF02-AOF03,0.0,False,,,,75,sub-HUP089,01,False
POF01-POF02,0.0,False,,,,75,sub-HUP089,01,False
POF02-POF03,0.0,False,,,,75,sub-HUP089,01,False
RG26-RG27,0.0,False,,,,75,sub-HUP089,01,False
RG34-RG35,0.0,False,,,,75,sub-HUP089,01,False
RG35-RG36,0.0,False,,,,75,sub-HUP089,01,False
RG44-RG45,0.0,False,,,,75,sub-HUP089,01,False
RG51-RG52,0.0,False,,,,75,sub-HUP089,01,False
RG53-RG54,0.0,False,,,,75,sub-HUP089,01,False
RG39-RG40,1.0,True,-8.0,-7.25,2.918163822601612,1,sub-HUP089,02,False
FD03-FD04,0.4979369288372005,True,-7.25,-3.5,2.5428576804226255,2,sub-HUP089,02,False
HD02-HD03,0.3851884559721909,True,21.0,21.5,33.72129051305464,3,sub-HUP089,02,False
RG54-RG55,0.33020744744327607,True,-5.75,-4.5,3.1316981380184217,4,sub-HUP089,02,False
RG47-RG48,0.32748957449459287,True,-6.75,-6.0,2.1502535142809625,5,sub-HUP089,02,False
RG63-RG64,0.2215738407419722,True,-3.0,-2.25,3.879532596528686,6,sub-HUP089,02,False
RG12-RG13,0.1707321714652528,True,-2.5,-1.75,3.2384588998067536,7,sub-HUP089,02,False
HD01-HD02,0.1285676343804963,True,-2.0,-0.25,2.626269935846448,8,sub-HUP089,02,False
MS02-MS03,0.07073935113148111,True,21.25,23.0,6.244477713012568,9,sub-HUP089,02,False
FD01-FD02,0.05735828538884584,True,1.0,1.75,1.6738087334818856,10,sub-HUP089,02,False
AOF02-AOF03,0.05663248147637716,True,5.0,6.5,2.3136800207992763,11,sub-HUP089,02,False
AD02-AD03,0.05481068253256773,True,9.25,12.25,2.9190245531702024,12,sub-HUP089,02,True
AD01-AD02,0.05432967984526256,True,11.5,12.0,3.2501295774684493,13,sub-HUP089,02,True
RG29-RG30,0.05217894200214889,True,8.0,9.25,2.5885339144890764,14,sub-HUP089,02,False
AD03-AD04,0.04825017679866883,True,9.25,12.0,2.5696350467161286,15,sub-HUP089,02,True
RG15-RG16,0.04301354315750553,True,24.5,28.5,4.204938945058883,16,sub-HUP089,02,False
RG59-RG60,0.0429176122608656,True,16.25,16.75,3.1623257421655593,17,sub-HUP089,02,False
RG16-RG17,0.040706525247580935,True,14.0,17.5,2.7321311143901257,18,sub-HUP089,02,False
RG06-RG07,0.04058136743573739,True,15.25,17.25,2.871759649324796,19,sub-HUP089,02,False
RG30-RG31,0.03991958241310231,True,26.0,28.75,4.0772158423947555,20,sub-HUP089,02,False
AOF03-AOF04,0.034169465315822586,True,21.25,22.25,3.016290950048789,21,sub-HUP089,02,False
RG31-RG32,0.0340370624359875,True,16.0,21.5,2.4831431057082756,22,sub-HUP089,02,False
RG18-RG19,0.033531174012897354,True,16.0,19.25,2.4462364733449093,23,sub-HUP089,02,False
POF05-POF06,0.03297130394268982,True,14.5,17.5,2.2610681592146444,24,sub-HUP089,02,False
RG26-RG27,0.031223749568967844,True,22.0,24.0,2.824596508342174,25,sub-HUP089,02,False
AS01-AS02,0.031184535300306914,True,26.25,27.75,3.2078057915144482,26,sub-HUP089,02,False
RG28-RG29,0.03082129467278172,True,20.75,23.5,2.6757622156256984,27,sub-HUP089,02,False
RG05-RG06,0.030421170696053476,True,21.75,23.5,2.729799262817155,28,sub-HUP089,02,False
PT03-PT04,0.0298818258007761,True,16.25,20.0,2.2018015908789836,29,sub-HUP089,02,False
PT02-PT03,0.029727725908951633,True,22.75,27.0,2.754324383254087,30,sub-HUP089,02,False
AS02-AS03,0.02921951084025224,True,24.25,27.0,2.8351383716506455,31,sub-HUP089,02,False
RG02-RG03,0.027646742501498057,True,16.25,22.5,2.037112525461514,32,sub-HUP089,02,False
PT01-PT02,0.02594786454470517,True,16.75,19.75,1.9497930793942362,33,sub-HUP089,02,False
AS03-AS04,0.025827631049968335,True,19.25,27.5,2.129181554136931,34,sub-HUP089,02,False
MS03-MS04,0.025428561912058945,True,22.25,23.5,2.3188971697673653,35,sub-HUP089,02,False
MS01-MS02,0.0252135699968771,True,17.0,22.5,1.9130105228915248,36,sub-HUP089,02,False
POF03-POF04,0.024910988332214924,True,16.75,17.75,1.8718793821102515,37,sub-HUP089,02,False
RG37-RG38,0.0242051303332305,True,22.25,23.75,2.207329239368442,38,sub-HUP089,02,False
RG19-RG20,0.023495870876567793,True,16.25,25.25,1.7312612094061035,39,sub-HUP089,02,False
RG22-RG23,0.023153897234946076,True,26.75,27.5,2.4155154331613713,40,sub-HUP089,02,False
RG46-RG47,0.021483905123996106,True,22.5,28.0,1.974846973083101,41,sub-HUP089,02,False
FD02-FD03,0.020615080352674342,True,16.25,24.0,1.5189940875512884,42,sub-HUP089,02,False
RG08-RG09,0.01795331755395816,True,17.0,23.0,1.3621587663226182,43,sub-HUP089,02,False
RG44-RG45,0.016688562253635457,True,16.25,26.75,1.2296739551497937,44,sub-HUP089,02,False
AOF01-AOF02,0.0,False,,,,45,sub-HUP089,02,False
POF01-POF02,0.0,False,,,,45,sub-HUP089,02,False
POF02-POF03,0.0,False,,,,45,sub-HUP089,02,False
POF04-POF05,0.0,False,,,,45,sub-HUP089,02,False
RG01-RG02,0.0,False,,,,45,sub-HUP089,02,False
RG03-RG04,0.0,False,,,,45,sub-HUP089,02,False
RG04-RG05,0.0,False,,,,45,sub-HUP089,02,False
RG07-RG08,0.0,False,,,,45,sub-HUP089,02,False
RG09-RG10,0.0,False,,,,45,sub-HUP089,02,False
RG10-RG11,0.0,False,,,,45,sub-HUP089,02,False
RG11-RG12,0.0,False,,,,45,sub-HUP089,02,False
RG13-RG14,0.0,False,,,,45,sub-HUP089,02,False
RG14-RG15,0.0,False,,,,45,sub-HUP089,02,False
RG17-RG18,0.0,False,,,,45,sub-HUP089,02,False
RG20-RG21,0.0,False,,,,45,sub-HUP089,02,False
RG21-RG22,0.0,False,,,,45,sub-HUP089,02,False
RG23-RG24,0.0,False,,,,45,sub-HUP089,02,False
RG27-RG28,0.0,False,,,,45,sub-HUP089,02,False
RG32-RG33,0.0,False,,,,45,sub-HUP089,02,False
RG33-RG34,0.0,False,,,,45,sub-HUP089,02,False
RG34-RG35,0.0,False,,,,45,sub-HUP089,02,False
RG35-RG36,0.0,False,,,,45,sub-HUP089,02,False
RG36-RG37,0.0,False,,,,45,sub-HUP089,02,False
RG38-RG39,0.0,False,,,,45,sub-HUP089,02,False
RG40-RG41,0.0,False,,,,45,sub-HUP089,02,False
RG41-RG42,0.0,False,,,,45,sub-HUP089,02,False
RG42-RG43,0.0,False,,,,45,sub-HUP089,02,False
RG43-RG44,0.0,False,,,,45,sub-HUP089,02,False
RG45-RG46,0.0,False,,,,45,sub-HUP089,02,False
RG48-RG49,0.0,False,,,,45,sub-HUP089,02,False
RG49-RG50,0.0,False,,,,45,sub-HUP089,02,False
RG50-RG51,0.0,False,,,,45,sub-HUP089,02,False
RG51-RG52,0.0,False,,,,45,sub-HUP089,02,False
RG52-RG53,0.0,False,,,,45,sub-HUP089,02,False
RG53-RG54,0.0,False,,,,45,sub-HUP089,02,False
RG55-RG56,0.0,False,,,,45,sub-HUP089,02,False
RG56-RG57,0.0,False,,,,45,sub-HUP089,02,False
RG57-RG58,0.0,False,,,,45,sub-HUP089,02,False
RG58-RG59,0.0,False,,,,45,sub-HUP089,02,False
RG43-RG44,1.0,True,-6.25,6.75,1.449210703182392,1,sub-HUP089,03,False
RG49-RG50,0.7239861797339381,True,-5.25,4.75,2.098417041253108,2,sub-HUP089,03,False
RG34-RG35,0.5817857474667668,True,-4.0,1.0,2.7401729296103716,3,sub-HUP089,03,False
POF03-POF04,0.527069789223481,True,-4.25,0.75,2.2915055396002684,4,sub-HUP089,03,False
POF05-POF06,0.35255988933504806,True,0.25,3.0,3.8320017385286347,5,sub-HUP089,03,False
AOF01-AOF02,0.34176504775032396,True,-2.25,2.25,2.4764478258670537,6,sub-HUP089,03,False
RG15-RG16,0.3343906264690203,True,0.75,1.5,3.876819799382156,7,sub-HUP089,03,False
FD01-FD02,0.33145950108119154,True,-2.5,-1.25,2.2816846190322027,8,sub-HUP089,03,False
RG02-RG03,0.3155209458159811,True,0.75,1.5,3.6580506540380116,9,sub-HUP089,03,False
AS01-AS02,0.28936549354314833,True,2.25,3.0,3.9838399185566664,10,sub-HUP089,03,False
RG42-RG43,0.26582835667133614,True,-0.5,4.25,2.6003787729580354,11,sub-HUP089,03,False
PT02-PT03,0.2649608592774737,True,1.75,2.25,3.455857018703866,12,sub-HUP089,03,False
AS02-AS03,0.26355845429212715,True,0.0,0.5,2.7691500633390946,13,sub-HUP089,03,False
RG14-RG15,0.24225349369217525,True,2.0,3.25,3.247456292463763,14,sub-HUP089,03,False
RG13-RG14,0.2408293455977037,True,1.25,3.25,2.9666059548851296,15,sub-HUP089,03,False
POF02-POF03,0.2396251203994438,True,-1.5,5.0,1.996786913096899,16,sub-HUP089,03,False
FD03-FD04,0.2308232421297264,True,1.5,5.75,2.926975739079528,17,sub-HUP089,03,False
RG39-RG40,0.23017471242384654,True,2.75,7.25,3.335716568465675,18,sub-HUP089,03,False
RG35-RG36,0.21863472012197585,True,-1.0,4.75,1.980298603050338,19,sub-HUP089,03,False
MS01-MS02,0.2045209168464283,True,10.25,13.25,5.186893280074098,20,sub-HUP089,03,False
RG56-RG57,0.18758941598314344,True,2.25,5.5,2.582637599741803,21,sub-HUP089,03,False
RG01-RG02,0.18673478038034527,True,4.0,5.5,3.0444529768156094,22,sub-HUP089,03,False
RG12-RG13,0.18365569482723867,True,2.25,3.75,2.528480087118317,23,sub-HUP089,03,False
HD01-HD02,0.17049393919885758,True,9.5,12.0,4.138617495371433,24,sub-HUP089,03,False
RG06-RG07,0.169595898961635,True,1.5,5.25,2.1505766799216084,25,sub-HUP089,03,False
RG50-RG51,0.16901767371206503,True,2.75,5.5,2.4494222177051386,26,sub-HUP089,03,False
RG55-RG56,0.16356486474891893,True,3.5,5.5,2.548179491081172,27,sub-HUP089,03,False
RG28-RG29,0.15483450431498438,True,11.25,13.25,4.1511746861914895,28,sub-HUP089,03,False
RG20-RG21,0.14925496950373915,True,3.25,5.0,2.271169942733793,29,sub-HUP089,03,False
RG53-RG54,0.14661416349592005,True,3.5,4.75,2.2841042609965205,30,sub-HUP089,03,False
RG10-RG11,0.14119638014028993,True,14.5,16.0,4.450556891360714,31,sub-HUP089,03,False
AS03-AS04,0.13689815866568944,True,8.25,9.25,3.075111290156316,32,sub-HUP089,03,False
RG38-RG39,0.1306397196917677,True,11.25,14.25,3.5025028807040592,33,sub-HUP089,03,False
RG21-RG22,0.12037729195878062,True,10.0,11.75,3.0092980337368957,34,sub-HUP089,03,False
RG29-RG30,0.11852153544652609,True,11.25,15.75,3.1776095379442624,35,sub-HUP089,03,False
RG03-RG04,0.11525389961630844,True,10.75,15.25,3.0064893283343372,36,sub-HUP089,03,False
RG30-RG31,0.10981529729845721,True,12.5,18.25,3.1431237083070918,37,sub-HUP089,03,False
HD02-HD03,0.10426647956842365,True,3.5,9.25,1.6243690553673584,38,sub-HUP089,03,False
MS02-MS03,0.10235677578656419,True,8.25,16.0,2.299216292703501,39,sub-HUP089,03,False
RG37-RG38,0.10150310939533594,True,11.5,13.25,2.7581136101627637,40,sub-HUP089,03,False
RG23-RG24,0.09896034087303648,True,16.5,18.25,3.4060916481148324,41,sub-HUP089,03,False
RG19-RG20,0.09589714244327947,True,11.25,16.0,2.5710405568180303,42,sub-HUP089,03,False
PT03-PT04,0.0951889475459211,True,13.0,15.25,2.793464042566377,43,sub-HUP089,03,False
RG08-RG09,0.0943136511482087,True,12.0,16.0,2.631096789478741,44,sub-HUP089,03,False
RG05-RG06,0.09044401141660732,True,15.25,17.5,2.9491296611332003,45,sub-HUP089,03,False
RG31-RG32,0.08603871635367089,True,15.25,22.75,2.805485144125809,46,sub-HUP089,03,False
RG22-RG23,0.0837512256786196,True,19.25,23.75,3.2163890754396376,47,sub-HUP089,03,False
RG59-RG60,0.08321633174957263,True,15.5,17.0,2.743604469311555,48,sub-HUP089,03,False
RG16-RG17,0.08219222328255167,True,18.25,20.5,3.0374031673354875,49,sub-HUP089,03,False
RG11-RG12,0.08089912277100504,True,9.5,17.5,1.963767899513265,50,sub-HUP089,03,False
RG54-RG55,0.08068709360704546,True,14.0,16.0,2.4848177428602094,51,sub-HUP089,03,False
FD02-FD03,0.07387056010345534,True,21.5,22.25,3.0778026826201637,52,sub-HUP089,03,False
RG09-RG10,0.07295062113329107,True,12.0,17.5,2.0351258032907533,53,sub-HUP089,03,False
AD03-AD04,0.07048761342793113,True,10.0,22.25,1.7621117159215767,54,sub-HUP089,03,True
RG46-RG47,0.07033909903234645,True,21.0,24.25,2.8796969485491863,55,sub-HUP089,03,False
PT01-PT02,0.06846873603426044,True,11.5,19.5,1.860480470516628,56,sub-HUP089,03,False
MS03-MS04,0.06705521966031759,True,25.0,29.75,3.1339628306603102,57,sub-HUP089,03,False
RG07-RG08,0.06352798197312114,True,10.25,15.75,1.6111450499729412,58,sub-HUP089,03,False
RG63-RG64,0.044146184306286855,True,25.5,26.75,2.095250771743671,59,sub-HUP089,03,False
AD01-AD02,0.0,False,,,,60,sub-HUP089,03,True
AD02-AD03,0.0,False,,,,60,sub-HUP089,03,True
AOF02-AOF03,0.0,False,,,,60,sub-HUP089,03,False
AOF03-AOF04,0.0,False,,,,60,sub-HUP089,03,False
POF01-POF02,0.0,False,,,,60,sub-HUP089,03,False
POF04-POF05,0.0,False,,,,60,sub-HUP089,03,False
RG04-RG05,0.0,False,,,,60,sub-HUP089,03,False
RG17-RG18,0.0,False,,,,60,sub-HUP089,03,False
RG18-RG19,0.0,False,,,,60,sub-HUP089,03,False
RG26-RG27,0.0,False,,,,60,sub-HUP089,03,False
RG27-RG28,0.0,False,,,,60,sub-HUP089,03,False
RG32-RG33,0.0,False,,,,60,sub-HUP089,03,False
RG33-RG34,0.0,False,,,,60,sub-HUP089,03,False
RG36-RG37,0.0,False,,,,60,sub-HUP089,03,False
RG40-RG41,0.0,False,,,,60,sub-HUP089,03,False
RG41-RG42,0.0,False,,,,60,sub-HUP089,03,False
RG44-RG45,0.0,False,,,,60,sub-HUP089,03,False
RG45-RG46,0.0,False,,,,60,sub-HUP089,03,False
RG47-RG48,0.0,False,,,,60,sub-HUP089,03,False
RG48-RG49,0.0,False,,,,60,sub-HUP089,03,False
RG51-RG52,0.0,False,,,,60,sub-HUP089,03,False
RG52-RG53,0.0,False,,,,60,sub-HUP089,03,False
RG57-RG58,0.0,False,,,,60,sub-HUP089,03,False
RG58-RG59,0.0,False,,,,60,sub-HUP089,03,False
RDA2-RDA3,1.0,True,-0.25,0.25,211.24056207150846,1,sub-HUP094,01,True
RAT2-RAT3,0.9160599842294421,True,1.5,2.5,228.24141523468842,2,sub-HUP094,01,False
RDA1-RDA2,0.8030341879430283,True,-0.25,0.5,169.6333932237227,3,sub-HUP094,01,True
RAT1-RAT2,0.6227562498452717,True,1.25,1.75,151.79005413560765,4,sub-HUP094,01,False
RDA3-RDA4,0.5201574948844448,True,-0.75,0.5,104.24357381150317,5,sub-HUP094,01,True
RAT3-RAT4,0.278461817583637,True,0.75,2.75,64.85550069380301,6,sub-HUP094,01,False
RDH1-RDH2,0.17386016053752665,True,0.0,0.75,37.6680184961947,7,sub-HUP094,01,False
LDA5-LDA6,0.1515104932794351,True,-9.0,-1.0,3.282580693341475,8,sub-HUP094,01,False
RDH5-RDH6,0.1211459362773741,True,-5.25,-4.75,12.467378917085165,9,sub-HUP094,01,False
LDH1-LDH2,0.11477585514496785,True,-8.75,-5.25,3.1083738657770574,10,sub-HUP094,01,False
RP4-RP5,0.11376799478860819,True,-5.5,-4.5,11.091883922258788,11,sub-HUP094,01,False
RP3-RP4,0.08873549791023662,True,-5.25,-4.25,9.131953657200448,12,sub-HUP094,01,False
RP5-RP6,0.08011697083350648,True,-5.5,-4.0,7.811055669386105,13,sub-HUP094,01,False
RDH4-RDH5,0.06642042262866106,True,0.0,3.5,14.390448624723593,14,sub-HUP094,01,False
RAF1-RAF2,0.05308495158333768,True,-4.75,-3.5,6.038143466924728,15,sub-HUP094,01,False
RPF7-RPF8,0.046100858037430824,True,-5.25,-4.25,4.744334669546371,16,sub-HUP094,01,False
RDH2-RDH3,0.045502440631727537,True,-1.25,0.5,8.626118967012948,17,sub-HUP094,01,False
RMT1-RMT2,0.04125469187773751,True,-5.75,-2.0,3.7986998232252014,18,sub-HUP094,01,False
RAF4-RAF5,0.03919038397382591,True,-5.25,-3.0,4.033163487952699,19,sub-HUP094,01,False
RAF5-RAF6,0.03913682900257133,True,-5.5,-4.5,3.815670349015238,20,sub-HUP094,01,False
RMT3-RMT4,0.037876866269491716,True,-5.75,-3.0,3.4876722780684988,21,sub-HUP094,01,False
RAF3-RAF4,0.03291108935530839,True,-5.5,-3.0,3.208687852523531,22,sub-HUP094,01,False
RMT2-RMT3,0.03246398037920551,True,-6.25,-2.5,2.6375805624545365,23,sub-HUP094,01,False
RPT2-RPT3,0.027550950506164202,True,-3.75,-1.75,3.7306911990554084,24,sub-HUP094,01,False
RP2-RP3,0.027230726465968837,True,-5.5,2.25,2.6548772142861967,25,sub-HUP094,01,False
RAF2-RAF3,0.0271824899141764,True,-4.75,-4.0,3.0918700873704714,26,sub-HUP094,01,False
LP3-LP4,0.026399777966119368,True,19.0,19.5,16.587119399759622,27,sub-HUP094,01,False
RPT3-RPT4,0.022303644322139122,True,-4.0,0.0,2.8993442232933395,28,sub-HUP094,01,False
LAF3-LAF4,0.02100314218220254,True,1.25,3.5,5.1192871844264705,29,sub-HUP094,01,False
RDH3-RDH4,0.02036387088951008,True,-5.25,0.75,2.0956880800098214,30,sub-HUP094,01,False
LAF2-LAF3,0.017812257105140793,True,0.75,1.75,4.148586197795973,31,sub-HUP094,01,False
LMT1-LMT2,0.015889369721133473,True,2.0,3.0,4.131051557974453,32,sub-HUP094,01,False
LAF1-LAF2,0.015241083678217695,True,1.0,2.0,3.6322959908124717,33,sub-HUP094,01,False
LPF4-LPF5,0.014653380078734657,True,18.0,19.75,8.889320085561222,34,sub-HUP094,01,False
LAT2-LAT3,0.012862925090748637,True,17.0,21.25,7.524474995224942,35,sub-HUP094,01,False
RPT1-RPT2,0.012829306017211094,True,16.25,18.0,7.296341807092847,36,sub-HUP094,01,False
LPF7-LPF8,0.012497707999293943,True,-2.75,-1.25,1.9630939233055582,37,sub-HUP094,01,False
RP1-RP2,0.012040893900460507,True,20.0,22.0,7.826231370389772,38,sub-HUP094,01,False
LPT1-LPT2,0.011791693166777233,True,14.75,16.5,6.323012957439849,39,sub-HUP094,01,False
LPT3-LPT4,0.011009390763664419,True,5.0,6.5,3.5778921430482242,40,sub-HUP094,01,False
LDH3-LDH4,0.010123128483401377,True,18.5,20.0,6.250752563747734,41,sub-HUP094,01,False
LPF1-LPF2,0.00992087921272006,True,18.25,20.25,6.0721335238116385,42,sub-HUP094,01,False
LP4-LP5,0.009799443494724672,True,18.75,19.5,6.103963960476081,43,sub-HUP094,01,False
LPT2-LPT3,0.008999721462273395,True,-0.5,6.5,1.8523599068397618,44,sub-HUP094,01,False
RPF2-RPF3,0.008885269285540068,True,18.5,19.25,5.486408658869185,45,sub-HUP094,01,False
LPF5-LPF6,0.008264326597588937,True,18.75,19.75,5.147756781948167,46,sub-HUP094,01,False
LDA4-LDA5,0.00773737024646041,True,14.5,16.5,4.107070541080281,47,sub-HUP094,01,False
LPF3-LPF4,0.007560592470509369,True,18.75,19.5,4.7094086500605545,48,sub-HUP094,01,False
RPF3-RPF4,0.007396663778755195,True,18.5,19.5,4.56723582576709,49,sub-HUP094,01,False
LDH2-LDH3,0.0072130671611334496,True,19.75,22.0,4.649215153946334,50,sub-HUP094,01,False
RPF4-RPF5,0.0071264767516648385,True,18.25,19.25,4.361802765924812,51,sub-HUP094,01,False
LMT2-LMT3,0.006976761462601643,True,11.25,13.0,3.212073745843562,52,sub-HUP094,01,False
LAT1-LAT2,0.006844922014357983,True,14.5,17.0,3.6333504363478206,53,sub-HUP094,01,False
RPF5-RPF6,0.006750257863555097,True,20.25,21.5,4.424033848518586,54,sub-HUP094,01,False
RPF1-RPF2,0.006613021635659626,True,17.5,20.5,3.9400826872783696,55,sub-HUP094,01,False
LP5-LP6,0.0064466922857091095,True,12.5,13.5,3.1426220813890384,56,sub-HUP094,01,False
LMT3-LMT4,0.006112108227678905,True,6.0,16.75,2.1187695219803624,57,sub-HUP094,01,False
LPF6-LPF7,0.0059819224062534915,True,19.0,20.75,3.7584733220091286,58,sub-HUP094,01,False
LAF4-LAF5,0.00563767624002569,True,16.75,18.75,3.267357206565719,59,sub-HUP094,01,False
LP7-LP8,0.005438498989601174,True,13.25,17.75,2.7395214680807056,60,sub-HUP094,01,False
LDH5-LDH6,0.005394011131554411,True,17.5,19.5,3.213788045062769,61,sub-HUP094,01,False
LDH4-LDH5,0.005373838572612288,True,16.0,19.75,3.02712714816046,62,sub-HUP094,01,False
RPF6-RPF7,0.004707676297607469,True,18.25,19.0,2.8813614653532604,63,sub-HUP094,01,False
LP6-LP7,0.004434404811198154,True,8.0,14.25,1.7293406118832606,64,sub-HUP094,01,False
LPF2-LPF3,0.003667189400758371,True,16.0,21.0,2.0657577339703375,65,sub-HUP094,01,False
LAT3-LAT4,0.0028002518375461844,True,14.75,20.5,1.5015679599589233,66,sub-HUP094,01,False
LAF5-LAF6,0.002778720315197656,True,21.5,29.75,1.8963918870245096,67,sub-HUP094,01,False
RDA1-RDA2,1.0,True,-1.0,-0.25,232.13553836642595,1,sub-HUP094,02,True
RDA2-RDA3,0.5594533040953475,True,-1.25,-0.25,126.15845125313362,2,sub-HUP094,02,True
RAT2-RAT3,0.48410207615008227,True,2.0,2.5,150.90665472445662,3,sub-HUP094,02,False
RDA3-RDA4,0.2769884983633715,True,-2.75,-0.25,51.43909935111132,4,sub-HUP094,02,True
RAT3-RAT4,0.20693723343317946,True,0.25,1.25,54.89998410407985,5,sub-HUP094,02,False
RDH5-RDH6,0.17689213880774488,True,-6.25,-5.75,16.425180749969762,6,sub-HUP094,02,False
LDA4-LDA5,0.0870292924179053,True,-8.75,-6.25,2.308867617037664,7,sub-HUP094,02,False
RDH1-RDH2,0.07832555200784948,True,-0.5,0.25,19.221123850800467,8,sub-HUP094,02,False
RAT1-RAT2,0.07159635654907488,True,-6.0,-5.0,7.122882331111749,9,sub-HUP094,02,False
LDH3-LDH4,0.06319562008812771,True,10.25,11.0,33.53131266641748,10,sub-HUP094,02,False
RP4-RP5,0.05714644908625577,True,-7.0,-4.75,4.169226827658367,11,sub-HUP094,02,False
RAF1-RAF2,0.056094983185294274,True,-8.0,-2.0,2.604327824274779,12,sub-HUP094,02,False
RAF4-RAF5,0.05582144382991603,True,-8.25,-2.5,2.2213955855740735,13,sub-HUP094,02,False
LAT3-LAT4,0.04958903010183045,True,11.25,12.75,27.62730287941755,14,sub-HUP094,02,False
LDH2-LDH3,0.04512594507607349,True,10.75,12.25,24.542214727751517,15,sub-HUP094,02,False
LAT1-LAT2,0.043413624063395315,True,13.0,14.25,26.202396985424127,16,sub-HUP094,02,False
RDH3-RDH4,0.04340293944062279,True,-6.5,-5.0,3.7422783222441884,17,sub-HUP094,02,False
LP5-LP6,0.04217682067188061,True,3.0,3.5,14.266505361023189,18,sub-HUP094,02,False
RP5-RP6,0.04213735682114037,True,-6.0,-3.75,4.192104861862976,19,sub-HUP094,02,False
LMT3-LMT4,0.04203707060455847,True,11.0,13.25,23.14110672398117,20,sub-HUP094,02,False
RDH4-RDH5,0.04187416402698663,True,-6.5,-4.5,3.6104645980180385,21,sub-HUP094,02,False
RP3-RP4,0.03891936475187693,True,-5.75,-4.5,4.130088086654286,22,sub-HUP094,02,False
RPT1-RPT2,0.035714815097163,True,12.75,14.0,21.3188858491816,23,sub-HUP094,02,False
RMT1-RMT2,0.033361797020214634,True,-4.25,-1.5,4.867945476214196,24,sub-HUP094,02,False
RAF3-RAF4,0.02984610082989852,True,-5.0,-4.0,3.7610992286130105,25,sub-HUP094,02,False
LPF5-LPF6,0.029558999904455218,True,-4.75,-1.5,3.9209682036536257,26,sub-HUP094,02,False
LDA5-LDA6,0.029156702214151526,True,-2.5,0.5,5.608025605676492,27,sub-HUP094,02,False
RAF5-RAF6,0.02846997399955272,True,1.5,2.75,8.497147810711267,28,sub-HUP094,02,False
RPF5-RPF6,0.028403543429793177,True,-5.0,-3.0,3.579313287605565,29,sub-HUP094,02,False
LPF4-LPF5,0.02582028284418113,True,-4.5,0.0,3.596283155284427,30,sub-HUP094,02,False
LP4-LP5,0.025661734659260273,True,-4.75,-0.25,3.4040003374535743,31,sub-HUP094,02,False
LDH1-LDH2,0.02506281045736689,True,-7.0,-4.75,1.8285045423846307,32,sub-HUP094,02,False
RMT2-RMT3,0.02481401495486087,True,-6.25,0.75,2.304085888231669,33,sub-HUP094,02,False
LDH5-LDH6,0.023491954217804353,True,-2.75,0.25,4.362653951703555,34,sub-HUP094,02,False
RP2-RP3,0.02327537513305686,True,-0.5,1.0,5.711786979317973,35,sub-HUP094,02,False
LP3-LP4,0.02284082324479687,True,-6.75,-1.0,1.8178857602274163,36,sub-HUP094,02,False
RPT2-RPT3,0.022321722381961943,True,-4.25,-0.5,3.2570465980816565,37,sub-HUP094,02,False
RDH2-RDH3,0.02229014642286581,True,-6.5,-0.25,1.9218959091942693,38,sub-HUP094,02,False
RPF4-RPF5,0.020267437100129435,True,-2.0,1.75,4.16710185996951,39,sub-HUP094,02,False
LAF1-LAF2,0.02021944140359884,True,-4.5,1.0,2.816190549415692,40,sub-HUP094,02,False
LP6-LP7,0.019525606342896486,True,2.75,3.5,6.475124486198824,41,sub-HUP094,02,False
RPF3-RPF4,0.01786918252511876,True,-0.5,1.5,4.385105008815595,42,sub-HUP094,02,False
LDH4-LDH5,0.016392114486827758,True,10.25,13.0,8.69758244883166,43,sub-HUP094,02,False
LMT1-LMT2,0.01529557592994375,True,0.25,2.25,4.057882003568044,44,sub-HUP094,02,False
LAT2-LAT3,0.015002857388186285,True,8.75,11.5,7.363415196750249,45,sub-HUP094,02,False
LPF1-LPF2,0.014571492080013841,True,-0.75,0.5,3.4792057633331566,46,sub-HUP094,02,False
RPF2-RPF3,0.014245792230549273,True,-1.25,3.5,3.2124702303549517,47,sub-HUP094,02,False
RPT3-RPT4,0.014133996296747019,True,6.75,9.5,6.187033926130086,48,sub-HUP094,02,False
LP7-LP8,0.0134308643063581,True,10.75,12.75,7.304515290045536,49,sub-HUP094,02,False
LPT1-LPT2,0.013346885861510852,True,-4.0,8.25,2.036016865842068,50,sub-HUP094,02,False
RMT3-RMT4,0.013007130324508296,True,6.5,7.5,5.607489086609424,51,sub-HUP094,02,False
LAF4-LAF5,0.012398770072712534,True,1.5,2.75,3.700536641885127,52,sub-HUP094,02,False
LPT3-LPT4,0.01202959955025097,True,0.0,3.5,3.111640147122027,53,sub-HUP094,02,False
RP1-RP2,0.011777202062420522,True,0.0,1.25,3.046353671634189,54,sub-HUP094,02,False
RPF1-RPF2,0.011334069486947925,True,1.5,3.25,3.3827661285880337,55,sub-HUP094,02,False
LAF2-LAF3,0.010913674237570534,True,1.5,3.25,3.2572949717497233,56,sub-HUP094,02,False
LPF2-LPF3,0.010463104175926453,True,-0.25,2.0,2.6370461769366313,57,sub-HUP094,02,False
RPF6-RPF7,0.010304954243263128,True,11.25,13.5,5.741150642643052,58,sub-HUP094,02,False
RPF7-RPF8,0.009934062958461914,True,14.25,14.75,6.325163116878244,59,sub-HUP094,02,False
LPF7-LPF8,0.009558132577668181,True,14.0,14.75,6.0224089688855535,60,sub-HUP094,02,False
LPF3-LPF4,0.009364510352523251,True,12.0,12.5,5.403534335520657,61,sub-HUP094,02,False
LPT2-LPT3,0.009349370185485317,True,6.0,8.5,3.9065779465103616,62,sub-HUP094,02,False
LMT2-LMT3,0.006915527249619875,True,1.5,12.5,2.064008110086255,63,sub-HUP094,02,False
RAF2-RAF3,0.00583680526356365,True,15.5,18.75,3.909940661483742,64,sub-HUP094,02,False
LAF3-LAF4,0.005543972595103876,True,18.0,19.75,4.081479714254275,65,sub-HUP094,02,False
LPF6-LPF7,0.005398120335095387,True,10.5,15.25,2.9000211766423907,66,sub-HUP094,02,False
LAF5-LAF6,0.00470394965885363,True,17.0,20.75,3.3382590244628907,67,sub-HUP094,02,False
RDA2-RDA3,1.0,True,-1.0,0.0,264.4194129133361,1,sub-HUP094,03,True
RDA1-RDA2,0.8155709544401184,True,-0.75,0.0,221.1823517561285,2,sub-HUP094,03,True
RP3-RP4,0.1583000705823493,True,-9.5,-7.75,5.366360477887752,3,sub-HUP094,03,False
RPF3-RPF4,0.13098273540700722,True,-9.75,-5.25,3.5522438972414045,4,sub-HUP094,03,False
RDH5-RDH6,0.12274790021792056,True,-6.75,-6.5,13.315662651063514,5,sub-HUP094,03,False
RP4-RP5,0.09427745049897232,True,-7.0,-4.75,9.587995427655525,6,sub-HUP094,03,False
RP2-RP3,0.08883916164529897,True,-8.5,-8.0,5.4209536075299045,7,sub-HUP094,03,False
LPF3-LPF4,0.08252262827142792,True,-9.0,-5.25,3.9165152419788485,8,sub-HUP094,03,False
RP5-RP6,0.0658195087304288,True,-6.5,-5.0,7.586339732426953,9,sub-HUP094,03,False
RAT1-RAT2,0.060635745001535936,True,-6.75,-4.75,6.577751013279543,10,sub-HUP094,03,False
RDH4-RDH5,0.0588286725435846,True,-8.5,-5.5,3.589717628410508,11,sub-HUP094,03,False
RAF3-RAF4,0.05789530824174504,True,-7.75,-5.0,4.710351820221185,12,sub-HUP094,03,False
RAT2-RAT3,0.053783503288776346,True,-6.75,-6.25,5.834421482683373,13,sub-HUP094,03,False
RDH3-RDH4,0.05282824755317653,True,-7.25,-6.25,5.014446124244064,14,sub-HUP094,03,False
RDH2-RDH3,0.03610262347533367,True,-6.5,-5.0,4.161179142760057,15,sub-HUP094,03,False
RMT2-RMT3,0.03579461745759807,True,-3.75,-2.0,6.795235090786536,16,sub-HUP094,03,False
RMT1-RMT2,0.03535146066771449,True,-4.0,-3.0,6.471424021421048,17,sub-HUP094,03,False
LP4-LP5,0.033231831966207506,True,-6.5,-5.75,3.8302924480812,18,sub-HUP094,03,False
RAF2-RAF3,0.033001870170383,True,-5.5,-2.5,4.698795842189514,19,sub-HUP094,03,False
RPF7-RPF8,0.031852290255989534,True,-6.75,-2.0,3.455328775152381,20,sub-HUP094,03,False
LAF1-LAF2,0.031598110305152124,True,-4.5,-0.75,5.355867805166128,21,sub-HUP094,03,False
RAF1-RAF2,0.031419405266319936,True,-4.75,-0.75,5.112554273603998,22,sub-HUP094,03,False
LPF4-LPF5,0.029729578690343428,True,-7.0,-4.75,3.0234914397928607,23,sub-HUP094,03,False
RMT3-RMT4,0.029434705942345245,True,-6.5,-2.75,3.3926366742917295,24,sub-HUP094,03,False
RAT3-RAT4,0.026329596503695065,True,-6.75,-4.25,2.8562282870777747,25,sub-HUP094,03,False
RDH1-RDH2,0.024734944192061417,True,-6.0,-5.0,3.186348436217211,26,sub-HUP094,03,False
RAF5-RAF6,0.02453014358112148,True,-5.75,-4.25,3.326280084307683,27,sub-HUP094,03,False
LDH5-LDH6,0.023637328696385903,True,-5.0,-2.0,3.685996852948,28,sub-HUP094,03,False
LDA5-LDA6,0.022607526686393695,True,-5.0,-0.25,3.525409884058779,29,sub-HUP094,03,False
LAF3-LAF4,0.02249901582856659,True,-3.25,0.0,4.576289658859565,30,sub-HUP094,03,False
RDA3-RDA4,0.021688922874265826,True,-8.0,-0.25,1.6175562765255371,31,sub-HUP094,03,True
RPT3-RPT4,0.020941892187841447,True,-5.25,-3.0,3.123685703263465,32,sub-HUP094,03,False
LAF4-LAF5,0.018443898983895573,True,-1.5,-0.25,4.626826226223542,33,sub-HUP094,03,False
LAF2-LAF3,0.016777920291968063,True,-3.0,-0.75,3.526375457404545,34,sub-HUP094,03,False
RPT2-RPT3,0.015222330281388754,True,-5.5,-0.25,2.1673505733264604,35,sub-HUP094,03,False
RAF4-RAF5,0.015062709527061008,True,1.5,3.75,5.00412224849871,36,sub-HUP094,03,False
RPF4-RPF5,0.01318053348529062,True,1.5,3.0,4.378827112235656,37,sub-HUP094,03,False
RPT1-RPT2,0.013097966910708322,True,-2.75,1.75,2.8417285914976795,38,sub-HUP094,03,False
LP5-LP6,0.012797268341548722,True,-2.75,-0.5,2.776489174782962,39,sub-HUP094,03,False
LPT3-LPT4,0.010612075964008837,True,6.75,8.25,5.036480070093485,40,sub-HUP094,03,False
RP1-RP2,0.010526361510353003,True,4.25,5.0,4.2821143548939675,41,sub-HUP094,03,False
LPT2-LPT3,0.005646292134704125,True,0.75,6.75,1.7609616811333333,42,sub-HUP094,03,False
RPF5-RPF6,0.004955055644406557,True,14.75,16.0,3.4267106731687997,43,sub-HUP094,03,False
LAF5-LAF6,0.004677832943215711,True,7.25,13.25,2.2835258594801746,44,sub-HUP094,03,False
LMT3-LMT4,0.004497926532831679,True,7.25,16.75,2.195702941179083,45,sub-HUP094,03,False
LPT1-LPT2,0.003623050364141413,True,17.75,23.25,2.800321869937338,46,sub-HUP094,03,False
LMT2-LMT3,0.0033285322090107154,True,28.0,30.0,3.4979467320079536,47,sub-HUP094,03,False
LPF1-LPF2,0.00273918767129513,True,23.75,26.75,2.5628878624270843,48,sub-HUP094,03,False
LAT1-LAT2,0.0,False,,,,49,sub-HUP094,03,False
LAT2-LAT3,0.0,False,,,,49,sub-HUP094,03,False
LAT3-LAT4,0.0,False,,,,49,sub-HUP094,03,False
LDA4-LDA5,0.0,False,,,,49,sub-HUP094,03,False
LDH1-LDH2,0.0,False,,,,49,sub-HUP094,03,False
LDH2-LDH3,0.0,False,,,,49,sub-HUP094,03,False
LDH3-LDH4,0.0,False,,,,49,sub-HUP094,03,False
LDH4-LDH5,0.0,False,,,,49,sub-HUP094,03,False
LMT1-LMT2,0.0,False,,,,49,sub-HUP094,03,False
LP3-LP4,0.0,False,,,,49,sub-HUP094,03,False
LP6-LP7,0.0,False,,,,49,sub-HUP094,03,False
LP7-LP8,0.0,False,,,,49,sub-HUP094,03,False
LPF2-LPF3,0.0,False,,,,49,sub-HUP094,03,False
LPF5-LPF6,0.0,False,,,,49,sub-HUP094,03,False
LPF6-LPF7,0.0,False,,,,49,sub-HUP094,03,False
LPF7-LPF8,0.0,False,,,,49,sub-HUP094,03,False
RPF1-RPF2,0.0,False,,,,49,sub-HUP094,03,False
RPF2-RPF3,0.0,False,,,,49,sub-HUP094,03,False
RPF6-RPF7,0.0,False,,,,49,sub-HUP094,03,False
LG32-LG33,1.0,True,-5.75,-2.25,2.5840520763600456,1,sub-HUP097,01,False
MF5-MF6,0.31356515384978384,True,-3.0,-0.75,3.038507575798841,2,sub-HUP097,01,False
LG31-LG32,0.17711251390452337,True,-0.25,3.5,2.9748417354781522,3,sub-HUP097,01,False
LG30-LG31,0.14990341457880121,True,0.0,1.0,2.6146680504467312,4,sub-HUP097,01,False
LG6-LG7,0.1397508038051771,True,-0.5,1.75,2.2570209671609573,5,sub-HUP097,01,False
LG5-LG6,0.13573373430178248,True,0.0,1.5,2.3675155061937105,6,sub-HUP097,01,False
LG33-LG34,0.1245636677019736,True,3.75,4.5,3.3797295437252295,7,sub-HUP097,01,False
LG27-LG28,0.05999247107790896,True,10.25,12.0,2.6354023807322906,8,sub-HUP097,01,False
LG59-LG60,0.05374027052927801,True,25.0,26.25,4.409048130239272,9,sub-HUP097,01,False
LG53-LG54,0.04523898733473811,True,24.5,26.75,3.6531218485861188,10,sub-HUP097,01,False
AT1-AT2,0.0,False,,,,11,sub-HUP097,01,True
AT2-AT3,0.0,False,,,,11,sub-HUP097,01,True
AT3-AT4,0.0,False,,,,11,sub-HUP097,01,True
DA1-DA2,0.0,False,,,,11,sub-HUP097,01,False
DA2-DA3,0.0,False,,,,11,sub-HUP097,01,False
DA3-DA4,0.0,False,,,,11,sub-HUP097,01,False
DH1-DH2,0.0,False,,,,11,sub-HUP097,01,True
DH2-DH3,0.0,False,,,,11,sub-HUP097,01,True
DH3-DH4,0.0,False,,,,11,sub-HUP097,01,False
IF1-IF2,0.0,False,,,,11,sub-HUP097,01,False
IF2-IF3,0.0,False,,,,11,sub-HUP097,01,False
IF3-IF4,0.0,False,,,,11,sub-HUP097,01,False
IF4-IF5,0.0,False,,,,11,sub-HUP097,01,False
IF5-IF6,0.0,False,,,,11,sub-HUP097,01,False
LG1-LG2,0.0,False,,,,11,sub-HUP097,01,False
LG10-LG11,0.0,False,,,,11,sub-HUP097,01,False
LG11-LG12,0.0,False,,,,11,sub-HUP097,01,False
LG14-LG15,0.0,False,,,,11,sub-HUP097,01,False
LG17-LG18,0.0,False,,,,11,sub-HUP097,01,False
LG18-LG19,0.0,False,,,,11,sub-HUP097,01,False
LG19-LG20,0.0,False,,,,11,sub-HUP097,01,False
LG2-LG3,0.0,False,,,,11,sub-HUP097,01,False
LG22-LG23,0.0,False,,,,11,sub-HUP097,01,False
LG23-LG24,0.0,False,,,,11,sub-HUP097,01,False
LG24-LG25,0.0,False,,,,11,sub-HUP097,01,False
LG25-LG26,0.0,False,,,,11,sub-HUP097,01,False
LG26-LG27,0.0,False,,,,11,sub-HUP097,01,False
LG28-LG29,0.0,False,,,,11,sub-HUP097,01,False
LG29-LG30,0.0,False,,,,11,sub-HUP097,01,False
LG3-LG4,0.0,False,,,,11,sub-HUP097,01,False
LG34-LG35,0.0,False,,,,11,sub-HUP097,01,False
LG35-LG36,0.0,False,,,,11,sub-HUP097,01,False
LG36-LG37,0.0,False,,,,11,sub-HUP097,01,False
LG37-LG38,0.0,False,,,,11,sub-HUP097,01,False
LG38-LG39,0.0,False,,,,11,sub-HUP097,01,False
LG39-LG40,0.0,False,,,,11,sub-HUP097,01,False
LG4-LG5,0.0,False,,,,11,sub-HUP097,01,False
LG40-LG41,0.0,False,,,,11,sub-HUP097,01,False
LG41-LG42,0.0,False,,,,11,sub-HUP097,01,False
LG42-LG43,0.0,False,,,,11,sub-HUP097,01,False
LG43-LG44,0.0,False,,,,11,sub-HUP097,01,False
LG44-LG45,0.0,False,,,,11,sub-HUP097,01,True
LG45-LG46,0.0,False,,,,11,sub-HUP097,01,True
LG46-LG47,0.0,False,,,,11,sub-HUP097,01,True
LG47-LG48,0.0,False,,,,11,sub-HUP097,01,True
LG48-LG49,0.0,False,,,,11,sub-HUP097,01,False
LG49-LG50,0.0,False,,,,11,sub-HUP097,01,False
LG50-LG51,0.0,False,,,,11,sub-HUP097,01,False
LG54-LG55,0.0,False,,,,11,sub-HUP097,01,False
LG55-LG56,0.0,False,,,,11,sub-HUP097,01,False
LG56-LG57,0.0,False,,,,11,sub-HUP097,01,False
LG62-LG63,0.0,False,,,,11,sub-HUP097,01,False
LG9-LG10,0.0,False,,,,11,sub-HUP097,01,False
MF1-MF2,0.0,False,,,,11,sub-HUP097,01,False
MF2-MF3,0.0,False,,,,11,sub-HUP097,01,False
MF3-MF4,0.0,False,,,,11,sub-HUP097,01,False
MF4-MF5,0.0,False,,,,11,sub-HUP097,01,False
MT1-MT2,0.0,False,,,,11,sub-HUP097,01,False
MT2-MT3,0.0,False,,,,11,sub-HUP097,01,False
MT3-MT4,0.0,False,,,,11,sub-HUP097,01,False
PT1-PT2,0.0,False,,,,11,sub-HUP097,01,False
PT2-PT3,0.0,False,,,,11,sub-HUP097,01,False
PT3-PT4,0.0,False,,,,11,sub-HUP097,01,False
SF1-SF2,0.0,False,,,,11,sub-HUP097,01,False
SF2-SF3,0.0,False,,,,11,sub-HUP097,01,False
SF3-SF4,0.0,False,,,,11,sub-HUP097,01,False
LG34-LG35,1.0,True,-9.0,-8.0,3.6820318092721642,1,sub-HUP097,02,False
MF5-MF6,0.7923121772881853,True,-8.75,-8.0,3.646648299560981,2,sub-HUP097,02,False
LG32-LG33,0.2926299705201193,True,-4.75,-1.75,5.656732513957638,3,sub-HUP097,02,False
DA3-DA4,0.1646486784244217,True,-5.25,-2.75,2.879647938738385,4,sub-HUP097,02,False
LG40-LG41,0.1490194775283004,True,-4.75,-1.25,2.8806458964166826,5,sub-HUP097,02,False
LG48-LG49,0.08183770746674461,True,-2.5,3.0,2.259967815678478,6,sub-HUP097,02,False
AT3-AT4,0.0746837277481589,True,5.5,7.25,4.262311848658021,7,sub-HUP097,02,True
LG50-LG51,0.07218576912901749,True,-2.5,3.25,1.9934272358236427,8,sub-HUP097,02,False
AT2-AT3,0.058564244966056486,True,9.25,10.5,4.1509816973822735,9,sub-HUP097,02,True
MT3-MT4,0.05222847133962558,True,7.0,10.25,3.2692171779767363,10,sub-HUP097,02,False
LG53-LG54,0.04897192539832943,True,5.25,9.0,2.7498218529387737,11,sub-HUP097,02,False
AT1-AT2,0.04697478201973185,True,5.75,7.5,2.724161605676891,12,sub-HUP097,02,True
LG41-LG42,0.040304622455350506,True,9.25,11.0,2.856755862370135,13,sub-HUP097,02,False
MT1-MT2,0.040063992085115005,True,7.25,11.5,2.544666408800924,14,sub-HUP097,02,False
LG59-LG60,0.03582053740629542,True,6.75,11.75,2.209196999099653,15,sub-HUP097,02,False
LG44-LG45,0.03334809194316215,True,8.75,16.25,2.3022887871235462,16,sub-HUP097,02,True
LG43-LG44,0.03181666610664371,True,10.0,15.5,2.3429995333930735,17,sub-HUP097,02,False
PT3-PT4,0.02146077890109781,True,18.0,18.5,2.212539575836774,18,sub-HUP097,02,False
DA1-DA2,0.0,False,,,,19,sub-HUP097,02,False
DA2-DA3,0.0,False,,,,19,sub-HUP097,02,False
DH1-DH2,0.0,False,,,,19,sub-HUP097,02,True
DH2-DH3,0.0,False,,,,19,sub-HUP097,02,True
DH3-DH4,0.0,False,,,,19,sub-HUP097,02,False
IF1-IF2,0.0,False,,,,19,sub-HUP097,02,False
IF2-IF3,0.0,False,,,,19,sub-HUP097,02,False
IF3-IF4,0.0,False,,,,19,sub-HUP097,02,False
IF4-IF5,0.0,False,,,,19,sub-HUP097,02,False
IF5-IF6,0.0,False,,,,19,sub-HUP097,02,False
LG1-LG2,0.0,False,,,,19,sub-HUP097,02,False
LG10-LG11,0.0,False,,,,19,sub-HUP097,02,False
LG11-LG12,0.0,False,,,,19,sub-HUP097,02,False
LG14-LG15,0.0,False,,,,19,sub-HUP097,02,False
LG17-LG18,0.0,False,,,,19,sub-HUP097,02,False
LG18-LG19,0.0,False,,,,19,sub-HUP097,02,False
LG19-LG20,0.0,False,,,,19,sub-HUP097,02,False
LG2-LG3,0.0,False,,,,19,sub-HUP097,02,False
LG22-LG23,0.0,False,,,,19,sub-HUP097,02,False
LG23-LG24,0.0,False,,,,19,sub-HUP097,02,False
LG24-LG25,0.0,False,,,,19,sub-HUP097,02,False
LG25-LG26,0.0,False,,,,19,sub-HUP097,02,False
LG26-LG27,0.0,False,,,,19,sub-HUP097,02,False
LG27-LG28,0.0,False,,,,19,sub-HUP097,02,False
LG28-LG29,0.0,False,,,,19,sub-HUP097,02,False
LG29-LG30,0.0,False,,,,19,sub-HUP097,02,False
LG3-LG4,0.0,False,,,,19,sub-HUP097,02,False
LG30-LG31,0.0,False,,,,19,sub-HUP097,02,False
LG31-LG32,0.0,False,,,,19,sub-HUP097,02,False
LG33-LG34,0.0,False,,,,19,sub-HUP097,02,False
LG35-LG36,0.0,False,,,,19,sub-HUP097,02,False
LG36-LG37,0.0,False,,,,19,sub-HUP097,02,False
LG37-LG38,0.0,False,,,,19,sub-HUP097,02,False
LG38-LG39,0.0,False,,,,19,sub-HUP097,02,False
LG39-LG40,0.0,False,,,,19,sub-HUP097,02,False
LG4-LG5,0.0,False,,,,19,sub-HUP097,02,False
LG42-LG43,0.0,False,,,,19,sub-HUP097,02,False
LG45-LG46,0.0,False,,,,19,sub-HUP097,02,True
LG46-LG47,0.0,False,,,,19,sub-HUP097,02,True
LG47-LG48,0.0,False,,,,19,sub-HUP097,02,True
LG49-LG50,0.0,False,,,,19,sub-HUP097,02,False
LG5-LG6,0.0,False,,,,19,sub-HUP097,02,False
LG54-LG55,0.0,False,,,,19,sub-HUP097,02,False
LG55-LG56,0.0,False,,,,19,sub-HUP097,02,False
LG56-LG57,0.0,False,,,,19,sub-HUP097,02,False
LG6-LG7,0.0,False,,,,19,sub-HUP097,02,False
LG62-LG63,0.0,False,,,,19,sub-HUP097,02,False
LG9-LG10,0.0,False,,,,19,sub-HUP097,02,False
MF1-MF2,0.0,False,,,,19,sub-HUP097,02,False
MF2-MF3,0.0,False,,,,19,sub-HUP097,02,False
MF3-MF4,0.0,False,,,,19,sub-HUP097,02,False
MF4-MF5,0.0,False,,,,19,sub-HUP097,02,False
MT2-MT3,0.0,False,,,,19,sub-HUP097,02,False
PT1-PT2,0.0,False,,,,19,sub-HUP097,02,False
PT2-PT3,0.0,False,,,,19,sub-HUP097,02,False
SF1-SF2,0.0,False,,,,19,sub-HUP097,02,False
SF2-SF3,0.0,False,,,,19,sub-HUP097,02,False
SF3-SF4,0.0,False,,,,19,sub-HUP097,02,False
LG50-LG51,1.0,True,-7.5,0.5,2.880746730126092,1,sub-HUP097,03,False
LG38-LG39,0.40327879793083227,True,-5.75,-4.25,3.194796215788171,2,sub-HUP097,03,False
DH3-DH4,0.07407966406655574,True,13.75,14.5,4.748255688135677,3,sub-HUP097,03,False
SF3-SF4,0.06940867576499812,True,2.5,4.5,2.1994369732764047,4,sub-HUP097,03,False
LG34-LG35,0.06666915279209475,True,14.0,14.5,4.321281237887334,5,sub-HUP097,03,False
LG49-LG50,0.05736456191184297,True,10.5,13.25,3.1398027089004903,6,sub-HUP097,03,False
LG11-LG12,0.05709257413006352,True,4.0,4.75,2.055865577995775,7,sub-HUP097,03,False
LG33-LG34,0.030689162665092164,True,12.5,18.0,1.8565618049532115,8,sub-HUP097,03,False
LG19-LG20,0.027499602008263603,True,20.75,22.5,2.317167115528423,9,sub-HUP097,03,False
DH1-DH2,0.026258436837866064,True,23.25,24.75,2.4016940173702395,10,sub-HUP097,03,True
DA1-DA2,0.025928726891503884,True,25.0,28.0,2.502252189502581,11,sub-HUP097,03,False
AT1-AT2,0.0,False,,,,12,sub-HUP097,03,True
AT2-AT3,0.0,False,,,,12,sub-HUP097,03,True
AT3-AT4,0.0,False,,,,12,sub-HUP097,03,True
DA2-DA3,0.0,False,,,,12,sub-HUP097,03,False
DA3-DA4,0.0,False,,,,12,sub-HUP097,03,False
DH2-DH3,0.0,False,,,,12,sub-HUP097,03,True
IF1-IF2,0.0,False,,,,12,sub-HUP097,03,False
IF2-IF3,0.0,False,,,,12,sub-HUP097,03,False
IF3-IF4,0.0,False,,,,12,sub-HUP097,03,False
IF4-IF5,0.0,False,,,,12,sub-HUP097,03,False
IF5-IF6,0.0,False,,,,12,sub-HUP097,03,False
LG1-LG2,0.0,False,,,,12,sub-HUP097,03,False
LG10-LG11,0.0,False,,,,12,sub-HUP097,03,False
LG14-LG15,0.0,False,,,,12,sub-HUP097,03,False
LG17-LG18,0.0,False,,,,12,sub-HUP097,03,False
LG18-LG19,0.0,False,,,,12,sub-HUP097,03,False
LG2-LG3,0.0,False,,,,12,sub-HUP097,03,False
LG22-LG23,0.0,False,,,,12,sub-HUP097,03,False
LG23-LG24,0.0,False,,,,12,sub-HUP097,03,False
LG24-LG25,0.0,False,,,,12,sub-HUP097,03,False
LG25-LG26,0.0,False,,,,12,sub-HUP097,03,False
LG26-LG27,0.0,False,,,,12,sub-HUP097,03,False
LG27-LG28,0.0,False,,,,12,sub-HUP097,03,False
LG28-LG29,0.0,False,,,,12,sub-HUP097,03,False
LG29-LG30,0.0,False,,,,12,sub-HUP097,03,False
LG3-LG4,0.0,False,,,,12,sub-HUP097,03,False
LG30-LG31,0.0,False,,,,12,sub-HUP097,03,False
LG31-LG32,0.0,False,,,,12,sub-HUP097,03,False
LG32-LG33,0.0,False,,,,12,sub-HUP097,03,False
LG35-LG36,0.0,False,,,,12,sub-HUP097,03,False
LG36-LG37,0.0,False,,,,12,sub-HUP097,03,False
LG37-LG38,0.0,False,,,,12,sub-HUP097,03,False
LG39-LG40,0.0,False,,,,12,sub-HUP097,03,False
LG4-LG5,0.0,False,,,,12,sub-HUP097,03,False
LG40-LG41,0.0,False,,,,12,sub-HUP097,03,False
LG41-LG42,0.0,False,,,,12,sub-HUP097,03,False
LG42-LG43,0.0,False,,,,12,sub-HUP097,03,False
LG43-LG44,0.0,False,,,,12,sub-HUP097,03,False
LG44-LG45,0.0,False,,,,12,sub-HUP097,03,True
LG45-LG46,0.0,False,,,,12,sub-HUP097,03,True
LG46-LG47,0.0,False,,,,12,sub-HUP097,03,True
LG47-LG48,0.0,False,,,,12,sub-HUP097,03,True
LG48-LG49,0.0,False,,,,12,sub-HUP097,03,False
LG5-LG6,0.0,False,,,,12,sub-HUP097,03,False
LG53-LG54,0.0,False,,,,12,sub-HUP097,03,False
LG54-LG55,0.0,False,,,,12,sub-HUP097,03,False
LG55-LG56,0.0,False,,,,12,sub-HUP097,03,False
LG56-LG57,0.0,False,,,,12,sub-HUP097,03,False
LG59-LG60,0.0,False,,,,12,sub-HUP097,03,False
LG6-LG7,0.0,False,,,,12,sub-HUP097,03,False
LG62-LG63,0.0,False,,,,12,sub-HUP097,03,False
LG9-LG10,0.0,False,,,,12,sub-HUP097,03,False
MF1-MF2,0.0,False,,,,12,sub-HUP097,03,False
MF2-MF3,0.0,False,,,,12,sub-HUP097,03,False
MF3-MF4,0.0,False,,,,12,sub-HUP097,03,False
MF4-MF5,0.0,False,,,,12,sub-HUP097,03,False
MF5-MF6,0.0,False,,,,12,sub-HUP097,03,False
MT1-MT2,0.0,False,,,,12,sub-HUP097,03,False
MT2-MT3,0.0,False,,,,12,sub-HUP097,03,False
MT3-MT4,0.0,False,,,,12,sub-HUP097,03,False
PT1-PT2,0.0,False,,,,12,sub-HUP097,03,False
PT2-PT3,0.0,False,,,,12,sub-HUP097,03,False
PT3-PT4,0.0,False,,,,12,sub-HUP097,03,False
SF1-SF2,0.0,False,,,,12,sub-HUP097,03,False
SF2-SF3,0.0,False,,,,12,sub-HUP097,03,False
RPT3-RPT4,1.0,True,-6.5,-4.5,6.025149731558402,1,sub-HUP105,01,False
RDNET3-RDNET4,0.7931110047602219,True,-5.5,-4.0,9.55722511485413,2,sub-HUP105,01,True
RH3-RH4,0.6147857189902123,True,-5.25,-4.5,8.334396021914587,3,sub-HUP105,01,False
RAT3-RAT4,0.5648342491450653,True,-5.5,-4.25,6.8064218492227635,4,sub-HUP105,01,False
RDNET2-RDNET3,0.5135070605521828,True,-5.0,-3.75,7.734892320098321,5,sub-HUP105,01,True
RH2-RH3,0.5094055316566026,True,-5.5,-4.5,6.138489204630288,6,sub-HUP105,01,False
RMT3-RMT4,0.48357827770041867,True,-5.25,-4.5,6.555670942666842,7,sub-HUP105,01,False
RH1-RH2,0.43152736066147507,True,-5.25,-4.5,5.850038162811582,8,sub-HUP105,01,False
RAT2-RAT3,0.36207841288831677,True,-5.25,-4.0,4.908547467488551,9,sub-HUP105,01,True
RPT2-RPT3,0.32593919978678787,True,-5.75,-3.75,3.436706843674519,10,sub-HUP105,01,False
RDNET1-RDNET2,0.32216191086931956,True,-6.25,-3.5,2.426342188490778,11,sub-HUP105,01,True
RMT2-RMT3,0.31999505963958597,True,-5.0,-4.0,4.820045369218666,12,sub-HUP105,01,False
RAT1-RAT2,0.25849498767172047,True,-5.5,-4.5,3.1149420111589174,13,sub-HUP105,01,True
RA3-RA4,0.2365225899035646,True,-5.75,-3.75,2.4938970333636803,14,sub-HUP105,01,True
RF1-RF2,0.21062382558519344,True,-5.75,-5.0,2.220820150822756,15,sub-HUP105,01,False
RMT1-RMT2,0.18570284700638892,True,-5.0,-3.5,2.797218646975438,16,sub-HUP105,01,False
LAT1-LAT2,0.1347322526670948,True,-3.75,-2.75,3.0441824849602686,17,sub-HUP105,01,False
RA2-RA3,0.10553745608066374,True,-0.5,1.5,4.451152826216374,18,sub-HUP105,01,True
LAT3-LAT4,0.09019051109387465,True,-3.75,-3.0,2.037792501398902,19,sub-HUP105,01,False
LPT3-LPT4,0.05746906028936798,True,16.0,17.75,8.13710278962188,20,sub-HUP105,01,False
LF5-LF6,0.05322998575402734,True,15.5,17.25,7.376528590664914,21,sub-HUP105,01,False
LPT2-LPT3,0.05207706089473964,True,16.25,18.75,7.452087124919413,22,sub-HUP105,01,False
LMT3-LMT4,0.049502700459075365,True,15.5,16.75,6.86000719479552,23,sub-HUP105,01,False
RA1-RA2,0.049081962285831046,True,1.0,6.25,2.5136724610720935,24,sub-HUP105,01,True
LAT2-LAT3,0.04566283303995621,True,0.5,1.25,2.2010032498631062,25,sub-HUP105,01,False
LH1-LH2,0.03758140731409578,True,6.5,7.5,3.1700704866615563,26,sub-HUP105,01,False
LMT2-LMT3,0.036767831920933275,True,16.5,18.75,5.3167606230814926,27,sub-HUP105,01,False
LH2-LH3,0.03592922461877427,True,6.5,8.25,3.0307054129367303,28,sub-HUP105,01,False
RPT1-RPT2,0.030394635704366024,True,16.5,18.75,4.395173547719432,29,sub-HUP105,01,False
LPT1-LPT2,0.027973110525898837,True,16.25,18.5,4.0028767601793565,30,sub-HUP105,01,False
LH3-LH4,0.022318588994733612,True,5.75,16.25,1.7817651364975553,31,sub-HUP105,01,False
LP3-LP4,0.017023492945729565,True,21.25,24.0,2.948861451124279,32,sub-HUP105,01,False
LF4-LF5,0.015421805881041403,True,23.75,27.75,2.90370904888445,33,sub-HUP105,01,False
RF3-RF4,0.015350241111563129,True,18.5,22.75,2.4046750289299745,34,sub-HUP105,01,False
LMT1-LMT2,0.013916649219698667,True,22.75,28.5,2.536459333135361,35,sub-HUP105,01,False
LP4-LP5,0.013145144406673515,True,20.75,23.0,2.237441338031921,36,sub-HUP105,01,False
LF3-LF4,0.012110256859663387,True,26.25,30.0,2.4626062417647647,37,sub-HUP105,01,False
LP5-LP6,0.010125976496719475,True,18.75,24.0,1.601526269988121,38,sub-HUP105,01,False
LF1-LF2,0.009713973933889794,True,26.25,27.75,1.9753249761047726,39,sub-HUP105,01,False
LF2-LF3,0.009197600921073842,True,24.5,29.75,1.7733415270588597,40,sub-HUP105,01,False
RF2-RF3,0.0,False,,,,41,sub-HUP105,01,False
RH3-RH4,1.0,True,-8.25,-7.25,13.245615529876215,1,sub-HUP105,02,False
RMT3-RMT4,0.6974659989709957,True,-6.0,-4.5,25.867426109086374,2,sub-HUP105,02,False
RDNET2-RDNET3,0.4415733451702129,True,-8.5,-7.0,4.679128606692769,3,sub-HUP105,02,True
RAT3-RAT4,0.38030476756567144,True,-6.25,-4.5,13.097163911919935,4,sub-HUP105,02,False
RDNET3-RDNET4,0.3049085586444582,True,-5.75,-4.25,12.116104618719625,5,sub-HUP105,02,True
RH1-RH2,0.2957505410353407,True,-7.0,-4.75,7.834795918614003,6,sub-HUP105,02,False
RH2-RH3,0.277200373893626,True,-5.0,-4.0,13.218082478398461,7,sub-HUP105,02,False
LAT2-LAT3,0.18345561755298076,True,-3.75,-3.0,11.177919853752849,8,sub-HUP105,02,False
RMT2-RMT3,0.17809087790451025,True,-6.0,-3.5,6.604985234683555,9,sub-HUP105,02,False
RPT3-RPT4,0.16493375713621092,True,-6.25,-4.25,5.680087750802991,10,sub-HUP105,02,False
RA1-RA2,0.14763537837548568,True,-0.25,0.75,14.470858808214183,11,sub-HUP105,02,True
RA3-RA4,0.1371585802815636,True,-6.75,-5.0,3.996849606273156,12,sub-HUP105,02,True
RDNET1-RDNET2,0.13408430884733563,True,-7.25,-3.25,3.196852566445778,13,sub-HUP105,02,True
LAT1-LAT2,0.12400440439947115,True,-5.0,-2.0,5.913052792872068,14,sub-HUP105,02,False
LH3-LH4,0.12377210536404017,True,3.0,3.75,16.394377209754058,15,sub-HUP105,02,False
RAT2-RAT3,0.11293382385212307,True,-5.0,-3.5,5.38516083983035,16,sub-HUP105,02,True
RA2-RA3,0.10674929723794853,True,-0.25,0.25,10.46330510480774,17,sub-HUP105,02,True
RPT2-RPT3,0.09632549178108313,True,-6.5,-3.0,3.062137031660348,18,sub-HUP105,02,False
RMT1-RMT2,0.06426770686503881,True,-5.75,-3.0,2.553796008363271,19,sub-HUP105,02,False
LH2-LH3,0.052791324404149124,True,2.75,4.25,6.852685146429242,20,sub-HUP105,02,False
LH1-LH2,0.05244929010973448,True,2.75,3.75,6.808286689763124,21,sub-HUP105,02,False
LAT3-LAT4,0.04252017949921923,True,-3.75,-2.0,2.590747369576719,22,sub-HUP105,02,False
LMT3-LMT4,0.03587784468952768,True,-3.75,-1.75,2.1860310292712355,23,sub-HUP105,02,False
LF5-LF6,0.019420426736358732,True,18.5,19.75,5.7620753338609765,24,sub-HUP105,02,False
LMT2-LMT3,0.019392878095479373,True,9.75,10.75,3.955807351965359,25,sub-HUP105,02,False
RAT1-RAT2,0.015578262379736408,True,6.75,7.5,2.6824677633717986,26,sub-HUP105,02,True
LPT1-LPT2,0.014760199309337292,True,13.0,14.0,3.5191426535248715,27,sub-HUP105,02,False
LMT1-LMT2,0.012542029965373208,True,10.5,14.0,2.6580305101683233,28,sub-HUP105,02,False
LPT3-LPT4,0.01114748283429633,True,20.5,24.25,3.5437265219756156,29,sub-HUP105,02,False
RPT1-RPT2,0.010709220175451445,True,16.0,20.0,2.893744346603996,30,sub-HUP105,02,False
LP4-LP5,0.0075676064650678845,True,25.25,27.5,2.7866054389519155,31,sub-HUP105,02,False
LPT2-LPT3,0.0059609190152130195,True,14.75,23.5,1.531747204716656,32,sub-HUP105,02,False
LP3-LP4,0.00530754087165582,True,21.0,26.5,1.7153601573993924,33,sub-HUP105,02,False
LP5-LP6,0.005133516434817012,True,20.25,27.0,1.6183187232829102,34,sub-HUP105,02,False
LF1-LF2,0.0,False,,,,35,sub-HUP105,02,False
LF2-LF3,0.0,False,,,,35,sub-HUP105,02,False
LF3-LF4,0.0,False,,,,35,sub-HUP105,02,False
LF4-LF5,0.0,False,,,,35,sub-HUP105,02,False
RF1-RF2,0.0,False,,,,35,sub-HUP105,02,False
RF2-RF3,0.0,False,,,,35,sub-HUP105,02,False
RF3-RF4,0.0,False,,,,35,sub-HUP105,02,False
LH1-LH2,1.0,True,-2.75,-2.5,924.0007007360389,1,sub-HUP106,01,True
LH2-LH3,0.4254946639882507,True,-2.75,-2.5,393.1573676845891,2,sub-HUP106,01,True
LA2-LA3,0.10856568215189648,True,-2.75,-2.5,100.31476638423841,3,sub-HUP106,01,True
LA1-LA2,0.053314822345877325,True,-4.0,-2.75,37.533663395968055,4,sub-HUP106,01,True
LA3-LA4,0.04903250430239692,True,-2.75,-2.0,45.306068334257596,5,sub-HUP106,01,True
LH3-LH4,0.036321555915683444,True,-2.75,-2.25,33.561143117914725,6,sub-HUP106,01,False
LAT1-LAT2,0.022226737897892895,True,-2.25,-1.5,22.49347581108448,7,sub-HUP106,01,False
LPT2-LPT3,0.019694364561982865,True,4.75,5.5,44.19418759271344,8,sub-HUP106,01,False
LPT1-LPT2,0.014565748931136968,True,-7.0,-5.0,2.563573756022051,9,sub-HUP106,01,False
LAT3-LAT4,0.012749666409043153,True,-2.75,-1.0,11.78070069610661,10,sub-HUP106,01,False
LAT2-LAT3,0.010546964512655264,True,-2.75,-1.5,9.745402600331598,11,sub-HUP106,01,False
LG41-LG42,0.010500521743203078,True,-2.75,-1.75,9.702489448813656,12,sub-HUP106,01,False
LG48-LG49,0.008042560622453617,True,-3.0,-2.25,7.077458715104015,13,sub-HUP106,01,False
LG55-LG56,0.007324963024272714,True,-3.0,-1.75,6.445972349803393,14,sub-HUP106,01,False
LMT3-LMT4,0.005887415522538102,True,-2.75,-1.75,5.43997606834944,15,sub-HUP106,01,False
LG61-LG62,0.0056422707455235374,True,-2.75,-0.75,5.2134621226062015,16,sub-HUP106,01,False
LG47-LG48,0.005583830662942759,True,-3.0,-0.5,4.91377470985761,17,sub-HUP106,01,False
LOF6-LOF7,0.005542666842183795,True,6.25,8.0,13.90101898233721,18,sub-HUP106,01,False
LG46-LG47,0.00528418672124734,True,-3.5,-1.0,4.185079057073669,19,sub-HUP106,01,False
LG52-LG53,0.005084545696138552,True,-2.75,-1.25,4.698123786156433,20,sub-HUP106,01,False
LG58-LG59,0.005040943220744542,True,-2.75,-1.0,4.657835068338542,21,sub-HUP106,01,False
LG57-LG58,0.004948640928961004,True,-2.75,-1.0,4.572547686051011,22,sub-HUP106,01,False
LG38-LG39,0.004827846898568611,True,-3.0,-1.75,4.248508492689247,23,sub-HUP106,01,False
LG62-LG63,0.004794029838410231,True,-3.0,-0.5,4.21874945718146,24,sub-HUP106,01,False
LG50-LG51,0.004543561835787106,True,-2.75,-1.0,4.19825432010481,25,sub-HUP106,01,False
LG56-LG57,0.004297228572112028,True,-3.0,-0.5,3.7815640112899445,26,sub-HUP106,01,False
LG43-LG44,0.004156214075739693,True,-2.75,-1.25,3.8403447183924646,27,sub-HUP106,01,False
LG59-LG60,0.004044820841541493,True,-2.5,-1.75,3.91538954393303,28,sub-HUP106,01,False
LG53-LG54,0.004028208537243998,True,-2.75,-0.75,3.722067511124348,29,sub-HUP106,01,False
LG42-LG43,0.004001868132735677,True,-2.25,0.25,4.049893621653464,30,sub-HUP106,01,False
LG49-LG50,0.00394262554423117,True,-2.75,-1.0,3.6429887656094073,31,sub-HUP106,01,False
LG51-LG52,0.0038033077086354465,True,-2.75,-1.0,3.514258987893931,32,sub-HUP106,01,False
LG37-LG38,0.003783832225343909,True,-3.0,1.0,3.329774883509883,33,sub-HUP106,01,False
LG54-LG55,0.0033615848631818033,True,-3.0,0.0,2.9581969230129976,34,sub-HUP106,01,False
LG45-LG46,0.003274732135756135,True,-3.0,0.75,2.8817664649157084,35,sub-HUP106,01,False
LO1-LO2,0.003217453048465998,True,-2.5,-0.75,3.1144969128615956,36,sub-HUP106,01,False
LMT1-LMT2,0.003195524621769842,True,-2.75,-0.25,2.9526669897346,37,sub-HUP106,01,False
LG39-LG40,0.0031322988245065407,True,-4.5,1.5,1.9294975391724765,38,sub-HUP106,01,False
LG11-LG12,0.003104375861837898,True,19.5,20.75,15.02519056597566,39,sub-HUP106,01,False
LPT3-LPT4,0.0030832557548787654,True,-2.75,1.5,2.848930478056404,40,sub-HUP106,01,False
LG60-LG61,0.0030774503730044045,True,-3.0,-1.0,2.708158382034718,41,sub-HUP106,01,False
LOF5-LOF6,0.0030014517349158942,True,4.25,5.75,6.471134848004601,42,sub-HUP106,01,False
LG36-LG37,0.0029175360119203676,True,-3.0,1.0,2.5674336375590934,43,sub-HUP106,01,False
LG30-LG31,0.0027090207504777966,True,-3.0,3.25,2.3839400683332896,44,sub-HUP106,01,False
LG33-LG34,0.0024894371964108487,True,2.0,5.5,4.3814127884228276,45,sub-HUP106,01,False
LOF7-LOF8,0.002417697743869597,True,6.5,8.25,6.169969321485714,46,sub-HUP106,01,False
LMT2-LMT3,0.0023552812539767466,True,-2.75,5.25,2.1762815291049704,47,sub-HUP106,01,False
LG44-LG45,0.00221793734471848,True,-2.0,0.5,2.3421436122382913,48,sub-HUP106,01,False
LG40-LG41,0.0022120761165577425,True,0.0,3.75,3.114605534142186,49,sub-HUP106,01,False
LFP2-LFP3,0.002135455949802224,True,19.0,21.0,10.147694369185022,50,sub-HUP106,01,False
LG10-LG11,0.0019678560017374223,True,19.0,20.25,9.351258811986847,51,sub-HUP106,01,False
RH2-RH3,0.001960758521894379,True,1.5,3.5,3.278390734846357,52,sub-HUP106,01,False
LG31-LG32,0.00186020085334601,True,1.0,2.5,2.9465603862882697,53,sub-HUP106,01,False
LG18-LG19,0.0017240491475354674,True,19.75,21.75,8.420262422252467,54,sub-HUP106,01,False
LG34-LG35,0.001678602964832988,True,4.0,6.25,3.545212150316053,55,sub-HUP106,01,False
LOF4-LOF5,0.0016472311277958326,True,6.25,8.25,4.1312588015419625,56,sub-HUP106,01,False
LFP3-LFP4,0.0016136627868497174,True,19.25,21.0,7.739132594870862,57,sub-HUP106,01,False
RAT1-RAT2,0.0014821062387278515,True,3.5,4.5,2.9997853021376346,58,sub-HUP106,01,False
LG16-LG17,0.0013668059847851462,True,19.75,22.0,6.675485492190345,59,sub-HUP106,01,False
LO5-LO6,0.001362856388292659,True,-0.75,4.25,1.7390060702745296,60,sub-HUP106,01,False
RAT2-RAT3,0.0013273090007002205,True,0.75,7.25,2.044057411233759,61,sub-HUP106,01,False
LG2-LG3,0.001318513043677683,True,19.5,22.0,6.381607971031263,62,sub-HUP106,01,False
LFP7-LFP8,0.0012985912668544402,True,19.75,21.0,6.342324557156931,63,sub-HUP106,01,False
LG8-LG9,0.0012696466295798615,True,20.0,21.75,6.256823335567691,64,sub-HUP106,01,False
RA2-RA3,0.0011698987731754138,True,9.75,10.5,3.6547665390717308,65,sub-HUP106,01,False
LG6-LG7,0.001122876770637315,True,16.75,19.75,4.891254922285754,66,sub-HUP106,01,False
LG29-LG30,0.001080266489146734,True,23.0,24.0,5.893938434581053,67,sub-HUP106,01,False
LG32-LG33,0.0010609612444464822,True,27.75,28.5,6.675573212623481,68,sub-HUP106,01,False
LG17-LG18,0.0010354601148628586,True,20.75,22.0,5.239432154643456,69,sub-HUP106,01,False
RAT3-RAT4,0.0009954294685292644,True,6.5,10.25,2.540337930207233,70,sub-HUP106,01,False
LG20-LG21,0.0009665022916142698,True,19.25,23.0,4.635348505899449,71,sub-HUP106,01,False
LG7-LG8,0.0009486972030397251,True,16.75,20.5,4.132528150433695,72,sub-HUP106,01,False
LFP5-LFP6,0.0009323604142656917,True,19.25,21.5,4.471603937956411,73,sub-HUP106,01,False
LG1-LG2,0.0008415769738395803,True,20.5,24.25,4.221353302134474,74,sub-HUP106,01,False
LG15-LG16,0.000735608062103583,True,9.75,22.0,2.2980413287812436,75,sub-HUP106,01,False
RA1-RA2,0.0006990737826550775,True,12.25,16.75,2.4915008508665846,76,sub-HUP106,01,False
LG27-LG28,0.0006829929178632687,True,11.75,16.25,2.374085182931884,77,sub-HUP106,01,False
LG5-LG6,0.0006446489772383808,True,14.0,17.25,2.496082732825669,78,sub-HUP106,01,False
LG28-LG29,0.0006410998387830919,True,14.25,16.0,2.510548872603958,79,sub-HUP106,01,False
LOF2-LOF3,0.0006270234235937495,True,22.5,24.5,3.3658642904276777,80,sub-HUP106,01,False
LG12-LG13,0.0006132007400511055,True,21.75,23.25,3.210721509828115,81,sub-HUP106,01,False
LG14-LG15,0.0006106677982701933,True,13.25,18.25,2.283899297575256,82,sub-HUP106,01,False
RA3-RA4,0.0005924849650909065,True,22.75,25.5,3.2065310628145958,83,sub-HUP106,01,False
LG25-LG26,0.000591023117075525,True,19.5,22.0,2.860554056008959,84,sub-HUP106,01,False
LG63-LG64,0.0005835195632396852,True,12.25,17.5,2.079665300545675,85,sub-HUP106,01,False
LG22-LG23,0.0005642843398605634,True,26.5,29.0,3.42633711007065,86,sub-HUP106,01,False
LG24-LG25,0.0005639879727593025,True,19.75,22.75,2.7545193479061227,87,sub-HUP106,01,False
LG19-LG20,0.0005471987467389643,True,18.75,22.25,2.57621365337473,88,sub-HUP106,01,False
LG21-LG22,0.000535954052671723,True,22.25,24.25,2.8534215403785725,89,sub-HUP106,01,False
RH1-RH2,0.0005182986886555304,True,24.0,26.25,2.919060428240946,90,sub-HUP106,01,False
LG9-LG10,0.0005130696834073627,True,17.25,21.75,2.2800834022131857,91,sub-HUP106,01,False
LFP6-LFP7,0.0005074469514345023,True,15.0,18.25,2.0541468172138053,92,sub-HUP106,01,False
LG3-LG4,0.0004642451589277244,True,11.75,20.5,1.613717396230474,93,sub-HUP106,01,False
LG4-LG5,0.0004641143838933376,True,12.0,17.75,1.6336838702442624,94,sub-HUP106,01,False
LG13-LG14,0.00046041579854507126,True,16.5,21.25,1.9853144289327473,95,sub-HUP106,01,False
LFP1-LFP2,0.0004561155659221041,True,20.75,24.75,2.30794651384731,96,sub-HUP106,01,False
LOF3-LOF4,0.00045166772387227494,True,18.25,23.0,2.0867064667891686,97,sub-HUP106,01,False
LOF1-LOF2,0.00042923598367129604,True,21.5,24.75,2.2285949173248216,98,sub-HUP106,01,False
LG35-LG36,0.00042401575515242293,True,20.0,25.5,2.089551226047784,99,sub-HUP106,01,False
LFP4-LFP5,0.00042125340863012275,True,11.5,18.25,1.445742794829091,100,sub-HUP106,01,False
LG26-LG27,0.0002998765502690621,True,22.0,27.75,1.583349386188111,101,sub-HUP106,01,False
LG23-LG24,0.0,False,,,,102,sub-HUP106,01,False
LH1-LH2,1.0,True,-8.5,-7.75,177.70512897258465,1,sub-HUP106,02,True
LA1-LA2,0.6611956192304768,True,-9.25,-8.25,67.14163016654848,2,sub-HUP106,02,True
LH2-LH3,0.5401446967912098,True,-8.25,-7.5,109.69883772244523,3,sub-HUP106,02,True
LA2-LA3,0.43129500400185244,True,-8.5,-8.0,76.64333431138061,4,sub-HUP106,02,True
LA3-LA4,0.18756900077660812,True,-8.5,-8.0,33.33197347426598,5,sub-HUP106,02,True
LMT2-LMT3,0.08017926551145098,True,-0.25,0.5,81.41866696365432,6,sub-HUP106,02,False
LH3-LH4,0.07784365228703034,True,-8.25,-7.5,15.809390022130014,7,sub-HUP106,02,False
LG52-LG53,0.06613244505251667,True,-8.5,-7.25,11.752074677329846,8,sub-HUP106,02,False
LPT2-LPT3,0.05728058296001061,True,-0.25,0.75,58.16601932876298,9,sub-HUP106,02,False
LAT2-LAT3,0.05277225047758498,True,-8.25,-7.5,10.717599516906036,10,sub-HUP106,02,False
LAT3-LAT4,0.05018400134720854,True,-8.25,-7.25,10.191947922018349,11,sub-HUP106,02,False
LPT3-LPT4,0.04842809560034597,True,0.0,0.5,50.40610856525739,12,sub-HUP106,02,False
LG48-LG49,0.04654679493088539,True,-8.75,-7.5,7.0899464541029475,13,sub-HUP106,02,False
LG50-LG51,0.046236520021097745,True,-8.5,-7.75,8.216466753592668,14,sub-HUP106,02,False
LG56-LG57,0.04555464709818957,True,-8.5,-7.0,8.095294437884357,15,sub-HUP106,02,False
LG62-LG63,0.0426501829375712,True,-8.75,-7.25,6.496419651107503,16,sub-HUP106,02,False
LG51-LG52,0.041855332875201996,True,-8.25,-7.0,8.500465516317982,17,sub-HUP106,02,False
LG53-LG54,0.03973525824736084,True,-8.25,-7.25,8.069896218978533,18,sub-HUP106,02,False
LG60-LG61,0.0378751910749936,True,-8.5,-7.25,6.730615714843024,19,sub-HUP106,02,False
LG43-LG44,0.03348843037327573,True,-8.5,-7.25,5.951065838572385,20,sub-HUP106,02,False
LG47-LG48,0.03144270920145154,True,-8.75,-7.0,4.789312023335503,21,sub-HUP106,02,False
LAT1-LAT2,0.030429128256841877,True,-7.75,-7.0,7.724874516293437,22,sub-HUP106,02,False
LMT1-LMT2,0.02670623167803627,True,-8.5,-7.25,4.745834344717162,23,sub-HUP106,02,False
LG41-LG42,0.026471947378347495,True,-8.25,-7.25,5.376229512028247,24,sub-HUP106,02,False
LG54-LG55,0.025188974369439877,True,-8.5,-7.0,4.476209939008443,25,sub-HUP106,02,False
LG38-LG39,0.02286286369858628,True,-8.5,-6.25,4.062848142239899,26,sub-HUP106,02,False
LO1-LO2,0.02144106328674743,True,-8.75,-4.25,3.2658745000121163,27,sub-HUP106,02,False
LG61-LG62,0.0211800027809664,True,-8.25,-7.0,4.301480143807241,28,sub-HUP106,02,False
LG55-LG56,0.021091646237298076,True,-8.75,-6.25,3.2126517555798726,29,sub-HUP106,02,False
LG44-LG45,0.02056441341749473,True,-8.5,-6.75,3.6544017386014516,30,sub-HUP106,02,False
LG49-LG50,0.019246598192831928,True,-8.25,-6.25,3.9088219590179576,31,sub-HUP106,02,False
LG36-LG37,0.018897731450183072,True,-8.25,-7.75,3.8379700624503457,32,sub-HUP106,02,False
LG39-LG40,0.01809248250086447,True,-8.75,-4.0,2.755823088214588,33,sub-HUP106,02,False
LG59-LG60,0.016959198461053482,True,-8.25,-6.5,3.4442703426207637,34,sub-HUP106,02,False
LG58-LG59,0.01672324722006114,True,-8.25,-6.0,3.3963506332358664,35,sub-HUP106,02,False
LG31-LG32,0.013469167343585697,True,-7.5,-4.25,3.761277331342492,36,sub-HUP106,02,False
LG37-LG38,0.012948402780591648,True,-8.5,-3.0,2.3009975861140126,37,sub-HUP106,02,False
LMT3-LMT4,0.010959795490021546,True,-8.25,-5.75,2.2258421383627778,38,sub-HUP106,02,False
LOF5-LOF6,0.009947989957720569,True,-1.5,1.5,8.839044192273555,39,sub-HUP106,02,False
LG30-LG31,0.008676592456301483,True,-6.5,-4.0,3.3040178174777366,40,sub-HUP106,02,False
LG40-LG41,0.008342257807236506,True,-7.25,-1.5,2.5413634278128816,41,sub-HUP106,02,False
LG21-LG22,0.00796365647853363,True,-6.5,-4.0,3.0325341463096676,42,sub-HUP106,02,False
LO5-LO6,0.007937419137768235,True,-4.25,-0.75,4.836068885439654,43,sub-HUP106,02,False
LOF6-LOF7,0.00698023286682814,True,0.0,1.5,7.265335779456161,44,sub-HUP106,02,False
LG57-LG58,0.006502591974007712,True,-6.5,-5.5,2.476165597279574,45,sub-HUP106,02,False
LG23-LG24,0.0064926009820435735,True,-5.25,-1.75,3.2964814139473804,46,sub-HUP106,02,False
LG22-LG23,0.005504001407563717,True,-5.25,-3.75,2.7945407999897083,47,sub-HUP106,02,False
LG33-LG34,0.005373670703640608,True,-4.25,-0.5,3.2740417558170996,48,sub-HUP106,02,False
RAT3-RAT4,0.005262242668266349,True,-2.75,1.0,4.007689337354185,49,sub-HUP106,02,False
LG34-LG35,0.004998055449667435,True,-0.5,0.75,4.948431920502281,50,sub-HUP106,02,False
LG11-LG12,0.0038248306662360676,True,17.25,19.25,10.680874707513643,51,sub-HUP106,02,False
LPT1-LPT2,0.0035218190516020918,True,-2.0,5.5,2.9504135985486903,52,sub-HUP106,02,False
RAT2-RAT3,0.0033869966712047088,True,-5.0,2.25,1.8056600408584433,53,sub-HUP106,02,False
LOF7-LOF8,0.00324667997204992,True,0.0,2.25,3.37928842997134,54,sub-HUP106,02,False
LOF4-LOF5,0.0030678691348846264,True,-0.5,2.0,3.037409590163098,55,sub-HUP106,02,False
LG10-LG11,0.003013932330653267,True,17.25,19.5,8.41643366981028,56,sub-HUP106,02,False
LG5-LG6,0.002899800789799259,True,13.5,16.0,6.993485709696803,57,sub-HUP106,02,False
LG45-LG46,0.002784405951693219,True,5.25,6.25,4.382542794710842,58,sub-HUP106,02,False
LG6-LG7,0.002071813284598064,True,0.25,2.75,2.2090310816796794,59,sub-HUP106,02,False
LG29-LG30,0.002006177475054517,True,18.75,20.5,5.9078473036841475,60,sub-HUP106,02,False
LG18-LG19,0.0019646481626195604,True,16.25,19.5,5.286796263307201,61,sub-HUP106,02,False
LG9-LG10,0.0018375120328195723,True,19.0,19.75,5.457804513623252,62,sub-HUP106,02,False
LG46-LG47,0.0017673185323313408,True,10.25,13.25,3.6790069361905084,63,sub-HUP106,02,False
LG2-LG3,0.001629891701017591,True,15.0,17.75,4.179093087001188,64,sub-HUP106,02,False
LG1-LG2,0.0015790583745938806,True,19.0,20.25,4.690141762450874,65,sub-HUP106,02,False
LFP3-LFP4,0.001566861723299299,True,14.75,18.0,3.977705208872974,66,sub-HUP106,02,False
LG19-LG20,0.001528978453152927,True,15.75,19.0,4.036794367748538,67,sub-HUP106,02,False
LG63-LG64,0.0013134179702824534,True,7.75,9.5,2.400697129412096,68,sub-HUP106,02,False
LG42-LG43,0.0012970681387052226,True,16.75,18.25,3.5562187677832755,69,sub-HUP106,02,False
LG32-LG33,0.0011080718815898226,True,24.0,25.25,3.8538111083067883,70,sub-HUP106,02,False
LG7-LG8,0.001095558528225269,True,14.5,17.0,2.7534215122819083,71,sub-HUP106,02,False
LG20-LG21,0.0010852364826533028,True,16.5,20.25,2.9478819336250783,72,sub-HUP106,02,False
LG15-LG16,0.00107164444177945,True,14.0,18.25,2.6389087475285073,73,sub-HUP106,02,False
LG16-LG17,0.0010487711119114515,True,14.25,18.0,2.6092080798692368,74,sub-HUP106,02,False
LG3-LG4,0.0010281898798867246,True,6.5,9.5,1.748839888472806,75,sub-HUP106,02,False
LG13-LG14,0.0010060577193278656,True,14.75,18.5,2.554023096671753,76,sub-HUP106,02,False
RA2-RA3,0.00098515554760552,True,22.75,26.25,3.3012670801684427,77,sub-HUP106,02,False
LG8-LG9,0.0009697348583543421,True,17.75,21.5,2.757229729169112,78,sub-HUP106,02,False
RAT1-RAT2,0.0009552283288635717,True,11.75,12.5,2.1339870939070202,79,sub-HUP106,02,False
LG17-LG18,0.0009332873138028788,True,18.0,20.0,2.677291928409057,80,sub-HUP106,02,False
RH1-RH2,0.0008914564968430534,True,22.75,27.0,2.987280530047502,81,sub-HUP106,02,False
LFP4-LFP5,0.0008676817188423758,True,9.25,10.75,1.7181337652592845,82,sub-HUP106,02,False
LOF3-LOF4,0.0008653839168855268,True,19.5,21.25,2.6143137295360312,83,sub-HUP106,02,False
LG24-LG25,0.0008476009698599767,True,16.75,19.75,2.3238983262793633,84,sub-HUP106,02,False
RA3-RA4,0.0008368205041699451,True,19.75,23.0,2.5492679249215446,85,sub-HUP106,02,False
LG26-LG27,0.0008191337482408738,True,21.25,22.75,2.620156830784941,86,sub-HUP106,02,False
LG14-LG15,0.0007961063392743274,True,10.25,18.25,1.6572455335891714,87,sub-HUP106,02,False
RA1-RA2,0.0007749222505227353,True,22.25,24.25,2.557427943067553,88,sub-HUP106,02,False
LOF2-LOF3,0.0007359129819872153,True,18.0,22.0,2.111090397937148,89,sub-HUP106,02,False
LG12-LG13,0.0007304063709511389,True,18.0,21.75,2.095293756258067,90,sub-HUP106,02,False
RH2-RH3,0.0006975943022808158,True,22.0,29.0,2.2845178605712118,91,sub-HUP106,02,False
LFP6-LFP7,0.000670715587863417,True,12.75,21.25,1.5664918863082309,92,sub-HUP106,02,False
LFP1-LFP2,0.0006651322028514505,True,16.75,21.75,1.8236170886122753,93,sub-HUP106,02,False
LFP5-LFP6,0.0006448710957947329,True,14.5,20.75,1.6207276033772295,94,sub-HUP106,02,False
LG27-LG28,0.0006222349906409742,True,6.75,22.5,1.0741508214130622,95,sub-HUP106,02,False
LFP7-LFP8,0.0006169236077410388,True,17.25,22.75,1.7227648315405557,96,sub-HUP106,02,False
LG28-LG29,0.000589511502456527,True,13.5,19.25,1.4217322385159479,97,sub-HUP106,02,False
LG4-LG5,0.0005721579839674754,True,11.5,19.75,1.2636800750037402,98,sub-HUP106,02,False
LFP2-LFP3,0.0005374377064557153,True,9.5,17.5,1.0778470740421422,99,sub-HUP106,02,False
LOF1-LOF2,0.0005315880764731902,True,18.0,23.25,1.52494997556644,100,sub-HUP106,02,False
LG25-LG26,0.0005228702234643686,True,16.5,21.75,1.4202984418775135,101,sub-HUP106,02,False
LG35-LG36,0.0,False,,,,102,sub-HUP106,02,False
LH2-LH3,1.0,True,-2.5,-1.25,172.90248717623032,1,sub-HUP106,03,True
LA1-LA2,0.3996826314595613,True,-4.5,-2.5,34.5530605302494,2,sub-HUP106,03,True
LA2-LA3,0.3530841023254224,True,-2.75,-2.25,57.23354950729889,3,sub-HUP106,03,True
LA3-LA4,0.30682676893964217,True,-3.5,-2.5,39.788333611432996,4,sub-HUP106,03,True
LH1-LH2,0.17011164218819674,True,-5.5,-5.0,7.3531815079930425,5,sub-HUP106,03,True
LMT2-LMT3,0.14703831456349106,True,6.25,8.0,81.03673782560345,6,sub-HUP106,03,False
LMT3-LMT4,0.06387829963556552,True,7.5,8.25,38.65650909252218,7,sub-HUP106,03,False
LH3-LH4,0.04307507046203278,True,-2.25,-0.75,7.913273494312892,8,sub-HUP106,03,False
LAT2-LAT3,0.03927362798472998,True,-2.25,-0.5,7.214914706430929,9,sub-HUP106,03,False
LAT3-LAT4,0.03756229107517807,True,5.0,5.75,18.672013958940447,10,sub-HUP106,03,False
LPT3-LPT4,0.03728988283494374,True,7.0,8.0,21.76035802426797,11,sub-HUP106,03,False
LPT2-LPT3,0.03330288024585148,True,7.25,8.0,19.793643459699553,12,sub-HUP106,03,False
LG55-LG56,0.03252964151139736,True,-2.5,-1.75,5.624455924271752,13,sub-HUP106,03,False
LG57-LG58,0.02947015699860587,True,5.75,7.0,15.604856792757147,14,sub-HUP106,03,False
LG37-LG38,0.027155472968062578,True,-2.5,0.0,4.695248816624909,15,sub-HUP106,03,False
LG60-LG61,0.02565018299078375,True,4.25,6.0,11.919009920760862,16,sub-HUP106,03,False
LO1-LO2,0.023867662381719234,True,-2.75,0.25,3.868854552076692,17,sub-HUP106,03,False
LAT1-LAT2,0.022010740242547792,True,-1.75,-0.25,4.5192826823751675,18,sub-HUP106,03,False
LG52-LG53,0.019344686765590896,True,5.0,5.5,9.616140309320347,19,sub-HUP106,03,False
LG49-LG50,0.018477430941288574,True,6.0,10.0,9.983730519924467,20,sub-HUP106,03,False
LO5-LO6,0.017874885741414347,True,5.0,6.0,8.885510082709244,21,sub-HUP106,03,False
LG61-LG62,0.017469809886057175,True,6.0,8.0,9.439292436859946,22,sub-HUP106,03,False
LMT1-LMT2,0.017202979925259848,True,7.25,8.0,10.224630679725648,23,sub-HUP106,03,False
LG23-LG24,0.01717628547410745,True,-1.75,1.5,3.526664193720035,24,sub-HUP106,03,False
LG47-LG48,0.0160398814034971,True,-2.5,-1.0,2.7733353886764123,25,sub-HUP106,03,False
LG59-LG60,0.015698501374254346,True,4.0,5.5,7.125063572938622,26,sub-HUP106,03,False
LG54-LG55,0.014896804827557661,True,4.5,5.5,7.083160165574886,27,sub-HUP106,03,False
LG38-LG39,0.014785597378417744,True,-2.25,3.5,2.7162457211844524,28,sub-HUP106,03,False
LOF5-LOF6,0.014596506814779576,True,6.0,8.75,7.886788538625575,29,sub-HUP106,03,False
LG44-LG45,0.01426856747082538,True,4.0,5.0,6.476060860887351,30,sub-HUP106,03,False
LG45-LG46,0.013990240533341395,True,-2.5,0.5,2.418947384408438,31,sub-HUP106,03,False
LG53-LG54,0.013174615921007665,True,5.25,6.5,6.691401339730501,32,sub-HUP106,03,False
LG48-LG49,0.012950068686013448,True,-2.5,-0.75,2.2390990849147423,33,sub-HUP106,03,False
RAT3-RAT4,0.01273967949950468,True,5.0,6.75,6.332826529965628,34,sub-HUP106,03,False
LG30-LG31,0.012564126251087838,True,-2.0,4.0,2.4439147627604108,35,sub-HUP106,03,False
LG51-LG52,0.012431334828610183,True,5.0,6.0,6.179550043513194,36,sub-HUP106,03,False
LG33-LG34,0.011894552060369427,True,5.5,6.0,6.169792905255086,37,sub-HUP106,03,False
LG58-LG59,0.011635435617185611,True,5.0,6.75,5.783912803072081,38,sub-HUP106,03,False
LG31-LG32,0.011220717670384435,True,-2.0,4.5,2.182601242250714,39,sub-HUP106,03,False
LPT1-LPT2,0.009922207875253105,True,6.25,8.0,5.468393463465807,40,sub-HUP106,03,False
LG62-LG63,0.009522762127926876,True,5.0,8.5,4.733714113030235,41,sub-HUP106,03,False
LG46-LG47,0.008521343088620943,True,-0.5,4.75,2.210042121156812,42,sub-HUP106,03,False
RH1-RH2,0.008165533969926529,True,0.25,1.0,2.3824819111313724,43,sub-HUP106,03,False
LOF4-LOF5,0.008090616393995704,True,6.5,9.25,4.546385016259583,44,sub-HUP106,03,False
LG39-LG40,0.007888286139104903,True,3.0,4.0,3.2392726958964246,45,sub-HUP106,03,False
LG56-LG57,0.0078016184919558786,True,5.25,6.0,3.9624502711990255,46,sub-HUP106,03,False
LOF6-LOF7,0.007305153366950737,True,7.25,9.0,4.341834703076735,47,sub-HUP106,03,False
LG50-LG51,0.0072076955562995,True,6.25,7.5,3.9723533070722232,48,sub-HUP106,03,False
RH2-RH3,0.006585153956437045,True,4.25,6.25,3.059959274548339,49,sub-HUP106,03,False
LG40-LG41,0.006510281360545098,True,5.5,6.75,3.3769315183659003,50,sub-HUP106,03,False
LOF7-LOF8,0.0059500514723454375,True,7.5,9.0,3.6007254443829106,51,sub-HUP106,03,False
RAT1-RAT2,0.005429085247793702,True,6.5,9.25,3.0507826129147637,52,sub-HUP106,03,False
LG42-LG43,0.004649488326468182,True,5.25,11.75,2.3614800312456423,53,sub-HUP106,03,False
RA1-RA2,0.004353191047145348,True,4.5,8.75,2.069863287813005,54,sub-HUP106,03,False
LG43-LG44,0.004345910260605318,True,7.25,11.75,2.583001757542796,55,sub-HUP106,03,False
LG34-LG35,0.004307356082507485,True,7.0,9.75,2.5135399568898276,56,sub-HUP106,03,False
LG41-LG42,0.004161685934780345,True,11.0,15.0,3.1481005892431235,57,sub-HUP106,03,False
LG5-LG6,0.003561228471757362,True,7.5,9.0,2.1551084105937877,58,sub-HUP106,03,False
LG25-LG26,0.00319552586551478,True,13.75,15.75,2.797103998041375,59,sub-HUP106,03,False
LG36-LG37,0.0031171942284987085,True,15.0,16.75,2.896967163763642,60,sub-HUP106,03,False
LG63-LG64,0.0021330590376014437,True,11.0,18.25,1.613549056415738,61,sub-HUP106,03,False
LFP1-LFP2,0.0,False,,,,62,sub-HUP106,03,False
LFP2-LFP3,0.0,False,,,,62,sub-HUP106,03,False
LFP3-LFP4,0.0,False,,,,62,sub-HUP106,03,False
LFP4-LFP5,0.0,False,,,,62,sub-HUP106,03,False
LFP5-LFP6,0.0,False,,,,62,sub-HUP106,03,False
LFP6-LFP7,0.0,False,,,,62,sub-HUP106,03,False
LFP7-LFP8,0.0,False,,,,62,sub-HUP106,03,False
LG1-LG2,0.0,False,,,,62,sub-HUP106,03,False
LG10-LG11,0.0,False,,,,62,sub-HUP106,03,False
LG11-LG12,0.0,False,,,,62,sub-HUP106,03,False
LG12-LG13,0.0,False,,,,62,sub-HUP106,03,False
LG13-LG14,0.0,False,,,,62,sub-HUP106,03,False
LG14-LG15,0.0,False,,,,62,sub-HUP106,03,False
LG15-LG16,0.0,False,,,,62,sub-HUP106,03,False
LG16-LG17,0.0,False,,,,62,sub-HUP106,03,False
LG17-LG18,0.0,False,,,,62,sub-HUP106,03,False
LG18-LG19,0.0,False,,,,62,sub-HUP106,03,False
LG19-LG20,0.0,False,,,,62,sub-HUP106,03,False
LG2-LG3,0.0,False,,,,62,sub-HUP106,03,False
LG20-LG21,0.0,False,,,,62,sub-HUP106,03,False
LG21-LG22,0.0,False,,,,62,sub-HUP106,03,False
LG22-LG23,0.0,False,,,,62,sub-HUP106,03,False
LG24-LG25,0.0,False,,,,62,sub-HUP106,03,False
LG26-LG27,0.0,False,,,,62,sub-HUP106,03,False
LG27-LG28,0.0,False,,,,62,sub-HUP106,03,False
LG28-LG29,0.0,False,,,,62,sub-HUP106,03,False
LG29-LG30,0.0,False,,,,62,sub-HUP106,03,False
LG3-LG4,0.0,False,,,,62,sub-HUP106,03,False
LG32-LG33,0.0,False,,,,62,sub-HUP106,03,False
LG35-LG36,0.0,False,,,,62,sub-HUP106,03,False
LG4-LG5,0.0,False,,,,62,sub-HUP106,03,False
LG6-LG7,0.0,False,,,,62,sub-HUP106,03,False
LG7-LG8,0.0,False,,,,62,sub-HUP106,03,False
LG8-LG9,0.0,False,,,,62,sub-HUP106,03,False
LG9-LG10,0.0,False,,,,62,sub-HUP106,03,False
LOF1-LOF2,0.0,False,,,,62,sub-HUP106,03,False
LOF2-LOF3,0.0,False,,,,62,sub-HUP106,03,False
LOF3-LOF4,0.0,False,,,,62,sub-HUP106,03,False
RA2-RA3,0.0,False,,,,62,sub-HUP106,03,False
RA3-RA4,0.0,False,,,,62,sub-HUP106,03,False
RAT2-RAT3,0.0,False,,,,62,sub-HUP106,03,False
RDH3-RDH4,1.0,True,-9.25,-7.25,4.576616929066427,1,sub-HUP107,01,True
RG31-RG32,0.9767889225491379,True,-9.25,-6.5,4.470388719062939,2,sub-HUP107,01,False
RMT2-RMT3,0.33501880318644034,True,-8.25,-4.25,3.0665054524372723,3,sub-HUP107,01,True
ROF3-ROF4,0.3185876021024208,True,-8.5,-7.75,2.551593473052081,4,sub-HUP107,01,False
RMT1-RMT2,0.298732295165014,True,-6.0,-4.75,5.810528937072054,5,sub-HUP107,01,True
RG45-RG46,0.23676808898781715,True,-7.25,-4.0,3.2507905329730504,6,sub-HUP107,01,False
RG11-RG12,0.1660953518994233,True,-5.25,-2.5,3.8007739967107304,7,sub-HUP107,01,False
RG46-RG47,0.13609421488472226,True,-3.0,-0.5,4.515670386473323,8,sub-HUP107,01,False
RDH2-RDH3,0.13091209805782342,True,-4.25,-1.75,3.594807145146232,9,sub-HUP107,01,True
RG17-RG18,0.11926839708627456,True,5.75,6.75,8.733532243322575,10,sub-HUP107,01,False
RDH1-RDH2,0.11153445405627949,True,-4.75,0.75,2.8074775883448266,11,sub-HUP107,01,True
RPT2-RPT3,0.1026051899418991,True,4.0,5.0,6.691581252498946,12,sub-HUP107,01,True
RPT1-RPT2,0.0997772833020576,True,-3.25,-0.25,3.196496827275176,13,sub-HUP107,01,True
RG01-RG02,0.09922324842500292,True,-0.75,0.25,4.314014585738905,14,sub-HUP107,01,False
RPT3-RPT4,0.09720906472223091,True,-0.25,2.25,4.448886512664759,15,sub-HUP107,01,True
RG18-RG19,0.0864317648652326,True,5.0,6.75,6.032367443942513,16,sub-HUP107,01,False
RG09-RG10,0.08216088114610323,True,2.75,6.0,4.888245434283518,17,sub-HUP107,01,False
RP1-RP2,0.07282220965946996,True,-0.25,4.25,3.3327935753955487,18,sub-HUP107,01,False
RG36-RG37,0.07044301524134554,True,0.25,2.75,3.3851023089242767,19,sub-HUP107,01,True
RG13-RG14,0.06431461944637354,True,9.0,11.75,5.666109990786206,20,sub-HUP107,01,False
RMT3-RMT4,0.062335241185681595,True,0.75,5.0,3.1381297209661203,21,sub-HUP107,01,True
RG35-RG36,0.05686289851933502,True,0.5,4.75,2.7975768179932805,22,sub-HUP107,01,False
RG08-RG09,0.05649763686841183,True,3.75,7.25,3.6199525788190945,23,sub-HUP107,01,True
RG34-RG35,0.05608992107505531,True,-2.0,4.25,2.1177921793223073,24,sub-HUP107,01,False
RG30-RG31,0.05459385158906541,True,5.25,8.75,3.872754753784581,25,sub-HUP107,01,False
RG06-RG07,0.05388459873845159,True,7.75,10.0,4.4389650024422815,26,sub-HUP107,01,True
RG10-RG11,0.05010631171770171,True,0.75,1.25,2.5224913390634445,27,sub-HUP107,01,False
RG41-RG42,0.05009301386806858,True,1.5,4.5,2.6937642897346032,28,sub-HUP107,01,False
RDA1-RDA2,0.04927725097009236,True,-3.75,6.5,1.4659001565492678,29,sub-HUP107,01,False
RG25-RG26,0.046053305826881,True,6.75,9.75,3.58306176447521,30,sub-HUP107,01,False
RG07-RG08,0.04422466027280991,True,6.25,8.5,3.3395889266314294,31,sub-HUP107,01,True
RP2-RP3,0.04279429784007624,True,-0.75,5.5,1.8606045256428356,32,sub-HUP107,01,False
RG21-RG22,0.03941385615747774,True,2.0,7.75,2.209680986293745,33,sub-HUP107,01,False
LPT2-LPT3,0.039401267585597456,True,5.0,8.0,2.749948750948554,34,sub-HUP107,01,False
RG20-RG21,0.036794705538754115,True,9.0,11.0,3.2416089911720185,35,sub-HUP107,01,False
RTO5-RTO6,0.03580157859304796,True,12.0,14.5,3.645664962546461,36,sub-HUP107,01,True
RG19-RG20,0.03490201111174392,True,9.75,11.0,3.1946626982494353,37,sub-HUP107,01,False
LPT3-LPT4,0.03347270073857463,True,11.75,15.25,3.3702180349581687,38,sub-HUP107,01,False
RG12-RG13,0.03073061434204169,True,7.0,10.25,2.4260788097123918,39,sub-HUP107,01,False
RAT3-RAT4,0.0306813758865116,True,22.25,23.0,4.563549389400931,40,sub-HUP107,01,False
LPT1-LPT2,0.029149366972165164,True,5.25,14.25,2.0677850385239034,41,sub-HUP107,01,False
RG33-RG34,0.029131140638976934,True,16.5,20.0,3.566365410253794,42,sub-HUP107,01,False
RG05-RG06,0.025714040106829948,True,16.75,19.5,3.1774494042254973,43,sub-HUP107,01,True
RTO4-RTO5,0.024163002404906236,True,12.5,18.75,2.5158043333915914,44,sub-HUP107,01,True
LDH3-LDH4,0.02209023802529353,True,6.25,13.0,1.6681261956754772,45,sub-HUP107,01,False
RG43-RG44,0.021747354371008873,True,12.0,15.5,2.2145271514330425,46,sub-HUP107,01,False
RG42-RG43,0.02001070282989607,True,12.0,18.5,2.0376843996774907,47,sub-HUP107,01,False
LAT3-LAT4,0.01750213786649712,True,18.0,23.0,2.262841397844294,48,sub-HUP107,01,False
RTO1-RTO2,0.017165923782835737,True,24.25,28.0,2.7103840798718557,49,sub-HUP107,01,False
LDH1-LDH2,0.017051303318307363,True,24.25,28.5,2.6922862783078143,50,sub-HUP107,01,False
ROF2-ROF3,0.015843886654175108,True,23.5,26.5,2.4472597460751255,51,sub-HUP107,01,False
RTO2-RTO3,0.01533839840427607,True,21.25,26.25,2.2112361747559226,52,sub-HUP107,01,False
RG03-RG04,0.014519995037419717,True,27.0,29.75,2.4753539524085304,53,sub-HUP107,01,True
LAT1-LAT2,0.0,False,,,,54,sub-HUP107,01,False
LAT2-LAT3,0.0,False,,,,54,sub-HUP107,01,False
LDA1-LDA2,0.0,False,,,,54,sub-HUP107,01,False
LDA2-LDA3,0.0,False,,,,54,sub-HUP107,01,False
LDA3-LDA4,0.0,False,,,,54,sub-HUP107,01,False
LDH2-LDH3,0.0,False,,,,54,sub-HUP107,01,False
RAT1-RAT2,0.0,False,,,,54,sub-HUP107,01,True
RAT2-RAT3,0.0,False,,,,54,sub-HUP107,01,True
RDA2-RDA3,0.0,False,,,,54,sub-HUP107,01,False
RDA3-RDA4,0.0,False,,,,54,sub-HUP107,01,False
RG02-RG03,0.0,False,,,,54,sub-HUP107,01,False
RG04-RG05,0.0,False,,,,54,sub-HUP107,01,True
RG14-RG15,0.0,False,,,,54,sub-HUP107,01,False
RG15-RG16,0.0,False,,,,54,sub-HUP107,01,False
RG16-RG17,0.0,False,,,,54,sub-HUP107,01,False
RG22-RG23,0.0,False,,,,54,sub-HUP107,01,False
RG23-RG24,0.0,False,,,,54,sub-HUP107,01,False
RG24-RG25,0.0,False,,,,54,sub-HUP107,01,False
RG26-RG27,0.0,False,,,,54,sub-HUP107,01,False
RG27-RG28,0.0,False,,,,54,sub-HUP107,01,False
RG28-RG29,0.0,False,,,,54,sub-HUP107,01,False
RG29-RG30,0.0,False,,,,54,sub-HUP107,01,False
RG32-RG33,0.0,False,,,,54,sub-HUP107,01,False
RG37-RG38,0.0,False,,,,54,sub-HUP107,01,True
RG38-RG39,0.0,False,,,,54,sub-HUP107,01,True
RG39-RG40,0.0,False,,,,54,sub-HUP107,01,True
RG40-RG41,0.0,False,,,,54,sub-HUP107,01,False
RG44-RG45,0.0,False,,,,54,sub-HUP107,01,False
RG47-RG48,0.0,False,,,,54,sub-HUP107,01,False
RG48-RG49,0.0,False,,,,54,sub-HUP107,01,False
RG49-RG50,0.0,False,,,,54,sub-HUP107,01,False
RG50-RG51,0.0,False,,,,54,sub-HUP107,01,False
RG51-RG52,0.0,False,,,,54,sub-HUP107,01,False
RG52-RG53,0.0,False,,,,54,sub-HUP107,01,False
RG53-RG54,0.0,False,,,,54,sub-HUP107,01,False
RG54-RG55,0.0,False,,,,54,sub-HUP107,01,False
RG55-RG56,0.0,False,,,,54,sub-HUP107,01,False
RG56-RG57,0.0,False,,,,54,sub-HUP107,01,False
RG57-RG58,0.0,False,,,,54,sub-HUP107,01,False
RG58-RG59,0.0,False,,,,54,sub-HUP107,01,False
RG59-RG60,0.0,False,,,,54,sub-HUP107,01,False
RG60-RG61,0.0,False,,,,54,sub-HUP107,01,False
RG61-RG62,0.0,False,,,,54,sub-HUP107,01,False
RG62-RG63,0.0,False,,,,54,sub-HUP107,01,False
RG63-RG64,0.0,False,,,,54,sub-HUP107,01,False
ROF1-ROF2,0.0,False,,,,54,sub-HUP107,01,False
RP3-RP4,0.0,False,,,,54,sub-HUP107,01,False
RP4-RP5,0.0,False,,,,54,sub-HUP107,01,False
RTO3-RTO4,0.0,False,,,,54,sub-HUP107,01,True
RG18-RG19,1.0,True,-7.5,-5.25,6.483308000445324,1,sub-HUP107,02,False
RG01-RG02,0.6162869271934989,True,-6.5,-5.25,7.991155931286952,2,sub-HUP107,02,False
RG17-RG18,0.5878219176119803,True,-7.5,-4.75,3.811030541290864,3,sub-HUP107,02,False
RG09-RG10,0.46371589253088435,True,-6.75,-2.75,5.261222672963472,4,sub-HUP107,02,False
RG25-RG26,0.3576428148970476,True,-6.75,-3.0,4.057739915466676,5,sub-HUP107,02,False
RTO4-RTO5,0.2487540072896254,True,-7.0,-1.0,2.4191232684054937,6,sub-HUP107,02,True
RDH2-RDH3,0.24754297840637468,True,-6.75,-3.5,2.808570401623198,7,sub-HUP107,02,True
ROF3-ROF4,0.21432141625591933,True,-3.5,-1.25,6.947558763393872,8,sub-HUP107,02,False
RDA1-RDA2,0.21130836560289426,True,-6.25,-1.75,3.082448738867107,9,sub-HUP107,02,False
RG19-RG20,0.19328596914070986,True,-2.0,-0.25,8.14536105567465,10,sub-HUP107,02,False
RG07-RG08,0.14099081762163587,True,-3.75,-1.75,4.341912755409477,11,sub-HUP107,02,True
RG12-RG13,0.13541854918167098,True,-4.25,-0.25,3.7313306941024607,12,sub-HUP107,02,False
RG49-RG50,0.11851343014934013,True,-4.75,-0.5,2.881346511927881,13,sub-HUP107,02,False
RG20-RG21,0.11691640353155881,True,-2.25,0.5,4.737531589996557,14,sub-HUP107,02,False
RG06-RG07,0.11480929857537552,True,-1.5,0.5,5.210408307854736,15,sub-HUP107,02,True
RG55-RG56,0.10931885321435722,True,-5.25,0.0,2.3034303358434878,16,sub-HUP107,02,False
RG26-RG27,0.10149131697730994,True,-5.5,1.0,1.9739984020041774,17,sub-HUP107,02,False
RTO5-RTO6,0.09433017060783319,True,-3.75,-1.0,2.904964861479402,18,sub-HUP107,02,True
RG58-RG59,0.09337360740541778,True,-1.5,-0.25,4.2375889914539,19,sub-HUP107,02,False
RG43-RG44,0.08871421671694142,True,1.25,2.75,5.607825512193319,20,sub-HUP107,02,False
RTO2-RTO3,0.07293566203947079,True,-1.75,1.5,3.1918344382233714,21,sub-HUP107,02,False
RG50-RG51,0.06825973548986372,True,-1.5,-0.25,3.0978422244680055,22,sub-HUP107,02,False
RG51-RG52,0.06247462905863056,True,-1.5,-0.25,2.8352958368047143,23,sub-HUP107,02,False
RG27-RG28,0.06157541924834039,True,-2.25,0.5,2.4950775515221264,24,sub-HUP107,02,False
LPT3-LPT4,0.04992329777768297,True,4.5,6.5,4.207685506578661,25,sub-HUP107,02,False
RG53-RG54,0.04830000924469501,True,-0.5,0.0,2.505150690861714,26,sub-HUP107,02,False
RDA2-RDA3,0.048028291253959056,True,-0.5,6.5,2.4910576394760873,27,sub-HUP107,02,False
RG57-RG58,0.047895122578813634,True,2.5,4.25,3.4157071453728514,28,sub-HUP107,02,False
LDH3-LDH4,0.03855650600673426,True,5.5,6.5,3.499631854077498,29,sub-HUP107,02,False
LDH2-LDH3,0.037844848081530956,True,5.5,7.5,3.435037288796785,30,sub-HUP107,02,False
RG54-RG55,0.030064051065857605,True,8.25,9.5,3.2648179219179454,31,sub-HUP107,02,False
RG52-RG53,0.026349615943373247,True,9.0,13.0,2.989571827450835,32,sub-HUP107,02,False
RG60-RG61,0.02420469183407743,True,10.5,14.0,2.981602972107568,33,sub-HUP107,02,False
RG59-RG60,0.023017797078500966,True,9.25,10.5,2.648858556142183,34,sub-HUP107,02,False
RG44-RG45,0.013653819431798508,True,21.75,25.75,2.6777879819541566,35,sub-HUP107,02,False
LDH1-LDH2,0.01004357838639106,True,22.0,30.0,1.9860261692204613,36,sub-HUP107,02,False
LAT1-LAT2,0.0,False,,,,37,sub-HUP107,02,False
LAT2-LAT3,0.0,False,,,,37,sub-HUP107,02,False
LAT3-LAT4,0.0,False,,,,37,sub-HUP107,02,False
LDA1-LDA2,0.0,False,,,,37,sub-HUP107,02,False
LDA2-LDA3,0.0,False,,,,37,sub-HUP107,02,False
LDA3-LDA4,0.0,False,,,,37,sub-HUP107,02,False
LPT1-LPT2,0.0,False,,,,37,sub-HUP107,02,False
LPT2-LPT3,0.0,False,,,,37,sub-HUP107,02,False
RAT1-RAT2,0.0,False,,,,37,sub-HUP107,02,True
RAT2-RAT3,0.0,False,,,,37,sub-HUP107,02,True
RAT3-RAT4,0.0,False,,,,37,sub-HUP107,02,False
RDA3-RDA4,0.0,False,,,,37,sub-HUP107,02,False
RDH1-RDH2,0.0,False,,,,37,sub-HUP107,02,True
RDH3-RDH4,0.0,False,,,,37,sub-HUP107,02,True
RG02-RG03,0.0,False,,,,37,sub-HUP107,02,False
RG03-RG04,0.0,False,,,,37,sub-HUP107,02,True
RG04-RG05,0.0,False,,,,37,sub-HUP107,02,True
RG05-RG06,0.0,False,,,,37,sub-HUP107,02,True
RG08-RG09,0.0,False,,,,37,sub-HUP107,02,True
RG10-RG11,0.0,False,,,,37,sub-HUP107,02,False
RG11-RG12,0.0,False,,,,37,sub-HUP107,02,False
RG13-RG14,0.0,False,,,,37,sub-HUP107,02,False
RG14-RG15,0.0,False,,,,37,sub-HUP107,02,False
RG15-RG16,0.0,False,,,,37,sub-HUP107,02,False
RG16-RG17,0.0,False,,,,37,sub-HUP107,02,False
RG21-RG22,0.0,False,,,,37,sub-HUP107,02,False
RG22-RG23,0.0,False,,,,37,sub-HUP107,02,False
RG23-RG24,0.0,False,,,,37,sub-HUP107,02,False
RG24-RG25,0.0,False,,,,37,sub-HUP107,02,False
RG28-RG29,0.0,False,,,,37,sub-HUP107,02,False
RG29-RG30,0.0,False,,,,37,sub-HUP107,02,False
RG30-RG31,0.0,False,,,,37,sub-HUP107,02,False
RG31-RG32,0.0,False,,,,37,sub-HUP107,02,False
RG32-RG33,0.0,False,,,,37,sub-HUP107,02,False
RG33-RG34,0.0,False,,,,37,sub-HUP107,02,False
RG34-RG35,0.0,False,,,,37,sub-HUP107,02,False
RG35-RG36,0.0,False,,,,37,sub-HUP107,02,False
RG36-RG37,0.0,False,,,,37,sub-HUP107,02,True
RG37-RG38,0.0,False,,,,37,sub-HUP107,02,True
RG38-RG39,0.0,False,,,,37,sub-HUP107,02,True
RG39-RG40,0.0,False,,,,37,sub-HUP107,02,True
RG40-RG41,0.0,False,,,,37,sub-HUP107,02,False
RG41-RG42,0.0,False,,,,37,sub-HUP107,02,False
RG42-RG43,0.0,False,,,,37,sub-HUP107,02,False
RG45-RG46,0.0,False,,,,37,sub-HUP107,02,False
RG46-RG47,0.0,False,,,,37,sub-HUP107,02,False
RG47-RG48,0.0,False,,,,37,sub-HUP107,02,False
RG48-RG49,0.0,False,,,,37,sub-HUP107,02,False
RG56-RG57,0.0,False,,,,37,sub-HUP107,02,False
RG61-RG62,0.0,False,,,,37,sub-HUP107,02,False
RG62-RG63,0.0,False,,,,37,sub-HUP107,02,False
RG63-RG64,0.0,False,,,,37,sub-HUP107,02,False
RMT1-RMT2,0.0,False,,,,37,sub-HUP107,02,True
RMT2-RMT3,0.0,False,,,,37,sub-HUP107,02,True
RMT3-RMT4,0.0,False,,,,37,sub-HUP107,02,True
ROF1-ROF2,0.0,False,,,,37,sub-HUP107,02,False
ROF2-ROF3,0.0,False,,,,37,sub-HUP107,02,False
RP1-RP2,0.0,False,,,,37,sub-HUP107,02,False
RP2-RP3,0.0,False,,,,37,sub-HUP107,02,False
RP3-RP4,0.0,False,,,,37,sub-HUP107,02,False
RP4-RP5,0.0,False,,,,37,sub-HUP107,02,False
RPT1-RPT2,0.0,False,,,,37,sub-HUP107,02,True
RPT2-RPT3,0.0,False,,,,37,sub-HUP107,02,True
RPT3-RPT4,0.0,False,,,,37,sub-HUP107,02,True
RTO1-RTO2,0.0,False,,,,37,sub-HUP107,02,False
RTO3-RTO4,0.0,False,,,,37,sub-HUP107,02,True
RG11-RG12,1.0,True,-9.25,-8.75,13.558195970159414,1,sub-HUP107,03,False
RG10-RG11,0.8131848641032623,True,-9.25,-8.75,11.025319747479482,2,sub-HUP107,03,False
RG33-RG34,0.5654188847448371,True,-10.0,-9.5,4.380605739771132,3,sub-HUP107,03,False
RG50-RG51,0.43981150703960054,True,-8.0,-7.5,10.222372461212657,4,sub-HUP107,03,False
RG49-RG50,0.4128225306204494,True,-7.75,-7.25,10.394667717662777,5,sub-HUP107,03,False
RDH3-RDH4,0.3964959408597265,True,-9.25,-8.0,5.375769667548909,6,sub-HUP107,03,True
RAT2-RAT3,0.3207730796020291,True,-6.5,-6.0,11.183410993360772,7,sub-HUP107,03,True
RG07-RG08,0.27859625817429123,True,1.25,1.75,26.440838654161166,8,sub-HUP107,03,True
ROF3-ROF4,0.2639614171419154,True,-8.5,-7.0,5.112629460244408,9,sub-HUP107,03,False
RMT3-RMT4,0.24422554624867018,True,-8.0,-7.25,5.6764419719292025,10,sub-HUP107,03,True
RG34-RG35,0.16881776392792303,True,-7.25,-6.5,4.904709271240477,11,sub-HUP107,03,False
RG02-RG03,0.16328971872805456,True,-4.5,-2.0,8.2231091667295,12,sub-HUP107,03,False
RG03-RG04,0.15578992100655611,True,-6.25,-5.25,5.7331964720669015,13,sub-HUP107,03,True
RG08-RG09,0.14905492201693396,True,1.25,2.5,14.146410901156937,14,sub-HUP107,03,True
RG09-RG10,0.1437985799103422,True,-0.5,0.0,11.697895959930289,15,sub-HUP107,03,False
RG01-RG02,0.13227211808140052,True,-2.25,-1.0,8.966856491678474,16,sub-HUP107,03,False
RDH1-RDH2,0.114225178820191,True,-5.5,-4.25,4.867303128822049,17,sub-HUP107,03,True
RG25-RG26,0.10637332711410681,True,0.5,1.75,9.477514155786125,18,sub-HUP107,03,False
RPT3-RPT4,0.0992500936743606,True,-5.25,-4.5,4.421428723164884,19,sub-HUP107,03,True
RG57-RG58,0.09820606265598213,True,-5.0,-4.0,4.565132718677347,20,sub-HUP107,03,False
RG41-RG42,0.0957166839255434,True,-7.0,-4.0,2.9662755617744567,21,sub-HUP107,03,False
RG18-RG19,0.09193538960454144,True,0.0,2.25,7.835004752779784,22,sub-HUP107,03,False
RG05-RG06,0.09193430476143562,True,-3.75,-3.25,5.163919469963029,23,sub-HUP107,03,True
RG63-RG64,0.07975112545238605,True,-5.25,-4.25,3.5527817025224318,24,sub-HUP107,03,False
RG62-RG63,0.07911759518184662,True,-5.0,-4.0,3.6778006634167433,25,sub-HUP107,03,False
RP4-RP5,0.06954202459600364,True,-3.5,-1.5,4.040847418432557,26,sub-HUP107,03,False
RDA2-RDA3,0.06825028165147136,True,-4.5,-2.0,3.437016862125689,27,sub-HUP107,03,False
RG32-RG33,0.06546791898884861,True,-4.0,-2.25,3.550507501637321,28,sub-HUP107,03,False
RG17-RG18,0.06528535923298333,True,1.25,2.5,6.19606186124131,29,sub-HUP107,03,False
RG60-RG61,0.06236964539510634,True,-5.0,-4.5,2.8992681423641224,30,sub-HUP107,03,False
RG42-RG43,0.061136522709822644,True,-2.5,-0.25,4.026090356907401,31,sub-HUP107,03,False
LPT3-LPT4,0.05967312531037209,True,8.5,9.5,9.01523918779608,32,sub-HUP107,03,False
RG06-RG07,0.05908763184404024,True,3.75,4.75,6.752311403613378,33,sub-HUP107,03,True
RG35-RG36,0.05222295606194214,True,-2.25,-1.0,3.54024536214418,34,sub-HUP107,03,False
RG13-RG14,0.05154571890251829,True,4.75,5.25,6.28980262472784,35,sub-HUP107,03,False
RG12-RG13,0.05065524407620331,True,2.0,4.25,5.101896251039129,36,sub-HUP107,03,False
RDA1-RDA2,0.04680082895341566,True,-4.25,2.75,2.4474914119915208,37,sub-HUP107,03,False
RG26-RG27,0.044758335758229684,True,3.5,4.25,5.028121810782823,38,sub-HUP107,03,False
RDH2-RDH3,0.04170525489597959,True,-2.75,-2.0,2.6656835175070963,39,sub-HUP107,03,True
LDH3-LDH4,0.03871890184607122,True,-4.25,3.5,2.02483977034526,40,sub-HUP107,03,False
RG45-RG46,0.03650297595522639,True,0.75,4.0,3.322997367180556,41,sub-HUP107,03,False
RAT3-RAT4,0.034240450140323446,True,4.0,5.0,3.979189140934094,42,sub-HUP107,03,False
RPT2-RPT3,0.034111439027755354,True,0.25,2.0,2.9731472689014717,43,sub-HUP107,03,True
RDA3-RDA4,0.03348705163080781,True,3.5,6.25,3.761913213064806,44,sub-HUP107,03,False
RPT1-RPT2,0.03222722070915393,True,-1.0,2.5,2.4968169939902216,45,sub-HUP107,03,True
RG46-RG47,0.030009207956789286,True,-2.0,6.25,2.0924780008495696,46,sub-HUP107,03,False
RG20-RG21,0.029473737241665403,True,3.5,5.5,3.3110601312483063,47,sub-HUP107,03,False
RG19-RG20,0.028950283172475087,True,3.75,4.75,3.3083290208567875,48,sub-HUP107,03,False
RAT1-RAT2,0.019644768257086304,True,9.75,12.0,3.1581217541270394,49,sub-HUP107,03,True
LPT1-LPT2,0.01944036789528122,True,7.75,9.75,2.824031974888053,50,sub-HUP107,03,False
RG16-RG17,0.017709073018530783,True,27.75,29.0,5.316568253920135,51,sub-HUP107,03,False
RTO2-RTO3,0.014223136999743285,True,13.5,19.0,2.6997611025412254,52,sub-HUP107,03,False
LDA1-LDA2,0.01358471740514844,True,15.25,19.5,2.7627639116735705,53,sub-HUP107,03,False
RG04-RG05,0.0130547567852859,True,25.25,26.75,3.666406838780401,54,sub-HUP107,03,True
RTO1-RTO2,0.012113184657543415,True,25.0,29.75,3.3785060175710115,55,sub-HUP107,03,False
LDH1-LDH2,0.011293670541200493,True,10.25,25.0,1.8593361236715815,56,sub-HUP107,03,False
RG43-RG44,0.011281980607657102,True,13.75,20.0,2.1633381567150236,57,sub-HUP107,03,False
LDA3-LDA4,0.009647894381266377,True,20.75,23.25,2.3732316322167715,58,sub-HUP107,03,False
LAT1-LAT2,0.0,False,,,,59,sub-HUP107,03,False
LAT2-LAT3,0.0,False,,,,59,sub-HUP107,03,False
LAT3-LAT4,0.0,False,,,,59,sub-HUP107,03,False
LDA2-LDA3,0.0,False,,,,59,sub-HUP107,03,False
LDH2-LDH3,0.0,False,,,,59,sub-HUP107,03,False
LPT2-LPT3,0.0,False,,,,59,sub-HUP107,03,False
RG14-RG15,0.0,False,,,,59,sub-HUP107,03,False
RG15-RG16,0.0,False,,,,59,sub-HUP107,03,False
RG21-RG22,0.0,False,,,,59,sub-HUP107,03,False
RG22-RG23,0.0,False,,,,59,sub-HUP107,03,False
RG23-RG24,0.0,False,,,,59,sub-HUP107,03,False
RG24-RG25,0.0,False,,,,59,sub-HUP107,03,False
RG27-RG28,0.0,False,,,,59,sub-HUP107,03,False
RG28-RG29,0.0,False,,,,59,sub-HUP107,03,False
RG29-RG30,0.0,False,,,,59,sub-HUP107,03,False
RG30-RG31,0.0,False,,,,59,sub-HUP107,03,False
RG31-RG32,0.0,False,,,,59,sub-HUP107,03,False
RG36-RG37,0.0,False,,,,59,sub-HUP107,03,True
RG37-RG38,0.0,False,,,,59,sub-HUP107,03,True
RG38-RG39,0.0,False,,,,59,sub-HUP107,03,True
RG39-RG40,0.0,False,,,,59,sub-HUP107,03,True
RG40-RG41,0.0,False,,,,59,sub-HUP107,03,False
RG44-RG45,0.0,False,,,,59,sub-HUP107,03,False
RG47-RG48,0.0,False,,,,59,sub-HUP107,03,False
RG48-RG49,0.0,False,,,,59,sub-HUP107,03,False
RG51-RG52,0.0,False,,,,59,sub-HUP107,03,False
RG52-RG53,0.0,False,,,,59,sub-HUP107,03,False
RG53-RG54,0.0,False,,,,59,sub-HUP107,03,False
RG54-RG55,0.0,False,,,,59,sub-HUP107,03,False
RG55-RG56,0.0,False,,,,59,sub-HUP107,03,False
RG56-RG57,0.0,False,,,,59,sub-HUP107,03,False
RG58-RG59,0.0,False,,,,59,sub-HUP107,03,False
RG59-RG60,0.0,False,,,,59,sub-HUP107,03,False
RG61-RG62,0.0,False,,,,59,sub-HUP107,03,False
RMT1-RMT2,0.0,False,,,,59,sub-HUP107,03,True
RMT2-RMT3,0.0,False,,,,59,sub-HUP107,03,True
ROF1-ROF2,0.0,False,,,,59,sub-HUP107,03,False
ROF2-ROF3,0.0,False,,,,59,sub-HUP107,03,False
RP1-RP2,0.0,False,,,,59,sub-HUP107,03,False
RP2-RP3,0.0,False,,,,59,sub-HUP107,03,False
RP3-RP4,0.0,False,,,,59,sub-HUP107,03,False
RTO3-RTO4,0.0,False,,,,59,sub-HUP107,03,True
RTO4-RTO5,0.0,False,,,,59,sub-HUP107,03,True
RTO5-RTO6,0.0,False,,,,59,sub-HUP107,03,True
LDH1-LDH2,1.0,True,-5.25,-4.0,2.1003368580457837,1,sub-HUP111,01,False
RG32-RG33,0.6297927645945115,True,-4.25,-2.75,2.6455539128168084,2,sub-HUP111,01,False
RG26-RG27,0.5409139662811111,True,-4.25,-2.5,2.272203080823904,3,sub-HUP111,01,False
RO2-RO3,0.15586534478923944,True,3.5,4.0,3.191854853390326,4,sub-HUP111,01,False
ROF3-ROF4,0.12637247218626602,True,6.75,9.5,3.4505218952773427,5,sub-HUP111,01,False
RG23-RG24,0.09226415903754576,True,6.5,10.5,2.470769127265231,6,sub-HUP111,01,False
ROF1-ROF2,0.08236099144802522,True,8.25,10.0,2.508294477050474,7,sub-HUP111,01,False
RG24-RG25,0.07507501774511907,True,13.25,14.75,3.0748151243260393,8,sub-HUP111,01,False
RG19-RG20,0.06316123909323927,True,9.75,10.5,2.1225580554779633,9,sub-HUP111,01,False
RG10-RG11,0.06083819338405565,True,9.5,10.5,2.0125460240778255,10,sub-HUP111,01,False
RSP5-RSP6,0.05867315254966744,True,9.25,10.5,1.910117465606047,11,sub-HUP111,01,False
RG14-RG15,0.0530867742167379,True,15.25,16.25,2.3972523340866383,12,sub-HUP111,01,False
RG27-RG28,0.052469123003716214,True,8.75,16.0,1.653042494310646,13,sub-HUP111,01,True
RG21-RG22,0.04863856293723491,True,15.0,18.0,2.1708440372633993,14,sub-HUP111,01,False
RG29-RG30,0.04830747173447125,True,15.0,16.0,2.156066722311941,15,sub-HUP111,01,True
LDA2-LDA3,0.042327735606586925,True,20.0,21.5,2.33369070931845,16,sub-HUP111,01,False
RDH3-RDH4,0.02844545503055266,True,29.25,30.0,2.120948836381653,17,sub-HUP111,01,False
LDH2-LDH3,0.024255711596052727,True,22.75,23.25,1.477409787416224,18,sub-HUP111,01,False
LAST1-LAST2,0.0,False,,,,19,sub-HUP111,01,False
LAST2-LAST3,0.0,False,,,,19,sub-HUP111,01,False
LAST3-LAST4,0.0,False,,,,19,sub-HUP111,01,False
LDA1-LDA2,0.0,False,,,,19,sub-HUP111,01,False
LDA3-LDA4,0.0,False,,,,19,sub-HUP111,01,False
LDH3-LDH4,0.0,False,,,,19,sub-HUP111,01,False
LPST1-LPST2,0.0,False,,,,19,sub-HUP111,01,False
LPST2-LPST3,0.0,False,,,,19,sub-HUP111,01,False
LPST3-LPST4,0.0,False,,,,19,sub-HUP111,01,False
RAST1-RAST2,0.0,False,,,,19,sub-HUP111,01,False
RAST2-RAST3,0.0,False,,,,19,sub-HUP111,01,False
RAST3-RAST4,0.0,False,,,,19,sub-HUP111,01,False
RDH1-RDH2,0.0,False,,,,19,sub-HUP111,01,False
RDH2-RDH3,0.0,False,,,,19,sub-HUP111,01,False
RG1-RG2,0.0,False,,,,19,sub-HUP111,01,False
RG11-RG12,0.0,False,,,,19,sub-HUP111,01,False
RG12-RG13,0.0,False,,,,19,sub-HUP111,01,False
RG13-RG14,0.0,False,,,,19,sub-HUP111,01,False
RG15-RG16,0.0,False,,,,19,sub-HUP111,01,False
RG16-RG17,0.0,False,,,,19,sub-HUP111,01,False
RG17-RG18,0.0,False,,,,19,sub-HUP111,01,False
RG18-RG19,0.0,False,,,,19,sub-HUP111,01,False
RG2-RG3,0.0,False,,,,19,sub-HUP111,01,False
RG20-RG21,0.0,False,,,,19,sub-HUP111,01,False
RG22-RG23,0.0,False,,,,19,sub-HUP111,01,False
RG25-RG26,0.0,False,,,,19,sub-HUP111,01,False
RG28-RG29,0.0,False,,,,19,sub-HUP111,01,True
RG3-RG4,0.0,False,,,,19,sub-HUP111,01,False
RG30-RG31,0.0,False,,,,19,sub-HUP111,01,False
RG31-RG32,0.0,False,,,,19,sub-HUP111,01,False
RG33-RG34,0.0,False,,,,19,sub-HUP111,01,False
RG34-RG35,0.0,False,,,,19,sub-HUP111,01,False
RG35-RG36,0.0,False,,,,19,sub-HUP111,01,True
RG36-RG37,0.0,False,,,,19,sub-HUP111,01,True
RG37-RG38,0.0,False,,,,19,sub-HUP111,01,True
RG38-RG39,0.0,False,,,,19,sub-HUP111,01,True
RG39-RG40,0.0,False,,,,19,sub-HUP111,01,False
RG4-RG5,0.0,False,,,,19,sub-HUP111,01,False
RG40-RG41,0.0,False,,,,19,sub-HUP111,01,False
RG41-RG42,0.0,False,,,,19,sub-HUP111,01,False
RG42-RG43,0.0,False,,,,19,sub-HUP111,01,False
RG43-RG44,0.0,False,,,,19,sub-HUP111,01,False
RG44-RG45,0.0,False,,,,19,sub-HUP111,01,False
RG45-RG46,0.0,False,,,,19,sub-HUP111,01,True
RG46-RG47,0.0,False,,,,19,sub-HUP111,01,True
RG47-RG48,0.0,False,,,,19,sub-HUP111,01,True
RG5-RG6,0.0,False,,,,19,sub-HUP111,01,False
RG6-RG7,0.0,False,,,,19,sub-HUP111,01,False
RG9-RG10,0.0,False,,,,19,sub-HUP111,01,False
RMST1-RMST2,0.0,False,,,,19,sub-HUP111,01,True
RMST2-RMST3,0.0,False,,,,19,sub-HUP111,01,True
RMST3-RMST4,0.0,False,,,,19,sub-HUP111,01,True
RO1-RO2,0.0,False,,,,19,sub-HUP111,01,False
RO3-RO4,0.0,False,,,,19,sub-HUP111,01,False
RO4-RO5,0.0,False,,,,19,sub-HUP111,01,False
RO5-RO6,0.0,False,,,,19,sub-HUP111,01,False
ROF2-ROF3,0.0,False,,,,19,sub-HUP111,01,False
ROF4-ROF5,0.0,False,,,,19,sub-HUP111,01,False
ROF5-ROF6,0.0,False,,,,19,sub-HUP111,01,False
RPST1-RPST2,0.0,False,,,,19,sub-HUP111,01,True
RPST2-RPST3,0.0,False,,,,19,sub-HUP111,01,True
RPST3-RPST4,0.0,False,,,,19,sub-HUP111,01,True
RSF1-RSF2,0.0,False,,,,19,sub-HUP111,01,False
RSF5-RSF6,0.0,False,,,,19,sub-HUP111,01,False
RSP1-RSP2,0.0,False,,,,19,sub-HUP111,01,False
RSP2-RSP3,0.0,False,,,,19,sub-HUP111,01,False
RSP3-RSP4,0.0,False,,,,19,sub-HUP111,01,False
RSP4-RSP5,0.0,False,,,,19,sub-HUP111,01,False
RO4-RO5,1.0,True,-8.5,-8.25,2.7900724099363936,1,sub-HUP111,02,False
RG40-RG41,0.30840437055698444,True,-4.5,-3.5,4.30235262697421,2,sub-HUP111,02,False
LDA3-LDA4,0.21677957094954614,True,-5.0,-3.25,2.7217381497487994,3,sub-HUP111,02,False
RG32-RG33,0.20502565943858336,True,-4.5,-3.75,2.860182178643033,4,sub-HUP111,02,False
RG41-RG42,0.17504082862017986,True,-4.25,-2.75,2.5639770793642342,5,sub-HUP111,02,False
RG30-RG31,0.06303138794735068,True,12.75,15.5,3.9129325364997847,6,sub-HUP111,02,False
RPST2-RPST3,0.05414890567723327,True,4.75,6.75,2.1528809905557273,7,sub-HUP111,02,True
RG19-RG20,0.05340802522243011,True,12.75,15.75,3.3155227325409355,8,sub-HUP111,02,False
RG23-RG24,0.052370544091701915,True,15.25,16.5,3.616410851549469,9,sub-HUP111,02,False
RG37-RG38,0.05209569284230386,True,9.75,12.0,2.7980020390597824,10,sub-HUP111,02,True
RG21-RG22,0.05146819770143268,True,13.5,16.0,3.3027999631061378,11,sub-HUP111,02,False
RSP5-RSP6,0.04644231649715866,True,12.75,17.0,2.8830977265477005,12,sub-HUP111,02,False
RG22-RG23,0.04454211149225312,True,12.75,17.25,2.7651346888953277,13,sub-HUP111,02,False
RSP2-RSP3,0.04286741698703414,True,5.5,7.0,1.7940479613114395,14,sub-HUP111,02,False
RG29-RG30,0.04007188100532289,True,13.0,16.75,2.515577616162127,15,sub-HUP111,02,True
RO5-RO6,0.039103835377171735,True,10.0,11.0,2.12749937806656,16,sub-HUP111,02,False
RG20-RG21,0.03757986648165491,True,12.75,17.0,2.332924707230183,17,sub-HUP111,02,False
RSP1-RSP2,0.036769010115934676,True,15.25,19.25,2.5390579664622517,18,sub-HUP111,02,False
RG10-RG11,0.03658197681406854,True,12.75,22.25,2.270976603669507,19,sub-HUP111,02,False
RO1-RO2,0.03640197715744248,True,12.25,17.75,2.209020308917003,20,sub-HUP111,02,False
RG36-RG37,0.03597943053049991,True,13.75,17.5,2.333956282424624,21,sub-HUP111,02,True
RSF5-RSF6,0.03534056609059989,True,16.5,18.25,2.563671198423827,22,sub-HUP111,02,False
RG28-RG29,0.03151380314771297,True,13.25,20.75,2.000311783802164,23,sub-HUP111,02,True
RG12-RG13,0.03088497833070603,True,12.5,17.25,1.8957691702836978,24,sub-HUP111,02,False
RG11-RG12,0.02980476765167897,True,14.75,25.25,2.01656840280572,25,sub-HUP111,02,False
RPST1-RPST2,0.02794624260340819,True,12.75,22.25,1.73487789999377,26,sub-HUP111,02,True
RG4-RG5,0.026177232452429675,True,12.75,23.25,1.6250593222568477,27,sub-HUP111,02,False
LAST1-LAST2,0.0,False,,,,28,sub-HUP111,02,False
LAST2-LAST3,0.0,False,,,,28,sub-HUP111,02,False
LAST3-LAST4,0.0,False,,,,28,sub-HUP111,02,False
LDA1-LDA2,0.0,False,,,,28,sub-HUP111,02,False
LDA2-LDA3,0.0,False,,,,28,sub-HUP111,02,False
LDH1-LDH2,0.0,False,,,,28,sub-HUP111,02,False
LDH2-LDH3,0.0,False,,,,28,sub-HUP111,02,False
LDH3-LDH4,0.0,False,,,,28,sub-HUP111,02,False
LPST1-LPST2,0.0,False,,,,28,sub-HUP111,02,False
LPST2-LPST3,0.0,False,,,,28,sub-HUP111,02,False
LPST3-LPST4,0.0,False,,,,28,sub-HUP111,02,False
RAST1-RAST2,0.0,False,,,,28,sub-HUP111,02,False
RAST2-RAST3,0.0,False,,,,28,sub-HUP111,02,False
RAST3-RAST4,0.0,False,,,,28,sub-HUP111,02,False
RDH1-RDH2,0.0,False,,,,28,sub-HUP111,02,False
RDH2-RDH3,0.0,False,,,,28,sub-HUP111,02,False
RDH3-RDH4,0.0,False,,,,28,sub-HUP111,02,False
RG1-RG2,0.0,False,,,,28,sub-HUP111,02,False
RG13-RG14,0.0,False,,,,28,sub-HUP111,02,False
RG14-RG15,0.0,False,,,,28,sub-HUP111,02,False
RG15-RG16,0.0,False,,,,28,sub-HUP111,02,False
RG16-RG17,0.0,False,,,,28,sub-HUP111,02,False
RG17-RG18,0.0,False,,,,28,sub-HUP111,02,False
RG18-RG19,0.0,False,,,,28,sub-HUP111,02,False
RG2-RG3,0.0,False,,,,28,sub-HUP111,02,False
RG24-RG25,0.0,False,,,,28,sub-HUP111,02,False
RG25-RG26,0.0,False,,,,28,sub-HUP111,02,False
RG26-RG27,0.0,False,,,,28,sub-HUP111,02,False
RG27-RG28,0.0,False,,,,28,sub-HUP111,02,True
RG3-RG4,0.0,False,,,,28,sub-HUP111,02,False
RG31-RG32,0.0,False,,,,28,sub-HUP111,02,False
RG33-RG34,0.0,False,,,,28,sub-HUP111,02,False
RG34-RG35,0.0,False,,,,28,sub-HUP111,02,False
RG35-RG36,0.0,False,,,,28,sub-HUP111,02,True
RG38-RG39,0.0,False,,,,28,sub-HUP111,02,True
RG39-RG40,0.0,False,,,,28,sub-HUP111,02,False
RG42-RG43,0.0,False,,,,28,sub-HUP111,02,False
RG43-RG44,0.0,False,,,,28,sub-HUP111,02,False
RG44-RG45,0.0,False,,,,28,sub-HUP111,02,False
RG45-RG46,0.0,False,,,,28,sub-HUP111,02,True
RG46-RG47,0.0,False,,,,28,sub-HUP111,02,True
RG47-RG48,0.0,False,,,,28,sub-HUP111,02,True
RG5-RG6,0.0,False,,,,28,sub-HUP111,02,False
RG6-RG7,0.0,False,,,,28,sub-HUP111,02,False
RG9-RG10,0.0,False,,,,28,sub-HUP111,02,False
RMST1-RMST2,0.0,False,,,,28,sub-HUP111,02,True
RMST2-RMST3,0.0,False,,,,28,sub-HUP111,02,True
RMST3-RMST4,0.0,False,,,,28,sub-HUP111,02,True
RO2-RO3,0.0,False,,,,28,sub-HUP111,02,False
RO3-RO4,0.0,False,,,,28,sub-HUP111,02,False
ROF1-ROF2,0.0,False,,,,28,sub-HUP111,02,False
ROF2-ROF3,0.0,False,,,,28,sub-HUP111,02,False
ROF3-ROF4,0.0,False,,,,28,sub-HUP111,02,False
ROF4-ROF5,0.0,False,,,,28,sub-HUP111,02,False
ROF5-ROF6,0.0,False,,,,28,sub-HUP111,02,False
RPST3-RPST4,0.0,False,,,,28,sub-HUP111,02,True
RSF1-RSF2,0.0,False,,,,28,sub-HUP111,02,False
RSP3-RSP4,0.0,False,,,,28,sub-HUP111,02,False
RSP4-RSP5,0.0,False,,,,28,sub-HUP111,02,False
RSP1-RSP2,1.0,True,-6.0,-5.5,2.209100411918303,1,sub-HUP111,03,False
RG35-RG36,0.9288311100687408,True,-5.5,-2.75,3.0778217817830846,2,sub-HUP111,03,True
RPST3-RPST4,0.8575537417993078,True,-5.75,-5.0,2.368027905313666,3,sub-HUP111,03,True
RG45-RG46,0.7208033099404441,True,-4.0,-2.0,4.776980666704533,4,sub-HUP111,03,True
LDA2-LDA3,0.49960075967441825,True,-5.5,-5.0,1.6555023659871817,5,sub-HUP111,03,False
RG12-RG13,0.45237396367357735,True,-3.75,-3.25,3.247853405850349,6,sub-HUP111,03,False
RG11-RG12,0.43837599503032915,True,-4.0,-1.5,2.905249773589788,7,sub-HUP111,03,False
RG46-RG47,0.3829574175684514,True,-4.0,-2.25,2.5379741666929068,8,sub-HUP111,03,True
LDA3-LDA4,0.21587743875600843,True,7.0,9.5,6.67652914431673,9,sub-HUP111,03,False
RSF5-RSF6,0.20355939622764704,True,1.0,4.25,3.5974651684506886,10,sub-HUP111,03,False
RO1-RO2,0.19752836404324087,True,-1.75,4.0,2.2908899494607278,11,sub-HUP111,03,False
RG42-RG43,0.19701691009974803,True,8.0,10.25,6.528452058843369,12,sub-HUP111,03,False
LPST3-LPST4,0.18398427037416784,True,6.5,10.75,5.486936320845846,13,sub-HUP111,03,False
RG10-RG11,0.17564370469784288,True,0.5,4.0,2.9101093529914612,14,sub-HUP111,03,False
LDH3-LDH4,0.17257383105403187,True,9.0,9.75,6.099726740284503,15,sub-HUP111,03,False
RAST1-RAST2,0.16768039879871424,True,1.25,2.25,3.055988413969136,16,sub-HUP111,03,False
RMST3-RMST4,0.1621510937226425,True,0.5,3.75,2.6865603595176966,17,sub-HUP111,03,True
LAST2-LAST3,0.15843866162444187,True,9.0,10.0,5.600110602533426,18,sub-HUP111,03,False
RG41-RG42,0.1528338946469741,True,11.25,12.5,6.1616639080596896,19,sub-HUP111,03,False
RG32-RG33,0.1448701265960389,True,7.0,10.0,4.480457188731527,20,sub-HUP111,03,False
RG18-RG19,0.14085615516521482,True,2.5,4.75,2.9560712087686927,21,sub-HUP111,03,False
LAST3-LAST4,0.12964204935419046,True,7.75,10.5,4.2242864932965585,22,sub-HUP111,03,False
RG33-RG34,0.12779624839820444,True,8.25,10.0,4.30529986091583,23,sub-HUP111,03,False
RSF1-RSF2,0.12011017838049504,True,0.75,11.0,2.056349695153476,24,sub-HUP111,03,False
RG27-RG28,0.11677080856054016,True,4.0,4.75,2.8375428542023484,25,sub-HUP111,03,True
LAST1-LAST2,0.11594979351895665,True,0.5,2.25,1.9210855246842697,26,sub-HUP111,03,False
RG26-RG27,0.10609618433182914,True,8.5,9.25,3.6328454299112614,27,sub-HUP111,03,False
ROF5-ROF6,0.09916059984831366,True,9.75,12.0,3.669183343013843,28,sub-HUP111,03,False
LDA1-LDA2,0.0959104857220277,True,9.25,9.75,3.442983269632008,29,sub-HUP111,03,False
RAST3-RAST4,0.09156317617832196,True,7.75,11.25,2.983515690628168,30,sub-HUP111,03,False
LPST2-LPST3,0.09124990423775292,True,9.0,11.25,3.2252832166260106,31,sub-HUP111,03,False
RG25-RG26,0.09100932041821132,True,9.25,10.0,3.267041817394476,32,sub-HUP111,03,False
RMST2-RMST3,0.08659663786057717,True,9.25,11.5,3.1086358609887936,33,sub-HUP111,03,True
RG34-RG35,0.08533985081370703,True,8.5,11.5,2.922126643576904,34,sub-HUP111,03,False
RAST2-RAST3,0.0841186854516743,True,8.5,13.25,2.8803126515604576,35,sub-HUP111,03,False
ROF3-ROF4,0.0820239633317732,True,7.25,12.25,2.5820881893633354,36,sub-HUP111,03,False
ROF1-ROF2,0.08148662445245414,True,6.5,11.75,2.4301638311906046,37,sub-HUP111,03,False
LDH2-LDH3,0.08060127864144051,True,4.25,4.75,2.0031335757894166,38,sub-HUP111,03,False
RG43-RG44,0.07981293289430463,True,8.5,12.75,2.7328791354648514,39,sub-HUP111,03,False
LPST1-LPST2,0.07475330945164838,True,9.0,9.75,2.6422010672302845,40,sub-HUP111,03,False
RG5-RG6,0.07200252278845609,True,8.0,13.0,2.38591204126703,41,sub-HUP111,03,False
RPST2-RPST3,0.06972015258942815,True,12.25,14.25,2.964862242733019,42,sub-HUP111,03,True
RO3-RO4,0.0677390207626875,True,6.75,12.75,2.057581606709687,43,sub-HUP111,03,False
ROF2-ROF3,0.06767268448898621,True,6.25,11.75,1.9808187561381374,44,sub-HUP111,03,False
RDH2-RDH3,0.06569272369830222,True,8.5,9.0,2.2493882562202976,45,sub-HUP111,03,False
RO5-RO6,0.06387997892181661,True,11.75,13.25,2.645949145303455,46,sub-HUP111,03,False
RO2-RO3,0.06298274283990954,True,18.5,22.5,3.547947680360412,47,sub-HUP111,03,False
RMST1-RMST2,0.0588265889200988,True,10.25,16.75,2.2417037713111467,48,sub-HUP111,03,True
RG39-RG40,0.04913199822532853,True,16.75,17.75,2.5777660410511363,49,sub-HUP111,03,False
RG36-RG37,0.04272793900595816,True,17.25,18.5,2.2889649607181957,50,sub-HUP111,03,True
RDH3-RDH4,0.03611360051567209,True,19.75,21.5,2.134076741481899,51,sub-HUP111,03,False
LDH1-LDH2,0.0,False,,,,52,sub-HUP111,03,False
RDH1-RDH2,0.0,False,,,,52,sub-HUP111,03,False
RG1-RG2,0.0,False,,,,52,sub-HUP111,03,False
RG13-RG14,0.0,False,,,,52,sub-HUP111,03,False
RG14-RG15,0.0,False,,,,52,sub-HUP111,03,False
RG15-RG16,0.0,False,,,,52,sub-HUP111,03,False
RG16-RG17,0.0,False,,,,52,sub-HUP111,03,False
RG17-RG18,0.0,False,,,,52,sub-HUP111,03,False
RG19-RG20,0.0,False,,,,52,sub-HUP111,03,False
RG2-RG3,0.0,False,,,,52,sub-HUP111,03,False
RG20-RG21,0.0,False,,,,52,sub-HUP111,03,False
RG21-RG22,0.0,False,,,,52,sub-HUP111,03,False
RG22-RG23,0.0,False,,,,52,sub-HUP111,03,False
RG23-RG24,0.0,False,,,,52,sub-HUP111,03,False
RG24-RG25,0.0,False,,,,52,sub-HUP111,03,False
RG28-RG29,0.0,False,,,,52,sub-HUP111,03,True
RG29-RG30,0.0,False,,,,52,sub-HUP111,03,True
RG3-RG4,0.0,False,,,,52,sub-HUP111,03,False
RG30-RG31,0.0,False,,,,52,sub-HUP111,03,False
RG31-RG32,0.0,False,,,,52,sub-HUP111,03,False
RG37-RG38,0.0,False,,,,52,sub-HUP111,03,True
RG38-RG39,0.0,False,,,,52,sub-HUP111,03,True
RG4-RG5,0.0,False,,,,52,sub-HUP111,03,False
RG40-RG41,0.0,False,,,,52,sub-HUP111,03,False
RG44-RG45,0.0,False,,,,52,sub-HUP111,03,False
RG47-RG48,0.0,False,,,,52,sub-HUP111,03,True
RG6-RG7,0.0,False,,,,52,sub-HUP111,03,False
RG9-RG10,0.0,False,,,,52,sub-HUP111,03,False
RO4-RO5,0.0,False,,,,52,sub-HUP111,03,False
ROF4-ROF5,0.0,False,,,,52,sub-HUP111,03,False
RPST1-RPST2,0.0,False,,,,52,sub-HUP111,03,True
RSP2-RSP3,0.0,False,,,,52,sub-HUP111,03,False
RSP3-RSP4,0.0,False,,,,52,sub-HUP111,03,False
RSP4-RSP5,0.0,False,,,,52,sub-HUP111,03,False
RSP5-RSP6,0.0,False,,,,52,sub-HUP111,03,False
RAF1-4,1.0,True,0.5,6.75,2.3138009311331773,1,sub-HUP112,01,False
RAF2-2,0.9868527814083172,True,0.5,6.75,2.2833808845139303,2,sub-HUP112,01,False
RPF9-4,0.7238059008523148,True,1.25,7.0,2.930799842865605,3,sub-HUP112,01,False
RAF4-1,0.5271510366859375,True,2.75,6.75,3.964098318478161,4,sub-HUP112,01,False
RAF4-2,0.49579894010488534,True,2.0,6.75,2.867950123173815,5,sub-HUP112,01,False
RPF9-1,0.4165177136413521,True,3.25,6.0,3.6140215262130844,6,sub-HUP112,01,False
RAF3-4,0.41415204543837025,True,3.25,6.0,3.593495206372541,7,sub-HUP112,01,False
RPF8-4,0.40868579176400877,True,3.5,5.75,3.7824702620978528,8,sub-HUP112,01,False
RPF9-2,0.25170550288795523,True,3.5,9.75,2.329585707813982,9,sub-HUP112,01,False
RPF9-3,0.2068731340502286,True,5.25,12.75,2.7523136886031807,10,sub-HUP112,01,False
RPF7-1,0.1160214081954401,True,15.0,16.0,4.160981855866872,11,sub-HUP112,01,False
RPF7-2,0.0999954981087603,True,15.25,17.0,3.644072406972513,12,sub-HUP112,01,False
RAF1-3,0.0995342794988256,True,10.0,11.0,2.418176340132552,13,sub-HUP112,01,False
RT11-2,0.09278050871744083,True,9.25,10.25,2.0930873677488884,14,sub-HUP112,01,False
RAF2-3,0.09111564460963109,True,15.25,16.25,3.320469547582384,15,sub-HUP112,01,False
RPF8-3,0.08839019647091875,True,15.0,18.5,3.1700184429105724,16,sub-HUP112,01,False
RPF7-3,0.0882045097204573,True,15.5,17.75,3.2654028275414317,17,sub-HUP112,01,False
RPF7-4,0.08673214128220538,True,15.25,18.0,3.160724320812572,18,sub-HUP112,01,False
LAF14-4,0.04821277050126218,True,19.5,26.75,2.231095065566612,19,sub-HUP112,01,False
LAF14-2,0.04300293056628176,True,23.0,25.0,2.3382551884643754,20,sub-HUP112,01,False
LPF15-2,0.039967665041676086,True,18.0,27.0,1.7108285808900074,21,sub-HUP112,01,False
LPF15-1,0.03943235232331521,True,18.25,25.5,1.7107240035460918,22,sub-HUP112,01,False
LAF14-1,0.0,False,,,,23,sub-HUP112,01,False
LAF14-3,0.0,False,,,,23,sub-HUP112,01,False
LAF14-5,0.0,False,,,,23,sub-HUP112,01,False
LAF14-6,0.0,False,,,,23,sub-HUP112,01,False
LAF14-7,0.0,False,,,,23,sub-HUP112,01,False
LAF14-8,0.0,False,,,,23,sub-HUP112,01,False
LPF15-5,0.0,False,,,,23,sub-HUP112,01,False
LPF15-6,0.0,False,,,,23,sub-HUP112,01,False
LPF15-7,0.0,False,,,,23,sub-HUP112,01,False
LPF15-8,0.0,False,,,,23,sub-HUP112,01,False
RAF1-1,0.0,False,,,,23,sub-HUP112,01,False
RAF1-2,0.0,False,,,,23,sub-HUP112,01,False
RAF2-1,0.0,False,,,,23,sub-HUP112,01,False
RAF2-4,0.0,False,,,,23,sub-HUP112,01,False
RAF3-1,0.0,False,,,,23,sub-HUP112,01,False
RAF3-2,0.0,False,,,,23,sub-HUP112,01,False
RAF3-3,0.0,False,,,,23,sub-HUP112,01,False
RAF4-3,0.0,False,,,,23,sub-HUP112,01,False
RAF4-4,0.0,False,,,,23,sub-HUP112,01,False
RAF5-1,0.0,False,,,,23,sub-HUP112,01,False
RAF5-2,0.0,False,,,,23,sub-HUP112,01,False
RAF5-3,0.0,False,,,,23,sub-HUP112,01,False
RAF5-4,0.0,False,,,,23,sub-HUP112,01,False
RAF6-1,0.0,False,,,,23,sub-HUP112,01,False
RAF6-2,0.0,False,,,,23,sub-HUP112,01,False
RAF6-3,0.0,False,,,,23,sub-HUP112,01,False
RAF6-4,0.0,False,,,,23,sub-HUP112,01,False
RPF10-1,0.0,False,,,,23,sub-HUP112,01,False
RPF10-2,0.0,False,,,,23,sub-HUP112,01,False
RPF10-3,0.0,False,,,,23,sub-HUP112,01,False
RPF10-4,0.0,False,,,,23,sub-HUP112,01,False
RPF8-1,0.0,False,,,,23,sub-HUP112,01,False
RPF8-2,0.0,False,,,,23,sub-HUP112,01,False
RT11-1,0.0,False,,,,23,sub-HUP112,01,False
RT11-3,0.0,False,,,,23,sub-HUP112,01,False
RT11-4,0.0,False,,,,23,sub-HUP112,01,False
RT11-6,0.0,False,,,,23,sub-HUP112,01,False
RT11-7,0.0,False,,,,23,sub-HUP112,01,False
RT11-8,0.0,False,,,,23,sub-HUP112,01,False
RT12-1,0.0,False,,,,23,sub-HUP112,01,False
RT12-2,0.0,False,,,,23,sub-HUP112,01,False
RT12-3,0.0,False,,,,23,sub-HUP112,01,False
RT12-4,0.0,False,,,,23,sub-HUP112,01,False
RT13-1,0.0,False,,,,23,sub-HUP112,01,False
RT13-2,0.0,False,,,,23,sub-HUP112,01,False
RT13-3,0.0,False,,,,23,sub-HUP112,01,False
RT13-4,0.0,False,,,,23,sub-HUP112,01,False
RT13-5,0.0,False,,,,23,sub-HUP112,01,False
RT13-6,0.0,False,,,,23,sub-HUP112,01,False
RAF2-2,1.0,True,-2.75,9.0,1.8954576038028361,1,sub-HUP112,02,False
RAF4-1,0.81169562006799,True,-2.75,5.75,1.5385346350313296,2,sub-HUP112,02,False
RAF4-2,0.6650532195247671,True,-2.25,4.25,1.890870272822665,3,sub-HUP112,02,False
RAF2-3,0.6141056996189934,True,-2.0,9.25,2.0370198062925926,4,sub-HUP112,02,False
RPF9-4,0.29214984500605773,True,2.25,5.5,3.3225458709993125,5,sub-HUP112,02,False
RPF9-1,0.23463569627436257,True,2.0,7.75,2.5572665841041764,6,sub-HUP112,02,False
RAF3-4,0.20387243775358202,True,2.0,8.5,2.2219814834886225,7,sub-HUP112,02,False
RPF9-3,0.18579697758129868,True,2.25,7.75,2.113021763520346,8,sub-HUP112,02,False
RAF1-4,0.18213332295913576,True,2.0,16.0,1.9850494534754364,9,sub-HUP112,02,False
RPF9-2,0.17395527464664792,True,2.25,8.75,1.978349088303597,10,sub-HUP112,02,False
RT11-4,0.1115579545737861,True,8.25,12.5,2.5374404791388914,11,sub-HUP112,02,False
RPF7-2,0.10621024790030137,True,14.25,15.75,3.6237063957193874,12,sub-HUP112,02,False
LAF14-5,0.10159485780517269,True,12.25,13.5,3.0810999317453196,13,sub-HUP112,02,False
RPF7-1,0.09528724726490177,True,14.0,15.75,3.2058796383831583,14,sub-HUP112,02,False
RPF7-3,0.09325802871053968,True,14.25,17.5,3.181799513431001,15,sub-HUP112,02,False
LPF15-5,0.08962081990452843,True,25.5,27.25,4.968769588002177,16,sub-HUP112,02,False
RPF7-4,0.08568456177419335,True,14.25,17.75,2.9234061745813547,17,sub-HUP112,02,False
LPF15-6,0.07895471970813803,True,25.5,27.25,4.377418221937172,18,sub-HUP112,02,False
RPF8-3,0.07792862811649749,True,14.0,16.25,2.621859790232761,19,sub-HUP112,02,False
LPF15-7,0.07061582602137308,True,25.5,27.25,3.915092153145121,20,sub-HUP112,02,False
LPF15-8,0.06924453891719343,True,25.75,27.25,3.871877590466262,21,sub-HUP112,02,False
LAF14-8,0.06746904738168769,True,25.75,27.0,3.772599206988135,22,sub-HUP112,02,False
LAF14-6,0.06408153392576524,True,26.25,27.0,3.6439149222882334,23,sub-HUP112,02,False
LAF14-7,0.06141288974707206,True,25.75,27.25,3.4339631008564924,24,sub-HUP112,02,False
RT11-7,0.040896081737634815,True,25.75,26.5,2.286745278312595,25,sub-HUP112,02,False
RT11-6,0.04077672819124942,True,25.75,26.5,2.2800715054950027,26,sub-HUP112,02,False
RT11-8,0.03986421761700682,True,25.75,26.75,2.2290475648532935,27,sub-HUP112,02,False
LAF14-1,0.0,False,,,,28,sub-HUP112,02,False
LAF14-2,0.0,False,,,,28,sub-HUP112,02,False
LAF14-3,0.0,False,,,,28,sub-HUP112,02,False
LAF14-4,0.0,False,,,,28,sub-HUP112,02,False
LPF15-1,0.0,False,,,,28,sub-HUP112,02,False
LPF15-2,0.0,False,,,,28,sub-HUP112,02,False
RAF1-1,0.0,False,,,,28,sub-HUP112,02,False
RAF1-2,0.0,False,,,,28,sub-HUP112,02,False
RAF1-3,0.0,False,,,,28,sub-HUP112,02,False
RAF2-1,0.0,False,,,,28,sub-HUP112,02,False
RAF2-4,0.0,False,,,,28,sub-HUP112,02,False
RAF3-1,0.0,False,,,,28,sub-HUP112,02,False
RAF3-2,0.0,False,,,,28,sub-HUP112,02,False
RAF3-3,0.0,False,,,,28,sub-HUP112,02,False
RAF4-3,0.0,False,,,,28,sub-HUP112,02,False
RAF4-4,0.0,False,,,,28,sub-HUP112,02,False
RAF5-1,0.0,False,,,,28,sub-HUP112,02,False
RAF5-2,0.0,False,,,,28,sub-HUP112,02,False
RAF5-3,0.0,False,,,,28,sub-HUP112,02,False
RAF5-4,0.0,False,,,,28,sub-HUP112,02,False
RAF6-1,0.0,False,,,,28,sub-HUP112,02,False
RAF6-2,0.0,False,,,,28,sub-HUP112,02,False
RAF6-3,0.0,False,,,,28,sub-HUP112,02,False
RAF6-4,0.0,False,,,,28,sub-HUP112,02,False
RPF10-1,0.0,False,,,,28,sub-HUP112,02,False
RPF10-2,0.0,False,,,,28,sub-HUP112,02,False
RPF10-3,0.0,False,,,,28,sub-HUP112,02,False
RPF10-4,0.0,False,,,,28,sub-HUP112,02,False
RPF8-1,0.0,False,,,,28,sub-HUP112,02,False
RPF8-2,0.0,False,,,,28,sub-HUP112,02,False
RPF8-4,0.0,False,,,,28,sub-HUP112,02,False
RT11-1,0.0,False,,,,28,sub-HUP112,02,False
RT11-2,0.0,False,,,,28,sub-HUP112,02,False
RT11-3,0.0,False,,,,28,sub-HUP112,02,False
RT12-1,0.0,False,,,,28,sub-HUP112,02,False
RT12-2,0.0,False,,,,28,sub-HUP112,02,False
RT12-3,0.0,False,,,,28,sub-HUP112,02,False
RT12-4,0.0,False,,,,28,sub-HUP112,02,False
RT13-1,0.0,False,,,,28,sub-HUP112,02,False
RT13-2,0.0,False,,,,28,sub-HUP112,02,False
RT13-3,0.0,False,,,,28,sub-HUP112,02,False
RT13-4,0.0,False,,,,28,sub-HUP112,02,False
RT13-5,0.0,False,,,,28,sub-HUP112,02,False
RT13-6,0.0,False,,,,28,sub-HUP112,02,False
RAF2-4,1.0,True,-6.25,-3.0,2.6720035395662576,1,sub-HUP112,03,False
RPF9-2,0.10951201834064726,True,7.75,11.5,4.389247509468817,2,sub-HUP112,03,False
RPF9-3,0.10344344030942557,True,7.75,11.75,4.146018579775441,3,sub-HUP112,03,False
RPF9-4,0.08351281353215015,True,8.0,11.75,3.4029846336948912,4,sub-HUP112,03,False
RPF7-2,0.07108877678158623,True,17.25,19.75,4.653761848003933,5,sub-HUP112,03,False
RPF7-1,0.06667749216406166,True,17.25,19.75,4.364981129258467,6,sub-HUP112,03,False
RPF7-3,0.0618564294813256,True,17.25,21.0,4.049374663716299,7,sub-HUP112,03,False
RPF7-4,0.05853984164565407,True,17.25,21.25,3.832257270029479,8,sub-HUP112,03,False
RT11-2,0.05695468941692407,True,12.25,12.75,2.9675710684799013,9,sub-HUP112,03,False
RT11-3,0.054756740122142024,True,12.5,12.75,2.889626517574096,10,sub-HUP112,03,False
RAF3-4,0.048589953856665376,True,11.25,12.75,2.4019017808088643,11,sub-HUP112,03,False
RAF2-1,0.0477053745643089,True,19.5,22.75,3.4097938692654806,12,sub-HUP112,03,False
RT11-4,0.04428757438650987,True,12.25,14.5,2.307562832631387,13,sub-HUP112,03,False
RAF1-3,0.0442346055448297,True,19.5,22.75,3.161716854204983,14,sub-HUP112,03,False
RPF8-3,0.043993084424550036,True,19.5,22.75,3.1444538677438336,15,sub-HUP112,03,False
RAF2-2,0.0435556594033874,True,19.5,22.75,3.113188435514326,16,sub-HUP112,03,False
RAF4-2,0.043041218908027555,True,20.25,22.5,3.1626729549111334,17,sub-HUP112,03,False
RPF8-2,0.04275444541168065,True,19.5,22.75,3.055920788381431,18,sub-HUP112,03,False
RAF1-4,0.04224620125442505,True,19.5,22.75,3.0195934808751463,19,sub-HUP112,03,False
RAF1-2,0.04217511978760143,True,19.5,22.75,3.014512855222227,20,sub-HUP112,03,False
RAF4-3,0.041655120656204546,True,17.5,22.75,2.7547400884023423,21,sub-HUP112,03,False
RAF6-3,0.0416347198049455,True,11.75,13.75,2.113714255065611,22,sub-HUP112,03,False
RPF8-1,0.0415741539269031,True,19.5,22.75,2.9715581624614638,23,sub-HUP112,03,False
RT12-3,0.04132105951781832,True,15.5,20.5,2.511827893352927,24,sub-HUP112,03,False
RT12-4,0.041150645294873896,True,18.0,21.5,2.7763554145543,25,sub-HUP112,03,False
RAF1-1,0.038660956390190813,True,19.5,23.0,2.7633341794959763,26,sub-HUP112,03,False
RT13-6,0.03284674083421205,True,19.75,21.5,2.3696984098502134,27,sub-HUP112,03,False
LAF14-1,0.0,False,,,,28,sub-HUP112,03,False
LAF14-2,0.0,False,,,,28,sub-HUP112,03,False
LAF14-3,0.0,False,,,,28,sub-HUP112,03,False
LAF14-4,0.0,False,,,,28,sub-HUP112,03,False
LAF14-5,0.0,False,,,,28,sub-HUP112,03,False
LAF14-6,0.0,False,,,,28,sub-HUP112,03,False
LAF14-7,0.0,False,,,,28,sub-HUP112,03,False
LAF14-8,0.0,False,,,,28,sub-HUP112,03,False
LPF15-1,0.0,False,,,,28,sub-HUP112,03,False
LPF15-2,0.0,False,,,,28,sub-HUP112,03,False
LPF15-5,0.0,False,,,,28,sub-HUP112,03,False
LPF15-6,0.0,False,,,,28,sub-HUP112,03,False
LPF15-7,0.0,False,,,,28,sub-HUP112,03,False
LPF15-8,0.0,False,,,,28,sub-HUP112,03,False
RAF2-3,0.0,False,,,,28,sub-HUP112,03,False
RAF3-1,0.0,False,,,,28,sub-HUP112,03,False
RAF3-2,0.0,False,,,,28,sub-HUP112,03,False
RAF3-3,0.0,False,,,,28,sub-HUP112,03,False
RAF4-1,0.0,False,,,,28,sub-HUP112,03,False
RAF4-4,0.0,False,,,,28,sub-HUP112,03,False
RAF5-1,0.0,False,,,,28,sub-HUP112,03,False
RAF5-2,0.0,False,,,,28,sub-HUP112,03,False
RAF5-3,0.0,False,,,,28,sub-HUP112,03,False
RAF5-4,0.0,False,,,,28,sub-HUP112,03,False
RAF6-1,0.0,False,,,,28,sub-HUP112,03,False
RAF6-2,0.0,False,,,,28,sub-HUP112,03,False
RAF6-4,0.0,False,,,,28,sub-HUP112,03,False
RPF10-1,0.0,False,,,,28,sub-HUP112,03,False
RPF10-2,0.0,False,,,,28,sub-HUP112,03,False
RPF10-3,0.0,False,,,,28,sub-HUP112,03,False
RPF10-4,0.0,False,,,,28,sub-HUP112,03,False
RPF8-4,0.0,False,,,,28,sub-HUP112,03,False
RPF9-1,0.0,False,,,,28,sub-HUP112,03,False
RT11-1,0.0,False,,,,28,sub-HUP112,03,False
RT11-6,0.0,False,,,,28,sub-HUP112,03,False
RT11-7,0.0,False,,,,28,sub-HUP112,03,False
RT11-8,0.0,False,,,,28,sub-HUP112,03,False
RT12-1,0.0,False,,,,28,sub-HUP112,03,False
RT12-2,0.0,False,,,,28,sub-HUP112,03,False
RT13-1,0.0,False,,,,28,sub-HUP112,03,False
RT13-2,0.0,False,,,,28,sub-HUP112,03,False
RT13-3,0.0,False,,,,28,sub-HUP112,03,False
RT13-4,0.0,False,,,,28,sub-HUP112,03,False
RT13-5,0.0,False,,,,28,sub-HUP112,03,False
RMT2-RMT3,1.0,True,-1.0,0.0,63.07426368020659,1,sub-HUP114,01,False
LFP6-LFP7,0.7893455798814074,True,-9.5,-6.5,5.240778025288996,2,sub-HUP114,01,False
RAT2-RAT3,0.7756372855160808,True,-0.75,0.0,50.2101914738631,3,sub-HUP114,01,False
RP5-RP6,0.6676188257586585,True,0.75,1.25,49.86659114262418,4,sub-HUP114,01,False
LFP7-LFP8,0.5299312961616158,True,2.5,4.5,45.739509682567196,5,sub-HUP114,01,False
LAT3-LAT4,0.4772468034629064,True,3.25,4.0,43.568670782066576,6,sub-HUP114,01,False
RMT3-RMT4,0.3413232362694678,True,-0.25,0.5,23.228346947113593,7,sub-HUP114,01,False
LFP5-LFP6,0.3353410428788828,True,-8.0,-7.25,5.566155095088979,8,sub-HUP114,01,False
RDH3-RDH4,0.31649898934390186,True,-2.25,-0.5,17.336237983607194,9,sub-HUP114,01,True
RDA3-RDA4,0.2609976134659075,True,-1.25,0.5,16.029015652399252,10,sub-HUP114,01,True
RAT3-RAT4,0.2565494612367337,True,-0.25,0.5,17.45916849914442,11,sub-HUP114,01,False
LG9-LG10,0.1534779086361774,True,-7.5,-5.5,3.0570019194962876,12,sub-HUP114,01,False
LG51-LG52,0.14917454739493974,True,3.75,4.75,14.113612105145858,13,sub-HUP114,01,False
LG52-LG53,0.14707900470359253,True,4.5,5.0,14.64773672288959,14,sub-HUP114,01,False
RPT2-RPT3,0.1410657139887967,True,0.0,0.75,9.834207202509756,15,sub-HUP114,01,False
LG60-LG61,0.1295385461007772,True,-6.0,-4.75,3.870259774821009,16,sub-HUP114,01,False
LDA2-LDA3,0.11494560171731727,True,1.5,3.25,9.158032663071257,17,sub-HUP114,01,False
LDA3-LDA4,0.10812673272829243,True,2.0,4.25,8.973702698662553,18,sub-HUP114,01,False
RDH2-RDH3,0.10361329357461967,True,-2.75,-0.5,5.3314552155449135,19,sub-HUP114,01,False
LG59-LG60,0.09432503784788072,True,-3.0,-2.5,4.69695971752318,20,sub-HUP114,01,False
LG39-LG40,0.08976406289437289,True,20.75,21.75,18.624349250020803,21,sub-HUP114,01,False
RPT3-RPT4,0.08488803599655133,True,-0.25,1.25,5.776954341984085,22,sub-HUP114,01,False
LG41-LG42,0.08206865148373976,True,2.5,3.75,7.083521781719678,23,sub-HUP114,01,False
RDA1-RDA2,0.07378011447855588,True,-2.0,0.25,4.16377098497876,24,sub-HUP114,01,False
LDA1-LDA2,0.07035414182936921,True,0.0,2.75,4.904644713028737,25,sub-HUP114,01,False
LG53-LG54,0.06829593494879631,True,15.75,16.75,11.90289894660249,26,sub-HUP114,01,False
LG58-LG59,0.06813102630168105,True,3.75,4.5,6.445971476632982,27,sub-HUP114,01,False
RDH1-RDH2,0.0680953187697661,True,-2.0,0.0,3.8429502923696375,28,sub-HUP114,01,False
LG45-LG46,0.0659200922398092,True,16.5,17.5,11.817079426678546,29,sub-HUP114,01,False
LG50-LG51,0.06333658165159725,True,4.0,4.5,6.09749154206198,30,sub-HUP114,01,False
LOP5-LOP6,0.06243206889879478,True,3.25,5.5,5.699529543954931,31,sub-HUP114,01,False
LG61-LG62,0.06217198169744397,True,4.5,6.25,6.191766263850884,32,sub-HUP114,01,False
LG63-LG64,0.06056357390473799,True,16.25,17.75,10.756323757828794,33,sub-HUP114,01,False
LG44-LG45,0.058170985120316814,True,3.0,5.0,5.213972918865179,34,sub-HUP114,01,False
LG54-LG55,0.05799211925113502,True,15.75,17.25,10.107107189660734,35,sub-HUP114,01,False
RDA2-RDA3,0.05009623013637604,True,-0.5,2.0,3.3260871884274676,36,sub-HUP114,01,False
LDH1-LDH2,0.05009575812307614,True,4.75,6.5,5.072235170631581,37,sub-HUP114,01,False
RP4-RP5,0.04582799441432251,True,1.0,2.75,3.4991074254395946,38,sub-HUP114,01,False
LG42-LG43,0.04402175779403227,True,3.0,5.5,3.945751520353079,39,sub-HUP114,01,False
LDH3-LDH4,0.04385217604470735,True,3.25,6.75,4.003339587202871,40,sub-HUP114,01,False
RFP4-RFP5,0.04336850871478564,True,0.25,2.5,3.09536264279027,41,sub-HUP114,01,False
LG43-LG44,0.042236699389069335,True,4.75,6.0,4.276499251818804,42,sub-HUP114,01,False
LG19-LG20,0.03938314673606106,True,24.0,26.25,9.02107082859338,43,sub-HUP114,01,False
LP7-LP8,0.03876338411793542,True,-2.5,-0.5,2.0589237145194033,44,sub-HUP114,01,False
LG26-LG27,0.03738113190653154,True,15.75,16.5,6.514938787010557,45,sub-HUP114,01,False
LPT3-LPT4,0.03637612206664083,True,18.75,19.75,7.064327959017847,46,sub-HUP114,01,False
LG40-LG41,0.03555701132963731,True,4.25,7.0,3.482137004969805,47,sub-HUP114,01,False
LAT2-LAT3,0.035513538250255654,True,3.5,5.25,3.3010383011991777,48,sub-HUP114,01,False
LG46-LG47,0.032325779183998454,True,16.5,17.75,5.7948386776663785,49,sub-HUP114,01,False
LDH2-LDH3,0.031573155177562054,True,0.5,5.5,2.3058935435517807,50,sub-HUP114,01,False
LG3-LG4,0.026480532092894724,True,28.0,29.5,6.768867626247102,51,sub-HUP114,01,False
LG13-LG14,0.02326693821358747,True,24.0,26.25,5.329505511480394,52,sub-HUP114,01,False
RFP5-RFP6,0.021400936930531855,True,23.75,26.75,4.8665584851973085,53,sub-HUP114,01,False
LG62-LG63,0.019334713209118844,True,12.0,17.25,2.8883434716311096,54,sub-HUP114,01,False
LMT2-LMT3,0.01878458996663158,True,6.5,7.75,2.1202116917429494,55,sub-HUP114,01,False
LG6-LG7,0.01857883363661864,True,21.5,22.5,3.9472715845617707,56,sub-HUP114,01,False
LOP4-LOP5,0.01843525827095358,True,5.0,12.0,1.8971842408968367,57,sub-HUP114,01,False
LMT3-LMT4,0.018033976084523083,True,12.25,17.5,2.723964695025135,58,sub-HUP114,01,False
LG27-LG28,0.017666403570037827,True,16.0,18.25,3.1082976865288408,59,sub-HUP114,01,False
LOP3-LOP4,0.017650997274514992,True,13.5,21.0,2.8126071317339787,60,sub-HUP114,01,False
LG11-LG12,0.017014161104505276,True,25.25,28.0,4.038454283785278,61,sub-HUP114,01,False
LG21-LG22,0.015862834910714375,True,23.75,27.75,3.6071978570193663,62,sub-HUP114,01,False
LPT2-LPT3,0.015800890332753805,True,20.75,23.25,3.2783865895728312,63,sub-HUP114,01,False
LG28-LG29,0.015616273345746732,True,15.0,16.75,2.643906951489599,64,sub-HUP114,01,False
LG5-LG6,0.015193700390907165,True,24.5,26.0,3.530694870073135,65,sub-HUP114,01,False
LFP4-LFP5,0.014971961861233316,True,5.5,6.25,1.5904765814659823,66,sub-HUP114,01,False
LG7-LG8,0.014837940462960917,True,18.25,21.25,2.8323052489915894,67,sub-HUP114,01,False
RIH4-RIH5,0.014808014941117522,True,14.75,19.5,2.4824860141217115,68,sub-HUP114,01,False
LG14-LG15,0.014363518417673611,True,19.75,24.25,2.8847939503756246,69,sub-HUP114,01,False
RIH5-RIH6,0.01357990828662611,True,15.0,16.25,2.299140974589872,70,sub-HUP114,01,False
LG8-LG9,0.01353409403560434,True,25.0,28.75,3.1899665330044096,71,sub-HUP114,01,False
LG22-LG23,0.012277135419305347,True,22.5,26.25,2.6899212768705985,72,sub-HUP114,01,False
LG10-LG11,0.012020583362085027,True,26.25,29.25,2.9329960092578453,73,sub-HUP114,01,False
LG12-LG13,0.010732833042796786,True,20.25,27.75,2.1912305681413375,74,sub-HUP114,01,False
LG20-LG21,0.0075561667005890985,True,20.5,27.0,1.5552199134127531,75,sub-HUP114,01,False
LG18-LG19,0.0,False,,,,76,sub-HUP114,01,False
LG4-LG5,0.0,False,,,,76,sub-HUP114,01,False
LP6-LP7,0.0,False,,,,76,sub-HUP114,01,False
ROF4-ROF5,0.0,False,,,,76,sub-HUP114,01,False
ROF5-ROF6,0.0,False,,,,76,sub-HUP114,01,False
RDH3-RDH4,1.0,True,-3.5,-3.0,127.8589772134452,1,sub-HUP114,02,True
RDA3-RDA4,0.7271656158289652,True,-3.5,-3.0,92.9746519046765,2,sub-HUP114,02,True
RDH1-RDH2,0.6605984643030276,True,-3.75,-2.5,80.9441338281178,3,sub-HUP114,02,False
RDH2-RDH3,0.3154225402835336,True,-5.75,-3.0,25.20600211919958,4,sub-HUP114,02,False
RAT2-RAT3,0.30386012889095537,True,-4.0,-3.25,35.61364152128125,5,sub-HUP114,02,False
RDA1-RDA2,0.26000041460044854,True,-4.0,-1.5,30.47310482872797,6,sub-HUP114,02,False
LFP5-LFP6,0.19440516101226518,True,-8.5,-7.25,4.1427408420072265,7,sub-HUP114,02,False
RMT2-RMT3,0.18965196073934715,True,-6.25,-3.0,13.134715601939423,8,sub-HUP114,02,False
LAT3-LAT4,0.17167280748698704,True,-1.0,-0.25,31.09570523924969,9,sub-HUP114,02,False
RDA2-RDA3,0.15800114613276586,True,-4.75,-2.75,15.993143079944298,10,sub-HUP114,02,False
RAT3-RAT4,0.15634799512004316,True,-3.5,-3.0,19.99049474542144,11,sub-HUP114,02,False
RIH4-RIH5,0.11975841394538365,True,12.5,14.0,56.14469050579088,12,sub-HUP114,02,False
LG51-LG52,0.10882714224099159,True,-0.75,0.0,20.29201868749315,13,sub-HUP114,02,False
RMT3-RMT4,0.10847044148198719,True,-4.0,-3.0,12.71317639696293,14,sub-HUP114,02,False
RPT2-RPT3,0.10697778900608788,True,-6.0,-5.0,7.978874567343249,15,sub-HUP114,02,False
LFP7-LFP8,0.10080893650071396,True,-1.0,-0.25,18.259880646188275,16,sub-HUP114,02,False
RP5-RP6,0.09595402846485056,True,-7.25,-4.25,4.6007189771345995,17,sub-HUP114,02,False
LDA2-LDA3,0.06111253825331478,True,-2.0,-1.0,9.767233294982967,18,sub-HUP114,02,False
LG58-LG59,0.05014179130248559,True,-0.25,0.75,9.88374548369482,19,sub-HUP114,02,False
LG60-LG61,0.04718068884125475,True,1.0,1.75,10.556830584070118,20,sub-HUP114,02,False
LDH3-LDH4,0.044870768048004384,True,-1.75,1.0,7.4104602413077885,21,sub-HUP114,02,False
LG52-LG53,0.043692458031614506,True,1.0,2.0,9.776327742761318,22,sub-HUP114,02,False
LG62-LG63,0.04227215701511115,True,-6.5,-5.25,2.7024373802791373,23,sub-HUP114,02,False
LDA3-LDA4,0.04211042032240706,True,-1.5,0.25,7.178927029934992,24,sub-HUP114,02,False
RPT3-RPT4,0.04077492770256546,True,-5.25,-1.25,3.6928537243348862,25,sub-HUP114,02,False
LPT3-LPT4,0.03797145126724164,True,15.75,17.5,20.431420131512883,26,sub-HUP114,02,False
RP4-RP5,0.03651078968439833,True,-3.25,-2.0,4.86274190239831,27,sub-HUP114,02,False
LG8-LG9,0.03451235556186814,True,-5.0,-1.75,3.3095358625254128,28,sub-HUP114,02,False
LDA1-LDA2,0.033309034879619843,True,-4.5,-1.0,3.5490492763959707,29,sub-HUP114,02,False
LG42-LG43,0.031579154013701455,True,-1.5,0.75,5.383571111276974,30,sub-HUP114,02,False
LG50-LG51,0.031063156606321002,True,-0.75,0.75,5.792067506028529,31,sub-HUP114,02,False
LOP5-LOP6,0.028734003715758443,True,1.75,3.75,6.888563111895391,32,sub-HUP114,02,False
LG41-LG42,0.027861007242238348,True,-0.75,0.25,5.194991506438103,33,sub-HUP114,02,False
LDH1-LDH2,0.027311294048519803,True,1.25,2.5,6.256489471126416,34,sub-HUP114,02,False
LG59-LG60,0.027118575498452795,True,-2.0,1.75,4.334191658397211,35,sub-HUP114,02,False
LOP4-LOP5,0.023845977154923374,True,1.75,3.25,5.716729218156905,36,sub-HUP114,02,False
LG43-LG44,0.022910776276796697,True,-4.75,2.25,2.3190675006845214,37,sub-HUP114,02,False
LDH2-LDH3,0.022037318093234035,True,-2.0,2.25,3.5220861899103175,38,sub-HUP114,02,False
LG14-LG15,0.021987806358574728,True,-2.75,1.25,3.162755736196483,39,sub-HUP114,02,False
LG46-LG47,0.020877468241052126,True,11.5,13.0,9.342801076374885,40,sub-HUP114,02,False
LG44-LG45,0.020418790461872116,True,-1.25,2.25,3.589747788537101,41,sub-HUP114,02,False
LG40-LG41,0.018583620080980058,True,0.0,1.25,3.762130872755807,42,sub-HUP114,02,False
LMT2-LMT3,0.01821653526492362,True,1.25,1.75,4.173056058161207,43,sub-HUP114,02,False
LG61-LG62,0.018104474965449306,True,1.5,3.5,4.243836028792749,44,sub-HUP114,02,False
LFP6-LFP7,0.016376880741597766,True,3.25,3.75,4.449603845830424,45,sub-HUP114,02,False
LG53-LG54,0.016258851027765923,True,14.5,15.75,8.315360252303694,46,sub-HUP114,02,False
RFP5-RFP6,0.015877572265700406,True,4.5,5.5,4.736877017891708,47,sub-HUP114,02,False
LOP3-LOP4,0.01565108301731757,True,9.0,11.0,6.170155356203918,48,sub-HUP114,02,False
LG9-LG10,0.01480704228189786,True,3.25,4.5,4.023078223654359,49,sub-HUP114,02,False
LAT2-LAT3,0.014019204404141568,True,-0.25,0.5,2.763408418708808,50,sub-HUP114,02,False
LG3-LG4,0.013743028208789972,True,21.0,23.75,8.93227844717301,51,sub-HUP114,02,False
LG18-LG19,0.012336031830720254,True,23.5,24.75,8.674998270116177,52,sub-HUP114,02,False
LG63-LG64,0.012238708130142401,True,1.0,5.5,2.738450231884297,53,sub-HUP114,02,False
RFP4-RFP5,0.012168385066227356,True,4.5,5.75,3.6302869607834447,54,sub-HUP114,02,False
LMT3-LMT4,0.012041369339446968,True,1.25,2.0,2.7584449259839245,55,sub-HUP114,02,False
RIH5-RIH6,0.011642912354151066,True,9.75,10.75,4.77608819311836,56,sub-HUP114,02,False
LG54-LG55,0.010654969139832554,True,14.25,16.0,5.3925699318200895,57,sub-HUP114,02,False
LG45-LG46,0.010594704496846578,True,12.5,15.25,4.966969629766804,58,sub-HUP114,02,False
LFP4-LFP5,0.010454918029550515,True,17.25,19.5,5.959699937234785,59,sub-HUP114,02,False
LG10-LG11,0.010000054924188354,True,2.75,4.0,2.6104684558152065,60,sub-HUP114,02,False
LG39-LG40,0.009528924228178979,True,0.25,8.75,1.9798325718589957,61,sub-HUP114,02,False
LG5-LG6,0.009039630487506292,True,19.25,20.75,5.538198311658484,62,sub-HUP114,02,False
LP6-LP7,0.008784597374189775,True,14.5,17.75,4.492758541983283,63,sub-HUP114,02,False
LG13-LG14,0.008720895518857668,True,12.75,14.5,4.1349577311231185,64,sub-HUP114,02,False
ROF4-ROF5,0.008606934754935305,True,24.75,25.75,6.281871701463206,65,sub-HUP114,02,False
ROF5-ROF6,0.008141722467426756,True,22.0,23.75,5.465209614064791,66,sub-HUP114,02,False
LG26-LG27,0.007546798137041867,True,14.5,15.25,3.859703564154027,67,sub-HUP114,02,False
LG19-LG20,0.007073667553625052,True,19.25,22.25,4.333736180573321,68,sub-HUP114,02,False
LG11-LG12,0.006136517508805382,True,15.0,18.5,3.203819480340374,69,sub-HUP114,02,False
LG12-LG13,0.006114290090811098,True,13.0,16.5,2.9316257902402874,70,sub-HUP114,02,False
LPT2-LPT3,0.0051621801996641304,True,14.0,16.75,2.5851217320388367,71,sub-HUP114,02,False
LG6-LG7,0.004821129397110085,True,19.5,23.25,2.9793859230194846,72,sub-HUP114,02,False
LG4-LG5,0.004371988372127756,True,16.75,21.25,2.4456160822158197,73,sub-HUP114,02,False
LG27-LG28,0.004324582559919913,True,14.75,17.5,2.2347858412369535,74,sub-HUP114,02,False
LG28-LG29,0.004238120603977678,True,14.0,15.25,2.1223702491162735,75,sub-HUP114,02,False
LG7-LG8,0.004132960812360615,True,14.5,19.5,2.1137445693267116,76,sub-HUP114,02,False
LG21-LG22,0.0038448617153940866,True,20.0,25.25,2.4170337584156503,77,sub-HUP114,02,False
LG20-LG21,0.003803458466743587,True,18.75,22.5,2.289692206907369,78,sub-HUP114,02,False
LG22-LG23,0.0036901132177606234,True,19.5,25.5,2.2804348254859947,79,sub-HUP114,02,False
LP7-LP8,0.003096285114795515,True,15.5,21.25,1.6495326997457056,80,sub-HUP114,02,False
RDH3-RDH4,1.0,True,-4.0,-3.25,142.82388371496722,1,sub-HUP114,03,True
RDA3-RDA4,0.9244075817108963,True,-4.0,-3.25,132.02748095551112,2,sub-HUP114,03,True
RDH1-RDH2,0.6316122051187575,True,-3.5,-3.25,97.72675048157173,3,sub-HUP114,03,False
RMT2-RMT3,0.5323430551039051,True,-4.25,-3.5,72.86333165702094,4,sub-HUP114,03,False
RAT2-RAT3,0.5009886610663793,True,-4.25,-3.75,68.57176517605077,5,sub-HUP114,03,False
LAT3-LAT4,0.4856254877283094,True,-0.75,0.0,106.92833220701229,6,sub-HUP114,03,False
RDA1-RDA2,0.3919022701559218,True,-3.5,-3.0,60.63742128207946,7,sub-HUP114,03,False
RAT3-RAT4,0.25185479640509556,True,-4.0,-3.25,35.97088015481812,8,sub-HUP114,03,False
RMT3-RMT4,0.23937439118014286,True,-7.0,-3.75,17.0941901051269,9,sub-HUP114,03,False
RDA2-RDA3,0.1604169888061886,True,-6.75,-6.0,12.410329400711818,10,sub-HUP114,03,False
LG51-LG52,0.15097706480420103,True,-0.25,0.25,35.0400874642362,11,sub-HUP114,03,False
LG52-LG53,0.1385919755337138,True,1.0,1.5,36.28944769533366,12,sub-HUP114,03,False
RIH4-RIH5,0.13672656138452155,True,14.75,15.5,80.55225132871223,13,sub-HUP114,03,False
RDH2-RDH3,0.1324401155825823,True,-9.0,-8.0,3.152601944527259,14,sub-HUP114,03,False
RP5-RP6,0.11314279481355881,True,-3.5,-2.5,17.506117817107963,15,sub-HUP114,03,False
LFP7-LFP8,0.10843890320617837,True,-0.25,0.75,25.167456115258936,16,sub-HUP114,03,False
LDH2-LDH3,0.08168676667956226,True,1.5,2.75,22.361407425145796,17,sub-HUP114,03,False
RPT3-RPT4,0.0752476728263777,True,-5.25,-2.75,8.50817219158137,18,sub-HUP114,03,False
LDA3-LDA4,0.0690840233477866,True,-0.75,0.25,15.211391463995628,19,sub-HUP114,03,False
RPT2-RPT3,0.06336272913934012,True,-3.5,-3.0,9.803853646665084,20,sub-HUP114,03,False
LG58-LG59,0.06305217898559479,True,-3.0,-1.25,10.506249925982871,21,sub-HUP114,03,False
LG41-LG42,0.06293298544006647,True,-1.5,0.0,12.733472308631018,22,sub-HUP114,03,False
LG61-LG62,0.05940808058713963,True,0.75,2.0,15.202099588366767,23,sub-HUP114,03,False
LDA1-LDA2,0.0555883005991101,True,-1.0,0.5,11.909005471019915,24,sub-HUP114,03,False
LG60-LG61,0.0519994436391869,True,0.75,1.5,13.30628279738948,25,sub-HUP114,03,False
LG50-LG51,0.049033651902414196,True,-2.5,0.5,8.753970746788232,26,sub-HUP114,03,False
RP4-RP5,0.04452892208425351,True,-3.25,-2.5,7.154767788428542,27,sub-HUP114,03,False
LDA2-LDA3,0.042303399870338786,True,-1.25,-0.25,8.811156468083997,28,sub-HUP114,03,False
LG42-LG43,0.03590433397485654,True,-2.25,-0.25,6.623662043130665,29,sub-HUP114,03,False
LG43-LG44,0.03588080764797916,True,0.5,1.5,8.968113523449642,30,sub-HUP114,03,False
LDH1-LDH2,0.025878626004563216,True,1.5,2.5,7.084164586426155,31,sub-HUP114,03,False
LFP6-LFP7,0.022607445249227365,True,0.5,3.0,5.650545479894241,32,sub-HUP114,03,False
LAT2-LAT3,0.022219094320423318,True,-5.5,-0.5,2.3800630076040212,33,sub-HUP114,03,False
LOP5-LOP6,0.019077509072897153,True,1.25,3.25,5.108857382622553,34,sub-HUP114,03,False
LG40-LG41,0.017953398728076858,True,-1.75,1.75,3.5257394318125237,35,sub-HUP114,03,False
LMT3-LMT4,0.01699728810489223,True,0.5,2.0,4.248332724585116,36,sub-HUP114,03,False
LG44-LG45,0.016882829400190633,True,-2.0,0.75,3.215028350709942,37,sub-HUP114,03,False
LG53-LG54,0.016283509331397144,True,1.25,1.75,4.360638831035717,38,sub-HUP114,03,False
LG46-LG47,0.015828595143480402,True,-3.5,-1.5,2.449093218155718,39,sub-HUP114,03,False
LG22-LG23,0.015598688172343035,True,-2.75,1.5,2.692003814306247,40,sub-HUP114,03,False
LG59-LG60,0.015565300878043427,True,-4.0,1.75,2.2230967225941516,41,sub-HUP114,03,False
LMT2-LMT3,0.015523347137164153,True,0.75,3.25,3.9723126347738456,42,sub-HUP114,03,False
LDH3-LDH4,0.013845005847527417,True,-2.25,2.5,2.55413844421705,43,sub-HUP114,03,False
LG9-LG10,0.013572119778421338,True,-3.5,3.5,2.0999580950820937,44,sub-HUP114,03,False
LG26-LG27,0.013552162218442531,True,13.0,14.75,7.419694356297297,45,sub-HUP114,03,False
LG14-LG15,0.012414203198941261,True,0.0,0.75,2.955074523499268,46,sub-HUP114,03,False
LOP3-LOP4,0.011901399824010553,True,10.0,11.25,5.666013815032715,47,sub-HUP114,03,False
LG54-LG55,0.010898547083183649,True,14.0,15.25,6.226291285082867,48,sub-HUP114,03,False
LP6-LP7,0.010786427319910709,True,15.0,16.0,6.418997671828636,49,sub-HUP114,03,False
LOP4-LOP5,0.009429527555338964,True,1.75,6.75,2.637408421307839,50,sub-HUP114,03,False
LG10-LG11,0.009208422170849283,True,2.25,3.75,2.685164510377396,51,sub-HUP114,03,False
LG63-LG64,0.009173066593650556,True,1.25,8.5,2.4564993684022456,52,sub-HUP114,03,False
LG45-LG46,0.00890383579688698,True,10.25,13.75,4.291921378592152,53,sub-HUP114,03,False
RIH5-RIH6,0.008302021396786768,True,10.5,11.25,4.051233706793964,54,sub-HUP114,03,False
LFP4-LFP5,0.008284320939071554,True,2.75,3.25,2.5142976422262757,55,sub-HUP114,03,False
LG62-LG63,0.007915639198374838,True,1.75,10.0,2.213978734280052,56,sub-HUP114,03,False
LG13-LG14,0.007610346887900689,True,4.25,7.5,2.5814808350017158,57,sub-HUP114,03,False
LG39-LG40,0.0071734143352932475,True,6.75,10.0,2.860159914826438,58,sub-HUP114,03,False
LPT2-LPT3,0.006916057545797127,True,15.0,16.5,4.11574249452896,59,sub-HUP114,03,False
LG12-LG13,0.00654001301512616,True,16.25,17.5,4.086556505354535,60,sub-HUP114,03,False
RFP4-RFP5,0.006487395291686761,True,16.5,19.5,4.092284542491956,61,sub-HUP114,03,False
LG19-LG20,0.006320026906255708,True,18.75,20.5,4.325201692186286,62,sub-HUP114,03,False
LG5-LG6,0.006317957197663187,True,20.25,22.0,4.549374053247402,63,sub-HUP114,03,False
ROF4-ROF5,0.006072544381408238,True,25.5,28.5,5.1315508711233475,64,sub-HUP114,03,False
LG7-LG8,0.00587383031722058,True,19.75,22.5,4.159661155182965,65,sub-HUP114,03,False
RFP5-RFP6,0.005778147529397071,True,5.75,6.75,2.1663008609196472,66,sub-HUP114,03,False
LG27-LG28,0.005508727275503333,True,14.75,17.25,3.24545852323257,67,sub-HUP114,03,False
LFP5-LFP6,0.005416167337499025,True,2.75,3.5,1.6438108647324992,68,sub-HUP114,03,False
LG21-LG22,0.005108798068781831,True,22.25,25.5,3.921913799481831,69,sub-HUP114,03,False
LG3-LG4,0.004758776895433041,True,13.25,15.75,2.6337096170128556,70,sub-HUP114,03,False
LG18-LG19,0.004705569432586901,True,23.25,26.25,3.724375178882581,71,sub-HUP114,03,False
LP7-LP8,0.004329583901294676,True,14.25,17.75,2.4992372834296823,72,sub-HUP114,03,False
LG8-LG9,0.004092243529752475,True,18.75,20.25,2.8005859630445777,73,sub-HUP114,03,False
LG28-LG29,0.004084597295041063,True,13.75,15.5,2.309204777645599,74,sub-HUP114,03,False
LG4-LG5,0.004009204928063227,True,14.25,18.5,2.314299632842169,75,sub-HUP114,03,False
LG20-LG21,0.0038295134489304238,True,18.5,22.25,2.597993421695974,76,sub-HUP114,03,False
LPT3-LPT4,0.0037691867269392188,True,9.75,11.0,1.7720025440117009,77,sub-HUP114,03,False
LG6-LG7,0.003647815631968066,True,17.5,22.25,2.387894646655131,78,sub-HUP114,03,False
LG11-LG12,0.003589704953926671,True,12.75,18.0,1.9439708277029368,79,sub-HUP114,03,False
ROF5-ROF6,0.0032006683570204274,True,20.75,25.75,2.342800911820461,80,sub-HUP114,03,False
RH2-RH3,1.0,True,3.0,5.75,4.066876577265632,1,sub-HUP116,01,True
RH3-RH4,0.9765876731277983,True,3.0,5.75,3.971661533489788,2,sub-HUP116,01,True
RA3-RA4,0.6074154159947012,True,3.0,9.25,2.47028352797891,3,sub-HUP116,01,True
RA1-RA2,0.18310485461014436,True,5.0,6.25,2.233994533192875,4,sub-HUP116,01,True
RA2-RA3,0.05974927827153558,True,9.25,19.75,1.7616988172549994,5,sub-HUP116,01,True
RH1-RH2,0.05109416536051162,True,12.0,14.0,2.077936643396017,6,sub-HUP116,01,True
LAF2-LAF3,0.03445810958495229,True,14.25,15.0,1.7166767649067114,7,sub-HUP116,01,False
LAF1-LAF2,0.0,False,,,,8,sub-HUP116,01,False
LAF3-LAF4,0.0,False,,,,8,sub-HUP116,01,False
RA3-RA4,1.0,True,-5.0,-0.5,2.5712176958995148,1,sub-HUP116,02,True
RH2-RH3,0.7089699659611122,True,-1.75,-0.5,7.747393519947076,2,sub-HUP116,02,True
RH3-RH4,0.36022412614808824,True,-2.0,-0.5,3.704858590567614,3,sub-HUP116,02,True
RA2-RA3,0.21936092355828846,True,-1.5,1.5,2.5381110979886943,4,sub-HUP116,02,True
RH1-RH2,0.08422296130614222,True,10.75,12.75,3.6273057725661673,5,sub-HUP116,02,True
LAF1-LAF2,0.0,False,,,,6,sub-HUP116,02,False
LAF2-LAF3,0.0,False,,,,6,sub-HUP116,02,False
LAF3-LAF4,0.0,False,,,,6,sub-HUP116,02,False
RA1-RA2,0.0,False,,,,6,sub-HUP116,02,True
RH3-RH4,1.0,True,7.25,12.0,2.462092244026951,1,sub-HUP116,03,True
RH2-RH3,0.12154049310266647,True,11.75,16.75,1.6458414797180745,2,sub-HUP116,03,True
RA2-RA3,0.10263009224165828,True,16.5,17.25,2.5900187296475634,3,sub-HUP116,03,True
RA3-RA4,0.08959488436956115,True,16.5,17.0,2.261056416585577,4,sub-HUP116,03,True
LAF1-LAF2,0.0,False,,,,5,sub-HUP116,03,False
LAF2-LAF3,0.0,False,,,,5,sub-HUP116,03,False
LAF3-LAF4,0.0,False,,,,5,sub-HUP116,03,False
RA1-RA2,0.0,False,,,,5,sub-HUP116,03,True
RH1-RH2,0.0,False,,,,5,sub-HUP116,03,True
ACCC1-ACCC2,1.0,True,0.75,6.5,2.178160815423822,1,sub-HUP117,01,False
ACCC3-ACCC4,0.46574863611007744,True,2.5,6.25,2.7898074297831625,2,sub-HUP117,01,False
OFAL3-OFAL4,0.10862209326667682,True,10.0,12.25,2.425112969238569,3,sub-HUP117,01,True
HIPP2-HIPP3,0.055917185094424414,True,21.5,22.75,2.6490765172221087,4,sub-HUP117,01,False
OF1-OF2,0.05500907625912459,True,18.5,24.25,2.2465990200053625,5,sub-HUP117,01,False
HIPP1-HIPP2,0.05209088117349545,True,24.75,28.5,2.836557905325157,6,sub-HUP117,01,False
ACCC2-ACCC3,0.0,False,,,,7,sub-HUP117,01,False
HIPP3-HIPP4,0.0,False,,,,7,sub-HUP117,01,False
MTG1-MTG2,0.0,False,,,,7,sub-HUP117,01,False
MTG2-MTG3,0.0,False,,,,7,sub-HUP117,01,False
MTG3-MTG4,0.0,False,,,,7,sub-HUP117,01,False
OF2-OF3,0.0,False,,,,7,sub-HUP117,01,False
OF3-OF4,0.0,False,,,,7,sub-HUP117,01,False
OFAL1-OFAL2,0.0,False,,,,7,sub-HUP117,01,True
OFAL2-OFAL3,0.0,False,,,,7,sub-HUP117,01,True
STG1-STG2,0.0,False,,,,7,sub-HUP117,01,True
STG2-STG3,0.0,False,,,,7,sub-HUP117,01,True
STG3-STG4,0.0,False,,,,7,sub-HUP117,01,True
OFAL2-OFAL3,1.0,True,-5.75,-2.25,2.4256800127772715,1,sub-HUP117,02,True
OFAL3-OFAL4,0.2554447148442819,True,-3.75,-2.25,1.8588814175020925,2,sub-HUP117,02,True
HIPP1-HIPP2,0.17385198785838155,True,-2.0,-1.0,2.0031191376159465,3,sub-HUP117,02,False
ACCC3-ACCC4,0.08309567318576339,True,7.5,8.25,2.8722800687284438,4,sub-HUP117,02,False
MTG3-MTG4,0.05359715213676264,True,11.25,11.75,2.3401717322386997,5,sub-HUP117,02,False
OF2-OF3,0.052279142499265296,True,22.75,23.75,3.7409678958452774,6,sub-HUP117,02,False
HIPP2-HIPP3,0.05033294014122514,True,11.5,16.5,2.2281718256491443,7,sub-HUP117,02,False
ACCC1-ACCC2,0.0,False,,,,8,sub-HUP117,02,False
ACCC2-ACCC3,0.0,False,,,,8,sub-HUP117,02,False
HIPP3-HIPP4,0.0,False,,,,8,sub-HUP117,02,False
MTG1-MTG2,0.0,False,,,,8,sub-HUP117,02,False
MTG2-MTG3,0.0,False,,,,8,sub-HUP117,02,False
OF1-OF2,0.0,False,,,,8,sub-HUP117,02,False
OF3-OF4,0.0,False,,,,8,sub-HUP117,02,False
OFAL1-OFAL2,0.0,False,,,,8,sub-HUP117,02,True
STG1-STG2,0.0,False,,,,8,sub-HUP117,02,True
STG2-STG3,0.0,False,,,,8,sub-HUP117,02,True
STG3-STG4,0.0,False,,,,8,sub-HUP117,02,True
HIPP1-HIPP2,1.0,True,-6.0,-1.75,3.6327125023549085,1,sub-HUP117,03,False
STG3-STG4,0.09123426924824837,True,2.0,6.0,2.9828508348719325,2,sub-HUP117,03,True
STG2-STG3,0.06273967817636782,True,3.0,9.5,2.2791521330501476,3,sub-HUP117,03,True
ACCC3-ACCC4,0.04202594238109033,True,8.75,16.75,2.404523619398783,4,sub-HUP117,03,False
MTG3-MTG4,0.032793917645258165,True,10.75,13.5,2.114573024702497,5,sub-HUP117,03,False
ACCC1-ACCC2,0.0,False,,,,6,sub-HUP117,03,False
ACCC2-ACCC3,0.0,False,,,,6,sub-HUP117,03,False
HIPP2-HIPP3,0.0,False,,,,6,sub-HUP117,03,False
HIPP3-HIPP4,0.0,False,,,,6,sub-HUP117,03,False
MTG1-MTG2,0.0,False,,,,6,sub-HUP117,03,False
MTG2-MTG3,0.0,False,,,,6,sub-HUP117,03,False
OF1-OF2,0.0,False,,,,6,sub-HUP117,03,False
OF2-OF3,0.0,False,,,,6,sub-HUP117,03,False
OF3-OF4,0.0,False,,,,6,sub-HUP117,03,False
OFAL1-OFAL2,0.0,False,,,,6,sub-HUP117,03,True
OFAL2-OFAL3,0.0,False,,,,6,sub-HUP117,03,True
OFAL3-OFAL4,0.0,False,,,,6,sub-HUP117,03,True
STG1-STG2,0.0,False,,,,6,sub-HUP117,03,True
RDA7-RDA8,1.0,True,-5.0,-4.0,46.28033434007445,1,sub-HUP123,01,False
RDHP3-RDHP4,0.3724155525931124,True,-10.0,-9.25,2.8725860479088037,2,sub-HUP123,01,False
RDA3-RDA4,0.19679765779325845,True,-4.25,-4.0,10.246344075017506,3,sub-HUP123,01,True
RG28-RG29,0.15242189840061757,True,-0.5,1.0,12.34473873277652,4,sub-HUP123,01,False
RG33-RG34,0.13481964917229125,True,-4.25,-3.5,7.019435744218329,5,sub-HUP123,01,False
RDHA7-RDHA8,0.12290445281083123,True,-5.0,-1.75,5.688059167969174,6,sub-HUP123,01,False
RAT1-RAT2,0.12015426827113887,True,-4.25,-3.75,6.2558771714722194,7,sub-HUP123,01,False
RG35-RG36,0.119495211968184,True,-6.0,-2.0,4.608565301604685,8,sub-HUP123,01,False
RG29-RG30,0.11791579158318734,True,-1.25,1.75,8.867921169972226,9,sub-HUP123,01,False
RDHA4-RDHA5,0.11661418465525072,True,3.0,4.75,12.592868060827094,10,sub-HUP123,01,False
RDHA2-RDHA3,0.1144122433579975,True,-4.25,-3.5,5.956916484606848,11,sub-HUP123,01,True
RG20-RG21,0.1036844448533882,True,-5.5,-1.5,4.398671542539833,12,sub-HUP123,01,False
RG34-RG35,0.09342076335251406,True,-5.25,-3.75,4.143396488831853,13,sub-HUP123,01,False
RG32-RG33,0.09316262813722773,True,-6.0,-3.25,3.5929979818257722,14,sub-HUP123,01,False
RDHP2-RDHP3,0.08596459042994481,True,-4.25,-3.25,4.4757787348185865,15,sub-HUP123,01,True
RDA6-RDA7,0.07734250332372984,True,-4.75,-4.0,3.7285801172088924,16,sub-HUP123,01,False
RG30-RG31,0.070568614657148,True,-0.75,1.25,5.579312595424843,17,sub-HUP123,01,False
RG02-RG03,0.06899250187959559,True,-0.75,1.5,5.454701592157577,18,sub-HUP123,01,False
RG21-RG22,0.06640339374813371,True,-2.0,-1.0,4.609756895968857,19,sub-HUP123,01,False
RG45-RG46,0.06629661504585725,True,-3.5,-1.75,3.835286887421854,20,sub-HUP123,01,False
RDHP6-RDHP7,0.06498577123405509,True,-4.25,-3.25,3.3835086225671205,21,sub-HUP123,01,False
RDA4-RDA5,0.060592632133151886,True,-4.25,-2.75,3.1547781828758334,22,sub-HUP123,01,True
RG44-RG45,0.05676280296455685,True,-7.0,-1.75,1.7513343328529736,23,sub-HUP123,01,False
RDA2-RDA3,0.056753074196550714,True,-4.25,-3.0,2.9548701547238467,24,sub-HUP123,01,True
RDHA6-RDHA7,0.05389649234998752,True,-4.25,-1.5,2.8061411464290233,25,sub-HUP123,01,False
RG27-RG28,0.05373231542217435,True,0.5,1.25,4.766269918325421,26,sub-HUP123,01,False
RDA1-RDA2,0.05288679559505441,True,-4.25,-2.5,2.7535709051035817,27,sub-HUP123,01,True
RG09-RG10,0.05176324757438634,True,-5.5,1.25,2.195985370581427,28,sub-HUP123,01,False
RG26-RG27,0.05164218591687875,True,-4.75,-4.25,2.4896016982139924,29,sub-HUP123,01,False
RG03-RG04,0.04826037113055985,True,-4.25,1.25,2.5126943752106854,30,sub-HUP123,01,False
RG13-RG14,0.04553410085515549,True,-6.0,1.75,1.7561111762093884,31,sub-HUP123,01,False
RG24-RG25,0.043860908113051086,True,-1.0,0.25,3.3831624865521475,32,sub-HUP123,01,False
RAT3-RAT4,0.04341648404069034,True,-4.25,1.5,2.260495571932862,33,sub-HUP123,01,False
RDHA3-RDHA4,0.04290307512088047,True,-4.25,-3.25,2.233764743413138,34,sub-HUP123,01,False
RG10-RG11,0.042284747640507624,True,-3.0,2.25,2.609269677717823,35,sub-HUP123,01,False
RDHA5-RDHA6,0.04157966663267516,True,-4.25,3.0,2.1648609826976744,36,sub-HUP123,01,False
RG63-RG64,0.04100874816069563,True,0.5,1.25,3.637638936844405,37,sub-HUP123,01,False
RAT2-RAT3,0.04067869790174282,True,-4.25,2.25,2.117951706837986,38,sub-HUP123,01,False
RG19-RG20,0.04054031879287817,True,1.0,1.75,3.7524390159752103,39,sub-HUP123,01,False
RMT2-RMT3,0.03908094198944057,True,-3.5,3.75,2.260848826995455,40,sub-HUP123,01,False
RDHA1-RDHA2,0.03844304727835674,True,-4.25,1.0,2.0015517162303444,41,sub-HUP123,01,True
RG46-RG47,0.03799940065672672,True,0.0,2.25,3.224145773045555,42,sub-HUP123,01,False
RG22-RG23,0.03760357785865473,True,0.0,2.75,3.1905612854161967,43,sub-HUP123,01,False
RG31-RG32,0.03502828441061242,True,0.75,3.0,3.174694731352956,44,sub-HUP123,01,False
DNET16-DNET17,0.03363747611018622,True,-0.25,1.5,2.789183606318103,45,sub-HUP123,01,True
RG04-RG05,0.03338693219677388,True,1.0,4.0,3.090316769312184,46,sub-HUP123,01,False
RDHP7-RDHP8,0.031205942648699046,True,0.75,1.25,2.8282670242255032,47,sub-HUP123,01,False
RDHP4-RDHP5,0.03102120393461953,True,5.25,6.25,3.8882774930074424,48,sub-HUP123,01,False
RG11-RG12,0.02752125710609659,True,1.0,4.5,2.5473859606586005,49,sub-HUP123,01,False
RDHP5-RDHP6,0.024569001602517453,True,1.0,9.5,2.2741232171326655,50,sub-HUP123,01,False
RDA5-RDA6,0.024530873200425726,True,5.0,6.0,3.027458702319133,51,sub-HUP123,01,False
DNET25-DNET26,0.020734375288766167,True,1.75,3.25,2.0391368689804366,52,sub-HUP123,01,False
DNET17-DNET18,0.012539696264233546,True,19.5,22.0,2.950068456127865,53,sub-HUP123,01,True
DNET24-DNET25,0.01135708480594391,True,10.75,11.25,1.9053350970602811,54,sub-HUP123,01,False
DNET11-DNET12,0.010743728630815547,True,13.75,23.5,2.051046331509342,55,sub-HUP123,01,False
DNET13-DNET14,0.010605523709304076,True,17.75,22.5,2.3518802524412754,56,sub-HUP123,01,False
RPT2-RPT3,0.00792593467949596,True,22.25,23.5,2.0327659425408457,57,sub-HUP123,01,False
DNET12-DNET13,0.0,False,,,,58,sub-HUP123,01,False
DNET14-DNET15,0.0,False,,,,58,sub-HUP123,01,False
DNET15-DNET16,0.0,False,,,,58,sub-HUP123,01,False
DNET21-DNET22,0.0,False,,,,58,sub-HUP123,01,False
DNET22-DNET23,0.0,False,,,,58,sub-HUP123,01,False
DNET23-DNET24,0.0,False,,,,58,sub-HUP123,01,False
DNET26-DNET27,0.0,False,,,,58,sub-HUP123,01,False
DNET27-DNET28,0.0,False,,,,58,sub-HUP123,01,False
FP6-FP7,0.0,False,,,,58,sub-HUP123,01,False
FP7-FP8,0.0,False,,,,58,sub-HUP123,01,False
RG05-RG06,0.0,False,,,,58,sub-HUP123,01,False
RG06-RG07,0.0,False,,,,58,sub-HUP123,01,False
RG07-RG08,0.0,False,,,,58,sub-HUP123,01,False
RG08-RG09,0.0,False,,,,58,sub-HUP123,01,False
RG12-RG13,0.0,False,,,,58,sub-HUP123,01,False
RG14-RG15,0.0,False,,,,58,sub-HUP123,01,False
RG15-RG16,0.0,False,,,,58,sub-HUP123,01,False
RG16-RG17,0.0,False,,,,58,sub-HUP123,01,False
RG17-RG18,0.0,False,,,,58,sub-HUP123,01,False
RG18-RG19,0.0,False,,,,58,sub-HUP123,01,False
RG23-RG24,0.0,False,,,,58,sub-HUP123,01,False
RG25-RG26,0.0,False,,,,58,sub-HUP123,01,False
RG47-RG48,0.0,False,,,,58,sub-HUP123,01,False
RG48-RG49,0.0,False,,,,58,sub-HUP123,01,False
RG49-RG50,0.0,False,,,,58,sub-HUP123,01,False
RG50-RG51,0.0,False,,,,58,sub-HUP123,01,False
RG51-RG52,0.0,False,,,,58,sub-HUP123,01,False
RG52-RG53,0.0,False,,,,58,sub-HUP123,01,False
RG53-RG54,0.0,False,,,,58,sub-HUP123,01,False
RG54-RG55,0.0,False,,,,58,sub-HUP123,01,False
RG55-RG56,0.0,False,,,,58,sub-HUP123,01,False
RG56-RG57,0.0,False,,,,58,sub-HUP123,01,False
RG57-RG58,0.0,False,,,,58,sub-HUP123,01,False
RG58-RG59,0.0,False,,,,58,sub-HUP123,01,False
RG59-RG60,0.0,False,,,,58,sub-HUP123,01,False
RG60-RG61,0.0,False,,,,58,sub-HUP123,01,False
RG61-RG62,0.0,False,,,,58,sub-HUP123,01,False
RG62-RG63,0.0,False,,,,58,sub-HUP123,01,False
RIO5-RIO6,0.0,False,,,,58,sub-HUP123,01,False
RMT1-RMT2,0.0,False,,,,58,sub-HUP123,01,False
RPT1-RPT2,0.0,False,,,,58,sub-HUP123,01,False
RPT3-RPT4,0.0,False,,,,58,sub-HUP123,01,False
RSO7-RSO8,0.0,False,,,,58,sub-HUP123,01,False
DNET23-DNET24,1.0,True,9.25,9.75,61.7184109048042,1,sub-HUP123,02,False
RG50-RG51,0.5967263737529389,True,-5.25,-4.5,2.3760647440656553,2,sub-HUP123,02,False
DNET22-DNET23,0.3609467744596882,True,9.25,10.0,22.277061340866723,3,sub-HUP123,02,False
DNET24-DNET25,0.15126091344080134,True,11.75,13.5,10.84132243692627,4,sub-HUP123,02,False
DNET15-DNET16,0.1271415603779342,True,9.5,10.5,7.973539180458855,5,sub-HUP123,02,False
RG33-RG34,0.1128531737984079,True,0.0,1.0,2.8085155453231545,6,sub-HUP123,02,False
DNET13-DNET14,0.09293059555946208,True,9.25,10.0,5.735528682367054,7,sub-HUP123,02,False
RG13-RG14,0.09091847425256201,True,13.0,14.75,6.968926918747198,8,sub-HUP123,02,False
DNET16-DNET17,0.08746704662446725,True,12.75,14.5,6.617304216759497,9,sub-HUP123,02,True
RDA2-RDA3,0.08738256533978044,True,8.25,9.25,5.0451702946173445,10,sub-HUP123,02,True
RAT3-RAT4,0.07664998490756829,True,1.0,2.75,2.212753913980611,11,sub-HUP123,02,False
DNET14-DNET15,0.06896271860398967,True,9.5,12.5,4.324918910428153,12,sub-HUP123,02,False
RDA4-RDA5,0.0644926035969938,True,8.75,9.75,3.8519816217289518,13,sub-HUP123,02,True
RDHA7-RDHA8,0.06403332496730901,True,2.0,5.0,2.1035025329644643,14,sub-HUP123,02,False
DNET26-DNET27,0.06098113471106915,True,14.0,16.5,4.917038017623511,15,sub-HUP123,02,False
RDA7-RDA8,0.055635671293823,True,4.0,6.75,2.27070248543465,16,sub-HUP123,02,False
DNET11-DNET12,0.0534733008390551,True,15.0,16.5,4.524587226738487,17,sub-HUP123,02,False
DNET25-DNET26,0.05328977808895382,True,12.0,15.25,3.8724856571250243,18,sub-HUP123,02,False
RDA6-RDA7,0.04134909433142813,True,4.25,10.75,1.7287744607825946,19,sub-HUP123,02,False
RG14-RG15,0.040879556100997805,True,13.25,15.0,3.1741234968015406,20,sub-HUP123,02,False
DNET21-DNET22,0.03936253656587528,True,11.5,16.25,2.7820470585160173,21,sub-HUP123,02,False
RDHA2-RDHA3,0.0388713910562086,True,3.75,4.5,1.5477938617086537,22,sub-HUP123,02,True
DNET27-DNET28,0.03757365803085329,True,13.25,17.5,2.9174345856853936,23,sub-HUP123,02,False
DNET12-DNET13,0.037165187123657885,True,10.0,14.75,2.404765465586623,24,sub-HUP123,02,False
RDHP3-RDHP4,0.036744200361915925,True,9.5,11.5,2.3043709733423627,25,sub-HUP123,02,False
DNET17-DNET18,0.034886631897381816,True,10.0,15.0,2.2573320381334177,26,sub-HUP123,02,True
RG15-RG16,0.03384708709779544,True,13.0,17.25,2.5943888559080257,27,sub-HUP123,02,False
RDHP6-RDHP7,0.03211394218580653,True,10.25,11.0,2.109893833119103,28,sub-HUP123,02,False
RG12-RG13,0.03034680263207244,True,16.25,20.75,2.718807727490188,29,sub-HUP123,02,False
RG25-RG26,0.030039162985627265,True,14.5,16.5,2.481926783287359,30,sub-HUP123,02,False
RG53-RG54,0.028755709933212994,True,18.25,21.0,2.805260624333954,31,sub-HUP123,02,False
RG30-RG31,0.028140891412285086,True,16.5,20.5,2.549190484619205,32,sub-HUP123,02,False
RG07-RG08,0.027897821099281152,True,13.5,21.25,2.193918156296418,33,sub-HUP123,02,False
RG02-RG03,0.02717973976835019,True,16.75,19.5,2.489179225038694,34,sub-HUP123,02,False
RG28-RG29,0.025356972714265725,True,21.0,24.0,2.751357010961688,35,sub-HUP123,02,False
RAT1-RAT2,0.025210372007137195,True,11.0,11.5,1.7316152065058585,36,sub-HUP123,02,False
RG03-RG04,0.02497888369596748,True,16.75,24.25,2.2876200762254073,37,sub-HUP123,02,False
RG24-RG25,0.02492446586414415,True,15.5,20.5,2.1585800490868268,38,sub-HUP123,02,False
RG29-RG30,0.023913263577782114,True,14.0,23.75,1.928177077952323,39,sub-HUP123,02,False
RG23-RG24,0.022797445000021815,True,13.25,23.0,1.7701245498564453,40,sub-HUP123,02,False
RG05-RG06,0.020947859796345294,True,14.0,22.0,1.689070291894394,41,sub-HUP123,02,False
FP6-FP7,0.0,False,,,,42,sub-HUP123,02,False
FP7-FP8,0.0,False,,,,42,sub-HUP123,02,False
RAT2-RAT3,0.0,False,,,,42,sub-HUP123,02,False
RDA1-RDA2,0.0,False,,,,42,sub-HUP123,02,True
RDA3-RDA4,0.0,False,,,,42,sub-HUP123,02,True
RDA5-RDA6,0.0,False,,,,42,sub-HUP123,02,False
RDHA1-RDHA2,0.0,False,,,,42,sub-HUP123,02,True
RDHA3-RDHA4,0.0,False,,,,42,sub-HUP123,02,False
RDHA4-RDHA5,0.0,False,,,,42,sub-HUP123,02,False
RDHA5-RDHA6,0.0,False,,,,42,sub-HUP123,02,False
RDHA6-RDHA7,0.0,False,,,,42,sub-HUP123,02,False
RDHP2-RDHP3,0.0,False,,,,42,sub-HUP123,02,True
RDHP4-RDHP5,0.0,False,,,,42,sub-HUP123,02,False
RDHP5-RDHP6,0.0,False,,,,42,sub-HUP123,02,False
RDHP7-RDHP8,0.0,False,,,,42,sub-HUP123,02,False
RG04-RG05,0.0,False,,,,42,sub-HUP123,02,False
RG06-RG07,0.0,False,,,,42,sub-HUP123,02,False
RG08-RG09,0.0,False,,,,42,sub-HUP123,02,False
RG09-RG10,0.0,False,,,,42,sub-HUP123,02,False
RG10-RG11,0.0,False,,,,42,sub-HUP123,02,False
RG11-RG12,0.0,False,,,,42,sub-HUP123,02,False
RG16-RG17,0.0,False,,,,42,sub-HUP123,02,False
RG17-RG18,0.0,False,,,,42,sub-HUP123,02,False
RG18-RG19,0.0,False,,,,42,sub-HUP123,02,False
RG19-RG20,0.0,False,,,,42,sub-HUP123,02,False
RG20-RG21,0.0,False,,,,42,sub-HUP123,02,False
RG21-RG22,0.0,False,,,,42,sub-HUP123,02,False
RG22-RG23,0.0,False,,,,42,sub-HUP123,02,False
RG26-RG27,0.0,False,,,,42,sub-HUP123,02,False
RG27-RG28,0.0,False,,,,42,sub-HUP123,02,False
RG31-RG32,0.0,False,,,,42,sub-HUP123,02,False
RG32-RG33,0.0,False,,,,42,sub-HUP123,02,False
RG34-RG35,0.0,False,,,,42,sub-HUP123,02,False
RG35-RG36,0.0,False,,,,42,sub-HUP123,02,False
RG44-RG45,0.0,False,,,,42,sub-HUP123,02,False
RG45-RG46,0.0,False,,,,42,sub-HUP123,02,False
RG46-RG47,0.0,False,,,,42,sub-HUP123,02,False
RG47-RG48,0.0,False,,,,42,sub-HUP123,02,False
RG48-RG49,0.0,False,,,,42,sub-HUP123,02,False
RG49-RG50,0.0,False,,,,42,sub-HUP123,02,False
RG51-RG52,0.0,False,,,,42,sub-HUP123,02,False
RG52-RG53,0.0,False,,,,42,sub-HUP123,02,False
RG54-RG55,0.0,False,,,,42,sub-HUP123,02,False
RG55-RG56,0.0,False,,,,42,sub-HUP123,02,False
RG56-RG57,0.0,False,,,,42,sub-HUP123,02,False
RG57-RG58,0.0,False,,,,42,sub-HUP123,02,False
RG58-RG59,0.0,False,,,,42,sub-HUP123,02,False
RG59-RG60,0.0,False,,,,42,sub-HUP123,02,False
RG60-RG61,0.0,False,,,,42,sub-HUP123,02,False
RG61-RG62,0.0,False,,,,42,sub-HUP123,02,False
RG62-RG63,0.0,False,,,,42,sub-HUP123,02,False
RG63-RG64,0.0,False,,,,42,sub-HUP123,02,False
RIO5-RIO6,0.0,False,,,,42,sub-HUP123,02,False
RMT1-RMT2,0.0,False,,,,42,sub-HUP123,02,False
RMT2-RMT3,0.0,False,,,,42,sub-HUP123,02,False
RPT1-RPT2,0.0,False,,,,42,sub-HUP123,02,False
RPT2-RPT3,0.0,False,,,,42,sub-HUP123,02,False
RPT3-RPT4,0.0,False,,,,42,sub-HUP123,02,False
RSO7-RSO8,0.0,False,,,,42,sub-HUP123,02,False
RDHA5-RDHA6,1.0,True,-9.0,-7.75,5.154578471220091,1,sub-HUP123,03,False
RG44-RG45,0.7320789926572554,True,-9.5,-7.5,2.515705743189053,2,sub-HUP123,03,False
RDHA6-RDHA7,0.6664684684104047,True,-8.75,-7.75,4.007924688851183,3,sub-HUP123,03,False
RDA7-RDA8,0.3844750060935545,True,1.5,2.25,15.854452713056395,4,sub-HUP123,03,False
RDHP2-RDHP3,0.3827342583065376,True,4.5,5.0,19.72833768065268,5,sub-HUP123,03,True
RDA1-RDA2,0.3747475851957878,True,2.5,3.25,16.741103901530018,6,sub-HUP123,03,True
RDHA1-RDHA2,0.341138725970259,True,2.75,3.25,15.532765937840768,7,sub-HUP123,03,True
RDHA2-RDHA3,0.2693774015298895,True,0.5,2.5,10.182531000100642,8,sub-HUP123,03,True
RG28-RG29,0.21852606644665648,True,3.0,4.0,10.137687817557119,9,sub-HUP123,03,False
DNET22-DNET23,0.21364720955865743,True,7.5,8.25,13.215135681927634,10,sub-HUP123,03,False
DNET23-DNET24,0.19736616957652314,True,7.25,8.0,12.038516335648119,11,sub-HUP123,03,False
RAT1-RAT2,0.19322300664856176,True,4.25,5.25,9.793834310448414,12,sub-HUP123,03,False
RAT2-RAT3,0.17242713636994975,True,4.5,5.75,8.887892049866737,13,sub-HUP123,03,False
RG32-RG33,0.17123351541169984,True,3.0,4.25,7.943729328832335,14,sub-HUP123,03,False
RG29-RG30,0.17028863454699536,True,3.0,3.5,7.899895165764673,15,sub-HUP123,03,False
RG34-RG35,0.1630048727533601,True,3.25,6.0,7.702029571485703,16,sub-HUP123,03,False
RDA3-RDA4,0.1403260379510834,True,-1.75,2.0,4.2193758493498965,17,sub-HUP123,03,True
RDA2-RDA3,0.13925732838295782,True,-1.75,-1.0,4.187241489914121,18,sub-HUP123,03,True
RDHP5-RDHP6,0.13258458415237642,True,3.0,4.25,6.150758787787571,19,sub-HUP123,03,False
RG21-RG22,0.12645020771613724,True,2.75,4.0,5.757544745645035,20,sub-HUP123,03,False
RMT2-RMT3,0.12332831860292083,True,3.25,5.0,5.827300379655223,21,sub-HUP123,03,False
RDHP3-RDHP4,0.10790153858755283,True,-1.75,1.75,3.244423862253722,22,sub-HUP123,03,False
RDHP6-RDHP7,0.10762735745050336,True,3.25,3.75,5.085425213262844,23,sub-HUP123,03,False
RG09-RG10,0.10502192192089924,True,2.75,3.5,4.781869683366684,24,sub-HUP123,03,False
RG54-RG55,0.10125486086856787,True,3.25,4.5,4.784322821112135,25,sub-HUP123,03,False
RDHA4-RDHA5,0.10042547971838142,True,1.75,2.5,4.227483295032936,26,sub-HUP123,03,False
RDA5-RDA6,0.09598141356728686,True,0.25,1.75,3.54566338408033,27,sub-HUP123,03,False
RG02-RG03,0.09262206959179964,True,2.75,5.5,4.2172782452533655,28,sub-HUP123,03,False
RG35-RG36,0.0917121675744378,True,-4.75,-4.25,1.8121606640244845,29,sub-HUP123,03,False
RG20-RG21,0.08940995017989803,True,3.0,3.75,4.1478354387914695,30,sub-HUP123,03,False
RDA6-RDA7,0.08704826974113793,True,0.5,5.0,3.2904456725406113,31,sub-HUP123,03,False
RDHP7-RDHP8,0.0856035996921023,True,-2.0,2.25,2.5004193415138354,32,sub-HUP123,03,False
RDHA7-RDHA8,0.0811338175485884,True,1.25,3.5,3.2759832622535114,33,sub-HUP123,03,False
RDHP4-RDHP5,0.07854995826813195,True,-1.75,3.5,2.3618695555242057,34,sub-HUP123,03,False
DNET13-DNET14,0.07758289216465282,True,7.5,9.25,4.798885268242912,35,sub-HUP123,03,False
RG30-RG31,0.07295153598606949,True,-3.25,3.5,1.817499681375119,36,sub-HUP123,03,False
DNET26-DNET27,0.07107383735371078,True,3.25,3.75,3.3582603256623296,37,sub-HUP123,03,False
RG31-RG32,0.07104622530150694,True,2.75,5.25,3.2348845333719645,38,sub-HUP123,03,False
DNET17-DNET18,0.06942244102971673,True,3.5,5.25,3.339871919545692,39,sub-HUP123,03,True
RG26-RG27,0.06881292561290678,True,16.5,17.75,6.384629248307259,40,sub-HUP123,03,False
DNET25-DNET26,0.06854645840664543,True,3.25,4.25,3.238840905495048,41,sub-HUP123,03,False
RMT1-RMT2,0.06737348509275418,True,4.25,5.5,3.414938838603421,42,sub-HUP123,03,False
DNET14-DNET15,0.06553889863946813,True,7.5,8.75,4.053904751453738,43,sub-HUP123,03,False
RDA4-RDA5,0.0636193067113019,True,-1.75,3.5,1.9129291342468104,44,sub-HUP123,03,True
RG33-RG34,0.06359619756503698,True,0.75,6.75,2.4585869311514936,45,sub-HUP123,03,False
RAT3-RAT4,0.06270223530143355,True,3.25,5.75,2.962699595003003,46,sub-HUP123,03,False
RG55-RG56,0.06259154312603633,True,3.25,4.75,2.9574693562141823,47,sub-HUP123,03,False
RG04-RG05,0.06242055117437986,True,7.75,11.0,3.9146448224826633,48,sub-HUP123,03,False
RG53-RG54,0.06144099633815534,True,15.75,16.75,5.54229264706194,49,sub-HUP123,03,False
RDHA3-RDHA4,0.060851431273806204,True,-1.75,-1.0,1.8297036192568608,50,sub-HUP123,03,False
RG27-RG28,0.06062523864973677,True,3.25,4.75,2.864560874601372,51,sub-HUP123,03,False
RG19-RG20,0.051458738420947225,True,3.0,8.25,2.3872329469868463,52,sub-HUP123,03,False
RG56-RG57,0.051183757639481485,True,16.0,17.5,4.66100894861492,53,sub-HUP123,03,False
DNET16-DNET17,0.05059248672521309,True,0.0,6.25,1.8254806001549013,54,sub-HUP123,03,True
RG10-RG11,0.0491589845303496,True,8.0,11.0,3.125190734368572,55,sub-HUP123,03,False
RG08-RG09,0.04855702131327306,True,3.25,8.75,2.2943339529730804,56,sub-HUP123,03,False
DNET15-DNET16,0.04588607663613889,True,10.0,11.75,3.232486231017755,57,sub-HUP123,03,False
RG06-RG07,0.04527519474602139,True,17.0,18.25,4.278533308832545,58,sub-HUP123,03,False
RG47-RG48,0.0443349297513919,True,3.25,10.75,2.0948388488461482,59,sub-HUP123,03,False
RG50-RG51,0.04052571739326406,True,6.25,7.5,2.332638392867765,60,sub-HUP123,03,False
RG45-RG46,0.03762060425761528,True,3.75,10.5,1.8422243894156487,61,sub-HUP123,03,False
RG22-RG23,0.027743266758951154,True,17.0,18.5,2.6217555018784364,62,sub-HUP123,03,False
DNET12-DNET13,0.024872728155154157,True,17.5,19.0,2.3932240092892587,63,sub-HUP123,03,False
DNET21-DNET22,0.024225371289765187,True,25.75,27.0,3.0177297849321425,64,sub-HUP123,03,False
DNET11-DNET12,0.019057495058299612,True,17.5,19.25,1.833689269867363,65,sub-HUP123,03,False
RG24-RG25,0.018979352513435247,True,17.25,19.0,1.8098653944738294,66,sub-HUP123,03,False
RG07-RG08,0.016642031065275713,True,17.75,25.25,1.615573336708069,67,sub-HUP123,03,False
DNET24-DNET25,0.0,False,,,,68,sub-HUP123,03,False
DNET27-DNET28,0.0,False,,,,68,sub-HUP123,03,False
FP6-FP7,0.0,False,,,,68,sub-HUP123,03,False
FP7-FP8,0.0,False,,,,68,sub-HUP123,03,False
RG03-RG04,0.0,False,,,,68,sub-HUP123,03,False
RG05-RG06,0.0,False,,,,68,sub-HUP123,03,False
RG11-RG12,0.0,False,,,,68,sub-HUP123,03,False
RG12-RG13,0.0,False,,,,68,sub-HUP123,03,False
RG13-RG14,0.0,False,,,,68,sub-HUP123,03,False
RG14-RG15,0.0,False,,,,68,sub-HUP123,03,False
RG15-RG16,0.0,False,,,,68,sub-HUP123,03,False
RG16-RG17,0.0,False,,,,68,sub-HUP123,03,False
RG17-RG18,0.0,False,,,,68,sub-HUP123,03,False
RG18-RG19,0.0,False,,,,68,sub-HUP123,03,False
RG23-RG24,0.0,False,,,,68,sub-HUP123,03,False
RG25-RG26,0.0,False,,,,68,sub-HUP123,03,False
RG46-RG47,0.0,False,,,,68,sub-HUP123,03,False
RG48-RG49,0.0,False,,,,68,sub-HUP123,03,False
RG49-RG50,0.0,False,,,,68,sub-HUP123,03,False
RG51-RG52,0.0,False,,,,68,sub-HUP123,03,False
RG52-RG53,0.0,False,,,,68,sub-HUP123,03,False
RG57-RG58,0.0,False,,,,68,sub-HUP123,03,False
RG58-RG59,0.0,False,,,,68,sub-HUP123,03,False
RG59-RG60,0.0,False,,,,68,sub-HUP123,03,False
RG60-RG61,0.0,False,,,,68,sub-HUP123,03,False
RG61-RG62,0.0,False,,,,68,sub-HUP123,03,False
RG62-RG63,0.0,False,,,,68,sub-HUP123,03,False
RG63-RG64,0.0,False,,,,68,sub-HUP123,03,False
RIO5-RIO6,0.0,False,,,,68,sub-HUP123,03,False
RPT1-RPT2,0.0,False,,,,68,sub-HUP123,03,False
RPT2-RPT3,0.0,False,,,,68,sub-HUP123,03,False
RPT3-RPT4,0.0,False,,,,68,sub-HUP123,03,False
RSO7-RSO8,0.0,False,,,,68,sub-HUP123,03,False
LDA4-LDA5,1.0,True,-2.25,-0.25,154.79930461270158,1,sub-HUP126,01,False
LDA5-LDA6,0.9727702892129629,True,-2.5,-0.25,145.3916069277852,2,sub-HUP126,01,False
LDMH4-LDMH5,0.9363870159068741,True,-1.75,0.75,154.94875262872938,3,sub-HUP126,01,True
LDA2-LDA3,0.680774668511109,True,-1.5,2.0,116.28518100244094,4,sub-HUP126,01,False
LDAH5-LDAH6,0.6552586726567325,True,-1.75,1.5,108.4290066527526,5,sub-HUP126,01,False
LPT3-LPT4,0.6166894321383133,True,-1.5,0.25,105.33858786980713,6,sub-HUP126,01,False
LDA3-LDA4,0.6029209987040766,True,-1.25,2.0,106.20509634761925,7,sub-HUP126,01,False
LG51-LG52,0.3684284072748557,True,-0.5,1.5,70.79891740847114,8,sub-HUP126,01,False
LDA1-LDA2,0.3380781379499741,True,-1.0,2.0,61.35740904896695,9,sub-HUP126,01,False
LDA6-LDA7,0.32497902817408236,True,-2.25,0.5,50.3065275750595,10,sub-HUP126,01,False
LAT3-LAT4,0.3094372559385756,True,-1.0,1.25,56.15940859927027,11,sub-HUP126,01,False
LMT1-LMT2,0.2694907737284509,True,-2.25,-1.25,41.71698437270311,12,sub-HUP126,01,False
LDAH2-LDAH3,0.2148036443715085,True,0.5,2.0,45.864075554460086,13,sub-HUP126,01,False
LG41-LG42,0.2053664630155918,True,1.0,1.5,46.04153786050055,14,sub-HUP126,01,False
LDAH1-LDAH2,0.19681106703954981,True,1.0,2.0,44.12348570165022,15,sub-HUP126,01,False
LDMH6-LDMH7,0.19012880189042933,True,0.25,1.25,39.58070505034131,16,sub-HUP126,01,False
LG57-LG58,0.185700292222256,True,0.75,1.5,40.641286903365824,17,sub-HUP126,01,False
LDA7-LDA8,0.18530021252613157,True,-2.75,-1.75,26.70611341993229,18,sub-HUP126,01,False
LMT2-LMT3,0.17790769257098982,True,-2.0,-0.75,28.48964182266157,19,sub-HUP126,01,False
LDMH3-LDMH4,0.17621404855644474,True,0.5,1.25,37.62456852348479,20,sub-HUP126,01,True
LDMH5-LDMH6,0.15772645712395528,True,-0.5,1.25,30.309450060182108,21,sub-HUP126,01,False
LG42-LG43,0.1511722132282409,True,-0.75,1.5,28.24301282611434,22,sub-HUP126,01,False
LDAH3-LDAH4,0.14713592197809067,True,1.0,2.0,32.986710794544834,23,sub-HUP126,01,True
LMT3-LMT4,0.14619023239949336,True,-1.75,1.5,24.190846062583965,24,sub-HUP126,01,False
LDAH7-LDAH8,0.14387018875281019,True,-0.75,1.25,26.87879934724689,25,sub-HUP126,01,False
LDAH6-LDAH7,0.14272466059679612,True,0.25,1.25,29.71218793956026,26,sub-HUP126,01,False
LAT1-LAT2,0.14235429392036725,True,-0.5,1.75,27.355463636902737,27,sub-HUP126,01,False
LDMH2-LDMH3,0.14120074653237005,True,0.5,1.25,30.14865844690375,28,sub-HUP126,01,False
LG33-LG34,0.13102961213709222,True,1.25,1.75,30.075227318180577,29,sub-HUP126,01,False
LG61-LG62,0.12722583187574713,True,0.5,1.25,27.164786625018117,30,sub-HUP126,01,False
LAT2-LAT3,0.12329814602848366,True,-0.5,1.5,23.69354557064847,31,sub-HUP126,01,False
LG60-LG61,0.12243534463415497,True,-0.5,1.5,23.52774563923488,32,sub-HUP126,01,False
LG3-LG4,0.11877340500015615,True,-8.5,-7.75,2.53600558627682,33,sub-HUP126,01,False
LG49-LG50,0.11818679422894607,True,-0.5,1.75,22.711324420607962,34,sub-HUP126,01,False
LG25-LG26,0.11607707685553616,True,1.5,2.25,27.262780491839067,35,sub-HUP126,01,False
LPT2-LPT3,0.11436679174300653,True,0.75,1.5,25.02965148747331,36,sub-HUP126,01,False
LG56-LG57,0.11374345923885922,True,1.0,1.75,25.500384571226896,37,sub-HUP126,01,False
LG52-LG53,0.10278603446774719,True,0.0,1.5,20.849167346936852,38,sub-HUP126,01,False
LG59-LG60,0.09433734527943474,True,-0.5,1.25,18.12830331508737,39,sub-HUP126,01,False
LG48-LG49,0.0941644720676004,True,1.0,1.75,21.110930393173845,40,sub-HUP126,01,False
LG17-LG18,0.09226966481031829,True,1.0,2.0,20.68612958201179,41,sub-HUP126,01,False
LDMH1-LDMH2,0.08935263783841786,True,0.5,2.0,19.078243038203656,42,sub-HUP126,01,False
LG50-LG51,0.08709045821514019,True,-1.0,1.75,15.805946227019941,43,sub-HUP126,01,False
LDAH4-LDAH5,0.08346540030568789,True,-2.5,1.5,12.474855377350176,44,sub-HUP126,01,True
LOF3-LOF4,0.08316961796958325,True,1.0,1.5,18.645971004034912,45,sub-HUP126,01,False
LOF4-LOF5,0.07973619672194868,True,0.75,1.25,17.450600689854774,46,sub-HUP126,01,False
LG62-LG63,0.07958377369177884,True,-1.25,1.25,14.018755974347766,47,sub-HUP126,01,False
LG43-LG44,0.07817576158070658,True,0.25,2.0,16.27450302345543,48,sub-HUP126,01,False
LG58-LG59,0.0729691551339359,True,1.0,1.5,16.35910785731738,49,sub-HUP126,01,False
LDMH7-LDMH8,0.0713480404635407,True,0.5,1.5,15.233968343772403,50,sub-HUP126,01,False
LG40-LG41,0.060666961352844787,True,1.25,2.0,13.924887845055125,51,sub-HUP126,01,False
LG47-LG48,0.05595568316927632,True,1.0,2.0,12.544821911612765,52,sub-HUP126,01,False
LG18-LG19,0.05373711904253391,True,1.0,1.75,12.047437369183344,53,sub-HUP126,01,False
LG34-LG35,0.05066739679461217,True,1.0,2.0,11.359229903253624,54,sub-HUP126,01,False
LG53-LG54,0.04842685503586041,True,0.0,1.5,9.822925944723767,55,sub-HUP126,01,False
LOF5-LOF6,0.02940617531315865,True,-5.75,-2.75,2.354511460239389,56,sub-HUP126,01,False
LP4-LP5,0.027543311366802842,True,0.5,1.5,5.88094544318924,57,sub-HUP126,01,False
LG9-LG10,0.0263919707441743,True,1.0,1.25,5.916871247565232,58,sub-HUP126,01,False
LG26-LG27,0.0261633970784,True,0.75,2.75,5.725969056404642,59,sub-HUP126,01,False
LP5-LP6,0.026092556439770456,True,0.25,1.5,5.431906003631768,60,sub-HUP126,01,False
LG63-LG64,0.024279949413857443,True,-1.5,1.5,4.147331625154983,61,sub-HUP126,01,False
LP3-LP4,0.021854536243559142,True,1.0,2.5,4.8996142948866765,62,sub-HUP126,01,False
LG44-LG45,0.021644482522655373,True,1.25,2.25,4.968058146826879,63,sub-HUP126,01,False
LG54-LG55,0.020181583665645902,True,0.0,2.75,4.0936418780052275,64,sub-HUP126,01,False
LG22-LG23,0.019583369097055988,True,-0.5,2.5,3.763231346728721,65,sub-HUP126,01,False
LFP7-LFP8,0.01955727270577364,True,2.5,3.25,5.010955390302998,66,sub-HUP126,01,False
LG4-LG5,0.019153690631874404,True,1.0,2.25,4.2941060553241694,67,sub-HUP126,01,False
LG12-LG13,0.018496595663125528,True,2.25,3.25,4.640456099263612,68,sub-HUP126,01,False
LG38-LG39,0.017904686916891115,True,-0.75,1.5,3.34507441177589,69,sub-HUP126,01,False
LG11-LG12,0.017223048741630498,True,2.25,3.0,4.320946569662349,70,sub-HUP126,01,False
LG10-LG11,0.017191287123374355,True,0.5,2.5,3.6706197132353666,71,sub-HUP126,01,False
LG32-LG33,0.017018295254591836,True,1.25,2.5,3.9062093674997094,72,sub-HUP126,01,False
LG5-LG6,0.016738728283939915,True,1.0,3.25,3.7526905839691054,73,sub-HUP126,01,False
LG55-LG56,0.015540331459681611,True,1.0,2.25,3.484019487696666,74,sub-HUP126,01,False
LG46-LG47,0.01387193549364414,True,1.75,3.0,3.332119605592292,75,sub-HUP126,01,False
LG39-LG40,0.01362253841975074,True,-0.25,5.0,2.690486226006114,76,sub-HUP126,01,False
LG14-LG15,0.013501841422929099,True,1.75,4.25,3.243220856783369,77,sub-HUP126,01,False
LG24-LG25,0.013194333160283784,True,0.5,4.0,2.8172049628141225,78,sub-HUP126,01,False
LO5-LO6,0.01312215300074181,True,0.25,5.0,2.7317484904108964,79,sub-HUP126,01,False
LPT1-LPT2,0.012566618497751177,True,1.25,6.0,2.8844159864053367,80,sub-HUP126,01,False
LG13-LG14,0.012436968040907838,True,0.5,6.25,2.6554951782385197,81,sub-HUP126,01,False
LG27-LG28,0.012224359674177569,True,1.25,3.25,2.805857317469802,82,sub-HUP126,01,False
LG29-LG30,0.01187769347438448,True,2.5,5.5,3.0432971424621362,83,sub-HUP126,01,False
LG19-LG20,0.011319424252825701,True,1.5,5.25,2.658569521722654,84,sub-HUP126,01,False
LG45-LG46,0.010754868889748886,True,2.0,7.0,2.6407905643227467,85,sub-HUP126,01,False
RDH7-RDH8,0.010184458164173241,True,1.0,3.5,2.2832750258685897,86,sub-HUP126,01,False
LG28-LG29,0.009521315028775332,True,2.75,10.5,2.490370838868669,87,sub-HUP126,01,False
LG37-LG38,0.008903495918151786,True,9.0,11.0,3.51692649240146,88,sub-HUP126,01,False
LG36-LG37,0.007865767303709668,True,9.0,11.0,3.107018374331345,89,sub-HUP126,01,False
LG8-LG9,0.006184585837018947,True,12.0,14.5,2.8390960162888357,90,sub-HUP126,01,False
LG16-LG17,0.005343763494985701,True,14.0,21.25,2.6813042091593613,91,sub-HUP126,01,False
RDA6-RDA7,0.00437957499352535,True,12.75,19.5,2.080621019007731,92,sub-HUP126,01,False
RDA7-RDA8,0.0042060257692314185,True,14.75,16.75,2.1777833390769756,93,sub-HUP126,01,False
RDA2-RDA3,0.002282107773597602,True,20.25,26.5,1.4496198231756474,94,sub-HUP126,01,False
LG1-LG2,0.0,False,,,,95,sub-HUP126,01,False
LG15-LG16,0.0,False,,,,95,sub-HUP126,01,False
LG2-LG3,0.0,False,,,,95,sub-HUP126,01,False
LG20-LG21,0.0,False,,,,95,sub-HUP126,01,False
LG21-LG22,0.0,False,,,,95,sub-HUP126,01,False
LG23-LG24,0.0,False,,,,95,sub-HUP126,01,False
LG30-LG31,0.0,False,,,,95,sub-HUP126,01,False
LG31-LG32,0.0,False,,,,95,sub-HUP126,01,False
LG35-LG36,0.0,False,,,,95,sub-HUP126,01,False
LG6-LG7,0.0,False,,,,95,sub-HUP126,01,False
LG7-LG8,0.0,False,,,,95,sub-HUP126,01,False
LO6-LO7,0.0,False,,,,95,sub-HUP126,01,False
LO7-LO8,0.0,False,,,,95,sub-HUP126,01,False
RDH1-RDH2,0.0,False,,,,95,sub-HUP126,01,False
RDH2-RDH3,0.0,False,,,,95,sub-HUP126,01,False
RDH6-RDH7,0.0,False,,,,95,sub-HUP126,01,False
LDMH4-LDMH5,1.0,True,-0.25,2.0,270.2361948539365,1,sub-HUP126,02,True
LDAH5-LDAH6,0.6631610738351253,True,-0.25,2.0,179.2101251684547,2,sub-HUP126,02,False
LDA4-LDA5,0.5437861391569394,True,2.5,3.25,191.85229893955483,3,sub-HUP126,02,False
LPT3-LPT4,0.3977115893794985,True,0.0,1.25,110.46151285664993,4,sub-HUP126,02,False
LDA2-LDA3,0.39634316083122406,True,2.75,3.25,142.80835685254903,5,sub-HUP126,02,False
LMT1-LMT2,0.34002002352812244,True,-0.75,2.25,86.78095525836434,6,sub-HUP126,02,False
LDA5-LDA6,0.3303030423629565,True,1.5,3.0,106.61591679511919,7,sub-HUP126,02,False
LMT2-LMT3,0.24372571202412904,True,-0.25,0.75,65.86350900546697,8,sub-HUP126,02,False
LDA7-LDA8,0.23704196185740878,True,1.75,2.25,78.29227730262659,9,sub-HUP126,02,False
LG51-LG52,0.2083732156230314,True,0.25,2.25,59.438317393860565,10,sub-HUP126,02,False
LAT3-LAT4,0.20151429109750152,True,-0.5,2.0,52.943775922797386,11,sub-HUP126,02,False
LDMH6-LDMH7,0.19777597358125695,True,1.75,2.75,65.32316576393858,12,sub-HUP126,02,False
LDMH1-LDMH2,0.14885917147566738,True,1.5,3.25,48.049079193162285,13,sub-HUP126,02,False
LG9-LG10,0.1314033933860364,True,-8.25,-5.75,3.9455503355041563,14,sub-HUP126,02,False
LDAH3-LDAH4,0.12371974212651293,True,-0.25,2.5,33.433552340579126,15,sub-HUP126,02,True
LAT2-LAT3,0.10979729248544283,True,1.75,2.25,36.264803087982074,16,sub-HUP126,02,False
LDAH6-LDAH7,0.10615623889429919,True,2.0,2.25,35.85907257350109,17,sub-HUP126,02,False
LDAH1-LDAH2,0.09119279240045598,True,3.0,3.5,33.54266854455017,18,sub-HUP126,02,False
LG33-LG34,0.08752719178243111,True,0.75,2.75,26.28112805948325,19,sub-HUP126,02,False
LG57-LG58,0.08685296098628181,True,1.0,2.0,26.73064892327606,20,sub-HUP126,02,False
LDMH7-LDMH8,0.079716534513807,True,2.0,2.5,26.92786619244213,21,sub-HUP126,02,False
LG60-LG61,0.07853379302008545,True,1.75,2.25,25.93882303612665,22,sub-HUP126,02,False
LPT2-LPT3,0.0780768999435357,True,2.0,2.5,26.37400543341577,23,sub-HUP126,02,False
LG59-LG60,0.07598825230312758,True,0.0,2.25,21.105186604775803,24,sub-HUP126,02,False
LG61-LG62,0.06554177359716805,True,2.0,2.5,22.13969937609612,25,sub-HUP126,02,False
LG48-LG49,0.06489219436714667,True,2.0,2.75,21.920274601874713,26,sub-HUP126,02,False
LG41-LG42,0.06338539181383845,True,0.0,2.25,17.604833401239162,27,sub-HUP126,02,False
LDMH3-LDMH4,0.06012059080338985,True,-7.75,-3.0,2.7077932818464405,28,sub-HUP126,02,True
LG25-LG26,0.05710163214092212,True,2.0,3.0,19.288659737140044,29,sub-HUP126,02,False
LG58-LG59,0.05246320842100431,True,1.25,2.5,16.54036744910807,30,sub-HUP126,02,False
LG52-LG53,0.049180126721503806,True,0.5,2.25,14.397771166624727,31,sub-HUP126,02,False
LG47-LG48,0.04643672773466392,True,1.75,2.75,15.337525627702467,32,sub-HUP126,02,False
LG62-LG63,0.04642864365327783,True,2.0,2.5,15.683374991363966,33,sub-HUP126,02,False
LDA3-LDA4,0.03915896764915502,True,-7.0,-3.75,2.645542602979013,34,sub-HUP126,02,False
RDH6-RDH7,0.03915744455350294,True,-6.5,-5.0,3.233315193882472,35,sub-HUP126,02,False
LOF4-LOF5,0.03811827337066589,True,0.75,2.5,11.445485722323207,36,sub-HUP126,02,False
RDH2-RDH3,0.037673739672624044,True,-3.75,-3.25,6.221604922529156,37,sub-HUP126,02,False
LG26-LG27,0.03264716365949356,True,1.75,3.0,10.782988675696425,38,sub-HUP126,02,False
LDAH7-LDAH8,0.02931057965405088,True,-6.75,-1.75,2.200216531853867,39,sub-HUP126,02,False
LG42-LG43,0.028663508260638577,True,1.75,2.5,9.4672323820792,40,sub-HUP126,02,False
LOF3-LOF4,0.028106164804094023,True,-6.25,2.25,2.5317676761986685,41,sub-HUP126,02,False
LDMH5-LDMH6,0.02715028379498144,True,-6.25,1.0,2.445663127320093,42,sub-HUP126,02,False
LG18-LG19,0.026525716373504506,True,1.5,2.75,8.56202700882435,43,sub-HUP126,02,False
LDAH4-LDAH5,0.026456049885091874,True,-6.0,-2.75,2.5817213687103053,44,sub-HUP126,02,True
LAT1-LAT2,0.025983352972059226,True,-2.0,0.25,5.656323074021229,45,sub-HUP126,02,False
LG17-LG18,0.024688570401090494,True,1.75,3.25,8.154355393035159,46,sub-HUP126,02,False
LDMH2-LDMH3,0.02333978250454719,True,-5.75,-3.0,2.4528210049572885,47,sub-HUP126,02,False
LG6-LG7,0.021449367134984104,True,-5.75,2.25,2.2541537497823505,48,sub-HUP126,02,False
LG34-LG35,0.019421014024604895,True,1.5,3.25,6.2687561110891385,49,sub-HUP126,02,False
LDA6-LDA7,0.018804395474959535,True,-1.75,2.25,4.234690233068039,50,sub-HUP126,02,False
LOF5-LOF6,0.0185968936097794,True,1.75,3.0,6.142343490812556,51,sub-HUP126,02,False
RDH7-RDH8,0.01724252528172775,True,-3.5,-1.75,2.9769375472655244,52,sub-HUP126,02,False
LG23-LG24,0.016074027396754655,True,-2.0,1.5,3.499159333073062,53,sub-HUP126,02,False
RDA6-RDA7,0.015688300022431285,True,-3.5,-2.75,2.708599153920595,54,sub-HUP126,02,False
RDH1-RDH2,0.015625054167100402,True,-3.75,-2.0,2.580389278196802,55,sub-HUP126,02,False
LMT3-LMT4,0.015561307135587125,True,-4.25,2.5,2.336238015152486,56,sub-HUP126,02,False
LDAH2-LDAH3,0.015535854063899348,True,-1.5,0.25,3.615245907418361,57,sub-HUP126,02,False
LO6-LO7,0.014875659822389354,True,1.75,3.0,4.913262085531659,58,sub-HUP126,02,False
LG53-LG54,0.014547451951856217,True,2.0,3.5,4.914060075362619,59,sub-HUP126,02,False
LG22-LG23,0.014460854545069355,True,-2.25,2.0,3.039436016241175,60,sub-HUP126,02,False
LG49-LG50,0.014010872998384464,True,-4.25,2.25,2.1034694475917677,61,sub-HUP126,02,False
LG7-LG8,0.013896496402467685,True,-2.5,-0.25,2.8165022322032143,62,sub-HUP126,02,False
RDA2-RDA3,0.013729509259552346,True,-3.75,-3.0,2.267350763035914,63,sub-HUP126,02,False
LG40-LG41,0.013318315713572155,True,1.75,4.0,4.398888951476715,64,sub-HUP126,02,False
LG50-LG51,0.013150428214634776,True,-3.5,2.25,2.2704332964645335,65,sub-HUP126,02,False
LG21-LG22,0.013145248598706598,True,-4.25,4.5,1.9735122009575068,66,sub-HUP126,02,False
LG56-LG57,0.013102759470170661,True,-4.5,2.25,1.8687765934666867,67,sub-HUP126,02,False
LG11-LG12,0.012708533546841044,True,3.25,6.0,4.769869094266563,68,sub-HUP126,02,False
LG3-LG4,0.01259303358575989,True,3.0,4.25,4.63198834489709,69,sub-HUP126,02,False
LG46-LG47,0.012379186580472394,True,2.25,3.75,4.274555464919823,70,sub-HUP126,02,False
LO5-LO6,0.012081684117415094,True,1.5,3.75,3.899751632295897,71,sub-HUP126,02,False
LG54-LG55,0.011465921841494347,True,1.25,3.5,3.6149249370944183,72,sub-HUP126,02,False
LG63-LG64,0.011306136498873659,True,2.0,3.25,3.819159132443532,73,sub-HUP126,02,False
LG55-LG56,0.011269565018254867,True,1.25,4.0,3.553018429557601,74,sub-HUP126,02,False
LDA1-LDA2,0.010892190436920069,True,-2.0,3.25,2.371123856156493,75,sub-HUP126,02,False
LG15-LG16,0.010622714312851743,True,1.5,5.75,3.4288222633832413,76,sub-HUP126,02,False
LG38-LG39,0.010507116869676938,True,2.0,4.0,3.549254102183876,77,sub-HUP126,02,False
LG32-LG33,0.010493206553160632,True,2.0,3.75,3.54455526342815,78,sub-HUP126,02,False
LG8-LG9,0.009723803965470004,True,-1.5,5.5,2.2627621465878116,79,sub-HUP126,02,False
LP5-LP6,0.009574465380837413,True,2.0,2.75,3.234208865347811,80,sub-HUP126,02,False
LG16-LG17,0.009001119188428868,True,2.0,6.75,3.0405352486347135,81,sub-HUP126,02,False
LG43-LG44,0.008862372927623893,True,2.0,3.5,2.993667421672028,82,sub-HUP126,02,False
LG2-LG3,0.008371563276301532,True,4.25,8.0,3.39344910715002,83,sub-HUP126,02,False
LO7-LO8,0.008325638572923271,True,1.25,5.75,2.624870368955267,84,sub-HUP126,02,False
LG35-LG36,0.007995435338057494,True,1.5,4.25,2.580783581782396,85,sub-HUP126,02,False
LG12-LG13,0.007556047541017658,True,3.75,6.0,2.949436440340081,86,sub-HUP126,02,False
LP4-LP5,0.007495131029726172,True,2.0,4.0,2.5318196117560845,87,sub-HUP126,02,False
LFP7-LFP8,0.007462729821815759,True,3.0,4.75,2.7449523834237177,88,sub-HUP126,02,False
LG29-LG30,0.007164662405697048,True,4.5,6.5,2.9580086340576157,89,sub-HUP126,02,False
LG19-LG20,0.006677105224662087,True,2.0,7.25,2.2554943856900267,90,sub-HUP126,02,False
LG30-LG31,0.005820493595785566,True,14.5,16.0,4.150729553949883,91,sub-HUP126,02,False
LG14-LG15,0.0055804172892800165,True,5.5,7.0,2.4714948139771358,92,sub-HUP126,02,False
LG28-LG29,0.00545514073453828,True,5.0,14.25,2.334112751282694,93,sub-HUP126,02,False
LG36-LG37,0.0033472789091605814,True,13.75,21.5,2.3116428952341104,94,sub-HUP126,02,False
LG37-LG38,0.002779197276573194,True,15.25,21.75,2.044496952317145,95,sub-HUP126,02,False
LG1-LG2,0.0,False,,,,96,sub-HUP126,02,False
LG10-LG11,0.0,False,,,,96,sub-HUP126,02,False
LG13-LG14,0.0,False,,,,96,sub-HUP126,02,False
LG20-LG21,0.0,False,,,,96,sub-HUP126,02,False
LG24-LG25,0.0,False,,,,96,sub-HUP126,02,False
LG27-LG28,0.0,False,,,,96,sub-HUP126,02,False
LG31-LG32,0.0,False,,,,96,sub-HUP126,02,False
LG39-LG40,0.0,False,,,,96,sub-HUP126,02,False
LG4-LG5,0.0,False,,,,96,sub-HUP126,02,False
LG44-LG45,0.0,False,,,,96,sub-HUP126,02,False
LG45-LG46,0.0,False,,,,96,sub-HUP126,02,False
LG5-LG6,0.0,False,,,,96,sub-HUP126,02,False
LP3-LP4,0.0,False,,,,96,sub-HUP126,02,False
LPT1-LPT2,0.0,False,,,,96,sub-HUP126,02,False
RDA7-RDA8,0.0,False,,,,96,sub-HUP126,02,False
LDA4-LDA5,1.0,True,1.5,2.25,542.653543539899,1,sub-HUP126,03,False
LDAH5-LDAH6,0.7321469272875565,True,-0.5,1.25,315.80425279532517,2,sub-HUP126,03,False
LDA5-LDA6,0.6618671501325192,True,-0.25,1.75,294.69912153605407,3,sub-HUP126,03,False
LDA3-LDA4,0.6110771439080106,True,1.5,2.25,331.6031775179228,4,sub-HUP126,03,False
LDMH4-LDMH5,0.5956823672500934,True,0.5,1.0,290.09538870352446,5,sub-HUP126,03,True
LDAH4-LDAH5,0.35179556627227637,True,0.75,1.5,176.21825597471644,6,sub-HUP126,03,True
LDA2-LDA3,0.2976849423608463,True,1.75,2.25,165.6818346980347,7,sub-HUP126,03,False
LDA1-LDA2,0.21784579704750606,True,1.5,2.25,118.21479371310284,8,sub-HUP126,03,False
LDMH3-LDMH4,0.20630531291638504,True,0.75,1.0,103.34059302016988,9,sub-HUP126,03,True
LMT1-LMT2,0.1984150681010019,True,-1.0,1.0,80.06278343858597,10,sub-HUP126,03,False
LAT3-LAT4,0.18734314639645475,True,-0.25,0.25,83.41532082047198,11,sub-HUP126,03,False
LDA6-LDA7,0.1641085238664472,True,-0.75,1.25,68.5031323086382,12,sub-HUP126,03,False
LPT3-LPT4,0.14873352399361314,True,-2.5,0.5,47.5986614943884,13,sub-HUP126,03,False
LDMH2-LDMH3,0.12983147100839126,True,0.75,1.25,65.03400720526263,14,sub-HUP126,03,False
LAT1-LAT2,0.12346519843774348,True,-1.0,1.5,49.81964091402181,15,sub-HUP126,03,False
LDAH2-LDAH3,0.10107041615447164,True,1.25,2.25,53.43990615344869,16,sub-HUP126,03,False
LAT2-LAT3,0.10100741431415544,True,0.5,1.0,49.19028450123771,17,sub-HUP126,03,False
LDAH6-LDAH7,0.09685975347351679,True,-0.75,1.25,40.43176034523456,18,sub-HUP126,03,False
LG41-LG42,0.09456504315112602,True,-0.75,1.25,39.47388904689384,19,sub-HUP126,03,False
LMT2-LMT3,0.07774382412411894,True,0.5,2.0,37.86099122372703,20,sub-HUP126,03,False
LDAH3-LDAH4,0.07237888868571736,True,-0.25,2.25,32.22700342382312,21,sub-HUP126,03,True
LDAH1-LDAH2,0.0681905238353998,True,1.75,2.5,37.952645533458096,22,sub-HUP126,03,False
LG3-LG4,0.06813830544831181,True,-7.25,-6.5,3.7923582463928627,23,sub-HUP126,03,False
LG59-LG60,0.06582193233898029,True,-1.0,0.25,26.559913845265196,24,sub-HUP126,03,False
LDMH1-LDMH2,0.06536199477940999,True,0.75,2.25,32.74053976604604,25,sub-HUP126,03,False
LG50-LG51,0.06281661932420077,True,-0.5,1.0,27.095320337274558,26,sub-HUP126,03,False
LMT3-LMT4,0.056017047911058666,True,1.0,1.75,28.838985468217192,27,sub-HUP126,03,False
LG61-LG62,0.05305976705456788,True,-2.25,1.25,17.718812684038674,28,sub-HUP126,03,False
LDAH7-LDAH8,0.05247161604462725,True,-0.75,0.0,21.903006447601534,29,sub-HUP126,03,False
LG33-LG34,0.04885537104744501,True,-0.25,1.75,21.753058641930355,30,sub-HUP126,03,False
LOF3-LOF4,0.04593800462552823,True,-1.25,1.25,17.897327892550376,31,sub-HUP126,03,False
LDA7-LDA8,0.044507050959592606,True,-2.75,1.25,13.62415374733701,32,sub-HUP126,03,False
LG60-LG61,0.044062965725518856,True,-0.5,1.25,19.00611946627507,33,sub-HUP126,03,False
LG58-LG59,0.03974500287953149,True,-1.25,1.25,15.484550415801925,34,sub-HUP126,03,False
LG49-LG50,0.03906991670988654,True,-0.75,1.0,16.308791344945114,35,sub-HUP126,03,False
LG56-LG57,0.039039237654718145,True,-0.25,1.25,17.38238412342897,36,sub-HUP126,03,False
LG52-LG53,0.036966621204791016,True,-0.5,1.5,15.945182248045834,37,sub-HUP126,03,False
LG42-LG43,0.03683786674046856,True,-0.75,-0.25,15.377076094742964,38,sub-HUP126,03,False
LPT2-LPT3,0.034999600417447686,True,0.75,1.25,17.531683559084787,39,sub-HUP126,03,False
LOF4-LOF5,0.03445541593362006,True,-0.75,1.25,14.382579654246172,40,sub-HUP126,03,False
LG48-LG49,0.030948719559578838,True,0.75,1.5,15.502552926487422,41,sub-HUP126,03,False
LG25-LG26,0.030662416872347508,True,-1.25,1.5,11.945998377942436,42,sub-HUP126,03,False
LG17-LG18,0.0292953065390331,True,0.5,1.75,14.266719656084257,43,sub-HUP126,03,False
LG53-LG54,0.027383961344853016,True,0.75,1.25,13.71692645533302,44,sub-HUP126,03,False
LG57-LG58,0.024039143911570846,True,-3.0,1.25,7.024191260842812,45,sub-HUP126,03,False
LG34-LG35,0.023752115785898014,True,-0.75,2.5,9.9147459982981,46,sub-HUP126,03,False
LG43-LG44,0.021738353990029817,True,0.25,1.5,10.284036512720231,47,sub-HUP126,03,False
LG47-LG48,0.017488966164890332,True,0.75,2.0,8.760414888209663,48,sub-HUP126,03,False
LG18-LG19,0.01698343397921708,True,0.75,1.5,8.507188274121301,49,sub-HUP126,03,False
LDMH5-LDMH6,0.01672131757474988,True,-5.75,1.0,2.326636470408721,50,sub-HUP126,03,False
LG63-LG64,0.016166021895225147,True,0.75,1.5,8.097737599742326,51,sub-HUP126,03,False
LOF5-LOF6,0.014710514023719248,True,-1.0,1.25,5.935863187324979,52,sub-HUP126,03,False
RDH2-RDH3,0.014259450322871887,True,-5.0,-4.0,2.5793137488791955,53,sub-HUP126,03,False
LG2-LG3,0.012716180060132011,True,-4.5,-1.25,2.654030834585401,54,sub-HUP126,03,False
LG26-LG27,0.012383525133585828,True,0.0,2.25,5.6861232113702505,55,sub-HUP126,03,False
LG4-LG5,0.011318611419884921,True,-4.75,2.25,2.2048508802390794,56,sub-HUP126,03,False
LG51-LG52,0.010906376089307817,True,-4.75,1.25,2.1245479704765122,57,sub-HUP126,03,False
LDMH7-LDMH8,0.0105102291723008,True,-4.5,1.25,2.1936204245251725,58,sub-HUP126,03,False
LG10-LG11,0.010332827772012236,True,0.75,1.25,5.17582671255685,59,sub-HUP126,03,False
LDMH6-LDMH7,0.009983141793871312,True,-4.75,1.25,1.9447031226019855,60,sub-HUP126,03,False
LG9-LG10,0.00985722372124738,True,-0.75,1.25,4.114659524461877,61,sub-HUP126,03,False
LP3-LP4,0.009503394015409028,True,1.0,3.0,4.892586313085908,62,sub-HUP126,03,False
LG40-LG41,0.009122380517249245,True,1.0,3.5,4.696430979194146,63,sub-HUP126,03,False
RDH6-RDH7,0.0083593953460005,True,-2.0,-0.25,2.9078560938193023,64,sub-HUP126,03,False
RDA7-RDA8,0.007854568084423379,True,-2.5,-0.5,2.513669530556874,65,sub-HUP126,03,False
LG22-LG23,0.00781074876299908,True,-0.5,2.75,3.369088341337983,66,sub-HUP126,03,False
LG55-LG56,0.0077692487881090705,True,1.0,1.75,3.9998047247150454,67,sub-HUP126,03,False
LG11-LG12,0.007656758595068783,True,2.25,3.75,4.474580043923935,68,sub-HUP126,03,False
LP5-LP6,0.007493973783206284,True,1.0,2.0,3.8580862271826604,69,sub-HUP126,03,False
LG62-LG63,0.007131344736846215,True,-3.75,1.5,1.78608438076348,70,sub-HUP126,03,False
LPT1-LPT2,0.007084973284029537,True,1.0,2.75,3.6475224811070084,71,sub-HUP126,03,False
LG54-LG55,0.006978503098680226,True,1.0,2.75,3.5927089512515544,72,sub-HUP126,03,False
LFP7-LFP8,0.0065851466225167925,True,5.25,6.5,4.947858206914895,73,sub-HUP126,03,False
LG46-LG47,0.00656976365716258,True,1.0,2.5,3.382279604226155,74,sub-HUP126,03,False
RDA6-RDA7,0.0063431917251436706,True,-2.25,-0.5,2.1182495181551864,75,sub-HUP126,03,False
LG12-LG13,0.006053861280458935,True,2.25,4.75,3.537853066396957,76,sub-HUP126,03,False
LP4-LP5,0.006048314400957247,True,1.0,2.75,3.113824409193475,77,sub-HUP126,03,False
LG44-LG45,0.004478161110045702,True,1.25,3.25,2.36777999503941,78,sub-HUP126,03,False
RDH7-RDH8,0.00359489597982462,True,2.75,8.75,2.200883432123163,79,sub-HUP126,03,False
LG28-LG29,0.0022940456685736866,True,10.25,13.75,2.3620648415627237,80,sub-HUP126,03,False
LG8-LG9,0.0019228441800315612,True,17.0,20.75,2.7022374103817697,81,sub-HUP126,03,False
LG32-LG33,0.0019110128229442723,True,14.25,16.5,2.393118184894373,82,sub-HUP126,03,False
LG1-LG2,0.0,False,,,,83,sub-HUP126,03,False
LG13-LG14,0.0,False,,,,83,sub-HUP126,03,False
LG14-LG15,0.0,False,,,,83,sub-HUP126,03,False
LG15-LG16,0.0,False,,,,83,sub-HUP126,03,False
LG16-LG17,0.0,False,,,,83,sub-HUP126,03,False
LG19-LG20,0.0,False,,,,83,sub-HUP126,03,False
LG20-LG21,0.0,False,,,,83,sub-HUP126,03,False
LG21-LG22,0.0,False,,,,83,sub-HUP126,03,False
LG23-LG24,0.0,False,,,,83,sub-HUP126,03,False
LG24-LG25,0.0,False,,,,83,sub-HUP126,03,False
LG27-LG28,0.0,False,,,,83,sub-HUP126,03,False
LG29-LG30,0.0,False,,,,83,sub-HUP126,03,False
LG30-LG31,0.0,False,,,,83,sub-HUP126,03,False
LG31-LG32,0.0,False,,,,83,sub-HUP126,03,False
LG35-LG36,0.0,False,,,,83,sub-HUP126,03,False
LG36-LG37,0.0,False,,,,83,sub-HUP126,03,False
LG37-LG38,0.0,False,,,,83,sub-HUP126,03,False
LG38-LG39,0.0,False,,,,83,sub-HUP126,03,False
LG39-LG40,0.0,False,,,,83,sub-HUP126,03,False
LG45-LG46,0.0,False,,,,83,sub-HUP126,03,False
LG5-LG6,0.0,False,,,,83,sub-HUP126,03,False
LG6-LG7,0.0,False,,,,83,sub-HUP126,03,False
LG7-LG8,0.0,False,,,,83,sub-HUP126,03,False
LO5-LO6,0.0,False,,,,83,sub-HUP126,03,False
LO6-LO7,0.0,False,,,,83,sub-HUP126,03,False
LO7-LO8,0.0,False,,,,83,sub-HUP126,03,False
RDA2-RDA3,0.0,False,,,,83,sub-HUP126,03,False
RDH1-RDH2,0.0,False,,,,83,sub-HUP126,03,False
LG1-LG2,1.0,True,-3.25,-1.75,37.368225722385525,1,sub-HUP130,01,True
RB6-RB7,0.8603453206557041,True,1.25,1.5,52.81716408954226,2,sub-HUP130,01,False
LB2-LB3,0.7570019926216837,True,25.0,25.75,142.44938599622,3,sub-HUP130,01,False
LA1-LA2,0.6620899319397406,True,25.0,25.5,124.58924176997418,4,sub-HUP130,01,False
LB7-LB8,0.4974275104836792,True,0.5,1.25,28.545831791713283,5,sub-HUP130,01,False
RG7-RG8,0.43331245341199076,True,-9.25,-7.75,2.3131596524885616,6,sub-HUP130,01,False
LH1-LH2,0.387695230608761,True,-1.5,0.5,18.10935361110061,7,sub-HUP130,01,False
RG5-RG6,0.3712327444963676,True,-6.0,-3.75,8.42247331649914,8,sub-HUP130,01,False
RG4-RG5,0.30284518650518183,True,-7.75,-4.5,4.04170974580842,9,sub-HUP130,01,False
RG1-RG2,0.2903340902980052,True,-2.0,-0.5,12.786639432080628,10,sub-HUP130,01,False
LA7-LA8,0.2702563566756734,True,0.75,1.75,15.869857990118149,11,sub-HUP130,01,False
RB2-RB3,0.26893086935417654,True,28.0,28.75,54.91317224110246,12,sub-HUP130,01,False
LA6-LA7,0.24155350731347244,True,0.5,1.5,13.862011334604315,13,sub-HUP130,01,False
LG2-LG3,0.21381488778618998,True,-3.0,-1.25,8.275235953515196,14,sub-HUP130,01,True
RD4-RD5,0.2124936532417476,True,1.25,2.5,13.045124883926764,15,sub-HUP130,01,False
RG3-RG4,0.18180445879604273,True,-5.75,-3.25,4.3673850344742835,16,sub-HUP130,01,False
LC6-LC7,0.18164605471420026,True,1.0,1.75,10.908949458440933,17,sub-HUP130,01,False
LB1-LB2,0.1645037352037197,True,24.75,26.5,30.736063546340677,18,sub-HUP130,01,False
LD2-LD3,0.16331840619571705,True,0.5,2.75,9.372339996274908,19,sub-HUP130,01,False
RA1-RA2,0.15536015110335916,True,-5.75,-4.0,3.7321284823034437,20,sub-HUP130,01,False
RC2-RC3,0.15090063464520867,True,-5.75,-2.0,3.625000056690034,21,sub-HUP130,01,False
LA5-LA6,0.1499352845167466,True,1.0,2.5,9.004525000026238,22,sub-HUP130,01,False
RA7-RA8,0.14234910838715065,True,0.0,1.75,7.789024219901646,23,sub-HUP130,01,False
RB7-RB8,0.14078049016838703,True,0.25,2.0,7.891075700880544,24,sub-HUP130,01,False
LH2-LH3,0.1320782266569461,True,-1.5,0.75,6.169411233411449,25,sub-HUP130,01,False
RA6-RA7,0.13148519082030227,True,1.0,2.0,7.896484751342124,26,sub-HUP130,01,False
LB6-LB7,0.1288097875717515,True,0.75,1.75,7.563903627081589,27,sub-HUP130,01,False
LD3-LD4,0.1285382043549671,True,0.5,1.0,7.376411402654311,28,sub-HUP130,01,False
RB5-RB6,0.1281802379523269,True,1.25,2.0,7.869068963849121,29,sub-HUP130,01,False
LD5-LD6,0.11728176522334416,True,0.25,3.25,6.573917213978623,30,sub-HUP130,01,False
RC6-RC7,0.11450622770413166,True,0.75,2.5,6.723977171162218,31,sub-HUP130,01,False
RC4-RC5,0.11362992658467982,True,5.5,6.25,9.553834677227425,32,sub-HUP130,01,False
RD5-RD6,0.1120564144450916,True,0.5,2.5,6.430572275388952,33,sub-HUP130,01,False
RH4-RH5,0.11184296728643704,True,-4.5,-1.25,3.4330565957672166,34,sub-HUP130,01,False
RE1-RE2,0.10940966522888101,True,-0.75,2.5,5.548604018798982,35,sub-HUP130,01,False
RH7-RH8,0.10632428429943601,True,-6.0,0.5,2.4122695551082525,36,sub-HUP130,01,False
RH3-RH4,0.10592109075591782,True,-6.0,4.0,2.403121959935112,37,sub-HUP130,01,False
LA4-LA5,0.10286489374612313,True,0.5,2.5,5.903099230064868,38,sub-HUP130,01,False
RB4-RB5,0.10251987372029682,True,1.25,2.25,6.293762356488697,39,sub-HUP130,01,False
RC5-RC6,0.10214215267080647,True,1.25,2.75,6.270573813270026,40,sub-HUP130,01,False
RE3-RE4,0.09876162745786565,True,-5.5,0.0,2.5042996058413487,41,sub-HUP130,01,False
LC5-LC6,0.09763883356461737,True,1.0,2.75,5.863805312003122,42,sub-HUP130,01,False
RE2-RE3,0.0934318157605017,True,-5.5,-3.75,2.369151515672305,43,sub-HUP130,01,False
RF7-RF8,0.09107128049596264,True,-1.75,1.0,4.132423344914065,44,sub-HUP130,01,False
LD1-LD2,0.09069095190542241,True,0.5,3.25,5.204474227019031,45,sub-HUP130,01,False
LC4-LC5,0.08908074265560485,True,1.0,2.75,5.3498399449377505,46,sub-HUP130,01,False
RH1-RH2,0.08840766336819651,True,-6.0,1.5,2.005779923058375,47,sub-HUP130,01,False
LD4-LD5,0.08072760813963217,True,-1.0,3.25,3.986284173951153,48,sub-HUP130,01,False
RA2-RA3,0.07710309052617607,True,-5.25,1.5,2.0580040647683373,49,sub-HUP130,01,False
RH2-RH3,0.0743151472520998,True,0.5,1.75,4.264717266988489,50,sub-HUP130,01,False
RG2-RG3,0.07376089060726687,True,-3.75,3.25,2.559434066146782,51,sub-HUP130,01,False
RE4-RE5,0.07098057914918264,True,-0.75,0.5,3.5997105548209896,52,sub-HUP130,01,False
RE7-RE8,0.07058480726931805,True,0.25,2.0,3.9564435159164333,53,sub-HUP130,01,False
RD1-RD2,0.06946802114460256,True,0.5,3.25,3.986555638164829,54,sub-HUP130,01,False
RE6-RE7,0.06857721208896198,True,-0.75,0.5,3.477826148163749,55,sub-HUP130,01,False
LF1-LF2,0.06811867108313127,True,0.5,2.25,3.909120596734484,56,sub-HUP130,01,False
RC3-RC4,0.06787373148426201,True,1.0,2.5,4.07623004795007,57,sub-HUP130,01,False
LF3-LF4,0.06783556280058634,True,0.25,4.5,3.802341934106053,58,sub-HUP130,01,False
LF5-LF6,0.06491664991439017,True,0.25,1.25,3.6387300407130154,59,sub-HUP130,01,False
LD6-LD7,0.06489477750261283,True,-1.25,3.25,3.117860606470657,60,sub-HUP130,01,False
RF6-RF7,0.06447522357412498,True,-1.5,2.5,3.0116558850239685,61,sub-HUP130,01,False
LB4-LB5,0.06301775238375307,True,0.25,1.25,3.5322923933902244,62,sub-HUP130,01,False
LC7-LC8,0.06294673959845976,True,1.0,3.0,3.7803342436127148,63,sub-HUP130,01,False
RD2-RD3,0.06274338397284318,True,2.25,3.0,4.18680166943484,64,sub-HUP130,01,False
RF5-RF6,0.06262510020077473,True,-2.5,2.5,2.590923403067014,65,sub-HUP130,01,False
RD6-RD7,0.06084293879495485,True,2.5,3.25,4.141186649845041,66,sub-HUP130,01,False
LB5-LB6,0.05992758721720587,True,0.75,3.0,3.519037666776491,67,sub-HUP130,01,False
RB1-RB2,0.05666420854256638,True,28.0,28.5,11.570302253051386,68,sub-HUP130,01,False
LG3-LG4,0.05656100600330244,True,-0.75,0.0,2.8684360249225396,69,sub-HUP130,01,False
RA3-RA4,0.055783829291675614,True,1.0,2.25,3.3501579502987857,70,sub-HUP130,01,False
LE3-LE4,0.051211437942623,True,-3.0,2.25,1.9820263073438702,71,sub-HUP130,01,False
RD7-RD8,0.048261454335651384,True,1.0,3.25,2.8983936203119645,72,sub-HUP130,01,False
LF7-LF8,0.046797299433783704,True,0.25,2.25,2.6230980726595408,73,sub-HUP130,01,False
LF6-LF7,0.04579256598003676,True,0.25,1.5,2.566780412923869,74,sub-HUP130,01,False
RH5-RH6,0.045532781100599995,True,-2.0,5.0,2.0053148208521887,75,sub-HUP130,01,False
LE1-LE2,0.04511403856272168,True,0.0,3.5,2.4685390938095617,76,sub-HUP130,01,False
RE5-RE6,0.044784287088095585,True,0.0,4.0,2.4504958320602475,77,sub-HUP130,01,False
RC7-RC8,0.041937997811322646,True,1.75,4.5,2.6865404032429963,78,sub-HUP130,01,False
RG6-RG7,0.041197838834889186,True,-0.5,0.25,2.1442898390502636,79,sub-HUP130,01,False
LC3-LC4,0.03961029281826285,True,1.0,3.0,2.378838797618516,80,sub-HUP130,01,False
LE2-LE3,0.03946522910501422,True,1.25,3.75,2.4227963254130067,81,sub-HUP130,01,False
RD3-RD4,0.03944868815075433,True,0.0,8.0,2.1585438147873104,82,sub-HUP130,01,False
LA3-LA4,0.0374723342190203,True,-1.25,4.5,1.8003531129955992,83,sub-HUP130,01,False
RA5-RA6,0.036661611253871476,True,1.25,5.75,2.2506803848331023,84,sub-HUP130,01,False
RA4-RA5,0.034919904749375015,True,1.25,4.75,2.14375587901525,85,sub-HUP130,01,False
LF2-LF3,0.0333083350977064,True,6.25,14.0,2.9338729774387367,86,sub-HUP130,01,False
LB3-LB4,0.03106577599604462,True,22.25,25.75,5.389767173427284,87,sub-HUP130,01,False
RB3-RB4,0.024059554332765496,True,7.5,23.0,2.2797665304700483,88,sub-HUP130,01,False
LA2-LA3,0.019488425648127,True,10.75,18.75,2.1847436657794117,89,sub-HUP130,01,False
LC1-LC2,0.0,False,,,,90,sub-HUP130,01,False
LC2-LC3,0.0,False,,,,90,sub-HUP130,01,False
LF4-LF5,0.0,False,,,,90,sub-HUP130,01,False
LG4-LG5,0.0,False,,,,90,sub-HUP130,01,False
LG5-LG6,0.0,False,,,,90,sub-HUP130,01,False
LG6-LG7,0.0,False,,,,90,sub-HUP130,01,False
LG7-LG8,0.0,False,,,,90,sub-HUP130,01,False
LH3-LH4,0.0,False,,,,90,sub-HUP130,01,False
RC1-RC2,0.0,False,,,,90,sub-HUP130,01,False
RF1-RF2,0.0,False,,,,90,sub-HUP130,01,False
RF2-RF3,0.0,False,,,,90,sub-HUP130,01,False
RF3-RF4,0.0,False,,,,90,sub-HUP130,01,False
RF4-RF5,0.0,False,,,,90,sub-HUP130,01,False
RH6-RH7,0.0,False,,,,90,sub-HUP130,01,False
LG1-LG2,1.0,True,-9.5,-8.25,74.95492026044205,1,sub-HUP130,02,True
RG1-RG2,0.252857671898335,True,-9.5,-7.5,18.95292663438072,2,sub-HUP130,02,False
LH1-LH2,0.17443759894747235,True,-7.75,-6.75,31.379895166873826,3,sub-HUP130,02,False
RE6-RE7,0.16604755307453126,True,-9.0,-6.5,17.424513540200216,4,sub-HUP130,02,False
LG2-LG3,0.1361158642209027,True,-9.5,-8.5,10.202553748858918,5,sub-HUP130,02,True
RG5-RG6,0.12976360907089599,True,-9.75,-8.25,7.781136776492947,6,sub-HUP130,02,False
RG2-RG3,0.09323283013065435,True,-9.5,-7.75,6.988259348098536,7,sub-HUP130,02,False
RG6-RG7,0.07639796975837665,True,-9.75,-7.25,4.581122985039029,8,sub-HUP130,02,False
RG3-RG4,0.07572401315230813,True,-9.75,-7.25,4.540709894105537,9,sub-HUP130,02,False
RH1-RH2,0.0657088234604599,True,-7.5,-5.75,12.805519019504214,10,sub-HUP130,02,False
RH7-RH8,0.059805637316531865,True,-9.5,-7.5,4.482726776185563,11,sub-HUP130,02,False
LF6-LF7,0.05660424436477941,True,-8.25,-5.75,8.485533245529234,12,sub-HUP130,02,False
RE5-RE6,0.051871409041843924,True,-9.0,-6.5,5.443224259939457,13,sub-HUP130,02,False
RE4-RE5,0.05145020837119054,True,-9.25,-6.75,4.627735519014858,14,sub-HUP130,02,False
LB7-LB8,0.04851947539417711,True,-6.0,-4.0,13.819738955146295,15,sub-HUP130,02,False
LG5-LG6,0.04775527829025998,True,-8.75,-7.0,5.72718892201865,16,sub-HUP130,02,False
LE1-LE2,0.04631303719266528,True,-9.5,-6.0,3.471390009795113,17,sub-HUP130,02,False
RE7-RE8,0.04336700510283685,True,-9.0,-6.75,4.550798573184247,18,sub-HUP130,02,False
RB7-RB8,0.041989371081853556,True,-3.25,-2.75,18.883859767358665,19,sub-HUP130,02,False
RG4-RG5,0.04162178849742489,True,-8.75,-7.5,4.991612540674348,20,sub-HUP130,02,False
LH2-LH3,0.04037924399297559,True,-7.25,-6.5,8.474544438277174,21,sub-HUP130,02,False
RA7-RA8,0.03899277181905582,True,-7.75,-4.25,7.0144802458342586,22,sub-HUP130,02,False
RH2-RH3,0.03709593202866273,True,-7.5,-5.5,7.229358830707502,23,sub-HUP130,02,False
LF7-LF8,0.0369014230777358,True,-8.25,-5.25,5.531886448577046,24,sub-HUP130,02,False
RH3-RH4,0.035910899449788376,True,-8.75,-6.75,4.306717767583424,25,sub-HUP130,02,False
LG4-LG5,0.035649468903904837,True,-8.25,-7.0,5.344206198038591,26,sub-HUP130,02,False
RH6-RH7,0.0348335137740166,True,-9.0,-6.5,3.655320546251393,27,sub-HUP130,02,False
LF5-LF6,0.03445084087495584,True,-6.25,-5.25,9.296136110474974,28,sub-HUP130,02,False
LF4-LF5,0.031924535656708594,True,-7.0,-5.5,7.178703073500695,29,sub-HUP130,02,False
RA1-RA2,0.03183061527911765,True,-9.25,-1.25,2.863033476104486,30,sub-HUP130,02,False
RF3-RF4,0.031221429173122296,True,-8.75,-3.25,3.7443195745414735,31,sub-HUP130,02,False
LG6-LG7,0.029696368511005974,True,-8.75,-6.75,3.561422294027448,32,sub-HUP130,02,False
LA1-LA2,0.029210328337108727,True,-9.25,-6.25,2.627349397547179,33,sub-HUP130,02,False
LA6-LA7,0.028703455656916073,True,-6.25,-4.25,7.745274827867803,34,sub-HUP130,02,False
RH4-RH5,0.027278751052251835,True,-8.75,-6.25,3.2714825758815778,35,sub-HUP130,02,False
RE1-RE2,0.027100163882933567,True,-8.0,-5.25,4.468839370358433,36,sub-HUP130,02,False
RH5-RH6,0.026388915252469895,True,-8.75,-6.5,3.1647664616135103,37,sub-HUP130,02,False
RA2-RA3,0.025918833919147392,True,-7.5,-6.75,5.051134737098667,38,sub-HUP130,02,False
LA7-LA8,0.024579286513950114,True,-6.75,-3.75,5.895483074277406,39,sub-HUP130,02,False
LA5-LA6,0.023582441878914413,True,-6.5,-4.25,6.009908171973833,40,sub-HUP130,02,False
RF6-RF7,0.023007585425199747,True,-7.25,-5.0,4.828688846607236,41,sub-HUP130,02,False
LB6-LB7,0.02226747910197867,True,-6.25,-3.5,6.008605633763535,42,sub-HUP130,02,False
LA4-LA5,0.0222265401614423,True,-7.0,-3.5,4.997965636399261,43,sub-HUP130,02,False
LG3-LG4,0.022182145834285724,True,-8.25,-2.0,3.3253219444287665,44,sub-HUP130,02,False
RB4-RB5,0.021844844309563502,True,-4.0,-3.0,8.84184424195556,45,sub-HUP130,02,False
RB5-RB6,0.021644111503175297,True,-7.0,-3.0,4.8669979554858624,46,sub-HUP130,02,False
RE2-RE3,0.020858292499737387,True,-8.0,-6.0,3.4395496323909436,47,sub-HUP130,02,False
LD2-LD3,0.020337730428901794,True,-7.0,-6.25,4.5732388877301,48,sub-HUP130,02,False
RF7-RF8,0.020321095594569856,True,-8.25,2.25,3.0463321997916077,49,sub-HUP130,02,False
RB6-RB7,0.020088662635605797,True,-7.0,-3.0,4.517232317972263,50,sub-HUP130,02,False
LB5-LB6,0.019783837036665818,True,-7.0,-5.75,4.4486877825866005,51,sub-HUP130,02,False
LC4-LC5,0.019694625081691144,True,-7.5,-3.5,3.8381435366494,52,sub-HUP130,02,False
LF1-LF2,0.019439680059438864,True,-7.5,-3.75,3.788459138733738,53,sub-HUP130,02,False
RA3-RA4,0.01881829907584319,True,-7.0,-3.0,4.2315723200009305,54,sub-HUP130,02,False
LD4-LD5,0.01799249547303349,True,-8.25,-4.75,2.69725212693518,55,sub-HUP130,02,False
LC6-LC7,0.01782464472066666,True,-7.5,-5.75,3.4737165416415245,56,sub-HUP130,02,False
LE3-LE4,0.01777076610610718,True,-7.75,-4.25,3.196815255480552,57,sub-HUP130,02,False
RC5-RC6,0.017733521481916467,True,-5.5,-3.0,5.582701692178317,58,sub-HUP130,02,False
RF2-RF3,0.017475334647629175,True,-6.75,-2.75,4.191559408120272,59,sub-HUP130,02,False
RG7-RG8,0.017030543041360535,True,-8.25,-6.75,2.55304599131441,60,sub-HUP130,02,False
LD1-LD2,0.016946559700196064,True,-5.75,-3.75,5.080912124068067,61,sub-HUP130,02,False
LF3-LF4,0.016457054052124484,True,-5.5,-3.25,5.180856131634857,62,sub-HUP130,02,False
RE3-RE4,0.015747158072035642,True,-7.0,-5.25,3.5409809328540236,63,sub-HUP130,02,False
LC5-LC6,0.015697562153811333,True,-7.5,-2.75,3.05918475075788,64,sub-HUP130,02,False
RB3-RB4,0.01535230495782314,True,-4.5,-2.25,5.753653969638113,65,sub-HUP130,02,False
RA6-RA7,0.0148519255230347,True,-3.25,-1.75,6.679349359758541,66,sub-HUP130,02,False
LA3-LA4,0.014835681557207658,True,-7.0,-5.25,3.3360219843894328,67,sub-HUP130,02,False
LB3-LB4,0.014382029834500617,True,-7.5,-5.25,2.80281013851356,68,sub-HUP130,02,False
RC6-RC7,0.014356864108941296,True,-5.25,-2.25,4.734917459693068,69,sub-HUP130,02,False
RD4-RD5,0.012645891212794838,True,-4.25,-1.0,4.928933190881763,70,sub-HUP130,02,False
LC7-LC8,0.01231134214268838,True,-4.75,-2.0,4.429419209300291,71,sub-HUP130,02,False
RF1-RF2,0.012111199445255343,True,-7.0,-0.5,2.7233819660322727,72,sub-HUP130,02,False
LE2-LE3,0.011217332949012244,True,-6.5,-1.75,2.858700608875343,73,sub-HUP130,02,False
LD6-LD7,0.010977146976562047,True,-5.75,-1.25,3.2911647052614432,74,sub-HUP130,02,False
LB4-LB5,0.010174151000277392,True,-6.75,-1.5,2.4403285662191636,75,sub-HUP130,02,False
RA4-RA5,0.00994048499229205,True,-3.25,-1.5,4.470529559684229,76,sub-HUP130,02,False
RC2-RC3,0.00985799340747277,True,-3.75,-1.5,4.137868614796476,77,sub-HUP130,02,False
RC3-RC4,0.009552931673644408,True,-2.0,-1.25,5.012274622960275,78,sub-HUP130,02,False
RD5-RD6,0.00940231880555191,True,-4.0,-0.5,3.8056503042003498,79,sub-HUP130,02,False
LD3-LD4,0.008986099678513201,True,-5.75,0.0,2.694209539421364,80,sub-HUP130,02,False
RD7-RD8,0.008656861003208853,True,-3.25,-1.0,3.8932459572074998,81,sub-HUP130,02,False
RC7-RC8,0.007684243785302583,True,-5.75,-0.25,2.30388752075661,82,sub-HUP130,02,False
RC1-RC2,0.007343616125333313,True,-2.75,-1.25,3.5228170310249913,83,sub-HUP130,02,False
RD6-RD7,0.006956002334454808,True,-3.5,-0.75,3.0240422818009516,84,sub-HUP130,02,False
LH3-LH4,0.006898032510793919,True,-3.5,-2.0,2.998840565442871,85,sub-HUP130,02,False
LF2-LF3,0.006482386584297218,True,-3.75,2.5,2.720965909330801,86,sub-HUP130,02,False
RA5-RA6,0.005920148846905233,True,-3.25,2.25,2.6624657084983783,87,sub-HUP130,02,False
RB1-RB2,0.005692838449270941,True,0.25,2.5,3.7550150177820014,88,sub-HUP130,02,False
LD5-LD6,0.005094702748516496,True,-1.75,2.75,2.749485875513104,89,sub-HUP130,02,False
RC4-RC5,0.004916268289525748,True,-2.0,0.5,2.5794894833423956,90,sub-HUP130,02,False
RF4-RF5,0.003413398813999624,True,9.25,12.5,4.093616574726869,91,sub-HUP130,02,False
RD3-RD4,0.0026425378013168782,True,5.5,10.25,2.574925732377836,92,sub-HUP130,02,False
RD2-RD3,0.002349221934656748,True,7.5,13.0,2.570851844679658,93,sub-HUP130,02,False
RB2-RB3,0.001926954442705207,True,9.5,18.0,2.339842408895268,94,sub-HUP130,02,False
LA2-LA3,0.0,False,,,,95,sub-HUP130,02,False
LB1-LB2,0.0,False,,,,95,sub-HUP130,02,False
LB2-LB3,0.0,False,,,,95,sub-HUP130,02,False
LC1-LC2,0.0,False,,,,95,sub-HUP130,02,False
LC2-LC3,0.0,False,,,,95,sub-HUP130,02,False
LC3-LC4,0.0,False,,,,95,sub-HUP130,02,False
LG7-LG8,0.0,False,,,,95,sub-HUP130,02,False
RD1-RD2,0.0,False,,,,95,sub-HUP130,02,False
RF5-RF6,0.0,False,,,,95,sub-HUP130,02,False
LG1-LG2,1.0,True,-4.75,-1.5,14.062808996454734,1,sub-HUP130,03,True
LG2-LG3,0.8346033009416856,True,-4.75,-1.5,11.736866808953552,2,sub-HUP130,03,True
RG5-RG6,0.6271645570155215,True,-5.75,-4.25,6.105942951684524,3,sub-HUP130,03,False
RG3-RG4,0.5556856716706527,True,-6.0,-4.25,4.808923977089875,4,sub-HUP130,03,False
RG1-RG2,0.5463629568060775,True,-4.5,-1.25,8.274428512325356,5,sub-HUP130,03,False
LF3-LF4,0.5197328373474293,True,-5.25,-4.0,6.1844569099097,6,sub-HUP130,03,False
RG4-RG5,0.48384875213183554,True,-5.75,-4.0,4.710650250740519,7,sub-HUP130,03,False
LG5-LG6,0.48291156743258373,True,-7.0,-1.5,2.0895671184563063,8,sub-HUP130,03,False
RH6-RH7,0.4670932763952583,True,-5.5,-4.25,5.052802714980581,9,sub-HUP130,03,False
RH7-RH8,0.4343487546359455,True,-5.25,-4.25,5.168446101325086,10,sub-HUP130,03,False
LF1-LF2,0.3935481115658601,True,-6.0,-1.5,3.4057796454560916,11,sub-HUP130,03,False
LG6-LG7,0.3576888209583536,True,-7.0,-1.5,1.5477260213244373,12,sub-HUP130,03,False
RH5-RH6,0.3576354580410718,True,-5.25,-1.75,4.255611577284856,13,sub-HUP130,03,False
LF6-LF7,0.33568880960158826,True,-5.5,-2.75,3.6313289320572273,14,sub-HUP130,03,False
RH4-RH5,0.33119125149981976,True,-5.25,-2.25,3.940944032502034,15,sub-HUP130,03,False
LG4-LG5,0.3264689192177431,True,-5.75,-1.5,3.178433114472553,16,sub-HUP130,03,False
LH1-LH2,0.3025991524543076,True,-2.0,-0.25,7.85611215406895,17,sub-HUP130,03,False
LD2-LD3,0.30019324179463497,True,1.25,2.5,12.015209860863589,18,sub-HUP130,03,False
RB5-RB6,0.2989034362758662,True,2.0,3.25,12.933605946866109,19,sub-HUP130,03,False
RF3-RF4,0.2852127848702337,True,-3.75,-1.0,5.245013814508425,20,sub-HUP130,03,False
RH3-RH4,0.28477628083191986,True,-5.25,-0.75,3.3886383757431124,21,sub-HUP130,03,False
LF7-LF8,0.28427218973584073,True,-5.5,-3.25,3.075127313276206,22,sub-HUP130,03,False
RE4-RE5,0.2718071700895389,True,-4.0,-0.25,4.704458236105933,23,sub-HUP130,03,False
LA7-LA8,0.26795898579782146,True,1.5,3.25,11.014902259540202,24,sub-HUP130,03,False
LG3-LG4,0.2649860096803773,True,-5.75,-1.25,2.579848366754666,25,sub-HUP130,03,False
RF6-RF7,0.2597913499495193,True,-4.75,-3.0,3.65339613327122,26,sub-HUP130,03,False
RG7-RG8,0.2487467410950376,True,-6.0,-0.75,2.1526633283139023,27,sub-HUP130,03,False
RG2-RG3,0.2448161637797063,True,-5.75,-1.5,2.383478965716085,28,sub-HUP130,03,False
LC5-LC6,0.24033205517422068,True,1.25,2.5,9.619270780207538,29,sub-HUP130,03,False
RA7-RA8,0.2334379364692916,True,1.5,2.5,9.595856792121456,30,sub-HUP130,03,False
LF2-LF3,0.22718245248991953,True,-4.75,-1.25,3.1948234367118906,31,sub-HUP130,03,False
RE5-RE6,0.22614780713742663,True,-1.0,1.5,6.849819666826152,32,sub-HUP130,03,False
RE2-RE3,0.2249174027540977,True,-2.5,0.5,5.352719265231559,33,sub-HUP130,03,False
RB4-RB5,0.21926135129552302,True,1.5,2.5,9.013104548907162,34,sub-HUP130,03,False
RF1-RF2,0.21811458125926064,True,-4.5,-0.25,3.3032501337130484,35,sub-HUP130,03,False
RF5-RF6,0.21660087648339763,True,-4.75,-0.75,3.046016754450705,36,sub-HUP130,03,False
LH2-LH3,0.21292357609002968,True,-2.0,0.25,5.5279450733468005,37,sub-HUP130,03,False
RE3-RE4,0.21214762638851636,True,-0.25,1.5,7.114241385964716,38,sub-HUP130,03,False
RC6-RC7,0.20315211086400958,True,-4.75,-1.25,2.856889332307163,39,sub-HUP130,03,False
RF2-RF3,0.20110480811716913,True,-4.5,-0.5,3.0456445436527693,40,sub-HUP130,03,False
LF5-LF6,0.19975697180886895,True,-4.0,-0.75,3.457408172625621,41,sub-HUP130,03,False
LB7-LB8,0.19935591675374456,True,-1.0,2.75,6.038316694568394,42,sub-HUP130,03,False
RG6-RG7,0.19693329481757163,True,-5.25,-0.75,2.3433683392832463,43,sub-HUP130,03,False
RB6-RB7,0.1840258118682936,True,-4.75,1.25,2.5879198427213255,44,sub-HUP130,03,False
LC1-LC2,0.17965328640343664,True,-4.25,-0.5,2.9151113680118166,45,sub-HUP130,03,False
LA6-LA7,0.17821840800897826,True,2.0,2.75,7.711542866099999,46,sub-HUP130,03,False
RH1-RH2,0.17811516421359933,True,-4.25,-3.25,2.8901533081246344,47,sub-HUP130,03,False
RD4-RD5,0.17625741600929234,True,2.0,2.5,7.626690386299511,48,sub-HUP130,03,False
RE6-RE7,0.17069496918037863,True,-1.25,1.5,4.985551554035661,49,sub-HUP130,03,False
LH3-LH4,0.16577396864549085,True,-4.25,-0.5,2.6899011434374773,50,sub-HUP130,03,False
RC1-RC2,0.1616316817126255,True,-2.5,-1.25,3.846607714569939,51,sub-HUP130,03,False
LC2-LC3,0.16064292086553034,True,-4.0,0.0,2.7804193387871337,52,sub-HUP130,03,False
RA1-RA2,0.15992494557119766,True,-1.75,0.0,4.3249883910311,53,sub-HUP130,03,False
LA5-LA6,0.15987828122688974,True,1.5,2.5,6.572064138450658,54,sub-HUP130,03,False
RB7-RB8,0.1585550282963443,True,-4.0,0.5,2.7442819425956495,55,sub-HUP130,03,False
LF4-LF5,0.1581659581026537,True,-4.25,-0.75,2.566451144467939,56,sub-HUP130,03,False
LD3-LD4,0.1576094073725175,True,1.0,3.0,6.137808900712999,57,sub-HUP130,03,False
LC6-LC7,0.15514164054799437,True,-2.25,-1.25,3.859978995671606,58,sub-HUP130,03,False
LB6-LB7,0.15446624948053847,True,1.75,2.75,6.516688088530614,59,sub-HUP130,03,False
LD4-LD5,0.14425333053842834,True,1.0,2.75,5.617681018516713,60,sub-HUP130,03,False
RD1-RD2,0.14071722012237914,True,-4.5,4.0,2.1311008805617937,61,sub-HUP130,03,False
RH2-RH3,0.13964799546440915,True,-4.25,0.75,2.2659727926389572,62,sub-HUP130,03,False
RF7-RF8,0.13538047440854456,True,-4.5,1.0,2.0502781960303897,63,sub-HUP130,03,False
LE3-LE4,0.13481990139772237,True,-4.0,1.0,2.3334726428024988,64,sub-HUP130,03,False
RA2-RA3,0.1295823949716259,True,-0.75,2.25,4.0651139710680635,65,sub-HUP130,03,False
LC7-LC8,0.12867221623242087,True,-4.25,2.0,2.087876307723527,66,sub-HUP130,03,False
RD5-RD6,0.12595763648888883,True,2.25,3.5,5.586465040547151,67,sub-HUP130,03,False
LE2-LE3,0.12567143307904086,True,-0.25,1.75,4.214314934672318,68,sub-HUP130,03,False
LE1-LE2,0.12402090931655085,True,-1.0,3.25,3.7564850815375435,69,sub-HUP130,03,False
RE1-RE2,0.11848977200237878,True,-2.25,1.5,2.948067517628248,70,sub-HUP130,03,False
LD6-LD7,0.11327617280278586,True,-4.0,2.5,1.9605922239692037,71,sub-HUP130,03,False
RA6-RA7,0.11208587089898744,True,2.0,3.75,4.84997598047306,72,sub-HUP130,03,False
RC7-RC8,0.1057765924959328,True,-2.5,3.25,2.5173347972657583,73,sub-HUP130,03,False
LB5-LB6,0.10411060274833722,True,1.5,4.5,4.279640445870337,74,sub-HUP130,03,False
LD1-LD2,0.10404713906406066,True,-1.25,2.75,3.0389435514390093,75,sub-HUP130,03,False
LC3-LC4,0.10117358315862032,True,-2.25,1.25,2.517234602713228,76,sub-HUP130,03,False
RD3-RD4,0.0977255141503637,True,2.5,4.25,4.440030774017673,77,sub-HUP130,03,False
RA5-RA6,0.09158837448047369,True,2.0,4.25,3.9630455895836016,78,sub-HUP130,03,False
RC5-RC6,0.08842116465456183,True,2.25,5.25,3.9216498416175596,79,sub-HUP130,03,False
LA4-LA5,0.08768760732802962,True,1.75,4.5,3.6994022196306147,80,sub-HUP130,03,False
LD5-LD6,0.08703367860948691,True,1.5,3.25,3.577664918821047,81,sub-HUP130,03,False
RD7-RD8,0.08643619803934487,True,2.75,5.25,4.020618228192523,82,sub-HUP130,03,False
LC4-LC5,0.08326262661581363,True,0.75,4.25,3.1524403471112334,83,sub-HUP130,03,False
RE7-RE8,0.07941244779748513,True,-3.25,3.0,1.6321907400786422,84,sub-HUP130,03,False
RD2-RD3,0.06891165460510724,True,1.0,5.75,2.6836378237143235,85,sub-HUP130,03,False
RD6-RD7,0.06777378773003442,True,-2.0,5.25,1.7595504587330613,86,sub-HUP130,03,False
RC3-RC4,0.06665188889683114,True,7.25,8.5,4.398159980873274,87,sub-HUP130,03,False
RA4-RA5,0.06176475621303823,True,1.0,2.5,2.4053149920089005,88,sub-HUP130,03,False
RC2-RC3,0.05539318145732527,True,3.25,7.5,2.6964821441780424,89,sub-HUP130,03,False
RC4-RC5,0.05478772848890661,True,3.0,7.0,2.6077424529170057,90,sub-HUP130,03,False
RA3-RA4,0.042356523281670666,True,9.5,13.5,3.2073552897293522,91,sub-HUP130,03,False
RB3-RB4,0.024412570025724386,True,11.25,19.25,2.0334474478918483,92,sub-HUP130,03,False
LA1-LA2,0.0,False,,,,93,sub-HUP130,03,False
LA2-LA3,0.0,False,,,,93,sub-HUP130,03,False
LA3-LA4,0.0,False,,,,93,sub-HUP130,03,False
LB1-LB2,0.0,False,,,,93,sub-HUP130,03,False
LB2-LB3,0.0,False,,,,93,sub-HUP130,03,False
LB3-LB4,0.0,False,,,,93,sub-HUP130,03,False
LB4-LB5,0.0,False,,,,93,sub-HUP130,03,False
LG7-LG8,0.0,False,,,,93,sub-HUP130,03,False
RB1-RB2,0.0,False,,,,93,sub-HUP130,03,False
RB2-RB3,0.0,False,,,,93,sub-HUP130,03,False
RF4-RF5,0.0,False,,,,93,sub-HUP130,03,False
LB3-LB4,1.0,True,0.25,1.75,144.94619111399015,1,sub-HUP133,01,True
LA3-LA4,0.7146921059516869,True,1.0,1.5,113.61692101986232,2,sub-HUP133,01,True
LC1-LC2,0.33198034662344633,True,1.5,2.5,55.88046205289506,3,sub-HUP133,01,False
LA2-LA3,0.30162386981715184,True,0.5,1.25,45.129528855801986,4,sub-HUP133,01,True
LB4-LB5,0.2792411100209279,True,0.25,2.75,40.47493529997617,5,sub-HUP133,01,False
LA7-LA8,0.1943200125897482,True,-6.5,-4.25,3.634315571884725,6,sub-HUP133,01,False
LA4-LA5,0.11925425683259396,True,1.0,1.5,18.95823581511216,7,sub-HUP133,01,False
LC2-LC3,0.0616920730275457,True,2.0,4.0,10.961199299232817,8,sub-HUP133,01,False
LB2-LB3,0.05756562495983385,True,-4.5,-1.25,3.229903771751365,9,sub-HUP133,01,True
LB5-LB6,0.05402569694046187,True,1.5,3.75,9.093854315379136,10,sub-HUP133,01,False
LE6-LE7,0.02561019581723257,True,-2.0,-0.5,2.6343937878260864,11,sub-HUP133,01,False
LA5-LA6,0.02356193032321091,True,1.25,2.25,3.8558845789513776,12,sub-HUP133,01,False
LC3-LC4,0.021237885937561582,True,3.75,4.75,4.46857355897844,13,sub-HUP133,01,False
LH2-LH3,0.017621403535110346,True,1.25,4.5,2.883723753464181,14,sub-HUP133,01,False
LH3-LH4,0.016533996784912658,True,1.25,5.0,2.7057708072658615,15,sub-HUP133,01,False
LH4-LH5,0.015988077377309055,True,1.25,4.5,2.6164316828285332,16,sub-HUP133,01,False
LB7-LB8,0.013562929716792318,True,-0.25,5.25,1.8390630671315509,17,sub-HUP133,01,False
LB6-LB7,0.012910864387092118,True,2.5,5.0,2.4146846669655013,18,sub-HUP133,01,False
LF7-LF8,0.010097315170162196,True,4.25,6.5,2.2189569869822106,19,sub-HUP133,01,False
LD7-LD8,0.005820158632606229,True,4.5,13.0,1.3062345684781658,20,sub-HUP133,01,False
LA6-LA7,0.005164654295063408,True,13.5,14.25,2.028456301714706,21,sub-HUP133,01,False
LB1-LB2,0.0,False,,,,22,sub-HUP133,01,True
LC4-LC5,0.0,False,,,,22,sub-HUP133,01,False
LC5-LC6,0.0,False,,,,22,sub-HUP133,01,False
LC6-LC7,0.0,False,,,,22,sub-HUP133,01,False
LC7-LC8,0.0,False,,,,22,sub-HUP133,01,False
LD1-LD2,0.0,False,,,,22,sub-HUP133,01,False
LD2-LD3,0.0,False,,,,22,sub-HUP133,01,False
LD3-LD4,0.0,False,,,,22,sub-HUP133,01,False
LD4-LD5,0.0,False,,,,22,sub-HUP133,01,False
LD5-LD6,0.0,False,,,,22,sub-HUP133,01,False
LD6-LD7,0.0,False,,,,22,sub-HUP133,01,False
LE1-LE2,0.0,False,,,,22,sub-HUP133,01,False
LE2-LE3,0.0,False,,,,22,sub-HUP133,01,False
LE3-LE4,0.0,False,,,,22,sub-HUP133,01,False
LE4-LE5,0.0,False,,,,22,sub-HUP133,01,False
LE5-LE6,0.0,False,,,,22,sub-HUP133,01,False
LE7-LE8,0.0,False,,,,22,sub-HUP133,01,False
LF1-LF2,0.0,False,,,,22,sub-HUP133,01,False
LF2-LF3,0.0,False,,,,22,sub-HUP133,01,False
LF3-LF4,0.0,False,,,,22,sub-HUP133,01,False
LF4-LF5,0.0,False,,,,22,sub-HUP133,01,False
LF5-LF6,0.0,False,,,,22,sub-HUP133,01,False
LF6-LF7,0.0,False,,,,22,sub-HUP133,01,False
LG3-LG4,0.0,False,,,,22,sub-HUP133,01,False
LG4-LG5,0.0,False,,,,22,sub-HUP133,01,False
LG5-LG6,0.0,False,,,,22,sub-HUP133,01,False
LG6-LG7,0.0,False,,,,22,sub-HUP133,01,False
LG7-LG8,0.0,False,,,,22,sub-HUP133,01,False
LH1-LH2,0.0,False,,,,22,sub-HUP133,01,False
LH5-LH6,0.0,False,,,,22,sub-HUP133,01,False
LH6-LH7,0.0,False,,,,22,sub-HUP133,01,False
LH7-LH8,0.0,False,,,,22,sub-HUP133,01,False
RI1-RI2,0.0,False,,,,22,sub-HUP133,01,False
RI2-RI3,0.0,False,,,,22,sub-HUP133,01,False
RI3-RI4,0.0,False,,,,22,sub-HUP133,01,False
RI4-RI5,0.0,False,,,,22,sub-HUP133,01,False
RI5-RI6,0.0,False,,,,22,sub-HUP133,01,False
RI6-RI7,0.0,False,,,,22,sub-HUP133,01,False
RI7-RI8,0.0,False,,,,22,sub-HUP133,01,False
RJ1-RJ2,0.0,False,,,,22,sub-HUP133,01,False
RJ2-RJ3,0.0,False,,,,22,sub-HUP133,01,False
RJ3-RJ4,0.0,False,,,,22,sub-HUP133,01,False
RJ4-RJ5,0.0,False,,,,22,sub-HUP133,01,False
RJ7-RJ8,0.0,False,,,,22,sub-HUP133,01,False
LC6-LC7,1.0,True,-8.25,-6.25,2.5047482689500167,1,sub-HUP133,02,False
LB3-LB4,0.9403660408016824,True,4.25,6.25,31.797632873844833,2,sub-HUP133,02,True
RI3-RI4,0.9089016856807219,True,-7.5,-7.25,3.983997366745446,3,sub-HUP133,02,False
RI4-RI5,0.6433685675713003,True,-7.75,-7.0,2.4172144588816,4,sub-HUP133,02,False
LB2-LB3,0.5416604843329313,True,5.5,7.0,20.011666617250178,5,sub-HUP133,02,True
LB4-LB5,0.33321057485979355,True,4.5,6.0,11.475868395418734,6,sub-HUP133,02,False
LC1-LC2,0.27242429565804777,True,-5.5,-2.75,2.558828561135335,7,sub-HUP133,02,False
LC2-LC3,0.2102741389611345,True,5.0,7.25,7.505243944341961,8,sub-HUP133,02,False
LA3-LA4,0.2070178077772638,True,-4.25,-3.5,2.592637478359644,9,sub-HUP133,02,True
LA2-LA3,0.18206437069114922,True,3.5,5.75,5.81432407090816,10,sub-HUP133,02,True
LB5-LB6,0.11174410477788735,True,4.5,9.0,3.848499228857011,11,sub-HUP133,02,False
LA4-LA5,0.11045901308172966,True,-0.5,0.0,2.420880190805909,12,sub-HUP133,02,False
LE4-LE5,0.10042727607927483,True,0.0,0.75,2.3267916747130934,13,sub-HUP133,02,False
LC3-LC4,0.08746329590084684,True,8.5,9.5,3.888555317326489,14,sub-HUP133,02,False
LB6-LB7,0.08567445711527237,True,8.75,10.25,3.8626730667487963,15,sub-HUP133,02,False
RI2-RI3,0.07808431335145977,True,14.75,18.5,4.693957168781269,16,sub-HUP133,02,False
LA5-LA6,0.06756890703926151,True,5.5,6.0,2.4963357683861642,17,sub-HUP133,02,False
LC4-LC5,0.05814583363481182,True,15.25,18.0,3.568196565514539,18,sub-HUP133,02,False
LF1-LF2,0.05805934254709754,True,5.5,6.5,2.1450045566829745,19,sub-HUP133,02,False
RI7-RI8,0.053933838116549504,True,16.75,18.0,3.5123578791667027,20,sub-HUP133,02,False
RI1-RI2,0.05033243693671829,True,13.5,16.25,2.868094417581143,21,sub-HUP133,02,False
RI5-RI6,0.0492595231769661,True,16.75,19.0,3.207950340577036,22,sub-HUP133,02,False
LA6-LA7,0.047222095411993445,True,25.75,29.75,4.1397811608784085,23,sub-HUP133,02,False
LF5-LF6,0.04374776542100416,True,14.5,18.75,2.602457068081425,24,sub-HUP133,02,False
LD2-LD3,0.04247626370881098,True,17.25,18.0,2.8193972218968812,25,sub-HUP133,02,False
RI6-RI7,0.038859838843949064,True,17.0,19.0,2.5550204944965236,26,sub-HUP133,02,False
RJ1-RJ2,0.03761969940676824,True,19.5,22.5,2.709051462816278,27,sub-HUP133,02,False
RJ4-RJ5,0.035843738006777814,True,19.0,22.0,2.536272025486184,28,sub-HUP133,02,False
LH6-LH7,0.028601225427738786,True,18.0,21.25,1.9521592042293985,29,sub-HUP133,02,False
LA7-LA8,0.0,False,,,,30,sub-HUP133,02,False
LB1-LB2,0.0,False,,,,30,sub-HUP133,02,True
LB7-LB8,0.0,False,,,,30,sub-HUP133,02,False
LC5-LC6,0.0,False,,,,30,sub-HUP133,02,False
LC7-LC8,0.0,False,,,,30,sub-HUP133,02,False
LD1-LD2,0.0,False,,,,30,sub-HUP133,02,False
LD3-LD4,0.0,False,,,,30,sub-HUP133,02,False
LD4-LD5,0.0,False,,,,30,sub-HUP133,02,False
LD5-LD6,0.0,False,,,,30,sub-HUP133,02,False
LD6-LD7,0.0,False,,,,30,sub-HUP133,02,False
LD7-LD8,0.0,False,,,,30,sub-HUP133,02,False
LE1-LE2,0.0,False,,,,30,sub-HUP133,02,False
LE2-LE3,0.0,False,,,,30,sub-HUP133,02,False
LE3-LE4,0.0,False,,,,30,sub-HUP133,02,False
LE5-LE6,0.0,False,,,,30,sub-HUP133,02,False
LE6-LE7,0.0,False,,,,30,sub-HUP133,02,False
LE7-LE8,0.0,False,,,,30,sub-HUP133,02,False
LF2-LF3,0.0,False,,,,30,sub-HUP133,02,False
LF3-LF4,0.0,False,,,,30,sub-HUP133,02,False
LF4-LF5,0.0,False,,,,30,sub-HUP133,02,False
LF6-LF7,0.0,False,,,,30,sub-HUP133,02,False
LF7-LF8,0.0,False,,,,30,sub-HUP133,02,False
LG3-LG4,0.0,False,,,,30,sub-HUP133,02,False
LG4-LG5,0.0,False,,,,30,sub-HUP133,02,False
LG5-LG6,0.0,False,,,,30,sub-HUP133,02,False
LG6-LG7,0.0,False,,,,30,sub-HUP133,02,False
LG7-LG8,0.0,False,,,,30,sub-HUP133,02,False
LH1-LH2,0.0,False,,,,30,sub-HUP133,02,False
LH2-LH3,0.0,False,,,,30,sub-HUP133,02,False
LH3-LH4,0.0,False,,,,30,sub-HUP133,02,False
LH4-LH5,0.0,False,,,,30,sub-HUP133,02,False
LH5-LH6,0.0,False,,,,30,sub-HUP133,02,False
LH7-LH8,0.0,False,,,,30,sub-HUP133,02,False
RJ2-RJ3,0.0,False,,,,30,sub-HUP133,02,False
RJ3-RJ4,0.0,False,,,,30,sub-HUP133,02,False
RJ7-RJ8,0.0,False,,,,30,sub-HUP133,02,False
LC4-LC5,1.0,True,-7.75,-7.0,2.5418990116287956,1,sub-HUP133,03,False
LA6-LA7,0.7273247720079674,True,-7.25,-5.75,2.7731791786502873,2,sub-HUP133,03,False
LE2-LE3,0.22854941978425689,True,-3.5,-2.25,3.049985107354171,3,sub-HUP133,03,False
LE1-LE2,0.20229046005524134,True,-4.75,-3.75,2.0568076819054095,4,sub-HUP133,03,False
LB2-LB3,0.1844841623786241,True,1.25,3.0,4.689401100113909,5,sub-HUP133,03,True
LB3-LB4,0.13732507566059926,True,1.25,3.75,3.4906647409352685,6,sub-HUP133,03,True
LC1-LC2,0.12762234884936208,True,3.5,4.5,3.973938249423751,7,sub-HUP133,03,False
LF1-LF2,0.11799395623387508,True,3.5,3.75,3.674126828930966,8,sub-HUP133,03,False
LA4-LA5,0.11695354250409161,True,-1.25,-0.5,2.229630705732276,9,sub-HUP133,03,False
LB4-LB5,0.10657607132179352,True,2.5,4.0,3.0476881165066536,10,sub-HUP133,03,False
LA2-LA3,0.10613914353571709,True,3.5,4.0,3.304988554594935,11,sub-HUP133,03,True
RI1-RI2,0.09692198616743283,True,2.25,3.0,2.710024909285071,12,sub-HUP133,03,False
LC2-LC3,0.09116831950284333,True,3.5,7.25,2.8388231001426627,13,sub-HUP133,03,False
LA3-LA4,0.07356116961877227,True,3.5,11.75,2.290567038265639,14,sub-HUP133,03,True
LA5-LA6,0.06682225221690687,True,5.0,5.5,2.3355119818932777,15,sub-HUP133,03,False
LB6-LB7,0.06598196588319152,True,9.75,12.75,3.102810636480475,16,sub-HUP133,03,False
LB5-LB6,0.062302882455700176,True,9.75,14.5,2.9298012537117324,17,sub-HUP133,03,False
LC3-LC4,0.057005100856568125,True,12.75,14.25,3.1153760047898724,18,sub-HUP133,03,False
LD2-LD3,0.03631254408645928,True,13.25,14.25,2.0306620383081544,19,sub-HUP133,03,False
LE6-LE7,0.027920306110815318,True,23.25,28.75,2.271059152238556,20,sub-HUP133,03,False
LA7-LA8,0.0,False,,,,21,sub-HUP133,03,False
LB1-LB2,0.0,False,,,,21,sub-HUP133,03,True
LB7-LB8,0.0,False,,,,21,sub-HUP133,03,False
LC5-LC6,0.0,False,,,,21,sub-HUP133,03,False
LC6-LC7,0.0,False,,,,21,sub-HUP133,03,False
LC7-LC8,0.0,False,,,,21,sub-HUP133,03,False
LD1-LD2,0.0,False,,,,21,sub-HUP133,03,False
LD3-LD4,0.0,False,,,,21,sub-HUP133,03,False
LD4-LD5,0.0,False,,,,21,sub-HUP133,03,False
LD5-LD6,0.0,False,,,,21,sub-HUP133,03,False
LD6-LD7,0.0,False,,,,21,sub-HUP133,03,False
LD7-LD8,0.0,False,,,,21,sub-HUP133,03,False
LE3-LE4,0.0,False,,,,21,sub-HUP133,03,False
LE4-LE5,0.0,False,,,,21,sub-HUP133,03,False
LE5-LE6,0.0,False,,,,21,sub-HUP133,03,False
LE7-LE8,0.0,False,,,,21,sub-HUP133,03,False
LF2-LF3,0.0,False,,,,21,sub-HUP133,03,False
LF3-LF4,0.0,False,,,,21,sub-HUP133,03,False
LF4-LF5,0.0,False,,,,21,sub-HUP133,03,False
LF5-LF6,0.0,False,,,,21,sub-HUP133,03,False
LF6-LF7,0.0,False,,,,21,sub-HUP133,03,False
LF7-LF8,0.0,False,,,,21,sub-HUP133,03,False
LG3-LG4,0.0,False,,,,21,sub-HUP133,03,False
LG4-LG5,0.0,False,,,,21,sub-HUP133,03,False
LG5-LG6,0.0,False,,,,21,sub-HUP133,03,False
LG6-LG7,0.0,False,,,,21,sub-HUP133,03,False
LG7-LG8,0.0,False,,,,21,sub-HUP133,03,False
LH1-LH2,0.0,False,,,,21,sub-HUP133,03,False
LH2-LH3,0.0,False,,,,21,sub-HUP133,03,False
LH3-LH4,0.0,False,,,,21,sub-HUP133,03,False
LH4-LH5,0.0,False,,,,21,sub-HUP133,03,False
LH5-LH6,0.0,False,,,,21,sub-HUP133,03,False
LH6-LH7,0.0,False,,,,21,sub-HUP133,03,False
LH7-LH8,0.0,False,,,,21,sub-HUP133,03,False
RI2-RI3,0.0,False,,,,21,sub-HUP133,03,False
RI3-RI4,0.0,False,,,,21,sub-HUP133,03,False
RI4-RI5,0.0,False,,,,21,sub-HUP133,03,False
RI5-RI6,0.0,False,,,,21,sub-HUP133,03,False
RI6-RI7,0.0,False,,,,21,sub-HUP133,03,False
RI7-RI8,0.0,False,,,,21,sub-HUP133,03,False
RJ1-RJ2,0.0,False,,,,21,sub-HUP133,03,False
RJ2-RJ3,0.0,False,,,,21,sub-HUP133,03,False
RJ3-RJ4,0.0,False,,,,21,sub-HUP133,03,False
RJ4-RJ5,0.0,False,,,,21,sub-HUP133,03,False
RJ7-RJ8,0.0,False,,,,21,sub-HUP133,03,False
RA5-RA6,1.0,True,-3.0,-1.5,3.1883405720149094,1,sub-HUP134,01,False
RI2-RI3,0.4924244960990859,True,12.0,14.5,25.12027199306741,2,sub-HUP134,01,False
RE3-RE4,0.44815188179801796,True,4.75,5.25,12.502532237662692,3,sub-HUP134,01,True
RE1-RE2,0.28836815470629235,True,-0.25,0.5,3.4478095774767894,4,sub-HUP134,01,True
RE2-RE3,0.2729178080126072,True,-0.25,2.25,3.2630809504198917,5,sub-HUP134,01,True
RE4-RE5,0.2693181021877946,True,-0.5,4.0,3.00537241194191,6,sub-HUP134,01,True
RI6-RI7,0.26223368544845194,True,-0.25,4.5,3.1353386199911064,7,sub-HUP134,01,False
RC6-RC7,0.25023576179109047,True,3.0,5.25,5.584857823213143,8,sub-HUP134,01,False
RE5-RE6,0.2493381495784593,True,-0.25,3.75,2.9811560191954642,9,sub-HUP134,01,True
RC5-RC6,0.2338661127527162,True,2.0,5.0,4.473868894253391,10,sub-HUP134,01,False
RI4-RI5,0.23314198648522633,True,-0.25,2.25,2.7875102045662454,11,sub-HUP134,01,False
RB9-RB10,0.21454856640761574,True,3.5,4.75,5.1304042420877725,12,sub-HUP134,01,False
RB5-RB6,0.1981740843734623,True,2.5,6.0,4.107002077943802,13,sub-HUP134,01,False
RI5-RI6,0.1891095131943437,True,3.75,5.5,4.6728278844042395,14,sub-HUP134,01,False
RI3-RI4,0.16403112183198498,True,4.5,5.75,4.445390186885326,15,sub-HUP134,01,False
RC4-RC5,0.14835921127501703,True,3.75,5.25,3.6659026171870814,16,sub-HUP134,01,False
RC9-RC10,0.1452428958903605,True,4.25,6.0,3.8204414965544347,17,sub-HUP134,01,False
RB8-RB9,0.11726190871363301,True,3.75,6.5,2.8974994835527816,18,sub-HUP134,01,False
RC1-RC2,0.11200327689075366,True,10.5,12.0,5.178016582686442,19,sub-HUP134,01,False
RC8-RC9,0.10774772715352095,True,11.0,12.75,5.153046750389451,20,sub-HUP134,01,False
RC2-RC3,0.08972056062422398,True,4.75,6.75,2.503022406343695,21,sub-HUP134,01,False
RC7-RC8,0.08519299392888055,True,14.0,15.5,4.889237021907655,22,sub-HUP134,01,False
RC3-RC4,0.08371281630982029,True,10.25,12.25,3.803395803094798,23,sub-HUP134,01,False
RF2-RF3,0.0796506567344944,True,5.25,7.0,2.3490691392015446,24,sub-HUP134,01,False
RB4-RB5,0.07638925729958757,True,10.25,14.0,3.4706582984796457,25,sub-HUP134,01,False
RB7-RB8,0.07498731765159,True,5.0,6.5,2.1517659652962076,26,sub-HUP134,01,False
LB9-LB10,0.06839370512294764,True,18.75,20.75,4.960920166791632,27,sub-HUP134,01,False
RI1-RI2,0.06460505122043339,True,14.25,16.25,3.759188033828566,28,sub-HUP134,01,False
RB3-RB4,0.06449932279817855,True,10.5,14.0,2.9818642123013235,29,sub-HUP134,01,False
RD1-RD2,0.06233010224152662,True,15.0,17.0,3.7758622828554387,30,sub-HUP134,01,False
RF1-RF2,0.05929650806152089,True,10.0,11.0,2.6468044740389867,31,sub-HUP134,01,False
RB6-RB7,0.04513521744699157,True,14.75,17.75,2.6982458439929697,32,sub-HUP134,01,False
RA3-RA4,0.029169892701562918,True,24.5,27.75,2.6506012428788672,33,sub-HUP134,01,False
RA2-RA3,0.027297316177179443,True,19.75,24.75,2.0670370910269784,34,sub-HUP134,01,False
LA1-LA2,0.0,False,,,,35,sub-HUP134,01,False
LA2-LA3,0.0,False,,,,35,sub-HUP134,01,False
LA3-LA4,0.0,False,,,,35,sub-HUP134,01,False
LA4-LA5,0.0,False,,,,35,sub-HUP134,01,False
LA5-LA6,0.0,False,,,,35,sub-HUP134,01,False
LA6-LA7,0.0,False,,,,35,sub-HUP134,01,False
LA7-LA8,0.0,False,,,,35,sub-HUP134,01,False
LB1-LB2,0.0,False,,,,35,sub-HUP134,01,False
LB2-LB3,0.0,False,,,,35,sub-HUP134,01,False
LB3-LB4,0.0,False,,,,35,sub-HUP134,01,False
LB4-LB5,0.0,False,,,,35,sub-HUP134,01,False
LB5-LB6,0.0,False,,,,35,sub-HUP134,01,False
LB6-LB7,0.0,False,,,,35,sub-HUP134,01,False
LB7-LB8,0.0,False,,,,35,sub-HUP134,01,False
LB8-LB9,0.0,False,,,,35,sub-HUP134,01,False
LC1-LC2,0.0,False,,,,35,sub-HUP134,01,False
LC2-LC3,0.0,False,,,,35,sub-HUP134,01,False
LC3-LC4,0.0,False,,,,35,sub-HUP134,01,False
LC4-LC5,0.0,False,,,,35,sub-HUP134,01,False
LC5-LC6,0.0,False,,,,35,sub-HUP134,01,False
LC6-LC7,0.0,False,,,,35,sub-HUP134,01,False
LC7-LC8,0.0,False,,,,35,sub-HUP134,01,False
RA1-RA2,0.0,False,,,,35,sub-HUP134,01,False
RA4-RA5,0.0,False,,,,35,sub-HUP134,01,False
RA6-RA7,0.0,False,,,,35,sub-HUP134,01,False
RA7-RA8,0.0,False,,,,35,sub-HUP134,01,False
RB1-RB2,0.0,False,,,,35,sub-HUP134,01,False
RB2-RB3,0.0,False,,,,35,sub-HUP134,01,False
RD2-RD3,0.0,False,,,,35,sub-HUP134,01,False
RF3-RF4,0.0,False,,,,35,sub-HUP134,01,False
RF4-RF5,0.0,False,,,,35,sub-HUP134,01,False
RG1-RG2,0.0,False,,,,35,sub-HUP134,01,False
RG2-RG3,0.0,False,,,,35,sub-HUP134,01,False
RG3-RG4,0.0,False,,,,35,sub-HUP134,01,False
RG4-RG5,0.0,False,,,,35,sub-HUP134,01,False
RG5-RG6,0.0,False,,,,35,sub-HUP134,01,False
RH1-RH2,0.0,False,,,,35,sub-HUP134,01,False
RH7-RH8,1.0,True,-3.75,1.75,2.558618349317784,1,sub-HUP135,01,False
RA5-RA6,0.8595903415602781,True,-1.0,0.5,8.247613578046758,2,sub-HUP135,01,False
RA4-RA5,0.809192031358264,True,-1.0,0.5,7.764050923331197,3,sub-HUP135,01,False
RA3-RA4,0.7504132140590322,True,-1.25,0.75,6.720073566716908,4,sub-HUP135,01,False
RE2-RE3,0.730851347132979,True,-3.25,-1.0,2.804954501097092,5,sub-HUP135,01,False
RI8-RI9,0.633280253417848,True,-3.5,1.75,2.025403095819403,6,sub-HUP135,01,False
RA6-RA7,0.6026440045480684,True,-2.25,0.0,3.854840020357595,7,sub-HUP135,01,False
RA7-RA8,0.5945088782850859,True,-1.0,1.0,5.704204968047077,8,sub-HUP135,01,False
RI1-RI2,0.5662771441259006,True,-2.5,1.0,3.2599959564595515,9,sub-HUP135,01,False
RA2-RA3,0.49986094027010125,True,-1.25,1.0,4.476336808588127,10,sub-HUP135,01,False
RI2-RI3,0.42684991206218087,True,-1.5,1.5,3.5494745565726804,11,sub-HUP135,01,False
RJ1-RJ2,0.4086610963627528,True,-2.25,3.5,2.614019449515156,12,sub-HUP135,01,False
RI3-RI4,0.34729928601016125,True,-1.5,3.25,2.8879705591443328,13,sub-HUP135,01,False
RG6-RG7,0.34477955368117374,True,-2.25,4.0,2.205398231295618,14,sub-HUP135,01,False
RA1-RA2,0.3012126149842809,True,-1.25,-0.25,2.6974084331067094,15,sub-HUP135,01,False
RH8-RH9,0.27928824251316514,True,-1.0,3.75,2.679720082660874,16,sub-HUP135,01,False
RB7-RB8,0.2776951483630921,True,-0.25,3.25,3.1973215595324938,17,sub-HUP135,01,False
RE3-RE4,0.2747572846518805,True,-1.0,5.25,2.6362463629463666,18,sub-HUP135,01,False
RG5-RG6,0.23353809476533632,True,-0.25,4.5,2.688906845390873,19,sub-HUP135,01,False
RE1-RE2,0.2223927925746301,True,3.25,4.0,4.5521462386997795,20,sub-HUP135,01,False
RB2-RB3,0.21593689684379924,True,10.0,12.0,8.149376571749473,21,sub-HUP135,01,True
RB1-RB2,0.1918910391014554,True,1.0,2.5,2.823111618859181,22,sub-HUP135,01,True
RD7-RD8,0.1822756027051375,True,-1.5,5.0,1.5157145305715503,23,sub-HUP135,01,False
RB4-RB5,0.1742710363450712,True,1.25,3.0,2.675358428082754,24,sub-HUP135,01,False
RG9-RG10,0.1683856925539359,True,-0.5,6.0,1.8310475716071042,25,sub-HUP135,01,False
RB3-RB4,0.16370429180887783,True,2.0,2.5,2.827283432968808,26,sub-HUP135,01,False
RG7-RG8,0.14110914683438167,True,0.75,7.25,1.9857444879086454,27,sub-HUP135,01,False
RJ8-RJ9,0.1140104002725948,True,2.75,4.0,2.187818266128948,28,sub-HUP135,01,False
RH5-RH6,0.10606350405528588,True,3.5,6.0,2.2388522282675645,29,sub-HUP135,01,False
RG1-RG2,0.1042556157089675,True,3.5,6.0,2.2006902338221983,30,sub-HUP135,01,False
RB6-RB7,0.04804578069574569,True,26.5,28.75,3.8415880029822844,31,sub-HUP135,01,False
RB5-RB6,0.036581409316501584,True,26.0,29.5,2.8781343524739937,32,sub-HUP135,01,False
RC2-RC3,0.03057553100691476,True,23.5,27.25,2.210028989552562,33,sub-HUP135,01,False
RC3-RC4,0.02564760727531695,True,23.5,29.5,1.8538338901879032,34,sub-HUP135,01,False
RC1-RC2,0.0,False,,,,35,sub-HUP135,01,False
RC4-RC5,0.0,False,,,,35,sub-HUP135,01,False
RC5-RC6,0.0,False,,,,35,sub-HUP135,01,False
RC6-RC7,0.0,False,,,,35,sub-HUP135,01,False
RC7-RC8,0.0,False,,,,35,sub-HUP135,01,False
RC8-RC9,0.0,False,,,,35,sub-HUP135,01,False
RD1-RD2,0.0,False,,,,35,sub-HUP135,01,False
RD2-RD3,0.0,False,,,,35,sub-HUP135,01,False
RD3-RD4,0.0,False,,,,35,sub-HUP135,01,False
RD4-RD5,0.0,False,,,,35,sub-HUP135,01,False
RD5-RD6,0.0,False,,,,35,sub-HUP135,01,False
RD6-RD7,0.0,False,,,,35,sub-HUP135,01,False
RE10-RE11,0.0,False,,,,35,sub-HUP135,01,False
RE11-RE12,0.0,False,,,,35,sub-HUP135,01,False
RE4-RE5,0.0,False,,,,35,sub-HUP135,01,False
RE5-RE6,0.0,False,,,,35,sub-HUP135,01,False
RE6-RE7,0.0,False,,,,35,sub-HUP135,01,False
RE7-RE8,0.0,False,,,,35,sub-HUP135,01,False
RE8-RE9,0.0,False,,,,35,sub-HUP135,01,False
RE9-RE10,0.0,False,,,,35,sub-HUP135,01,False
RF1-RF2,0.0,False,,,,35,sub-HUP135,01,False
RF10-RF11,0.0,False,,,,35,sub-HUP135,01,False
RF11-RF12,0.0,False,,,,35,sub-HUP135,01,False
RF2-RF3,0.0,False,,,,35,sub-HUP135,01,False
RF3-RF4,0.0,False,,,,35,sub-HUP135,01,False
RF4-RF5,0.0,False,,,,35,sub-HUP135,01,False
RF5-RF6,0.0,False,,,,35,sub-HUP135,01,False
RF6-RF7,0.0,False,,,,35,sub-HUP135,01,False
RF7-RF8,0.0,False,,,,35,sub-HUP135,01,False
RF8-RF9,0.0,False,,,,35,sub-HUP135,01,False
RF9-RF10,0.0,False,,,,35,sub-HUP135,01,False
RG10-RG11,0.0,False,,,,35,sub-HUP135,01,False
RG11-RG12,0.0,False,,,,35,sub-HUP135,01,False
RG2-RG3,0.0,False,,,,35,sub-HUP135,01,False
RG3-RG4,0.0,False,,,,35,sub-HUP135,01,False
RG4-RG5,0.0,False,,,,35,sub-HUP135,01,False
RG8-RG9,0.0,False,,,,35,sub-HUP135,01,False
RH1-RH2,0.0,False,,,,35,sub-HUP135,01,False
RH2-RH3,0.0,False,,,,35,sub-HUP135,01,False
RH3-RH4,0.0,False,,,,35,sub-HUP135,01,False
RH4-RH5,0.0,False,,,,35,sub-HUP135,01,False
RH6-RH7,0.0,False,,,,35,sub-HUP135,01,False
RI10-RI11,0.0,False,,,,35,sub-HUP135,01,False
RI11-RI12,0.0,False,,,,35,sub-HUP135,01,False
RI4-RI5,0.0,False,,,,35,sub-HUP135,01,False
RI5-RI6,0.0,False,,,,35,sub-HUP135,01,False
RI6-RI7,0.0,False,,,,35,sub-HUP135,01,False
RI7-RI8,0.0,False,,,,35,sub-HUP135,01,False
RI9-RI10,0.0,False,,,,35,sub-HUP135,01,False
RJ10-RJ11,0.0,False,,,,35,sub-HUP135,01,False
RJ11-RJ12,0.0,False,,,,35,sub-HUP135,01,False
RJ2-RJ3,0.0,False,,,,35,sub-HUP135,01,False
RJ3-RJ4,0.0,False,,,,35,sub-HUP135,01,False
RJ4-RJ5,0.0,False,,,,35,sub-HUP135,01,False
RJ5-RJ6,0.0,False,,,,35,sub-HUP135,01,False
RJ6-RJ7,0.0,False,,,,35,sub-HUP135,01,False
RJ7-RJ8,0.0,False,,,,35,sub-HUP135,01,False
RJ9-RJ10,0.0,False,,,,35,sub-HUP135,01,False
RH8-RH9,1.0,True,-9.0,-6.75,3.0549483112061213,1,sub-HUP135,02,False
RJ6-RJ7,0.6570570764021778,True,-8.5,-7.25,3.010913108881297,2,sub-HUP135,02,False
RA5-RA6,0.6354257331731173,True,-7.5,-6.25,4.852981926135316,3,sub-HUP135,02,False
RA6-RA7,0.6291901535879773,True,-7.25,-6.75,5.285894342110555,4,sub-HUP135,02,False
RA7-RA8,0.5418821366378215,True,-7.0,-6.75,4.966265754583432,5,sub-HUP135,02,False
RB2-RB3,0.4591867409607569,True,2.0,3.25,16.833501105915683,6,sub-HUP135,02,True
RI1-RI2,0.4222236956969259,True,-7.25,-1.75,3.547146806831461,7,sub-HUP135,02,False
RE2-RE3,0.23319100183477448,True,-5.25,-1.75,3.383835671907137,8,sub-HUP135,02,False
RA2-RA3,0.2203838481288824,True,-2.0,-1.5,5.386090117267485,9,sub-HUP135,02,False
RA1-RA2,0.20693390800114003,True,-3.75,-2.25,3.9510774548710352,10,sub-HUP135,02,False
RC4-RC5,0.20640002577649366,True,-5.5,-4.5,2.837436345804597,11,sub-HUP135,02,False
RB1-RB2,0.18011850027229315,True,1.75,2.75,6.465469321629899,12,sub-HUP135,02,True
RA4-RA5,0.14351601647721976,True,-3.25,-1.5,2.9594295821347583,13,sub-HUP135,02,False
RJ7-RJ8,0.14160229732802473,True,-2.25,-1.0,3.352554667909961,14,sub-HUP135,02,False
RB3-RB4,0.14106406571373098,True,2.0,4.0,5.171321151888381,15,sub-HUP135,02,False
RC8-RC9,0.10902960007211648,True,-2.25,-0.75,2.581368392741381,16,sub-HUP135,02,False
RA3-RA4,0.07910796994336051,True,11.5,13.0,5.195921322400397,17,sub-HUP135,02,False
RB5-RB6,0.07042471605471617,True,3.5,8.25,2.904442209610098,18,sub-HUP135,02,False
RB6-RB7,0.06904997127354949,True,15.5,16.75,5.379074374839512,19,sub-HUP135,02,False
RC3-RC4,0.06732606603222799,True,12.25,14.75,4.576327750888074,20,sub-HUP135,02,False
RC2-RC3,0.06220808646871387,True,13.0,16.25,4.370977240122121,21,sub-HUP135,02,False
RB4-RB5,0.03782896628832787,True,7.25,8.25,1.9935055076817085,22,sub-HUP135,02,False
RC1-RC2,0.03166824567304493,True,16.25,20.5,2.539552407990391,23,sub-HUP135,02,False
RB7-RB8,0.03032934061486519,True,15.5,17.5,2.36269148123013,24,sub-HUP135,02,False
RC5-RC6,0.0,False,,,,25,sub-HUP135,02,False
RC6-RC7,0.0,False,,,,25,sub-HUP135,02,False
RC7-RC8,0.0,False,,,,25,sub-HUP135,02,False
RD1-RD2,0.0,False,,,,25,sub-HUP135,02,False
RD2-RD3,0.0,False,,,,25,sub-HUP135,02,False
RD3-RD4,0.0,False,,,,25,sub-HUP135,02,False
RD4-RD5,0.0,False,,,,25,sub-HUP135,02,False
RD5-RD6,0.0,False,,,,25,sub-HUP135,02,False
RD6-RD7,0.0,False,,,,25,sub-HUP135,02,False
RD7-RD8,0.0,False,,,,25,sub-HUP135,02,False
RE1-RE2,0.0,False,,,,25,sub-HUP135,02,False
RE10-RE11,0.0,False,,,,25,sub-HUP135,02,False
RE11-RE12,0.0,False,,,,25,sub-HUP135,02,False
RE3-RE4,0.0,False,,,,25,sub-HUP135,02,False
RE4-RE5,0.0,False,,,,25,sub-HUP135,02,False
RE5-RE6,0.0,False,,,,25,sub-HUP135,02,False
RE6-RE7,0.0,False,,,,25,sub-HUP135,02,False
RE7-RE8,0.0,False,,,,25,sub-HUP135,02,False
RE8-RE9,0.0,False,,,,25,sub-HUP135,02,False
RE9-RE10,0.0,False,,,,25,sub-HUP135,02,False
RF1-RF2,0.0,False,,,,25,sub-HUP135,02,False
RF10-RF11,0.0,False,,,,25,sub-HUP135,02,False
RF11-RF12,0.0,False,,,,25,sub-HUP135,02,False
RF2-RF3,0.0,False,,,,25,sub-HUP135,02,False
RF3-RF4,0.0,False,,,,25,sub-HUP135,02,False
RF4-RF5,0.0,False,,,,25,sub-HUP135,02,False
RF5-RF6,0.0,False,,,,25,sub-HUP135,02,False
RF6-RF7,0.0,False,,,,25,sub-HUP135,02,False
RF7-RF8,0.0,False,,,,25,sub-HUP135,02,False
RF8-RF9,0.0,False,,,,25,sub-HUP135,02,False
RF9-RF10,0.0,False,,,,25,sub-HUP135,02,False
RG1-RG2,0.0,False,,,,25,sub-HUP135,02,False
RG10-RG11,0.0,False,,,,25,sub-HUP135,02,False
RG11-RG12,0.0,False,,,,25,sub-HUP135,02,False
RG2-RG3,0.0,False,,,,25,sub-HUP135,02,False
RG3-RG4,0.0,False,,,,25,sub-HUP135,02,False
RG4-RG5,0.0,False,,,,25,sub-HUP135,02,False
RG5-RG6,0.0,False,,,,25,sub-HUP135,02,False
RG6-RG7,0.0,False,,,,25,sub-HUP135,02,False
RG7-RG8,0.0,False,,,,25,sub-HUP135,02,False
RG8-RG9,0.0,False,,,,25,sub-HUP135,02,False
RG9-RG10,0.0,False,,,,25,sub-HUP135,02,False
RH1-RH2,0.0,False,,,,25,sub-HUP135,02,False
RH2-RH3,0.0,False,,,,25,sub-HUP135,02,False
RH3-RH4,0.0,False,,,,25,sub-HUP135,02,False
RH4-RH5,0.0,False,,,,25,sub-HUP135,02,False
RH5-RH6,0.0,False,,,,25,sub-HUP135,02,False
RH6-RH7,0.0,False,,,,25,sub-HUP135,02,False
RH7-RH8,0.0,False,,,,25,sub-HUP135,02,False
RI10-RI11,0.0,False,,,,25,sub-HUP135,02,False
RI11-RI12,0.0,False,,,,25,sub-HUP135,02,False
RI2-RI3,0.0,False,,,,25,sub-HUP135,02,False
RI3-RI4,0.0,False,,,,25,sub-HUP135,02,False
RI4-RI5,0.0,False,,,,25,sub-HUP135,02,False
RI5-RI6,0.0,False,,,,25,sub-HUP135,02,False
RI6-RI7,0.0,False,,,,25,sub-HUP135,02,False
RI7-RI8,0.0,False,,,,25,sub-HUP135,02,False
RI8-RI9,0.0,False,,,,25,sub-HUP135,02,False
RI9-RI10,0.0,False,,,,25,sub-HUP135,02,False
RJ1-RJ2,0.0,False,,,,25,sub-HUP135,02,False
RJ10-RJ11,0.0,False,,,,25,sub-HUP135,02,False
RJ11-RJ12,0.0,False,,,,25,sub-HUP135,02,False
RJ2-RJ3,0.0,False,,,,25,sub-HUP135,02,False
RJ3-RJ4,0.0,False,,,,25,sub-HUP135,02,False
RJ4-RJ5,0.0,False,,,,25,sub-HUP135,02,False
RJ5-RJ6,0.0,False,,,,25,sub-HUP135,02,False
RJ8-RJ9,0.0,False,,,,25,sub-HUP135,02,False
RJ9-RJ10,0.0,False,,,,25,sub-HUP135,02,False
RG01-RG02,1.0,True,13.25,14.0,527.5500847512848,1,sub-HUP138,01,False
LA03-LA04,0.2219372493619297,True,-0.25,0.25,46.833205884141215,2,sub-HUP138,01,True
LA02-LA03,0.20615818202536534,True,-0.25,0.25,43.50350655986091,3,sub-HUP138,01,True
RG07-RG08,0.13912883988163074,True,14.5,15.25,77.47506634150791,4,sub-HUP138,01,False
RF06-RF07,0.12930213897331724,True,-8.25,-7.0,3.0317046388398188,5,sub-HUP138,01,False
RB03-RB04,0.0751876609769393,True,13.75,15.0,40.54670707442709,6,sub-HUP138,01,False
RF05-RF06,0.03978308646324007,True,-7.5,-6.75,1.6323666049716656,7,sub-HUP138,01,False
RE03-RE04,0.0347601916581267,True,15.0,16.0,19.764010881732414,8,sub-HUP138,01,False
LA01-LA02,0.03355049775641628,True,-0.25,0.25,7.07982717393808,9,sub-HUP138,01,True
RF07-RF08,0.0265540078382319,True,14.75,15.25,14.942473691248555,10,sub-HUP138,01,False
RG04-RG05,0.024024922311705617,True,14.75,15.5,13.519306455128888,11,sub-HUP138,01,False
LA05-LA06,0.023526313325093452,True,2.25,4.25,6.3435577230307025,12,sub-HUP138,01,False
RG05-RG06,0.019256803127152056,True,15.0,15.5,10.94906697568315,13,sub-HUP138,01,False
RB02-RB03,0.0169360625334861,True,14.25,15.75,9.33171550155559,14,sub-HUP138,01,False
LA04-LA05,0.016225777930600854,True,-0.25,1.0,3.4239642089776026,15,sub-HUP138,01,True
RB05-RB06,0.01589181609441108,True,14.75,15.75,8.942644189288957,16,sub-HUP138,01,False
RA06-RA07,0.015117435108489709,True,-3.0,-2.0,2.2153344924182763,17,sub-HUP138,01,False
RC06-RC07,0.01494819670330252,True,-2.5,1.25,2.3657767313118363,18,sub-HUP138,01,False
RE01-RE02,0.014688051085972697,True,14.75,16.0,8.265261434918504,19,sub-HUP138,01,False
RC07-RC08,0.013771664228496875,True,-2.5,3.25,2.179572789272929,20,sub-HUP138,01,False
LD03-LD04,0.013673341583257897,True,15.25,16.0,7.854561178732612,21,sub-HUP138,01,False
RA05-RA06,0.01359089600534046,True,-2.75,-2.0,2.071298186956052,22,sub-HUP138,01,False
RG06-RG07,0.013521983114437664,True,15.0,15.5,7.688352930984689,23,sub-HUP138,01,False
RB04-RB05,0.012388252012711315,True,15.0,15.75,7.043734108054828,24,sub-HUP138,01,False
LA07-LA08,0.012114965819239237,True,23.25,24.0,9.231807353453501,25,sub-HUP138,01,False
RE05-RE06,0.009921405019293256,True,15.0,16.75,5.641129907796199,26,sub-HUP138,01,False
RF04-RF05,0.008940411413134241,True,14.0,17.0,4.873731958667333,27,sub-HUP138,01,False
RF08-RF09,0.008689632894072291,True,15.0,16.0,4.940766747370697,28,sub-HUP138,01,False
RA04-RA05,0.008112405216832933,True,15.5,16.25,4.707670065644677,29,sub-HUP138,01,False
LB02-LB03,0.007892364703142064,True,4.0,7.75,2.4519081822847126,30,sub-HUP138,01,False
RA02-RA03,0.007164480110777944,True,15.5,16.25,4.157584298603778,31,sub-HUP138,01,False
RE04-RE05,0.007088650176143133,True,15.0,16.0,4.03047717906736,32,sub-HUP138,01,False
LA06-LA07,0.007055113664248789,True,23.0,24.0,5.334760329822967,33,sub-HUP138,01,False
LD05-LD06,0.006837951180948785,True,15.5,16.25,3.968097897538147,34,sub-HUP138,01,False
LB06-LB07,0.006797192385113006,True,15.0,16.25,3.8647595958578216,35,sub-HUP138,01,False
RE02-RE03,0.006384670275694928,True,15.25,17.0,3.6676318646120345,36,sub-HUP138,01,False
LB05-LB06,0.005974866936704805,True,15.0,16.25,3.3972003467457568,37,sub-HUP138,01,False
LE03-LE04,0.0054243429321122714,True,26.0,28.25,4.483193031904183,38,sub-HUP138,01,False
LD04-LD05,0.004753233012608265,True,15.5,16.5,2.7583253265085044,39,sub-HUP138,01,False
RB01-RB02,0.004731768870044142,True,15.5,16.25,2.7458695752568056,40,sub-HUP138,01,False
LB03-LB04,0.004378024009349426,True,22.75,25.0,3.2848027550939727,41,sub-HUP138,01,False
RA03-RA04,0.004347814787445052,True,24.75,25.75,3.466020534505951,42,sub-HUP138,01,False
RF09-RF10,0.0038507315527606368,True,16.0,16.5,2.2797425495371706,43,sub-HUP138,01,False
RA01-RA02,0.0033316927308224865,True,16.0,16.75,1.9724568114841652,44,sub-HUP138,01,False
LB07-LB08,0.0028045331792719026,True,27.25,29.5,2.4001292288472404,45,sub-HUP138,01,False
LE04-LE05,0.002799733786500625,True,25.25,29.0,2.2647330210691416,46,sub-HUP138,01,False
LC01-LC02,0.0026442533590950892,True,23.5,25.75,2.0304651884886376,47,sub-HUP138,01,False
LB04-LB05,0.002638323489634357,True,23.25,25.5,2.010446794139204,48,sub-HUP138,01,False
LC06-LC07,0.002362640700762762,True,19.0,28.5,1.5649386346381997,49,sub-HUP138,01,False
LC07-LC08,0.001855700555142583,True,23.5,29.75,1.424952478368226,50,sub-HUP138,01,False
LB01-LB02,0.0,False,,,,51,sub-HUP138,01,False
LC02-LC03,0.0,False,,,,51,sub-HUP138,01,False
LC03-LC04,0.0,False,,,,51,sub-HUP138,01,False
LC04-LC05,0.0,False,,,,51,sub-HUP138,01,False
LC05-LC06,0.0,False,,,,51,sub-HUP138,01,False
LD01-LD02,0.0,False,,,,51,sub-HUP138,01,False
LD02-LD03,0.0,False,,,,51,sub-HUP138,01,False
LD06-LD07,0.0,False,,,,51,sub-HUP138,01,False
LD07-LD08,0.0,False,,,,51,sub-HUP138,01,False
LE01-LE02,0.0,False,,,,51,sub-HUP138,01,False
LE02-LE03,0.0,False,,,,51,sub-HUP138,01,False
LE05-LE06,0.0,False,,,,51,sub-HUP138,01,False
LE06-LE07,0.0,False,,,,51,sub-HUP138,01,False
LE07-LE08,0.0,False,,,,51,sub-HUP138,01,False
LF01-LF02,0.0,False,,,,51,sub-HUP138,01,False
LF02-LF03,0.0,False,,,,51,sub-HUP138,01,False
LF05-LF06,0.0,False,,,,51,sub-HUP138,01,False
LF06-LF07,0.0,False,,,,51,sub-HUP138,01,False
LF07-LF08,0.0,False,,,,51,sub-HUP138,01,False
LF08-LF09,0.0,False,,,,51,sub-HUP138,01,False
LF09-LF10,0.0,False,,,,51,sub-HUP138,01,False
LF10-LF11,0.0,False,,,,51,sub-HUP138,01,False
LF11-LF12,0.0,False,,,,51,sub-HUP138,01,False
LG01-LG02,0.0,False,,,,51,sub-HUP138,01,False
LG02-LG03,0.0,False,,,,51,sub-HUP138,01,False
LG03-LG04,0.0,False,,,,51,sub-HUP138,01,False
LG04-LG05,0.0,False,,,,51,sub-HUP138,01,False
LG05-LG06,0.0,False,,,,51,sub-HUP138,01,False
LG06-LG07,0.0,False,,,,51,sub-HUP138,01,False
LG07-LG08,0.0,False,,,,51,sub-HUP138,01,False
RA07-RA08,0.0,False,,,,51,sub-HUP138,01,False
RC01-RC02,0.0,False,,,,51,sub-HUP138,01,False
LA02-LA03,1.0,True,0.25,0.75,54.74893900148063,1,sub-HUP138,02,True
LA03-LA04,0.7039014737364615,True,0.25,0.5,38.537858848649854,2,sub-HUP138,02,True
LA01-LA02,0.6483226151929418,True,0.25,0.75,35.494975312478765,3,sub-HUP138,02,True
RC01-RC02,0.3548187492170505,True,-4.75,-4.0,3.2376583429109913,4,sub-HUP138,02,False
LA04-LA05,0.25731016725233236,True,0.25,0.75,14.087458651358725,5,sub-HUP138,02,True
RE04-RE05,0.23551246177536195,True,-4.75,-3.75,2.1490095673046383,6,sub-HUP138,02,False
LA05-LA06,0.1603323637172841,True,-0.25,2.75,8.04652456769406,7,sub-HUP138,02,False
LC02-LC03,0.1397472701219771,True,-3.75,-0.75,2.5503382558438537,8,sub-HUP138,02,False
LA06-LA07,0.03893671777779315,True,2.75,5.25,3.019970647590207,9,sub-HUP138,02,False
LA07-LA08,0.03561436890657728,True,23.25,24.0,9.4242697357384,10,sub-HUP138,02,False
RA01-RA02,0.029061644372050117,True,19.5,21.0,6.695854737325732,11,sub-HUP138,02,False
RA02-RA03,0.026110935390964027,True,20.0,21.0,6.1351349552551495,12,sub-HUP138,02,False
LB03-LB04,0.019658043240236484,True,22.0,24.25,4.977688672397813,13,sub-HUP138,02,False
RG04-RG05,0.0185580861463452,True,22.75,26.0,4.826168750449762,14,sub-HUP138,02,False
RE03-RE04,0.018008348682780017,True,19.5,20.5,4.149155680776777,15,sub-HUP138,02,False
RB03-RB04,0.017279161840070105,True,21.0,22.5,4.217653675038416,16,sub-HUP138,02,False
RB04-RB05,0.015620799400016308,True,21.5,22.75,3.884134128839105,17,sub-HUP138,02,False
RF06-RF07,0.012285050035154685,True,25.25,27.5,3.475066184191577,18,sub-HUP138,02,False
LB04-LB05,0.011979143735675338,True,22.75,25.0,3.1152656959536746,19,sub-HUP138,02,False
LE04-LE05,0.011903863528547094,True,24.25,27.0,3.2586194910318738,20,sub-HUP138,02,False
RG05-RG06,0.011253559598681155,True,26.25,27.75,3.2859757227611808,21,sub-HUP138,02,False
RF07-RF08,0.011039826202743607,True,25.75,27.75,3.1731985496450257,22,sub-HUP138,02,False
RE01-RE02,0.010476610312182725,True,23.5,26.5,2.796218582254378,23,sub-HUP138,02,False
LC06-LC07,0.010149715996547253,True,19.25,21.0,2.3153590915721574,24,sub-HUP138,02,False
LC07-LC08,0.009862319743876136,True,22.0,24.0,2.4972758820763983,25,sub-HUP138,02,False
LB02-LB03,0.009711649321460378,True,22.0,25.0,2.459124045407873,26,sub-HUP138,02,False
RG06-RG07,0.009543838068112272,True,25.25,27.75,2.699660875860619,27,sub-HUP138,02,False
LB07-LB08,0.008819885810676695,True,21.75,22.5,2.2131972053068303,28,sub-HUP138,02,False
LE03-LE04,0.008245791550612863,True,26.0,30.0,2.3889141252156403,29,sub-HUP138,02,False
LF02-LF03,0.007491672455939878,True,22.75,27.5,1.9482653119692936,30,sub-HUP138,02,False
LB01-LB02,0.0,False,,,,31,sub-HUP138,02,False
LB05-LB06,0.0,False,,,,31,sub-HUP138,02,False
LB06-LB07,0.0,False,,,,31,sub-HUP138,02,False
LC01-LC02,0.0,False,,,,31,sub-HUP138,02,False
LC03-LC04,0.0,False,,,,31,sub-HUP138,02,False
LC04-LC05,0.0,False,,,,31,sub-HUP138,02,False
LC05-LC06,0.0,False,,,,31,sub-HUP138,02,False
LD01-LD02,0.0,False,,,,31,sub-HUP138,02,False
LD02-LD03,0.0,False,,,,31,sub-HUP138,02,False
LD03-LD04,0.0,False,,,,31,sub-HUP138,02,False
LD04-LD05,0.0,False,,,,31,sub-HUP138,02,False
LD05-LD06,0.0,False,,,,31,sub-HUP138,02,False
LD06-LD07,0.0,False,,,,31,sub-HUP138,02,False
LD07-LD08,0.0,False,,,,31,sub-HUP138,02,False
LE01-LE02,0.0,False,,,,31,sub-HUP138,02,False
LE02-LE03,0.0,False,,,,31,sub-HUP138,02,False
LE05-LE06,0.0,False,,,,31,sub-HUP138,02,False
LE06-LE07,0.0,False,,,,31,sub-HUP138,02,False
LE07-LE08,0.0,False,,,,31,sub-HUP138,02,False
LF01-LF02,0.0,False,,,,31,sub-HUP138,02,False
LF05-LF06,0.0,False,,,,31,sub-HUP138,02,False
LF06-LF07,0.0,False,,,,31,sub-HUP138,02,False
LF07-LF08,0.0,False,,,,31,sub-HUP138,02,False
LF08-LF09,0.0,False,,,,31,sub-HUP138,02,False
LF09-LF10,0.0,False,,,,31,sub-HUP138,02,False
LF10-LF11,0.0,False,,,,31,sub-HUP138,02,False
LF11-LF12,0.0,False,,,,31,sub-HUP138,02,False
LG01-LG02,0.0,False,,,,31,sub-HUP138,02,False
LG02-LG03,0.0,False,,,,31,sub-HUP138,02,False
LG03-LG04,0.0,False,,,,31,sub-HUP138,02,False
LG04-LG05,0.0,False,,,,31,sub-HUP138,02,False
LG05-LG06,0.0,False,,,,31,sub-HUP138,02,False
LG06-LG07,0.0,False,,,,31,sub-HUP138,02,False
LG07-LG08,0.0,False,,,,31,sub-HUP138,02,False
RA03-RA04,0.0,False,,,,31,sub-HUP138,02,False
RA04-RA05,0.0,False,,,,31,sub-HUP138,02,False
RA05-RA06,0.0,False,,,,31,sub-HUP138,02,False
RA06-RA07,0.0,False,,,,31,sub-HUP138,02,False
RA07-RA08,0.0,False,,,,31,sub-HUP138,02,False
RB01-RB02,0.0,False,,,,31,sub-HUP138,02,False
RB02-RB03,0.0,False,,,,31,sub-HUP138,02,False
RB05-RB06,0.0,False,,,,31,sub-HUP138,02,False
RC06-RC07,0.0,False,,,,31,sub-HUP138,02,False
RC07-RC08,0.0,False,,,,31,sub-HUP138,02,False
RE02-RE03,0.0,False,,,,31,sub-HUP138,02,False
RE05-RE06,0.0,False,,,,31,sub-HUP138,02,False
RF04-RF05,0.0,False,,,,31,sub-HUP138,02,False
RF05-RF06,0.0,False,,,,31,sub-HUP138,02,False
RF08-RF09,0.0,False,,,,31,sub-HUP138,02,False
RF09-RF10,0.0,False,,,,31,sub-HUP138,02,False
RG01-RG02,0.0,False,,,,31,sub-HUP138,02,False
RG07-RG08,0.0,False,,,,31,sub-HUP138,02,False
LA02-LA03,1.0,True,0.25,0.5,58.00566236380861,1,sub-HUP138,03,True
LA01-LA02,0.8576273294021848,True,0.25,0.75,49.747241303278,2,sub-HUP138,03,True
LA03-LA04,0.722539249805019,True,0.25,0.5,41.9113677687895,3,sub-HUP138,03,True
RB02-RB03,0.526980724856052,True,-8.75,-5.25,3.0567865998235275,4,sub-HUP138,03,False
LA04-LA05,0.3174802938638049,True,0.25,0.5,18.415654733026606,5,sub-HUP138,03,True
LB07-LB08,0.2940995882525553,True,-6.25,-3.5,5.9708044961294995,6,sub-HUP138,03,False
LC07-LC08,0.1931801305784346,True,-7.0,-3.25,3.081523893175513,7,sub-HUP138,03,False
RC01-RC02,0.1837250235340421,True,-7.5,-6.0,2.3978456286521483,8,sub-HUP138,03,False
RF09-RF10,0.151432650624618,True,-6.5,-4.75,2.8547841409711596,9,sub-HUP138,03,False
RC07-RC08,0.12066994810704874,True,-6.75,-4.0,2.0998620802067327,10,sub-HUP138,03,False
RB05-RB06,0.0753591950344477,True,-2.5,-0.25,3.1691635168030174,11,sub-HUP138,03,False
LB03-LB04,0.06657877752208145,True,-0.25,2.25,3.6688487850639375,12,sub-HUP138,03,False
LC02-LC03,0.05324134719314687,True,1.25,3.5,3.3971295699879853,13,sub-HUP138,03,False
LA05-LA06,0.047583203988637725,True,-2.25,2.75,2.070071448564863,14,sub-HUP138,03,False
LB05-LB06,0.04359319614804765,True,0.25,1.0,2.528652217122934,15,sub-HUP138,03,False
LC01-LC02,0.040934321787871784,True,0.5,7.0,2.433783009936755,16,sub-HUP138,03,False
RB03-RB04,0.04043979906080038,True,24.0,25.75,7.9168634900360475,17,sub-HUP138,03,False
LB02-LB03,0.03961890129174832,True,1.0,5.25,2.47047965742078,18,sub-HUP138,03,False
RE02-RE03,0.03486287886863853,True,1.25,6.25,2.224468818753065,19,sub-HUP138,03,False
LC03-LC04,0.03417488429335597,True,1.0,7.0,2.1310120596158297,20,sub-HUP138,03,False
LB04-LB05,0.03392712328452971,True,27.25,30.0,7.281471455405637,21,sub-HUP138,03,False
RG05-RG06,0.032300032411747163,True,2.0,7.75,2.2014621099386598,22,sub-HUP138,03,False
RG04-RG05,0.030672211345622084,True,1.5,9.5,2.001557177173726,23,sub-HUP138,03,False
LA06-LA07,0.026207370943053105,True,27.25,28.75,5.624650868353559,24,sub-HUP138,03,False
LA07-LA08,0.02617363698773386,True,27.25,28.5,5.617410854790517,25,sub-HUP138,03,False
RE03-RE04,0.025934256529561602,True,22.25,23.25,4.813867929312478,26,sub-HUP138,03,False
RB04-RB05,0.02485097162542021,True,24.75,26.25,4.97316488983266,27,sub-HUP138,03,False
RE01-RE02,0.02277118396711318,True,25.25,27.25,4.623001630871887,28,sub-HUP138,03,False
RA01-RA02,0.013436635433464128,True,18.5,23.75,2.2018076505819786,29,sub-HUP138,03,False
RA03-RA04,0.01312646563314637,True,25.0,27.25,2.645897434073829,30,sub-HUP138,03,False
RB01-RB02,0.012621548747009744,True,25.25,26.75,2.5624245329458963,31,sub-HUP138,03,False
RA02-RA03,0.012289455875509864,True,18.25,23.5,1.9960024788192974,32,sub-HUP138,03,False
LB06-LB07,0.010517253660433153,True,27.25,29.5,2.257222979839978,33,sub-HUP138,03,False
LB01-LB02,0.0,False,,,,34,sub-HUP138,03,False
LC04-LC05,0.0,False,,,,34,sub-HUP138,03,False
LC05-LC06,0.0,False,,,,34,sub-HUP138,03,False
LC06-LC07,0.0,False,,,,34,sub-HUP138,03,False
LD01-LD02,0.0,False,,,,34,sub-HUP138,03,False
LD02-LD03,0.0,False,,,,34,sub-HUP138,03,False
LD03-LD04,0.0,False,,,,34,sub-HUP138,03,False
LD04-LD05,0.0,False,,,,34,sub-HUP138,03,False
LD05-LD06,0.0,False,,,,34,sub-HUP138,03,False
LD06-LD07,0.0,False,,,,34,sub-HUP138,03,False
LD07-LD08,0.0,False,,,,34,sub-HUP138,03,False
LE01-LE02,0.0,False,,,,34,sub-HUP138,03,False
LE02-LE03,0.0,False,,,,34,sub-HUP138,03,False
LE03-LE04,0.0,False,,,,34,sub-HUP138,03,False
LE04-LE05,0.0,False,,,,34,sub-HUP138,03,False
LE05-LE06,0.0,False,,,,34,sub-HUP138,03,False
LE06-LE07,0.0,False,,,,34,sub-HUP138,03,False
LE07-LE08,0.0,False,,,,34,sub-HUP138,03,False
LF01-LF02,0.0,False,,,,34,sub-HUP138,03,False
LF02-LF03,0.0,False,,,,34,sub-HUP138,03,False
LF05-LF06,0.0,False,,,,34,sub-HUP138,03,False
LF06-LF07,0.0,False,,,,34,sub-HUP138,03,False
LF07-LF08,0.0,False,,,,34,sub-HUP138,03,False
LF08-LF09,0.0,False,,,,34,sub-HUP138,03,False
LF09-LF10,0.0,False,,,,34,sub-HUP138,03,False
LF10-LF11,0.0,False,,,,34,sub-HUP138,03,False
LF11-LF12,0.0,False,,,,34,sub-HUP138,03,False
LG01-LG02,0.0,False,,,,34,sub-HUP138,03,False
LG02-LG03,0.0,False,,,,34,sub-HUP138,03,False
LG03-LG04,0.0,False,,,,34,sub-HUP138,03,False
LG04-LG05,0.0,False,,,,34,sub-HUP138,03,False
LG05-LG06,0.0,False,,,,34,sub-HUP138,03,False
LG06-LG07,0.0,False,,,,34,sub-HUP138,03,False
LG07-LG08,0.0,False,,,,34,sub-HUP138,03,False
RA04-RA05,0.0,False,,,,34,sub-HUP138,03,False
RA05-RA06,0.0,False,,,,34,sub-HUP138,03,False
RA06-RA07,0.0,False,,,,34,sub-HUP138,03,False
RA07-RA08,0.0,False,,,,34,sub-HUP138,03,False
RC06-RC07,0.0,False,,,,34,sub-HUP138,03,False
RE04-RE05,0.0,False,,,,34,sub-HUP138,03,False
RE05-RE06,0.0,False,,,,34,sub-HUP138,03,False
RF04-RF05,0.0,False,,,,34,sub-HUP138,03,False
RF05-RF06,0.0,False,,,,34,sub-HUP138,03,False
RF06-RF07,0.0,False,,,,34,sub-HUP138,03,False
RF07-RF08,0.0,False,,,,34,sub-HUP138,03,False
RF08-RF09,0.0,False,,,,34,sub-HUP138,03,False
RG01-RG02,0.0,False,,,,34,sub-HUP138,03,False
RG06-RG07,0.0,False,,,,34,sub-HUP138,03,False
RG07-RG08,0.0,False,,,,34,sub-HUP138,03,False
LG04-LG05,1.0,True,3.0,3.5,67.72734468891485,1,sub-HUP139,01,True
LE04-LE05,0.5402282816700376,True,-9.5,-8.5,2.7102390402493937,2,sub-HUP139,01,False
LE05-LE06,0.5356937980583876,True,-9.5,-8.5,2.687490259912175,3,sub-HUP139,01,False
LB05-LB06,0.5335022850588895,True,6.75,8.5,46.16955236153687,4,sub-HUP139,01,False
LF07-LF08,0.4093928733568612,True,-7.0,-6.25,7.1885053973769555,5,sub-HUP139,01,False
LF06-LF07,0.32929236893105407,True,-7.0,-6.25,5.78202534882073,6,sub-HUP139,01,True
LG05-LG06,0.32827473050562667,True,-8.25,-7.0,3.7055293042692012,7,sub-HUP139,01,True
LF05-LF06,0.32690917940908115,True,-0.75,1.0,15.990498821417717,8,sub-HUP139,01,True
LI07-LI08,0.25492149125294833,True,-8.25,-1.5,2.8775259511167706,9,sub-HUP139,01,False
LG02-LG03,0.25239701511884377,True,1.25,2.75,14.878267465669216,10,sub-HUP139,01,True
LG07-LG08,0.23750437087859405,True,-8.0,-3.75,2.9788037762256314,11,sub-HUP139,01,False
LH06-LH07,0.20423778952771068,True,-5.25,-4.25,5.379299010495397,12,sub-HUP139,01,False
LE01-LE02,0.2005900302236126,True,-5.5,-4.5,5.031640784486837,13,sub-HUP139,01,False
LH07-LH08,0.2003765137435926,True,-6.75,-4.75,3.7697136705209386,14,sub-HUP139,01,False
RI06-RI07,0.16816633890392318,True,-6.75,-6.25,3.1637387777830215,15,sub-HUP139,01,False
LG03-LG04,0.1604574980486723,True,-0.75,3.25,7.848649089856835,16,sub-HUP139,01,True
LI02-LI03,0.1581450844256033,True,-5.5,-5.0,3.9669432013890273,17,sub-HUP139,01,False
LC01-LC02,0.14026058052005747,True,-5.75,-4.75,3.3424084625895434,18,sub-HUP139,01,False
LH05-LH06,0.13602868937283713,True,-6.75,-2.0,2.559128314648741,19,sub-HUP139,01,False
LI04-LI05,0.12952201548979397,True,-5.5,-3.75,3.248956365881572,20,sub-HUP139,01,False
LF03-LF04,0.1287344607983646,True,-6.75,-6.25,2.4219008888423432,21,sub-HUP139,01,True
LA04-LA05,0.12775761865961913,True,-5.5,-4.0,3.204697879849987,22,sub-HUP139,01,False
RI01-RI02,0.12765778010278653,True,-5.75,-0.5,3.0420838338818386,23,sub-HUP139,01,False
LA05-LA06,0.12533803179291833,True,-6.5,-0.5,2.5152035798130807,24,sub-HUP139,01,False
LF02-LF03,0.12376973325126416,True,0.5,1.25,6.8302629070813,25,sub-HUP139,01,True
LI03-LI04,0.12255887145482566,True,-5.5,-2.75,3.0742914561871797,26,sub-HUP139,01,False
LF04-LF05,0.12096648156625078,True,-7.0,-6.25,2.1240433388851523,27,sub-HUP139,01,True
LH01-LH02,0.11931578918673574,True,-5.5,-1.5,2.9929413263259077,28,sub-HUP139,01,False
LA02-LA03,0.11902971746145688,True,-4.25,-3.0,3.7322068068223317,29,sub-HUP139,01,False
LA03-LA04,0.10051945203147206,True,-5.0,-2.0,2.773595234534809,30,sub-HUP139,01,False
RI03-RI04,0.09830203486202177,True,-4.25,-1.25,3.082285092000867,31,sub-HUP139,01,False
RI02-RI03,0.09827394353956075,True,-4.25,-1.0,3.0814042815012903,32,sub-HUP139,01,False
LB01-LB02,0.09012876093842975,True,-4.75,-2.5,2.5999292249004116,33,sub-HUP139,01,False
LF01-LF02,0.0804639545970879,True,0.25,1.25,4.339504249727726,34,sub-HUP139,01,False
LE03-LE04,0.058526037487538526,True,5.75,6.75,4.771256526345682,35,sub-HUP139,01,False
LG01-LG02,0.0370474228772433,True,2.0,9.25,2.323262573188006,36,sub-HUP139,01,False
LD01-LD02,0.036265162679779084,True,9.5,11.0,3.63873062668588,37,sub-HUP139,01,False
LC02-LC03,0.033105413187250056,True,9.25,11.0,3.2801703087063836,38,sub-HUP139,01,False
LD02-LD03,0.025728909958499246,True,10.75,15.0,2.742903963416542,39,sub-HUP139,01,False
LI01-LI02,0.01926105736388794,True,10.5,11.0,2.029222644022,40,sub-HUP139,01,False
LA01-LA02,0.0,False,,,,41,sub-HUP139,01,False
LB02-LB03,0.0,False,,,,41,sub-HUP139,01,False
LB03-LB04,0.0,False,,,,41,sub-HUP139,01,False
LB04-LB05,0.0,False,,,,41,sub-HUP139,01,False
LC03-LC04,0.0,False,,,,41,sub-HUP139,01,False
LD03-LD04,0.0,False,,,,41,sub-HUP139,01,False
LE02-LE03,0.0,False,,,,41,sub-HUP139,01,False
LG06-LG07,0.0,False,,,,41,sub-HUP139,01,True
LG08-LG09,0.0,False,,,,41,sub-HUP139,01,False
LG09-LG10,0.0,False,,,,41,sub-HUP139,01,False
LH04-LH05,0.0,False,,,,41,sub-HUP139,01,False
LI05-LI06,0.0,False,,,,41,sub-HUP139,01,False
LI06-LI07,0.0,False,,,,41,sub-HUP139,01,False
LI08-LI09,0.0,False,,,,41,sub-HUP139,01,False
LI09-LI10,0.0,False,,,,41,sub-HUP139,01,False
RI04-RI05,0.0,False,,,,41,sub-HUP139,01,False
RI05-RI06,0.0,False,,,,41,sub-HUP139,01,False
RI07-RI08,0.0,False,,,,41,sub-HUP139,01,False
RI08-RI09,0.0,False,,,,41,sub-HUP139,01,False
RI09-RI10,0.0,False,,,,41,sub-HUP139,01,False
RI10-RI11,0.0,False,,,,41,sub-HUP139,01,False
RI11-RI12,0.0,False,,,,41,sub-HUP139,01,False
LG04-LG05,1.0,True,0.0,1.5,40.44813743438077,1,sub-HUP139,02,True
LE05-LE06,0.7552947073641845,True,-9.75,-8.0,2.841885035062971,2,sub-HUP139,02,False
LG07-LG08,0.5769353015406401,True,0.0,1.75,23.33595836746172,3,sub-HUP139,02,False
LG03-LG04,0.5061437065215845,True,-0.5,1.75,19.520357635353704,4,sub-HUP139,02,True
LF03-LF04,0.4451903811747394,True,3.25,3.75,23.451135266147265,5,sub-HUP139,02,True
LE03-LE04,0.44361026388768027,True,-9.25,-8.0,2.503703570376392,6,sub-HUP139,02,False
LG02-LG03,0.2897956567131231,True,-0.25,1.75,11.449097002930218,7,sub-HUP139,02,True
LG09-LG10,0.2769798890411539,True,1.5,2.25,12.766574658286288,8,sub-HUP139,02,False
LG08-LG09,0.25692962048064044,True,1.5,2.25,11.842416404838314,9,sub-HUP139,02,False
LG05-LG06,0.23984466287575668,True,-3.25,-2.0,6.768327828070694,10,sub-HUP139,02,True
LF05-LF06,0.2209098979361394,True,2.5,3.5,11.013392496600181,11,sub-HUP139,02,True
LG06-LG07,0.20995855622759704,True,-0.25,1.75,8.294934106705961,12,sub-HUP139,02,True
LF04-LF05,0.20302432419891953,True,2.75,3.5,10.312688638532311,13,sub-HUP139,02,True
LI09-LI10,0.1378895886621443,True,1.25,1.75,6.2259092461134635,14,sub-HUP139,02,False
LF06-LF07,0.11803498040751727,True,-0.25,3.5,4.663264990760078,15,sub-HUP139,02,True
RI11-RI12,0.1026919469688434,True,-2.5,2.25,3.187721708958078,16,sub-HUP139,02,False
RI07-RI08,0.10217917153053838,True,1.0,1.75,4.517418305370326,17,sub-HUP139,02,False
RI06-RI07,0.09932139551662975,True,1.25,2.5,4.484500974174284,18,sub-HUP139,02,False
LB05-LB06,0.0973378420781312,True,2.75,6.0,4.944308333788007,19,sub-HUP139,02,False
RI02-RI03,0.09565112690876697,True,-3.0,-1.0,2.789214133389193,20,sub-HUP139,02,False
LA03-LA04,0.09077947949521964,True,0.5,3.0,3.8426450890229944,21,sub-HUP139,02,False
LE04-LE05,0.09059958300850911,True,2.5,6.25,4.516813311775943,22,sub-HUP139,02,False
RI05-RI06,0.08622839970049284,True,-0.75,1.5,3.2444448017044207,23,sub-HUP139,02,False
LH01-LH02,0.0842151700601179,True,-2.5,2.0,2.614173104592933,24,sub-HUP139,02,False
LE02-LE03,0.08127179138599543,True,5.75,6.5,5.0456118785176365,25,sub-HUP139,02,False
LI08-LI09,0.07383884010897579,True,1.25,2.25,3.333927686760692,26,sub-HUP139,02,False
LE01-LE02,0.06841649087127648,True,1.75,3.25,3.217813518069126,27,sub-HUP139,02,False
LG01-LG02,0.06543945589159812,True,0.5,2.5,2.770015924396527,28,sub-HUP139,02,False
RI09-RI10,0.06482703823898196,True,0.25,2.5,2.683112788250809,29,sub-HUP139,02,False
LB01-LB02,0.0625927730637685,True,-0.25,7.0,2.4728829224617956,30,sub-HUP139,02,False
LA02-LA03,0.0625216525636363,True,2.25,5.25,3.0581857806271033,31,sub-HUP139,02,False
LF01-LF02,0.05851538173568288,True,0.75,1.5,2.53196644915412,32,sub-HUP139,02,False
LF07-LF08,0.057315090872974,True,3.25,4.0,3.019166643508563,33,sub-HUP139,02,False
LF02-LF03,0.05273230950277229,True,3.25,8.0,2.7777611002796383,34,sub-HUP139,02,True
RI08-RI09,0.052140569380980085,True,1.5,2.5,2.403266439423457,35,sub-HUP139,02,False
LB02-LB03,0.04690243696066203,True,3.75,4.5,2.5589009427709257,36,sub-HUP139,02,False
LI04-LI05,0.0413844021881577,True,1.75,4.0,1.9464209155189427,37,sub-HUP139,02,False
LC02-LC03,0.034237269190494836,True,13.25,17.5,3.0917219042121507,38,sub-HUP139,02,False
LC03-LC04,0.03329005726652036,True,13.25,16.0,3.006185997800086,39,sub-HUP139,02,False
LA01-LA02,0.031995303713244196,True,14.0,15.75,2.9795556684408697,40,sub-HUP139,02,False
LI01-LI02,0.027625250585530035,True,13.5,15.75,2.520623800866151,41,sub-HUP139,02,False
LD01-LD02,0.026510501200938275,True,18.5,21.0,2.9176545659417332,42,sub-HUP139,02,False
LC01-LC02,0.026164169309948533,True,17.0,20.0,2.731869829945996,43,sub-HUP139,02,False
RI01-RI02,0.02509347075451119,True,14.0,16.25,2.3368239819680054,44,sub-HUP139,02,False
LB03-LB04,0.021215132465423697,True,22.0,24.0,2.614249994608295,45,sub-HUP139,02,False
LA05-LA06,0.021190185370455836,True,22.5,24.0,2.6510411513143937,46,sub-HUP139,02,False
LA04-LA05,0.0,False,,,,47,sub-HUP139,02,False
LB04-LB05,0.0,False,,,,47,sub-HUP139,02,False
LD02-LD03,0.0,False,,,,47,sub-HUP139,02,False
LD03-LD04,0.0,False,,,,47,sub-HUP139,02,False
LH04-LH05,0.0,False,,,,47,sub-HUP139,02,False
LH05-LH06,0.0,False,,,,47,sub-HUP139,02,False
LH06-LH07,0.0,False,,,,47,sub-HUP139,02,False
LH07-LH08,0.0,False,,,,47,sub-HUP139,02,False
LI02-LI03,0.0,False,,,,47,sub-HUP139,02,False
LI03-LI04,0.0,False,,,,47,sub-HUP139,02,False
LI05-LI06,0.0,False,,,,47,sub-HUP139,02,False
LI06-LI07,0.0,False,,,,47,sub-HUP139,02,False
LI07-LI08,0.0,False,,,,47,sub-HUP139,02,False
RI03-RI04,0.0,False,,,,47,sub-HUP139,02,False
RI04-RI05,0.0,False,,,,47,sub-HUP139,02,False
RI10-RI11,0.0,False,,,,47,sub-HUP139,02,False
LG03-LG04,1.0,True,-1.25,-0.5,33.55635460800332,1,sub-HUP139,03,True
LF05-LF06,0.9034664572715205,True,-1.75,-0.25,28.071334089481134,2,sub-HUP139,03,True
LG04-LG05,0.5222608926304607,True,-1.5,-0.5,16.87609127725934,3,sub-HUP139,03,True
LG02-LG03,0.49274935899660005,True,-1.5,1.0,15.922469548417121,4,sub-HUP139,03,True
LH01-LH02,0.46347834883269495,True,-7.0,-1.75,2.304095381712855,5,sub-HUP139,03,False
LF04-LF05,0.3530946213177563,True,-3.5,-2.75,7.899045548744851,6,sub-HUP139,03,True
LF06-LF07,0.29935141141349636,True,-3.5,0.25,6.696761409198383,7,sub-HUP139,03,True
LG05-LG06,0.19433031456815617,True,-1.75,2.0,6.037978654383224,8,sub-HUP139,03,True
LI09-LI10,0.19059780701259585,True,-4.75,-0.25,3.0794436590774747,9,sub-HUP139,03,False
LF03-LF04,0.16009949194144468,True,-5.0,-0.25,2.387713477399239,10,sub-HUP139,03,True
LB01-LB02,0.15505343346942424,True,-4.5,-0.5,2.69786636865327,11,sub-HUP139,03,False
LF07-LF08,0.14454800910133675,True,-3.5,1.0,3.233669500856898,12,sub-HUP139,03,False
LG06-LG07,0.14183502171364076,True,-4.75,7.75,2.291594877701413,13,sub-HUP139,03,True
LF02-LF03,0.13452862407173719,True,-0.25,0.75,5.183073949726574,14,sub-HUP139,03,True
LF01-LF02,0.09500058049593021,True,0.5,1.5,4.0143588029991975,15,sub-HUP139,03,False
LG07-LG08,0.08947031795370197,True,-2.0,2.75,2.6687090810179814,16,sub-HUP139,03,False
LE03-LE04,0.08447338724573289,True,0.75,3.5,3.6745060299072185,17,sub-HUP139,03,False
LB05-LB06,0.07585609229074748,True,2.5,3.75,3.9595950054667215,18,sub-HUP139,03,False
LG09-LG10,0.0757869969711525,True,-1.75,3.25,2.3547549491108026,19,sub-HUP139,03,False
LG01-LG02,0.07323052991425338,True,1.75,2.25,3.549505021016762,20,sub-HUP139,03,False
LE01-LE02,0.06363215954130075,True,1.75,2.5,3.0842692256146758,21,sub-HUP139,03,False
LA02-LA03,0.058766072152507454,True,0.75,1.25,2.556264091200619,22,sub-HUP139,03,False
LE04-LE05,0.05847045701003846,True,0.5,2.75,2.4707364164336805,23,sub-HUP139,03,False
LG08-LG09,0.05789029240407528,True,1.75,4.5,2.8059592603931067,24,sub-HUP139,03,False
RI07-RI08,0.052558564021407995,True,0.5,1.25,2.220922578061244,25,sub-HUP139,03,False
LE02-LE03,0.0473254174847637,True,1.75,2.75,2.2938767093529897,26,sub-HUP139,03,False
LE05-LE06,0.045609838280496674,True,1.5,4.0,2.1540369060834506,27,sub-HUP139,03,False
LD01-LD02,0.030123157978272235,True,3.75,13.75,1.7595814236479608,28,sub-HUP139,03,False
LC02-LC03,0.02978373728580935,True,18.25,21.25,3.886686416333112,29,sub-HUP139,03,False
LD02-LD03,0.029678471077533,True,10.25,14.25,2.692622032525109,30,sub-HUP139,03,False
LC01-LC02,0.024255227036877658,True,14.5,19.0,2.713056665156987,31,sub-HUP139,03,False
LB04-LB05,0.023104441777625287,True,19.75,21.75,3.1873479031631713,32,sub-HUP139,03,False
LI08-LI09,0.009770671868678705,True,21.25,29.0,1.4207618965965751,33,sub-HUP139,03,False
LA01-LA02,0.0,False,,,,34,sub-HUP139,03,False
LA03-LA04,0.0,False,,,,34,sub-HUP139,03,False
LA04-LA05,0.0,False,,,,34,sub-HUP139,03,False
LA05-LA06,0.0,False,,,,34,sub-HUP139,03,False
LB02-LB03,0.0,False,,,,34,sub-HUP139,03,False
LB03-LB04,0.0,False,,,,34,sub-HUP139,03,False
LC03-LC04,0.0,False,,,,34,sub-HUP139,03,False
LD03-LD04,0.0,False,,,,34,sub-HUP139,03,False
LH04-LH05,0.0,False,,,,34,sub-HUP139,03,False
LH05-LH06,0.0,False,,,,34,sub-HUP139,03,False
LH06-LH07,0.0,False,,,,34,sub-HUP139,03,False
LH07-LH08,0.0,False,,,,34,sub-HUP139,03,False
LI01-LI02,0.0,False,,,,34,sub-HUP139,03,False
LI02-LI03,0.0,False,,,,34,sub-HUP139,03,False
LI03-LI04,0.0,False,,,,34,sub-HUP139,03,False
LI04-LI05,0.0,False,,,,34,sub-HUP139,03,False
LI05-LI06,0.0,False,,,,34,sub-HUP139,03,False
LI06-LI07,0.0,False,,,,34,sub-HUP139,03,False
LI07-LI08,0.0,False,,,,34,sub-HUP139,03,False
RI01-RI02,0.0,False,,,,34,sub-HUP139,03,False
RI02-RI03,0.0,False,,,,34,sub-HUP139,03,False
RI03-RI04,0.0,False,,,,34,sub-HUP139,03,False
RI04-RI05,0.0,False,,,,34,sub-HUP139,03,False
RI05-RI06,0.0,False,,,,34,sub-HUP139,03,False
RI06-RI07,0.0,False,,,,34,sub-HUP139,03,False
RI08-RI09,0.0,False,,,,34,sub-HUP139,03,False
RI09-RI10,0.0,False,,,,34,sub-HUP139,03,False
RI10-RI11,0.0,False,,,,34,sub-HUP139,03,False
RI11-RI12,0.0,False,,,,34,sub-HUP139,03,False
LG07-LG08,1.0,True,0.5,1.0,23.004101792430845,1,sub-HUP140,01,False
LA02-LA03,0.849547485136112,True,-7.75,-1.0,2.1127650622242973,2,sub-HUP140,01,True
LC05-LC06,0.32629387672075616,True,-5.5,-1.75,2.637277519089325,3,sub-HUP140,01,False
LF02-LF03,0.31720865043999963,True,-3.25,-2.25,4.3388162662581085,4,sub-HUP140,01,False
LA01-LA02,0.19583184432264825,True,-3.75,5.0,2.4351003681068493,5,sub-HUP140,01,True
LC01-LC02,0.1741770659491963,True,-2.25,2.25,2.8155800224340153,6,sub-HUP140,01,False
LF03-LF04,0.170039660059025,True,2.25,5.5,4.65164390661942,7,sub-HUP140,01,False
LA08-LA09,0.16364314910642616,True,4.5,7.0,5.3923398368362925,8,sub-HUP140,01,False
LC02-LC03,0.15738813208523447,True,0.0,0.5,3.42486598376554,9,sub-HUP140,01,False
LA04-LA05,0.15196206321034852,True,3.75,5.75,4.7239875279441454,10,sub-HUP140,01,False
LA05-LA06,0.14868289104897997,True,4.75,5.75,4.991813066651799,11,sub-HUP140,01,False
LB03-LB04,0.14361594195830693,True,4.75,5.75,4.8216975779063675,12,sub-HUP140,01,False
LA03-LA04,0.137487821664874,True,-0.75,0.75,2.7353806225282944,13,sub-HUP140,01,False
LB04-LB05,0.13719621749651728,True,4.75,7.0,4.606164612233075,14,sub-HUP140,01,False
LF07-LF08,0.13476587504268475,True,-1.25,7.25,2.5136496548334617,15,sub-HUP140,01,False
LB02-LB03,0.12675511429495345,True,0.25,5.75,2.8370797802779286,16,sub-HUP140,01,True
LF04-LF05,0.12268815470654008,True,2.0,4.0,3.2800060643939006,17,sub-HUP140,01,False
LF06-LF07,0.11280032698778913,True,-1.25,4.0,2.1039488142539886,18,sub-HUP140,01,False
LB01-LB02,0.11218496412186695,True,0.25,5.75,2.510965298179099,19,sub-HUP140,01,True
LE01-LE02,0.10140450139402372,True,1.75,4.25,2.6479518333975767,20,sub-HUP140,01,False
LF05-LF06,0.09709970686380523,True,2.25,5.25,2.6562818321958797,21,sub-HUP140,01,False
LD04-LD05,0.08809499323202843,True,10.25,11.0,4.162635420816074,22,sub-HUP140,01,False
LA10-LA11,0.08702612118360836,True,3.25,6.0,2.597134378778139,23,sub-HUP140,01,False
LC07-LC08,0.07380173275715,True,10.25,11.75,3.4872550144066894,24,sub-HUP140,01,False
LA06-LA07,0.06657899397040025,True,5.0,7.0,2.2766877702513506,25,sub-HUP140,01,False
LB06-LB07,0.06600808896232191,True,5.75,8.25,2.3802836286907807,26,sub-HUP140,01,False
LD01-LD02,0.06297008485094606,True,9.25,12.25,2.818839389427576,27,sub-HUP140,01,False
LB05-LB06,0.06016229105176349,True,5.75,11.0,2.169481327307997,28,sub-HUP140,01,False
LB11-LB12,0.05632652477432429,True,5.25,14.0,1.961121679277197,29,sub-HUP140,01,False
LB10-LB11,0.05397593695497036,True,4.75,22.0,1.8121640322949806,30,sub-HUP140,01,False
LA07-LA08,0.05377287066322519,True,5.0,12.75,1.8387787154714268,31,sub-HUP140,01,False
LC04-LC05,0.05236009588892195,True,10.5,13.25,2.506655868328255,32,sub-HUP140,01,False
LC03-LC04,0.05114409005441537,True,5.0,12.5,1.7488868095436803,33,sub-HUP140,01,False
LA09-LA10,0.0,False,,,,34,sub-HUP140,01,False
LA11-LA12,0.0,False,,,,34,sub-HUP140,01,False
LB07-LB08,0.0,False,,,,34,sub-HUP140,01,False
LC06-LC07,0.0,False,,,,34,sub-HUP140,01,False
LD02-LD03,0.0,False,,,,34,sub-HUP140,01,False
LD03-LD04,0.0,False,,,,34,sub-HUP140,01,False
LD05-LD06,0.0,False,,,,34,sub-HUP140,01,False
LE02-LE03,0.0,False,,,,34,sub-HUP140,01,False
LE03-LE04,0.0,False,,,,34,sub-HUP140,01,False
LE04-LE05,0.0,False,,,,34,sub-HUP140,01,False
LE05-LE06,0.0,False,,,,34,sub-HUP140,01,False
LE06-LE07,0.0,False,,,,34,sub-HUP140,01,False
LE07-LE08,0.0,False,,,,34,sub-HUP140,01,False
LF01-LF02,0.0,False,,,,34,sub-HUP140,01,False
LG01-LG02,0.0,False,,,,34,sub-HUP140,01,False
LG02-LG03,0.0,False,,,,34,sub-HUP140,01,False
LG03-LG04,0.0,False,,,,34,sub-HUP140,01,False
LG04-LG05,0.0,False,,,,34,sub-HUP140,01,False
LG05-LG06,0.0,False,,,,34,sub-HUP140,01,False
LG06-LG07,0.0,False,,,,34,sub-HUP140,01,False
LH01-LH02,0.0,False,,,,34,sub-HUP140,01,False
LH04-LH05,0.0,False,,,,34,sub-HUP140,01,False
LH05-LH06,0.0,False,,,,34,sub-HUP140,01,False
LH06-LH07,0.0,False,,,,34,sub-HUP140,01,False
LH07-LH08,0.0,False,,,,34,sub-HUP140,01,False
RA01-RA02,0.0,False,,,,34,sub-HUP140,01,False
RA02-RA03,0.0,False,,,,34,sub-HUP140,01,False
RA03-RA04,0.0,False,,,,34,sub-HUP140,01,False
RA04-RA05,0.0,False,,,,34,sub-HUP140,01,False
RA05-RA06,0.0,False,,,,34,sub-HUP140,01,False
RA06-RA07,0.0,False,,,,34,sub-HUP140,01,False
RA07-RA08,0.0,False,,,,34,sub-HUP140,01,False
RB02-RB03,0.0,False,,,,34,sub-HUP140,01,False
RB03-RB04,0.0,False,,,,34,sub-HUP140,01,False
RB04-RB05,0.0,False,,,,34,sub-HUP140,01,False
RB05-RB06,0.0,False,,,,34,sub-HUP140,01,False
RB06-RB07,0.0,False,,,,34,sub-HUP140,01,False
RB07-RB08,0.0,False,,,,34,sub-HUP140,01,False
RB08-RB09,0.0,False,,,,34,sub-HUP140,01,False
RB11-RB12,0.0,False,,,,34,sub-HUP140,01,False
LB02-LB03,1.0,True,-0.25,1.25,16.679020047625105,1,sub-HUP140,02,True
LA04-LA05,0.9410053093879611,True,-5.25,-3.0,2.615841070033911,2,sub-HUP140,02,False
LB01-LB02,0.884443679108832,True,-1.0,0.25,12.907697122995074,3,sub-HUP140,02,True
LA01-LA02,0.4494651599432315,True,-1.25,0.75,6.247198677835152,4,sub-HUP140,02,True
LA02-LA03,0.4153919470088352,True,-1.75,1.0,5.196247958836791,5,sub-HUP140,02,True
LC05-LC06,0.26521473577720417,True,-4.0,2.25,1.6588207106075934,6,sub-HUP140,02,False
LA03-LA04,0.18917881674510023,True,0.75,2.0,3.6812034899237758,7,sub-HUP140,02,False
RB11-RB12,0.18184519254061465,True,1.25,3.0,3.7912495149364482,8,sub-HUP140,02,False
RB08-RB09,0.17457073537981496,True,1.25,3.0,3.639585993910738,9,sub-HUP140,02,False
RB06-RB07,0.1718296171321588,True,-0.75,1.75,2.6271204931794374,10,sub-HUP140,02,False
LA08-LA09,0.1704383184898704,True,1.25,3.75,3.5534301637200763,11,sub-HUP140,02,False
LE03-LE04,0.16617066130499072,True,1.0,2.5,3.348972914406615,12,sub-HUP140,02,False
LC04-LC05,0.15151370440032053,True,1.0,1.75,3.0535793034293253,13,sub-HUP140,02,False
LB03-LB04,0.14426863995655367,True,1.0,4.0,2.907563608512085,14,sub-HUP140,02,False
LB11-LB12,0.13989781334443996,True,1.0,1.75,2.819474773680585,15,sub-HUP140,02,False
LB05-LB06,0.13812652907280434,True,1.0,4.0,2.7837766365796286,16,sub-HUP140,02,False
LA10-LA11,0.13342020289596304,True,0.75,4.0,2.596204612003306,17,sub-HUP140,02,False
LE06-LE07,0.1331374917797934,True,1.0,3.75,2.68322849750355,18,sub-HUP140,02,False
LG01-LG02,0.12935969028798566,True,1.25,4.25,2.696991084584859,19,sub-HUP140,02,False
LB07-LB08,0.12873719330124858,True,1.0,1.75,2.594545692102037,20,sub-HUP140,02,False
RB07-RB08,0.1253289544117165,True,1.25,3.25,2.61295517897614,21,sub-HUP140,02,False
LD02-LD03,0.12503116581496124,True,0.75,1.75,2.432963541406623,22,sub-HUP140,02,False
LB10-LB11,0.12027801989569877,True,1.0,2.0,2.4240610686975548,23,sub-HUP140,02,False
LE05-LE06,0.11659581946718324,True,1.25,4.25,2.4308800129530335,24,sub-HUP140,02,False
LB04-LB05,0.1143498617379495,True,1.0,1.75,2.304586060614256,25,sub-HUP140,02,False
RB03-RB04,0.11098025657125392,True,1.25,6.75,2.3138024053031523,26,sub-HUP140,02,False
LB06-LB07,0.10633122121838867,True,1.25,4.5,2.2168757129874557,27,sub-HUP140,02,False
LC07-LC08,0.10507375129675259,True,0.75,2.0,2.044615071750662,28,sub-HUP140,02,False
LH07-LH08,0.07380547898077819,True,3.75,5.5,2.0516717725749545,29,sub-HUP140,02,False
LG02-LG03,0.07163351285381978,True,3.5,4.5,1.9415122950773398,30,sub-HUP140,02,False
LC01-LC02,0.0660584373530695,True,10.75,15.0,3.1217383359587942,31,sub-HUP140,02,False
LH05-LH06,0.038799874973924356,True,15.0,17.75,2.2919679527296544,32,sub-HUP140,02,False
LA05-LA06,0.0,False,,,,33,sub-HUP140,02,False
LA06-LA07,0.0,False,,,,33,sub-HUP140,02,False
LA07-LA08,0.0,False,,,,33,sub-HUP140,02,False
LA09-LA10,0.0,False,,,,33,sub-HUP140,02,False
LA11-LA12,0.0,False,,,,33,sub-HUP140,02,False
LC02-LC03,0.0,False,,,,33,sub-HUP140,02,False
LC03-LC04,0.0,False,,,,33,sub-HUP140,02,False
LC06-LC07,0.0,False,,,,33,sub-HUP140,02,False
LD01-LD02,0.0,False,,,,33,sub-HUP140,02,False
LD03-LD04,0.0,False,,,,33,sub-HUP140,02,False
LD04-LD05,0.0,False,,,,33,sub-HUP140,02,False
LD05-LD06,0.0,False,,,,33,sub-HUP140,02,False
LE01-LE02,0.0,False,,,,33,sub-HUP140,02,False
LE02-LE03,0.0,False,,,,33,sub-HUP140,02,False
LE04-LE05,0.0,False,,,,33,sub-HUP140,02,False
LE07-LE08,0.0,False,,,,33,sub-HUP140,02,False
LF01-LF02,0.0,False,,,,33,sub-HUP140,02,False
LF02-LF03,0.0,False,,,,33,sub-HUP140,02,False
LF03-LF04,0.0,False,,,,33,sub-HUP140,02,False
LF04-LF05,0.0,False,,,,33,sub-HUP140,02,False
LF05-LF06,0.0,False,,,,33,sub-HUP140,02,False
LF06-LF07,0.0,False,,,,33,sub-HUP140,02,False
LF07-LF08,0.0,False,,,,33,sub-HUP140,02,False
LG03-LG04,0.0,False,,,,33,sub-HUP140,02,False
LG04-LG05,0.0,False,,,,33,sub-HUP140,02,False
LG05-LG06,0.0,False,,,,33,sub-HUP140,02,False
LG06-LG07,0.0,False,,,,33,sub-HUP140,02,False
LG07-LG08,0.0,False,,,,33,sub-HUP140,02,False
LH01-LH02,0.0,False,,,,33,sub-HUP140,02,False
LH04-LH05,0.0,False,,,,33,sub-HUP140,02,False
LH06-LH07,0.0,False,,,,33,sub-HUP140,02,False
RA01-RA02,0.0,False,,,,33,sub-HUP140,02,False
RA02-RA03,0.0,False,,,,33,sub-HUP140,02,False
RA03-RA04,0.0,False,,,,33,sub-HUP140,02,False
RA04-RA05,0.0,False,,,,33,sub-HUP140,02,False
RA05-RA06,0.0,False,,,,33,sub-HUP140,02,False
RA06-RA07,0.0,False,,,,33,sub-HUP140,02,False
RA07-RA08,0.0,False,,,,33,sub-HUP140,02,False
RB02-RB03,0.0,False,,,,33,sub-HUP140,02,False
RB04-RB05,0.0,False,,,,33,sub-HUP140,02,False
RB05-RB06,0.0,False,,,,33,sub-HUP140,02,False
LA05-LA06,1.0,True,-6.0,-4.5,19.423856536701216,1,sub-HUP140,03,False
LG07-LG08,0.9488702087448183,True,-8.25,-7.75,5.670990402033565,2,sub-HUP140,03,False
LC05-LC06,0.6670273726442968,True,-6.25,-2.75,11.959609839042056,3,sub-HUP140,03,False
LA06-LA07,0.468779325279315,True,-6.0,-3.0,9.105502361597008,4,sub-HUP140,03,False
LB03-LB04,0.4594744862027539,True,-5.0,-3.25,11.670848502977346,5,sub-HUP140,03,False
LB04-LB05,0.41700409016760986,True,-4.75,-3.5,11.215145939030684,6,sub-HUP140,03,False
LD01-LD02,0.30790767593472657,True,-3.25,-1.5,11.041392967209635,7,sub-HUP140,03,False
LB11-LB12,0.25975887122753133,True,-3.75,-1.5,8.5385706980691,8,sub-HUP140,03,False
LB06-LB07,0.2460059703226664,True,-3.5,-2.5,8.454065193734412,9,sub-HUP140,03,False
LC07-LC08,0.2223115747528871,True,-3.0,-1.0,8.304131027785013,10,sub-HUP140,03,False
LC03-LC04,0.19534594632679278,True,-3.25,-1.5,7.004993790420478,11,sub-HUP140,03,False
LA04-LA05,0.17550286533741793,True,-3.25,0.5,6.293432267250459,12,sub-HUP140,03,False
LB10-LB11,0.15018071792191268,True,-2.25,-1.0,6.282960318910208,13,sub-HUP140,03,False
LD02-LD03,0.12694995621796043,True,-3.0,-0.25,4.742034109458007,14,sub-HUP140,03,False
LA07-LA08,0.1226642735250523,True,-3.5,-2.0,4.215392675074903,15,sub-HUP140,03,False
LA03-LA04,0.12230124852708492,True,-3.25,-0.25,4.385652748891455,16,sub-HUP140,03,False
LC06-LC07,0.12207456176447197,True,-3.25,-1.75,4.377523891373123,17,sub-HUP140,03,False
LB07-LB08,0.12196164529024017,True,-3.75,-1.75,4.009018540319127,18,sub-HUP140,03,False
LB05-LB06,0.12029841653932313,True,-4.25,-0.75,3.594860283772519,19,sub-HUP140,03,False
LA08-LA09,0.11831363960143498,True,-3.0,-1.5,4.4194368499100865,20,sub-HUP140,03,False
LE06-LE07,0.117859734563094,True,-3.5,-1.0,4.050283326074319,21,sub-HUP140,03,False
RB06-RB07,0.11588726529228799,True,-4.75,-1.75,3.116738236801896,22,sub-HUP140,03,False
LB02-LB03,0.11125792643955609,True,-4.5,-1.0,3.158469387147931,23,sub-HUP140,03,True
LH06-LH07,0.11037831864475753,True,-5.25,0.25,2.638735539837616,24,sub-HUP140,03,False
LD04-LD05,0.10542493438349873,True,-3.0,-0.25,3.9379976939542667,25,sub-HUP140,03,False
LE03-LE04,0.10270752177692015,True,-5.25,-0.25,2.4553552839815542,26,sub-HUP140,03,False
LE04-LE05,0.10142924034667687,True,-2.25,0.25,4.243393566720944,27,sub-HUP140,03,False
LC04-LC05,0.10045456807748987,True,-3.0,0.0,3.752336766910479,28,sub-HUP140,03,False
LF02-LF03,0.09157241117360336,True,0.5,2.75,5.336068132067661,29,sub-HUP140,03,False
LF01-LF02,0.08784148073946525,True,0.25,1.75,4.987413242652422,30,sub-HUP140,03,False
LE05-LE06,0.08648635369187226,True,-2.5,-0.5,3.4890200165630616,31,sub-HUP140,03,False
LA11-LA12,0.08362445571731357,True,-2.25,1.0,3.498512620212233,32,sub-HUP140,03,False
LA02-LA03,0.07569538788246949,True,-3.0,1.0,2.8274929898443055,33,sub-HUP140,03,True
LD03-LD04,0.07236676524828396,True,-2.75,1.5,2.8112833324156052,34,sub-HUP140,03,False
LD05-LD06,0.06984834411516776,True,-3.0,0.75,2.609085029652225,35,sub-HUP140,03,False
LC02-LC03,0.06878183394001254,True,-2.75,1.25,2.6720169495640205,36,sub-HUP140,03,False
LA10-LA11,0.06670173598583667,True,-2.25,1.25,2.7905337396199035,37,sub-HUP140,03,False
LH01-LH02,0.06158371966148154,True,-1.25,-0.25,2.944475903264107,38,sub-HUP140,03,False
LA09-LA10,0.04795441636441682,True,-2.25,4.75,2.0062209004140574,39,sub-HUP140,03,False
LF03-LF04,0.044474875456184206,True,1.25,4.25,2.790976247280015,40,sub-HUP140,03,False
LC01-LC02,0.02751905303840592,True,11.5,14.25,3.4127438057108512,41,sub-HUP140,03,False
LE07-LE08,0.025744805426907352,True,10.5,11.25,3.038846859001945,42,sub-HUP140,03,False
LA01-LA02,0.0,False,,,,43,sub-HUP140,03,True
LB01-LB02,0.0,False,,,,43,sub-HUP140,03,True
LE01-LE02,0.0,False,,,,43,sub-HUP140,03,False
LE02-LE03,0.0,False,,,,43,sub-HUP140,03,False
LF04-LF05,0.0,False,,,,43,sub-HUP140,03,False
LF05-LF06,0.0,False,,,,43,sub-HUP140,03,False
LF06-LF07,0.0,False,,,,43,sub-HUP140,03,False
LF07-LF08,0.0,False,,,,43,sub-HUP140,03,False
LG01-LG02,0.0,False,,,,43,sub-HUP140,03,False
LG02-LG03,0.0,False,,,,43,sub-HUP140,03,False
LG03-LG04,0.0,False,,,,43,sub-HUP140,03,False
LG04-LG05,0.0,False,,,,43,sub-HUP140,03,False
LG05-LG06,0.0,False,,,,43,sub-HUP140,03,False
LG06-LG07,0.0,False,,,,43,sub-HUP140,03,False
LH04-LH05,0.0,False,,,,43,sub-HUP140,03,False
LH05-LH06,0.0,False,,,,43,sub-HUP140,03,False
LH07-LH08,0.0,False,,,,43,sub-HUP140,03,False
RA01-RA02,0.0,False,,,,43,sub-HUP140,03,False
RA02-RA03,0.0,False,,,,43,sub-HUP140,03,False
RA03-RA04,0.0,False,,,,43,sub-HUP140,03,False
RA04-RA05,0.0,False,,,,43,sub-HUP140,03,False
RA05-RA06,0.0,False,,,,43,sub-HUP140,03,False
RA06-RA07,0.0,False,,,,43,sub-HUP140,03,False
RA07-RA08,0.0,False,,,,43,sub-HUP140,03,False
RB02-RB03,0.0,False,,,,43,sub-HUP140,03,False
RB03-RB04,0.0,False,,,,43,sub-HUP140,03,False
RB04-RB05,0.0,False,,,,43,sub-HUP140,03,False
RB05-RB06,0.0,False,,,,43,sub-HUP140,03,False
RB07-RB08,0.0,False,,,,43,sub-HUP140,03,False
RB08-RB09,0.0,False,,,,43,sub-HUP140,03,False
RB11-RB12,0.0,False,,,,43,sub-HUP140,03,False
RG04-RG05,1.0,True,-8.0,-4.75,2.4004035865913,1,sub-HUP141,01,False
RE01-RE02,0.4852814435147036,True,-6.0,-3.75,3.4946139525566933,2,sub-HUP141,01,False
RI04-RI05,0.43706717680136503,True,-5.5,-4.0,3.671981665713657,3,sub-HUP141,01,False
RG05-RG06,0.16306308909141914,True,-2.75,2.0,2.44635764934812,4,sub-HUP141,01,False
RA02-RA03,0.13987187034460427,True,0.25,2.5,3.1056776879553976,5,sub-HUP141,01,True
RB02-RB03,0.13181867738677708,True,-0.5,2.75,2.689553220821,6,sub-HUP141,01,True
RC04-RC05,0.09046169308753704,True,4.0,5.25,2.822879442973789,7,sub-HUP141,01,True
RA04-RA05,0.08084785595102202,True,2.25,2.75,2.183259188171813,8,sub-HUP141,01,True
RB01-RB02,0.07389093596586856,True,4.75,5.5,2.4388109309995607,9,sub-HUP141,01,True
RB03-RB04,0.061610214851686176,True,4.75,5.5,2.033478984633911,10,sub-HUP141,01,True
RA01-RA02,0.055877848222563066,True,15.5,16.25,3.2861699884688944,11,sub-HUP141,01,True
RG07-RG08,0.055840857302944046,True,14.0,16.75,3.0829336654113573,12,sub-HUP141,01,False
RB04-RB05,0.054737381488052544,True,5.0,5.5,1.839485295823526,13,sub-HUP141,01,True
RD01-RD02,0.04649362072314875,True,14.25,15.5,2.5947803040459876,14,sub-HUP141,01,False
RI07-RI08,0.04474149195118473,True,14.0,18.5,2.470145668228601,15,sub-HUP141,01,False
RJ06-RJ07,0.03906278133802288,True,14.25,18.0,2.180069739905007,16,sub-HUP141,01,False
RE06-RE07,0.031648323506993835,True,16.0,18.0,1.8992187313947437,17,sub-HUP141,01,False
RF02-RF03,0.030721454848800817,True,11.75,13.75,1.5301857258905565,18,sub-HUP141,01,False
RA03-RA04,0.0,False,,,,19,sub-HUP141,01,True
RA05-RA06,0.0,False,,,,19,sub-HUP141,01,False
RA06-RA07,0.0,False,,,,19,sub-HUP141,01,False
RA07-RA08,0.0,False,,,,19,sub-HUP141,01,False
RB05-RB06,0.0,False,,,,19,sub-HUP141,01,False
RB06-RB07,0.0,False,,,,19,sub-HUP141,01,False
RB07-RB08,0.0,False,,,,19,sub-HUP141,01,False
RB08-RB09,0.0,False,,,,19,sub-HUP141,01,False
RB09-RB10,0.0,False,,,,19,sub-HUP141,01,False
RB10-RB11,0.0,False,,,,19,sub-HUP141,01,False
RB11-RB12,0.0,False,,,,19,sub-HUP141,01,False
RC01-RC02,0.0,False,,,,19,sub-HUP141,01,True
RC02-RC03,0.0,False,,,,19,sub-HUP141,01,True
RC03-RC04,0.0,False,,,,19,sub-HUP141,01,True
RC05-RC06,0.0,False,,,,19,sub-HUP141,01,True
RC06-RC07,0.0,False,,,,19,sub-HUP141,01,False
RC07-RC08,0.0,False,,,,19,sub-HUP141,01,False
RC08-RC09,0.0,False,,,,19,sub-HUP141,01,False
RC09-RC10,0.0,False,,,,19,sub-HUP141,01,False
RC10-RC11,0.0,False,,,,19,sub-HUP141,01,False
RC11-RC12,0.0,False,,,,19,sub-HUP141,01,False
RD02-RD03,0.0,False,,,,19,sub-HUP141,01,False
RD03-RD04,0.0,False,,,,19,sub-HUP141,01,False
RD04-RD05,0.0,False,,,,19,sub-HUP141,01,False
RD05-RD06,0.0,False,,,,19,sub-HUP141,01,False
RD06-RD07,0.0,False,,,,19,sub-HUP141,01,False
RD07-RD08,0.0,False,,,,19,sub-HUP141,01,False
RE02-RE03,0.0,False,,,,19,sub-HUP141,01,False
RE03-RE04,0.0,False,,,,19,sub-HUP141,01,False
RE04-RE05,0.0,False,,,,19,sub-HUP141,01,False
RE05-RE06,0.0,False,,,,19,sub-HUP141,01,False
RE07-RE08,0.0,False,,,,19,sub-HUP141,01,False
RF01-RF02,0.0,False,,,,19,sub-HUP141,01,False
RF03-RF04,0.0,False,,,,19,sub-HUP141,01,False
RF04-RF05,0.0,False,,,,19,sub-HUP141,01,False
RF05-RF06,0.0,False,,,,19,sub-HUP141,01,False
RF06-RF07,0.0,False,,,,19,sub-HUP141,01,False
RF07-RF08,0.0,False,,,,19,sub-HUP141,01,False
RG01-RG02,0.0,False,,,,19,sub-HUP141,01,False
RG02-RG03,0.0,False,,,,19,sub-HUP141,01,False
RG03-RG04,0.0,False,,,,19,sub-HUP141,01,False
RG06-RG07,0.0,False,,,,19,sub-HUP141,01,False
RH01-RH02,0.0,False,,,,19,sub-HUP141,01,False
RH02-RH03,0.0,False,,,,19,sub-HUP141,01,False
RH03-RH04,0.0,False,,,,19,sub-HUP141,01,False
RH04-RH05,0.0,False,,,,19,sub-HUP141,01,False
RH05-RH06,0.0,False,,,,19,sub-HUP141,01,False
RH06-RH07,0.0,False,,,,19,sub-HUP141,01,False
RH07-RH08,0.0,False,,,,19,sub-HUP141,01,False
RI01-RI02,0.0,False,,,,19,sub-HUP141,01,False
RI02-RI03,0.0,False,,,,19,sub-HUP141,01,False
RI03-RI04,0.0,False,,,,19,sub-HUP141,01,False
RI05-RI06,0.0,False,,,,19,sub-HUP141,01,False
RI06-RI07,0.0,False,,,,19,sub-HUP141,01,False
RJ01-RJ02,0.0,False,,,,19,sub-HUP141,01,False
RJ02-RJ03,0.0,False,,,,19,sub-HUP141,01,False
RJ03-RJ04,0.0,False,,,,19,sub-HUP141,01,False
RJ04-RJ05,0.0,False,,,,19,sub-HUP141,01,False
RJ05-RJ06,0.0,False,,,,19,sub-HUP141,01,False
RJ07-RJ08,0.0,False,,,,19,sub-HUP141,01,False
RC04-RC05,1.0,True,-9.25,-8.0,5.795924289759284,1,sub-HUP141,02,True
RB03-RB04,0.8407643999635364,True,-9.25,-8.25,4.87300680771355,2,sub-HUP141,02,True
RB04-RB05,0.5535840340921473,True,-8.75,-8.25,4.812796724426412,3,sub-HUP141,02,True
RB02-RB03,0.3882570487383136,True,-8.5,-8.0,3.9380398040421314,4,sub-HUP141,02,True
RC01-RC02,0.35058756996372714,True,-9.0,-7.75,2.539973765550561,5,sub-HUP141,02,True
RB01-RB02,0.3085377397006145,True,-8.5,-8.0,3.129457414716884,6,sub-HUP141,02,True
RC02-RC03,0.2806197625682514,True,-8.5,-7.75,2.84628907159767,7,sub-HUP141,02,True
RC03-RC04,0.27753568439126497,True,-8.5,-7.75,2.8150076752670237,8,sub-HUP141,02,True
RC05-RC06,0.2043909331309379,True,-8.5,-7.75,2.073110154395295,9,sub-HUP141,02,True
RI01-RI02,0.11959542791805113,True,-6.25,-5.25,2.772664182457553,10,sub-HUP141,02,False
RA05-RA06,0.07225867954245323,True,-3.75,-1.25,2.7222379333892404,11,sub-HUP141,02,False
RD01-RD02,0.03471255680133458,True,3.5,7.25,2.766381077961929,12,sub-HUP141,02,False
RA03-RA04,0.020098761460114453,True,6.25,6.75,1.9220998457224598,13,sub-HUP141,02,True
RA01-RA02,0.01628609297034981,True,14.5,19.0,2.3362258053451774,14,sub-HUP141,02,True
RF01-RF02,0.016131866431143307,True,22.75,27.0,3.0854695240847247,15,sub-HUP141,02,False
RF02-RF03,0.015653788969316452,True,22.0,25.0,2.925983666777376,16,sub-HUP141,02,False
RC10-RC11,0.01312998297619639,True,22.25,22.75,2.473262585815533,17,sub-HUP141,02,False
RG07-RG08,0.011685404530600144,True,23.0,28.5,2.251946688489405,18,sub-HUP141,02,False
RA02-RA03,0.0,False,,,,19,sub-HUP141,02,True
RA04-RA05,0.0,False,,,,19,sub-HUP141,02,True
RA06-RA07,0.0,False,,,,19,sub-HUP141,02,False
RA07-RA08,0.0,False,,,,19,sub-HUP141,02,False
RB05-RB06,0.0,False,,,,19,sub-HUP141,02,False
RB06-RB07,0.0,False,,,,19,sub-HUP141,02,False
RB07-RB08,0.0,False,,,,19,sub-HUP141,02,False
RB08-RB09,0.0,False,,,,19,sub-HUP141,02,False
RB09-RB10,0.0,False,,,,19,sub-HUP141,02,False
RB10-RB11,0.0,False,,,,19,sub-HUP141,02,False
RB11-RB12,0.0,False,,,,19,sub-HUP141,02,False
RC06-RC07,0.0,False,,,,19,sub-HUP141,02,False
RC07-RC08,0.0,False,,,,19,sub-HUP141,02,False
RC08-RC09,0.0,False,,,,19,sub-HUP141,02,False
RC09-RC10,0.0,False,,,,19,sub-HUP141,02,False
RC11-RC12,0.0,False,,,,19,sub-HUP141,02,False
RD02-RD03,0.0,False,,,,19,sub-HUP141,02,False
RD03-RD04,0.0,False,,,,19,sub-HUP141,02,False
RD04-RD05,0.0,False,,,,19,sub-HUP141,02,False
RD05-RD06,0.0,False,,,,19,sub-HUP141,02,False
RD06-RD07,0.0,False,,,,19,sub-HUP141,02,False
RD07-RD08,0.0,False,,,,19,sub-HUP141,02,False
RE01-RE02,0.0,False,,,,19,sub-HUP141,02,False
RE02-RE03,0.0,False,,,,19,sub-HUP141,02,False
RE03-RE04,0.0,False,,,,19,sub-HUP141,02,False
RE04-RE05,0.0,False,,,,19,sub-HUP141,02,False
RE05-RE06,0.0,False,,,,19,sub-HUP141,02,False
RE06-RE07,0.0,False,,,,19,sub-HUP141,02,False
RE07-RE08,0.0,False,,,,19,sub-HUP141,02,False
RF03-RF04,0.0,False,,,,19,sub-HUP141,02,False
RF04-RF05,0.0,False,,,,19,sub-HUP141,02,False
RF05-RF06,0.0,False,,,,19,sub-HUP141,02,False
RF06-RF07,0.0,False,,,,19,sub-HUP141,02,False
RF07-RF08,0.0,False,,,,19,sub-HUP141,02,False
RG01-RG02,0.0,False,,,,19,sub-HUP141,02,False
RG02-RG03,0.0,False,,,,19,sub-HUP141,02,False
RG03-RG04,0.0,False,,,,19,sub-HUP141,02,False
RG04-RG05,0.0,False,,,,19,sub-HUP141,02,False
RG05-RG06,0.0,False,,,,19,sub-HUP141,02,False
RG06-RG07,0.0,False,,,,19,sub-HUP141,02,False
RH01-RH02,0.0,False,,,,19,sub-HUP141,02,False
RH02-RH03,0.0,False,,,,19,sub-HUP141,02,False
RH03-RH04,0.0,False,,,,19,sub-HUP141,02,False
RH04-RH05,0.0,False,,,,19,sub-HUP141,02,False
RH05-RH06,0.0,False,,,,19,sub-HUP141,02,False
RH06-RH07,0.0,False,,,,19,sub-HUP141,02,False
RH07-RH08,0.0,False,,,,19,sub-HUP141,02,False
RI02-RI03,0.0,False,,,,19,sub-HUP141,02,False
RI03-RI04,0.0,False,,,,19,sub-HUP141,02,False
RI04-RI05,0.0,False,,,,19,sub-HUP141,02,False
RI05-RI06,0.0,False,,,,19,sub-HUP141,02,False
RI06-RI07,0.0,False,,,,19,sub-HUP141,02,False
RI07-RI08,0.0,False,,,,19,sub-HUP141,02,False
RJ01-RJ02,0.0,False,,,,19,sub-HUP141,02,False
RJ02-RJ03,0.0,False,,,,19,sub-HUP141,02,False
RJ03-RJ04,0.0,False,,,,19,sub-HUP141,02,False
RJ04-RJ05,0.0,False,,,,19,sub-HUP141,02,False
RJ05-RJ06,0.0,False,,,,19,sub-HUP141,02,False
RJ06-RJ07,0.0,False,,,,19,sub-HUP141,02,False
RJ07-RJ08,0.0,False,,,,19,sub-HUP141,02,False
RG03-RG04,1.0,True,-9.25,-8.5,3.5014143900447414,1,sub-HUP141,03,False
RJ01-RJ02,0.31493945607858165,True,-8.0,-7.0,2.481150472889422,2,sub-HUP141,03,False
RF02-RF03,0.13866166255918733,True,-4.5,-4.0,2.791693658635533,3,sub-HUP141,03,False
RF01-RF02,0.1206642542087985,True,-4.5,-2.5,2.429349447291547,4,sub-HUP141,03,False
RC10-RC11,0.10299659258590792,True,-3.75,-2.25,2.3441193841381778,5,sub-HUP141,03,False
RG07-RG08,0.037809008943880965,True,13.0,15.25,3.077951435754367,6,sub-HUP141,03,False
RA01-RA02,0.02727641386091272,True,14.5,20.75,2.363774193035037,7,sub-HUP141,03,True
RD07-RD08,0.020558691124007752,True,17.75,18.25,2.0155659143784037,8,sub-HUP141,03,False
RA02-RA03,0.0,False,,,,9,sub-HUP141,03,True
RA03-RA04,0.0,False,,,,9,sub-HUP141,03,True
RA04-RA05,0.0,False,,,,9,sub-HUP141,03,True
RA05-RA06,0.0,False,,,,9,sub-HUP141,03,False
RA06-RA07,0.0,False,,,,9,sub-HUP141,03,False
RA07-RA08,0.0,False,,,,9,sub-HUP141,03,False
RB01-RB02,0.0,False,,,,9,sub-HUP141,03,True
RB02-RB03,0.0,False,,,,9,sub-HUP141,03,True
RB03-RB04,0.0,False,,,,9,sub-HUP141,03,True
RB04-RB05,0.0,False,,,,9,sub-HUP141,03,True
RB05-RB06,0.0,False,,,,9,sub-HUP141,03,False
RB06-RB07,0.0,False,,,,9,sub-HUP141,03,False
RB07-RB08,0.0,False,,,,9,sub-HUP141,03,False
RB08-RB09,0.0,False,,,,9,sub-HUP141,03,False
RB09-RB10,0.0,False,,,,9,sub-HUP141,03,False
RB10-RB11,0.0,False,,,,9,sub-HUP141,03,False
RB11-RB12,0.0,False,,,,9,sub-HUP141,03,False
RC01-RC02,0.0,False,,,,9,sub-HUP141,03,True
RC02-RC03,0.0,False,,,,9,sub-HUP141,03,True
RC03-RC04,0.0,False,,,,9,sub-HUP141,03,True
RC04-RC05,0.0,False,,,,9,sub-HUP141,03,True
RC05-RC06,0.0,False,,,,9,sub-HUP141,03,True
RC06-RC07,0.0,False,,,,9,sub-HUP141,03,False
RC07-RC08,0.0,False,,,,9,sub-HUP141,03,False
RC08-RC09,0.0,False,,,,9,sub-HUP141,03,False
RC09-RC10,0.0,False,,,,9,sub-HUP141,03,False
RC11-RC12,0.0,False,,,,9,sub-HUP141,03,False
RD01-RD02,0.0,False,,,,9,sub-HUP141,03,False
RD02-RD03,0.0,False,,,,9,sub-HUP141,03,False
RD03-RD04,0.0,False,,,,9,sub-HUP141,03,False
RD04-RD05,0.0,False,,,,9,sub-HUP141,03,False
RD05-RD06,0.0,False,,,,9,sub-HUP141,03,False
RD06-RD07,0.0,False,,,,9,sub-HUP141,03,False
RE01-RE02,0.0,False,,,,9,sub-HUP141,03,False
RE02-RE03,0.0,False,,,,9,sub-HUP141,03,False
RE03-RE04,0.0,False,,,,9,sub-HUP141,03,False
RE04-RE05,0.0,False,,,,9,sub-HUP141,03,False
RE05-RE06,0.0,False,,,,9,sub-HUP141,03,False
RE06-RE07,0.0,False,,,,9,sub-HUP141,03,False
RE07-RE08,0.0,False,,,,9,sub-HUP141,03,False
RF03-RF04,0.0,False,,,,9,sub-HUP141,03,False
RF04-RF05,0.0,False,,,,9,sub-HUP141,03,False
RF05-RF06,0.0,False,,,,9,sub-HUP141,03,False
RF06-RF07,0.0,False,,,,9,sub-HUP141,03,False
RF07-RF08,0.0,False,,,,9,sub-HUP141,03,False
RG01-RG02,0.0,False,,,,9,sub-HUP141,03,False
RG02-RG03,0.0,False,,,,9,sub-HUP141,03,False
RG04-RG05,0.0,False,,,,9,sub-HUP141,03,False
RG05-RG06,0.0,False,,,,9,sub-HUP141,03,False
RG06-RG07,0.0,False,,,,9,sub-HUP141,03,False
RH01-RH02,0.0,False,,,,9,sub-HUP141,03,False
RH02-RH03,0.0,False,,,,9,sub-HUP141,03,False
RH03-RH04,0.0,False,,,,9,sub-HUP141,03,False
RH04-RH05,0.0,False,,,,9,sub-HUP141,03,False
RH05-RH06,0.0,False,,,,9,sub-HUP141,03,False
RH06-RH07,0.0,False,,,,9,sub-HUP141,03,False
RH07-RH08,0.0,False,,,,9,sub-HUP141,03,False
RI01-RI02,0.0,False,,,,9,sub-HUP141,03,False
RI02-RI03,0.0,False,,,,9,sub-HUP141,03,False
RI03-RI04,0.0,False,,,,9,sub-HUP141,03,False
RI04-RI05,0.0,False,,,,9,sub-HUP141,03,False
RI05-RI06,0.0,False,,,,9,sub-HUP141,03,False
RI06-RI07,0.0,False,,,,9,sub-HUP141,03,False
RI07-RI08,0.0,False,,,,9,sub-HUP141,03,False
RJ02-RJ03,0.0,False,,,,9,sub-HUP141,03,False
RJ03-RJ04,0.0,False,,,,9,sub-HUP141,03,False
RJ04-RJ05,0.0,False,,,,9,sub-HUP141,03,False
RJ05-RJ06,0.0,False,,,,9,sub-HUP141,03,False
RJ06-RJ07,0.0,False,,,,9,sub-HUP141,03,False
RJ07-RJ08,0.0,False,,,,9,sub-HUP141,03,False
LDA2-LDA3,1.0,True,-1.25,2.0,17.189301275019915,1,sub-HUP142,01,True
LDA3-LDA4,0.9617989230968598,True,0.75,2.75,23.493767857249686,2,sub-HUP142,01,True
LDA1-LDA2,0.9396851016923891,True,0.25,0.5,21.25332936399763,3,sub-HUP142,01,True
LDB4-LDB5,0.9001295759960616,True,1.25,2.5,23.616071346432363,4,sub-HUP142,01,True
LDB3-LDB4,0.8442135429402551,True,1.75,3.0,23.676561517453273,5,sub-HUP142,01,True
LGR30-LGR31,0.6417809523129644,True,-5.0,0.5,2.3224770825003653,6,sub-HUP142,01,False
LDB1-LDB2,0.5845096487730893,True,1.25,2.25,15.33537163560971,7,sub-HUP142,01,True
LDC1-LDC2,0.4534121152570451,True,1.5,3.25,12.306059132995898,8,sub-HUP142,01,True
LDA5-LDA6,0.3675535204706729,True,-1.25,3.25,6.3179881980645956,9,sub-HUP142,01,True
LDE10-LDE11,0.30569177141891585,True,-3.75,2.25,2.4890342950488633,10,sub-HUP142,01,False
LDA4-LDA5,0.29207883048366434,True,2.0,3.5,8.45579960124493,11,sub-HUP142,01,True
LDD3-LDD4,0.2826191879679792,True,-3.0,-1.5,3.0682271798419434,12,sub-HUP142,01,False
LDB5-LDB6,0.26550167772020866,True,1.5,3.5,7.205981569509331,13,sub-HUP142,01,True
LDB2-LDB3,0.26426842170022125,True,-1.0,1.75,4.781673176925382,14,sub-HUP142,01,True
LGR29-LGR30,0.2588928238322193,True,-3.75,-2.0,2.107983195849161,15,sub-HUP142,01,False
LDC2-LDC3,0.20198214507363108,True,1.75,3.75,5.664731066274113,16,sub-HUP142,01,True
LDD6-LDD7,0.198121812130102,True,-2.0,3.0,2.8678530676692366,17,sub-HUP142,01,False
LDA6-LDA7,0.1773721495523995,True,2.0,3.75,5.134995059291088,18,sub-HUP142,01,True
LDD2-LDD3,0.16633529974874903,True,1.5,3.0,4.51450670534525,19,sub-HUP142,01,False
LDB6-LDB7,0.15551842452348616,True,1.75,3.25,4.361623402182639,20,sub-HUP142,01,True
LGR21-LGR22,0.1528671237804874,True,-0.25,2.5,3.180874634278782,21,sub-HUP142,01,False
LGR47-LGR48,0.12200864043359945,True,-0.75,5.5,2.318005728944372,22,sub-HUP142,01,False
LGR44-LGR45,0.10719468318475667,True,-1.0,1.5,1.9395807414137827,23,sub-HUP142,01,False
LDD4-LDD5,0.10627908874833704,True,0.25,13.25,2.4037674680654533,24,sub-HUP142,01,False
LGR55-LGR56,0.09274452832760532,True,6.75,8.25,4.279205031088114,25,sub-HUP142,01,False
LGR32-LGR33,0.07429485100805114,True,3.25,14.25,2.486938597627579,26,sub-HUP142,01,False
LDD5-LDD6,0.07072379944472887,True,3.0,6.0,2.3034177397317426,27,sub-HUP142,01,False
LDA7-LDA8,0.0629181201081351,True,3.0,24.75,2.0491929894251806,28,sub-HUP142,01,True
LGR46-LGR47,0.05851237231915019,True,7.75,14.0,2.911488094002656,29,sub-HUP142,01,False
LDE11-LDE12,0.04666681403458031,True,26.0,27.5,5.404092132956487,30,sub-HUP142,01,False
LGR31-LGR32,0.0387338261928524,True,23.75,28.0,4.170056923558974,31,sub-HUP142,01,False
LDB7-LDB8,0.03770968852927533,True,6.0,12.25,1.6375659716636874,32,sub-HUP142,01,False
LGR54-LGR55,0.03310571448486803,True,6.5,19.75,1.4975371058031244,33,sub-HUP142,01,False
LDE7-LDE8,0.0307418188797981,True,22.0,24.0,3.1149580675946216,34,sub-HUP142,01,False
LGR35-LGR36,0.03023693170009721,True,19.5,21.75,2.790246122093024,35,sub-HUP142,01,False
LGR63-LGR64,0.02951828790815054,True,22.75,24.25,3.0710976609072294,36,sub-HUP142,01,False
LGR23-LGR24,0.02838673999223041,True,24.75,27.5,3.1588227258357326,37,sub-HUP142,01,False
LDE8-LDE9,0.027196131516482994,True,22.0,24.75,2.7556863048953537,38,sub-HUP142,01,False
LGR22-LGR23,0.026390408746702128,True,15.75,27.25,2.0771601970770828,39,sub-HUP142,01,False
LGR53-LGR54,0.02483190783057791,True,23.5,26.25,2.6509205843227854,40,sub-HUP142,01,False
LDE5-LDE6,0.024532968536483533,True,14.75,23.5,1.8421831973457152,41,sub-HUP142,01,False
LDE4-LDE5,0.024068850911137602,True,22.0,26.25,2.438810195861535,42,sub-HUP142,01,False
LDC5-LDC6,0.0,False,,,,43,sub-HUP142,01,False
LDC6-LDC7,0.0,False,,,,43,sub-HUP142,01,False
LDC7-LDC8,0.0,False,,,,43,sub-HUP142,01,False
LDD7-LDD8,0.0,False,,,,43,sub-HUP142,01,False
LDE1-LDE2,0.0,False,,,,43,sub-HUP142,01,False
LDE2-LDE3,0.0,False,,,,43,sub-HUP142,01,False
LDE3-LDE4,0.0,False,,,,43,sub-HUP142,01,False
LDE6-LDE7,0.0,False,,,,43,sub-HUP142,01,False
LDE9-LDE10,0.0,False,,,,43,sub-HUP142,01,False
LDF1-LDF2,0.0,False,,,,43,sub-HUP142,01,False
LDF10-LDF11,0.0,False,,,,43,sub-HUP142,01,False
LDF11-LDF12,0.0,False,,,,43,sub-HUP142,01,False
LDF2-LDF3,0.0,False,,,,43,sub-HUP142,01,False
LDF3-LDF4,0.0,False,,,,43,sub-HUP142,01,False
LDF4-LDF5,0.0,False,,,,43,sub-HUP142,01,False
LDF5-LDF6,0.0,False,,,,43,sub-HUP142,01,False
LDF6-LDF7,0.0,False,,,,43,sub-HUP142,01,False
LDF7-LDF8,0.0,False,,,,43,sub-HUP142,01,False
LDF8-LDF9,0.0,False,,,,43,sub-HUP142,01,False
LDF9-LDF10,0.0,False,,,,43,sub-HUP142,01,False
LDG1-LDG2,0.0,False,,,,43,sub-HUP142,01,False
LDG10-LDG11,0.0,False,,,,43,sub-HUP142,01,False
LDG11-LDG12,0.0,False,,,,43,sub-HUP142,01,False
LDG2-LDG3,0.0,False,,,,43,sub-HUP142,01,False
LDG3-LDG4,0.0,False,,,,43,sub-HUP142,01,False
LDG4-LDG5,0.0,False,,,,43,sub-HUP142,01,False
LDG5-LDG6,0.0,False,,,,43,sub-HUP142,01,False
LDG6-LDG7,0.0,False,,,,43,sub-HUP142,01,False
LDG7-LDG8,0.0,False,,,,43,sub-HUP142,01,False
LDG8-LDG9,0.0,False,,,,43,sub-HUP142,01,False
LDG9-LDG10,0.0,False,,,,43,sub-HUP142,01,False
LGR17-LGR18,0.0,False,,,,43,sub-HUP142,01,False
LGR18-LGR19,0.0,False,,,,43,sub-HUP142,01,False
LGR19-LGR20,0.0,False,,,,43,sub-HUP142,01,False
LGR20-LGR21,0.0,False,,,,43,sub-HUP142,01,False
LGR24-LGR25,0.0,False,,,,43,sub-HUP142,01,False
LGR25-LGR26,0.0,False,,,,43,sub-HUP142,01,False
LGR26-LGR27,0.0,False,,,,43,sub-HUP142,01,False
LGR33-LGR34,0.0,False,,,,43,sub-HUP142,01,False
LGR34-LGR35,0.0,False,,,,43,sub-HUP142,01,False
LGR45-LGR46,0.0,False,,,,43,sub-HUP142,01,False
LGR48-LGR49,0.0,False,,,,43,sub-HUP142,01,False
LGR49-LGR50,0.0,False,,,,43,sub-HUP142,01,False
LGR50-LGR51,0.0,False,,,,43,sub-HUP142,01,False
LGR51-LGR52,0.0,False,,,,43,sub-HUP142,01,False
LGR52-LGR53,0.0,False,,,,43,sub-HUP142,01,False
LGR56-LGR57,0.0,False,,,,43,sub-HUP142,01,False
LGR57-LGR58,0.0,False,,,,43,sub-HUP142,01,False
LGR58-LGR59,0.0,False,,,,43,sub-HUP142,01,False
LGR59-LGR60,0.0,False,,,,43,sub-HUP142,01,False
LGR60-LGR61,0.0,False,,,,43,sub-HUP142,01,False
LGR61-LGR62,0.0,False,,,,43,sub-HUP142,01,False
LGR62-LGR63,0.0,False,,,,43,sub-HUP142,01,False
LDA3-LDA4,1.0,True,0.25,1.25,93.73284066259512,1,sub-HUP142,02,True
LDA5-LDA6,0.6605619611711576,True,0.25,1.5,61.91634905422747,2,sub-HUP142,02,True
LDA2-LDA3,0.6006736765165068,True,0.25,1.25,56.30285001113695,3,sub-HUP142,02,True
LDB1-LDB2,0.5019209791323186,True,-2.75,1.25,11.761619790555837,4,sub-HUP142,02,True
LDB3-LDB4,0.367491316435719,True,0.25,1.25,34.44600500835657,5,sub-HUP142,02,True
LDB5-LDB6,0.3548593083182288,True,0.25,1.75,33.261971004231256,6,sub-HUP142,02,True
LDA4-LDA5,0.21872241354095295,True,1.0,1.5,24.345499351104703,7,sub-HUP142,02,True
LDB4-LDB5,0.21305024016014706,True,0.25,1.25,19.96980421405869,8,sub-HUP142,02,True
LDB2-LDB3,0.19502711905006564,True,0.25,1.25,18.280445874804776,9,sub-HUP142,02,True
LDA1-LDA2,0.17529819175533534,True,1.0,1.5,19.512047003039626,10,sub-HUP142,02,True
LDB6-LDB7,0.13552799112046884,True,-0.25,1.0,11.11549564738945,11,sub-HUP142,02,True
LDA6-LDA7,0.12424409365160446,True,0.25,1.5,11.645751833514389,12,sub-HUP142,02,True
LDC1-LDC2,0.09854264435400323,True,-0.5,2.0,7.504804110134958,13,sub-HUP142,02,True
LDC2-LDC3,0.08927423086529765,True,-0.25,2.25,7.321936349851091,14,sub-HUP142,02,True
LDA7-LDA8,0.02532539705288355,True,0.5,9.25,2.522185244592071,15,sub-HUP142,02,True
LDB7-LDB8,0.024058056483427497,True,0.5,6.75,2.3959693484511244,16,sub-HUP142,02,False
LGR35-LGR36,0.00820716316713745,True,8.0,8.75,2.2597621074718166,17,sub-HUP142,02,False
LDC5-LDC6,0.0,False,,,,18,sub-HUP142,02,False
LDC6-LDC7,0.0,False,,,,18,sub-HUP142,02,False
LDC7-LDC8,0.0,False,,,,18,sub-HUP142,02,False
LDD2-LDD3,0.0,False,,,,18,sub-HUP142,02,False
LDD3-LDD4,0.0,False,,,,18,sub-HUP142,02,False
LDD4-LDD5,0.0,False,,,,18,sub-HUP142,02,False
LDD5-LDD6,0.0,False,,,,18,sub-HUP142,02,False
LDD6-LDD7,0.0,False,,,,18,sub-HUP142,02,False
LDD7-LDD8,0.0,False,,,,18,sub-HUP142,02,False
LDE1-LDE2,0.0,False,,,,18,sub-HUP142,02,False
LDE10-LDE11,0.0,False,,,,18,sub-HUP142,02,False
LDE11-LDE12,0.0,False,,,,18,sub-HUP142,02,False
LDE2-LDE3,0.0,False,,,,18,sub-HUP142,02,False
LDE3-LDE4,0.0,False,,,,18,sub-HUP142,02,False
LDE4-LDE5,0.0,False,,,,18,sub-HUP142,02,False
LDE5-LDE6,0.0,False,,,,18,sub-HUP142,02,False
LDE6-LDE7,0.0,False,,,,18,sub-HUP142,02,False
LDE7-LDE8,0.0,False,,,,18,sub-HUP142,02,False
LDE8-LDE9,0.0,False,,,,18,sub-HUP142,02,False
LDE9-LDE10,0.0,False,,,,18,sub-HUP142,02,False
LDF1-LDF2,0.0,False,,,,18,sub-HUP142,02,False
LDF10-LDF11,0.0,False,,,,18,sub-HUP142,02,False
LDF11-LDF12,0.0,False,,,,18,sub-HUP142,02,False
LDF2-LDF3,0.0,False,,,,18,sub-HUP142,02,False
LDF3-LDF4,0.0,False,,,,18,sub-HUP142,02,False
LDF4-LDF5,0.0,False,,,,18,sub-HUP142,02,False
LDF5-LDF6,0.0,False,,,,18,sub-HUP142,02,False
LDF6-LDF7,0.0,False,,,,18,sub-HUP142,02,False
LDF7-LDF8,0.0,False,,,,18,sub-HUP142,02,False
LDF8-LDF9,0.0,False,,,,18,sub-HUP142,02,False
LDF9-LDF10,0.0,False,,,,18,sub-HUP142,02,False
LDG1-LDG2,0.0,False,,,,18,sub-HUP142,02,False
LDG10-LDG11,0.0,False,,,,18,sub-HUP142,02,False
LDG11-LDG12,0.0,False,,,,18,sub-HUP142,02,False
LDG2-LDG3,0.0,False,,,,18,sub-HUP142,02,False
LDG3-LDG4,0.0,False,,,,18,sub-HUP142,02,False
LDG4-LDG5,0.0,False,,,,18,sub-HUP142,02,False
LDG5-LDG6,0.0,False,,,,18,sub-HUP142,02,False
LDG6-LDG7,0.0,False,,,,18,sub-HUP142,02,False
LDG7-LDG8,0.0,False,,,,18,sub-HUP142,02,False
LDG8-LDG9,0.0,False,,,,18,sub-HUP142,02,False
LDG9-LDG10,0.0,False,,,,18,sub-HUP142,02,False
LGR17-LGR18,0.0,False,,,,18,sub-HUP142,02,False
LGR18-LGR19,0.0,False,,,,18,sub-HUP142,02,False
LGR19-LGR20,0.0,False,,,,18,sub-HUP142,02,False
LGR20-LGR21,0.0,False,,,,18,sub-HUP142,02,False
LGR21-LGR22,0.0,False,,,,18,sub-HUP142,02,False
LGR22-LGR23,0.0,False,,,,18,sub-HUP142,02,False
LGR23-LGR24,0.0,False,,,,18,sub-HUP142,02,False
LGR24-LGR25,0.0,False,,,,18,sub-HUP142,02,False
LGR25-LGR26,0.0,False,,,,18,sub-HUP142,02,False
LGR26-LGR27,0.0,False,,,,18,sub-HUP142,02,False
LGR29-LGR30,0.0,False,,,,18,sub-HUP142,02,False
LGR30-LGR31,0.0,False,,,,18,sub-HUP142,02,False
LGR31-LGR32,0.0,False,,,,18,sub-HUP142,02,False
LGR32-LGR33,0.0,False,,,,18,sub-HUP142,02,False
LGR33-LGR34,0.0,False,,,,18,sub-HUP142,02,False
LGR34-LGR35,0.0,False,,,,18,sub-HUP142,02,False
LGR44-LGR45,0.0,False,,,,18,sub-HUP142,02,False
LGR45-LGR46,0.0,False,,,,18,sub-HUP142,02,False
LGR46-LGR47,0.0,False,,,,18,sub-HUP142,02,False
LGR47-LGR48,0.0,False,,,,18,sub-HUP142,02,False
LGR48-LGR49,0.0,False,,,,18,sub-HUP142,02,False
LGR49-LGR50,0.0,False,,,,18,sub-HUP142,02,False
LGR50-LGR51,0.0,False,,,,18,sub-HUP142,02,False
LGR51-LGR52,0.0,False,,,,18,sub-HUP142,02,False
LGR52-LGR53,0.0,False,,,,18,sub-HUP142,02,False
LGR53-LGR54,0.0,False,,,,18,sub-HUP142,02,False
LGR54-LGR55,0.0,False,,,,18,sub-HUP142,02,False
LGR55-LGR56,0.0,False,,,,18,sub-HUP142,02,False
LGR56-LGR57,0.0,False,,,,18,sub-HUP142,02,False
LGR57-LGR58,0.0,False,,,,18,sub-HUP142,02,False
LGR58-LGR59,0.0,False,,,,18,sub-HUP142,02,False
LGR59-LGR60,0.0,False,,,,18,sub-HUP142,02,False
LGR60-LGR61,0.0,False,,,,18,sub-HUP142,02,False
LGR61-LGR62,0.0,False,,,,18,sub-HUP142,02,False
LGR62-LGR63,0.0,False,,,,18,sub-HUP142,02,False
LGR63-LGR64,0.0,False,,,,18,sub-HUP142,02,False
LDA3-LDA4,1.0,True,-0.75,0.75,80.42473769159058,1,sub-HUP142,03,True
LDA1-LDA2,0.41701645775647445,True,0.0,1.0,37.73074413165831,2,sub-HUP142,03,True
LDA4-LDA5,0.21419452771871456,True,0.5,1.0,20.815400937325027,3,sub-HUP142,03,True
LDA6-LDA7,0.18776648265789805,True,-5.75,-5.0,2.5168450191723406,4,sub-HUP142,03,True
LDA5-LDA6,0.17843625123011939,True,-0.5,1.0,14.948634062346988,5,sub-HUP142,03,True
LDB3-LDB4,0.14325419925488406,True,-0.5,1.25,12.001230623221772,6,sub-HUP142,03,True
LDB1-LDB2,0.14071347248716018,True,0.0,1.0,12.731449628759293,7,sub-HUP142,03,True
LDG3-LDG4,0.11485797096803009,True,-5.25,-4.25,2.3093555467230367,8,sub-HUP142,03,False
LDD2-LDD3,0.11010919564195909,True,-4.5,0.0,3.3208136913512205,9,sub-HUP142,03,False
LDB2-LDB3,0.09642068722915687,True,-0.25,0.75,8.400825851651826,10,sub-HUP142,03,True
LDB5-LDB6,0.09165036729074642,True,-0.5,1.75,7.678079946558557,11,sub-HUP142,03,True
LDA2-LDA3,0.08992653952311247,True,-4.0,-3.5,3.314812578301938,12,sub-HUP142,03,True
LDC1-LDC2,0.08599511315154454,True,-2.25,1.25,5.187100813478716,13,sub-HUP142,03,True
LDB6-LDB7,0.07578647835160571,True,-0.5,1.25,6.349070460413851,14,sub-HUP142,03,True
LDB4-LDB5,0.06806716213151295,True,-4.0,0.75,2.5090466774257028,15,sub-HUP142,03,True
LDC2-LDC3,0.05391470897968505,True,-0.75,1.5,4.336076327409613,16,sub-HUP142,03,True
LGR48-LGR49,0.04980004012840067,True,-2.0,2.5,3.170747838449536,17,sub-HUP142,03,False
LDD4-LDD5,0.04085968618004598,True,-0.25,1.25,3.5599736717901487,18,sub-HUP142,03,False
LDD5-LDD6,0.0343902927327601,True,0.75,2.5,3.4572878402115563,19,sub-HUP142,03,False
LDD6-LDD7,0.03278606518649499,True,0.75,3.75,3.2960133657040616,20,sub-HUP142,03,False
LDD3-LDD4,0.029085752875258095,True,0.75,3.5,2.9240175569438236,21,sub-HUP142,03,False
LDB7-LDB8,0.026519657720688858,True,0.0,7.25,2.3994410803393125,22,sub-HUP142,03,False
LDA7-LDA8,0.025907216190314008,True,4.25,10.25,3.819898621779777,23,sub-HUP142,03,True
LGR47-LGR48,0.01258262563653205,True,14.25,18.5,3.5418402820135055,24,sub-HUP142,03,False
LGR29-LGR30,0.009669643622449714,True,16.75,19.75,3.0459076616344967,25,sub-HUP142,03,False
LDC5-LDC6,0.0,False,,,,26,sub-HUP142,03,False
LDC6-LDC7,0.0,False,,,,26,sub-HUP142,03,False
LDC7-LDC8,0.0,False,,,,26,sub-HUP142,03,False
LDD7-LDD8,0.0,False,,,,26,sub-HUP142,03,False
LDE1-LDE2,0.0,False,,,,26,sub-HUP142,03,False
LDE10-LDE11,0.0,False,,,,26,sub-HUP142,03,False
LDE11-LDE12,0.0,False,,,,26,sub-HUP142,03,False
LDE2-LDE3,0.0,False,,,,26,sub-HUP142,03,False
LDE3-LDE4,0.0,False,,,,26,sub-HUP142,03,False
LDE4-LDE5,0.0,False,,,,26,sub-HUP142,03,False
LDE5-LDE6,0.0,False,,,,26,sub-HUP142,03,False
LDE6-LDE7,0.0,False,,,,26,sub-HUP142,03,False
LDE7-LDE8,0.0,False,,,,26,sub-HUP142,03,False
LDE8-LDE9,0.0,False,,,,26,sub-HUP142,03,False
LDE9-LDE10,0.0,False,,,,26,sub-HUP142,03,False
LDF1-LDF2,0.0,False,,,,26,sub-HUP142,03,False
LDF10-LDF11,0.0,False,,,,26,sub-HUP142,03,False
LDF11-LDF12,0.0,False,,,,26,sub-HUP142,03,False
LDF2-LDF3,0.0,False,,,,26,sub-HUP142,03,False
LDF3-LDF4,0.0,False,,,,26,sub-HUP142,03,False
LDF4-LDF5,0.0,False,,,,26,sub-HUP142,03,False
LDF5-LDF6,0.0,False,,,,26,sub-HUP142,03,False
LDF6-LDF7,0.0,False,,,,26,sub-HUP142,03,False
LDF7-LDF8,0.0,False,,,,26,sub-HUP142,03,False
LDF8-LDF9,0.0,False,,,,26,sub-HUP142,03,False
LDF9-LDF10,0.0,False,,,,26,sub-HUP142,03,False
LDG1-LDG2,0.0,False,,,,26,sub-HUP142,03,False
LDG10-LDG11,0.0,False,,,,26,sub-HUP142,03,False
LDG11-LDG12,0.0,False,,,,26,sub-HUP142,03,False
LDG2-LDG3,0.0,False,,,,26,sub-HUP142,03,False
LDG4-LDG5,0.0,False,,,,26,sub-HUP142,03,False
LDG5-LDG6,0.0,False,,,,26,sub-HUP142,03,False
LDG6-LDG7,0.0,False,,,,26,sub-HUP142,03,False
LDG7-LDG8,0.0,False,,,,26,sub-HUP142,03,False
LDG8-LDG9,0.0,False,,,,26,sub-HUP142,03,False
LDG9-LDG10,0.0,False,,,,26,sub-HUP142,03,False
LGR17-LGR18,0.0,False,,,,26,sub-HUP142,03,False
LGR18-LGR19,0.0,False,,,,26,sub-HUP142,03,False
LGR19-LGR20,0.0,False,,,,26,sub-HUP142,03,False
LGR20-LGR21,0.0,False,,,,26,sub-HUP142,03,False
LGR21-LGR22,0.0,False,,,,26,sub-HUP142,03,False
LGR22-LGR23,0.0,False,,,,26,sub-HUP142,03,False
LGR23-LGR24,0.0,False,,,,26,sub-HUP142,03,False
LGR24-LGR25,0.0,False,,,,26,sub-HUP142,03,False
LGR25-LGR26,0.0,False,,,,26,sub-HUP142,03,False
LGR26-LGR27,0.0,False,,,,26,sub-HUP142,03,False
LGR30-LGR31,0.0,False,,,,26,sub-HUP142,03,False
LGR31-LGR32,0.0,False,,,,26,sub-HUP142,03,False
LGR32-LGR33,0.0,False,,,,26,sub-HUP142,03,False
LGR33-LGR34,0.0,False,,,,26,sub-HUP142,03,False
LGR34-LGR35,0.0,False,,,,26,sub-HUP142,03,False
LGR35-LGR36,0.0,False,,,,26,sub-HUP142,03,False
LGR44-LGR45,0.0,False,,,,26,sub-HUP142,03,False
LGR45-LGR46,0.0,False,,,,26,sub-HUP142,03,False
LGR46-LGR47,0.0,False,,,,26,sub-HUP142,03,False
LGR49-LGR50,0.0,False,,,,26,sub-HUP142,03,False
LGR50-LGR51,0.0,False,,,,26,sub-HUP142,03,False
LGR51-LGR52,0.0,False,,,,26,sub-HUP142,03,False
LGR52-LGR53,0.0,False,,,,26,sub-HUP142,03,False
LGR53-LGR54,0.0,False,,,,26,sub-HUP142,03,False
LGR54-LGR55,0.0,False,,,,26,sub-HUP142,03,False
LGR55-LGR56,0.0,False,,,,26,sub-HUP142,03,False
LGR56-LGR57,0.0,False,,,,26,sub-HUP142,03,False
LGR57-LGR58,0.0,False,,,,26,sub-HUP142,03,False
LGR58-LGR59,0.0,False,,,,26,sub-HUP142,03,False
LGR59-LGR60,0.0,False,,,,26,sub-HUP142,03,False
LGR60-LGR61,0.0,False,,,,26,sub-HUP142,03,False
LGR61-LGR62,0.0,False,,,,26,sub-HUP142,03,False
LGR62-LGR63,0.0,False,,,,26,sub-HUP142,03,False
LGR63-LGR64,0.0,False,,,,26,sub-HUP142,03,False
RK4-RK5,1.0,True,-8.75,-7.75,3.0835069494826435,1,sub-HUP144,01,False
RK2-RK3,0.7605180808631529,True,-8.5,-7.25,2.9313284844359186,2,sub-HUP144,01,False
RK1-RK2,0.5923941942472253,True,-8.5,-7.0,2.2833145184931127,3,sub-HUP144,01,False
RL5-RL6,0.5677616507774008,True,-8.0,-6.75,3.0637197426882428,4,sub-HUP144,01,False
RI5-RI6,0.3584882976868539,True,-4.75,-3.75,5.5270057861280835,5,sub-HUP144,01,False
RJ4-RJ5,0.20124732065778722,True,-4.25,-2.5,3.4130113149717687,6,sub-HUP144,01,False
RI2-RI3,0.1999129943663647,True,-5.0,-4.25,2.9280572602477077,7,sub-HUP144,01,False
RK5-RK6,0.19808087916686004,True,-4.5,-2.25,3.2066147792208843,8,sub-HUP144,01,False
RI4-RI5,0.1957402416550977,True,-4.75,-3.5,3.017831977184529,9,sub-HUP144,01,False
RM2-RM3,0.1917670984528478,True,-3.5,-2.5,3.6957198797592405,10,sub-HUP144,01,False
RM4-RM5,0.18580512314020514,True,-3.5,-2.5,3.5808211778268806,11,sub-HUP144,01,False
RM3-RM4,0.18525731816640673,True,-4.5,-2.25,2.9990216970453196,12,sub-HUP144,01,False
RB6-RB7,0.1840075384712993,True,-4.25,-1.0,3.1206368799839543,13,sub-HUP144,01,False
RK6-RK7,0.17601471770676652,True,-4.5,-2.25,2.849398677615212,14,sub-HUP144,01,False
RL2-RL3,0.16997736010545453,True,-3.25,-1.5,3.4068214124092386,15,sub-HUP144,01,False
RA8-RA9,0.16710782632879598,True,11.0,11.5,10.692021483803957,16,sub-HUP144,01,True
RJ5-RJ6,0.15511811573182213,True,-4.25,-2.5,2.6306928331734953,17,sub-HUP144,01,False
RM5-RM6,0.153224423083933,True,-3.5,-1.0,2.9529285838111017,18,sub-HUP144,01,False
RI3-RI4,0.1510942745358663,True,-4.5,-3.0,2.4459762891815062,19,sub-HUP144,01,False
RB1-RB2,0.14120489115201673,True,23.75,25.5,14.586109816134158,20,sub-HUP144,01,False
RE3-RE4,0.11128171881500888,True,-2.75,-0.5,2.401965673215173,21,sub-HUP144,01,False
RB8-RB9,0.09942028327549164,True,12.25,13.0,6.744388956789254,22,sub-HUP144,01,False
RF7-RF8,0.09910234354216162,True,-1.0,0.25,2.6738491939448776,23,sub-HUP144,01,False
RB2-RB3,0.09099432165396786,True,24.25,25.25,9.539775188237943,24,sub-HUP144,01,False
RA1-RA2,0.07040695766735665,True,6.0,6.5,3.4193304063327856,25,sub-HUP144,01,True
RE6-RE7,0.06794939557432621,True,9.75,13.25,4.085687452598311,26,sub-HUP144,01,False
RK7-RK8,0.06636193229644445,True,8.5,12.75,3.7344514993635918,27,sub-HUP144,01,False
RM6-RM7,0.062026305248738686,True,11.25,12.25,4.016429408989568,28,sub-HUP144,01,False
RA7-RA8,0.06120714719825198,True,17.25,19.5,5.095781921083061,29,sub-HUP144,01,True
RM1-RM2,0.06027872293493766,True,11.75,12.75,3.99620201313011,30,sub-HUP144,01,False
RC6-RC7,0.05671588604991975,True,7.75,10.25,3.060467003667382,31,sub-HUP144,01,False
RC5-RC6,0.05533308701471738,True,22.75,24.75,5.545148646251788,32,sub-HUP144,01,False
RA4-RA5,0.05519530123498443,True,6.25,8.5,2.7231215189897986,33,sub-HUP144,01,False
RM7-RM8,0.051569415950703947,True,11.25,12.5,3.3393077017598904,34,sub-HUP144,01,False
RJ7-RJ8,0.049386215615704276,True,8.75,13.75,2.817230672603939,35,sub-HUP144,01,False
RA3-RA4,0.04881467891160496,True,7.5,8.5,2.5964769286470357,36,sub-HUP144,01,False
RA2-RA3,0.04854217216845433,True,6.25,8.5,2.39488200359059,37,sub-HUP144,01,True
RF5-RF6,0.0475267036250711,True,12.25,16.5,3.224076260105991,38,sub-HUP144,01,False
RB3-RB4,0.04703944710707446,True,22.25,24.75,4.64148678574353,39,sub-HUP144,01,False
RE8-RE9,0.046359812978096604,True,6.5,12.25,2.322950589288493,40,sub-HUP144,01,False
RE4-RE5,0.04520753041975057,True,12.0,14.5,3.031900719246913,41,sub-HUP144,01,False
RF6-RF7,0.04506461020208723,True,10.0,13.25,2.7444015149937826,42,sub-HUP144,01,False
RB5-RB6,0.04379605947734225,True,23.5,24.5,4.490261337464806,43,sub-HUP144,01,False
RE7-RE8,0.04310120140451871,True,11.5,17.5,2.824185648815046,44,sub-HUP144,01,False
RH2-RH3,0.04221304951266868,True,11.25,12.5,2.7334488621545443,45,sub-HUP144,01,False
RJ3-RJ4,0.042169763252961213,True,11.25,12.75,2.7306459190194183,46,sub-HUP144,01,False
RB7-RB8,0.042166699183268874,True,9.75,17.25,2.535415544382897,47,sub-HUP144,01,False
RJ6-RJ7,0.03934663853248415,True,12.0,13.75,2.638832525442898,48,sub-HUP144,01,False
RC1-RC2,0.03875623858010209,True,22.25,25.5,3.8241641919216685,49,sub-HUP144,01,False
RA5-RA6,0.038634827837989875,True,24.25,28.5,4.050445844437247,50,sub-HUP144,01,True
RB9-RB10,0.03826868552255654,True,20.75,23.75,3.599053611569252,51,sub-HUP144,01,False
RC2-RC3,0.03608779804585724,True,24.0,26.75,3.7555979422250347,52,sub-HUP144,01,False
RH5-RH6,0.030816591665515647,True,15.0,15.5,2.351823570359664,53,sub-HUP144,01,False
RB4-RB5,0.030501445842718956,True,20.75,25.75,2.868568316871418,54,sub-HUP144,01,False
RB10-RB11,0.030165552021415274,True,26.0,29.0,3.325310892225258,55,sub-HUP144,01,False
RI7-RI8,0.029656919773636263,True,22.25,27.0,2.9263141831122126,56,sub-HUP144,01,False
RA6-RA7,0.02853056552437099,True,12.25,14.0,1.9354323354754928,57,sub-HUP144,01,True
RC8-RC9,0.028212970126305584,True,23.0,24.0,2.8490826294878104,58,sub-HUP144,01,False
RA10-RA11,0.025235645395826706,True,23.5,26.25,2.5873250744276515,59,sub-HUP144,01,False
RC7-RC8,0.02191906918950812,True,24.5,29.5,2.3148753743923423,60,sub-HUP144,01,False
RD1-RD2,0.017919895606621994,True,28.25,30.0,2.0997326602068513,61,sub-HUP144,01,False
RD2-RD3,0.01624965827060547,True,28.25,29.75,1.9040254997569428,62,sub-HUP144,01,False
RA9-RA10,0.0,False,,,,63,sub-HUP144,01,True
RC3-RC4,0.0,False,,,,63,sub-HUP144,01,False
RC4-RC5,0.0,False,,,,63,sub-HUP144,01,False
RD3-RD4,0.0,False,,,,63,sub-HUP144,01,False
RD4-RD5,0.0,False,,,,63,sub-HUP144,01,False
RD5-RD6,0.0,False,,,,63,sub-HUP144,01,False
RD6-RD7,0.0,False,,,,63,sub-HUP144,01,False
RD7-RD8,0.0,False,,,,63,sub-HUP144,01,False
RE1-RE2,0.0,False,,,,63,sub-HUP144,01,False
RE2-RE3,0.0,False,,,,63,sub-HUP144,01,False
RE5-RE6,0.0,False,,,,63,sub-HUP144,01,False
RE9-RE10,0.0,False,,,,63,sub-HUP144,01,False
RF1-RF2,0.0,False,,,,63,sub-HUP144,01,False
RF2-RF3,0.0,False,,,,63,sub-HUP144,01,False
RF3-RF4,0.0,False,,,,63,sub-HUP144,01,False
RF4-RF5,0.0,False,,,,63,sub-HUP144,01,False
RG1-RG2,0.0,False,,,,63,sub-HUP144,01,False
RG2-RG3,0.0,False,,,,63,sub-HUP144,01,False
RG3-RG4,0.0,False,,,,63,sub-HUP144,01,False
RG4-RG5,0.0,False,,,,63,sub-HUP144,01,False
RG5-RG6,0.0,False,,,,63,sub-HUP144,01,False
RG6-RG7,0.0,False,,,,63,sub-HUP144,01,False
RH1-RH2,0.0,False,,,,63,sub-HUP144,01,False
RH3-RH4,0.0,False,,,,63,sub-HUP144,01,False
RH4-RH5,0.0,False,,,,63,sub-HUP144,01,False
RH6-RH7,0.0,False,,,,63,sub-HUP144,01,False
RI1-RI2,0.0,False,,,,63,sub-HUP144,01,False
RI6-RI7,0.0,False,,,,63,sub-HUP144,01,False
RJ1-RJ2,0.0,False,,,,63,sub-HUP144,01,False
RJ2-RJ3,0.0,False,,,,63,sub-HUP144,01,False
RK3-RK4,0.0,False,,,,63,sub-HUP144,01,False
RL1-RL2,0.0,False,,,,63,sub-HUP144,01,False
RL3-RL4,0.0,False,,,,63,sub-HUP144,01,False
RL4-RL5,0.0,False,,,,63,sub-HUP144,01,False
RL6-RL7,0.0,False,,,,63,sub-HUP144,01,False
RL7-RL8,0.0,False,,,,63,sub-HUP144,01,False
RA8-RA9,1.0,True,-9.75,-9.25,10.268651084789058,1,sub-HUP144,02,True
RC1-RC2,0.6757205991821637,True,0.25,1.0,76.32612970186861,2,sub-HUP144,02,False
RJ5-RJ6,0.4544917690087038,True,4.25,5.25,70.00526095288386,3,sub-HUP144,02,False
RA6-RA7,0.19813505134951032,True,-4.5,-2.25,12.71612318734303,4,sub-HUP144,02,True
RA2-RA3,0.10298346135236566,True,-3.25,-0.25,7.931259240984763,5,sub-HUP144,02,True
RD3-RD4,0.08938530198123036,True,4.0,4.75,13.538530552767941,6,sub-HUP144,02,False
RC5-RC6,0.08710283166416002,True,-7.5,-7.0,2.90689290728322,7,sub-HUP144,02,False
RJ1-RJ2,0.08697603232335333,True,3.5,6.0,12.727053033516865,8,sub-HUP144,02,False
RC6-RC7,0.08365376355799381,True,1.75,2.5,10.737641373831007,9,sub-HUP144,02,False
RE6-RE7,0.0824202330229816,True,-7.75,-0.75,2.539033845720021,10,sub-HUP144,02,False
RA3-RA4,0.08063104857110757,True,-5.0,-2.0,4.760839600169952,11,sub-HUP144,02,False
RJ3-RJ4,0.07977487235756645,True,3.25,5.0,11.468524614028066,12,sub-HUP144,02,False
RA7-RA8,0.07706232204272619,True,-2.5,-1.25,6.528440298933333,13,sub-HUP144,02,True
RG4-RG5,0.07270527895767731,True,0.75,1.75,8.585729128844408,14,sub-HUP144,02,False
RB8-RB9,0.06898743662651116,True,-2.75,-2.0,5.667263327613122,15,sub-HUP144,02,False
RC2-RC3,0.06843461854634893,True,2.0,3.25,8.959823054656912,16,sub-HUP144,02,False
RB5-RB6,0.06775245359429186,True,-5.75,-1.5,3.478631530490727,17,sub-HUP144,02,False
RJ2-RJ3,0.06768795022442557,True,2.75,5.75,9.383363237239138,18,sub-HUP144,02,False
RB4-RB5,0.06636949427804702,True,-6.0,-2.5,3.237244602222051,19,sub-HUP144,02,False
RH6-RH7,0.06602157635236293,True,-8.0,-6.75,1.864369461982982,20,sub-HUP144,02,False
RA10-RA11,0.0631590987520947,True,-5.25,-2.0,3.567073113532481,21,sub-HUP144,02,False
RA4-RA5,0.06260208497029765,True,-3.25,-1.0,4.821292258052279,22,sub-HUP144,02,False
RA1-RA2,0.062427176096238976,True,-5.0,-1.5,3.6859966148605308,23,sub-HUP144,02,True
RA5-RA6,0.05813965348197539,True,-2.75,-1.5,4.776126526375572,24,sub-HUP144,02,True
RB2-RB3,0.056213739892535634,True,-4.0,-2.0,3.896365147610868,25,sub-HUP144,02,False
RB6-RB7,0.05203612845711515,True,-4.5,2.5,3.339630293308614,26,sub-HUP144,02,False
RE7-RE8,0.05184723800774194,True,-4.25,-0.5,3.460607779274852,27,sub-HUP144,02,False
RC7-RC8,0.05099251674065912,True,2.0,5.0,6.676210619899942,28,sub-HUP144,02,False
RK4-RK5,0.05083737328954388,True,-3.75,-1.75,3.654218738642507,29,sub-HUP144,02,False
RE8-RE9,0.05000069688067376,True,-1.0,-0.25,5.00603717507341,30,sub-HUP144,02,False
RG6-RG7,0.04687314713272027,True,2.0,3.0,6.136880912686535,31,sub-HUP144,02,False
RB7-RB8,0.04534434008944729,True,-2.75,-1.25,3.7250016563883745,32,sub-HUP144,02,False
RI2-RI3,0.04527402157527112,True,-2.5,-0.25,3.835450828783786,33,sub-HUP144,02,False
RJ4-RJ5,0.043600468549204636,True,-2.75,-0.25,3.581743989320811,34,sub-HUP144,02,False
RK3-RK4,0.04250120699042938,True,-5.5,-4.0,2.2912578426523638,35,sub-HUP144,02,False
RG5-RG6,0.04232953025433126,True,1.5,2.25,5.324672915368186,36,sub-HUP144,02,False
RF6-RF7,0.03964763886247715,True,-1.5,3.25,3.765931870784132,37,sub-HUP144,02,False
RI7-RI8,0.03885839148738455,True,-3.5,-0.5,2.8929186632756467,38,sub-HUP144,02,False
RD2-RD3,0.037439623565115814,True,6.25,7.25,6.535725329312347,39,sub-HUP144,02,False
RB1-RB2,0.03699898127724587,True,-5.25,0.75,2.0896129607577447,40,sub-HUP144,02,False
RF7-RF8,0.036336394671142455,True,-1.5,2.75,3.4514132666536406,41,sub-HUP144,02,False
RG2-RG3,0.0349601533875139,True,2.0,5.5,4.577168616840352,42,sub-HUP144,02,False
RE5-RE6,0.0328856348817798,True,-2.25,0.25,2.8703744375735023,43,sub-HUP144,02,False
RG3-RG4,0.03257004665047981,True,2.25,6.25,4.347855783298036,44,sub-HUP144,02,False
RB3-RB4,0.03147581616313864,True,-4.5,2.5,2.020088586176466,45,sub-HUP144,02,False
RI6-RI7,0.029270035519092165,True,1.75,6.25,3.7570472748117503,46,sub-HUP144,02,False
RD4-RD5,0.028766393495239132,True,4.25,5.25,4.430880866555343,47,sub-HUP144,02,False
RJ6-RJ7,0.028457274174293144,True,1.5,6.25,3.579668286669938,48,sub-HUP144,02,False
RB10-RB11,0.027330881311544517,True,3.75,5.25,4.069443618406472,49,sub-HUP144,02,False
RH5-RH6,0.02710853641618131,True,17.5,19.75,7.863898878027055,50,sub-HUP144,02,False
RC8-RC9,0.025976423213880582,True,-2.0,5.75,2.3339997311238516,51,sub-HUP144,02,False
RC4-RC5,0.025449655028278187,True,-2.0,3.5,2.2866692424943156,52,sub-HUP144,02,False
RI3-RI4,0.02543370648390346,True,-2.0,0.0,2.2852362546662404,53,sub-HUP144,02,False
RB9-RB10,0.024553591798300915,True,-3.25,3.25,1.890992002913178,54,sub-HUP144,02,False
RE4-RE5,0.024481923749183333,True,-0.25,0.5,2.639661495080131,55,sub-HUP144,02,False
RC3-RC4,0.022912428739932378,True,1.0,5.75,2.7645369007666383,56,sub-HUP144,02,False
RD1-RD2,0.02239065500247626,True,6.25,7.75,3.9086710042653614,57,sub-HUP144,02,False
RK5-RK6,0.021907339255614847,True,4.0,7.5,3.3181426394271667,58,sub-HUP144,02,False
RG1-RG2,0.021638347504713433,True,1.5,3.5,2.7219088470721475,59,sub-HUP144,02,False
RL4-RL5,0.020316190806946778,True,10.5,12.25,4.433172338831379,60,sub-HUP144,02,False
RL2-RL3,0.019710409629640522,True,0.0,1.25,2.175792681669232,61,sub-HUP144,02,False
RM6-RM7,0.019100344764161344,True,7.25,10.5,3.5304259676823064,62,sub-HUP144,02,False
RI4-RI5,0.01681136933490706,True,10.75,12.75,3.711546848090182,63,sub-HUP144,02,False
RI5-RI6,0.01603441013134081,True,6.0,7.75,2.757917030068186,64,sub-HUP144,02,False
RH4-RH5,0.01560727074563564,True,18.0,19.5,4.607636508092078,65,sub-HUP144,02,False
RL5-RL6,0.015320236253613109,True,11.25,12.5,3.460999533747556,66,sub-HUP144,02,False
RK6-RK7,0.015161938214735604,True,6.0,11.0,2.607851942712178,67,sub-HUP144,02,False
RJ7-RJ8,0.01458138038434842,True,6.0,11.25,2.507996050649477,68,sub-HUP144,02,False
RH1-RH2,0.013971779000864219,True,7.0,10.5,2.5466159937874178,69,sub-HUP144,02,False
RE3-RE4,0.013389986491031356,True,15.75,18.0,3.643673131620659,70,sub-HUP144,02,False
RM2-RM3,0.01273933536453935,True,9.0,12.25,2.5836118507337296,71,sub-HUP144,02,False
RM5-RM6,0.011325187513572336,True,14.75,16.75,2.965507175690443,72,sub-HUP144,02,False
RM1-RM2,0.011128455489792934,True,20.75,22.25,3.5996381359246024,73,sub-HUP144,02,False
RK2-RK3,0.010768536195604242,True,5.5,8.0,1.796898039406953,74,sub-HUP144,02,False
RE2-RE3,0.00998380311038975,True,16.0,18.5,2.742415099615294,75,sub-HUP144,02,False
RM7-RM8,0.008225602131083835,True,10.25,17.25,1.7737826031743413,76,sub-HUP144,02,False
RK1-RK2,0.007988666098045782,True,7.25,12.75,1.4765908462868766,77,sub-HUP144,02,False
RM3-RM4,0.007791848993826913,True,19.5,23.25,2.420356303344941,78,sub-HUP144,02,False
RH2-RH3,0.007748498625770019,True,18.75,23.5,2.3472155501604943,79,sub-HUP144,02,False
RH3-RH4,0.006722803784564851,True,18.0,24.0,1.9847311332868802,80,sub-HUP144,02,False
RM4-RM5,0.006679549912118775,True,19.0,24.75,2.0405515316666882,81,sub-HUP144,02,False
RL1-RL2,0.00650104178147055,True,24.0,26.0,2.31980330851909,82,sub-HUP144,02,False
RE1-RE2,0.005290228731289409,True,19.5,25.75,1.6432862682602014,83,sub-HUP144,02,False
RA9-RA10,0.0,False,,,,84,sub-HUP144,02,True
RD5-RD6,0.0,False,,,,84,sub-HUP144,02,False
RD6-RD7,0.0,False,,,,84,sub-HUP144,02,False
RD7-RD8,0.0,False,,,,84,sub-HUP144,02,False
RE9-RE10,0.0,False,,,,84,sub-HUP144,02,False
RF1-RF2,0.0,False,,,,84,sub-HUP144,02,False
RF2-RF3,0.0,False,,,,84,sub-HUP144,02,False
RF3-RF4,0.0,False,,,,84,sub-HUP144,02,False
RF4-RF5,0.0,False,,,,84,sub-HUP144,02,False
RF5-RF6,0.0,False,,,,84,sub-HUP144,02,False
RI1-RI2,0.0,False,,,,84,sub-HUP144,02,False
RK7-RK8,0.0,False,,,,84,sub-HUP144,02,False
RL3-RL4,0.0,False,,,,84,sub-HUP144,02,False
RL6-RL7,0.0,False,,,,84,sub-HUP144,02,False
RL7-RL8,0.0,False,,,,84,sub-HUP144,02,False
RA8-RA9,1.0,True,1.75,2.0,140.55638857682726,1,sub-HUP144,03,True
RA7-RA8,0.4751751950377539,True,1.75,2.0,66.78890935579622,2,sub-HUP144,03,True
RB8-RB9,0.3303068360771188,True,1.75,2.75,46.42673600123789,3,sub-HUP144,03,False
RB1-RB2,0.3157572419858662,True,0.5,1.0,39.338322873181696,4,sub-HUP144,03,False
RA3-RA4,0.27208795028113164,True,1.0,2.0,35.63617468950624,5,sub-HUP144,03,False
RB7-RB8,0.25931097466545516,True,1.75,2.75,36.44781411731352,6,sub-HUP144,03,False
RA2-RA3,0.2394312504506142,True,-8.25,-6.25,3.059417443252016,7,sub-HUP144,03,True
RC5-RC6,0.23073333155060888,True,1.0,2.25,30.219836274754208,8,sub-HUP144,03,False
RA1-RA2,0.18198542081522506,True,-8.25,-6.0,2.3253830475838364,9,sub-HUP144,03,True
RB6-RB7,0.16067772038950026,True,1.75,2.5,22.5842801027054,10,sub-HUP144,03,False
RB2-RB3,0.15705381902278676,True,1.75,2.75,22.074917614041517,11,sub-HUP144,03,False
RC6-RC7,0.15133636709457568,True,1.0,2.5,19.820977772390286,12,sub-HUP144,03,False
RA5-RA6,0.14065488475156385,True,1.75,2.5,19.769942636369663,13,sub-HUP144,03,True
RJ5-RJ6,0.12678422657645158,True,5.0,5.75,23.0854314072104,14,sub-HUP144,03,False
RB3-RB4,0.10640593180780414,True,1.75,2.75,14.956033498057101,15,sub-HUP144,03,False
RC1-RC2,0.10576281973356386,True,0.25,2.25,12.838507261890134,16,sub-HUP144,03,False
RL2-RL3,0.10011217745945371,True,-6.0,-4.75,4.157460897986873,17,sub-HUP144,03,False
RA4-RA5,0.08793830391456688,True,1.75,2.25,12.36029041580299,18,sub-HUP144,03,False
RA6-RA7,0.0734250642289958,True,-6.5,-5.75,2.580090464762309,19,sub-HUP144,03,True
RA10-RA11,0.06481599246971889,True,1.75,2.5,9.11030182356652,20,sub-HUP144,03,False
RJ4-RJ5,0.06152979128317288,True,1.75,2.75,8.648405252648725,21,sub-HUP144,03,False
RC7-RC8,0.058101472552107875,True,2.25,3.0,8.53773920532539,22,sub-HUP144,03,False
RC4-RC5,0.05785933059627916,True,2.25,3.0,8.502157579271438,23,sub-HUP144,03,False
RB4-RB5,0.05728871995198297,True,1.75,2.75,8.052295582639955,24,sub-HUP144,03,False
RB5-RB6,0.055273558588558314,True,1.75,2.75,7.769051778997429,25,sub-HUP144,03,False
RF7-RF8,0.04318501137089386,True,0.75,2.0,5.518117489947328,26,sub-HUP144,03,False
RJ1-RJ2,0.042408947237892625,True,2.25,3.5,6.23179612469901,27,sub-HUP144,03,False
RM7-RM8,0.04225262258092675,True,-5.5,-4.5,2.02461683109367,28,sub-HUP144,03,False
RI7-RI8,0.03802833653271795,True,1.75,3.25,5.3451256466230594,29,sub-HUP144,03,False
RG5-RG6,0.036240540395208215,True,1.75,3.5,5.0938394780230905,30,sub-HUP144,03,False
RC8-RC9,0.03487879364800508,True,2.0,2.75,5.013856302013612,31,sub-HUP144,03,False
RJ6-RJ7,0.033973147086299345,True,2.0,6.0,4.883668837199588,32,sub-HUP144,03,False
RC2-RC3,0.0339628821905251,True,1.0,2.75,4.448220516381331,33,sub-HUP144,03,False
RB9-RB10,0.03057720556374032,True,1.75,2.75,4.297821586810609,34,sub-HUP144,03,False
RG6-RG7,0.030002926205398954,True,2.5,3.75,4.504632701043015,35,sub-HUP144,03,False
RJ2-RJ3,0.029808943070420455,True,2.25,6.0,4.380284539146474,36,sub-HUP144,03,False
RF6-RF7,0.025964085535552954,True,0.75,3.0,3.3176528141610553,37,sub-HUP144,03,False
RC3-RC4,0.025478133128731845,True,2.25,3.25,3.743892306629358,38,sub-HUP144,03,False
RD3-RD4,0.024596017999996635,True,7.75,11.5,5.3428333526048,39,sub-HUP144,03,False
RG4-RG5,0.0238463026548796,True,1.0,5.25,3.1232217605744377,40,sub-HUP144,03,False
RJ3-RJ4,0.02311397551207069,True,1.75,6.25,3.248816923629877,41,sub-HUP144,03,False
RJ7-RJ8,0.022125657743960605,True,2.0,6.25,3.1805821507275143,42,sub-HUP144,03,False
RG2-RG3,0.02183455469334462,True,2.5,6.0,3.2782352098260796,43,sub-HUP144,03,False
RG3-RG4,0.020336835142595284,True,3.0,7.0,3.1832984780352147,44,sub-HUP144,03,False
RI5-RI6,0.01952914371128609,True,6.0,9.0,3.8054931962597736,45,sub-HUP144,03,False
RK4-RK5,0.019454326044127116,True,3.5,7.0,3.1694527354293114,46,sub-HUP144,03,False
RH5-RH6,0.018983048484790144,True,12.5,13.75,5.275736825238174,47,sub-HUP144,03,False
RD4-RD5,0.018948302703767066,True,9.5,12.5,4.539724427901188,48,sub-HUP144,03,False
RL1-RL2,0.018942466733102268,True,-1.0,0.5,1.9968635360561595,49,sub-HUP144,03,False
RK5-RK6,0.018544833284762315,True,2.5,6.75,2.784317165533636,50,sub-HUP144,03,False
RG1-RG2,0.017715146446553736,True,2.5,3.75,2.6597481672488352,51,sub-HUP144,03,False
RE2-RE3,0.01735076459137252,True,7.5,8.5,3.713567597060699,52,sub-HUP144,03,False
RH6-RH7,0.016871554903483254,True,5.25,5.75,3.1259427263803983,53,sub-HUP144,03,False
RB10-RB11,0.016761630390512598,True,2.0,7.25,2.4094986487670917,54,sub-HUP144,03,False
RI6-RI7,0.016408458220335796,True,2.0,7.25,2.3587298484178842,55,sub-HUP144,03,False
RF4-RF5,0.01606451990780737,True,1.0,8.5,2.104018340930453,56,sub-HUP144,03,False
RH4-RH5,0.0158899961280296,True,11.0,13.25,4.111560865697825,57,sub-HUP144,03,False
RM6-RM7,0.015597735021859805,True,11.75,12.75,4.185417036151745,58,sub-HUP144,03,False
RK3-RK4,0.015066019378499333,True,6.25,7.25,2.9839265225536913,59,sub-HUP144,03,False
RE3-RE4,0.014939974022200198,True,7.75,9.0,3.245313590715026,60,sub-HUP144,03,False
RI2-RI3,0.014422271085460611,True,11.75,13.0,3.8699990105286526,61,sub-HUP144,03,False
RK6-RK7,0.013359111051593358,True,5.75,7.75,2.5605114600119228,62,sub-HUP144,03,False
RH1-RH2,0.012250538351000912,True,10.25,12.75,3.052443896400261,63,sub-HUP144,03,False
RD2-RD3,0.01219027764191852,True,5.5,6.25,2.297542333289037,64,sub-HUP144,03,False
RK2-RK3,0.010465237749285884,True,14.5,16.75,3.1759277783082553,65,sub-HUP144,03,False
RK1-RK2,0.010012549715726045,True,14.5,15.75,3.038548720599936,66,sub-HUP144,03,False
RI1-RI2,0.009633999398054066,True,11.75,17.25,2.5851384928889045,67,sub-HUP144,03,False
RF3-RF4,0.009208187285632555,True,12.25,14.0,2.529708666314795,68,sub-HUP144,03,False
RD1-RD2,0.00858628345019828,True,5.0,12.75,1.5634283773691018,69,sub-HUP144,03,False
RI3-RI4,0.008411399976459379,True,12.25,19.25,2.3108121887887556,70,sub-HUP144,03,False
RE4-RE5,0.00827300283376008,True,13.25,14.25,2.378502411134676,71,sub-HUP144,03,False
RF5-RF6,0.008148025515031061,True,22.75,25.25,3.3316568448715893,72,sub-HUP144,03,False
RL5-RL6,0.007902793781166274,True,18.0,22.5,2.7517251985624394,73,sub-HUP144,03,False
RI4-RI5,0.007496528713519129,True,16.75,22.25,2.4905281885184705,74,sub-HUP144,03,False
RH2-RH3,0.0072540181720580155,True,21.75,24.5,2.873414227726339,75,sub-HUP144,03,False
RL4-RL5,0.00715481110989541,True,17.25,22.5,2.4227128981582626,76,sub-HUP144,03,False
RH3-RH4,0.006776236373482206,True,21.5,26.25,2.662511988053415,77,sub-HUP144,03,False
RM5-RM6,0.006607483937287515,True,17.75,20.25,2.2795954686111153,78,sub-HUP144,03,False
RA9-RA10,0.0,False,,,,79,sub-HUP144,03,True
RD5-RD6,0.0,False,,,,79,sub-HUP144,03,False
RD6-RD7,0.0,False,,,,79,sub-HUP144,03,False
RD7-RD8,0.0,False,,,,79,sub-HUP144,03,False
RE1-RE2,0.0,False,,,,79,sub-HUP144,03,False
RE5-RE6,0.0,False,,,,79,sub-HUP144,03,False
RE6-RE7,0.0,False,,,,79,sub-HUP144,03,False
RE7-RE8,0.0,False,,,,79,sub-HUP144,03,False
RE8-RE9,0.0,False,,,,79,sub-HUP144,03,False
RE9-RE10,0.0,False,,,,79,sub-HUP144,03,False
RF1-RF2,0.0,False,,,,79,sub-HUP144,03,False
RF2-RF3,0.0,False,,,,79,sub-HUP144,03,False
RK7-RK8,0.0,False,,,,79,sub-HUP144,03,False
RL3-RL4,0.0,False,,,,79,sub-HUP144,03,False
RL6-RL7,0.0,False,,,,79,sub-HUP144,03,False
RL7-RL8,0.0,False,,,,79,sub-HUP144,03,False
RM1-RM2,0.0,False,,,,79,sub-HUP144,03,False
RM2-RM3,0.0,False,,,,79,sub-HUP144,03,False
RM3-RM4,0.0,False,,,,79,sub-HUP144,03,False
RM4-RM5,0.0,False,,,,79,sub-HUP144,03,False
RG1-RG2,1.0,True,-7.75,-6.75,53.612853652557625,1,sub-HUP146,01,False
RB5-RB6,0.6318218627816479,True,-3.5,-1.75,105.85554082437133,2,sub-HUP146,01,False
RG2-RG3,0.5514039005971558,True,-7.25,-6.75,36.95292078270593,3,sub-HUP146,01,False
LG1-LG2,0.4187489116103439,True,-2.25,0.0,84.18871543249932,4,sub-HUP146,01,False
RI3-RI4,0.20242032708761343,True,-7.75,-4.25,10.852331372451065,5,sub-HUP146,01,False
RB4-RB5,0.19455610459657305,True,-3.0,-1.75,35.20363937494871,6,sub-HUP146,01,True
RA3-RA4,0.16118418622963687,True,-6.0,-4.0,16.202895351442713,7,sub-HUP146,01,True
RC4-RC5,0.14076327379196252,True,-7.75,-5.5,7.5467207974633865,8,sub-HUP146,01,False
RA4-RA5,0.11232525234908321,True,-4.0,-3.25,17.31347228257426,9,sub-HUP146,01,True
RF1-RF2,0.10602170476056892,True,-6.75,-6.0,8.52618921198458,10,sub-HUP146,01,True
RA2-RA3,0.08821025208425891,True,-8.75,-3.25,2.3646016678242945,11,sub-HUP146,01,True
RI2-RI3,0.07484619648375711,True,-4.5,-4.25,10.533385218652388,12,sub-HUP146,01,False
RC1-RC2,0.05693277518649995,True,-7.5,-4.25,3.433869612121259,13,sub-HUP146,01,False
RJ4-RJ5,0.0528815079778318,True,-5.5,-4.5,6.024648164801867,14,sub-HUP146,01,False
RK3-RK4,0.04887896183971734,True,-5.5,-4.25,5.568648834078644,15,sub-HUP146,01,False
RA1-RA2,0.04179640678042189,True,-6.75,-3.75,3.3612369598822887,16,sub-HUP146,01,True
RI10-RI11,0.041598473718234406,True,-6.0,-5.5,4.181649156797748,17,sub-HUP146,01,False
RF2-RF3,0.037658463287731384,True,-2.5,0.0,7.318794093716917,18,sub-HUP146,01,True
RK1-RK2,0.03553529183448676,True,-1.5,1.0,7.858737152570965,19,sub-HUP146,01,False
RA8-RA9,0.033247681768213244,True,-0.25,0.25,8.46688971039862,20,sub-HUP146,01,False
RA5-RA6,0.033160438773525425,True,-2.75,-1.0,6.222390128568655,21,sub-HUP146,01,True
RH7-RH8,0.03311687119946135,True,13.75,16.75,20.862007136306026,22,sub-HUP146,01,False
RB8-RB9,0.029409747421682744,True,-1.5,0.0,6.504054498469114,23,sub-HUP146,01,False
RA9-RA10,0.025230192823149172,True,-3.75,0.0,4.0579879063599185,24,sub-HUP146,01,False
RG3-RG4,0.024948828995619954,True,-5.75,-1.25,2.6751558354897176,25,sub-HUP146,01,False
RC3-RC4,0.024558024470170824,True,-6.75,-1.0,1.974938657872796,26,sub-HUP146,01,False
RA10-RA11,0.023406934838278475,True,-5.75,-1.25,2.509825143879153,27,sub-HUP146,01,False
RI9-RI10,0.02319427850489631,True,-6.0,-5.0,2.3315839857368794,28,sub-HUP146,01,False
RA11-RA12,0.022865191095583052,True,-6.75,0.0,1.8388022159178867,29,sub-HUP146,01,False
RD4-RD5,0.022392572383219136,True,-0.75,0.75,5.40238367738624,30,sub-HUP146,01,False
RA7-RA8,0.020484859802064635,True,-3.5,0.0,3.4320368458164117,31,sub-HUP146,01,False
RD3-RD4,0.0200820508173863,True,0.0,2.0,5.248698251139316,32,sub-HUP146,01,False
RA6-RA7,0.015769326497637737,True,-3.5,1.0,2.64199560536641,33,sub-HUP146,01,False
RD6-RD7,0.01570981201482574,True,0.0,1.0,4.105958280742714,34,sub-HUP146,01,False
LH4-LH5,0.014971065331452227,True,-1.75,1.25,3.2105661385521094,35,sub-HUP146,01,False
LG5-LG6,0.014840237073662145,True,19.5,20.75,11.636051579092813,36,sub-HUP146,01,False
RB10-RB11,0.014821924997992847,True,-0.5,2.0,3.675236342920414,37,sub-HUP146,01,False
RB1-RB2,0.014747060316597092,True,-2.25,-0.25,2.9648699495968502,38,sub-HUP146,01,True
RF3-RF4,0.014624026126786096,True,-1.75,1.0,3.136143090186248,39,sub-HUP146,01,False
RI7-RI8,0.014149172677646212,True,1.0,1.75,4.077354191883846,40,sub-HUP146,01,False
RH6-RH7,0.012970289487209534,True,15.0,17.0,8.60525612234976,41,sub-HUP146,01,False
RD5-RD6,0.012854357607771608,True,0.25,2.0,3.4457939661154997,42,sub-HUP146,01,False
LH3-LH4,0.012427152929337475,True,-1.75,2.25,2.6650205252740915,43,sub-HUP146,01,False
RI6-RI7,0.012259656229087073,True,0.0,1.75,3.2042163817984695,44,sub-HUP146,01,False
RI4-RI5,0.01191937354036819,True,-2.25,3.25,2.3963686096872276,45,sub-HUP146,01,False
RD7-RD8,0.011856347393018685,True,0.25,2.25,3.1782630881789693,46,sub-HUP146,01,False
RF4-RF5,0.011788577160031203,True,-0.25,2.75,3.002091494750023,47,sub-HUP146,01,False
RC2-RC3,0.011580128314049682,True,2.25,3.5,3.7250623474739064,48,sub-HUP146,01,False
LH6-LH7,0.011469962270541543,True,-2.0,2.75,2.3828824583672423,49,sub-HUP146,01,False
RD1-RD2,0.011456971117251595,True,0.5,2.5,3.1479846935302955,50,sub-HUP146,01,False
RB9-RB10,0.010836796640607806,True,1.25,2.5,3.195453757954889,51,sub-HUP146,01,False
RK2-RK3,0.010466970216474246,True,0.5,1.75,2.8759662298077546,52,sub-HUP146,01,False
RD2-RD3,0.009817736818264398,True,-0.25,2.75,2.500195214375445,53,sub-HUP146,01,False
LH1-LH2,0.009773397641071302,True,0.25,3.0,2.619898687095038,54,sub-HUP146,01,False
LG2-LG3,0.009675313438850903,True,22.0,24.0,8.234698469605833,55,sub-HUP146,01,False
RI5-RI6,0.00923062068219878,True,0.5,5.25,2.5362595682545988,56,sub-HUP146,01,False
RI8-RI9,0.009080456615440624,True,1.25,5.5,2.6775605539210927,57,sub-HUP146,01,False
LG7-LG8,0.007686259679666529,True,11.25,13.75,4.326864311085918,58,sub-HUP146,01,False
RG6-RG7,0.00728385218238395,True,15.25,17.5,4.881351263512665,59,sub-HUP146,01,False
LG4-LG5,0.00710834882114305,True,21.5,23.5,5.954669766551138,60,sub-HUP146,01,False
RB7-RB8,0.006649522402298723,True,10.75,12.5,3.6541236819919094,61,sub-HUP146,01,False
RF8-RF9,0.005988201028033156,True,21.5,24.0,5.016321021219324,62,sub-HUP146,01,False
LH7-LH8,0.005175046374584469,True,6.0,14.75,2.184910905915644,63,sub-HUP146,01,False
RJ3-RJ4,0.004754218998529775,True,15.5,18.5,3.2179514984298714,64,sub-HUP146,01,False
LG6-LG7,0.004414394216164676,True,11.25,14.0,2.4850168462973024,65,sub-HUP146,01,False
RB6-RB7,0.0038777845981611708,True,16.0,19.25,2.6767008887759696,66,sub-HUP146,01,False
RH4-RH5,0.0037757704892506985,True,23.25,25.0,3.3400922059864193,67,sub-HUP146,01,False
RJ1-RJ2,0.003448692110165003,True,13.5,17.5,2.1493953702169497,68,sub-HUP146,01,False
RH5-RH6,0.003379351378362371,True,21.25,25.0,2.8082383987750155,69,sub-HUP146,01,False
RH2-RH3,0.003276490472400109,True,11.25,19.25,1.8444510440032578,70,sub-HUP146,01,False
RH3-RH4,0.0032118278617517333,True,11.25,18.25,1.808050199647679,71,sub-HUP146,01,False
RF6-RF7,0.003085611019927989,True,18.5,22.0,2.3366763200666716,72,sub-HUP146,01,False
RF5-RF6,0.0028786479555024886,True,25.75,27.0,2.7394024351117072,73,sub-HUP146,01,False
RG5-RG6,0.002842590025171201,True,10.25,17.75,1.5239936301372368,74,sub-HUP146,01,False
LG3-LG4,0.002732041759191235,True,18.5,23.5,2.068924839490765,75,sub-HUP146,01,False
RF9-RF10,0.0027188258694253614,True,14.0,18.75,1.7309476596509394,76,sub-HUP146,01,False
RG4-RG5,0.002623238250475462,True,10.0,23.25,1.388812973133006,77,sub-HUP146,01,False
RG7-RG8,0.002476625972892864,True,14.0,19.25,1.5767504568123356,78,sub-HUP146,01,False
RI1-RI2,0.002375508244139705,True,20.5,26.5,1.9262863596330302,79,sub-HUP146,01,False
RF7-RF8,0.0021936967790368274,True,19.0,23.75,1.690648700355959,80,sub-HUP146,01,False
RF10-RF11,0.002171665226245403,True,17.0,22.25,1.5572401481754534,81,sub-HUP146,01,False
RF11-RF12,0.0016532873541129879,True,18.0,24.0,1.2298446598433632,82,sub-HUP146,01,False
LH2-LH3,0.0,False,,,,83,sub-HUP146,01,False
LH5-LH6,0.0,False,,,,83,sub-HUP146,01,False
RB2-RB3,0.0,False,,,,83,sub-HUP146,01,True
RB3-RB4,0.0,False,,,,83,sub-HUP146,01,True
RH1-RH2,0.0,False,,,,83,sub-HUP146,01,False
RJ2-RJ3,0.0,False,,,,83,sub-HUP146,01,False
RG1-RG2,1.0,True,1.0,1.5,49.72563833664248,1,sub-HUP146,02,False
RK1-RK2,0.778352286647387,True,-7.0,-6.25,6.111168048051575,2,sub-HUP146,02,False
RD4-RD5,0.6180045948099844,True,-7.5,-5.75,3.2348076812531117,3,sub-HUP146,02,False
RI4-RI5,0.604834201808237,True,-7.5,-6.5,3.165870186605076,4,sub-HUP146,02,False
RF10-RF11,0.5538397602250242,True,-6.75,-6.0,5.073164455100432,5,sub-HUP146,02,False
LG2-LG3,0.5209853985963997,True,2.0,2.5,28.633313773410418,6,sub-HUP146,02,False
RI1-RI2,0.47745062463775645,True,-7.25,-6.5,3.123886458465937,7,sub-HUP146,02,False
RC4-RC5,0.4626796539012034,True,2.25,3.25,26.034283390300224,8,sub-HUP146,02,False
RD5-RD6,0.45541865475127974,True,-7.5,-5.75,2.3837877176760403,9,sub-HUP146,02,False
RK2-RK3,0.43165675595203173,True,-6.75,-6.0,3.9539698453756187,10,sub-HUP146,02,False
RA10-RA11,0.42275870891848494,True,-7.25,-6.0,2.766045613598223,11,sub-HUP146,02,False
RI5-RI6,0.31688779236133957,True,-7.0,-6.25,2.4880180667774257,12,sub-HUP146,02,False
RJ2-RJ3,0.30094940657469454,True,-7.0,-5.5,2.362879160362174,13,sub-HUP146,02,False
RJ4-RJ5,0.2898003481878443,True,-6.75,-6.0,2.654567134914543,14,sub-HUP146,02,False
LG3-LG4,0.28560528714943395,True,1.25,2.5,14.575639563610562,15,sub-HUP146,02,False
RJ3-RJ4,0.2730599744186338,True,-6.75,-5.75,2.5012255453967582,16,sub-HUP146,02,False
RG2-RG3,0.24846936785216775,True,1.0,2.25,12.355297923551074,17,sub-HUP146,02,False
RK3-RK4,0.23700245980623524,True,2.75,4.25,13.956037817233618,18,sub-HUP146,02,False
RB6-RB7,0.22877723030009495,True,-5.0,-1.5,4.191192457627842,19,sub-HUP146,02,False
RF1-RF2,0.1846483777413427,True,2.75,4.0,10.873135007779444,20,sub-HUP146,02,True
LH2-LH3,0.14514245615239338,True,-4.0,-1.25,3.4187216598596377,21,sub-HUP146,02,False
RA5-RA6,0.1443648866809601,True,8.75,10.5,13.03489194497205,22,sub-HUP146,02,True
RI7-RI8,0.14027767658896953,True,4.0,6.5,9.178153964167894,23,sub-HUP146,02,False
RA2-RA3,0.1349097163346345,True,4.0,5.5,8.826936529677715,24,sub-HUP146,02,True
RI3-RI4,0.11865735497744591,True,-2.25,-2.0,3.8817846839414996,25,sub-HUP146,02,False
RH1-RH2,0.11059777922543101,True,-4.25,-1.0,2.4603228394787746,26,sub-HUP146,02,False
RI6-RI7,0.0926527737092579,True,-2.0,-1.5,3.1523072690838605,27,sub-HUP146,02,False
RA4-RA5,0.08549160637797436,True,2.25,3.0,4.810483212671033,28,sub-HUP146,02,True
RA1-RA2,0.07474301326165521,True,2.5,5.0,4.3034825791620355,29,sub-HUP146,02,True
RB5-RB6,0.07444498328469887,True,-3.0,-1.0,2.1431614454060863,30,sub-HUP146,02,False
RI2-RI3,0.07326379032055626,True,-2.25,-1.75,2.3967689083234136,31,sub-HUP146,02,False
RF2-RF3,0.07129779294350234,True,2.25,4.0,4.011818827439604,32,sub-HUP146,02,True
LH4-LH5,0.0645718382721852,True,4.0,5.25,4.224836679809014,33,sub-HUP146,02,False
LH1-LH2,0.056967343609663594,True,2.0,5.5,3.130920422736886,34,sub-HUP146,02,False
RB2-RB3,0.05402565878062609,True,5.5,7.0,3.958994228625234,35,sub-HUP146,02,True
RA3-RA4,0.052179665593972475,True,2.5,6.25,3.004351471408531,36,sub-HUP146,02,True
RA7-RA8,0.04959394450878154,True,10.0,11.0,4.802386857276522,37,sub-HUP146,02,False
RC3-RC4,0.04922286584053772,True,8.25,10.75,4.315573011935176,38,sub-HUP146,02,False
RG3-RG4,0.04807951402770177,True,3.75,7.75,3.082853730821271,39,sub-HUP146,02,False
LG1-LG2,0.047213887785859346,True,2.75,6.75,2.780219260073444,40,sub-HUP146,02,False
RA11-RA12,0.04673483367450196,True,2.75,5.25,2.752009859630634,41,sub-HUP146,02,False
LG7-LG8,0.04596607864187609,True,7.5,8.5,3.8495875407151106,42,sub-HUP146,02,False
RC1-RC2,0.04313930652253414,True,2.25,6.25,2.4273834429479755,43,sub-HUP146,02,False
LH5-LH6,0.042494642831522086,True,3.5,8.5,2.6691451461285025,44,sub-HUP146,02,False
RB1-RB2,0.04065653998257952,True,2.5,8.0,2.3408838352760983,45,sub-HUP146,02,True
RD7-RD8,0.0406525557496169,True,3.0,13.0,2.4470478182794664,46,sub-HUP146,02,False
RH2-RH3,0.03958389895575181,True,5.25,7.75,2.8489054049614553,47,sub-HUP146,02,False
RD6-RD7,0.03732662026554807,True,9.25,13.0,3.4679576683005826,48,sub-HUP146,02,False
RA6-RA7,0.03697010912624044,True,7.25,11.0,3.047811141255031,49,sub-HUP146,02,False
RD1-RD2,0.03525323252385205,True,11.5,13.5,3.6905041909023764,50,sub-HUP146,02,False
LG5-LG6,0.03520287911995925,True,6.25,7.5,2.717859276213962,51,sub-HUP146,02,False
LG4-LG5,0.03475561523116799,True,2.75,8.0,2.046606102417508,52,sub-HUP146,02,False
RG5-RG6,0.032432134195055855,True,3.5,10.75,2.0371055690132245,53,sub-HUP146,02,False
RB8-RB9,0.031560640957600646,True,26.75,28.25,5.823199882320233,54,sub-HUP146,02,False
RF3-RF4,0.03103905669868302,True,10.0,13.25,3.0056402939601226,55,sub-HUP146,02,False
RB10-RB11,0.030259465938651368,True,23.0,24.5,4.989173123689252,56,sub-HUP146,02,False
RD3-RD4,0.029812149505350466,True,11.75,13.25,3.1599126660952304,57,sub-HUP146,02,False
RD2-RD3,0.02972317585936738,True,5.0,12.25,2.1003213216306196,58,sub-HUP146,02,False
RF4-RF5,0.0289267117662139,True,9.5,13.5,2.7253879722095737,59,sub-HUP146,02,False
LH3-LH4,0.02880123782321606,True,8.25,14.0,2.52512409705806,60,sub-HUP146,02,False
RB7-RB8,0.02642209733607636,True,12.75,14.0,2.93888765209185,61,sub-HUP146,02,False
RB4-RB5,0.02603171082525349,True,11.75,14.25,2.7592083805323657,62,sub-HUP146,02,True
LH6-LH7,0.025400997293937386,True,11.5,13.5,2.659117483849189,63,sub-HUP146,02,False
RA8-RA9,0.02491273273456203,True,10.75,13.25,2.5102031163445386,64,sub-HUP146,02,False
LG6-LG7,0.022063112473640317,True,7.5,8.75,1.8477513287493117,65,sub-HUP146,02,False
RB3-RB4,0.02201055240945801,True,11.25,13.75,2.2753845454603017,66,sub-HUP146,02,True
RB9-RB10,0.020467567131533703,True,23.0,24.75,3.3746873142766596,67,sub-HUP146,02,False
RC2-RC3,0.020385007322715188,True,12.5,18.5,2.2407165825265287,68,sub-HUP146,02,False
RF9-RF10,0.018634740267189625,True,25.25,29.75,3.291954945478365,69,sub-HUP146,02,False
RF5-RF6,0.017271659302728185,True,18.75,27.0,2.463527025046509,70,sub-HUP146,02,False
RJ1-RJ2,0.014360971992482784,True,21.25,26.5,2.236287143048454,71,sub-HUP146,02,False
LH7-LH8,0.0,False,,,,72,sub-HUP146,02,False
RA9-RA10,0.0,False,,,,72,sub-HUP146,02,False
RF11-RF12,0.0,False,,,,72,sub-HUP146,02,False
RF6-RF7,0.0,False,,,,72,sub-HUP146,02,False
RF7-RF8,0.0,False,,,,72,sub-HUP146,02,False
RF8-RF9,0.0,False,,,,72,sub-HUP146,02,False
RG4-RG5,0.0,False,,,,72,sub-HUP146,02,False
RG6-RG7,0.0,False,,,,72,sub-HUP146,02,False
RG7-RG8,0.0,False,,,,72,sub-HUP146,02,False
RH3-RH4,0.0,False,,,,72,sub-HUP146,02,False
RH4-RH5,0.0,False,,,,72,sub-HUP146,02,False
RH5-RH6,0.0,False,,,,72,sub-HUP146,02,False
RH6-RH7,0.0,False,,,,72,sub-HUP146,02,False
RH7-RH8,0.0,False,,,,72,sub-HUP146,02,False
RI10-RI11,0.0,False,,,,72,sub-HUP146,02,False
RI8-RI9,0.0,False,,,,72,sub-HUP146,02,False
RI9-RI10,0.0,False,,,,72,sub-HUP146,02,False
RF11-RF12,1.0,True,-7.5,-6.25,4.71549959021955,1,sub-HUP146,03,False
RG1-RG2,0.9495972086906409,True,0.5,2.5,40.300427236089114,2,sub-HUP146,03,False
RA3-RA4,0.8242221225977453,True,1.75,3.0,39.83784558393545,3,sub-HUP146,03,True
RF10-RF11,0.7347506967930086,True,-7.5,-6.0,3.4647166096409614,4,sub-HUP146,03,False
RI2-RI3,0.5379824799418642,True,-7.5,-5.75,2.536856163711158,5,sub-HUP146,03,False
RI5-RI6,0.47338224938738466,True,-7.5,-1.5,2.2322338030034214,6,sub-HUP146,03,False
RJ4-RJ5,0.32310459785532936,True,-2.75,-1.25,8.760697693012933,7,sub-HUP146,03,False
RC4-RC5,0.3097122274269815,True,0.0,0.5,12.413806992902282,8,sub-HUP146,03,False
RD4-RD5,0.28731699891347606,True,-7.0,-6.0,2.032264785959411,9,sub-HUP146,03,False
RA1-RA2,0.17355431013438763,True,0.5,2.25,7.3655575048758735,10,sub-HUP146,03,True
RA2-RA3,0.16342555960091135,True,0.75,2.25,7.128356723797857,11,sub-HUP146,03,True
RF1-RF2,0.15912788168214131,True,0.0,1.0,6.378123417349461,12,sub-HUP146,03,True
LH7-LH8,0.15596638806181673,True,-4.5,-1.75,2.9418377559740803,13,sub-HUP146,03,False
RK3-RK4,0.13789324184291116,True,0.0,1.0,5.527001965936489,14,sub-HUP146,03,False
RJ1-RJ2,0.13074286100578925,True,-4.75,-2.0,2.3119421531134905,15,sub-HUP146,03,False
RI6-RI7,0.12968070240245413,True,2.75,3.75,6.879479614179255,16,sub-HUP146,03,False
RA4-RA5,0.11324881831236479,True,0.75,3.0,4.939728996189441,17,sub-HUP146,03,True
RB2-RB3,0.11038440356288856,True,2.5,4.75,5.725693707441736,18,sub-HUP146,03,True
RA5-RA6,0.10291717053811011,True,4.25,5.75,6.187649912612426,19,sub-HUP146,03,True
RG3-RG4,0.10283417987920453,True,-3.0,3.5,2.6670299319452386,20,sub-HUP146,03,False
RI3-RI4,0.08603660622568837,True,2.0,3.25,4.2599086047117005,21,sub-HUP146,03,False
RI4-RI5,0.07610872137500349,True,2.0,6.5,3.7683517667876103,22,sub-HUP146,03,False
LG2-LG3,0.07527583562796357,True,5.75,6.5,5.058225201813625,23,sub-HUP146,03,False
RB1-RB2,0.07487053912880588,True,0.5,5.0,3.177467969232608,24,sub-HUP146,03,True
RG2-RG3,0.07239804596659713,True,0.5,2.0,3.0725366047936644,25,sub-HUP146,03,False
LH2-LH3,0.06218578350628092,True,5.0,6.25,3.958699994658216,26,sub-HUP146,03,False
RA11-RA12,0.06112234345525809,True,10.0,11.0,5.332114132055771,27,sub-HUP146,03,False
LG1-LG2,0.05020487338789954,True,2.0,6.75,2.4857811288204794,28,sub-HUP146,03,False
RD2-RD3,0.05019300891047624,True,5.0,7.0,3.1952490248146983,29,sub-HUP146,03,False
RF2-RF3,0.04589467239529233,True,3.0,7.5,2.488787552042507,30,sub-HUP146,03,True
RK2-RK3,0.04432238417231696,True,9.0,11.25,3.657538227036997,31,sub-HUP146,03,False
RK1-RK2,0.04239933957016389,True,3.0,10.25,2.2992417862399046,32,sub-HUP146,03,False
LH5-LH6,0.04222373731180743,True,11.25,12.25,3.9323438158294763,33,sub-HUP146,03,False
LH3-LH4,0.03735081183923661,True,5.5,7.75,2.4657883309120288,34,sub-HUP146,03,False
LH6-LH7,0.03237671648101046,True,3.25,12.0,1.793900621261598,35,sub-HUP146,03,False
RH1-RH2,0.03225376100216852,True,5.25,8.0,2.0912732058455186,36,sub-HUP146,03,False
RD1-RD2,0.031387513382346396,True,11.0,13.25,2.886152226603069,37,sub-HUP146,03,False
RC3-RC4,0.03128266772965952,True,6.0,12.0,2.1389443994726656,38,sub-HUP146,03,False
LG7-LG8,0.030870465354632358,True,3.5,10.5,1.7468360007558683,39,sub-HUP146,03,False
LG4-LG5,0.02596546361783963,True,7.5,9.0,1.959042128796535,40,sub-HUP146,03,False
RD5-RD6,0.024561158047296777,True,10.0,12.0,2.142635418085893,41,sub-HUP146,03,False
RC1-RC2,0.023534522846920484,True,10.5,18.5,2.1085636239726573,42,sub-HUP146,03,False
RD7-RD8,0.021714623140675134,True,18.75,23.25,2.790271830214296,43,sub-HUP146,03,False
RC2-RC3,0.019966940347948114,True,22.75,25.75,2.942315594646485,44,sub-HUP146,03,False
LH4-LH5,0.01382214300861319,True,23.75,29.5,2.1020004876015568,45,sub-HUP146,03,False
RI10-RI11,0.011978694560182903,True,18.5,24.75,1.5251092908275061,46,sub-HUP146,03,False
LG3-LG4,0.0,False,,,,47,sub-HUP146,03,False
LG5-LG6,0.0,False,,,,47,sub-HUP146,03,False
LG6-LG7,0.0,False,,,,47,sub-HUP146,03,False
LH1-LH2,0.0,False,,,,47,sub-HUP146,03,False
RA10-RA11,0.0,False,,,,47,sub-HUP146,03,False
RA6-RA7,0.0,False,,,,47,sub-HUP146,03,False
RA7-RA8,0.0,False,,,,47,sub-HUP146,03,False
RA8-RA9,0.0,False,,,,47,sub-HUP146,03,False
RA9-RA10,0.0,False,,,,47,sub-HUP146,03,False
RB10-RB11,0.0,False,,,,47,sub-HUP146,03,False
RB3-RB4,0.0,False,,,,47,sub-HUP146,03,True
RB4-RB5,0.0,False,,,,47,sub-HUP146,03,True
RB5-RB6,0.0,False,,,,47,sub-HUP146,03,False
RB6-RB7,0.0,False,,,,47,sub-HUP146,03,False
RB7-RB8,0.0,False,,,,47,sub-HUP146,03,False
RB8-RB9,0.0,False,,,,47,sub-HUP146,03,False
RB9-RB10,0.0,False,,,,47,sub-HUP146,03,False
RD3-RD4,0.0,False,,,,47,sub-HUP146,03,False
RD6-RD7,0.0,False,,,,47,sub-HUP146,03,False
RF3-RF4,0.0,False,,,,47,sub-HUP146,03,False
RF4-RF5,0.0,False,,,,47,sub-HUP146,03,False
RF5-RF6,0.0,False,,,,47,sub-HUP146,03,False
RF6-RF7,0.0,False,,,,47,sub-HUP146,03,False
RF7-RF8,0.0,False,,,,47,sub-HUP146,03,False
RF8-RF9,0.0,False,,,,47,sub-HUP146,03,False
RF9-RF10,0.0,False,,,,47,sub-HUP146,03,False
RG4-RG5,0.0,False,,,,47,sub-HUP146,03,False
RG5-RG6,0.0,False,,,,47,sub-HUP146,03,False
RG6-RG7,0.0,False,,,,47,sub-HUP146,03,False
RG7-RG8,0.0,False,,,,47,sub-HUP146,03,False
RH2-RH3,0.0,False,,,,47,sub-HUP146,03,False
RH3-RH4,0.0,False,,,,47,sub-HUP146,03,False
RH4-RH5,0.0,False,,,,47,sub-HUP146,03,False
RH5-RH6,0.0,False,,,,47,sub-HUP146,03,False
RH6-RH7,0.0,False,,,,47,sub-HUP146,03,False
RH7-RH8,0.0,False,,,,47,sub-HUP146,03,False
RI1-RI2,0.0,False,,,,47,sub-HUP146,03,False
RI7-RI8,0.0,False,,,,47,sub-HUP146,03,False
RI8-RI9,0.0,False,,,,47,sub-HUP146,03,False
RI9-RI10,0.0,False,,,,47,sub-HUP146,03,False
RJ2-RJ3,0.0,False,,,,47,sub-HUP146,03,False
RJ3-RJ4,0.0,False,,,,47,sub-HUP146,03,False
LD3-LD4,1.0,True,-10.0,-9.25,24.205012874398655,1,sub-HUP148,01,True
LD5-LD6,0.8417045522236806,True,-10.0,-9.75,20.373469523014144,2,sub-HUP148,01,True
LD4-LD5,0.6782474103136027,True,-10.0,-9.25,16.4169872986683,3,sub-HUP148,01,True
LC2-LC3,0.24497566403384732,True,-9.75,-8.5,7.4120488773170425,4,sub-HUP148,01,True
LC8-LC9,0.17345219168104162,True,-7.75,-6.75,13.644840731379896,5,sub-HUP148,01,False
LC6-LC7,0.15644583623853714,True,-9.0,-7.0,7.573546960599711,6,sub-HUP148,01,False
LC5-LC6,0.12697511273520912,True,-7.75,-7.0,9.988661275072861,7,sub-HUP148,01,False
LC4-LC5,0.11759635681687783,True,-7.75,-7.0,9.250869324888445,8,sub-HUP148,01,True
LC9-LC10,0.09867304531085112,True,-7.25,-5.25,8.956433745394776,9,sub-HUP148,01,False
LD2-LD3,0.09849082770533685,True,-5.25,-4.25,13.707837577552684,10,sub-HUP148,01,True
LC7-LC8,0.08555767296559338,True,-7.75,-6.25,6.730504870816278,11,sub-HUP148,01,False
LD1-LD2,0.07676021457563131,True,-5.5,-4.25,10.218900901246176,12,sub-HUP148,01,True
LB8-LB9,0.05545102946554861,True,-6.0,-4.25,6.710964410561317,13,sub-HUP148,01,False
LG1-LG2,0.04944795805201078,True,-8.5,-4.25,2.992221153154114,14,sub-HUP148,01,False
LB3-LB4,0.03846151019339463,True,-6.75,-3.0,3.9565857349497113,15,sub-HUP148,01,True
LB7-LB8,0.036422211089515974,True,-7.75,-4.0,2.865200287091349,16,sub-HUP148,01,False
RB4-RB5,0.03477836232006743,True,-7.25,-6.25,3.1567901539039998,17,sub-HUP148,01,True
LD7-LD8,0.03460395454875261,True,-6.25,-4.75,3.9785485354488985,18,sub-HUP148,01,False
LD6-LD7,0.033248985584892574,True,-5.25,-4.0,4.627554713822366,19,sub-HUP148,01,True
LA5-LA6,0.03100905539986985,True,-4.75,-3.5,4.6910911573549425,20,sub-HUP148,01,False
LC10-LC11,0.03091766381235492,True,-5.5,-3.75,4.115993478434092,21,sub-HUP148,01,False
LA4-LA5,0.03022132245948581,True,-4.5,-2.75,4.754798744885847,22,sub-HUP148,01,False
LA10-LA11,0.01977342428473615,True,-3.5,-1.25,3.589619920372391,23,sub-HUP148,01,False
LI4-LI5,0.01858196669685417,True,-4.75,-3.25,2.811104644556264,24,sub-HUP148,01,True
LA7-LA8,0.01696739955714704,True,-2.0,0.75,3.6962651225322913,25,sub-HUP148,01,False
LA8-LA9,0.015995659643416423,True,-5.0,0.5,2.3230508856203613,26,sub-HUP148,01,False
LA1-LA2,0.015734176179136687,True,-4.0,-3.25,2.6659215588884213,27,sub-HUP148,01,False
LI5-LI6,0.010993595563199668,True,-1.75,5.25,2.4614261298244138,28,sub-HUP148,01,True
LA11-LA12,0.010981522858540153,True,-1.75,-0.75,2.4587230950860746,29,sub-HUP148,01,False
LI9-LI10,0.010630422099078263,True,1.25,3.5,3.1520414211638963,30,sub-HUP148,01,False
LF2-LF3,0.009948578421420839,True,2.5,3.0,3.250873828428157,31,sub-HUP148,01,False
LF3-LF4,0.00870569988336713,True,2.5,3.0,2.844741299726956,32,sub-HUP148,01,False
LI10-LI11,0.0062825542327658865,True,3.25,5.25,2.1669876117569364,33,sub-HUP148,01,False
LI3-LI4,0.005380568029119461,True,8.5,10.0,2.53961600912008,34,sub-HUP148,01,True
LB9-LB10,0.00537103477382766,True,9.25,9.75,2.6326208084491634,35,sub-HUP148,01,False
LI6-LI7,0.004875930252190211,True,8.75,9.75,2.3309336019464455,36,sub-HUP148,01,True
LA2-LA3,0.004611401526042943,True,10.25,10.75,2.3719044577714348,37,sub-HUP148,01,False
LI8-LI9,0.003724673862868903,True,14.5,15.0,2.2989723594937885,38,sub-HUP148,01,True
LI1-LI2,0.0031872041557310755,True,28.75,29.5,3.0665661255066015,39,sub-HUP148,01,True
LA3-LA4,0.0,False,,,,40,sub-HUP148,01,False
LA6-LA7,0.0,False,,,,40,sub-HUP148,01,False
LA9-LA10,0.0,False,,,,40,sub-HUP148,01,False
LB1-LB2,0.0,False,,,,40,sub-HUP148,01,True
LB2-LB3,0.0,False,,,,40,sub-HUP148,01,True
LB4-LB5,0.0,False,,,,40,sub-HUP148,01,True
LB5-LB6,0.0,False,,,,40,sub-HUP148,01,False
LB6-LB7,0.0,False,,,,40,sub-HUP148,01,False
LC1-LC2,0.0,False,,,,40,sub-HUP148,01,True
LC11-LC12,0.0,False,,,,40,sub-HUP148,01,False
LC3-LC4,0.0,False,,,,40,sub-HUP148,01,True
LD10-LD11,0.0,False,,,,40,sub-HUP148,01,False
LD11-LD12,0.0,False,,,,40,sub-HUP148,01,False
LD8-LD9,0.0,False,,,,40,sub-HUP148,01,False
LD9-LD10,0.0,False,,,,40,sub-HUP148,01,False
LE1-LE2,0.0,False,,,,40,sub-HUP148,01,False
LE2-LE3,0.0,False,,,,40,sub-HUP148,01,False
LE3-LE4,0.0,False,,,,40,sub-HUP148,01,False
LE4-LE5,0.0,False,,,,40,sub-HUP148,01,False
LE5-LE6,0.0,False,,,,40,sub-HUP148,01,False
LE6-LE7,0.0,False,,,,40,sub-HUP148,01,False
LE7-LE8,0.0,False,,,,40,sub-HUP148,01,False
LF1-LF2,0.0,False,,,,40,sub-HUP148,01,False
LF4-LF5,0.0,False,,,,40,sub-HUP148,01,False
LF5-LF6,0.0,False,,,,40,sub-HUP148,01,False
LF6-LF7,0.0,False,,,,40,sub-HUP148,01,False
LF7-LF8,0.0,False,,,,40,sub-HUP148,01,False
LG2-LG3,0.0,False,,,,40,sub-HUP148,01,False
LG3-LG4,0.0,False,,,,40,sub-HUP148,01,False
LG4-LG5,0.0,False,,,,40,sub-HUP148,01,False
LG5-LG6,0.0,False,,,,40,sub-HUP148,01,False
LG6-LG7,0.0,False,,,,40,sub-HUP148,01,False
LG7-LG8,0.0,False,,,,40,sub-HUP148,01,False
LH1-LH2,0.0,False,,,,40,sub-HUP148,01,False
LH10-LH11,0.0,False,,,,40,sub-HUP148,01,False
LH2-LH3,0.0,False,,,,40,sub-HUP148,01,False
LH3-LH4,0.0,False,,,,40,sub-HUP148,01,False
LH4-LH5,0.0,False,,,,40,sub-HUP148,01,False
LH5-LH6,0.0,False,,,,40,sub-HUP148,01,False
LH6-LH7,0.0,False,,,,40,sub-HUP148,01,False
LH7-LH8,0.0,False,,,,40,sub-HUP148,01,False
LH8-LH9,0.0,False,,,,40,sub-HUP148,01,False
LH9-LH10,0.0,False,,,,40,sub-HUP148,01,False
LI2-LI3,0.0,False,,,,40,sub-HUP148,01,True
LI7-LI8,0.0,False,,,,40,sub-HUP148,01,True
RB1-RB2,0.0,False,,,,40,sub-HUP148,01,True
RB2-RB3,0.0,False,,,,40,sub-HUP148,01,True
RB3-RB4,0.0,False,,,,40,sub-HUP148,01,True
RB5-RB6,0.0,False,,,,40,sub-HUP148,01,False
RB6-RB7,0.0,False,,,,40,sub-HUP148,01,False
RB7-RB8,0.0,False,,,,40,sub-HUP148,01,False
RB8-RB9,0.0,False,,,,40,sub-HUP148,01,False
LC2-LC3,1.0,True,-10.0,-9.75,82.15287119777267,1,sub-HUP148,02,True
LD2-LD3,0.5485637393406667,True,-10.0,-9.25,45.06608622182233,2,sub-HUP148,02,True
LD3-LD4,0.20232798683915912,True,-10.0,-8.75,16.621825042502085,3,sub-HUP148,02,True
LD1-LD2,0.17234317018460693,True,-10.0,-8.5,14.158486261991829,4,sub-HUP148,02,True
LD4-LD5,0.112425772803115,True,-9.0,-8.75,18.47220006480872,5,sub-HUP148,02,True
LC4-LC5,0.08103994915434955,True,-9.0,-8.5,13.315329009502651,6,sub-HUP148,02,True
LC3-LC4,0.08028927366281771,True,-8.0,-7.5,19.787983073352557,7,sub-HUP148,02,True
LC7-LC8,0.07788247984605176,True,-9.75,-8.75,7.99783666919477,8,sub-HUP148,02,False
LC5-LC6,0.07489489980957374,True,-10.0,-6.75,6.152831057426001,9,sub-HUP148,02,False
LC6-LC7,0.05012224005029091,True,-9.25,-8.25,7.205950379241936,10,sub-HUP148,02,False
LE1-LE2,0.04079358369634016,True,-8.75,-7.0,7.540447560977233,11,sub-HUP148,02,False
LD5-LD6,0.037085166877002015,True,-8.5,-8.0,7.61663234448563,12,sub-HUP148,02,True
LC9-LC10,0.03587756244874421,True,-8.75,-6.5,6.63175072516889,13,sub-HUP148,02,False
LA5-LA6,0.03470278871029962,True,-9.0,-6.25,5.7018674622415295,14,sub-HUP148,02,False
LC8-LC9,0.032621979953133054,True,-9.0,-6.5,5.3599786346121245,15,sub-HUP148,02,False
LA7-LA8,0.02562641556397433,True,-9.5,-8.75,3.15792542563167,16,sub-HUP148,02,False
LB3-LB4,0.020361062983873076,True,-8.5,-5.0,4.181799461909654,17,sub-HUP148,02,True
LA4-LA5,0.01674883991329412,True,-6.5,-4.25,6.191843796490346,18,sub-HUP148,02,False
LB2-LB3,0.016515559958059818,True,-8.0,-5.5,4.070402009980741,19,sub-HUP148,02,True
LB8-LB9,0.013076986144071736,True,-6.75,-2.25,4.565825822983179,20,sub-HUP148,02,False
LC1-LC2,0.010820435112796867,True,-6.0,-4.0,4.444649060627289,21,sub-HUP148,02,True
LC10-LC11,0.0095992689388839,True,-6.75,-3.75,3.3515818950978633,22,sub-HUP148,02,False
LA10-LA11,0.00922842642576929,True,-6.75,-3.25,3.222102341935971,23,sub-HUP148,02,False
LI5-LI6,0.006282575400541956,True,-4.25,-3.5,3.483888351779374,24,sub-HUP148,02,True
LI3-LI4,0.005464247837850171,True,-5.5,-3.0,2.468970068485871,25,sub-HUP148,02,True
LI1-LI2,0.0045422510780911305,True,-4.0,0.75,2.612112774364553,26,sub-HUP148,02,True
LB7-LB8,0.0037993884369974125,True,-1.75,0.5,2.8872086872783362,27,sub-HUP148,02,False
LF2-LF3,0.0036605418264195216,True,12.25,13.25,6.9918334924327326,28,sub-HUP148,02,False
LA2-LA3,0.003207427223822085,True,4.5,5.5,4.0842400117207225,29,sub-HUP148,02,False
LA8-LA9,0.0025949800982441053,True,7.25,11.5,3.8906274503359244,30,sub-HUP148,02,False
LB6-LB7,0.002382930999605322,True,27.25,28.75,7.487996848253656,31,sub-HUP148,02,False
LF3-LF4,0.0022911634503757702,True,16.0,18.0,5.082092707457657,32,sub-HUP148,02,False
LA1-LA2,0.0020669897468328013,True,11.25,13.5,3.7782534192604493,33,sub-HUP148,02,False
LA3-LA4,0.0018682872926893406,True,13.0,14.0,3.683643967601827,34,sub-HUP148,02,False
RB1-RB2,0.0018035158585145987,True,14.25,15.5,3.741141152199179,35,sub-HUP148,02,True
RB3-RB4,0.0012467623504298826,True,11.0,13.25,2.253352349360166,36,sub-HUP148,02,True
LB9-LB10,0.0011948769606991841,True,11.0,19.75,2.1595766070891353,37,sub-HUP148,02,False
LA6-LA7,0.0011673104988097632,True,28.75,30.0,3.8119418849969184,38,sub-HUP148,02,False
LB1-LB2,0.0011621737180522208,True,12.5,22.5,2.2436838325616457,39,sub-HUP148,02,True
LE5-LE6,0.001159078923772376,True,16.75,19.5,2.642401107533118,40,sub-HUP148,02,False
LE3-LE4,0.0008416333577378232,True,17.25,28.5,1.953278360560057,41,sub-HUP148,02,False
LB5-LB6,0.000813357796691615,True,20.0,24.5,2.071410027588623,42,sub-HUP148,02,False
LF1-LF2,0.0007898260987346267,True,20.25,25.25,2.0277025549370338,43,sub-HUP148,02,False
LA11-LA12,0.0,False,,,,44,sub-HUP148,02,False
LA9-LA10,0.0,False,,,,44,sub-HUP148,02,False
LB4-LB5,0.0,False,,,,44,sub-HUP148,02,True
LC11-LC12,0.0,False,,,,44,sub-HUP148,02,False
LD10-LD11,0.0,False,,,,44,sub-HUP148,02,False
LD11-LD12,0.0,False,,,,44,sub-HUP148,02,False
LD6-LD7,0.0,False,,,,44,sub-HUP148,02,True
LD7-LD8,0.0,False,,,,44,sub-HUP148,02,False
LD8-LD9,0.0,False,,,,44,sub-HUP148,02,False
LD9-LD10,0.0,False,,,,44,sub-HUP148,02,False
LE2-LE3,0.0,False,,,,44,sub-HUP148,02,False
LE4-LE5,0.0,False,,,,44,sub-HUP148,02,False
LE6-LE7,0.0,False,,,,44,sub-HUP148,02,False
LE7-LE8,0.0,False,,,,44,sub-HUP148,02,False
LF4-LF5,0.0,False,,,,44,sub-HUP148,02,False
LF5-LF6,0.0,False,,,,44,sub-HUP148,02,False
LF6-LF7,0.0,False,,,,44,sub-HUP148,02,False
LF7-LF8,0.0,False,,,,44,sub-HUP148,02,False
LG1-LG2,0.0,False,,,,44,sub-HUP148,02,False
LG2-LG3,0.0,False,,,,44,sub-HUP148,02,False
LG3-LG4,0.0,False,,,,44,sub-HUP148,02,False
LG4-LG5,0.0,False,,,,44,sub-HUP148,02,False
LG5-LG6,0.0,False,,,,44,sub-HUP148,02,False
LG6-LG7,0.0,False,,,,44,sub-HUP148,02,False
LG7-LG8,0.0,False,,,,44,sub-HUP148,02,False
LH1-LH2,0.0,False,,,,44,sub-HUP148,02,False
LH10-LH11,0.0,False,,,,44,sub-HUP148,02,False
LH2-LH3,0.0,False,,,,44,sub-HUP148,02,False
LH3-LH4,0.0,False,,,,44,sub-HUP148,02,False
LH4-LH5,0.0,False,,,,44,sub-HUP148,02,False
LH5-LH6,0.0,False,,,,44,sub-HUP148,02,False
LH6-LH7,0.0,False,,,,44,sub-HUP148,02,False
LH7-LH8,0.0,False,,,,44,sub-HUP148,02,False
LH8-LH9,0.0,False,,,,44,sub-HUP148,02,False
LH9-LH10,0.0,False,,,,44,sub-HUP148,02,False
LI10-LI11,0.0,False,,,,44,sub-HUP148,02,False
LI2-LI3,0.0,False,,,,44,sub-HUP148,02,True
LI4-LI5,0.0,False,,,,44,sub-HUP148,02,True
LI6-LI7,0.0,False,,,,44,sub-HUP148,02,True
LI7-LI8,0.0,False,,,,44,sub-HUP148,02,True
LI8-LI9,0.0,False,,,,44,sub-HUP148,02,True
LI9-LI10,0.0,False,,,,44,sub-HUP148,02,False
RB2-RB3,0.0,False,,,,44,sub-HUP148,02,True
RB4-RB5,0.0,False,,,,44,sub-HUP148,02,True
RB5-RB6,0.0,False,,,,44,sub-HUP148,02,False
RB6-RB7,0.0,False,,,,44,sub-HUP148,02,False
RB7-RB8,0.0,False,,,,44,sub-HUP148,02,False
RB8-RB9,0.0,False,,,,44,sub-HUP148,02,False
LC5-LC6,1.0,True,-10.0,-8.5,22.562995916402663,1,sub-HUP148,03,False
LD5-LD6,0.9589915451118793,True,-9.75,-8.75,27.047152895280014,2,sub-HUP148,03,True
LD4-LD5,0.6339603667610575,True,-9.5,-8.25,21.45606774958631,3,sub-HUP148,03,True
LC4-LC5,0.6117512914937818,True,-10.0,-9.0,13.802941891828254,4,sub-HUP148,03,True
LD2-LD3,0.4539224457631282,True,-9.0,-8.0,20.48370058023394,5,sub-HUP148,03,True
LD1-LD2,0.29654245941492485,True,-10.0,-7.75,6.690886300818951,6,sub-HUP148,03,True
LC8-LC9,0.2769581408405403,True,-9.5,-8.25,9.373508101199377,7,sub-HUP148,03,False
LD3-LD4,0.2759990715896035,True,-9.5,-8.5,9.341048887810725,8,sub-HUP148,03,True
LD6-LD7,0.27548036014153626,True,-9.5,-8.5,9.323493361383926,9,sub-HUP148,03,True
LC9-LC10,0.262707359827945,True,-9.5,-8.25,8.891197630510273,10,sub-HUP148,03,False
LC3-LC4,0.19879186384999373,True,-9.5,-7.0,6.728010018392223,11,sub-HUP148,03,True
LE1-LE2,0.17432456788010797,True,-9.75,-8.0,4.916605641509419,12,sub-HUP148,03,False
LC2-LC3,0.1288974937841381,True,-9.5,-4.5,4.362470438829067,13,sub-HUP148,03,True
LC1-LC2,0.10137273290992606,True,-9.0,-7.25,4.5745451173624785,14,sub-HUP148,03,True
LE3-LE4,0.09580405615521113,True,-9.5,-8.0,3.2424397917072603,15,sub-HUP148,03,False
LC7-LC8,0.0735893181445491,True,-5.75,-5.25,8.717076295128168,16,sub-HUP148,03,False
LC6-LC7,0.07326991948456847,True,-6.0,-5.0,8.265944470627351,17,sub-HUP148,03,False
LG5-LG6,0.06591661787628901,True,-8.5,-6.5,3.718190949914459,18,sub-HUP148,03,False
LG6-LG7,0.05980348004886177,True,-9.0,-7.0,2.698691352258272,19,sub-HUP148,03,False
LB1-LB2,0.05433219348371965,True,-8.0,-3.0,3.6776911791070974,20,sub-HUP148,03,True
LB2-LB3,0.049676065441872884,True,-4.5,-3.0,7.28546560110154,21,sub-HUP148,03,True
LH8-LH9,0.04858416785709363,True,-8.25,-6.75,3.014562047643919,22,sub-HUP148,03,False
LB3-LB4,0.04175620914549576,True,-5.75,-2.0,4.94626217627995,23,sub-HUP148,03,True
LH4-LH5,0.037258494510325396,True,-8.0,-7.25,2.5219897784633485,24,sub-HUP148,03,False
LC10-LC11,0.03302100953099662,True,-7.0,-0.25,2.9802116128134806,25,sub-HUP148,03,False
LB4-LB5,0.031059959352313767,True,-6.5,0.0,3.1536258121344964,26,sub-HUP148,03,True
LA4-LA5,0.030880813014282048,True,-4.0,-1.25,4.87734560555508,27,sub-HUP148,03,False
LA1-LA2,0.029709354761181878,True,-4.25,-1.25,4.524741338549656,28,sub-HUP148,03,False
LB7-LB8,0.02804668640043057,True,-5.25,-4.75,3.638699306648861,29,sub-HUP148,03,False
LI2-LI3,0.027976778098883354,True,-5.25,-4.25,3.629629597495449,30,sub-HUP148,03,True
LB8-LB9,0.027557290567110326,True,-5.0,-3.75,3.730650207196991,31,sub-HUP148,03,False
LA6-LA7,0.02620648618151492,True,-3.25,-1.5,4.582550515400075,32,sub-HUP148,03,False
RB8-RB9,0.02357559480458636,True,-6.25,-5.75,2.5266962341875674,33,sub-HUP148,03,False
LI8-LI9,0.019455253608896064,True,-5.25,-4.5,2.5240706444480754,34,sub-HUP148,03,True
LA5-LA6,0.018801431346295378,True,-3.0,-1.25,3.393732949511901,35,sub-HUP148,03,False
LG2-LG3,0.017430190252802492,True,-2.0,-1.0,3.539495803464937,36,sub-HUP148,03,False
LE6-LE7,0.016274670195767997,True,-1.75,0.25,3.3966491838031994,37,sub-HUP148,03,False
LA2-LA3,0.015105864998273258,True,-2.0,1.75,3.067502132427925,38,sub-HUP148,03,False
LE7-LE8,0.014371360542792628,True,-1.5,0.0,3.080479017781714,39,sub-HUP148,03,False
LA3-LA4,0.013519010381352963,True,12.0,13.5,7.015675648650257,40,sub-HUP148,03,False
RB2-RB3,0.011817607723312043,True,6.0,9.5,4.532890791646549,41,sub-HUP148,03,True
LA8-LA9,0.009641657321339474,True,7.0,9.0,3.9158041458372543,42,sub-HUP148,03,False
LF2-LF3,0.009437559659776397,True,12.25,15.0,4.950846166495936,43,sub-HUP148,03,False
LB9-LB10,0.00875194217173995,True,8.25,9.25,3.8012981830200445,44,sub-HUP148,03,False
LB5-LB6,0.007681755354907666,True,16.25,18.5,4.7230630506727165,45,sub-HUP148,03,False
LA7-LA8,0.007635138727079585,True,7.25,9.75,3.1439567715448273,46,sub-HUP148,03,False
LE5-LE6,0.007601711222253662,True,15.25,17.5,4.502331205716269,47,sub-HUP148,03,False
RB1-RB2,0.007498782983591837,True,11.0,13.75,3.722290216408992,48,sub-HUP148,03,True
LI6-LI7,0.006510489440509606,True,25.0,26.25,5.2882612797600315,49,sub-HUP148,03,True
RB3-RB4,0.006286297019391342,True,10.25,12.0,3.014050997028698,50,sub-HUP148,03,True
LA10-LA11,0.006215953919292038,True,8.5,10.75,2.734885586501901,51,sub-HUP148,03,False
LE2-LE3,0.0057990966560039926,True,15.5,17.75,3.467392345458424,52,sub-HUP148,03,False
LI3-LI4,0.00557105648047529,True,25.0,26.75,4.525190086284452,53,sub-HUP148,03,True
LB6-LB7,0.005282268288015061,True,16.0,19.0,3.217962540919332,54,sub-HUP148,03,False
LI9-LI10,0.0050522587204028056,True,24.0,26.5,3.9897932506970384,55,sub-HUP148,03,False
LF1-LF2,0.004625932140474506,True,20.5,23.5,3.287808971845086,56,sub-HUP148,03,False
LF3-LF4,0.003930075407214625,True,16.5,20.75,2.438542572513798,57,sub-HUP148,03,False
LI5-LI6,0.0034646792199614766,True,21.75,26.25,2.5601835362510776,58,sub-HUP148,03,True
LF7-LF8,0.003219458931406541,True,28.0,29.75,2.8329849101717226,59,sub-HUP148,03,False
LI7-LI8,0.002731283703780189,True,25.5,29.25,2.249346921504928,60,sub-HUP148,03,True
LI4-LI5,0.00184310325968886,True,21.5,29.0,1.3515427679607162,61,sub-HUP148,03,True
LA11-LA12,0.0,False,,,,62,sub-HUP148,03,False
LA9-LA10,0.0,False,,,,62,sub-HUP148,03,False
LC11-LC12,0.0,False,,,,62,sub-HUP148,03,False
LD10-LD11,0.0,False,,,,62,sub-HUP148,03,False
LD11-LD12,0.0,False,,,,62,sub-HUP148,03,False
LD7-LD8,0.0,False,,,,62,sub-HUP148,03,False
LD8-LD9,0.0,False,,,,62,sub-HUP148,03,False
LD9-LD10,0.0,False,,,,62,sub-HUP148,03,False
LE4-LE5,0.0,False,,,,62,sub-HUP148,03,False
LF4-LF5,0.0,False,,,,62,sub-HUP148,03,False
LF5-LF6,0.0,False,,,,62,sub-HUP148,03,False
LF6-LF7,0.0,False,,,,62,sub-HUP148,03,False
LG1-LG2,0.0,False,,,,62,sub-HUP148,03,False
LG3-LG4,0.0,False,,,,62,sub-HUP148,03,False
LG4-LG5,0.0,False,,,,62,sub-HUP148,03,False
LG7-LG8,0.0,False,,,,62,sub-HUP148,03,False
LH1-LH2,0.0,False,,,,62,sub-HUP148,03,False
LH10-LH11,0.0,False,,,,62,sub-HUP148,03,False
LH2-LH3,0.0,False,,,,62,sub-HUP148,03,False
LH3-LH4,0.0,False,,,,62,sub-HUP148,03,False
LH5-LH6,0.0,False,,,,62,sub-HUP148,03,False
LH6-LH7,0.0,False,,,,62,sub-HUP148,03,False
LH7-LH8,0.0,False,,,,62,sub-HUP148,03,False
LH9-LH10,0.0,False,,,,62,sub-HUP148,03,False
LI1-LI2,0.0,False,,,,62,sub-HUP148,03,True
LI10-LI11,0.0,False,,,,62,sub-HUP148,03,False
RB4-RB5,0.0,False,,,,62,sub-HUP148,03,True
RB5-RB6,0.0,False,,,,62,sub-HUP148,03,False
RB6-RB7,0.0,False,,,,62,sub-HUP148,03,False
RB7-RB8,0.0,False,,,,62,sub-HUP148,03,False
RJ5-RJ6,1.0,True,-8.75,-6.75,2.548864764774561,1,sub-HUP150,01,False
RG4-RG5,0.8452265238363965,True,-8.5,-6.5,2.692960131074346,2,sub-HUP150,01,True
RB6-RB7,0.492166322009091,True,-7.75,-6.5,2.508930793155325,3,sub-HUP150,01,False
RG3-RG4,0.3764731078174665,True,-7.5,-6.5,2.159052838652508,4,sub-HUP150,01,True
RC4-RC5,0.26105084349977203,True,2.75,4.0,8.31729121014059,5,sub-HUP150,01,True
RC3-RC4,0.24867588536336865,True,3.25,4.0,8.239935626673509,6,sub-HUP150,01,True
RG2-RG3,0.22569502541455566,True,3.5,4.25,7.622275796698794,7,sub-HUP150,01,True
RC7-RC8,0.19863499627323425,True,0.75,4.25,5.3160843020457165,8,sub-HUP150,01,True
RJ4-RJ5,0.18500056821322347,True,3.0,4.25,6.0121532297199645,9,sub-HUP150,01,False
RH11-RH12,0.16900062600427979,True,8.75,11.25,7.969055205672314,10,sub-HUP150,01,False
RH6-RH7,0.16823669767936383,True,-1.5,-0.25,3.5377038745699254,11,sub-HUP150,01,False
RJ1-RJ2,0.16806617501082818,True,3.75,4.25,5.783102347079719,12,sub-HUP150,01,False
RJ2-RJ3,0.15529381702398268,True,3.75,4.5,5.343609668396994,13,sub-HUP150,01,False
RI7-RI8,0.15442157084270478,True,9.25,11.25,7.4783943160000685,14,sub-HUP150,01,False
RG6-RG7,0.14895813025101282,True,3.5,4.25,5.0306822175114565,15,sub-HUP150,01,False
RG5-RG6,0.14663999951101248,True,4.0,5.75,5.139276008077455,16,sub-HUP150,01,True
RJ3-RJ4,0.14501148916723605,True,3.5,5.25,4.897394446742591,17,sub-HUP150,01,False
RI3-RI4,0.14392677058840045,True,-0.5,0.0,3.393361336910231,18,sub-HUP150,01,False
RA6-RA7,0.13830127945792964,True,-2.75,3.75,2.4675788069348963,19,sub-HUP150,01,False
RA1-RA2,0.13572353367871332,True,-2.25,-1.25,2.5945569955827437,20,sub-HUP150,01,False
RH5-RH6,0.13484414576596893,True,7.75,10.25,6.014741107882552,21,sub-HUP150,01,False
RG9-RG10,0.1294529205015292,True,-1.75,0.0,2.639663902108081,22,sub-HUP150,01,False
RC2-RC3,0.12441797319793858,True,3.25,4.25,4.122619643855588,23,sub-HUP150,01,False
RC5-RC6,0.12430920799675986,True,3.75,7.75,4.277439362699639,24,sub-HUP150,01,True
RI6-RI7,0.12068637094417732,True,-0.75,0.25,2.768519146393133,25,sub-HUP150,01,False
RI2-RI3,0.11806416772302333,True,10.75,13.75,6.169056740378787,26,sub-HUP150,01,False
RA5-RA6,0.11159642658472195,True,3.5,4.25,3.7688856446542722,27,sub-HUP150,01,False
RI1-RI2,0.10548009867644494,True,0.5,5.25,2.7557586957386766,28,sub-HUP150,01,False
RC6-RC7,0.10503898995165967,True,2.25,5.5,3.212762164983533,29,sub-HUP150,01,True
RA7-RA8,0.10439534768255875,True,3.5,4.25,3.525687508916642,30,sub-HUP150,01,False
RJ6-RJ7,0.10290186489277757,True,3.5,4.5,3.475248923926009,31,sub-HUP150,01,False
RA2-RA3,0.10282744049543847,True,3.25,6.75,3.4072121191000875,32,sub-HUP150,01,False
RB1-RB2,0.09996076688074435,True,3.5,8.0,3.3759208144487944,33,sub-HUP150,01,False
RA4-RA5,0.09916620562194772,True,3.25,4.25,3.28589621576023,34,sub-HUP150,01,False
RG11-RG12,0.09746248923617883,True,10.75,12.0,5.092583446376981,35,sub-HUP150,01,False
RI4-RI5,0.09692716000530661,True,-0.5,0.0,2.2852515617065263,36,sub-HUP150,01,False
RB2-RB3,0.09657899349194066,True,2.5,5.75,3.0155432207302395,37,sub-HUP150,01,False
RH10-RH11,0.08722266519945956,True,10.75,12.0,4.557534949340931,38,sub-HUP150,01,False
RG7-RG8,0.0869400859434417,True,7.5,8.75,3.822574499458008,39,sub-HUP150,01,False
RH4-RH5,0.08518728635699616,True,10.0,11.0,4.288334733891636,40,sub-HUP150,01,False
RH2-RH3,0.08427763331535648,True,8.75,11.25,3.9740273652979012,41,sub-HUP150,01,False
RH9-RH10,0.08261840076175338,True,10.75,11.25,4.316954177784966,42,sub-HUP150,01,False
RI5-RI6,0.07981876729436775,True,7.75,11.5,3.560326761676196,43,sub-HUP150,01,False
RC1-RC2,0.07621212596475593,True,3.5,8.5,2.573870833391681,44,sub-HUP150,01,False
RG10-RG11,0.07582406479522236,True,10.75,11.75,3.961938385109773,45,sub-HUP150,01,False
RB7-RB8,0.07385648661736745,True,11.5,15.25,4.000316673267351,46,sub-HUP150,01,False
RB4-RB5,0.07374671225473585,True,5.25,8.5,2.8195559457609676,47,sub-HUP150,01,False
RG8-RG9,0.07030638910479113,True,4.0,12.0,2.4640203215063172,48,sub-HUP150,01,False
RG1-RG2,0.05955424393934213,True,3.0,10.75,1.9353953531146708,49,sub-HUP150,01,True
RH1-RH2,0.05845406085805843,True,8.25,14.5,2.6818469294236733,50,sub-HUP150,01,False
RH8-RH9,0.05761217953778559,True,10.75,11.75,3.0103359161374166,51,sub-HUP150,01,False
RH7-RH8,0.05681761180235284,True,7.25,12.75,2.4619469486081584,52,sub-HUP150,01,False
RB3-RB4,0.055082721748107126,True,8.5,13.75,2.5622709571622777,53,sub-HUP150,01,False
RF1-RF2,0.05338127271392384,True,13.75,18.0,3.1974486603045404,54,sub-HUP150,01,False
RF2-RF3,0.05217356404486498,True,3.75,4.25,1.7952753471299807,55,sub-HUP150,01,False
RH3-RH4,0.04924448970182148,True,10.0,11.25,2.4789715070404608,56,sub-HUP150,01,False
RB5-RB6,0.04454392359735923,True,10.25,19.5,2.270728746842381,57,sub-HUP150,01,False
RA3-RA4,0.0,False,,,,58,sub-HUP150,01,False
RD1-RD2,0.0,False,,,,58,sub-HUP150,01,False
RD2-RD3,0.0,False,,,,58,sub-HUP150,01,False
RD3-RD4,0.0,False,,,,58,sub-HUP150,01,False
RD4-RD5,0.0,False,,,,58,sub-HUP150,01,False
RD5-RD6,0.0,False,,,,58,sub-HUP150,01,False
RD6-RD7,0.0,False,,,,58,sub-HUP150,01,False
RD7-RD8,0.0,False,,,,58,sub-HUP150,01,False
RE1-RE2,0.0,False,,,,58,sub-HUP150,01,False
RE2-RE3,0.0,False,,,,58,sub-HUP150,01,False
RE3-RE4,0.0,False,,,,58,sub-HUP150,01,False
RE4-RE5,0.0,False,,,,58,sub-HUP150,01,False
RE5-RE6,0.0,False,,,,58,sub-HUP150,01,False
RE6-RE7,0.0,False,,,,58,sub-HUP150,01,False
RE7-RE8,0.0,False,,,,58,sub-HUP150,01,False
RE8-RE9,0.0,False,,,,58,sub-HUP150,01,False
RE9-RE10,0.0,False,,,,58,sub-HUP150,01,False
RF3-RF4,0.0,False,,,,58,sub-HUP150,01,False
RF4-RF5,0.0,False,,,,58,sub-HUP150,01,False
RF5-RF6,0.0,False,,,,58,sub-HUP150,01,False
RF6-RF7,0.0,False,,,,58,sub-HUP150,01,False
RF7-RF8,0.0,False,,,,58,sub-HUP150,01,False
RJ6-RJ7,1.0,True,-6.25,-2.25,2.885283191135107,1,sub-HUP150,02,False
RA1-RA2,0.5160120264255126,True,-5.25,-1.25,2.977681652538192,2,sub-HUP150,02,False
RA3-RA4,0.4469375093731475,True,-5.0,-0.25,2.901467887384797,3,sub-HUP150,02,False
RA6-RA7,0.3915258068484893,True,-4.75,-0.5,2.824157073488892,4,sub-HUP150,02,False
RF2-RF3,0.3776987026752866,True,-2.25,-0.5,5.448838590712705,5,sub-HUP150,02,False
RE3-RE4,0.3135219893770679,True,-4.0,0.0,2.939949109502904,6,sub-HUP150,02,False
RJ4-RJ5,0.275755409714234,True,-4.0,-0.25,2.5858054576674254,7,sub-HUP150,02,False
RG1-RG2,0.23914296055999557,True,-3.5,-0.75,2.587481866432654,8,sub-HUP150,02,True
RJ5-RJ6,0.22339676729445698,True,-3.5,0.0,2.4171110161073166,9,sub-HUP150,02,False
RE5-RE6,0.22171172023495295,True,-0.75,0.0,4.158057147865135,10,sub-HUP150,02,False
RA7-RA8,0.21554193321057863,True,2.0,2.75,5.752570531114548,11,sub-HUP150,02,False
RC3-RC4,0.19136481654716114,True,-2.75,-1.5,2.4846375985117986,12,sub-HUP150,02,True
RA5-RA6,0.18113736690419316,True,2.0,2.75,4.834351550140056,13,sub-HUP150,02,False
RC2-RC3,0.17934702167131036,True,-2.75,2.5,2.32860126153769,14,sub-HUP150,02,False
RA2-RA3,0.17791751444344706,True,-3.5,3.5,1.9250340518708078,15,sub-HUP150,02,False
RC6-RC7,0.16590856376565544,True,2.75,4.5,4.7869319029841275,16,sub-HUP150,02,True
RG6-RG7,0.16063922401387187,True,-3.0,3.5,1.9698310247578992,17,sub-HUP150,02,False
RC4-RC5,0.1587721470839289,True,-2.75,2.5,2.061461732407609,18,sub-HUP150,02,True
RF5-RF6,0.15434807417570154,True,-2.5,-0.25,2.1153550440153253,19,sub-HUP150,02,False
RJ3-RJ4,0.14746071889863974,True,-2.75,2.5,1.9145967011592493,20,sub-HUP150,02,False
RC7-RC8,0.14486892008605354,True,1.75,2.75,3.7618907403796684,21,sub-HUP150,02,True
RA4-RA5,0.14243174850786933,True,2.0,2.5,3.801342351147079,22,sub-HUP150,02,False
RG3-RG4,0.125127003443857,True,2.25,4.5,3.4297549780398198,23,sub-HUP150,02,True
RF7-RF8,0.1248165149806011,True,-1.25,4.75,2.1607859558975497,24,sub-HUP150,02,False
RB1-RB2,0.1178905744026369,True,0.5,5.0,2.63614461855823,25,sub-HUP150,02,False
RG2-RG3,0.11140148802271575,True,2.25,3.25,3.053535988164117,26,sub-HUP150,02,True
RC1-RC2,0.11093541035448799,True,2.0,5.25,2.9607406918766874,27,sub-HUP150,02,False
RB2-RB3,0.10745780197734374,True,2.5,5.25,3.022950350565159,28,sub-HUP150,02,False
RG8-RG9,0.10707013852666991,True,2.0,3.75,2.85758095641245,29,sub-HUP150,02,False
RE6-RE7,0.10670658214449395,True,2.75,3.75,3.0787870784498597,30,sub-HUP150,02,False
RI1-RI2,0.10563654336428481,True,13.75,17.0,6.4006182017103015,31,sub-HUP150,02,False
RG4-RG5,0.10493893311053246,True,2.25,4.75,2.876396128094971,32,sub-HUP150,02,True
RJ2-RJ3,0.1027848425347098,True,2.0,3.75,2.74321125083702,33,sub-HUP150,02,False
RG5-RG6,0.09791826538151399,True,2.0,6.25,2.613327808196098,34,sub-HUP150,02,True
RG7-RG8,0.09671783143840187,True,2.0,4.0,2.581289583323401,35,sub-HUP150,02,False
RG11-RG12,0.09351723286738348,True,13.25,15.0,5.531385851511447,36,sub-HUP150,02,False
RC5-RC6,0.09328377227573295,True,2.5,5.5,2.624213476490262,37,sub-HUP150,02,True
RH1-RH2,0.08157666166644499,True,15.5,17.5,5.354707783313738,38,sub-HUP150,02,False
RI3-RI4,0.08055989122384652,True,14.0,16.0,4.939309625591536,39,sub-HUP150,02,False
RG10-RG11,0.08046959584915474,True,13.25,16.0,4.759640232170532,40,sub-HUP150,02,False
RI2-RI3,0.07634085562630477,True,12.0,15.25,4.240101010057396,41,sub-HUP150,02,False
RJ1-RJ2,0.07576838667344689,True,2.0,7.5,2.0221725855169748,42,sub-HUP150,02,False
RH2-RH3,0.0722556290422792,True,4.0,20.75,2.345376959331546,43,sub-HUP150,02,False
RH7-RH8,0.0707267291771181,True,11.5,15.5,3.8262495536006966,44,sub-HUP150,02,False
RH4-RH5,0.06532330273320161,True,3.75,16.25,2.0732385010209025,45,sub-HUP150,02,False
RI7-RI8,0.06241356757624508,True,10.75,14.5,3.241454713677271,46,sub-HUP150,02,False
RI6-RI7,0.06099084257880832,True,10.75,13.25,3.1675653523044547,47,sub-HUP150,02,False
RB3-RB4,0.05913410350676927,True,10.75,15.0,3.0711354276766496,48,sub-HUP150,02,False
RI4-RI5,0.05877308453518681,True,11.25,15.25,3.1371743686599385,49,sub-HUP150,02,False
RH8-RH9,0.05417372631703983,True,9.0,15.5,2.5399813065852648,50,sub-HUP150,02,False
RF1-RF2,0.053052805413520226,True,14.0,15.25,3.2527878136715698,51,sub-HUP150,02,False
RH5-RH6,0.05291079959789117,True,10.75,13.25,2.7479275327676445,52,sub-HUP150,02,False
RB4-RB5,0.051551568713137735,True,5.25,12.25,1.859260933558285,53,sub-HUP150,02,False
RF6-RF7,0.051080654201852274,True,14.25,17.5,3.168716288656969,54,sub-HUP150,02,False
RH6-RH7,0.04789601441386388,True,7.0,13.5,1.9692583056772794,55,sub-HUP150,02,False
RB5-RB6,0.04575966591136842,True,14.0,16.25,2.805628891328126,56,sub-HUP150,02,False
RD6-RD7,0.045652902090878925,True,20.25,22.0,3.6223426533071184,57,sub-HUP150,02,False
RH11-RH12,0.045505401335555036,True,10.75,16.25,2.3633274524280123,58,sub-HUP150,02,False
RG9-RG10,0.044537951007325514,True,14.25,19.0,2.762848930294257,59,sub-HUP150,02,False
RI5-RI6,0.043327839842191476,True,11.0,16.75,2.28148885608886,60,sub-HUP150,02,False
RF3-RF4,0.0430610304212294,True,14.25,17.0,2.6712302462476094,61,sub-HUP150,02,False
RH10-RH11,0.04207358884744686,True,20.0,23.75,3.307992459364301,62,sub-HUP150,02,False
RE9-RE10,0.038749099357328495,True,14.0,21.25,2.375795157255637,63,sub-HUP150,02,False
RF4-RF5,0.038136200296598255,True,14.25,21.0,2.3657253603250377,64,sub-HUP150,02,False
RH3-RH4,0.035864675198637834,True,18.5,23.5,2.66460342103336,65,sub-HUP150,02,False
RB7-RB8,0.03409655134933597,True,14.25,20.5,2.1151314394041543,66,sub-HUP150,02,False
RE4-RE5,0.03399300212500225,True,14.5,27.5,2.1332277688328856,67,sub-HUP150,02,False
RD5-RD6,0.021011667550104137,True,20.75,21.5,1.6974891136009642,68,sub-HUP150,02,False
RB6-RB7,0.0,False,,,,69,sub-HUP150,02,False
RD1-RD2,0.0,False,,,,69,sub-HUP150,02,False
RD2-RD3,0.0,False,,,,69,sub-HUP150,02,False
RD3-RD4,0.0,False,,,,69,sub-HUP150,02,False
RD4-RD5,0.0,False,,,,69,sub-HUP150,02,False
RD7-RD8,0.0,False,,,,69,sub-HUP150,02,False
RE1-RE2,0.0,False,,,,69,sub-HUP150,02,False
RE2-RE3,0.0,False,,,,69,sub-HUP150,02,False
RE7-RE8,0.0,False,,,,69,sub-HUP150,02,False
RE8-RE9,0.0,False,,,,69,sub-HUP150,02,False
RH9-RH10,0.0,False,,,,69,sub-HUP150,02,False
RF7-RF8,1.0,True,-8.25,-7.5,4.121256098994726,1,sub-HUP150,03,False
RF6-RF7,0.9911382572829656,True,-8.5,-7.5,3.2677876702195405,2,sub-HUP150,03,False
RF2-RF3,0.8385923040002108,True,-8.0,-4.0,4.14726437691709,3,sub-HUP150,03,False
RE9-RE10,0.7909317167930393,True,-8.0,-4.25,3.911558594066019,4,sub-HUP150,03,False
RD7-RD8,0.6976735345325957,True,-8.0,-4.5,3.4503495711596015,5,sub-HUP150,03,False
RH2-RH3,0.6523605796248725,True,-8.25,-4.25,2.68854501752274,6,sub-HUP150,03,False
RJ1-RJ2,0.6003528040960713,True,-6.75,-6.0,5.443256841944943,7,sub-HUP150,03,False
RB5-RB6,0.564034669966923,True,-8.0,-5.75,2.7894375883747906,8,sub-HUP150,03,False
RG5-RG6,0.49248792398792113,True,-7.75,-6.25,2.8415364045830596,9,sub-HUP150,03,True
RE4-RE5,0.4801777554634554,True,-8.0,-4.0,2.3747226039664366,10,sub-HUP150,03,False
RJ3-RJ4,0.4691125110896325,True,-8.0,-1.25,2.3199993569314548,11,sub-HUP150,03,False
RH5-RH6,0.46570306259069294,True,-7.75,-3.75,2.686994221831382,12,sub-HUP150,03,False
RC5-RC6,0.4340775937646386,True,-6.75,-4.75,3.9356788476268383,13,sub-HUP150,03,True
RH4-RH5,0.42526729466989704,True,-8.0,1.25,2.1031625182335607,14,sub-HUP150,03,False
RJ2-RJ3,0.41356100740277635,True,-6.5,-5.5,4.090537977756228,15,sub-HUP150,03,False
RG3-RG4,0.39805373052120163,True,-7.0,-5.5,3.2809627292762107,16,sub-HUP150,03,True
RG4-RG5,0.39482935447723594,True,-7.0,-6.0,3.2543857704029184,17,sub-HUP150,03,True
RC1-RC2,0.39259619622588565,True,-6.5,-5.5,3.883174723531348,18,sub-HUP150,03,False
RG6-RG7,0.38567222108150023,True,-6.5,-6.0,3.8146895840279407,19,sub-HUP150,03,False
RB1-RB2,0.3509745511379438,True,-6.75,-5.5,3.1822032208322115,20,sub-HUP150,03,False
RB7-RB8,0.3206563837653612,True,-6.75,-5.75,2.9073155700040942,21,sub-HUP150,03,False
RC4-RC5,0.30016328083071586,True,-7.25,-1.75,2.2266895532721382,22,sub-HUP150,03,True
RH1-RH2,0.27245932303954457,True,-6.25,-4.5,2.919474081692213,23,sub-HUP150,03,False
RC6-RC7,0.2640590209987349,True,-6.75,3.75,2.394160671728348,24,sub-HUP150,03,True
RB2-RB3,0.1723689893657528,True,2.5,3.75,6.819616787531191,25,sub-HUP150,03,False
RJ5-RJ6,0.16602631466794215,True,2.0,3.5,6.294980049653643,26,sub-HUP150,03,False
RC7-RC8,0.148052426610909,True,3.0,4.25,6.101619661411778,27,sub-HUP150,03,True
RJ4-RJ5,0.13813720064800736,True,3.0,4.0,5.6929878066865856,28,sub-HUP150,03,False
RC3-RC4,0.13198773662646301,True,-2.25,-0.25,3.154940534473058,29,sub-HUP150,03,True
RG2-RG3,0.12998307647737262,True,2.25,4.5,5.035519338965616,30,sub-HUP150,03,True
RC2-RC3,0.1287936433700598,True,2.5,3.5,5.095599247205861,31,sub-HUP150,03,False
RG7-RG8,0.12046545996660528,True,3.75,6.75,5.262571523019116,32,sub-HUP150,03,False
RG11-RG12,0.10680237899973222,True,6.75,9.5,5.722079425917305,33,sub-HUP150,03,False
RJ6-RJ7,0.10508904493244084,True,2.5,4.0,4.157749126707385,34,sub-HUP150,03,False
RA4-RA5,0.09918020054853667,True,-2.5,-0.5,2.28898323589699,35,sub-HUP150,03,False
RB6-RB7,0.09426049363319261,True,3.5,5.5,4.040104996512506,36,sub-HUP150,03,False
RB3-RB4,0.09040103261730785,True,3.0,3.75,3.7256580702950117,37,sub-HUP150,03,False
RH6-RH7,0.08806720146862,True,4.25,5.75,3.992422402913422,38,sub-HUP150,03,False
RA7-RA8,0.08601343682939361,True,2.5,4.25,3.403040650834906,39,sub-HUP150,03,False
RB4-RB5,0.08322113267984564,True,3.75,5.75,3.63554136659387,40,sub-HUP150,03,False
RH11-RH12,0.07966212158261159,True,7.75,9.5,4.530650461150524,41,sub-HUP150,03,False
RA5-RA6,0.07932730227297001,True,2.5,7.25,3.1385100317690484,42,sub-HUP150,03,False
RF1-RF2,0.07770627534599954,True,12.25,14.25,5.5723058248776365,43,sub-HUP150,03,False
RI4-RI5,0.07549138539489215,True,7.0,9.75,4.106775188739441,44,sub-HUP150,03,False
RI1-RI2,0.07462359207687609,True,5.0,8.25,3.5674980341183526,45,sub-HUP150,03,False
RA6-RA7,0.0688244204630042,True,12.75,14.75,5.048846514154216,46,sub-HUP150,03,False
RH9-RH10,0.06702597158904426,True,6.0,9.0,3.425266808109709,47,sub-HUP150,03,False
RI2-RI3,0.060523733007871644,True,6.25,9.0,3.1428659277870046,48,sub-HUP150,03,False
RI7-RI8,0.05879261817362572,True,4.5,9.0,2.7137536857079394,49,sub-HUP150,03,False
RG8-RG9,0.0585068052248997,True,6.5,7.5,3.0863555566824243,50,sub-HUP150,03,False
RI6-RI7,0.056640247849747194,True,5.75,9.75,2.8478333961719913,51,sub-HUP150,03,False
RH3-RH4,0.05377087950527162,True,9.5,12.0,3.36837418966305,52,sub-HUP150,03,False
RG10-RG11,0.05038867157935037,True,8.25,13.0,2.948837604946287,53,sub-HUP150,03,False
RG1-RG2,0.04576927261147069,True,6.0,16.0,2.338973484317541,54,sub-HUP150,03,True
RI3-RI4,0.04555853382224489,True,9.0,13.75,2.778824103567527,55,sub-HUP150,03,False
RI5-RI6,0.04540414688576272,True,5.75,11.75,2.282889830725744,56,sub-HUP150,03,False
RF3-RF4,0.043789366190195,True,14.0,14.75,3.3927832186701465,57,sub-HUP150,03,False
RG9-RG10,0.043694294520416975,True,6.75,7.25,2.340979911186024,58,sub-HUP150,03,False
RE3-RE4,0.04291323267125753,True,10.0,15.5,2.7589601812343973,59,sub-HUP150,03,False
RH10-RH11,0.039824189077079616,True,6.75,13.5,2.1336338675786357,60,sub-HUP150,03,False
RH7-RH8,0.03524872269893228,True,5.25,11.0,1.7141743581760323,61,sub-HUP150,03,False
RE5-RE6,0.033497039656523696,True,14.0,15.0,2.59533772487507,62,sub-HUP150,03,False
RF5-RF6,0.0301347658106366,True,14.0,14.75,2.33483004291064,63,sub-HUP150,03,False
RE6-RE7,0.027720579836958643,True,14.25,18.0,2.1706285656939848,64,sub-HUP150,03,False
RE2-RE3,0.027070506635617036,True,21.75,26.75,2.7891122643728474,65,sub-HUP150,03,False
RE8-RE9,0.026817444958398145,True,19.75,25.0,2.586204471105537,66,sub-HUP150,03,False
RH8-RH9,0.019323469880856144,True,26.25,27.25,2.2776172876662715,67,sub-HUP150,03,False
RA1-RA2,0.0,False,,,,68,sub-HUP150,03,False
RA2-RA3,0.0,False,,,,68,sub-HUP150,03,False
RA3-RA4,0.0,False,,,,68,sub-HUP150,03,False
RD1-RD2,0.0,False,,,,68,sub-HUP150,03,False
RD2-RD3,0.0,False,,,,68,sub-HUP150,03,False
RD3-RD4,0.0,False,,,,68,sub-HUP150,03,False
RD4-RD5,0.0,False,,,,68,sub-HUP150,03,False
RD5-RD6,0.0,False,,,,68,sub-HUP150,03,False
RD6-RD7,0.0,False,,,,68,sub-HUP150,03,False
RE1-RE2,0.0,False,,,,68,sub-HUP150,03,False
RE7-RE8,0.0,False,,,,68,sub-HUP150,03,False
RF4-RF5,0.0,False,,,,68,sub-HUP150,03,False
LJ1-LJ2,1.0,True,1.25,3.25,35.23834324119357,1,sub-HUP157,01,True
LC7-LC8,0.7727783524782184,True,0.25,2.75,24.438461774094957,2,sub-HUP157,01,True
RC7-RC8,0.7021244925516991,True,0.5,3.75,22.838495876848274,3,sub-HUP157,01,False
RE3-RE4,0.6630833579745279,True,-7.5,-6.25,2.3965086118799634,4,sub-HUP157,01,False
RJ1-RJ2,0.6244054795104911,True,0.5,3.25,20.31047502339022,5,sub-HUP157,01,True
LJ7-LJ8,0.5704601269308164,True,1.75,3.75,21.132945130418495,6,sub-HUP157,01,False
LC8-LC9,0.5026719025108479,True,-0.75,1.25,14.07982246640545,7,sub-HUP157,01,True
LE4-LE5,0.48949036754702663,True,0.5,2.25,15.921996539889344,8,sub-HUP157,01,False
RH6-RH7,0.45979408984664816,True,-7.0,-5.75,2.492674147428982,9,sub-HUP157,01,False
RH5-RH6,0.43059054801372326,True,-7.0,-5.75,2.334353465741726,10,sub-HUP157,01,False
LB6-LB7,0.4292062393214897,True,1.25,3.5,15.124516782472526,11,sub-HUP157,01,True
LJ6-LJ7,0.42013941569042845,True,0.25,2.0,13.28655366343292,12,sub-HUP157,01,False
LG1-LG2,0.39651718957662696,True,-6.75,-2.25,2.507904148495954,13,sub-HUP157,01,False
LE7-LE8,0.38803689015434284,True,3.5,4.0,16.829264154466532,14,sub-HUP157,01,False
RC6-RC7,0.3786189352332694,True,0.5,3.5,12.315603689875555,15,sub-HUP157,01,False
RB8-RB9,0.3546337015552082,True,0.0,2.25,10.894562548977245,16,sub-HUP157,01,False
RB6-RB7,0.31677371804163995,True,1.75,3.5,11.735021057737324,17,sub-HUP157,01,False
RC5-RC6,0.31138059751463687,True,-1.0,1.0,8.440412595283629,18,sub-HUP157,01,False
LC2-LC3,0.30358717032937776,True,-1.25,1.0,7.954855344589487,19,sub-HUP157,01,True
RC8-RC9,0.2911737887071955,True,-0.5,1.0,8.418856951222915,20,sub-HUP157,01,False
RC9-RC10,0.2803645589791811,True,-0.5,1.25,8.106324153414763,21,sub-HUP157,01,False
RB1-RB2,0.23981506333880345,True,3.5,5.75,10.400843712420102,22,sub-HUP157,01,False
LH6-LH7,0.2355921782846975,True,0.0,1.75,7.237534704447327,23,sub-HUP157,01,False
RD7-RD8,0.2332979505418766,True,0.5,1.0,7.588646084918446,24,sub-HUP157,01,False
LA8-LA9,0.23094200311758042,True,0.0,3.5,7.0946785009909545,25,sub-HUP157,01,False
LH7-LH8,0.22658260532678054,True,-0.25,1.5,6.756027062221451,26,sub-HUP157,01,False
LE6-LE7,0.2172709850485581,True,-0.5,3.75,6.282067321020165,27,sub-HUP157,01,False
RI1-RI2,0.21680937449556775,True,-6.25,-5.5,1.763077651473068,28,sub-HUP157,01,False
LJ2-LJ3,0.2036914644683328,True,0.0,3.0,6.2575254145651495,29,sub-HUP157,01,False
RB7-RB8,0.19698337437376184,True,-1.0,2.25,5.339513660762425,30,sub-HUP157,01,False
LA1-LA2,0.1960049001529021,True,8.0,9.25,11.688579605228034,31,sub-HUP157,01,True
LB3-LB4,0.19369900652044392,True,2.75,4.25,7.875729319898762,32,sub-HUP157,01,False
RC3-RC4,0.18716671887424025,True,2.5,4.0,7.441014965456725,33,sub-HUP157,01,False
LC1-LC2,0.1854279744938854,True,0.25,3.25,5.8640028566850955,34,sub-HUP157,01,True
RD6-RD7,0.18216224775264278,True,1.75,3.0,6.748280212504966,35,sub-HUP157,01,False
RI4-RI5,0.18099851303722833,True,3.5,4.75,7.849954127448001,36,sub-HUP157,01,False
RA6-RA7,0.1802108319447018,True,3.25,4.5,7.652963182996854,37,sub-HUP157,01,False
RJ3-RJ4,0.1794237423019081,True,0.25,3.75,5.674124092048552,38,sub-HUP157,01,False
LJ3-LJ4,0.17694862865194785,True,-0.75,1.25,4.956324920188999,39,sub-HUP157,01,False
LB7-LB8,0.17597521899974033,True,2.0,4.0,6.678080951292216,40,sub-HUP157,01,True
RC1-RC2,0.17288637513266353,True,3.0,4.75,7.185706505587828,41,sub-HUP157,01,False
LB5-LB6,0.17112690953238063,True,-0.75,3.5,4.793258770592511,42,sub-HUP157,01,False
LJ5-LJ6,0.17054531744265616,True,-4.25,-2.25,2.619627830302174,43,sub-HUP157,01,False
LC6-LC7,0.1693778535929138,True,0.25,3.5,5.35643135853155,44,sub-HUP157,01,True
RG1-RG2,0.16869694169123403,True,-3.5,-2.75,3.048513197464268,45,sub-HUP157,01,False
RA8-RA9,0.1673086427423462,True,3.25,4.25,7.105049509439286,46,sub-HUP157,01,False
LB2-LB3,0.16531732903733218,True,3.75,6.0,7.319228985446347,47,sub-HUP157,01,True
RC11-RC12,0.16206755870493575,True,3.5,6.0,7.028913553116079,48,sub-HUP157,01,False
RJ2-RJ3,0.16150283350498165,True,1.25,4.0,5.69109228147388,49,sub-HUP157,01,False
LB8-LB9,0.15700065067988442,True,1.5,4.0,5.674300325895895,50,sub-HUP157,01,True
LB4-LB5,0.1536605253267806,True,2.25,4.0,5.970100522198721,51,sub-HUP157,01,False
RD2-RD3,0.14978976846373937,True,-0.25,2.5,4.46629046358352,52,sub-HUP157,01,False
RF7-RF8,0.14597416618902406,True,-4.25,2.25,2.242207490583838,53,sub-HUP157,01,False
RD5-RD6,0.1373025413074142,True,0.5,3.0,4.466136072441988,54,sub-HUP157,01,False
LD6-LD7,0.13350167685049094,True,3.25,4.0,5.669378509493019,55,sub-HUP157,01,False
RB5-RB6,0.1318004697475944,True,-0.5,2.5,3.810814516772333,56,sub-HUP157,01,False
LA5-LA6,0.1272888219016245,True,-0.25,2.75,3.795378397407893,57,sub-HUP157,01,False
LD7-LD8,0.12727744908704208,True,3.25,4.0,5.405055963493799,58,sub-HUP157,01,False
LE5-LE6,0.12679428738264692,True,0.5,3.75,4.12432672598054,59,sub-HUP157,01,False
LB1-LB2,0.12615823254309963,True,2.75,3.25,5.1295466550646855,60,sub-HUP157,01,True
LE8-LE9,0.12562471236934122,True,-2.0,2.0,2.951204489364707,61,sub-HUP157,01,False
RA9-RA10,0.12509690095418616,True,-0.25,3.5,3.73002175973579,62,sub-HUP157,01,False
LG3-LG4,0.1243376190208455,True,0.5,2.25,4.044416950937826,63,sub-HUP157,01,False
RH3-RH4,0.1242147422342456,True,3.5,4.25,5.387226735343667,64,sub-HUP157,01,False
LG2-LG3,0.12305494383454395,True,2.75,5.0,5.003368094270142,65,sub-HUP157,01,False
RC10-RC11,0.12262508504046368,True,0.5,4.25,3.988712156895148,66,sub-HUP157,01,False
RJ4-RJ5,0.12249590362147184,True,1.25,4.5,4.316552697453591,67,sub-HUP157,01,False
RJ7-RJ8,0.12157761599652478,True,2.25,4.0,4.723598251437368,68,sub-HUP157,01,False
LF2-LF3,0.12151157886420419,True,1.0,4.25,4.172075269339876,69,sub-HUP157,01,False
LC3-LC4,0.12097773892139786,True,-1.0,3.0,3.2792731451197854,70,sub-HUP157,01,False
RH2-RH3,0.12081605985849207,True,3.5,5.75,5.239824967805701,71,sub-HUP157,01,False
LF4-LF5,0.12050768172150271,True,-4.0,-3.0,1.9599189469397635,72,sub-HUP157,01,False
LB9-LB10,0.11796078639287202,True,-4.25,1.5,1.811913475859574,73,sub-HUP157,01,True
RA7-RA8,0.1176604874792328,True,3.25,5.0,4.99665513473872,74,sub-HUP157,01,False
RE6-RE7,0.11697553927461223,True,3.25,4.75,4.967567630199428,75,sub-HUP157,01,False
LJ4-LJ5,0.11571238915236445,True,-3.0,0.75,2.300135474272072,76,sub-HUP157,01,False
RJ6-RJ7,0.1156730566502521,True,2.0,2.75,4.389675095076504,77,sub-HUP157,01,False
RJ5-RJ6,0.11164331521681871,True,1.25,3.75,3.934125462195026,78,sub-HUP157,01,False
RI3-RI4,0.11056907015563344,True,3.75,5.0,4.89531465267147,79,sub-HUP157,01,False
LA6-LA7,0.11027124037270732,True,0.0,4.75,3.387599430977209,80,sub-HUP157,01,False
LA9-LA10,0.10917872542929205,True,0.0,2.75,3.3540367088373424,81,sub-HUP157,01,False
RI7-RI8,0.10847209222019046,True,-2.25,3.75,2.450241549836842,82,sub-HUP157,01,False
RH4-RH5,0.10643617640033927,True,3.25,5.0,4.519995443895973,83,sub-HUP157,01,False
LD5-LD6,0.10562397961472363,True,-2.75,3.75,2.1950339258405807,84,sub-HUP157,01,False
RC4-RC5,0.10455306120199657,True,-1.0,3.25,2.8340589673488257,85,sub-HUP157,01,False
LC4-LC5,0.10327018418914113,True,-1.0,3.75,2.7992847669524896,86,sub-HUP157,01,False
LA4-LA5,0.10324572350198764,True,0.75,3.5,3.4516334612587443,87,sub-HUP157,01,False
RE2-RE3,0.10302604776586188,True,4.5,7.25,4.840622978609393,88,sub-HUP157,01,False
LD4-LD5,0.10256136801656766,True,-2.25,3.75,2.3167260829834513,89,sub-HUP157,01,False
RB2-RB3,0.10041143661634193,True,3.5,5.5,4.354870977019088,90,sub-HUP157,01,False
LA7-LA8,0.0994351202438892,True,0.25,3.75,3.144551574574956,91,sub-HUP157,01,False
RH1-RH2,0.0988056906897383,True,1.25,5.75,3.481748842708202,92,sub-HUP157,01,False
RA3-RA4,0.09808274274205595,True,3.5,7.0,4.253874898193544,93,sub-HUP157,01,False
LH5-LH6,0.0979788408437607,True,0.25,4.75,3.098497970280385,94,sub-HUP157,01,False
RI5-RI6,0.09729560031530966,True,2.25,4.5,3.78018045307849,95,sub-HUP157,01,False
RE5-RE6,0.09497108545109749,True,3.25,5.5,4.033110621394395,96,sub-HUP157,01,False
RF1-RF2,0.09453683259322251,True,3.5,7.0,4.100087822591052,97,sub-HUP157,01,False
LC5-LC6,0.09335792658891927,True,2.5,5.0,3.7115451564811672,98,sub-HUP157,01,False
RE7-RE8,0.09328882886473049,True,0.0,4.5,2.8658894423473726,99,sub-HUP157,01,False
LF3-LF4,0.09247229044983594,True,1.0,4.5,3.1750172262688534,100,sub-HUP157,01,False
RF4-RF5,0.09163470852776832,True,3.75,5.25,4.057018212397517,101,sub-HUP157,01,False
RA5-RA6,0.09104629365868584,True,2.25,5.75,3.5373790644020744,102,sub-HUP157,01,False
RG6-RG7,0.09070601269931465,True,3.5,5.0,3.93394413481663,103,sub-HUP157,01,False
LA3-LA4,0.08804409610606559,True,-0.75,4.0,2.4661120627520865,104,sub-HUP157,01,False
LE3-LE4,0.08779932918506574,True,3.75,4.75,3.887211333598067,105,sub-HUP157,01,False
RF5-RF6,0.08474207119411771,True,3.75,7.5,3.75185485624849,106,sub-HUP157,01,False
RC2-RC3,0.0837175096212487,True,-2.0,3.75,1.966710892887658,107,sub-HUP157,01,False
RE4-RE5,0.08343567152793468,True,4.5,6.75,3.920179775814458,108,sub-HUP157,01,False
RA1-RA2,0.0832927290705764,True,6.25,7.5,4.44027612339995,109,sub-HUP157,01,False
RD3-RD4,0.08270717346907351,True,0.0,4.25,2.5408145662875157,110,sub-HUP157,01,False
RB3-RB4,0.08241360491212672,True,2.25,6.5,3.201977246113293,111,sub-HUP157,01,False
RE1-RE2,0.08152860828161922,True,4.25,6.75,3.7569124926366726,112,sub-HUP157,01,False
LH1-LH2,0.08138258838078996,True,3.5,5.0,3.529584717808059,113,sub-HUP157,01,False
RB4-RB5,0.08126414369993606,True,-0.5,4.5,2.349631826789764,114,sub-HUP157,01,False
RG4-RG5,0.08084642097449128,True,3.25,5.25,3.433282431017802,115,sub-HUP157,01,False
RI6-RI7,0.08074496029052732,True,0.0,4.5,2.480534186520025,116,sub-HUP157,01,False
LH4-LH5,0.07935603250813618,True,0.5,4.5,2.5812693339517088,117,sub-HUP157,01,False
RF3-RF4,0.07878038904870807,True,3.75,6.75,3.4879084386842036,118,sub-HUP157,01,False
LG4-LG5,0.07770029621096254,True,3.75,8.25,3.4400886072664405,119,sub-HUP157,01,False
RG7-RG8,0.07632452169267974,True,-0.5,5.0,2.206810004616675,120,sub-HUP157,01,False
RI2-RI3,0.07470555281943295,True,3.0,6.75,3.1049998965286543,121,sub-HUP157,01,False
RH7-RH8,0.07429955336751126,True,3.5,5.5,3.2223915867467587,122,sub-HUP157,01,False
RA4-RA5,0.0731905442862724,True,0.0,5.5,2.2484579418810555,123,sub-HUP157,01,False
RG2-RG3,0.07301806164694398,True,3.75,5.75,3.2327882163323216,124,sub-HUP157,01,False
RF2-RF3,0.07288945504022665,True,4.5,7.5,3.424671513828071,125,sub-HUP157,01,False
RA2-RA3,0.06811065092119276,True,18.0,19.25,6.52336637249906,126,sub-HUP157,01,False
LD2-LD3,0.06703461473391621,True,3.25,4.0,2.8467403041702775,127,sub-HUP157,01,False
LA2-LA3,0.06695026967889645,True,2.5,6.75,2.6616802475271486,128,sub-HUP157,01,True
RD1-RD2,0.06659755980748046,True,1.0,4.25,2.2866136286623773,129,sub-HUP157,01,False
LH3-LH4,0.0657992619136452,True,0.5,9.0,2.140298747381746,130,sub-HUP157,01,False
RF6-RF7,0.06383443356076858,True,-0.5,5.75,1.8456776864997164,131,sub-HUP157,01,False
RG5-RG6,0.05570136477604618,True,3.5,9.5,2.4157831519769166,132,sub-HUP157,01,False
LD3-LD4,0.05541129643954329,True,5.25,8.5,2.753669886812524,133,sub-HUP157,01,False
LF7-LF8,0.05232680829611012,True,3.75,11.0,2.3167074754171466,134,sub-HUP157,01,False
LE1-LE2,0.0,False,,,,135,sub-HUP157,01,False
LE2-LE3,0.0,False,,,,135,sub-HUP157,01,False
LF1-LF2,0.0,False,,,,135,sub-HUP157,01,False
LF5-LF6,0.0,False,,,,135,sub-HUP157,01,False
LF6-LF7,0.0,False,,,,135,sub-HUP157,01,False
LG5-LG6,0.0,False,,,,135,sub-HUP157,01,False
LG6-LG7,0.0,False,,,,135,sub-HUP157,01,False
LG7-LG8,0.0,False,,,,135,sub-HUP157,01,False
LH2-LH3,0.0,False,,,,135,sub-HUP157,01,False
RD4-RD5,0.0,False,,,,135,sub-HUP157,01,False
RG3-RG4,0.0,False,,,,135,sub-HUP157,01,False
LC7-LC8,1.0,True,7.75,10.0,131.8285223033659,1,sub-HUP157,02,True
RC8-RC9,0.6338108289857443,True,8.0,9.75,85.10164769034094,2,sub-HUP157,02,False
LC2-LC3,0.5593279554879964,True,7.5,8.0,72.36990789466861,3,sub-HUP157,02,True
RJ1-RJ2,0.4791147705618314,True,8.5,10.0,66.66993622893145,4,sub-HUP157,02,True
LC8-LC9,0.4532714061566782,True,8.0,9.75,60.860657077411155,5,sub-HUP157,02,True
LC3-LC4,0.4408271708992954,True,8.0,8.75,59.18977220732425,6,sub-HUP157,02,False
RC7-RC8,0.38064158688415484,True,9.0,10.0,54.8256603267155,7,sub-HUP157,02,False
LB9-LB10,0.3793450362028336,True,8.0,10.0,50.93457881695373,8,sub-HUP157,02,True
LJ1-LJ2,0.33478949903285654,True,7.75,10.0,44.134804940185624,9,sub-HUP157,02,True
RB6-RB7,0.3154380022685865,True,8.75,9.75,44.66400169645972,10,sub-HUP157,02,False
LB8-LB9,0.24200746077238747,True,7.75,10.0,31.903485940013628,11,sub-HUP157,02,True
LC1-LC2,0.23204865598946217,True,-4.75,-3.75,2.2659726978942887,12,sub-HUP157,02,True
LC4-LC5,0.23043148067797234,True,8.0,9.75,30.93998680458248,13,sub-HUP157,02,False
RB7-RB8,0.22618795394789762,True,9.0,9.75,32.57895185508544,14,sub-HUP157,02,False
LE6-LE7,0.20662646570879195,True,9.5,10.0,30.770277041344183,15,sub-HUP157,02,False
RA8-RA9,0.20087623494478524,True,9.25,10.0,29.423574687371985,16,sub-HUP157,02,False
RB5-RB6,0.18642961696674867,True,8.25,9.75,25.48699058195006,17,sub-HUP157,02,False
LB6-LB7,0.17988146161677898,True,7.75,10.0,23.713507274709603,18,sub-HUP157,02,True
RC9-RC10,0.16636908875677958,True,8.0,10.0,22.338342815314956,19,sub-HUP157,02,False
LJ7-LJ8,0.1590155038940555,True,8.25,9.75,21.739178120259147,20,sub-HUP157,02,False
LB7-LB8,0.15632074203834428,True,9.25,9.75,22.897258253645084,21,sub-HUP157,02,True
LB5-LB6,0.15541031556129037,True,9.25,10.5,22.763902501271893,22,sub-HUP157,02,False
RB8-RB9,0.1460483210220966,True,-4.25,-3.75,2.1392593716922894,23,sub-HUP157,02,False
LH7-LH8,0.13435936931464929,True,9.25,10.0,19.680441238180467,24,sub-HUP157,02,False
LC6-LC7,0.1323540952642978,True,8.0,10.5,17.77115674022262,25,sub-HUP157,02,True
LJ3-LJ4,0.12696946698434,True,7.5,8.25,16.428230595188,26,sub-HUP157,02,False
LA8-LA9,0.11700755095433041,True,7.75,9.25,15.424932540645168,27,sub-HUP157,02,False
LJ4-LJ5,0.11441656681754192,True,7.5,8.25,14.804045320755307,28,sub-HUP157,02,False
RC5-RC6,0.11168046302000269,True,8.0,10.0,14.995312454713815,29,sub-HUP157,02,False
LJ6-LJ7,0.10870080300948538,True,7.75,10.25,14.329866233929726,30,sub-HUP157,02,False
LE7-LE8,0.10673903371642104,True,8.75,10.0,15.113563834104559,31,sub-HUP157,02,False
LA5-LA6,0.10627720912453618,True,8.0,9.75,14.269818682180315,32,sub-HUP157,02,False
LJ2-LJ3,0.10525177675735653,True,7.75,9.25,13.875186199726064,33,sub-HUP157,02,False
RC4-RC5,0.10243131460355533,True,8.0,10.0,13.753431227736732,34,sub-HUP157,02,False
LB4-LB5,0.09973095907198237,True,8.0,10.0,13.390855054252398,35,sub-HUP157,02,False
RB4-RB5,0.09717906686555947,True,9.25,10.25,14.234414204118547,36,sub-HUP157,02,False
LG1-LG2,0.09566958070041023,True,9.5,10.5,14.24686567852184,37,sub-HUP157,02,False
LE5-LE6,0.09304872171119102,True,8.75,10.0,13.175103299137021,38,sub-HUP157,02,False
RC10-RC11,0.09244319784908364,True,8.75,10.0,13.08936499680849,39,sub-HUP157,02,False
RD1-RD2,0.08643391172042297,True,-3.25,2.5,2.1100842331486924,40,sub-HUP157,02,False
LH6-LH7,0.08438573293500126,True,7.75,10.0,11.124446476307693,41,sub-HUP157,02,False
LA4-LA5,0.084132777956851,True,8.0,9.75,11.296490532279396,42,sub-HUP157,02,False
RC6-RC7,0.083592585299828,True,8.0,10.0,11.22395897699429,43,sub-HUP157,02,False
LE4-LE5,0.0834010894217636,True,7.5,9.5,10.791037888499718,44,sub-HUP157,02,False
LB3-LB4,0.0824510639077465,True,8.25,10.5,11.271972358680037,45,sub-HUP157,02,False
LE8-LE9,0.08046969654341714,True,10.25,11.5,12.57268288654098,46,sub-HUP157,02,False
LG3-LG4,0.07497236167630637,True,8.0,9.75,10.066523350665802,47,sub-HUP157,02,False
RC3-RC4,0.0737905277653402,True,9.25,10.5,10.808551372544766,48,sub-HUP157,02,False
LA7-LA8,0.07046083865058378,True,8.0,9.75,9.46076209585054,49,sub-HUP157,02,False
LA1-LA2,0.06998289417779975,True,12.0,13.25,12.130141636000445,50,sub-HUP157,02,True
LJ5-LJ6,0.06679892388620495,True,7.5,10.5,8.642929289829459,51,sub-HUP157,02,False
RJ2-RJ3,0.06673167458288097,True,8.5,10.0,9.285867942817518,52,sub-HUP157,02,False
LA6-LA7,0.06256944475286702,True,8.75,9.75,8.859432809269036,53,sub-HUP157,02,False
RC2-RC3,0.06208525379872085,True,7.25,10.0,7.881473662703145,54,sub-HUP157,02,False
LG2-LG3,0.05738640596598856,True,9.25,11.5,8.405738998663704,55,sub-HUP157,02,False
RA7-RA8,0.057260376855217544,True,9.25,10.5,8.38727874150798,56,sub-HUP157,02,False
LA9-LA10,0.05701757420719252,True,8.0,9.75,7.655737785520712,57,sub-HUP157,02,False
RB3-RB4,0.055747689920272334,True,9.25,10.75,8.165706204461943,58,sub-HUP157,02,False
RA9-RA10,0.05377231172207096,True,8.5,9.75,7.482542417109718,59,sub-HUP157,02,False
LH5-LH6,0.04998031619110155,True,7.25,10.25,6.3448004415157655,60,sub-HUP157,02,False
LF3-LF4,0.049374012049412296,True,9.0,10.5,7.111579256872107,61,sub-HUP157,02,False
LH1-LH2,0.049045793915213194,True,9.0,10.0,7.064304401578523,62,sub-HUP157,02,False
RA6-RA7,0.048876451366974674,True,9.5,11.0,7.278554294584751,63,sub-HUP157,02,False
LF2-LF3,0.04869771976983066,True,9.5,11.5,7.251938048977985,64,sub-HUP157,02,False
RJ4-RJ5,0.047694606399701786,True,9.75,10.5,7.218992369959766,65,sub-HUP157,02,False
RC11-RC12,0.04754207224678663,True,8.5,10.0,6.615590083285619,66,sub-HUP157,02,False
LC5-LC6,0.04717683301421322,True,8.0,10.25,6.3344235199426056,67,sub-HUP157,02,False
LA3-LA4,0.04590487928591452,True,7.0,9.5,5.715373935955585,68,sub-HUP157,02,False
LH3-LH4,0.045509041780858135,True,9.0,9.75,6.554888778432359,69,sub-HUP157,02,False
LH2-LH3,0.04175238839752486,True,9.25,10.0,6.1157285167576685,70,sub-HUP157,02,False
RA2-RA3,0.041610232826236104,True,9.5,12.5,6.196487886612678,71,sub-HUP157,02,False
LE3-LE4,0.04001164584148793,True,9.25,10.25,5.860751273565522,72,sub-HUP157,02,False
RF7-RF8,0.03908794679377023,True,7.75,9.75,5.152906265695318,73,sub-HUP157,02,False
LB2-LB3,0.03764471600990795,True,10.25,11.5,5.881656040433809,74,sub-HUP157,02,True
LH4-LH5,0.03739897207729529,True,7.0,10.0,4.656348378802754,75,sub-HUP157,02,False
RH1-RH2,0.03709003038104451,True,9.5,10.25,5.523351069194866,76,sub-HUP157,02,False
LD5-LD6,0.034134822349651005,True,9.25,11.0,4.9999368771582215,77,sub-HUP157,02,False
RD7-RD8,0.03387363155992767,True,8.0,10.0,4.548205437919737,78,sub-HUP157,02,False
RJ7-RJ8,0.031165176992541337,True,9.5,11.0,4.641037278615268,79,sub-HUP157,02,False
RA5-RA6,0.030999362285155346,True,9.5,11.75,4.616344582709667,80,sub-HUP157,02,False
LF4-LF5,0.030717187569024012,True,8.75,11.5,4.349357109246403,81,sub-HUP157,02,False
RJ3-RJ4,0.029817090842018844,True,8.0,10.75,4.003534562590209,82,sub-HUP157,02,False
RC1-RC2,0.02862746727430624,True,8.5,10.75,3.983578747396411,83,sub-HUP157,02,False
RI1-RI2,0.026802669040403963,True,9.75,10.75,4.056816439068944,84,sub-HUP157,02,False
RE7-RE8,0.026667840850988597,True,2.75,12.5,2.213514625589695,85,sub-HUP157,02,False
RD6-RD7,0.02588299401569932,True,9.25,11.0,3.791240948751671,86,sub-HUP157,02,False
LF7-LF8,0.02517903098824532,True,10.0,11.5,3.872533522912879,87,sub-HUP157,02,False
RE6-RE7,0.025003609407674945,True,2.25,13.0,1.9532971143492301,88,sub-HUP157,02,False
LA2-LA3,0.024734789031074178,True,8.75,12.25,3.5022877754114203,89,sub-HUP157,02,True
LB1-LB2,0.02469265282119431,True,10.25,12.0,3.8580099948658786,90,sub-HUP157,02,True
RH2-RH3,0.024564622022862758,True,8.5,11.5,3.4182243678933117,91,sub-HUP157,02,False
LG6-LG7,0.02440719188872067,True,9.75,12.5,3.6942401943780396,92,sub-HUP157,02,False
LG4-LG5,0.024296834024085872,True,11.25,13.0,4.0334272105756686,93,sub-HUP157,02,False
RJ5-RJ6,0.024122429732908318,True,9.75,12.75,3.651138972138463,94,sub-HUP157,02,False
RF6-RF7,0.023914910486921584,True,7.75,11.75,3.152667310508141,95,sub-HUP157,02,False
RE5-RE6,0.02321225291815023,True,9.25,12.5,3.4000411128130414,96,sub-HUP157,02,False
RA4-RA5,0.023002994146799446,True,9.5,11.25,3.425546191527006,97,sub-HUP157,02,False
RD5-RD6,0.022697758528513183,True,8.0,10.5,3.0476232991238565,98,sub-HUP157,02,False
RG3-RG4,0.022436862565991318,True,8.0,12.25,3.012592852702015,99,sub-HUP157,02,False
RE4-RE5,0.02214512645869829,True,9.5,12.0,3.2977947617324688,100,sub-HUP157,02,False
RG4-RG5,0.021716603398599727,True,8.25,11.5,2.9688998738369765,101,sub-HUP157,02,False
RB2-RB3,0.021055917396173646,True,13.5,15.0,3.9580430862612346,102,sub-HUP157,02,False
RH3-RH4,0.02038850609774477,True,7.75,11.75,2.687786630838858,103,sub-HUP157,02,False
RI2-RI3,0.01985793383247555,True,10.0,13.5,3.054149085322145,104,sub-HUP157,02,False
LG5-LG6,0.019605345157201037,True,12.0,15.0,3.398196321737217,105,sub-HUP157,02,False
RI4-RI5,0.019540351004374058,True,6.5,13.5,2.337459339103527,106,sub-HUP157,02,False
LD6-LD7,0.0190749551863451,True,7.75,12.0,2.5146231552188,107,sub-HUP157,02,False
RI3-RI4,0.018798915041184465,True,6.5,13.0,2.2487671546019903,108,sub-HUP157,02,False
RE1-RE2,0.018514885164763392,True,9.5,13.5,2.7571886493541373,109,sub-HUP157,02,False
RG1-RG2,0.017939633619056934,True,10.0,12.0,2.759114622441403,110,sub-HUP157,02,False
RJ6-RJ7,0.017835728530270534,True,9.25,12.0,2.612508595943943,111,sub-HUP157,02,False
RF1-RF2,0.01779438178066656,True,11.5,16.25,2.997420126404768,112,sub-HUP157,02,False
LD3-LD4,0.017690324842595622,True,9.75,11.25,2.6775841064830757,113,sub-HUP157,02,False
LF5-LF6,0.01758890032146079,True,9.25,12.0,2.5763541536881926,114,sub-HUP157,02,False
RG7-RG8,0.01758071616504234,True,9.5,13.0,2.618074626248485,115,sub-HUP157,02,False
RB1-RB2,0.017525754332356095,True,10.0,14.0,2.6954600118673695,116,sub-HUP157,02,False
RH6-RH7,0.01705116514254162,True,14.25,14.75,3.3301183767287754,117,sub-HUP157,02,False
LD4-LD5,0.01639347142747721,True,10.0,14.75,2.521314965991233,118,sub-HUP157,02,False
RA3-RA4,0.016311855893585563,True,9.25,12.75,2.3892976205298164,119,sub-HUP157,02,False
RH4-RH5,0.015753295704519037,True,8.5,16.75,2.1921077882533013,120,sub-HUP157,02,False
RG5-RG6,0.01572308444991148,True,11.25,16.25,2.6101308751413805,121,sub-HUP157,02,False
RI5-RI6,0.015534199400961953,True,9.25,16.25,2.275389502438496,122,sub-HUP157,02,False
RI6-RI7,0.015241947818259424,True,9.25,15.5,2.2325816198957242,123,sub-HUP157,02,False
RH5-RH6,0.01462173178150816,True,14.25,16.5,2.855646361885011,124,sub-HUP157,02,False
RH7-RH8,0.014613933592203582,True,14.5,16.5,2.889799905749577,125,sub-HUP157,02,False
RF4-RF5,0.014540001077018262,True,14.0,16.5,2.8041881786211227,126,sub-HUP157,02,False
RG6-RG7,0.014076513463020017,True,11.5,17.0,2.3711542937392993,127,sub-HUP157,02,False
RA1-RA2,0.012071903487271099,True,19.0,25.0,2.917605529878964,128,sub-HUP157,02,False
LF6-LF7,0.01182620025977896,True,10.0,17.75,1.818868922162066,129,sub-HUP157,02,False
RI7-RI8,0.011308878485474464,True,8.75,15.5,1.6012647944371974,130,sub-HUP157,02,False
LD2-LD3,0.0,False,,,,131,sub-HUP157,02,False
LD7-LD8,0.0,False,,,,131,sub-HUP157,02,False
LE1-LE2,0.0,False,,,,131,sub-HUP157,02,False
LE2-LE3,0.0,False,,,,131,sub-HUP157,02,False
LF1-LF2,0.0,False,,,,131,sub-HUP157,02,False
LG7-LG8,0.0,False,,,,131,sub-HUP157,02,False
RD2-RD3,0.0,False,,,,131,sub-HUP157,02,False
RD3-RD4,0.0,False,,,,131,sub-HUP157,02,False
RD4-RD5,0.0,False,,,,131,sub-HUP157,02,False
RE2-RE3,0.0,False,,,,131,sub-HUP157,02,False
RE3-RE4,0.0,False,,,,131,sub-HUP157,02,False
RF2-RF3,0.0,False,,,,131,sub-HUP157,02,False
RF3-RF4,0.0,False,,,,131,sub-HUP157,02,False
RF5-RF6,0.0,False,,,,131,sub-HUP157,02,False
RG2-RG3,0.0,False,,,,131,sub-HUP157,02,False
RJ1-RJ2,1.0,True,0.0,1.5,198.65520028121182,1,sub-HUP157,03,True
LC7-LC8,0.9297963952921319,True,1.5,2.0,218.29232351432674,2,sub-HUP157,03,True
LC1-LC2,0.7067898547435281,True,0.0,1.75,140.40748015080416,3,sub-HUP157,03,True
LC8-LC9,0.5242024406916803,True,0.5,1.75,110.44678574311222,4,sub-HUP157,03,True
LJ1-LJ2,0.4986596454305307,True,1.5,1.75,117.07248295973473,5,sub-HUP157,03,True
LB5-LB6,0.47219047719184654,True,1.5,2.0,110.85820178423221,6,sub-HUP157,03,False
LB9-LB10,0.4702719504894789,True,1.0,1.75,104.74584348216884,7,sub-HUP157,03,True
LC2-LC3,0.4196111929713495,True,0.5,1.25,88.40994228177752,8,sub-HUP157,03,True
LJ7-LJ8,0.39123542884452356,True,1.5,1.75,91.85203474225365,9,sub-HUP157,03,False
LA8-LA9,0.2555841257330695,True,1.25,3.0,58.46601200229245,10,sub-HUP157,03,False
LB4-LB5,0.24486017420926875,True,1.5,2.25,57.486882757241005,11,sub-HUP157,03,False
LC3-LC4,0.2066165037394261,True,1.25,1.75,47.26444943657148,12,sub-HUP157,03,False
LB6-LB7,0.20623222143167266,True,1.5,2.0,48.41803111712055,13,sub-HUP157,03,True
RC7-RC8,0.1977989419091921,True,1.25,1.5,45.24739272650087,14,sub-HUP157,03,False
LJ4-LJ5,0.1718678078461509,True,-7.25,-6.25,4.138476822978174,15,sub-HUP157,03,False
RB8-RB9,0.1689050910993046,True,0.5,1.75,35.58744286453648,16,sub-HUP157,03,False
LA7-LA8,0.16265482150805796,True,1.25,2.0,37.208017983295285,17,sub-HUP157,03,False
RB6-RB7,0.14666107698323969,True,0.5,1.75,30.9007423259009,18,sub-HUP157,03,False
RB7-RB8,0.13563877590549678,True,0.5,1.5,28.578399599065772,19,sub-HUP157,03,False
LJ6-LJ7,0.13407906172629014,True,1.25,2.0,30.671185112382393,20,sub-HUP157,03,False
LB7-LB8,0.1305913048099554,True,1.0,1.75,29.08720445588604,21,sub-HUP157,03,True
RC8-RC9,0.12902348680134998,True,1.5,2.0,30.291402359048373,22,sub-HUP157,03,False
LA5-LA6,0.11129618134750512,True,1.25,1.75,25.459499316747348,23,sub-HUP157,03,False
LH6-LH7,0.1042178907402878,True,0.5,1.5,21.958179046254735,24,sub-HUP157,03,False
LH7-LH8,0.09750386282927855,True,0.5,1.75,20.543567543908324,25,sub-HUP157,03,False
LB3-LB4,0.08905484953252352,True,1.5,2.5,20.90779241896876,26,sub-HUP157,03,False
LJ2-LJ3,0.08369816548440197,True,-5.5,-2.5,5.542358609157961,27,sub-HUP157,03,False
LA6-LA7,0.07870814430059161,True,1.5,2.0,18.4786516552141,28,sub-HUP157,03,False
RC5-RC6,0.07817326418433374,True,1.5,2.25,18.353075535570333,29,sub-HUP157,03,False
LB8-LB9,0.07287364883596872,True,0.0,2.0,14.476729304732066,30,sub-HUP157,03,True
RC6-RC7,0.06931071817264532,True,0.25,1.75,14.186175042652437,31,sub-HUP157,03,False
LC4-LC5,0.06622322078403277,True,1.5,2.0,15.54751213141329,32,sub-HUP157,03,False
RB5-RB6,0.06525862865189327,True,1.25,2.5,14.928203209300767,33,sub-HUP157,03,False
LE4-LE5,0.0635442679489795,True,0.75,1.75,13.77098102850274,34,sub-HUP157,03,False
LA4-LA5,0.05972877544129647,True,1.25,1.75,13.663224552060802,35,sub-HUP157,03,False
LE6-LE7,0.05825337686429617,True,1.25,1.75,13.325720528038767,36,sub-HUP157,03,False
LC6-LC7,0.0568901673750683,True,1.5,2.25,13.356350792821464,37,sub-HUP157,03,True
RB3-RB4,0.05042852012865272,True,1.25,1.75,11.535749548776357,38,sub-HUP157,03,False
LA3-LA4,0.04523747348245169,True,1.5,3.0,10.620597419394713,39,sub-HUP157,03,False
RB4-RB5,0.041781187741932305,True,1.5,2.0,9.809150258653288,40,sub-HUP157,03,False
LA9-LA10,0.04122530987206186,True,1.0,1.75,9.1823036667791,41,sub-HUP157,03,False
LA1-LA2,0.040154523717948344,True,1.75,4.5,9.668975698649332,42,sub-HUP157,03,True
LE5-LE6,0.039710542371863104,True,1.25,1.75,9.08396419484862,43,sub-HUP157,03,False
LB2-LB3,0.0393924583017702,True,1.5,3.75,9.248337910508798,44,sub-HUP157,03,True
LJ3-LJ4,0.03859768707756189,True,-4.0,-3.0,3.949991859555703,45,sub-HUP157,03,False
LJ5-LJ6,0.038567735313654906,True,1.5,2.25,9.054714125513588,46,sub-HUP157,03,False
RA6-RA7,0.03830543379006531,True,1.25,2.25,8.762539321639899,47,sub-HUP157,03,False
RC2-RC3,0.037990751223946795,True,1.25,2.25,8.690554277049092,48,sub-HUP157,03,False
RA8-RA9,0.03733187235416564,True,1.25,2.0,8.539832788387805,49,sub-HUP157,03,False
RD4-RD5,0.03665309131177709,True,-5.0,-4.25,2.8684016224565485,50,sub-HUP157,03,False
LE7-LE8,0.03489608107969915,True,1.25,2.25,7.982634638934776,51,sub-HUP157,03,False
RC9-RC10,0.032014199557504563,True,1.5,2.25,7.516112174927615,52,sub-HUP157,03,False
LA2-LA3,0.02527141049116286,True,1.75,3.0,6.085208621225061,53,sub-HUP157,03,True
RA7-RA8,0.02505572360774542,True,1.25,2.0,5.731608850803619,54,sub-HUP157,03,False
RD7-RD8,0.024856053827238565,True,1.0,2.5,5.536303666553769,55,sub-HUP157,03,False
RA9-RA10,0.023964928754768956,True,-2.0,1.5,3.6066346375027267,56,sub-HUP157,03,False
RC1-RC2,0.023897471896027214,True,1.25,3.25,5.466653590828995,57,sub-HUP157,03,False
LH5-LH6,0.023533826017441088,True,1.25,2.0,5.383467969495824,58,sub-HUP157,03,False
RC4-RC5,0.021127434434000673,True,1.5,2.75,4.960179213262679,59,sub-HUP157,03,False
RC3-RC4,0.02038712819813357,True,1.5,2.25,4.7863743145151405,60,sub-HUP157,03,False
RJ2-RJ3,0.019567371310712074,True,1.25,2.5,4.476123713177004,61,sub-HUP157,03,False
RB2-RB3,0.01688123409900199,True,8.75,9.75,6.910335029797753,62,sub-HUP157,03,False
RC10-RC11,0.016757773569683845,True,1.5,2.25,3.934295021980513,63,sub-HUP157,03,False
RD6-RD7,0.016411380841383542,True,-0.75,4.5,2.963823770851173,64,sub-HUP157,03,False
LH4-LH5,0.015046909766345446,True,1.5,2.25,3.5326281229278904,65,sub-HUP157,03,False
LE3-LE4,0.015008930988576521,True,1.5,2.0,3.523711680913929,66,sub-HUP157,03,False
LF2-LF3,0.013628355601732992,True,1.5,2.5,3.199588022759632,67,sub-HUP157,03,False
LB1-LB2,0.013583045490645564,True,1.25,5.25,3.107182413641643,68,sub-HUP157,03,True
LE8-LE9,0.01314478573578981,True,1.5,2.75,3.0860582326327486,69,sub-HUP157,03,False
LF3-LF4,0.01303377644227291,True,1.5,2.75,3.0599961003894043,70,sub-HUP157,03,False
RF7-RF8,0.012609821539614966,True,4.5,6.75,3.8713738726239404,71,sub-HUP157,03,False
RB1-RB2,0.012555008778312908,True,13.0,14.25,6.424242775393651,72,sub-HUP157,03,False
RC11-RC12,0.012546290518660231,True,1.5,5.0,2.945546920456302,73,sub-HUP157,03,False
LF7-LF8,0.012166930310713288,True,0.75,2.5,2.636753430198867,74,sub-HUP157,03,False
LC5-LC6,0.012018360780948326,True,1.5,2.5,2.821602571262269,75,sub-HUP157,03,False
RA5-RA6,0.011626656963894961,True,1.5,3.75,2.7296405709932268,76,sub-HUP157,03,False
LD6-LD7,0.011441859466988284,True,1.25,6.0,2.617376533095558,77,sub-HUP157,03,False
LG3-LG4,0.011430917035098227,True,1.75,2.5,2.752498318794369,78,sub-HUP157,03,False
RJ3-RJ4,0.011257051646433484,True,1.25,7.0,2.5751009174888235,79,sub-HUP157,03,False
LF4-LF5,0.010924613853402538,True,1.25,6.5,2.4990542853217614,80,sub-HUP157,03,False
LD4-LD5,0.010483105450615263,True,1.25,7.75,2.398057263294529,81,sub-HUP157,03,False
RH1-RH2,0.010149301519994193,True,1.25,7.0,2.3216981210429224,82,sub-HUP157,03,False
RA1-RA2,0.009802473992568155,True,5.0,6.25,3.127501788332874,83,sub-HUP157,03,False
RE2-RE3,0.009630271773823095,True,5.0,7.5,3.07256027586486,84,sub-HUP157,03,False
LH3-LH4,0.009623778967935547,True,1.25,2.25,2.201482486570282,85,sub-HUP157,03,False
LD5-LD6,0.009592112187294046,True,1.5,6.5,2.251981689084343,86,sub-HUP157,03,False
RH2-RH3,0.00951974393430141,True,1.25,7.0,2.1776840072724517,87,sub-HUP157,03,False
LG4-LG5,0.009401823412961181,True,1.75,2.5,2.2639043795277454,88,sub-HUP157,03,False
RJ4-RJ5,0.009190968861816648,True,7.0,9.25,3.3750260412538373,89,sub-HUP157,03,False
RH5-RH6,0.008868387235739511,True,5.75,6.75,2.989638472099448,90,sub-HUP157,03,False
RA4-RA5,0.008644113303747212,True,12.0,14.0,4.214940691768502,91,sub-HUP157,03,False
LE2-LE3,0.008392614808069652,True,1.5,2.5,1.9703704984128936,92,sub-HUP157,03,False
LH2-LH3,0.00818970519555331,True,1.25,2.25,1.873431696452591,93,sub-HUP157,03,False
LG6-LG7,0.008166581828665644,True,1.5,6.5,1.9173037576567473,94,sub-HUP157,03,False
RE1-RE2,0.008110990079862926,True,1.5,7.5,1.904252242211199,95,sub-HUP157,03,False
RI5-RI6,0.007857793973929005,True,5.5,8.0,2.6016527260989433,96,sub-HUP157,03,False
LG5-LG6,0.007678619274161876,True,4.75,9.0,2.4036569027022314,97,sub-HUP157,03,False
RF6-RF7,0.0076068527682347006,True,4.25,8.0,2.2896073639141745,98,sub-HUP157,03,False
RH6-RH7,0.007480545866864156,True,5.0,8.0,2.386685299452078,99,sub-HUP157,03,False
RA2-RA3,0.00711676065623152,True,8.5,10.25,2.8704048910802156,100,sub-HUP157,03,False
LF6-LF7,0.00683023448073673,True,6.0,6.75,2.3436700341844983,101,sub-HUP157,03,False
RH7-RH8,0.006700261805798847,True,4.75,8.25,2.097399280312462,102,sub-HUP157,03,False
RA3-RA4,0.006656831963161989,True,11.25,14.75,3.125706496262568,103,sub-HUP157,03,False
LF5-LF6,0.005916940146260441,True,6.0,7.25,2.030289787848991,104,sub-HUP157,03,False
RD2-RD3,0.004047207646912387,True,22.25,24.75,2.9723593688666043,105,sub-HUP157,03,False
LD2-LD3,0.0,False,,,,106,sub-HUP157,03,False
LD3-LD4,0.0,False,,,,106,sub-HUP157,03,False
LD7-LD8,0.0,False,,,,106,sub-HUP157,03,False
LE1-LE2,0.0,False,,,,106,sub-HUP157,03,False
LF1-LF2,0.0,False,,,,106,sub-HUP157,03,False
LG1-LG2,0.0,False,,,,106,sub-HUP157,03,False
LG2-LG3,0.0,False,,,,106,sub-HUP157,03,False
LG7-LG8,0.0,False,,,,106,sub-HUP157,03,False
LH1-LH2,0.0,False,,,,106,sub-HUP157,03,False
RD1-RD2,0.0,False,,,,106,sub-HUP157,03,False
RD3-RD4,0.0,False,,,,106,sub-HUP157,03,False
RD5-RD6,0.0,False,,,,106,sub-HUP157,03,False
RE3-RE4,0.0,False,,,,106,sub-HUP157,03,False
RE4-RE5,0.0,False,,,,106,sub-HUP157,03,False
RE5-RE6,0.0,False,,,,106,sub-HUP157,03,False
RE6-RE7,0.0,False,,,,106,sub-HUP157,03,False
RE7-RE8,0.0,False,,,,106,sub-HUP157,03,False
RF1-RF2,0.0,False,,,,106,sub-HUP157,03,False
RF2-RF3,0.0,False,,,,106,sub-HUP157,03,False
RF3-RF4,0.0,False,,,,106,sub-HUP157,03,False
RF4-RF5,0.0,False,,,,106,sub-HUP157,03,False
RF5-RF6,0.0,False,,,,106,sub-HUP157,03,False
RG1-RG2,0.0,False,,,,106,sub-HUP157,03,False
RG2-RG3,0.0,False,,,,106,sub-HUP157,03,False
RG3-RG4,0.0,False,,,,106,sub-HUP157,03,False
RG4-RG5,0.0,False,,,,106,sub-HUP157,03,False
RG5-RG6,0.0,False,,,,106,sub-HUP157,03,False
RG6-RG7,0.0,False,,,,106,sub-HUP157,03,False
RG7-RG8,0.0,False,,,,106,sub-HUP157,03,False
RH3-RH4,0.0,False,,,,106,sub-HUP157,03,False
RH4-RH5,0.0,False,,,,106,sub-HUP157,03,False
RI1-RI2,0.0,False,,,,106,sub-HUP157,03,False
RI2-RI3,0.0,False,,,,106,sub-HUP157,03,False
RI3-RI4,0.0,False,,,,106,sub-HUP157,03,False
RI4-RI5,0.0,False,,,,106,sub-HUP157,03,False
RI6-RI7,0.0,False,,,,106,sub-HUP157,03,False
RI7-RI8,0.0,False,,,,106,sub-HUP157,03,False
RJ5-RJ6,0.0,False,,,,106,sub-HUP157,03,False
RJ6-RJ7,0.0,False,,,,106,sub-HUP157,03,False
RJ7-RJ8,0.0,False,,,,106,sub-HUP157,03,False
RO3-RO4,1.0,True,-5.0,-4.5,4.108400521344693,1,sub-HUP158,04,False
RJ4-RJ5,0.8066976050063187,True,-5.25,-0.75,2.65138948878038,2,sub-HUP158,04,False
RH8-RH9,0.754341041358883,True,-4.5,-2.25,4.338789178626747,3,sub-HUP158,04,False
RJ3-RJ4,0.710330204178519,True,-4.75,-1.25,3.5019851774086916,4,sub-HUP158,04,False
RE4-RE5,0.7050057060464057,True,-5.0,-2.0,2.8964458102720365,5,sub-HUP158,04,False
RH6-RH7,0.6589246405083875,True,-2.75,-1.5,7.579953742456266,6,sub-HUP158,04,False
RI5-RI6,0.5961168207816385,True,-3.25,-2.0,5.8778079774759,7,sub-HUP158,04,False
RK6-RK7,0.5346075725175538,True,-5.0,2.5,2.196382029645939,8,sub-HUP158,04,False
RJ5-RJ6,0.5180684190868999,True,-5.25,3.5,1.7027460504550724,9,sub-HUP158,04,False
RJ2-RJ3,0.45972110243837977,True,-4.5,-0.5,2.644205783703395,10,sub-HUP158,04,False
RH4-RH5,0.45377142776266627,True,-3.75,-1.25,3.728549540782928,11,sub-HUP158,04,False
RF4-RF5,0.44837787627118747,True,-2.75,-2.0,5.157924521769525,12,sub-HUP158,04,False
RG8-RG9,0.44281597666462225,True,-4.5,-1.25,2.5469715451441712,13,sub-HUP158,04,False
RF5-RF6,0.4312113236909099,True,-4.25,0.75,2.8345421232983514,14,sub-HUP158,04,False
RE1-RE2,0.4110705453765032,True,-2.75,-1.25,4.728758840215965,15,sub-HUP158,04,False
RL5-RL6,0.3650813816198262,True,-4.25,3.5,2.3998408617282156,16,sub-HUP158,04,False
RJ1-RJ2,0.35103849403271387,True,-4.5,5.25,2.0190894246544806,17,sub-HUP158,04,False
RH2-RH3,0.34988655463412316,True,-4.75,9.75,1.724968924164396,18,sub-HUP158,04,False
RJ7-RJ8,0.3110422595432829,True,-4.25,2.25,2.044617890028568,19,sub-HUP158,04,False
RI2-RI3,0.31031732654390237,True,-3.5,0.0,2.804797305541572,20,sub-HUP158,04,False
RH7-RH8,0.29545830981036547,True,-2.75,-1.5,3.3988110073694764,21,sub-HUP158,04,False
RG6-RG7,0.2893718646292042,True,-2.75,-2.25,3.328795454614304,22,sub-HUP158,04,False
RI1-RI2,0.28548140129833016,True,-2.5,-2.0,3.5186158137848196,23,sub-HUP158,04,False
RF3-RF4,0.28067528412421944,True,-2.75,1.75,3.2287541541486364,24,sub-HUP158,04,False
RH5-RH6,0.26286862379849296,True,-3.75,1.75,2.159939182117781,25,sub-HUP158,04,False
RI3-RI4,0.24380037028595847,True,-3.25,-1.75,2.4039109641284666,26,sub-HUP158,04,False
LE7-LE8,0.23278133299043843,True,-2.75,-1.25,2.677805059488244,27,sub-HUP158,04,False
RI4-RI5,0.22262430712045012,True,-2.5,2.25,2.743889458312975,28,sub-HUP158,04,False
RH3-RH4,0.2176977336839436,True,-2.75,-1.75,2.504290551175482,29,sub-HUP158,04,False
RG7-RG8,0.21016831431473923,True,-2.5,-1.5,2.5903668363024304,30,sub-HUP158,04,False
RG2-RG3,0.20544782218865573,True,-2.75,7.25,2.3633734314092143,31,sub-HUP158,04,False
RG5-RG6,0.1896326431969282,True,-2.75,-1.5,2.18144318048785,32,sub-HUP158,04,False
RI6-RI7,0.18693437095223323,True,-2.5,2.5,2.304003801232192,33,sub-HUP158,04,False
RM7-RM8,0.1373866802809317,True,-2.0,-0.5,1.919094330232788,34,sub-HUP158,04,False
RJ6-RJ7,0.13394151827360665,True,-0.5,3.5,2.5313128561229328,35,sub-HUP158,04,False
RE6-RE7,0.13128729479495022,True,-1.0,22.0,2.2653993196023334,36,sub-HUP158,04,False
RO5-RO6,0.11725773872419695,True,1.25,4.25,2.8904505294371434,37,sub-HUP158,04,False
RG3-RG4,0.0629397849944679,True,4.75,14.5,2.2755202402644343,38,sub-HUP158,04,False
RF2-RF3,0.06051060990855143,True,12.0,14.0,3.6295865909095992,39,sub-HUP158,04,False
RN3-RN4,0.06049051874271839,True,11.5,12.0,3.5289737580937315,40,sub-HUP158,04,False
RO6-RO7,0.04932443829940352,True,15.5,17.75,3.5260151356228824,41,sub-HUP158,04,False
RO4-RO5,0.045970255331393865,True,14.5,18.75,3.135146068099464,42,sub-HUP158,04,False
RN2-RN3,0.04259195256641142,True,8.75,13.5,2.0998176015471977,43,sub-HUP158,04,False
LC4-LC5,0.04132455803706707,True,14.5,18.75,2.8183120740115015,44,sub-HUP158,04,False
RM2-RM3,0.039135232708305386,True,18.5,21.25,3.183507567142605,45,sub-HUP158,04,False
RC1-RC2,0.03889350664835917,True,14.0,16.5,2.5885996684548824,46,sub-HUP158,04,False
RM4-RM5,0.0384944507016255,True,20.75,24.5,3.416053420759013,47,sub-HUP158,04,False
RH1-RH2,0.03830873207898461,True,14.75,20.25,2.6441119294019564,48,sub-HUP158,04,False
RM6-RM7,0.03658567127744555,True,26.75,28.25,3.9681468010800756,49,sub-HUP158,04,False
RM1-RM2,0.035822072475358756,True,17.5,23.25,2.796257003434815,50,sub-HUP158,04,False
RG4-RG5,0.03531455688947105,True,14.0,24.0,2.3503987717593073,51,sub-HUP158,04,False
RM3-RM4,0.0330522189205137,True,18.5,23.0,2.6886767182038214,52,sub-HUP158,04,False
RO2-RO3,0.03280579033410277,True,25.25,29.25,3.3964390180161628,53,sub-HUP158,04,False
RG1-RG2,0.03129369277818589,True,21.5,24.5,2.85418792668833,54,sub-HUP158,04,False
RK7-RK8,0.030367087917005046,True,24.5,27.5,3.069099931816614,55,sub-HUP158,04,False
RN1-RN2,0.028516291948869933,True,21.5,26.25,2.6008709413521145,56,sub-HUP158,04,False
RP7-RP8,0.028511996194487847,True,27.5,29.5,3.162744900810318,57,sub-HUP158,04,False
RF7-RF8,0.028106524755953575,True,26.0,30.0,2.9791998127821175,58,sub-HUP158,04,False
RO7-RO8,0.027403390850958366,True,23.5,26.5,2.679501705156816,59,sub-HUP158,04,False
RL6-RL7,0.024556399716024583,True,24.0,27.5,2.4414781145750704,60,sub-HUP158,04,False
RM5-RM6,0.024287806941163684,True,19.25,24.75,2.0355943894676813,61,sub-HUP158,04,False
LA1-LA2,0.0,False,,,,62,sub-HUP158,04,False
LA2-LA3,0.0,False,,,,62,sub-HUP158,04,False
LA3-LA4,0.0,False,,,,62,sub-HUP158,04,False
LA4-LA5,0.0,False,,,,62,sub-HUP158,04,False
LA5-LA6,0.0,False,,,,62,sub-HUP158,04,False
LA6-LA7,0.0,False,,,,62,sub-HUP158,04,False
LA7-LA8,0.0,False,,,,62,sub-HUP158,04,False
LB1-LB2,0.0,False,,,,62,sub-HUP158,04,False
LB2-LB3,0.0,False,,,,62,sub-HUP158,04,False
LB3-LB4,0.0,False,,,,62,sub-HUP158,04,False
LB6-LB7,0.0,False,,,,62,sub-HUP158,04,False
LB7-LB8,0.0,False,,,,62,sub-HUP158,04,False
LC1-LC2,0.0,False,,,,62,sub-HUP158,04,False
LC2-LC3,0.0,False,,,,62,sub-HUP158,04,False
LC3-LC4,0.0,False,,,,62,sub-HUP158,04,False
LC5-LC6,0.0,False,,,,62,sub-HUP158,04,False
LC6-LC7,0.0,False,,,,62,sub-HUP158,04,False
LC7-LC8,0.0,False,,,,62,sub-HUP158,04,False
LE1-LE2,0.0,False,,,,62,sub-HUP158,04,False
LE2-LE3,0.0,False,,,,62,sub-HUP158,04,False
LE3-LE4,0.0,False,,,,62,sub-HUP158,04,False
LE4-LE5,0.0,False,,,,62,sub-HUP158,04,False
LE5-LE6,0.0,False,,,,62,sub-HUP158,04,False
LE6-LE7,0.0,False,,,,62,sub-HUP158,04,False
LF1-LF2,0.0,False,,,,62,sub-HUP158,04,False
LF2-LF3,0.0,False,,,,62,sub-HUP158,04,False
LF3-LF4,0.0,False,,,,62,sub-HUP158,04,False
LF4-LF5,0.0,False,,,,62,sub-HUP158,04,False
LF5-LF6,0.0,False,,,,62,sub-HUP158,04,False
LF6-LF7,0.0,False,,,,62,sub-HUP158,04,False
LF7-LF8,0.0,False,,,,62,sub-HUP158,04,False
LI1-LI2,0.0,False,,,,62,sub-HUP158,04,False
LI2-LI3,0.0,False,,,,62,sub-HUP158,04,False
LI3-LI4,0.0,False,,,,62,sub-HUP158,04,False
LI4-LI5,0.0,False,,,,62,sub-HUP158,04,False
LI7-LI8,0.0,False,,,,62,sub-HUP158,04,False
LI8-LI9,0.0,False,,,,62,sub-HUP158,04,False
LJ1-LJ2,0.0,False,,,,62,sub-HUP158,04,False
LJ2-LJ3,0.0,False,,,,62,sub-HUP158,04,False
LJ3-LJ4,0.0,False,,,,62,sub-HUP158,04,False
LK1-LK2,0.0,False,,,,62,sub-HUP158,04,False
LK2-LK3,0.0,False,,,,62,sub-HUP158,04,False
LK3-LK4,0.0,False,,,,62,sub-HUP158,04,False
LK4-LK5,0.0,False,,,,62,sub-HUP158,04,False
LK5-LK6,0.0,False,,,,62,sub-HUP158,04,False
LM1-LM2,0.0,False,,,,62,sub-HUP158,04,False
LM2-LM3,0.0,False,,,,62,sub-HUP158,04,False
LM3-LM4,0.0,False,,,,62,sub-HUP158,04,False
LM4-LM5,0.0,False,,,,62,sub-HUP158,04,False
LM5-LM6,0.0,False,,,,62,sub-HUP158,04,False
LM6-LM7,0.0,False,,,,62,sub-HUP158,04,False
LM7-LM8,0.0,False,,,,62,sub-HUP158,04,False
LN1-LN2,0.0,False,,,,62,sub-HUP158,04,False
LN2-LN3,0.0,False,,,,62,sub-HUP158,04,False
LN3-LN4,0.0,False,,,,62,sub-HUP158,04,False
LN4-LN5,0.0,False,,,,62,sub-HUP158,04,False
RA1-RA2,0.0,False,,,,62,sub-HUP158,04,False
RA2-RA3,0.0,False,,,,62,sub-HUP158,04,False
RA3-RA4,0.0,False,,,,62,sub-HUP158,04,False
RB1-RB2,0.0,False,,,,62,sub-HUP158,04,False
RB2-RB3,0.0,False,,,,62,sub-HUP158,04,False
RB3-RB4,0.0,False,,,,62,sub-HUP158,04,False
RC2-RC3,0.0,False,,,,62,sub-HUP158,04,False
RC3-RC4,0.0,False,,,,62,sub-HUP158,04,False
RC4-RC5,0.0,False,,,,62,sub-HUP158,04,False
RC5-RC6,0.0,False,,,,62,sub-HUP158,04,False
RC6-RC7,0.0,False,,,,62,sub-HUP158,04,False
RC7-RC8,0.0,False,,,,62,sub-HUP158,04,False
RD1-RD2,0.0,False,,,,62,sub-HUP158,04,False
RD2-RD3,0.0,False,,,,62,sub-HUP158,04,False
RD3-RD4,0.0,False,,,,62,sub-HUP158,04,False
RD4-RD5,0.0,False,,,,62,sub-HUP158,04,False
RD5-RD6,0.0,False,,,,62,sub-HUP158,04,False
RD6-RD7,0.0,False,,,,62,sub-HUP158,04,False
RD7-RD8,0.0,False,,,,62,sub-HUP158,04,False
RE2-RE3,0.0,False,,,,62,sub-HUP158,04,False
RE3-RE4,0.0,False,,,,62,sub-HUP158,04,False
RE5-RE6,0.0,False,,,,62,sub-HUP158,04,False
RE7-RE8,0.0,False,,,,62,sub-HUP158,04,False
RF1-RF2,0.0,False,,,,62,sub-HUP158,04,False
RF6-RF7,0.0,False,,,,62,sub-HUP158,04,False
RG10-RG11,0.0,False,,,,62,sub-HUP158,04,False
RG9-RG10,0.0,False,,,,62,sub-HUP158,04,False
RI7-RI8,0.0,False,,,,62,sub-HUP158,04,False
RK1-RK2,0.0,False,,,,62,sub-HUP158,04,False
RK2-RK3,0.0,False,,,,62,sub-HUP158,04,False
RK3-RK4,0.0,False,,,,62,sub-HUP158,04,False
RK4-RK5,0.0,False,,,,62,sub-HUP158,04,False
RK5-RK6,0.0,False,,,,62,sub-HUP158,04,False
RL1-RL2,0.0,False,,,,62,sub-HUP158,04,True
RL2-RL3,0.0,False,,,,62,sub-HUP158,04,True
RL3-RL4,0.0,False,,,,62,sub-HUP158,04,True
RL4-RL5,0.0,False,,,,62,sub-HUP158,04,True
RL7-RL8,0.0,False,,,,62,sub-HUP158,04,False
RN4-RN5,0.0,False,,,,62,sub-HUP158,04,False
RN5-RN6,0.0,False,,,,62,sub-HUP158,04,False
RN6-RN7,0.0,False,,,,62,sub-HUP158,04,False
RN7-RN8,0.0,False,,,,62,sub-HUP158,04,False
RO1-RO2,0.0,False,,,,62,sub-HUP158,04,False
RP1-RP2,0.0,False,,,,62,sub-HUP158,04,False
RP2-RP3,0.0,False,,,,62,sub-HUP158,04,False
RP3-RP4,0.0,False,,,,62,sub-HUP158,04,False
RP4-RP5,0.0,False,,,,62,sub-HUP158,04,False
RC5-RC6,1.0,True,-2.25,0.5,16.66168679851699,1,sub-HUP160,01,False
RF7-RF8,0.9740128641017259,True,-7.25,0.75,2.704782879898241,2,sub-HUP160,01,True
RH7-RH8,0.9707993299540407,True,-1.25,0.75,18.871013443221774,3,sub-HUP160,01,False
RC6-RC7,0.949753541728085,True,-1.75,0.25,17.14320405206022,4,sub-HUP160,01,False
RL3-RL4,0.776854239230905,True,0.25,1.25,18.33691119806783,5,sub-HUP160,01,False
RG4-RG5,0.7485485739697401,True,0.25,1.25,17.668782681693806,6,sub-HUP160,01,False
RH6-RH7,0.7240438939231912,True,0.0,0.5,16.587714809774447,7,sub-HUP160,01,False
RL10-RL11,0.6351681761765345,True,-1.0,0.5,12.787759302471736,8,sub-HUP160,01,True
RH5-RH6,0.6086924204921331,True,0.0,0.5,13.945033391947797,9,sub-HUP160,01,False
RL4-RL5,0.6074686349293693,True,0.0,0.5,13.916996685784236,10,sub-HUP160,01,False
RI5-RI6,0.5677296843176716,True,-0.5,0.75,12.218306657332537,11,sub-HUP160,01,False
RJ2-RJ3,0.4398769345572754,True,-0.5,0.25,9.466743463251557,12,sub-HUP160,01,False
RD7-RD8,0.4287188936425236,True,-6.5,0.75,2.0834274797228796,13,sub-HUP160,01,False
RG7-RG8,0.40386381686113204,True,-0.5,0.75,8.691692716650333,14,sub-HUP160,01,False
RK7-RK8,0.39241370942906323,True,-1.0,0.5,7.900414805691159,15,sub-HUP160,01,False
RL5-RL6,0.3771945299134882,True,-2.25,0.5,6.284697119532387,16,sub-HUP160,01,False
RI1-RI2,0.3757384495244614,True,-0.75,0.75,7.825545455171199,17,sub-HUP160,01,True
RL7-RL8,0.37316549399164295,True,-3.75,-3.0,4.6631749386769705,18,sub-HUP160,01,True
RI3-RI4,0.3727008373510777,True,-0.5,1.0,8.021023469422875,19,sub-HUP160,01,True
RD10-RD11,0.36066331357622405,True,0.0,1.5,8.262731359468251,20,sub-HUP160,01,False
RB6-RB7,0.35727588742569794,True,0.0,1.25,8.185126038305139,21,sub-HUP160,01,False
RI4-RI5,0.35502024007880884,True,0.0,1.0,8.133449565075203,22,sub-HUP160,01,False
RC4-RC5,0.3495234111143969,True,-2.25,0.5,5.823649604737372,23,sub-HUP160,01,False
RL1-RL2,0.3466309752422443,True,0.0,0.75,7.9412530232073095,24,sub-HUP160,01,False
RF5-RF6,0.3461159624879593,True,-6.25,0.5,1.922291920980544,25,sub-HUP160,01,True
RJ3-RJ4,0.34221593035455944,True,-0.25,0.25,7.602526198707696,26,sub-HUP160,01,False
RD1-RD2,0.3372345455120286,True,-0.75,0.5,7.023620468702053,27,sub-HUP160,01,False
RL8-RL9,0.3368949248052711,True,-0.5,0.5,7.250432056440673,28,sub-HUP160,01,True
RK5-RK6,0.33429372514766076,True,-1.25,1.25,6.498213571639819,29,sub-HUP160,01,False
RB7-RB8,0.32531080928596856,True,-2.25,1.0,5.4202268164949,30,sub-HUP160,01,False
RL11-RL12,0.3152317658544803,True,-1.75,0.75,5.689984030911693,31,sub-HUP160,01,False
RG6-RG7,0.30154038276514605,True,-0.75,1.0,6.280214268422243,32,sub-HUP160,01,False
RD9-RD10,0.2974319850163162,True,-3.75,0.75,3.7167889336522935,33,sub-HUP160,01,False
RD5-RD6,0.29666524242382375,True,0.0,0.75,6.796547110748816,34,sub-HUP160,01,False
RI6-RI7,0.2935604291072561,True,-0.75,1.25,6.114014907779189,35,sub-HUP160,01,False
RL9-RL10,0.2912913222758809,True,0.0,0.5,6.673431570969077,36,sub-HUP160,01,True
RG5-RG6,0.2866467058845275,True,-3.0,1.25,4.179015430865286,37,sub-HUP160,01,False
RI2-RI3,0.28652598292083203,True,-0.75,1.5,5.967507733830163,38,sub-HUP160,01,True
RF6-RF7,0.27743606368994145,True,-3.25,0.5,3.8521273331793466,39,sub-HUP160,01,True
RF9-RF10,0.2698165161073638,True,0.0,1.0,6.181447641115875,40,sub-HUP160,01,False
RJ4-RJ5,0.26876273448301125,True,-0.75,1.5,5.597550631336143,41,sub-HUP160,01,False
RD6-RD7,0.26659355412696495,True,0.0,1.0,6.107610164379592,42,sub-HUP160,01,False
RL6-RL7,0.26453953797931357,True,-1.5,0.25,4.958634293590177,43,sub-HUP160,01,False
RB5-RB6,0.2614330915439457,True,0.25,3.75,6.170881410937094,44,sub-HUP160,01,False
RK6-RK7,0.25635307544898983,True,-1.0,0.75,5.161123539002594,45,sub-HUP160,01,False
RD8-RD9,0.2503914193684523,True,-3.5,0.75,3.302788530188007,46,sub-HUP160,01,False
RG3-RG4,0.2498687205578025,True,-4.0,-3.0,2.94895767356519,47,sub-HUP160,01,True
RG2-RG3,0.24639351080176566,True,1.25,4.0,6.5001082180962175,48,sub-HUP160,01,True
RK4-RK5,0.24546885430455812,True,-2.5,0.75,3.919511620496123,49,sub-HUP160,01,False
RL2-RL3,0.24094111907076501,True,-1.0,0.75,4.850836600933207,50,sub-HUP160,01,False
RI7-RI8,0.23059425865636748,True,-2.75,1.0,3.521915205662892,51,sub-HUP160,01,False
RH4-RH5,0.2288631733011883,True,-1.25,1.5,4.4487875988023005,52,sub-HUP160,01,False
RH3-RH4,0.2246261299380224,True,-0.75,1.5,4.678312779737886,53,sub-HUP160,01,False
RJ5-RJ6,0.2234281848352631,True,0.0,1.5,5.118699351818686,54,sub-HUP160,01,False
RJ7-RJ8,0.22337231550496683,True,0.0,0.75,5.117419395554506,55,sub-HUP160,01,False
RA3-RA4,0.21530512595826595,True,0.0,1.5,4.932601540393831,56,sub-HUP160,01,True
RA6-RA7,0.21488852698642213,True,-2.0,0.25,3.7295888887941993,57,sub-HUP160,01,True
RG1-RG2,0.2086371023183111,True,-4.0,-2.25,2.4623409544759713,58,sub-HUP160,01,True
RJ6-RJ7,0.20810596210997157,True,0.0,1.5,4.767669997173035,59,sub-HUP160,01,False
RD2-RD3,0.20572170259773864,True,-5.0,1.75,1.856654895518139,60,sub-HUP160,01,False
RJ1-RJ2,0.19282074215651054,True,-1.0,0.25,3.8820352336671666,61,sub-HUP160,01,False
RF10-RF11,0.1917357329521193,True,0.0,0.75,4.392631004481919,62,sub-HUP160,01,False
RC3-RC4,0.18633237324962676,True,-0.75,3.25,3.8807645543870577,63,sub-HUP160,01,False
RH2-RH3,0.18103445568218338,True,-0.25,2.75,4.021785867088725,64,sub-HUP160,01,False
RK2-RK3,0.17838004289347217,True,-1.75,1.5,3.219788439613481,65,sub-HUP160,01,False
RF8-RF9,0.17827051121988557,True,0.0,0.75,4.084145207116207,66,sub-HUP160,01,True
RB4-RB5,0.1741174259224494,True,-0.25,1.5,3.8681200225117793,67,sub-HUP160,01,True
RB3-RB4,0.1715718163194811,True,-0.75,3.0,3.5733448337098492,68,sub-HUP160,01,True
RD4-RD5,0.1611144075077131,True,0.0,1.5,3.6911019703554557,69,sub-HUP160,01,False
RF1-RF2,0.15618082539085168,True,-0.75,3.5,3.2527949957453,70,sub-HUP160,01,False
RF4-RF5,0.1508031687263181,True,-0.75,1.75,3.1407939569272805,71,sub-HUP160,01,False
RK3-RK4,0.15069222291709072,True,-1.5,3.0,2.8246349488689786,72,sub-HUP160,01,False
RA4-RA5,0.15007975023153583,True,-1.25,3.0,2.917345425350425,73,sub-HUP160,01,True
RA1-RA2,0.15002266673251108,True,-3.75,2.75,1.8747230143315452,74,sub-HUP160,01,False
RA2-RA3,0.13733775598551082,True,-0.5,2.75,2.955693289628905,75,sub-HUP160,01,False
LA6-LA7,0.13442507248565466,True,-1.5,0.0,2.5197170125769115,76,sub-HUP160,01,False
RA5-RA6,0.13124010890769613,True,-1.25,3.25,2.5511285216938413,77,sub-HUP160,01,True
RD3-RD4,0.12097863791524012,True,0.0,2.0,2.771598739600519,78,sub-HUP160,01,False
RC1-RC2,0.11086211702968174,True,2.5,6.0,3.3094768535862924,79,sub-HUP160,01,True
LA1-LA2,0.11086074996782813,True,2.5,4.5,3.3094360437976724,80,sub-HUP160,01,False
RB2-RB3,0.10881025782665879,True,5.75,7.25,4.230245684871898,81,sub-HUP160,01,True
RA7-RA8,0.09602575306904726,True,1.5,7.25,2.59992041112082,82,sub-HUP160,01,False
LA7-LA8,0.09288153602305528,True,5.75,7.0,3.6109804793564138,83,sub-HUP160,01,False
RC2-RC3,0.08947467650941027,True,2.5,6.25,2.6710149402138343,84,sub-HUP160,01,True
RF3-RF4,0.08488236816926091,True,5.25,6.75,3.182137724593424,85,sub-HUP160,01,False
LA5-LA6,0.08310932531580385,True,8.0,9.75,3.750341693713286,86,sub-HUP160,01,False
LA4-LA5,0.06706946573974137,True,2.75,10.75,2.0487324584823,87,sub-HUP160,01,False
LA2-LA3,0.06520831067857964,True,5.25,10.25,2.4445810106704906,88,sub-HUP160,01,False
LA3-LA4,0.06320518962134705,True,8.0,9.5,2.852159574094353,89,sub-HUP160,01,False
RF2-RF3,0.0,False,,,,90,sub-HUP160,01,False
RL10-RL11,1.0,True,-0.25,0.0,49.532353646258464,1,sub-HUP160,02,True
RC5-RC6,0.8036011464326283,True,-1.0,0.0,36.742390315975086,2,sub-HUP160,02,False
RG7-RG8,0.685203488796478,True,-0.25,0.0,33.93974152671724,3,sub-HUP160,02,False
RK4-RK5,0.6447699748125433,True,0.0,0.75,32.75587119272211,4,sub-HUP160,02,False
RC6-RC7,0.6422768585397582,True,-0.25,0.5,31.813484495999226,5,sub-HUP160,02,False
RH7-RH8,0.587902535674702,True,-0.75,0.25,27.626852906234426,6,sub-HUP160,02,False
RI2-RI3,0.58715499379227,True,-0.25,0.0,29.08316879768541,7,sub-HUP160,02,True
RI1-RI2,0.537436340394641,True,-0.25,0.0,26.620486874778305,8,sub-HUP160,02,True
RF8-RF9,0.5346461468940893,True,0.5,1.25,28.51938064076498,9,sub-HUP160,02,True
RI3-RI4,0.5244827156355436,True,-0.25,0.0,25.97886335220976,10,sub-HUP160,02,True
RA4-RA5,0.5239745414246233,True,-8.25,-5.0,4.658355025958047,11,sub-HUP160,02,True
RL7-RL8,0.5162835510562441,True,-9.0,-8.5,2.622845070016823,12,sub-HUP160,02,True
RG4-RG5,0.49808303429967515,True,-0.75,0.5,23.406033974485148,13,sub-HUP160,02,False
RG6-RG7,0.4836372618074791,True,-0.25,0.25,23.95569188835615,14,sub-HUP160,02,False
RF9-RF10,0.44255068529175506,True,-3.0,0.5,15.737850189934022,15,sub-HUP160,02,False
RK5-RK6,0.43028630549351726,True,0.0,0.75,21.859583028560927,16,sub-HUP160,02,False
RG5-RG6,0.4259109774815718,True,-0.5,0.0,20.555440513352615,17,sub-HUP160,02,False
RH5-RH6,0.4257552782173643,True,-0.25,0.0,21.088661007423653,18,sub-HUP160,02,False
RL3-RL4,0.4189588805213439,True,-3.25,-2.5,14.36678268453952,19,sub-HUP160,02,False
RH6-RH7,0.41313173074913045,True,-0.25,0.0,20.463386989956764,20,sub-HUP160,02,False
RL1-RL2,0.39486195168171717,True,-3.25,0.25,13.540459729950442,21,sub-HUP160,02,False
RD10-RD11,0.38455616852007524,True,-0.5,0.75,18.559562594038162,22,sub-HUP160,02,False
RB6-RB7,0.3637477232704693,True,0.5,1.0,19.40322554913534,23,sub-HUP160,02,False
RB7-RB8,0.34408881667507046,True,-0.25,1.5,17.043528953272187,24,sub-HUP160,02,False
RI4-RI5,0.33823905494140516,True,-0.25,0.25,16.753776486333926,25,sub-HUP160,02,False
RF6-RF7,0.3355663141749379,True,-0.25,0.25,16.6213893454845,26,sub-HUP160,02,True
RH2-RH3,0.327401604223142,True,-8.75,-2.5,2.0790989800939768,27,sub-HUP160,02,False
RL11-RL12,0.3195105796465832,True,-0.25,0.5,15.826111024775589,28,sub-HUP160,02,False
RD9-RD10,0.30841682894902145,True,-0.25,0.75,15.276611441960537,29,sub-HUP160,02,False
RD8-RD9,0.30278912834055055,True,-8.75,0.25,1.9228023314367295,30,sub-HUP160,02,False
RK7-RK8,0.3025797695663599,True,-0.25,1.0,14.987488152364332,31,sub-HUP160,02,False
RJ5-RJ6,0.28956144925577065,True,-0.25,0.25,14.342660106859958,32,sub-HUP160,02,False
RK6-RK7,0.27487034371618363,True,-0.25,0.5,13.614975071818625,33,sub-HUP160,02,False
RH3-RH4,0.26021616171705475,True,-3.25,0.25,8.923236193828481,34,sub-HUP160,02,False
RF10-RF11,0.2541691764069978,True,-3.5,0.75,8.39306502117978,35,sub-HUP160,02,False
RL2-RL3,0.25037730743257847,True,-1.75,1.25,10.493811592633309,36,sub-HUP160,02,False
RB4-RB5,0.2418875293211797,True,0.0,1.0,12.288470405083475,37,sub-HUP160,02,True
RD5-RD6,0.23598761224113074,True,-0.25,1.0,11.6890218656638,38,sub-HUP160,02,False
RI5-RI6,0.23223681177710284,True,-0.25,0.25,11.50323589062302,39,sub-HUP160,02,False
RI6-RI7,0.2288885447898468,True,-0.25,0.25,11.337388346108161,40,sub-HUP160,02,False
RB5-RB6,0.22390136563529986,True,0.75,1.5,12.22783461165896,41,sub-HUP160,02,False
RD3-RD4,0.21776217817790014,True,-3.25,0.0,7.46741992173736,42,sub-HUP160,02,False
RL5-RL6,0.21771688606252465,True,-2.75,0.0,8.0188939502852,43,sub-HUP160,02,False
RF7-RF8,0.2095043657833307,True,-0.5,1.0,10.111161148301822,44,sub-HUP160,02,True
RB3-RB4,0.20431001545706062,True,0.5,1.0,10.898414088252556,45,sub-HUP160,02,True
RC3-RC4,0.20266612437628853,True,-0.75,1.75,9.523733727044828,46,sub-HUP160,02,False
RI7-RI8,0.2009959220912994,True,-4.25,-2.75,5.871369876233008,47,sub-HUP160,02,False
RJ7-RJ8,0.19765795023543412,True,-0.25,1.0,9.79046349205608,48,sub-HUP160,02,False
RJ2-RJ3,0.19564090757308003,True,-0.25,2.25,9.690554621584766,49,sub-HUP160,02,False
RK3-RK4,0.19555644986146298,True,-0.5,1.0,9.43800273920775,50,sub-HUP160,02,False
RL8-RL9,0.19156266131931374,True,-3.25,0.0,6.568995797921552,51,sub-HUP160,02,True
RC1-RC2,0.18152970666237556,True,2.5,3.5,11.52768413807993,52,sub-HUP160,02,True
RF5-RF6,0.17640661479211855,True,-0.25,1.0,8.737834829422507,53,sub-HUP160,02,True
RD1-RD2,0.17205762912733905,True,-0.75,0.25,8.085372188165875,54,sub-HUP160,02,False
RL9-RL10,0.17030331648015284,True,-0.25,0.25,8.43552409902561,55,sub-HUP160,02,True
RJ6-RJ7,0.16255602841175992,True,-0.25,1.0,8.051782686622532,56,sub-HUP160,02,False
RD7-RD8,0.15698473831283336,True,-4.25,-2.75,4.585742108437484,57,sub-HUP160,02,False
RG2-RG3,0.1554059550409892,True,-5.5,-3.0,3.5527489494576097,58,sub-HUP160,02,True
RJ4-RJ5,0.1477803032123145,True,-0.25,0.25,7.319906240663667,59,sub-HUP160,02,False
RK2-RK3,0.14182851866044355,True,0.0,1.25,7.205231121450315,60,sub-HUP160,02,False
RG3-RG4,0.13614622482912045,True,-5.5,-1.5,3.1124505950026196,61,sub-HUP160,02,True
RA3-RA4,0.1352442923032263,True,0.5,2.25,7.214273354616846,62,sub-HUP160,02,True
RB2-RB3,0.1318373196472437,True,0.75,1.25,7.199978149828463,63,sub-HUP160,02,True
RD2-RD3,0.12843998023158254,True,-3.0,1.0,4.567542734568651,64,sub-HUP160,02,False
RD4-RD5,0.12368504755443069,True,-0.25,1.0,6.126411516220356,65,sub-HUP160,02,False
RG1-RG2,0.12272155407069982,True,-5.25,-2.5,2.961411818172265,66,sub-HUP160,02,True
RF4-RF5,0.1223274609204094,True,-0.25,1.0,6.05916705495858,67,sub-HUP160,02,False
RA6-RA7,0.11763491493933018,True,-6.0,-3.0,2.3904550596604865,68,sub-HUP160,02,True
RJ3-RJ4,0.11272549467134313,True,-0.25,0.5,5.583559067010392,69,sub-HUP160,02,False
RH4-RH5,0.11034056963023134,True,-5.5,-5.0,2.522505284517335,70,sub-HUP160,02,False
RL4-RL5,0.10970449070136185,True,-4.75,0.0,2.925957800770592,71,sub-HUP160,02,False
RF3-RF4,0.09949181326546605,True,-0.25,0.25,4.928063679572573,72,sub-HUP160,02,False
RD6-RD7,0.09900149644126827,True,-5.75,0.25,2.1375438785907916,73,sub-HUP160,02,False
RA1-RA2,0.09436258339129358,True,0.0,1.75,4.793847027191907,74,sub-HUP160,02,False
RA5-RA6,0.09398095479658256,True,-0.25,1.75,4.655097888997358,75,sub-HUP160,02,True
RL6-RL7,0.08374667188834489,True,-5.25,1.25,2.0209032206344295,76,sub-HUP160,02,False
RJ1-RJ2,0.08135922097585256,True,-0.5,1.75,3.9265825850995055,77,sub-HUP160,02,False
RC4-RC5,0.08073155643728457,True,-5.25,0.0,1.948145027523708,78,sub-HUP160,02,False
RF1-RF2,0.0772298027356743,True,0.75,1.75,4.217719942276168,79,sub-HUP160,02,False
RC2-RC3,0.06794306434009345,True,-5.25,2.25,1.6395440493173339,80,sub-HUP160,02,True
LA4-LA5,0.060295838688472755,True,3.5,6.0,4.135285115051795,81,sub-HUP160,02,False
RA7-RA8,0.05833130412298821,True,1.0,2.75,3.2597081670913197,82,sub-HUP160,02,False
RA2-RA3,0.05736122365418216,True,0.75,1.75,3.1326452787617005,83,sub-HUP160,02,False
LA2-LA3,0.04731638845192454,True,0.0,0.75,2.403786754937914,84,sub-HUP160,02,False
LA1-LA2,0.04440430635115891,True,-0.25,5.75,2.1994498056024043,85,sub-HUP160,02,False
RF2-RF3,0.041360656976183276,True,3.5,6.5,2.8366486454573963,86,sub-HUP160,02,False
LA5-LA6,0.040671313379869324,True,0.75,6.5,2.2211659675986697,87,sub-HUP160,02,False
LA6-LA7,0.039608086315105054,True,0.0,6.0,2.0121863985757065,88,sub-HUP160,02,False
LA7-LA8,0.03846189499131321,True,2.0,7.25,2.344748534910748,89,sub-HUP160,02,False
LA3-LA4,0.02969071562872443,True,7.0,12.5,2.5642120462617455,90,sub-HUP160,02,False
RL4-RL5,1.0,True,-0.5,0.0,36.238251630287536,1,sub-HUP160,03,False
RL1-RL2,0.6352984832105981,True,-0.75,1.25,22.30266547320923,2,sub-HUP160,03,False
RL10-RL11,0.6134630351321095,True,0.5,1.0,25.009681312121973,3,sub-HUP160,03,True
RH7-RH8,0.5922783363477021,True,-0.5,0.75,21.463131387736105,4,sub-HUP160,03,False
RC5-RC6,0.5718071065765626,True,-0.5,0.75,20.72128981210812,5,sub-HUP160,03,False
RC6-RC7,0.5405298804532187,True,-0.75,1.0,18.97573726462945,6,sub-HUP160,03,False
RK2-RK3,0.44455102534951,True,-7.5,2.0,2.0137189898897345,7,sub-HUP160,03,False
RF9-RF10,0.44034707544243373,True,0.5,1.25,17.95208414011214,8,sub-HUP160,03,False
RC4-RC5,0.3961075150778275,True,-0.5,1.0,14.354243804038228,9,sub-HUP160,03,False
RL2-RL3,0.3850582888928098,True,-7.25,-6.25,2.180287369566499,10,sub-HUP160,03,False
RG5-RG6,0.38472520075096267,True,-0.5,1.0,13.941768633326273,11,sub-HUP160,03,False
RD10-RD11,0.38206378322786033,True,-0.5,0.75,13.845323515430835,12,sub-HUP160,03,False
RL3-RL4,0.37099963966621835,True,-0.5,1.0,13.444378296970427,13,sub-HUP160,03,False
RI3-RI4,0.3645898716005755,True,0.5,1.25,14.863611947530364,14,sub-HUP160,03,True
RL11-RL12,0.3337497383355397,True,0.5,1.25,13.606320374264152,15,sub-HUP160,03,False
RH6-RH7,0.33274839655933813,True,0.75,1.5,13.942317018481372,16,sub-HUP160,03,False
RH5-RH6,0.3288153097816316,True,0.75,1.5,13.777518800719855,17,sub-HUP160,03,False
RL5-RL6,0.3258514175444176,True,-0.5,1.25,11.808285663060497,18,sub-HUP160,03,False
RD3-RD4,0.310355989743847,True,0.25,1.75,12.30114205611426,19,sub-HUP160,03,False
RG4-RG5,0.29283196258823124,True,0.5,1.5,11.938183138871178,20,sub-HUP160,03,False
RK3-RK4,0.2872170401739331,True,0.75,1.5,12.034531401568362,21,sub-HUP160,03,False
RF6-RF7,0.28628390559883177,True,-4.25,-3.75,5.511414985920723,22,sub-HUP160,03,True
RB7-RB8,0.28580102257459633,True,0.25,1.25,11.327891500900309,23,sub-HUP160,03,False
RD8-RD9,0.27442383170003737,True,0.25,1.75,10.876949853977411,24,sub-HUP160,03,False
RD9-RD10,0.2602662720497445,True,0.25,2.25,10.315806656548217,25,sub-HUP160,03,False
RG7-RG8,0.24712573062038884,True,-0.75,1.25,8.67554802271092,26,sub-HUP160,03,False
RG6-RG7,0.23901132209014297,True,-0.5,1.5,8.661352432390304,27,sub-HUP160,03,False
RC3-RC4,0.23785997071173645,True,0.5,3.5,9.697083155352821,28,sub-HUP160,03,False
RF7-RF8,0.2257677248177557,True,0.75,1.25,9.459775687871993,29,sub-HUP160,03,True
RG2-RG3,0.22185351463999625,True,1.25,2.0,9.798242376716459,30,sub-HUP160,03,True
RB6-RB7,0.21134240592572687,True,-0.75,1.5,7.419345558396648,31,sub-HUP160,03,False
RG1-RG2,0.2018028485679258,True,1.0,1.75,8.684166607259552,32,sub-HUP160,03,True
RD6-RD7,0.1936243271573276,True,0.0,1.75,7.4551450323518775,33,sub-HUP160,03,False
RL8-RL9,0.1895234501154565,True,0.5,1.25,7.726498284514681,34,sub-HUP160,03,True
RB5-RB6,0.18246686804804851,True,-0.75,-0.25,6.4056465198120405,35,sub-HUP160,03,False
RF5-RF6,0.17713376291626806,True,0.25,1.5,7.020800798352488,36,sub-HUP160,03,True
RK4-RK5,0.176765692613585,True,-4.5,-3.75,3.202839824266576,37,sub-HUP160,03,False
RD7-RD8,0.17485753384508607,True,-6.0,1.75,1.9801660346655463,38,sub-HUP160,03,False
RJ5-RJ6,0.17154012453411513,True,1.25,1.75,7.576132928273966,39,sub-HUP160,03,False
RI2-RI3,0.1656141281684395,True,0.25,1.5,6.564213304795347,40,sub-HUP160,03,True
RD1-RD2,0.15537801698187817,True,1.25,2.0,6.862327481592852,41,sub-HUP160,03,False
RH4-RH5,0.15202533299553547,True,0.5,1.5,6.197773805179278,42,sub-HUP160,03,False
RK5-RK6,0.15049446708571634,True,-4.5,-3.5,2.7268281836091073,43,sub-HUP160,03,False
RF10-RF11,0.14724682884572982,True,-3.5,1.25,3.334979772170899,44,sub-HUP160,03,False
RF2-RF3,0.14375106355931738,True,-2.5,0.75,3.9069654100380005,45,sub-HUP160,03,False
RF1-RF2,0.14180896151045136,True,-4.25,-0.5,2.73004531628042,46,sub-HUP160,03,False
RF8-RF9,0.1397394753472991,True,-4.5,-3.5,2.5319571351598933,47,sub-HUP160,03,True
RF3-RF4,0.1335207403853742,True,-4.75,0.75,2.268074150600384,48,sub-HUP160,03,False
RH3-RH4,0.13200749723506375,True,0.5,1.5,5.381686014624817,49,sub-HUP160,03,False
RH2-RH3,0.130986352670275,True,1.0,1.5,5.636725734736325,50,sub-HUP160,03,False
RL9-RL10,0.12932913437633115,True,0.25,1.75,5.126036250405829,51,sub-HUP160,03,True
RJ4-RJ5,0.12644882608601435,True,1.0,1.75,5.441462698945602,52,sub-HUP160,03,False
RC2-RC3,0.11736415677559749,True,2.5,4.0,5.8479737877146,53,sub-HUP160,03,True
RB4-RB5,0.11503124526873698,True,1.0,2.5,4.950130813530154,54,sub-HUP160,03,True
RC1-RC2,0.1148042564581115,True,2.5,6.75,5.720420108916023,55,sub-HUP160,03,True
RJ6-RJ7,0.11336701628816556,True,1.25,1.75,5.006896126568516,56,sub-HUP160,03,False
RJ2-RJ3,0.11127951700889253,True,1.75,3.5,5.166736896414672,57,sub-HUP160,03,False
RD2-RD3,0.11084102833650744,True,0.25,1.75,4.393249301676144,58,sub-HUP160,03,False
RD4-RD5,0.10972015427998746,True,1.0,2.0,4.721579039658185,59,sub-HUP160,03,False
RL6-RL7,0.107067045287717,True,-0.5,2.75,3.8799225284476804,60,sub-HUP160,03,False
RG3-RG4,0.10392740819734514,True,0.5,2.5,4.236916015731376,61,sub-HUP160,03,True
RJ7-RJ8,0.10200965339179206,True,0.0,1.75,3.9276922063508115,62,sub-HUP160,03,False
RA3-RA4,0.10001710687897465,True,-0.75,3.25,3.5111811774632193,63,sub-HUP160,03,True
RK6-RK7,0.09785589347607666,True,-4.25,0.75,1.8838796984992356,64,sub-HUP160,03,False
RD5-RD6,0.0966462029734807,True,-4.25,2.0,1.8605912556844448,65,sub-HUP160,03,False
RB3-RB4,0.09626015686568577,True,2.0,4.25,4.578393469741444,66,sub-HUP160,03,True
RK7-RK8,0.09424890861941317,True,-4.25,1.25,1.8144395727910811,67,sub-HUP160,03,False
RI5-RI6,0.09267398999467183,True,0.75,3.5,3.883084520417428,68,sub-HUP160,03,False
RI7-RI8,0.09228641757151053,True,0.5,2.0,3.762335724765962,69,sub-HUP160,03,False
RI4-RI5,0.09073899408431825,True,0.75,3.25,3.8020072659796185,70,sub-HUP160,03,False
RI1-RI2,0.08933415043493477,True,0.5,1.5,3.641977600469018,71,sub-HUP160,03,True
LA6-LA7,0.08488076048066216,True,6.0,7.5,5.575123771823979,72,sub-HUP160,03,False
RJ3-RJ4,0.08047338145552706,True,1.0,2.0,3.463004892986536,73,sub-HUP160,03,False
RA5-RA6,0.0780261984113798,True,6.5,7.0,5.301624397099355,74,sub-HUP160,03,True
RI6-RI7,0.07637771157084285,True,1.0,3.25,3.2867562428840507,75,sub-HUP160,03,False
RF4-RF5,0.07368650581495971,True,0.5,2.25,3.00405390691405,76,sub-HUP160,03,False
RA6-RA7,0.07326291675465932,True,2.75,3.75,3.7334812676120905,77,sub-HUP160,03,True
RL7-RL8,0.06675276704087268,True,0.75,1.25,2.796972876708407,78,sub-HUP160,03,True
LA5-LA6,0.06555292768148437,True,0.75,4.75,2.746699033489871,79,sub-HUP160,03,False
LA4-LA5,0.06506761622902105,True,9.5,11.0,5.3053574622530535,80,sub-HUP160,03,False
RA7-RA8,0.0625837632745234,True,5.75,7.5,4.0397434751941885,81,sub-HUP160,03,False
RA4-RA5,0.060169612518705146,True,9.75,10.75,4.974132306354086,82,sub-HUP160,03,True
RJ1-RJ2,0.05816995844745602,True,1.0,4.75,2.5032233899564593,83,sub-HUP160,03,False
LA1-LA2,0.057510561389439205,True,5.25,7.25,3.5820162727071194,84,sub-HUP160,03,False
LA7-LA8,0.05013517762040764,True,8.5,9.25,3.8607237620421713,85,sub-HUP160,03,False
RB2-RB3,0.048203413357509224,True,1.75,7.0,2.238097010319234,86,sub-HUP160,03,True
LA3-LA4,0.02842958156779395,True,8.0,14.25,2.1248665568573473,87,sub-HUP160,03,False
LA2-LA3,0.0,False,,,,88,sub-HUP160,03,False
RA1-RA2,0.0,False,,,,88,sub-HUP160,03,False
RA2-RA3,0.0,False,,,,88,sub-HUP160,03,False
RB10-RB11,1.0,True,-7.75,-5.75,3.842461796607554,1,sub-HUP162,01,False
RB9-RB10,0.7746287258569642,True,-7.25,-6.0,4.464721928490256,2,sub-HUP162,01,True
LE3-LE4,0.6827258924547429,True,-7.25,-6.25,3.9350222389682203,3,sub-HUP162,01,False
LE2-LE3,0.5514231461918642,True,-6.75,-6.25,4.237644746014761,4,sub-HUP162,01,False
RD9-RD10,0.47173149358755256,True,-7.5,-5.75,2.26576280295849,5,sub-HUP162,01,False
LE8-LE9,0.46416091334328274,True,-7.25,-6.0,2.67528086550005,6,sub-HUP162,01,False
LE1-LE2,0.4476173608511878,True,-6.75,-6.25,3.439905217137974,7,sub-HUP162,01,False
LF6-LF7,0.40390123242762593,True,-7.0,4.0,2.7159563466102563,8,sub-HUP162,01,False
RA8-RA9,0.39661815469040496,True,-6.75,-3.75,3.047980214477732,9,sub-HUP162,01,False
RD8-RD9,0.38506459911599417,True,-7.25,-5.75,2.2193940169938156,10,sub-HUP162,01,False
RD7-RD8,0.35760743149265917,True,-7.0,-5.75,2.4046625639636177,11,sub-HUP162,01,False
LC4-LC5,0.333539720399205,True,-7.0,-6.25,2.242823858248943,12,sub-HUP162,01,False
LC5-LC6,0.3220171295947302,True,-7.0,-6.5,2.165342407061705,13,sub-HUP162,01,False
LE9-LE10,0.32019437199713596,True,-7.0,-6.0,2.153085623303549,14,sub-HUP162,01,False
LF8-LF9,0.3052354273490602,True,-6.5,-2.75,2.638924804259874,15,sub-HUP162,01,False
RD6-RD7,0.29363059990018053,True,-7.0,-5.5,1.9744626342549527,16,sub-HUP162,01,False
LC7-LC8,0.2872400595624075,True,-7.0,2.75,1.9314906718167009,17,sub-HUP162,01,False
LA8-LA9,0.2581636874363465,True,-6.5,-1.25,2.2319642390523637,18,sub-HUP162,01,False
LI3-LI4,0.24834806475777432,True,-6.5,-1.25,2.147102889959625,19,sub-HUP162,01,False
LF5-LF6,0.24296585567780313,True,-6.5,-0.25,2.100570791224552,20,sub-HUP162,01,False
RF7-RF8,0.22887722675236277,True,-6.5,-5.25,1.978766999796236,21,sub-HUP162,01,False
LD5-LD6,0.21021483198137847,True,-5.0,-2.0,3.0290342286327094,22,sub-HUP162,01,False
LD6-LD7,0.2037051395222287,True,-5.0,-4.25,2.9352345614504074,23,sub-HUP162,01,False
LA5-LA6,0.18746518683585414,True,-6.5,8.5,1.6207375918740006,24,sub-HUP162,01,False
RD5-RD6,0.18451741929827953,True,-6.25,-5.25,1.7725028361556412,25,sub-HUP162,01,False
RD3-RD4,0.17043440398224827,True,-6.0,-5.25,1.80094113685576,26,sub-HUP162,01,False
LJ3-LJ4,0.14593239569131208,True,-1.25,0.75,4.2055474149846255,27,sub-HUP162,01,False
LJ2-LJ3,0.13136735876862257,True,-1.5,0.75,3.6596119160751117,28,sub-HUP162,01,False
LD4-LD5,0.12905844356640722,True,-2.75,-1.0,2.97541283360131,29,sub-HUP162,01,False
LA3-LA4,0.12160457892672383,True,-3.25,-2.25,2.569935218501664,30,sub-HUP162,01,True
LH2-LH3,0.11080555492088072,True,-1.5,1.0,3.086804309356536,31,sub-HUP162,01,False
LA4-LA5,0.10899600371848855,True,-3.5,-2.5,2.198768146423732,32,sub-HUP162,01,False
LJ5-LJ6,0.10699904451156478,True,0.0,1.75,3.5974727320804893,33,sub-HUP162,01,False
LJ4-LJ5,0.10201983944838079,True,-1.25,2.0,2.9400550168232957,34,sub-HUP162,01,False
LD2-LD3,0.09844272295698908,True,-2.75,3.0,2.2695744126975117,35,sub-HUP162,01,False
RE3-RE4,0.08478927857199828,True,-2.0,-0.25,2.199147054805027,36,sub-HUP162,01,False
LJ6-LJ7,0.08360616991471098,True,0.25,2.5,2.891281624721611,37,sub-HUP162,01,False
LC9-LC10,0.08045970021991937,True,-0.5,4.5,2.550597425157677,38,sub-HUP162,01,False
LH1-LH2,0.07781787438101014,True,0.25,2.75,2.691109884620134,39,sub-HUP162,01,False
LJ1-LJ2,0.07704843699549467,True,-1.25,9.75,2.2204175673263427,40,sub-HUP162,01,False
LD7-LD8,0.07219048615857908,True,0.25,7.75,2.4965026662857985,41,sub-HUP162,01,False
LC6-LC7,0.06631789004868,True,1.5,3.75,2.61194557917265,42,sub-HUP162,01,False
LC2-LC3,0.05857468978004853,True,2.75,3.5,2.588316588871717,43,sub-HUP162,01,False
LB5-LB6,0.05057327447737235,True,8.0,8.5,3.254958408069906,44,sub-HUP162,01,False
LE4-LE5,0.033804213430518114,True,9.25,10.0,2.338045176080409,45,sub-HUP162,01,False
LE5-LE6,0.030382237802961013,True,9.25,10.25,2.1013665849598233,46,sub-HUP162,01,False
LA6-LA7,0.029452926999934893,True,8.0,8.75,1.8956267588249758,47,sub-HUP162,01,False
RB1-RB2,0.027881864312068294,True,14.0,14.5,2.437321214448984,48,sub-HUP162,01,False
LF2-LF3,0.0260928728928993,True,13.75,21.0,2.2558695132308033,49,sub-HUP162,01,False
LD8-LD9,0.02489045537356643,True,14.0,14.5,2.175824193112893,50,sub-HUP162,01,False
LD9-LD10,0.02384390860718287,True,14.0,14.75,2.084339254836525,51,sub-HUP162,01,False
LB7-LB8,0.022335863718585026,True,22.25,23.25,2.6605657940197665,52,sub-HUP162,01,False
LC1-LC2,0.021130991560613602,True,13.25,14.25,1.7862906115140766,53,sub-HUP162,01,False
LH9-LH10,0.01964107225769671,True,21.75,22.75,2.3018371287355466,54,sub-HUP162,01,False
LA1-LA2,0.0,False,,,,55,sub-HUP162,01,True
LA2-LA3,0.0,False,,,,55,sub-HUP162,01,True
LA7-LA8,0.0,False,,,,55,sub-HUP162,01,False
LB1-LB2,0.0,False,,,,55,sub-HUP162,01,True
LB10-LB11,0.0,False,,,,55,sub-HUP162,01,False
LB2-LB3,0.0,False,,,,55,sub-HUP162,01,True
LB3-LB4,0.0,False,,,,55,sub-HUP162,01,True
LB4-LB5,0.0,False,,,,55,sub-HUP162,01,True
LB6-LB7,0.0,False,,,,55,sub-HUP162,01,False
LB8-LB9,0.0,False,,,,55,sub-HUP162,01,False
LB9-LB10,0.0,False,,,,55,sub-HUP162,01,False
LC10-LC11,0.0,False,,,,55,sub-HUP162,01,False
LC3-LC4,0.0,False,,,,55,sub-HUP162,01,False
LC8-LC9,0.0,False,,,,55,sub-HUP162,01,False
LD1-LD2,0.0,False,,,,55,sub-HUP162,01,False
LD10-LD11,0.0,False,,,,55,sub-HUP162,01,False
LD3-LD4,0.0,False,,,,55,sub-HUP162,01,False
LE10-LE11,0.0,False,,,,55,sub-HUP162,01,False
LE6-LE7,0.0,False,,,,55,sub-HUP162,01,False
LE7-LE8,0.0,False,,,,55,sub-HUP162,01,False
LF1-LF2,0.0,False,,,,55,sub-HUP162,01,False
LF3-LF4,0.0,False,,,,55,sub-HUP162,01,False
LF4-LF5,0.0,False,,,,55,sub-HUP162,01,False
LF7-LF8,0.0,False,,,,55,sub-HUP162,01,False
LF9-LF10,0.0,False,,,,55,sub-HUP162,01,False
LG1-LG2,0.0,False,,,,55,sub-HUP162,01,False
LG10-LG11,0.0,False,,,,55,sub-HUP162,01,False
LG2-LG3,0.0,False,,,,55,sub-HUP162,01,False
LG3-LG4,0.0,False,,,,55,sub-HUP162,01,False
LG4-LG5,0.0,False,,,,55,sub-HUP162,01,False
LG5-LG6,0.0,False,,,,55,sub-HUP162,01,False
LG6-LG7,0.0,False,,,,55,sub-HUP162,01,False
LG7-LG8,0.0,False,,,,55,sub-HUP162,01,False
LG8-LG9,0.0,False,,,,55,sub-HUP162,01,False
LG9-LG10,0.0,False,,,,55,sub-HUP162,01,False
LH10-LH11,0.0,False,,,,55,sub-HUP162,01,False
LH3-LH4,0.0,False,,,,55,sub-HUP162,01,False
LH4-LH5,0.0,False,,,,55,sub-HUP162,01,False
LH5-LH6,0.0,False,,,,55,sub-HUP162,01,False
LH6-LH7,0.0,False,,,,55,sub-HUP162,01,False
LH7-LH8,0.0,False,,,,55,sub-HUP162,01,False
LH8-LH9,0.0,False,,,,55,sub-HUP162,01,False
LI4-LI5,0.0,False,,,,55,sub-HUP162,01,False
LI5-LI6,0.0,False,,,,55,sub-HUP162,01,False
LI6-LI7,0.0,False,,,,55,sub-HUP162,01,False
LI7-LI8,0.0,False,,,,55,sub-HUP162,01,False
LI8-LI9,0.0,False,,,,55,sub-HUP162,01,False
LI9-LI10,0.0,False,,,,55,sub-HUP162,01,False
LJ10-LJ11,0.0,False,,,,55,sub-HUP162,01,False
LJ7-LJ8,0.0,False,,,,55,sub-HUP162,01,False
LJ8-LJ9,0.0,False,,,,55,sub-HUP162,01,False
LJ9-LJ10,0.0,False,,,,55,sub-HUP162,01,False
RA1-RA2,0.0,False,,,,55,sub-HUP162,01,False
RA2-RA3,0.0,False,,,,55,sub-HUP162,01,False
RA3-RA4,0.0,False,,,,55,sub-HUP162,01,False
RA4-RA5,0.0,False,,,,55,sub-HUP162,01,False
RA5-RA6,0.0,False,,,,55,sub-HUP162,01,False
RA6-RA7,0.0,False,,,,55,sub-HUP162,01,False
RA7-RA8,0.0,False,,,,55,sub-HUP162,01,False
RB2-RB3,0.0,False,,,,55,sub-HUP162,01,False
RB3-RB4,0.0,False,,,,55,sub-HUP162,01,False
RB4-RB5,0.0,False,,,,55,sub-HUP162,01,False
RB5-RB6,0.0,False,,,,55,sub-HUP162,01,False
RB6-RB7,0.0,False,,,,55,sub-HUP162,01,True
RB7-RB8,0.0,False,,,,55,sub-HUP162,01,True
RB8-RB9,0.0,False,,,,55,sub-HUP162,01,True
RC1-RC2,0.0,False,,,,55,sub-HUP162,01,False
RC2-RC3,0.0,False,,,,55,sub-HUP162,01,False
RC3-RC4,0.0,False,,,,55,sub-HUP162,01,False
RC4-RC5,0.0,False,,,,55,sub-HUP162,01,False
RC5-RC6,0.0,False,,,,55,sub-HUP162,01,False
RC6-RC7,0.0,False,,,,55,sub-HUP162,01,False
RC7-RC8,0.0,False,,,,55,sub-HUP162,01,False
RC8-RC9,0.0,False,,,,55,sub-HUP162,01,False
RC9-RC10,0.0,False,,,,55,sub-HUP162,01,False
RD1-RD2,0.0,False,,,,55,sub-HUP162,01,False
RD10-RD11,0.0,False,,,,55,sub-HUP162,01,False
RD2-RD3,0.0,False,,,,55,sub-HUP162,01,False
RD4-RD5,0.0,False,,,,55,sub-HUP162,01,False
RE1-RE2,0.0,False,,,,55,sub-HUP162,01,False
RE10-RE11,0.0,False,,,,55,sub-HUP162,01,False
RE2-RE3,0.0,False,,,,55,sub-HUP162,01,False
RE4-RE5,0.0,False,,,,55,sub-HUP162,01,False
RE5-RE6,0.0,False,,,,55,sub-HUP162,01,False
RE6-RE7,0.0,False,,,,55,sub-HUP162,01,False
RE7-RE8,0.0,False,,,,55,sub-HUP162,01,False
RE8-RE9,0.0,False,,,,55,sub-HUP162,01,False
RE9-RE10,0.0,False,,,,55,sub-HUP162,01,False
RF1-RF2,0.0,False,,,,55,sub-HUP162,01,False
RF10-RF11,0.0,False,,,,55,sub-HUP162,01,False
RF2-RF3,0.0,False,,,,55,sub-HUP162,01,False
RF3-RF4,0.0,False,,,,55,sub-HUP162,01,False
RF4-RF5,0.0,False,,,,55,sub-HUP162,01,False
RF5-RF6,0.0,False,,,,55,sub-HUP162,01,False
RF6-RF7,0.0,False,,,,55,sub-HUP162,01,False
RF8-RF9,0.0,False,,,,55,sub-HUP162,01,False
RF9-RF10,0.0,False,,,,55,sub-HUP162,01,False
LA2-LA3,1.0,True,-8.0,-6.25,195.3403957039052,1,sub-HUP162,02,True
LB1-LB2,0.6687026437549443,True,-8.0,-6.25,130.62463903933835,2,sub-HUP162,02,True
LA1-LA2,0.483296776958172,True,-8.0,-6.75,94.40738365343132,3,sub-HUP162,02,True
LB2-LB3,0.45941021053919767,True,-7.75,-6.25,112.17671539642659,4,sub-HUP162,02,True
LA4-LA5,0.17641884118606777,True,-7.75,-5.0,43.0771578086386,5,sub-HUP162,02,False
LA3-LA4,0.14939767726439707,True,-8.0,-6.25,29.183401394071645,6,sub-HUP162,02,True
LB3-LB4,0.13772790699949378,True,-6.5,-5.0,67.25955963187941,7,sub-HUP162,02,True
LB4-LB5,0.06666350260733749,True,-7.0,-6.0,26.04414995665124,8,sub-HUP162,02,True
LC2-LC3,0.040163126966012194,True,-7.75,-6.25,9.806851392808758,9,sub-HUP162,02,False
LA5-LA6,0.030754150953075113,True,-6.75,-5.0,13.516938037600482,10,sub-HUP162,02,False
LC4-LC5,0.030222162890918936,True,-6.5,-4.75,14.75902314534996,11,sub-HUP162,02,False
LB5-LB6,0.02940630404189555,True,-7.5,-6.0,8.616358601599835,12,sub-HUP162,02,False
LC3-LC4,0.02550530003620255,True,-8.0,-4.75,4.9822154016186335,13,sub-HUP162,02,False
LD9-LD10,0.0175489450129207,True,-8.0,-3.75,3.428017863010003,14,sub-HUP162,02,False
LC1-LC2,0.013729902779715765,True,-6.25,-4.5,7.375512765406019,15,sub-HUP162,02,False
LB6-LB7,0.011539422442213086,True,-6.5,-2.25,5.63528836514107,16,sub-HUP162,02,False
RD6-RD7,0.010941789857767127,True,-7.25,-7.0,3.7404037309191116,17,sub-HUP162,02,False
LG3-LG4,0.009315919342073788,True,-5.5,-3.75,6.369213797192254,18,sub-HUP162,02,False
RD4-RD5,0.009275715759716897,True,-7.25,-7.0,3.170863477145084,19,sub-HUP162,02,False
LJ2-LJ3,0.009117833809057337,True,-5.0,-4.25,7.124325056894821,20,sub-HUP162,02,False
LA6-LA7,0.00900602457835697,True,-7.75,-2.5,2.1990505060691827,21,sub-HUP162,02,False
RD5-RD6,0.00881868392230055,True,-7.25,-6.75,3.014629112197248,22,sub-HUP162,02,False
LJ1-LJ2,0.00881686474719251,True,-5.0,-4.0,6.889159394337588,23,sub-HUP162,02,False
RD7-RD8,0.008031520220228797,True,-7.5,-7.0,2.3533205068851135,24,sub-HUP162,02,False
LG5-LG6,0.00750212451934886,True,-5.75,-3.75,4.762770909746122,25,sub-HUP162,02,False
LH4-LH5,0.005712037294914625,True,-5.25,-2.75,4.184218595490327,26,sub-HUP162,02,False
LA7-LA8,0.0047743633232857725,True,-3.5,-2.25,5.129443114426701,27,sub-HUP162,02,False
LG2-LG3,0.004716828641007791,True,-4.25,-3.5,4.376589072709383,28,sub-HUP162,02,False
LG4-LG5,0.004555340181174644,True,-5.5,-2.0,3.1144468374479395,29,sub-HUP162,02,False
LJ3-LJ4,0.004190258792061629,True,-5.0,-2.5,3.274107242172345,30,sub-HUP162,02,False
RA2-RA3,0.004109468360864615,True,4.5,4.75,10.837059872543628,31,sub-HUP162,02,False
RE8-RE9,0.0032074197151097765,True,3.25,6.5,7.675098295141119,32,sub-HUP162,02,False
LG8-LG9,0.0026872279324469334,True,-1.0,-0.25,4.199393341366168,33,sub-HUP162,02,False
RB2-RB3,0.0026791397410529244,True,4.5,5.0,7.0651469317050415,34,sub-HUP162,02,False
LG6-LG7,0.0025379819975509636,True,-4.75,7.5,2.10702423268672,35,sub-HUP162,02,False
RC4-RC5,0.0025220976773018627,True,2.25,5.5,5.542510030740518,36,sub-HUP162,02,False
LH5-LH6,0.002502211775399371,True,-3.25,-1.75,2.810502470463534,37,sub-HUP162,02,False
LH3-LH4,0.002451661344985844,True,-3.75,-2.25,2.514269610622892,38,sub-HUP162,02,False
RB3-RB4,0.0022383533425585148,True,0.5,4.75,4.153787862775122,39,sub-HUP162,02,False
RD8-RD9,0.002238083701238368,True,6.25,8.0,6.667119376230043,40,sub-HUP162,02,False
RD10-RD11,0.002020558246772431,True,4.5,7.75,5.328404740808761,41,sub-HUP162,02,False
LI9-LI10,0.002009229552204972,True,2.75,3.5,4.611683425505468,42,sub-HUP162,02,False
RE7-RE8,0.0019401166560331106,True,3.5,5.0,4.737289441265564,43,sub-HUP162,02,False
LI7-LI8,0.0019372362892049674,True,2.5,3.5,4.351835788010527,44,sub-HUP162,02,False
LH8-LH9,0.0019172102177752272,True,-2.75,3.0,2.3406787661736446,45,sub-HUP162,02,False
LG7-LG8,0.0019089202240420264,True,0.75,3.25,3.635670011332679,46,sub-HUP162,02,False
LB7-LB8,0.0019038756222193207,True,-2.5,-1.25,2.4173748131997153,47,sub-HUP162,02,False
LH9-LH10,0.0018562202241881021,True,0.0,3.0,3.263353137958459,48,sub-HUP162,02,False
LI8-LI9,0.0018045078123797413,True,2.5,3.5,4.053672606392039,49,sub-HUP162,02,False
RE9-RE10,0.0017932898287781028,True,3.0,7.25,4.203623337183636,50,sub-HUP162,02,False
RC9-RC10,0.0017825102387576534,True,5.0,8.75,4.874747575392555,51,sub-HUP162,02,False
LF9-LF10,0.0017383998776091664,True,3.25,4.75,4.1598515698014875,52,sub-HUP162,02,False
RE4-RE5,0.001738361926396445,True,1.75,2.75,3.6504022957230076,53,sub-HUP162,02,False
RD9-RD10,0.0017115390577952887,True,4.5,8.5,4.51349167696768,54,sub-HUP162,02,False
RC5-RC6,0.0016414871571979398,True,4.5,6.75,4.328758136203974,55,sub-HUP162,02,False
LG10-LG11,0.0016027919899284065,True,-1.0,10.75,2.5047201723493164,56,sub-HUP162,02,False
LH7-LH8,0.001601976418640387,True,-2.75,3.75,1.955816922034613,57,sub-HUP162,02,False
RE10-RE11,0.0015997518135538078,True,6.25,7.75,4.765566322386522,58,sub-HUP162,02,False
LE3-LE4,0.0015930808428411749,True,-3.25,-1.75,1.789359992816209,59,sub-HUP162,02,False
LG9-LG10,0.0015119366096094243,True,6.5,7.25,4.57780558180505,60,sub-HUP162,02,False
RC7-RC8,0.001500971014439568,True,8.75,11.25,5.20430482623773,61,sub-HUP162,02,False
RC3-RC4,0.0014934397154325776,True,5.0,8.0,4.084207469615382,62,sub-HUP162,02,False
LJ8-LJ9,0.001492791151330586,True,5.25,9.25,4.155334402409919,63,sub-HUP162,02,False
RB7-RB8,0.0014893013789561503,True,0.25,1.0,2.691016666360911,64,sub-HUP162,02,True
RE3-RE4,0.0013973409910361851,True,2.0,5.5,3.00252856334525,65,sub-HUP162,02,False
LF7-LF8,0.0012952549915859228,True,-1.5,6.75,1.8976171694538941,66,sub-HUP162,02,False
LE9-LE10,0.0012840631976761528,True,6.25,8.75,3.8251485504289433,67,sub-HUP162,02,False
LE8-LE9,0.0012792311161764945,True,6.5,8.75,3.8732254426753037,68,sub-HUP162,02,False
RC2-RC3,0.001276123064102387,True,0.75,3.0,2.430464247009242,69,sub-HUP162,02,False
RE2-RE3,0.0012633706038908165,True,6.75,9.0,3.8869001905342415,70,sub-HUP162,02,False
RB8-RB9,0.0012435990824610143,True,0.5,1.0,2.3077888002170055,71,sub-HUP162,02,True
RB10-RB11,0.0012394821620042493,True,6.5,9.75,3.7528745079045507,72,sub-HUP162,02,False
RE6-RE7,0.0012342211522139942,True,2.75,7.5,2.832845667050434,73,sub-HUP162,02,False
RF5-RF6,0.0012194464580544805,True,6.25,8.0,3.63265909325534,74,sub-HUP162,02,False
RA5-RA6,0.0011904157506173645,True,4.5,6.25,3.139239830999723,75,sub-HUP162,02,False
RB1-RB2,0.0011676468753326434,True,3.25,7.25,2.794085382706361,76,sub-HUP162,02,False
RB5-RB6,0.0011507575740408254,True,0.5,1.25,2.1354996787878076,77,sub-HUP162,02,False
RF6-RF7,0.0011343315168222804,True,6.25,9.5,3.379106702170997,78,sub-HUP162,02,False
LF1-LF2,0.0011326171381825943,True,2.25,12.0,2.489016149478142,79,sub-HUP162,02,False
LJ9-LJ10,0.0011317022045726013,True,2.0,7.5,2.431738721062132,80,sub-HUP162,02,False
RF9-RF10,0.0011188465759906403,True,4.75,7.25,3.0051440771821025,81,sub-HUP162,02,False
RE1-RE2,0.0010957612565697166,True,2.25,10.0,2.40802242137254,82,sub-HUP162,02,False
LH10-LH11,0.0010651703872625819,True,2.0,13.25,2.288778854339501,83,sub-HUP162,02,False
RF8-RF9,0.0010608014791755487,True,2.25,12.0,2.331195532936196,84,sub-HUP162,02,False
RF10-RF11,0.0010505160740356457,True,6.5,8.5,3.1807274967292583,85,sub-HUP162,02,False
RA4-RA5,0.0010417845403640318,True,4.5,6.5,2.7472851587644325,86,sub-HUP162,02,False
RF7-RF8,0.0010370752134040875,True,6.25,11.75,3.0893859090562623,87,sub-HUP162,02,False
RA8-RA9,0.0010253544749711612,True,8.25,9.75,3.455056818139231,88,sub-HUP162,02,False
LE5-LE6,0.001018222474274952,True,5.75,9.0,2.9337747203323086,89,sub-HUP162,02,False
RF4-RF5,0.0010146965250585065,True,6.5,8.0,3.0722739212267465,90,sub-HUP162,02,False
LE7-LE8,0.0009972665093237406,True,2.5,11.5,2.240273997365845,91,sub-HUP162,02,False
RE5-RE6,0.0009774954557136067,True,6.5,10.25,2.9596374113269084,92,sub-HUP162,02,False
LF6-LF7,0.0009770953723899263,True,4.75,8.0,2.6244102043926634,93,sub-HUP162,02,False
RC6-RC7,0.0009636220366794177,True,4.75,10.5,2.588221761866957,94,sub-HUP162,02,False
RA6-RA7,0.000959573882429482,True,2.75,8.5,2.2024616173356644,95,sub-HUP162,02,False
RB4-RB5,0.0009503668372516067,True,4.25,5.0,2.4597967011969195,96,sub-HUP162,02,False
LF2-LF3,0.0009448265952695762,True,2.0,12.0,2.0301908109068574,97,sub-HUP162,02,False
LB10-LB11,0.0009404735376594931,True,6.5,9.0,2.8475433314295833,98,sub-HUP162,02,False
RA1-RA2,0.0009194322334575121,True,5.25,17.5,2.5593321523678494,99,sub-HUP162,02,False
LJ6-LJ7,0.0009181131750031813,True,5.0,10.0,2.510824272685263,100,sub-HUP162,02,False
RB9-RB10,0.0009164788768336919,True,8.25,11.0,3.0881872263481283,101,sub-HUP162,02,True
LJ10-LJ11,0.0008890269368688937,True,1.0,8.5,1.7366287363940043,102,sub-HUP162,02,False
LJ7-LJ8,0.0008887850779408714,True,5.0,10.75,2.4306188034897445,103,sub-HUP162,02,False
LB8-LB9,0.0008843585186541691,True,2.75,3.5,2.0298235799917914,104,sub-HUP162,02,False
RA7-RA8,0.0008824856238393346,True,8.0,11.75,2.930546546384315,105,sub-HUP162,02,False
LH6-LH7,0.0008633897773889129,True,5.75,11.0,2.4876597862373884,106,sub-HUP162,02,False
LE6-LE7,0.000819763243822777,True,6.75,12.5,2.5220928038017663,107,sub-HUP162,02,False
LF8-LF9,0.0007742853267371724,True,3.0,9.0,1.8149904253508011,108,sub-HUP162,02,False
LB9-LB10,0.0007639595930550678,True,8.5,10.75,2.611562961160498,109,sub-HUP162,02,False
RC8-RC9,0.0007503430143429364,True,4.25,10.5,1.9420829926941852,110,sub-HUP162,02,False
LC6-LC7,0.0007353377508334943,True,19.75,21.25,4.129683557685239,111,sub-HUP162,02,False
LC9-LC10,0.0006904508776315703,True,7.75,11.5,2.2591218731485476,112,sub-HUP162,02,False
LH2-LH3,0.0005856374834221661,True,18.75,21.25,3.1745627525826228,113,sub-HUP162,02,False
RF3-RF4,0.0005815512679151674,True,14.5,16.5,2.66961068772143,114,sub-HUP162,02,False
LE10-LE11,0.000580270002507809,True,7.75,14.75,1.8986153794084395,115,sub-HUP162,02,False
LD3-LD4,0.0005734222271901187,True,18.0,22.75,3.024338168647775,116,sub-HUP162,02,False
LF3-LF4,0.0005485859094895509,True,11.5,12.75,2.1968002670641495,117,sub-HUP162,02,False
LD10-LD11,0.0005101621674849039,True,15.0,23.25,2.3917267120719137,118,sub-HUP162,02,False
LD2-LD3,0.00042223376490900364,True,21.75,22.75,2.5362388045438893,119,sub-HUP162,02,False
LD5-LD6,0.0003821811420183611,True,18.75,28.25,2.071687780470128,120,sub-HUP162,02,False
RB6-RB7,0.0003669235023906891,True,20.25,21.5,2.0964932278892556,121,sub-HUP162,02,True
LA8-LA9,0.0,False,,,,122,sub-HUP162,02,False
LC10-LC11,0.0,False,,,,122,sub-HUP162,02,False
LC5-LC6,0.0,False,,,,122,sub-HUP162,02,False
LC7-LC8,0.0,False,,,,122,sub-HUP162,02,False
LC8-LC9,0.0,False,,,,122,sub-HUP162,02,False
LD1-LD2,0.0,False,,,,122,sub-HUP162,02,False
LD4-LD5,0.0,False,,,,122,sub-HUP162,02,False
LD6-LD7,0.0,False,,,,122,sub-HUP162,02,False
LD7-LD8,0.0,False,,,,122,sub-HUP162,02,False
LD8-LD9,0.0,False,,,,122,sub-HUP162,02,False
LE1-LE2,0.0,False,,,,122,sub-HUP162,02,False
LE2-LE3,0.0,False,,,,122,sub-HUP162,02,False
LE4-LE5,0.0,False,,,,122,sub-HUP162,02,False
LF4-LF5,0.0,False,,,,122,sub-HUP162,02,False
LF5-LF6,0.0,False,,,,122,sub-HUP162,02,False
LG1-LG2,0.0,False,,,,122,sub-HUP162,02,False
LH1-LH2,0.0,False,,,,122,sub-HUP162,02,False
LI3-LI4,0.0,False,,,,122,sub-HUP162,02,False
LI4-LI5,0.0,False,,,,122,sub-HUP162,02,False
LI5-LI6,0.0,False,,,,122,sub-HUP162,02,False
LI6-LI7,0.0,False,,,,122,sub-HUP162,02,False
LJ4-LJ5,0.0,False,,,,122,sub-HUP162,02,False
LJ5-LJ6,0.0,False,,,,122,sub-HUP162,02,False
RA3-RA4,0.0,False,,,,122,sub-HUP162,02,False
RC1-RC2,0.0,False,,,,122,sub-HUP162,02,False
RD1-RD2,0.0,False,,,,122,sub-HUP162,02,False
RD2-RD3,0.0,False,,,,122,sub-HUP162,02,False
RD3-RD4,0.0,False,,,,122,sub-HUP162,02,False
RF1-RF2,0.0,False,,,,122,sub-HUP162,02,False
RF2-RF3,0.0,False,,,,122,sub-HUP162,02,False
LB1-LB2,1.0,True,-10.0,-9.25,142.23435946714352,1,sub-HUP162,03,True
LA1-LA2,0.6961295424283271,True,-10.0,-9.5,99.01353957344881,2,sub-HUP162,03,True
LB4-LB5,0.42566174433562004,True,-10.0,-9.25,60.54372555524392,3,sub-HUP162,03,True
LB2-LB3,0.18178135507123275,True,-8.25,-7.75,71.10277515447197,4,sub-HUP162,03,True
LB3-LB4,0.16132341578558915,True,-9.75,-7.5,28.682165889143675,5,sub-HUP162,03,True
LA2-LA3,0.1255727448030614,True,-8.0,-7.75,53.58227677078354,6,sub-HUP162,03,True
LB5-LB6,0.10096082475236663,True,-9.75,-7.75,17.950122799909245,7,sub-HUP162,03,False
LA4-LA5,0.0814333617617365,True,-8.25,-7.75,31.852210635951117,8,sub-HUP162,03,False
LC2-LC3,0.07366023663913589,True,-9.75,-7.5,13.096270720707135,9,sub-HUP162,03,False
LA5-LA6,0.05943065258070531,True,-8.5,-7.5,21.1327020063274,10,sub-HUP162,03,False
LA3-LA4,0.05130302397153535,True,-8.0,-7.75,21.891158259956516,11,sub-HUP162,03,True
LC3-LC4,0.04607350217388589,True,-9.5,-7.0,9.829852605166057,12,sub-HUP162,03,False
LC4-LC5,0.026913949207428983,True,-8.25,-7.0,10.527242897187215,13,sub-HUP162,03,False
LA6-LA7,0.02381335180007309,True,-8.25,-7.25,9.314461310135147,14,sub-HUP162,03,False
LB6-LB7,0.023765135858297745,True,-9.5,-7.25,5.070328314681936,15,sub-HUP162,03,False
LD6-LD7,0.01965673704949295,True,-7.25,-6.25,10.484487762932618,16,sub-HUP162,03,False
LJ2-LJ3,0.01523404466519906,True,-8.0,-7.0,6.5004137551453285,17,sub-HUP162,03,False
LD5-LD6,0.013236945762261266,True,-7.5,-6.25,6.589619756287928,18,sub-HUP162,03,False
LJ1-LJ2,0.011475710435893731,True,-8.0,-7.0,4.8967209698392775,19,sub-HUP162,03,False
LC5-LC6,0.011003935365777763,True,-8.0,-6.25,4.695413095107743,20,sub-HUP162,03,False
LA7-LA8,0.010225098397004348,True,-8.0,-5.0,4.363080962959288,21,sub-HUP162,03,False
LC1-LC2,0.009138927063206443,True,-8.75,-3.5,2.9247062333672504,22,sub-HUP162,03,False
LD4-LD5,0.006728461730630515,True,-7.25,-4.5,3.5888191667078218,23,sub-HUP162,03,False
LG3-LG4,0.006171928147328353,True,-5.75,-4.0,4.60876629524053,24,sub-HUP162,03,False
RC1-RC2,0.006022914610174804,True,-6.0,-3.0,4.283327008517568,25,sub-HUP162,03,False
RF2-RF3,0.005240831381166056,True,-6.5,-5.25,3.3544183255895654,26,sub-HUP162,03,False
LJ3-LJ4,0.005141653845392463,True,-7.75,-2.25,2.3767894842288095,27,sub-HUP162,03,False
LC10-LC11,0.004891227569476691,True,-4.75,-4.0,4.34812887720344,28,sub-HUP162,03,False
RF8-RF9,0.004785398181735808,True,-6.0,-5.25,3.4032402258721297,29,sub-HUP162,03,False
LE5-LE6,0.004704041204226624,True,-5.5,-1.5,3.6799195817462342,30,sub-HUP162,03,False
LC9-LC10,0.0046969597822835675,True,-5.0,-4.0,4.008414396456223,31,sub-HUP162,03,False
LE2-LE3,0.0046755258663971865,True,-6.25,-3.0,3.158847027200559,32,sub-HUP162,03,False
LI4-LI5,0.004431974432694286,True,-6.0,-2.75,3.1518952230451425,33,sub-HUP162,03,False
RA2-RA3,0.004416777404587012,True,-0.5,0.25,6.596283803029055,34,sub-HUP162,03,False
LG6-LG7,0.004290558265427847,True,-5.75,-4.5,3.2038902348578375,35,sub-HUP162,03,False
LH3-LH4,0.004144725743121784,True,-6.0,-3.25,2.9476120561995365,36,sub-HUP162,03,False
RD4-RD5,0.004041315371237055,True,-6.0,-5.25,2.874069516163119,37,sub-HUP162,03,False
RD5-RD6,0.0038252281357291727,True,-6.0,-5.25,2.720394368505672,38,sub-HUP162,03,False
LG9-LG10,0.003806718518811937,True,-1.75,1.25,5.008377074303095,39,sub-HUP162,03,False
LD9-LD10,0.003733602103956747,True,-3.0,-2.25,4.248372030091738,40,sub-HUP162,03,False
LI5-LI6,0.003649844499247218,True,-4.75,-2.5,3.2445830906569073,41,sub-HUP162,03,False
RD6-RD7,0.0036185102327707577,True,-6.0,-5.25,2.5733824259172655,42,sub-HUP162,03,False
RD1-RD2,0.003585592688128886,True,-6.0,-0.75,2.549972396530427,43,sub-HUP162,03,False
LD1-LD2,0.0035748585606357273,True,-2.75,-2.25,4.194858669850673,44,sub-HUP162,03,False
RD10-RD11,0.003477525232014991,True,-5.75,-5.25,2.59677376300903,45,sub-HUP162,03,False
LI7-LI8,0.0034765501591834435,True,-6.25,-1.25,2.3488032039725515,46,sub-HUP162,03,False
RD9-RD10,0.003432093282631017,True,-5.75,-5.25,2.56284834585417,47,sub-HUP162,03,False
RF7-RF8,0.0034162794191157165,True,-5.75,-5.0,2.5510396534282225,48,sub-HUP162,03,False
LI6-LI7,0.0034058929420415014,True,-4.75,-1.75,3.0277187564058616,49,sub-HUP162,03,False
LE6-LE7,0.00335396120224982,True,-5.25,-1.0,2.743029008858009,50,sub-HUP162,03,False
RF9-RF10,0.003353392390210008,True,-6.0,-5.25,2.3848380933175695,51,sub-HUP162,03,False
LG7-LG8,0.0033474739912799406,True,-5.75,-0.75,2.49966054965878,52,sub-HUP162,03,False
LH4-LH5,0.0033258948330961865,True,-5.5,-3.25,2.6018108668228503,53,sub-HUP162,03,False
LI3-LI4,0.0033102134870600453,True,-5.5,-2.25,2.5895435226731682,54,sub-HUP162,03,False
LH2-LH3,0.0029683089475929605,True,-5.25,4.0,2.427624250703485,55,sub-HUP162,03,False
LG10-LG11,0.0026631136207085635,True,0.5,1.0,4.356041990341641,56,sub-HUP162,03,False
LE1-LE2,0.0026272177367452246,True,-4.0,-1.5,2.6157644237667284,57,sub-HUP162,03,False
LD10-LD11,0.002447794506561562,True,-2.75,-2.0,2.872323990920805,58,sub-HUP162,03,False
LJ4-LJ5,0.002332953348389835,True,-2.75,0.75,2.737565532693386,59,sub-HUP162,03,False
RB7-RB8,0.0023281335711434203,True,-3.25,-2.75,2.5663395511529177,60,sub-HUP162,03,True
LH8-LH9,0.002292956938114038,True,-3.25,4.0,2.5275637756825438,61,sub-HUP162,03,False
LG8-LG9,0.002203044095277058,True,-2.75,1.5,2.5851256675992413,62,sub-HUP162,03,False
RB2-RB3,0.002102735133252778,True,-1.75,2.0,2.7665009594672245,63,sub-HUP162,03,False
LE4-LE5,0.00208742533991424,True,-2.75,-1.25,2.449454750805036,64,sub-HUP162,03,False
LH9-LH10,0.0020517300034248375,True,-3.25,4.5,2.2616553969840525,65,sub-HUP162,03,False
RE9-RE10,0.0020290931880643233,True,3.5,7.0,4.1847981636003615,66,sub-HUP162,03,False
RE8-RE9,0.0020042952322130527,True,4.5,7.5,4.418734552321535,67,sub-HUP162,03,False
RB8-RB9,0.0018654631309574289,True,3.25,4.5,3.7809945879635527,68,sub-HUP162,03,True
RE7-RE8,0.0017824817426800724,True,6.25,7.75,4.373395069076617,69,sub-HUP162,03,False
RB6-RB7,0.001712204899320898,True,-1.75,-1.0,2.252692895965569,70,sub-HUP162,03,True
LF9-LF10,0.0016708875490836334,True,3.5,5.75,3.4460354941402707,71,sub-HUP162,03,False
RC3-RC4,0.0016645217740549948,True,-3.5,-2.75,1.7756414126386915,72,sub-HUP162,03,False
RE10-RE11,0.0015932334779392844,True,6.25,7.25,3.9090663704812343,73,sub-HUP162,03,False
LJ10-LJ11,0.0015366864824585135,True,0.0,8.25,2.404265792877349,74,sub-HUP162,03,False
RB9-RB10,0.0014532283368714324,True,3.0,3.75,2.8937860231617463,75,sub-HUP162,03,True
LH10-LH11,0.0014103284556543554,True,-1.75,5.0,1.8555237718866173,76,sub-HUP162,03,False
RA6-RA7,0.0014052471887295065,True,5.25,8.75,3.247959548956614,77,sub-HUP162,03,False
RE2-RE3,0.001323142102093613,True,5.0,7.25,3.0111403100047176,78,sub-HUP162,03,False
LB7-LB8,0.0012635619082372114,True,16.0,17.5,4.852491803960436,79,sub-HUP162,03,False
RE6-RE7,0.0012353109972857575,True,4.25,8.75,2.679480943735284,80,sub-HUP162,03,False
RE4-RE5,0.0012119049782637185,True,6.0,14.25,2.9303669814125017,81,sub-HUP162,03,False
RC4-RC5,0.001170069389975486,True,6.0,10.25,2.8292091936596684,82,sub-HUP162,03,False
RB5-RB6,0.0011655242510068024,True,3.25,4.5,2.3623307328165897,83,sub-HUP162,03,False
RD8-RD9,0.0010309876239184197,True,5.75,9.75,2.4562512271353603,84,sub-HUP162,03,False
RA5-RA6,0.0010300971299169305,True,5.25,15.75,2.3808720887685095,85,sub-HUP162,03,False
LF7-LF8,0.001019491983908723,True,4.5,17.5,2.247605234353741,86,sub-HUP162,03,False
RB4-RB5,0.0009974450791666724,True,9.0,13.25,2.8374192387785175,87,sub-HUP162,03,False
RE3-RE4,0.000974227433683147,True,6.0,12.25,2.3556664550891044,88,sub-HUP162,03,False
RE1-RE2,0.0009526383963330786,True,6.5,11.5,2.371213461859239,89,sub-HUP162,03,False
RE5-RE6,0.0009490117600368985,True,6.5,14.5,2.362186396773608,90,sub-HUP162,03,False
RA7-RA8,0.0009080623310499817,True,3.0,9.25,1.808207296183895,91,sub-HUP162,03,False
LF6-LF7,0.0008551518305620882,True,9.5,14.25,2.4934554437766545,92,sub-HUP162,03,False
RA1-RA2,0.0007050153823166528,True,12.0,22.25,2.3063804603207254,93,sub-HUP162,03,False
LC6-LC7,0.0006960288770393417,True,15.75,21.5,2.648229175026719,94,sub-HUP162,03,False
LA8-LA9,0.0,False,,,,95,sub-HUP162,03,False
LB10-LB11,0.0,False,,,,95,sub-HUP162,03,False
LB8-LB9,0.0,False,,,,95,sub-HUP162,03,False
LB9-LB10,0.0,False,,,,95,sub-HUP162,03,False
LC7-LC8,0.0,False,,,,95,sub-HUP162,03,False
LC8-LC9,0.0,False,,,,95,sub-HUP162,03,False
LD2-LD3,0.0,False,,,,95,sub-HUP162,03,False
LD3-LD4,0.0,False,,,,95,sub-HUP162,03,False
LD7-LD8,0.0,False,,,,95,sub-HUP162,03,False
LD8-LD9,0.0,False,,,,95,sub-HUP162,03,False
LE10-LE11,0.0,False,,,,95,sub-HUP162,03,False
LE3-LE4,0.0,False,,,,95,sub-HUP162,03,False
LE7-LE8,0.0,False,,,,95,sub-HUP162,03,False
LE8-LE9,0.0,False,,,,95,sub-HUP162,03,False
LE9-LE10,0.0,False,,,,95,sub-HUP162,03,False
LF1-LF2,0.0,False,,,,95,sub-HUP162,03,False
LF2-LF3,0.0,False,,,,95,sub-HUP162,03,False
LF3-LF4,0.0,False,,,,95,sub-HUP162,03,False
LF4-LF5,0.0,False,,,,95,sub-HUP162,03,False
LF5-LF6,0.0,False,,,,95,sub-HUP162,03,False
LF8-LF9,0.0,False,,,,95,sub-HUP162,03,False
LG1-LG2,0.0,False,,,,95,sub-HUP162,03,False
LG2-LG3,0.0,False,,,,95,sub-HUP162,03,False
LG4-LG5,0.0,False,,,,95,sub-HUP162,03,False
LG5-LG6,0.0,False,,,,95,sub-HUP162,03,False
LH1-LH2,0.0,False,,,,95,sub-HUP162,03,False
LH5-LH6,0.0,False,,,,95,sub-HUP162,03,False
LH6-LH7,0.0,False,,,,95,sub-HUP162,03,False
LH7-LH8,0.0,False,,,,95,sub-HUP162,03,False
LI8-LI9,0.0,False,,,,95,sub-HUP162,03,False
LI9-LI10,0.0,False,,,,95,sub-HUP162,03,False
LJ5-LJ6,0.0,False,,,,95,sub-HUP162,03,False
LJ6-LJ7,0.0,False,,,,95,sub-HUP162,03,False
LJ7-LJ8,0.0,False,,,,95,sub-HUP162,03,False
LJ8-LJ9,0.0,False,,,,95,sub-HUP162,03,False
LJ9-LJ10,0.0,False,,,,95,sub-HUP162,03,False
RA3-RA4,0.0,False,,,,95,sub-HUP162,03,False
RA4-RA5,0.0,False,,,,95,sub-HUP162,03,False
RA8-RA9,0.0,False,,,,95,sub-HUP162,03,False
RB1-RB2,0.0,False,,,,95,sub-HUP162,03,False
RB10-RB11,0.0,False,,,,95,sub-HUP162,03,False
RB3-RB4,0.0,False,,,,95,sub-HUP162,03,False
RC2-RC3,0.0,False,,,,95,sub-HUP162,03,False
RC5-RC6,0.0,False,,,,95,sub-HUP162,03,False
RC6-RC7,0.0,False,,,,95,sub-HUP162,03,False
RC7-RC8,0.0,False,,,,95,sub-HUP162,03,False
RC8-RC9,0.0,False,,,,95,sub-HUP162,03,False
RC9-RC10,0.0,False,,,,95,sub-HUP162,03,False
RD2-RD3,0.0,False,,,,95,sub-HUP162,03,False
RD3-RD4,0.0,False,,,,95,sub-HUP162,03,False
RD7-RD8,0.0,False,,,,95,sub-HUP162,03,False
RF1-RF2,0.0,False,,,,95,sub-HUP162,03,False
RF10-RF11,0.0,False,,,,95,sub-HUP162,03,False
RF3-RF4,0.0,False,,,,95,sub-HUP162,03,False
RF4-RF5,0.0,False,,,,95,sub-HUP162,03,False
RF5-RF6,0.0,False,,,,95,sub-HUP162,03,False
RF6-RF7,0.0,False,,,,95,sub-HUP162,03,False
RB9-RB10,1.0,True,5.25,5.75,84.13819919030172,1,sub-HUP163,01,False
LI11-LI12,0.5841823179394172,True,5.0,5.25,48.332847426401536,2,sub-HUP163,01,False
LA3-LA4,0.5784384009753496,True,3.5,4.0,42.990742770515496,3,sub-HUP163,01,True
LA4-LA5,0.5344037269626514,True,3.5,4.0,39.71799438404713,4,sub-HUP163,01,False
LC1-LC2,0.5182058640124478,True,-8.75,-8.0,2.906727213857449,5,sub-HUP163,01,False
LA2-LA3,0.5090439058177385,True,3.75,4.0,38.54703378987186,6,sub-HUP163,01,True
LK1-LK2,0.45136761288730215,True,9.75,10.5,49.37043555751167,7,sub-HUP163,01,False
LC7-LC8,0.4348809270038285,True,8.0,9.0,43.29828270470157,8,sub-HUP163,01,False
LA1-LA2,0.42528400520397025,True,3.5,4.0,31.60799013569918,9,sub-HUP163,01,True
LB2-LB3,0.3029108998787671,True,3.5,4.0,22.5129669073067,10,sub-HUP163,01,True
LE1-LE2,0.2990719735144091,True,3.75,4.0,22.647039551812792,11,sub-HUP163,01,False
LC10-LC11,0.2274089668927271,True,3.75,5.5,17.2204028586729,12,sub-HUP163,01,False
LI10-LI11,0.20626434287574122,True,5.0,5.5,17.065465193956875,13,sub-HUP163,01,False
RB10-RB11,0.20423622032383462,True,5.5,6.25,17.4704689172725,14,sub-HUP163,01,False
LF1-LF2,0.20093542260412278,True,3.75,5.25,15.215710150307823,15,sub-HUP163,01,False
LA5-LA6,0.1699023509446315,True,0.75,4.0,10.006694492675965,16,sub-HUP163,01,False
LC3-LC4,0.11440355374251927,True,3.75,5.25,8.663138093579827,17,sub-HUP163,01,False
LF3-LF4,0.11104285144719782,True,3.75,5.25,8.40865099835107,18,sub-HUP163,01,False
RE6-RE7,0.09888309698591069,True,5.75,7.75,8.597173901112958,19,sub-HUP163,01,False
LC2-LC3,0.09868303804978862,True,3.75,4.0,7.4727118009235145,20,sub-HUP163,01,False
LC9-LC10,0.09565424762004032,True,3.75,5.75,7.243358525688056,21,sub-HUP163,01,False
LA8-LA9,0.09432798357935654,True,-5.0,0.0,2.513252446012813,22,sub-HUP163,01,False
LB4-LB5,0.09064420499570255,True,5.0,5.5,7.499529505785381,23,sub-HUP163,01,False
LE2-LE3,0.08942814850660916,True,2.75,5.0,6.270269476890803,24,sub-HUP163,01,False
LC11-LC12,0.08383402193578716,True,5.75,7.0,7.288765091109296,25,sub-HUP163,01,False
LD5-LD6,0.08304831163899754,True,7.5,10.0,8.03566569516526,26,sub-HUP163,01,False
LL9-LL10,0.07524123518028342,True,7.75,9.25,7.385772371743526,27,sub-HUP163,01,False
LB1-LB2,0.07508697627495724,True,-3.25,0.5,2.7376626187819184,28,sub-HUP163,01,True
LH5-LH6,0.07304084387910459,True,3.75,6.0,5.530972564195048,29,sub-HUP163,01,False
LF11-LF12,0.06944537735175224,True,-3.75,6.25,2.337203596986959,30,sub-HUP163,01,False
LK11-LK12,0.06915276935174015,True,8.25,10.0,6.9820673787332455,31,sub-HUP163,01,False
LC8-LC9,0.06741969184371129,True,-3.75,-1.5,2.269028584677976,32,sub-HUP163,01,False
LB9-LB10,0.06329297720558211,True,4.5,6.25,5.059089267296969,33,sub-HUP163,01,False
LB10-LB11,0.06125814770780375,True,5.25,6.5,5.154150233868116,34,sub-HUP163,01,False
LF7-LF8,0.06123388568478668,True,5.0,8.0,5.066240389760368,35,sub-HUP163,01,False
LF2-LF3,0.061142511924380485,True,5.0,5.5,5.058680499834107,36,sub-HUP163,01,False
LH1-LH2,0.061089213418120486,True,3.75,6.25,4.625942766257406,37,sub-HUP163,01,False
LB8-LB9,0.06045980853523677,True,3.75,5.75,4.57828147219073,38,sub-HUP163,01,False
LH4-LH5,0.060021033748445494,True,3.75,6.5,4.545055523821075,39,sub-HUP163,01,False
LF4-LF5,0.05709993357432565,True,1.0,4.5,3.443071335794552,40,sub-HUP163,01,False
LL11-LL12,0.055704156735220584,True,5.25,7.0,4.686847435115776,41,sub-HUP163,01,False
LB3-LB4,0.05463774634777652,True,-1.5,0.25,2.5284168720351206,42,sub-HUP163,01,True
LF6-LF7,0.054138674940743946,True,4.75,5.75,4.4032929288612,43,sub-HUP163,01,False
LE3-LE4,0.052119792800793006,True,3.75,6.25,3.9467389575873377,44,sub-HUP163,01,False
RE10-RE11,0.050825423861188004,True,6.0,7.25,4.490177618602357,45,sub-HUP163,01,False
LH2-LH3,0.049688012840950015,True,3.75,6.0,3.7625939296039093,46,sub-HUP163,01,False
LH3-LH4,0.049412248646410147,True,3.75,6.25,3.7417118571471355,47,sub-HUP163,01,False
LK6-LK7,0.04933156901932528,True,3.5,5.25,3.666424619457662,48,sub-HUP163,01,False
LK9-LK10,0.04930747176934161,True,1.75,2.75,3.1806254423292666,49,sub-HUP163,01,False
RE7-RE8,0.04873182724456187,True,5.5,7.75,4.168544990737157,50,sub-HUP163,01,False
RB8-RB9,0.047193201675332655,True,8.25,9.25,4.764901203584663,51,sub-HUP163,01,False
LC6-LC7,0.04699463661484732,True,6.5,10.0,4.2835477710738585,52,sub-HUP163,01,False
RE9-RE10,0.046651890077734896,True,6.5,9.0,4.252306521628229,53,sub-HUP163,01,False
LK4-LK5,0.04631261071303341,True,4.5,5.5,3.701826681936301,54,sub-HUP163,01,False
RB7-RB8,0.04589818604531209,True,-1.0,1.25,2.252711253306497,55,sub-HUP163,01,False
LE4-LE5,0.04588338197324034,True,5.0,5.75,3.796202713122708,56,sub-HUP163,01,False
LL2-LL3,0.045828166849092654,True,12.0,14.75,5.591054174769242,57,sub-HUP163,01,False
LL6-LL7,0.045438279423665275,True,9.75,10.25,4.970023506516818,58,sub-HUP163,01,False
RE3-RE4,0.04536044549757632,True,4.0,4.5,3.498500682082909,59,sub-HUP163,01,False
LD7-LD8,0.04489727130988467,True,4.75,6.75,3.651656371353025,60,sub-HUP163,01,False
RE5-RE6,0.04481093881274688,True,8.75,9.75,4.650051091401961,61,sub-HUP163,01,False
LL10-LL11,0.04229142509010196,True,4.5,8.0,3.3804081308590868,62,sub-HUP163,01,False
LH6-LH7,0.041817080007312546,True,4.75,6.75,3.401133346971645,63,sub-HUP163,01,False
LF9-LF10,0.04138958911299113,True,5.0,9.5,3.4244047349736975,64,sub-HUP163,01,False
LK5-LK6,0.04106512699325681,True,3.75,5.25,3.1096312512603097,65,sub-HUP163,01,False
LB6-LB7,0.03919941114502868,True,2.25,4.0,2.638534290450365,66,sub-HUP163,01,False
LE8-LE9,0.038217356720231764,True,5.25,6.75,3.215539572253676,67,sub-HUP163,01,False
LB11-LB12,0.038105906439133974,True,4.75,6.25,3.0992902680927594,68,sub-HUP163,01,False
LF8-LF9,0.037661354248765135,True,3.5,7.75,2.799070030910553,69,sub-HUP163,01,False
LE11-LE12,0.03748317868404438,True,-0.75,0.0,1.8922602926422782,70,sub-HUP163,01,False
LA7-LA8,0.03685234860009714,True,3.75,4.0,2.790621222430869,71,sub-HUP163,01,False
LC4-LC5,0.036306301969545096,True,3.75,5.5,2.749272180279146,72,sub-HUP163,01,False
RE8-RE9,0.03626891989165496,True,5.5,7.75,3.1024616330321804,73,sub-HUP163,01,False
LK7-LK8,0.03574787034770955,True,3.5,9.75,2.656855935084455,74,sub-HUP163,01,False
RE2-RE3,0.03573173509725096,True,3.75,5.0,2.705763460524836,75,sub-HUP163,01,False
LK2-LK3,0.0352169765538564,True,3.5,9.25,2.617398806215557,76,sub-HUP163,01,False
LF10-LF11,0.034982461587822596,True,5.0,10.0,2.8943052992225744,77,sub-HUP163,01,False
LD3-LD4,0.032811866187515144,True,3.5,6.75,2.4386460108967625,78,sub-HUP163,01,False
LB5-LB6,0.032485470088198506,True,2.75,4.0,2.277724127559529,79,sub-HUP163,01,False
LK8-LK9,0.03241666194512729,True,3.75,11.0,2.454731603841414,80,sub-HUP163,01,False
LE5-LE6,0.03146481273833528,True,10.0,11.25,3.4857336975237345,81,sub-HUP163,01,False
LL7-LL8,0.0314605816582872,True,5.25,10.5,2.647036686207721,82,sub-HUP163,01,False
LK10-LK11,0.03142249136115994,True,0.25,6.25,1.762554558133873,83,sub-HUP163,01,False
LD4-LD5,0.03128243058491449,True,3.75,4.25,2.3688426381392897,84,sub-HUP163,01,False
LL8-LL9,0.03124661241340508,True,6.25,11.0,2.804302612545313,85,sub-HUP163,01,False
LL5-LL6,0.03120312740491686,True,4.75,10.75,2.5378624506567484,86,sub-HUP163,01,False
LK3-LK4,0.030994506734583135,True,4.75,10.75,2.520894582058187,87,sub-HUP163,01,False
LD6-LD7,0.030035260195724174,True,3.75,10.25,2.2744014345723427,88,sub-HUP163,01,False
RB11-RB12,0.027775191023422813,True,9.0,9.75,2.921193193596786,89,sub-HUP163,01,False
LA6-LA7,0.02744992106193025,True,3.75,5.75,2.0786282334600714,90,sub-HUP163,01,False
LJ8-LJ9,0.026935511947038134,True,3.75,11.25,2.0396749225433815,91,sub-HUP163,01,False
LB7-LB8,0.02664643542307845,True,3.75,4.0,2.0177847822046378,92,sub-HUP163,01,False
LH7-LH8,0.02621440988626315,True,5.5,6.25,2.242393794677734,93,sub-HUP163,01,False
LL1-LL2,0.02604293092240014,True,12.0,15.0,3.1772476986998477,94,sub-HUP163,01,False
LC5-LC6,0.02580347790398517,True,9.0,10.25,2.7138227046100667,95,sub-HUP163,01,False
RE4-RE5,0.02501073335062045,True,9.25,11.5,2.665520215096699,96,sub-HUP163,01,False
LE7-LE8,0.024955492992686665,True,9.0,11.25,2.6246378003885615,97,sub-HUP163,01,False
LL3-LL4,0.024186504338110343,True,12.25,15.25,2.9846797489183023,98,sub-HUP163,01,False
LF5-LF6,0.02299843590006423,True,4.75,10.75,1.8705454147974905,99,sub-HUP163,01,False
RB6-RB7,0.02009925119069888,True,9.0,9.75,2.113893500323664,100,sub-HUP163,01,False
LI9-LI10,0.019066976421915013,True,10.0,11.0,2.112277062522764,101,sub-HUP163,01,False
LE6-LE7,0.01709257328732476,True,20.75,23.75,2.924214616378314,102,sub-HUP163,01,False
LJ2-LJ3,0.014929383920519504,True,18.75,21.5,2.386649808376999,103,sub-HUP163,01,False
LD2-LD3,0.0,False,,,,104,sub-HUP163,01,False
LE10-LE11,0.0,False,,,,104,sub-HUP163,01,False
LE9-LE10,0.0,False,,,,104,sub-HUP163,01,False
LG1-LG2,0.0,False,,,,104,sub-HUP163,01,False
LG10-LG11,0.0,False,,,,104,sub-HUP163,01,False
LG2-LG3,0.0,False,,,,104,sub-HUP163,01,False
LG3-LG4,0.0,False,,,,104,sub-HUP163,01,False
LG4-LG5,0.0,False,,,,104,sub-HUP163,01,False
LG5-LG6,0.0,False,,,,104,sub-HUP163,01,False
LG6-LG7,0.0,False,,,,104,sub-HUP163,01,False
LG7-LG8,0.0,False,,,,104,sub-HUP163,01,False
LG8-LG9,0.0,False,,,,104,sub-HUP163,01,False
LG9-LG10,0.0,False,,,,104,sub-HUP163,01,False
LH10-LH11,0.0,False,,,,104,sub-HUP163,01,False
LH11-LH12,0.0,False,,,,104,sub-HUP163,01,False
LH8-LH9,0.0,False,,,,104,sub-HUP163,01,False
LH9-LH10,0.0,False,,,,104,sub-HUP163,01,False
LI1-LI2,0.0,False,,,,104,sub-HUP163,01,False
LI2-LI3,0.0,False,,,,104,sub-HUP163,01,False
LI3-LI4,0.0,False,,,,104,sub-HUP163,01,False
LI4-LI5,0.0,False,,,,104,sub-HUP163,01,False
LI5-LI6,0.0,False,,,,104,sub-HUP163,01,False
LI6-LI7,0.0,False,,,,104,sub-HUP163,01,False
LI7-LI8,0.0,False,,,,104,sub-HUP163,01,False
LI8-LI9,0.0,False,,,,104,sub-HUP163,01,False
LJ1-LJ2,0.0,False,,,,104,sub-HUP163,01,False
LJ3-LJ4,0.0,False,,,,104,sub-HUP163,01,False
LJ4-LJ5,0.0,False,,,,104,sub-HUP163,01,False
LJ5-LJ6,0.0,False,,,,104,sub-HUP163,01,False
LJ6-LJ7,0.0,False,,,,104,sub-HUP163,01,False
LJ7-LJ8,0.0,False,,,,104,sub-HUP163,01,False
LL4-LL5,0.0,False,,,,104,sub-HUP163,01,False
RB1-RB2,0.0,False,,,,104,sub-HUP163,01,False
RB2-RB3,0.0,False,,,,104,sub-HUP163,01,False
RB3-RB4,0.0,False,,,,104,sub-HUP163,01,False
RB4-RB5,0.0,False,,,,104,sub-HUP163,01,False
RB5-RB6,0.0,False,,,,104,sub-HUP163,01,False
RE1-RE2,0.0,False,,,,104,sub-HUP163,01,False
RE11-RE12,0.0,False,,,,104,sub-HUP163,01,False
LK7-LK8,1.0,True,-9.75,-8.25,5.298998494655082,1,sub-HUP163,02,False
LE10-LE11,0.3039044261817338,True,-8.25,-6.75,4.02597274214006,2,sub-HUP163,02,False
LI7-LI8,0.12744712086612117,True,-5.0,-4.0,3.8832170843017773,3,sub-HUP163,02,False
LG7-LG8,0.1215980513361203,True,-5.0,-2.5,3.705000373152784,4,sub-HUP163,02,False
LG6-LG7,0.10770492511532535,True,-5.25,-2.25,3.139005298291761,5,sub-HUP163,02,False
LJ5-LJ6,0.10419439038272021,True,-5.0,-1.5,3.1747240272898454,6,sub-HUP163,02,False
LG5-LG6,0.09031345821170378,True,-5.5,-2.25,2.5124971153322933,7,sub-HUP163,02,False
LH4-LH5,0.08093812882033984,True,-3.25,-2.25,3.2166826708438494,8,sub-HUP163,02,False
LF7-LF8,0.07708937296226215,True,-2.5,0.25,3.3700958880676835,9,sub-HUP163,02,False
LI9-LI10,0.07104528784937668,True,-4.75,-2.0,2.258813240197104,10,sub-HUP163,02,False
LI3-LI4,0.06800465639528228,True,-3.75,-1.5,2.522496003076958,11,sub-HUP163,02,False
RE2-RE3,0.054342152383669934,True,-1.75,-1.25,2.5916308530964565,12,sub-HUP163,02,False
LC3-LC4,0.0493627093240005,True,27.5,28.5,10.005164281799043,13,sub-HUP163,02,False
LI2-LI3,0.04550602606145781,True,-3.0,-1.0,1.868806817879849,14,sub-HUP163,02,False
LA5-LA6,0.044925009550585385,True,27.5,29.0,9.10570159277008,15,sub-HUP163,02,False
LF1-LF2,0.04138342299799607,True,1.0,3.25,2.5766656799981544,16,sub-HUP163,02,False
LL1-LL2,0.040500430290590854,True,-2.75,-0.5,1.716893753141792,17,sub-HUP163,02,False
LB2-LB3,0.039329367551165555,True,-2.25,-1.0,1.7714532053195828,18,sub-HUP163,02,True
LE4-LE5,0.03873661013296287,True,5.25,9.75,3.2842438205217768,19,sub-HUP163,02,False
LK8-LK9,0.03781423857210339,True,8.25,9.75,3.807174272131976,20,sub-HUP163,02,False
LA4-LA5,0.03704733950212549,True,26.25,28.25,7.263610461351334,21,sub-HUP163,02,False
LA3-LA4,0.03448743544462062,True,25.75,28.5,6.670333700452903,22,sub-HUP163,02,True
LD6-LD7,0.030726098749595827,True,6.5,7.25,2.8086027551076214,23,sub-HUP163,02,False
LI4-LI5,0.030220969719679913,True,4.5,14.5,2.4421483140369102,24,sub-HUP163,02,False
LD7-LD8,0.030178928848974818,True,9.0,10.5,3.158382446185153,25,sub-HUP163,02,False
LC4-LC5,0.029668616468560196,True,27.75,28.5,6.052737229207879,26,sub-HUP163,02,False
RB8-RB9,0.029603378707203105,True,11.0,14.25,3.411884637734275,27,sub-HUP163,02,False
LJ6-LJ7,0.02866775281775921,True,28.5,29.0,5.962482376788165,28,sub-HUP163,02,False
LF4-LF5,0.028585643848872747,True,6.0,14.5,2.53721100237571,29,sub-HUP163,02,False
LG8-LG9,0.02769962645395826,True,11.25,14.0,3.229166135404724,30,sub-HUP163,02,False
LH5-LH6,0.027059409056956443,True,5.0,6.0,2.2583573437803257,31,sub-HUP163,02,False
LC2-LC3,0.025103622352168002,True,28.0,29.0,5.154682210862957,32,sub-HUP163,02,False
LG1-LG2,0.023932162754769993,True,16.25,19.25,3.424045349106899,33,sub-HUP163,02,False
LI6-LI7,0.022349752589452175,True,11.25,14.5,2.605488717203253,34,sub-HUP163,02,False
RB9-RB10,0.02182879844608707,True,11.0,17.0,2.5158392498042943,35,sub-HUP163,02,False
LG10-LG11,0.021018190973416433,True,8.75,12.0,2.171819565405881,36,sub-HUP163,02,False
RB10-RB11,0.020065343269811235,True,11.0,17.0,2.312595367246912,37,sub-HUP163,02,False
LB5-LB6,0.020064075149703455,True,25.25,28.5,3.827502144537301,38,sub-HUP163,02,False
LA6-LA7,0.019910586063321786,True,28.25,29.5,4.114740457512461,39,sub-HUP163,02,False
LJ3-LJ4,0.01895372694563922,True,10.75,21.0,2.1593690668904824,40,sub-HUP163,02,False
LG2-LG3,0.018750374509137042,True,19.0,19.75,2.9559066373695524,41,sub-HUP163,02,False
LA1-LA2,0.018660706828826316,True,27.75,29.25,3.8069977097132925,42,sub-HUP163,02,True
LG9-LG10,0.01781893466135907,True,11.0,15.0,2.0536895478450528,43,sub-HUP163,02,False
LH3-LH4,0.01762259336093402,True,16.75,17.5,2.568007631516471,44,sub-HUP163,02,False
LI8-LI9,0.01757017669566994,True,28.0,29.75,3.6077931696206798,45,sub-HUP163,02,False
RB11-RB12,0.017570108732758855,True,11.25,17.25,2.048287553967936,46,sub-HUP163,02,False
LB3-LB4,0.016907635473615353,True,26.25,27.75,3.314960792145991,47,sub-HUP163,02,True
LA2-LA3,0.016237032835615395,True,27.75,29.75,3.3125404833132577,48,sub-HUP163,02,True
LC1-LC2,0.015480578153780207,True,27.5,29.25,3.1377071827476413,49,sub-HUP163,02,False
LI5-LI6,0.01368855590017671,True,19.25,20.75,2.17606911327115,50,sub-HUP163,02,False
LJ7-LJ8,0.013435475387333966,True,16.75,17.75,1.9578505059425975,51,sub-HUP163,02,False
LI1-LI2,0.013222142102387896,True,28.25,29.5,2.732500332770093,52,sub-HUP163,02,False
LH8-LH9,0.012090271061761353,True,28.75,29.5,2.5306199621716896,53,sub-HUP163,02,False
RE6-RE7,0.011484591354321973,True,28.25,29.75,2.3734164596329554,54,sub-HUP163,02,False
LJ8-LJ9,0.011377450324336805,True,28.0,29.75,2.336202320489856,55,sub-HUP163,02,False
LF11-LF12,0.011201488368385689,True,27.75,30.0,2.285231795075929,56,sub-HUP163,02,False
LL11-LL12,0.01067595272167221,True,27.75,29.25,2.1780165099442703,57,sub-HUP163,02,False
LB4-LB5,0.010027840750240732,True,17.75,27.25,1.5144191216447462,58,sub-HUP163,02,False
LA7-LA8,0.0,False,,,,59,sub-HUP163,02,False
LA8-LA9,0.0,False,,,,59,sub-HUP163,02,False
LB1-LB2,0.0,False,,,,59,sub-HUP163,02,True
LB10-LB11,0.0,False,,,,59,sub-HUP163,02,False
LB11-LB12,0.0,False,,,,59,sub-HUP163,02,False
LB6-LB7,0.0,False,,,,59,sub-HUP163,02,False
LB7-LB8,0.0,False,,,,59,sub-HUP163,02,False
LB8-LB9,0.0,False,,,,59,sub-HUP163,02,False
LB9-LB10,0.0,False,,,,59,sub-HUP163,02,False
LC10-LC11,0.0,False,,,,59,sub-HUP163,02,False
LC11-LC12,0.0,False,,,,59,sub-HUP163,02,False
LC5-LC6,0.0,False,,,,59,sub-HUP163,02,False
LC6-LC7,0.0,False,,,,59,sub-HUP163,02,False
LC7-LC8,0.0,False,,,,59,sub-HUP163,02,False
LC8-LC9,0.0,False,,,,59,sub-HUP163,02,False
LC9-LC10,0.0,False,,,,59,sub-HUP163,02,False
LD2-LD3,0.0,False,,,,59,sub-HUP163,02,False
LD3-LD4,0.0,False,,,,59,sub-HUP163,02,False
LD4-LD5,0.0,False,,,,59,sub-HUP163,02,False
LD5-LD6,0.0,False,,,,59,sub-HUP163,02,False
LE1-LE2,0.0,False,,,,59,sub-HUP163,02,False
LE11-LE12,0.0,False,,,,59,sub-HUP163,02,False
LE2-LE3,0.0,False,,,,59,sub-HUP163,02,False
LE3-LE4,0.0,False,,,,59,sub-HUP163,02,False
LE5-LE6,0.0,False,,,,59,sub-HUP163,02,False
LE6-LE7,0.0,False,,,,59,sub-HUP163,02,False
LE7-LE8,0.0,False,,,,59,sub-HUP163,02,False
LE8-LE9,0.0,False,,,,59,sub-HUP163,02,False
LE9-LE10,0.0,False,,,,59,sub-HUP163,02,False
LF10-LF11,0.0,False,,,,59,sub-HUP163,02,False
LF2-LF3,0.0,False,,,,59,sub-HUP163,02,False
LF3-LF4,0.0,False,,,,59,sub-HUP163,02,False
LF5-LF6,0.0,False,,,,59,sub-HUP163,02,False
LF6-LF7,0.0,False,,,,59,sub-HUP163,02,False
LF8-LF9,0.0,False,,,,59,sub-HUP163,02,False
LF9-LF10,0.0,False,,,,59,sub-HUP163,02,False
LG3-LG4,0.0,False,,,,59,sub-HUP163,02,False
LG4-LG5,0.0,False,,,,59,sub-HUP163,02,False
LH1-LH2,0.0,False,,,,59,sub-HUP163,02,False
LH10-LH11,0.0,False,,,,59,sub-HUP163,02,False
LH11-LH12,0.0,False,,,,59,sub-HUP163,02,False
LH2-LH3,0.0,False,,,,59,sub-HUP163,02,False
LH6-LH7,0.0,False,,,,59,sub-HUP163,02,False
LH7-LH8,0.0,False,,,,59,sub-HUP163,02,False
LH9-LH10,0.0,False,,,,59,sub-HUP163,02,False
LI10-LI11,0.0,False,,,,59,sub-HUP163,02,False
LI11-LI12,0.0,False,,,,59,sub-HUP163,02,False
LJ1-LJ2,0.0,False,,,,59,sub-HUP163,02,False
LJ2-LJ3,0.0,False,,,,59,sub-HUP163,02,False
LJ4-LJ5,0.0,False,,,,59,sub-HUP163,02,False
LK1-LK2,0.0,False,,,,59,sub-HUP163,02,False
LK10-LK11,0.0,False,,,,59,sub-HUP163,02,False
LK11-LK12,0.0,False,,,,59,sub-HUP163,02,False
LK2-LK3,0.0,False,,,,59,sub-HUP163,02,False
LK3-LK4,0.0,False,,,,59,sub-HUP163,02,False
LK4-LK5,0.0,False,,,,59,sub-HUP163,02,False
LK5-LK6,0.0,False,,,,59,sub-HUP163,02,False
LK6-LK7,0.0,False,,,,59,sub-HUP163,02,False
LK9-LK10,0.0,False,,,,59,sub-HUP163,02,False
LL10-LL11,0.0,False,,,,59,sub-HUP163,02,False
LL2-LL3,0.0,False,,,,59,sub-HUP163,02,False
LL3-LL4,0.0,False,,,,59,sub-HUP163,02,False
LL4-LL5,0.0,False,,,,59,sub-HUP163,02,False
LL5-LL6,0.0,False,,,,59,sub-HUP163,02,False
LL6-LL7,0.0,False,,,,59,sub-HUP163,02,False
LL7-LL8,0.0,False,,,,59,sub-HUP163,02,False
LL8-LL9,0.0,False,,,,59,sub-HUP163,02,False
LL9-LL10,0.0,False,,,,59,sub-HUP163,02,False
RB1-RB2,0.0,False,,,,59,sub-HUP163,02,False
RB2-RB3,0.0,False,,,,59,sub-HUP163,02,False
RB3-RB4,0.0,False,,,,59,sub-HUP163,02,False
RB4-RB5,0.0,False,,,,59,sub-HUP163,02,False
RB5-RB6,0.0,False,,,,59,sub-HUP163,02,False
RB6-RB7,0.0,False,,,,59,sub-HUP163,02,False
RB7-RB8,0.0,False,,,,59,sub-HUP163,02,False
RE1-RE2,0.0,False,,,,59,sub-HUP163,02,False
RE10-RE11,0.0,False,,,,59,sub-HUP163,02,False
RE11-RE12,0.0,False,,,,59,sub-HUP163,02,False
RE3-RE4,0.0,False,,,,59,sub-HUP163,02,False
RE4-RE5,0.0,False,,,,59,sub-HUP163,02,False
RE5-RE6,0.0,False,,,,59,sub-HUP163,02,False
RE7-RE8,0.0,False,,,,59,sub-HUP163,02,False
RE8-RE9,0.0,False,,,,59,sub-HUP163,02,False
RE9-RE10,0.0,False,,,,59,sub-HUP163,02,False
RB9-RB10,1.0,True,-8.5,-8.0,101.09924586364728,1,sub-HUP163,03,False
RB8-RB9,0.7376167798034935,True,-8.5,-8.0,74.57250017450517,2,sub-HUP163,03,False
LA4-LA5,0.031167869811610405,True,4.0,4.5,42.539149797257025,3,sub-HUP163,03,False
LE2-LE3,0.025877962308615558,True,7.75,8.75,45.1301826745839,4,sub-HUP163,03,False
LL10-LL11,0.020596482116707913,True,-6.25,-5.0,6.76743863069062,5,sub-HUP163,03,False
LA3-LA4,0.020110139733350692,True,3.25,4.5,25.922279505992627,6,sub-HUP163,03,True
LE3-LE4,0.019251570352432943,True,8.0,9.0,34.06058677563362,7,sub-HUP163,03,False
LL11-LL12,0.01792638164181012,True,-6.25,-5.5,5.890116911415537,8,sub-HUP163,03,False
LI9-LI10,0.016729510424775267,True,-6.0,-3.0,5.919693106644817,9,sub-HUP163,03,False
LB3-LB4,0.016021050565000895,True,3.0,4.25,20.246451625811886,10,sub-HUP163,03,True
RB11-RB12,0.014821914787601084,True,-7.75,-5.0,2.622347712742995,11,sub-HUP163,03,False
LA5-LA6,0.014482850166286488,True,5.25,6.25,21.5970271390745,12,sub-HUP163,03,False
LE11-LE12,0.014436205613360538,True,-7.5,-3.0,2.918979001286604,13,sub-HUP163,03,False
LB2-LB3,0.014185068710732723,True,4.25,4.5,19.718871551212594,14,sub-HUP163,03,True
LI8-LI9,0.012937700043032931,True,-6.0,-1.75,4.577971011462472,15,sub-HUP163,03,False
LB1-LB2,0.012670887497568688,True,4.25,4.5,17.61398609337553,16,sub-HUP163,03,True
LB8-LB9,0.012436561045582897,True,-6.5,-5.5,3.771980828536931,17,sub-HUP163,03,False
LA1-LA2,0.011404419041574226,True,3.75,4.25,15.276960681164297,18,sub-HUP163,03,True
LI6-LI7,0.010140047299877109,True,-6.25,-2.25,3.3317411888776873,19,sub-HUP163,03,False
LJ6-LJ7,0.009719947713103812,True,-5.75,-5.0,3.6850476886082943,20,sub-HUP163,03,False
LE7-LE8,0.00914963765492522,True,8.0,9.25,16.187875669674973,21,sub-HUP163,03,False
LE6-LE7,0.008729835747605167,True,8.5,9.25,15.886436590735055,22,sub-HUP163,03,False
LL2-LL3,0.008613970166638563,True,-5.75,-2.75,3.2657470790216805,23,sub-HUP163,03,False
LG7-LG8,0.008300289187870982,True,-6.0,0.25,2.9370354207037956,24,sub-HUP163,03,False
LA6-LA7,0.007721966075128609,True,7.25,8.0,13.07647285856786,25,sub-HUP163,03,False
LG5-LG6,0.007651214062269208,True,-6.0,-3.0,2.7073619007286256,26,sub-HUP163,03,False
LJ7-LJ8,0.007577724517090481,True,-5.5,-1.25,3.0644089361612736,27,sub-HUP163,03,False
LB10-LB11,0.007336939255767839,True,-6.25,-0.25,2.410716833542934,28,sub-HUP163,03,False
LA7-LA8,0.007290131049763364,True,-6.0,-4.25,2.579593629823824,29,sub-HUP163,03,False
LB9-LB10,0.006665783999543317,True,-6.25,-0.5,2.1901936401923368,30,sub-HUP163,03,False
LA2-LA3,0.006641144666161136,True,3.25,4.5,8.5605376471085,31,sub-HUP163,03,True
LG10-LG11,0.006553862987775145,True,-5.25,-1.0,2.816010073620384,32,sub-HUP163,03,False
LB4-LB5,0.006153255709008249,True,5.5,7.75,9.331342676803743,33,sub-HUP163,03,False
LG6-LG7,0.006018313101493051,True,-6.0,-0.75,2.1295642057628945,34,sub-HUP163,03,False
LG1-LG2,0.005985906166210281,True,-4.0,-0.75,3.3284382956792853,35,sub-HUP163,03,False
LI11-LI12,0.0049942844547284475,True,8.5,9.25,9.088531056028492,36,sub-HUP163,03,False
LE1-LE2,0.004591441589312491,True,7.0,8.0,7.659156154756903,37,sub-HUP163,03,False
LH10-LH11,0.004229531807304551,True,-2.5,-0.75,2.993217332523595,38,sub-HUP163,03,False
LI10-LI11,0.0035893856197391793,True,-2.25,0.25,2.6309102997035216,39,sub-HUP163,03,False
LC2-LC3,0.0025831013567304798,True,11.0,12.25,5.353566782673721,40,sub-HUP163,03,False
LB5-LB6,0.002477724289389791,True,3.0,6.25,3.131200713941865,41,sub-HUP163,03,False
LH2-LH3,0.0024685929273831177,True,1.75,2.75,2.8076949371561244,42,sub-HUP163,03,False
LK11-LK12,0.0024417805135398475,True,2.75,4.75,3.0240615639219928,43,sub-HUP163,03,False
LC1-LC2,0.0023299023010004923,True,5.25,6.0,3.4743826421151134,44,sub-HUP163,03,False
LL7-LL8,0.0022737641677966314,True,4.5,6.5,3.218261796904322,45,sub-HUP163,03,False
LC7-LC8,0.0021704857422033988,True,-1.0,0.0,1.86519300940378,46,sub-HUP163,03,False
RB10-RB11,0.0020576481579330052,True,9.25,12.75,3.9005001941203092,47,sub-HUP163,03,False
LL5-LL6,0.0020184377960965104,True,2.75,6.75,2.4997661028484837,48,sub-HUP163,03,False
LD7-LD8,0.002001528063710002,True,11.25,13.75,4.198824289682153,49,sub-HUP163,03,False
LA8-LA9,0.001889261542749623,True,8.0,8.75,3.34255105119561,50,sub-HUP163,03,False
LL6-LL7,0.0018826099027398682,True,3.0,6.75,2.379130517780438,51,sub-HUP163,03,False
LK10-LK11,0.0018142365192376636,True,5.25,5.75,2.705414672719939,52,sub-HUP163,03,False
LC4-LC5,0.0012769021683479295,True,12.0,14.25,2.7755176946250804,53,sub-HUP163,03,False
LF4-LF5,0.001161478528770413,True,18.5,20.5,3.2878888936742046,54,sub-HUP163,03,False
LD2-LD3,0.0011128654115408667,True,20.5,24.0,3.375295615635573,55,sub-HUP163,03,False
LF2-LF3,0.0011054613915070643,True,8.75,9.5,2.0396439624825478,56,sub-HUP163,03,False
LF3-LF4,0.0009497478123823615,True,13.0,19.0,2.160422720831374,57,sub-HUP163,03,False
LC9-LC10,0.0009120655857701027,True,18.5,23.25,2.5818560011872065,58,sub-HUP163,03,False
LC10-LC11,0.0009031339154656445,True,23.5,25.75,3.013103206326168,59,sub-HUP163,03,False
LD5-LD6,0.0007366466053754817,True,18.25,21.25,2.0666650515334863,60,sub-HUP163,03,False
LE4-LE5,0.0006646663140928281,True,20.75,26.75,2.03271720894909,61,sub-HUP163,03,False
LB7-LB8,0.0006542011434639618,True,20.5,21.5,1.984177267420268,62,sub-HUP163,03,False
LK2-LK3,0.0006506313834072415,True,20.75,28.25,1.9897948514802337,63,sub-HUP163,03,False
LB11-LB12,0.0,False,,,,64,sub-HUP163,03,False
LB6-LB7,0.0,False,,,,64,sub-HUP163,03,False
LC11-LC12,0.0,False,,,,64,sub-HUP163,03,False
LC3-LC4,0.0,False,,,,64,sub-HUP163,03,False
LC5-LC6,0.0,False,,,,64,sub-HUP163,03,False
LC6-LC7,0.0,False,,,,64,sub-HUP163,03,False
LC8-LC9,0.0,False,,,,64,sub-HUP163,03,False
LD3-LD4,0.0,False,,,,64,sub-HUP163,03,False
LD4-LD5,0.0,False,,,,64,sub-HUP163,03,False
LD6-LD7,0.0,False,,,,64,sub-HUP163,03,False
LE10-LE11,0.0,False,,,,64,sub-HUP163,03,False
LE5-LE6,0.0,False,,,,64,sub-HUP163,03,False
LE8-LE9,0.0,False,,,,64,sub-HUP163,03,False
LE9-LE10,0.0,False,,,,64,sub-HUP163,03,False
LF1-LF2,0.0,False,,,,64,sub-HUP163,03,False
LF10-LF11,0.0,False,,,,64,sub-HUP163,03,False
LF11-LF12,0.0,False,,,,64,sub-HUP163,03,False
LF5-LF6,0.0,False,,,,64,sub-HUP163,03,False
LF6-LF7,0.0,False,,,,64,sub-HUP163,03,False
LF7-LF8,0.0,False,,,,64,sub-HUP163,03,False
LF8-LF9,0.0,False,,,,64,sub-HUP163,03,False
LF9-LF10,0.0,False,,,,64,sub-HUP163,03,False
LG2-LG3,0.0,False,,,,64,sub-HUP163,03,False
LG3-LG4,0.0,False,,,,64,sub-HUP163,03,False
LG4-LG5,0.0,False,,,,64,sub-HUP163,03,False
LG8-LG9,0.0,False,,,,64,sub-HUP163,03,False
LG9-LG10,0.0,False,,,,64,sub-HUP163,03,False
LH1-LH2,0.0,False,,,,64,sub-HUP163,03,False
LH11-LH12,0.0,False,,,,64,sub-HUP163,03,False
LH3-LH4,0.0,False,,,,64,sub-HUP163,03,False
LH4-LH5,0.0,False,,,,64,sub-HUP163,03,False
LH5-LH6,0.0,False,,,,64,sub-HUP163,03,False
LH6-LH7,0.0,False,,,,64,sub-HUP163,03,False
LH7-LH8,0.0,False,,,,64,sub-HUP163,03,False
LH8-LH9,0.0,False,,,,64,sub-HUP163,03,False
LH9-LH10,0.0,False,,,,64,sub-HUP163,03,False
LI1-LI2,0.0,False,,,,64,sub-HUP163,03,False
LI2-LI3,0.0,False,,,,64,sub-HUP163,03,False
LI3-LI4,0.0,False,,,,64,sub-HUP163,03,False
LI4-LI5,0.0,False,,,,64,sub-HUP163,03,False
LI5-LI6,0.0,False,,,,64,sub-HUP163,03,False
LI7-LI8,0.0,False,,,,64,sub-HUP163,03,False
LJ1-LJ2,0.0,False,,,,64,sub-HUP163,03,False
LJ2-LJ3,0.0,False,,,,64,sub-HUP163,03,False
LJ3-LJ4,0.0,False,,,,64,sub-HUP163,03,False
LJ4-LJ5,0.0,False,,,,64,sub-HUP163,03,False
LJ5-LJ6,0.0,False,,,,64,sub-HUP163,03,False
LJ8-LJ9,0.0,False,,,,64,sub-HUP163,03,False
LK1-LK2,0.0,False,,,,64,sub-HUP163,03,False
LK3-LK4,0.0,False,,,,64,sub-HUP163,03,False
LK4-LK5,0.0,False,,,,64,sub-HUP163,03,False
LK5-LK6,0.0,False,,,,64,sub-HUP163,03,False
LK6-LK7,0.0,False,,,,64,sub-HUP163,03,False
LK7-LK8,0.0,False,,,,64,sub-HUP163,03,False
LK8-LK9,0.0,False,,,,64,sub-HUP163,03,False
LK9-LK10,0.0,False,,,,64,sub-HUP163,03,False
LL1-LL2,0.0,False,,,,64,sub-HUP163,03,False
LL3-LL4,0.0,False,,,,64,sub-HUP163,03,False
LL4-LL5,0.0,False,,,,64,sub-HUP163,03,False
LL8-LL9,0.0,False,,,,64,sub-HUP163,03,False
LL9-LL10,0.0,False,,,,64,sub-HUP163,03,False
RB1-RB2,0.0,False,,,,64,sub-HUP163,03,False
RB2-RB3,0.0,False,,,,64,sub-HUP163,03,False
RB3-RB4,0.0,False,,,,64,sub-HUP163,03,False
RB4-RB5,0.0,False,,,,64,sub-HUP163,03,False
RB5-RB6,0.0,False,,,,64,sub-HUP163,03,False
RB6-RB7,0.0,False,,,,64,sub-HUP163,03,False
RB7-RB8,0.0,False,,,,64,sub-HUP163,03,False
RE1-RE2,0.0,False,,,,64,sub-HUP163,03,False
RE10-RE11,0.0,False,,,,64,sub-HUP163,03,False
RE11-RE12,0.0,False,,,,64,sub-HUP163,03,False
RE2-RE3,0.0,False,,,,64,sub-HUP163,03,False
RE3-RE4,0.0,False,,,,64,sub-HUP163,03,False
RE4-RE5,0.0,False,,,,64,sub-HUP163,03,False
RE5-RE6,0.0,False,,,,64,sub-HUP163,03,False
RE6-RE7,0.0,False,,,,64,sub-HUP163,03,False
RE7-RE8,0.0,False,,,,64,sub-HUP163,03,False
RE8-RE9,0.0,False,,,,64,sub-HUP163,03,False
RE9-RE10,0.0,False,,,,64,sub-HUP163,03,False
LM2-LM3,1.0,True,0.75,1.75,124.36820015757806,1,sub-HUP164,01,False
LM4-LM5,0.2338608443631256,True,-8.5,-4.75,2.8375465659291135,2,sub-HUP164,01,False
LM10-LM11,0.18540147730490603,True,-8.5,-7.75,2.249565662338265,3,sub-HUP164,01,False
LC1-LC2,0.1754537124200093,True,-8.25,-6.5,2.661080783492909,4,sub-HUP164,01,True
LA2-LA3,0.15830177227668318,True,12.75,13.5,42.736728743481045,5,sub-HUP164,01,True
LB3-LB4,0.15459855072943024,True,-8.25,-6.5,2.344773597706008,6,sub-HUP164,01,True
LM5-LM6,0.14894434736230636,True,-7.25,-6.75,4.066230820630643,7,sub-HUP164,01,False
LM3-LM4,0.11971496928594448,True,-7.0,-6.5,3.63139884439333,8,sub-HUP164,01,False
LM6-LM7,0.08492994594526378,True,0.25,2.5,10.04733649148832,9,sub-HUP164,01,False
LM1-LM2,0.07428766816403516,True,-6.25,-4.25,2.9294465020740983,10,sub-HUP164,01,False
RC3-RC4,0.06933937757926567,True,-5.75,-4.25,3.154980581553656,11,sub-HUP164,01,False
LA5-LA6,0.061228446662432025,True,0.25,1.75,7.243414553272844,12,sub-HUP164,01,False
LC2-LC3,0.06038246495352331,True,1.5,4.75,8.059145693739026,13,sub-HUP164,01,True
LK1-LK2,0.05690750124997986,True,1.5,2.5,7.595348152700128,14,sub-HUP164,01,False
LM7-LM8,0.05642579099916344,True,1.75,3.0,7.702215441622272,15,sub-HUP164,01,False
RC4-RC5,0.052228785576976515,True,-4.75,-3.75,3.0101561247284923,16,sub-HUP164,01,False
LC3-LC4,0.04679365321072464,True,0.0,2.25,5.393814933838938,17,sub-HUP164,01,True
RB11-RB12,0.043922954298065135,True,-4.25,-3.0,2.7979266879202993,18,sub-HUP164,01,False
LH9-LH10,0.039829998095667785,True,2.25,3.25,5.678500079160592,19,sub-HUP164,01,False
RC2-RC3,0.03870228918232123,True,-5.0,-2.5,2.1131710452805144,20,sub-HUP164,01,False
LC7-LC8,0.03851342250584324,True,-2.5,-2.0,3.2711136851434715,21,sub-HUP164,01,False
RB10-RB11,0.035916648533318475,True,-4.25,-3.0,2.2879187221805806,22,sub-HUP164,01,False
LE11-LE12,0.035110823821600405,True,-4.0,-3.0,2.343091200593407,23,sub-HUP164,01,False
LC9-LC10,0.03371326153162796,True,-2.5,-2.0,2.863414986040193,24,sub-HUP164,01,False
LF10-LF11,0.03371087591844355,True,6.75,7.75,6.646742991251154,25,sub-HUP164,01,False
LA7-LA8,0.03297115827011711,True,-1.0,0.0,3.400467384868628,26,sub-HUP164,01,False
LK2-LK3,0.032317490072816105,True,-0.5,2.75,3.5291134307998844,27,sub-HUP164,01,False
LB2-LB3,0.03136902658295356,True,0.0,3.5,3.615847715098827,28,sub-HUP164,01,True
LI3-LI4,0.030532979445827245,True,1.75,4.25,4.167803084406431,29,sub-HUP164,01,False
RC7-RC8,0.029869015268947936,True,-4.0,-3.5,1.9932835299639506,30,sub-HUP164,01,False
LG1-LG2,0.029853886578610572,True,1.75,3.5,4.075105765050299,31,sub-HUP164,01,False
LE3-LE4,0.029311779683539176,True,-3.25,-0.5,2.222837367473921,32,sub-HUP164,01,False
LH1-LH2,0.02866967989423529,True,1.75,4.5,3.9134595594950623,33,sub-HUP164,01,False
LE10-LE11,0.02558029756270228,True,5.25,6.25,4.578077035969395,34,sub-HUP164,01,False
LI1-LI2,0.025567131559720468,True,1.75,3.0,3.4899564899353672,35,sub-HUP164,01,False
LA1-LA2,0.024932544221011703,True,-0.75,12.25,2.6470377500994084,36,sub-HUP164,01,True
LA4-LA5,0.024039181121047814,True,0.25,3.0,2.8438701922483682,37,sub-HUP164,01,False
LI2-LI3,0.02323306164224826,True,2.0,3.25,3.2418265070106855,38,sub-HUP164,01,False
LD3-LD4,0.022529702199724725,True,0.0,1.25,2.5969556946660406,39,sub-HUP164,01,False
LB1-LB2,0.022282103138389124,True,13.0,13.75,6.083089162786046,40,sub-HUP164,01,True
LM8-LM9,0.02212073990251019,True,1.0,4.5,2.8182170128981134,41,sub-HUP164,01,False
LF2-LF3,0.021720283673204863,True,2.75,7.0,3.2283979702457883,42,sub-HUP164,01,False
LC5-LC6,0.02109341746370956,True,0.25,14.0,2.4953820546396424,43,sub-HUP164,01,False
RA10-RA11,0.0204292625943646,True,13.25,14.75,5.63922698453895,44,sub-HUP164,01,False
LI4-LI5,0.020288979879565846,True,0.0,5.5,2.3386719171923636,45,sub-HUP164,01,False
LL5-LL6,0.020018170716238667,True,7.0,9.0,4.0076871931731395,46,sub-HUP164,01,False
LE6-LE7,0.019804796561603118,True,5.0,9.0,3.4843668381830986,47,sub-HUP164,01,False
LG9-LG10,0.019769860138650633,True,6.25,9.75,3.7780668570023073,48,sub-HUP164,01,False
LB4-LB5,0.019200095956854138,True,7.25,10.25,3.9021476160841857,49,sub-HUP164,01,False
LA6-LA7,0.01893538635443906,True,1.75,6.5,2.584712107525554,50,sub-HUP164,01,False
LG7-LG8,0.01877744052794487,True,7.25,10.5,3.8162488852627616,51,sub-HUP164,01,False
LC4-LC5,0.018492346811419695,True,2.0,7.5,2.5803306078730674,52,sub-HUP164,01,False
LG2-LG3,0.018377728088436938,True,2.0,7.25,2.5643372781911316,53,sub-HUP164,01,False
LM9-LM10,0.01797311374655156,True,5.5,10.5,3.271147035930793,54,sub-HUP164,01,False
LF9-LF10,0.01787640497552146,True,1.5,3.0,2.3859336032223752,55,sub-HUP164,01,False
LJ2-LJ3,0.017790157569931395,True,6.0,8.75,3.3457768879148526,56,sub-HUP164,01,False
LH2-LH3,0.017558080550788547,True,1.0,3.0,2.236927044038552,57,sub-HUP164,01,False
LH11-LH12,0.01750003509670535,True,2.25,6.0,2.4949524336724265,58,sub-HUP164,01,False
LF8-LF9,0.01722113677065163,True,1.5,8.0,2.298476061772461,59,sub-HUP164,01,False
LA3-LA4,0.017103249578740817,True,7.0,9.5,3.4241127858281493,60,sub-HUP164,01,True
LB6-LB7,0.016929847037839785,True,7.75,9.75,3.543460676773352,61,sub-HUP164,01,False
LA9-LA10,0.0169192162269793,True,6.25,8.5,3.233302088396516,62,sub-HUP164,01,False
LA8-LA9,0.01686348477959902,True,6.25,7.75,3.2226516774799223,63,sub-HUP164,01,False
LM11-LM12,0.016677015074618984,True,5.5,10.5,3.03525416902121,64,sub-HUP164,01,False
LL4-LL5,0.016113190161194935,True,5.0,7.75,2.8348822104972515,65,sub-HUP164,01,False
LD2-LD3,0.01610600941596246,True,4.75,8.75,2.784763364846405,66,sub-HUP164,01,False
LF11-LF12,0.015928103173268933,True,2.0,7.75,2.222528733776795,67,sub-HUP164,01,False
LB5-LB6,0.015743195472969145,True,7.0,9.0,3.151826596496069,68,sub-HUP164,01,False
LC10-LC11,0.015643961260192685,True,6.5,10.5,3.037051793584454,69,sub-HUP164,01,False
LD1-LD2,0.015524343932990802,True,11.5,14.75,3.955651608296481,70,sub-HUP164,01,False
LG5-LG6,0.014595321729785575,True,2.0,3.5,2.0365590033096135,71,sub-HUP164,01,False
LL3-LL4,0.01434843945438313,True,6.5,9.5,2.785544725871783,72,sub-HUP164,01,False
LH3-LH4,0.014313257718323208,True,2.25,7.75,2.040618603378359,73,sub-HUP164,01,False
LH5-LH6,0.014129941226972633,True,2.25,7.75,2.014483460008646,74,sub-HUP164,01,False
LF7-LF8,0.014032089542654539,True,12.25,15.5,3.7031140906264106,75,sub-HUP164,01,False
RB2-RB3,0.013992979891890748,True,2.0,12.0,1.9525112025316864,76,sub-HUP164,01,False
RB3-RB4,0.013745085869027604,True,10.0,12.25,3.2521274161536873,77,sub-HUP164,01,False
LF3-LF4,0.013657256969873842,True,1.5,8.0,1.8228110392936805,78,sub-HUP164,01,False
RC6-RC7,0.013550311488837152,True,13.5,15.25,3.781486886160805,79,sub-HUP164,01,False
LD4-LD5,0.01312719790726279,True,14.0,16.5,3.743047849337274,80,sub-HUP164,01,False
RC5-RC6,0.012875717861266893,True,13.75,16.25,3.632284795640404,81,sub-HUP164,01,False
RA5-RA6,0.0128024784314097,True,11.75,15.25,3.300946390390346,82,sub-HUP164,01,False
LG10-LG11,0.012773833026855903,True,8.75,11.25,2.8285873037667124,83,sub-HUP164,01,False
LG11-LG12,0.012707632134191462,True,6.75,12.0,2.505552363209991,84,sub-HUP164,01,False
LG8-LG9,0.012617388044362408,True,8.5,12.75,2.7556715270056324,85,sub-HUP164,01,False
LE4-LE5,0.01254844928637038,True,11.0,15.5,3.1212561050290577,86,sub-HUP164,01,False
RA3-RA4,0.012185748431531132,True,6.5,11.5,2.365689131711308,87,sub-HUP164,01,False
LE2-LE3,0.012178637556647075,True,6.75,15.75,2.401250979608762,88,sub-HUP164,01,False
LC8-LC9,0.012155006963849125,True,2.25,12.5,1.7329201934840714,89,sub-HUP164,01,False
LJ5-LJ6,0.012026917310420307,True,12.75,16.5,3.2469068117402045,90,sub-HUP164,01,False
LE5-LE6,0.011990270044795812,True,13.75,16.75,3.3824968866667255,91,sub-HUP164,01,False
LG4-LG5,0.011778417668990081,True,5.25,10.0,2.1079701406242495,92,sub-HUP164,01,False
LE1-LE2,0.011669786726865236,True,9.75,11.0,2.7257067951490925,93,sub-HUP164,01,False
RA11-RA12,0.01163870297273113,True,13.25,15.25,3.212709590749692,94,sub-HUP164,01,False
RA2-RA3,0.011637312520512954,True,8.75,10.5,2.5769206765332546,95,sub-HUP164,01,False
LC6-LC7,0.01161766097460806,True,13.75,15.25,3.2773825718810556,96,sub-HUP164,01,False
LJ6-LJ7,0.01153596769514935,True,12.0,15.0,3.009386545894274,97,sub-HUP164,01,False
LB7-LB8,0.011518885135799463,True,7.0,15.5,2.3061092390888547,98,sub-HUP164,01,False
LH10-LH11,0.011499232142257537,True,2.5,8.75,1.674308844558135,99,sub-HUP164,01,False
RB4-RB5,0.011385148456666447,True,11.25,15.0,2.8664362203132194,100,sub-HUP164,01,False
LD9-LD10,0.011169187151670985,True,8.75,11.25,2.473260837541025,101,sub-HUP164,01,False
RB9-RB10,0.01091628895847225,True,13.5,17.25,3.0464099350049194,102,sub-HUP164,01,False
LF4-LF5,0.010752581169444369,True,2.75,10.0,1.5982116875002694,103,sub-HUP164,01,False
LA11-LA12,0.010745278272786686,True,6.5,16.25,2.086042410113263,104,sub-HUP164,01,False
RC9-RC10,0.010723047349067275,True,14.5,18.25,3.122589890360161,105,sub-HUP164,01,False
LF5-LF6,0.010632545189979824,True,7.5,12.75,2.193166696811939,106,sub-HUP164,01,False
LA10-LA11,0.010627158986445633,True,9.25,15.25,2.417708480364649,107,sub-HUP164,01,False
LL1-LL2,0.010548956805289302,True,13.5,16.5,2.9438985114652585,108,sub-HUP164,01,False
LB11-LB12,0.010284176095747605,True,6.5,14.5,1.9965260037178034,109,sub-HUP164,01,False
LH7-LH8,0.010283583319461059,True,2.25,13.75,1.4661142727989662,110,sub-HUP164,01,False
LL6-LL7,0.010046590550599305,True,12.75,16.0,2.712278005374069,111,sub-HUP164,01,False
RA9-RA10,0.010044062002597713,True,13.75,15.25,2.833464828260495,112,sub-HUP164,01,False
RB5-RB6,0.009979156219799914,True,12.0,16.0,2.6032613180661497,113,sub-HUP164,01,False
LJ4-LJ5,0.009951740612345966,True,13.5,17.5,2.7772333241978977,114,sub-HUP164,01,False
LJ1-LJ2,0.009869667701773681,True,13.5,17.25,2.754329228207646,115,sub-HUP164,01,False
RC8-RC9,0.009772808656657965,True,12.0,16.5,2.5494314533588693,116,sub-HUP164,01,False
RA4-RA5,0.009568026678525271,True,5.75,15.5,1.770425699540013,117,sub-HUP164,01,False
LH8-LH9,0.009398124352274509,True,15.0,18.0,2.793783547167061,118,sub-HUP164,01,False
LF6-LF7,0.009217029377965253,True,6.75,13.0,1.8173133669489971,119,sub-HUP164,01,False
LI11-LI12,0.009075176167374115,True,14.75,19.75,2.6702522591897266,120,sub-HUP164,01,False
LC11-LC12,0.008736556626507042,True,9.25,16.25,1.9875911400245905,121,sub-HUP164,01,False
LK7-LK8,0.008698940718881268,True,11.75,17.75,2.2429045375902965,122,sub-HUP164,01,False
RC1-RC2,0.00854750747060948,True,8.5,16.75,1.86679864967383,123,sub-HUP164,01,False
LD7-LD8,0.008374025271595734,True,15.0,23.5,2.4893492733667957,124,sub-HUP164,01,False
LE8-LE9,0.008108654692865223,True,13.5,16.0,2.2628831382021244,125,sub-HUP164,01,False
LK5-LK6,0.008048559044349835,True,11.75,21.0,2.0752123948210186,126,sub-HUP164,01,False
RC11-RC12,0.005943539075566354,True,14.25,20.5,1.7127509622553696,127,sub-HUP164,01,False
LB10-LB11,0.0,False,,,,128,sub-HUP164,01,False
LB8-LB9,0.0,False,,,,128,sub-HUP164,01,False
LB9-LB10,0.0,False,,,,128,sub-HUP164,01,False
LD5-LD6,0.0,False,,,,128,sub-HUP164,01,False
LD6-LD7,0.0,False,,,,128,sub-HUP164,01,False
LD8-LD9,0.0,False,,,,128,sub-HUP164,01,False
LE7-LE8,0.0,False,,,,128,sub-HUP164,01,False
LE9-LE10,0.0,False,,,,128,sub-HUP164,01,False
LF1-LF2,0.0,False,,,,128,sub-HUP164,01,False
LG3-LG4,0.0,False,,,,128,sub-HUP164,01,False
LG6-LG7,0.0,False,,,,128,sub-HUP164,01,False
LH4-LH5,0.0,False,,,,128,sub-HUP164,01,False
LH6-LH7,0.0,False,,,,128,sub-HUP164,01,False
LI10-LI11,0.0,False,,,,128,sub-HUP164,01,False
LI5-LI6,0.0,False,,,,128,sub-HUP164,01,False
LI6-LI7,0.0,False,,,,128,sub-HUP164,01,False
LI7-LI8,0.0,False,,,,128,sub-HUP164,01,False
LI8-LI9,0.0,False,,,,128,sub-HUP164,01,False
LI9-LI10,0.0,False,,,,128,sub-HUP164,01,False
LJ3-LJ4,0.0,False,,,,128,sub-HUP164,01,False
LK3-LK4,0.0,False,,,,128,sub-HUP164,01,False
LK4-LK5,0.0,False,,,,128,sub-HUP164,01,False
LK6-LK7,0.0,False,,,,128,sub-HUP164,01,False
LL2-LL3,0.0,False,,,,128,sub-HUP164,01,False
RA1-RA2,0.0,False,,,,128,sub-HUP164,01,False
RA6-RA7,0.0,False,,,,128,sub-HUP164,01,False
RA7-RA8,0.0,False,,,,128,sub-HUP164,01,False
RA8-RA9,0.0,False,,,,128,sub-HUP164,01,False
RB1-RB2,0.0,False,,,,128,sub-HUP164,01,False
RB6-RB7,0.0,False,,,,128,sub-HUP164,01,False
RB7-RB8,0.0,False,,,,128,sub-HUP164,01,False
RB8-RB9,0.0,False,,,,128,sub-HUP164,01,False
RC10-RC11,0.0,False,,,,128,sub-HUP164,01,False
LM2-LM3,1.0,True,2.75,3.75,71.4437859648699,1,sub-HUP164,02,False
LM1-LM2,0.8661592042425406,True,2.25,3.5,59.54653458056059,2,sub-HUP164,02,False
LC5-LC6,0.8426523764553826,True,-9.5,-9.0,4.5435680019824405,3,sub-HUP164,02,False
LM3-LM4,0.38251119367086844,True,3.0,3.75,27.843671394124055,4,sub-HUP164,02,False
LM6-LM7,0.30856058598110614,True,-8.75,-6.5,2.911568966683073,5,sub-HUP164,02,False
LC3-LC4,0.20500646212861487,True,0.5,2.5,12.15930685426805,6,sub-HUP164,02,True
LI3-LI4,0.1978057465968791,True,2.0,2.75,13.332067379706345,7,sub-HUP164,02,False
LA5-LA6,0.19592091907270032,True,-7.75,-6.5,2.9051066847354075,8,sub-HUP164,02,False
LM4-LM5,0.1618958470819054,True,2.75,4.0,11.56645224752096,9,sub-HUP164,02,False
LE6-LE7,0.15032232489213418,True,2.0,4.25,10.131694344655916,10,sub-HUP164,02,False
LI4-LI5,0.13655590388013278,True,2.0,4.0,9.203840348161844,11,sub-HUP164,02,False
LC10-LC11,0.13595770969069673,True,-5.0,-4.75,4.031949759455722,12,sub-HUP164,02,False
LM7-LM8,0.12591133693830034,True,3.0,4.0,9.165310580483197,13,sub-HUP164,02,False
LH9-LH10,0.12545801424496622,True,3.0,4.5,9.132312413847702,14,sub-HUP164,02,False
LI1-LI2,0.12470505823758991,True,1.0,4.0,7.732688085194312,15,sub-HUP164,02,False
LE5-LE6,0.12111444009512064,True,3.0,4.5,8.816135911550685,16,sub-HUP164,02,False
LI2-LI3,0.12059357046737815,True,3.0,4.0,8.778220883195932,17,sub-HUP164,02,False
LD2-LD3,0.11827981580753387,True,2.5,3.5,8.290917130470183,18,sub-HUP164,02,False
LM8-LM9,0.11473165264467634,True,-5.0,-4.75,3.4024716975231177,19,sub-HUP164,02,False
LA8-LA9,0.10690402958944377,True,-6.0,-4.75,2.593911602978606,20,sub-HUP164,02,False
LC1-LC2,0.10548520124367797,True,1.0,3.25,6.540906763118295,21,sub-HUP164,02,True
LC8-LC9,0.10210211599964772,True,-5.0,-4.5,3.02793128084644,22,sub-HUP164,02,False
LE3-LE4,0.09659036015141043,True,2.0,4.75,6.510170770685912,23,sub-HUP164,02,False
LC9-LC10,0.09494246507566473,True,-5.0,-4.75,2.8156053091423474,24,sub-HUP164,02,False
LA1-LA2,0.09157918011935935,True,-3.75,1.0,3.3331058541267176,25,sub-HUP164,02,True
LC7-LC8,0.09151192660345603,True,-5.5,-4.5,2.4671541499963006,26,sub-HUP164,02,False
RB1-RB2,0.09029368052112063,True,29.25,30.0,19.352767155393856,27,sub-HUP164,02,False
LH3-LH4,0.08899093988101,True,1.75,4.0,5.8780119513566556,28,sub-HUP164,02,False
LJ2-LJ3,0.08887849601643573,True,1.75,4.25,5.870584831464359,29,sub-HUP164,02,False
LM9-LM10,0.08832899722796937,True,-5.0,-4.25,2.61947689422313,30,sub-HUP164,02,False
LH11-LH12,0.08791470842947542,True,1.75,4.25,5.806924924486226,31,sub-HUP164,02,False
LB3-LB4,0.0863934552061103,True,-5.0,1.5,2.562076631985665,32,sub-HUP164,02,True
LF3-LF4,0.0843032332233834,True,2.75,6.0,6.022942150557913,33,sub-HUP164,02,False
LG7-LG8,0.08387925841212188,True,4.0,6.0,6.5579962928959175,34,sub-HUP164,02,False
RA4-RA5,0.083364099674581,True,-5.25,-4.75,2.3598638637811655,35,sub-HUP164,02,False
LE2-LE3,0.08265328963130576,True,2.0,4.25,5.570815031803217,36,sub-HUP164,02,False
LC2-LC3,0.08144327281172298,True,1.0,4.75,5.050119331090665,37,sub-HUP164,02,True
LB4-LB5,0.07962465435705364,True,-5.0,2.25,2.361341675378602,38,sub-HUP164,02,False
LC6-LC7,0.0789196733552994,True,-5.5,-5.0,2.127668019476776,39,sub-HUP164,02,False
LH2-LH3,0.07859040964783744,True,3.0,4.25,5.720735960597422,40,sub-HUP164,02,False
LG11-LG12,0.07766078156351137,True,3.0,4.5,5.653066675810438,41,sub-HUP164,02,False
LF4-LF5,0.07729402527013297,True,2.75,4.5,5.522177797762626,42,sub-HUP164,02,False
LH1-LH2,0.0750292713104773,True,2.25,4.0,5.158096891149069,43,sub-HUP164,02,False
LD4-LD5,0.0745178579308829,True,-5.5,-4.5,2.0089954311602196,44,sub-HUP164,02,False
LH10-LH11,0.07322611901470939,True,1.0,4.5,4.540591584916028,45,sub-HUP164,02,False
LH4-LH5,0.06975010023910123,True,2.75,4.25,4.983211232510571,46,sub-HUP164,02,False
LF10-LF11,0.06947419914156382,True,0.0,2.25,3.933339474889182,47,sub-HUP164,02,False
LD1-LD2,0.06899449251043385,True,0.75,2.75,4.185193377455877,48,sub-HUP164,02,False
LE7-LE8,0.0684065452951351,True,3.0,4.75,4.97943432746675,49,sub-HUP164,02,False
LG1-LG2,0.0680295714424535,True,3.0,5.0,4.951993728990369,50,sub-HUP164,02,False
LC4-LC5,0.06802565086177341,True,0.0,4.25,3.8513287111728176,51,sub-HUP164,02,False
LG6-LG7,0.06640029330607082,True,3.75,4.75,5.1019176518664136,52,sub-HUP164,02,False
LK1-LK2,0.06584445497684825,True,0.5,4.5,3.905354613715778,53,sub-HUP164,02,False
LM11-LM12,0.06528641256492553,True,-2.5,6.25,2.8161862555186308,54,sub-HUP164,02,False
LG2-LG3,0.06484659998691901,True,3.0,4.0,4.72029956492092,55,sub-HUP164,02,False
RC8-RC9,0.06324274176497444,True,3.75,4.5,4.859304748487495,56,sub-HUP164,02,False
LA4-LA5,0.06017301302997655,True,0.0,3.75,3.4067450995952613,57,sub-HUP164,02,False
RA2-RA3,0.05959813887861675,True,29.0,29.75,12.69341198331813,58,sub-HUP164,02,False
LG8-LG9,0.0588694798540185,True,3.0,5.0,4.285214339658506,59,sub-HUP164,02,False
RB5-RB6,0.05861623193119825,True,29.25,30.0,12.563296584479101,60,sub-HUP164,02,False
LG9-LG10,0.05701155400055379,True,2.75,4.75,4.073121261540188,61,sub-HUP164,02,False
LF9-LF10,0.05542498647391895,True,-0.25,4.5,3.063218975484669,62,sub-HUP164,02,False
LL6-LL7,0.055166464142855955,True,2.75,5.25,3.9413010566608713,63,sub-HUP164,02,False
RA3-RA4,0.054385781568690006,True,3.0,4.75,3.958837951848781,64,sub-HUP164,02,False
LB2-LB3,0.05404036896737373,True,0.75,5.25,3.278078960915926,65,sub-HUP164,02,True
LA7-LA8,0.05396931044882232,True,-1.25,0.25,2.691765263810553,66,sub-HUP164,02,False
LB1-LB2,0.05353137253733402,True,-1.5,1.25,2.5977626639748723,67,sub-HUP164,02,True
LM5-LM6,0.05253425190143906,True,-2.75,-1.0,2.1952947416754744,68,sub-HUP164,02,False
LF8-LF9,0.05244444001752057,True,-0.25,4.25,2.898490627434474,69,sub-HUP164,02,False
LF2-LF3,0.05191709236784376,True,4.0,5.5,4.059073789296291,70,sub-HUP164,02,False
LH5-LH6,0.05039393803826425,True,2.75,5.5,3.6003337231326675,71,sub-HUP164,02,False
LI5-LI6,0.0496225830630646,True,3.75,4.75,3.812789369674514,72,sub-HUP164,02,False
LK7-LK8,0.049432495981325986,True,6.0,8.5,4.397897127010256,73,sub-HUP164,02,False
LH7-LH8,0.04883888627525425,True,2.75,5.0,3.4892349378118874,74,sub-HUP164,02,False
RB11-RB12,0.04860561846708713,True,4.0,5.0,3.800170289476541,75,sub-HUP164,02,False
LF11-LF12,0.04769198361071095,True,-1.5,5.0,2.3143896470878076,76,sub-HUP164,02,False
LD3-LD4,0.04723250788172562,True,2.75,6.25,3.374469183686036,77,sub-HUP164,02,False
LE4-LE5,0.04690210910454242,True,2.25,5.5,3.224416536838889,78,sub-HUP164,02,False
LL4-LL5,0.046814391950213544,True,2.75,5.0,3.3445973985665853,79,sub-HUP164,02,False
LD9-LD10,0.046790021079036646,True,4.0,4.5,3.6582200485513554,80,sub-HUP164,02,False
LE10-LE11,0.04629317554077629,True,4.0,6.25,3.6193747933627085,81,sub-HUP164,02,False
LH6-LH7,0.0452177743283849,True,4.0,6.5,3.535295876861233,82,sub-HUP164,02,False
RC11-RC12,0.04484212398214007,True,2.75,5.0,3.203691107990175,83,sub-HUP164,02,False
LI6-LI7,0.04454738581438719,True,3.75,4.25,3.4228326821283197,84,sub-HUP164,02,False
LE1-LE2,0.044157803181732624,True,2.75,4.25,3.154800639194557,85,sub-HUP164,02,False
LJ6-LJ7,0.043813516466143045,True,5.5,7.25,3.779868368634478,86,sub-HUP164,02,False
LD6-LD7,0.04377455068437069,True,2.75,5.25,3.127419629802529,87,sub-HUP164,02,False
LL5-LL6,0.04368960437941886,True,4.0,4.75,3.4158177955101237,88,sub-HUP164,02,False
LA6-LA7,0.043046729715547766,True,4.0,7.5,3.3655554333687094,89,sub-HUP164,02,False
RC2-RC3,0.042672872160066426,True,21.5,22.75,7.362925995737458,90,sub-HUP164,02,False
RB2-RB3,0.042670175809065465,True,4.25,4.75,3.3936342556148738,91,sub-HUP164,02,False
RA1-RA2,0.04227830863279485,True,-2.5,5.0,1.8237116576109327,92,sub-HUP164,02,False
LE9-LE10,0.041780447757295655,True,4.25,8.0,3.322872616193036,93,sub-HUP164,02,False
LG4-LG5,0.041693351304577186,True,4.25,8.0,3.3159456818675133,94,sub-HUP164,02,False
LF5-LF6,0.04106024130460371,True,2.5,6.25,2.8781500519710366,95,sub-HUP164,02,False
LE8-LE9,0.04075238457963088,True,4.0,7.75,3.1861748906600447,96,sub-HUP164,02,False
LA2-LA3,0.04025890999987664,True,8.0,12.0,4.015894759274546,97,sub-HUP164,02,True
LG5-LG6,0.03968244627393119,True,3.25,5.75,2.9420477528046307,98,sub-HUP164,02,False
LB5-LB6,0.039623779461426145,True,0.0,5.5,2.2433331772901166,99,sub-HUP164,02,False
RA5-RA6,0.03960549051796526,True,29.0,29.75,8.435310521522126,100,sub-HUP164,02,False
RB4-RB5,0.0392925519231665,True,1.0,5.25,2.436445260418174,101,sub-HUP164,02,False
LJ3-LJ4,0.03884831403510099,True,3.25,17.25,2.880205373888479,102,sub-HUP164,02,False
LH8-LH9,0.038441732300157516,True,2.75,7.75,2.7464228945712796,103,sub-HUP164,02,False
LE11-LE12,0.03819857769677586,True,3.25,6.5,2.832034066079244,104,sub-HUP164,02,False
LA3-LA4,0.03778134304592829,True,0.75,5.75,2.2918094032403435,105,sub-HUP164,02,True
LJ1-LJ2,0.037442744461896334,True,4.0,6.0,2.927414762902572,106,sub-HUP164,02,False
LL2-LL3,0.03644490296791855,True,3.0,5.75,2.652889429172131,107,sub-HUP164,02,False
RB10-RB11,0.03590988345152796,True,4.0,5.25,2.807569916705556,108,sub-HUP164,02,False
RB3-RB4,0.03583006299756976,True,3.75,6.25,2.7530304728047588,109,sub-HUP164,02,False
LF7-LF8,0.035429892806838975,True,4.0,7.75,2.7700424405680204,110,sub-HUP164,02,False
LJ5-LJ6,0.03530213068511973,True,3.75,8.25,2.7124663871694144,111,sub-HUP164,02,False
LF6-LF7,0.03457075522096144,True,3.75,8.5,2.656270590359733,112,sub-HUP164,02,False
LG10-LG11,0.03359472945913844,True,6.75,7.75,3.124703615298516,113,sub-HUP164,02,False
RC5-RC6,0.032948326099244356,True,22.25,23.5,5.81826157855292,114,sub-HUP164,02,False
LI7-LI8,0.03264966915425153,True,3.75,6.75,2.5086624635503623,115,sub-HUP164,02,False
RC9-RC10,0.03024796463539914,True,4.25,12.0,2.4056739163354757,116,sub-HUP164,02,False
LL3-LL4,0.029287557658058638,True,3.25,10.25,2.1713730196525853,117,sub-HUP164,02,False
LJ4-LJ5,0.02918598920898465,True,5.5,15.5,2.517926117699263,118,sub-HUP164,02,False
LK5-LK6,0.02861771460054279,True,6.25,10.25,2.5846297686899824,119,sub-HUP164,02,False
LK6-LK7,0.028154192273418515,True,6.0,9.75,2.504814674123204,120,sub-HUP164,02,False
LA9-LA10,0.025964714979963704,True,11.5,14.0,3.0800291224665903,121,sub-HUP164,02,False
LK2-LK3,0.02040709652387303,True,12.75,20.25,2.5583075843035923,122,sub-HUP164,02,False
RC4-RC5,0.01956212663115106,True,20.5,24.5,3.2698387946915304,123,sub-HUP164,02,False
RC7-RC8,0.017885099995860857,True,21.75,24.0,3.1100664911760503,124,sub-HUP164,02,False
RB7-RB8,0.017827972419692754,True,20.75,23.0,3.004004353160691,125,sub-HUP164,02,False
RC10-RC11,0.016822350194331672,True,22.0,23.5,2.9479398164582937,126,sub-HUP164,02,False
RB8-RB9,0.016097885201590282,True,21.0,23.25,2.7341854145002324,127,sub-HUP164,02,False
RA7-RA8,0.01411158775777044,True,20.5,23.25,2.3587730503478883,128,sub-HUP164,02,False
RC6-RC7,0.01144445876619246,True,22.25,27.5,2.020948030139773,129,sub-HUP164,02,False
LA10-LA11,0.0,False,,,,130,sub-HUP164,02,False
LA11-LA12,0.0,False,,,,130,sub-HUP164,02,False
LB10-LB11,0.0,False,,,,130,sub-HUP164,02,False
LB11-LB12,0.0,False,,,,130,sub-HUP164,02,False
LB6-LB7,0.0,False,,,,130,sub-HUP164,02,False
LB7-LB8,0.0,False,,,,130,sub-HUP164,02,False
LB8-LB9,0.0,False,,,,130,sub-HUP164,02,False
LB9-LB10,0.0,False,,,,130,sub-HUP164,02,False
LC11-LC12,0.0,False,,,,130,sub-HUP164,02,False
LD5-LD6,0.0,False,,,,130,sub-HUP164,02,False
LD7-LD8,0.0,False,,,,130,sub-HUP164,02,False
LD8-LD9,0.0,False,,,,130,sub-HUP164,02,False
LF1-LF2,0.0,False,,,,130,sub-HUP164,02,False
LG3-LG4,0.0,False,,,,130,sub-HUP164,02,False
LI10-LI11,0.0,False,,,,130,sub-HUP164,02,False
LI11-LI12,0.0,False,,,,130,sub-HUP164,02,False
LI8-LI9,0.0,False,,,,130,sub-HUP164,02,False
LI9-LI10,0.0,False,,,,130,sub-HUP164,02,False
LK3-LK4,0.0,False,,,,130,sub-HUP164,02,False
LK4-LK5,0.0,False,,,,130,sub-HUP164,02,False
LL1-LL2,0.0,False,,,,130,sub-HUP164,02,False
LM10-LM11,0.0,False,,,,130,sub-HUP164,02,False
RA10-RA11,0.0,False,,,,130,sub-HUP164,02,False
RA11-RA12,0.0,False,,,,130,sub-HUP164,02,False
RA6-RA7,0.0,False,,,,130,sub-HUP164,02,False
RA8-RA9,0.0,False,,,,130,sub-HUP164,02,False
RA9-RA10,0.0,False,,,,130,sub-HUP164,02,False
RB6-RB7,0.0,False,,,,130,sub-HUP164,02,False
RB9-RB10,0.0,False,,,,130,sub-HUP164,02,False
RC1-RC2,0.0,False,,,,130,sub-HUP164,02,False
RC3-RC4,0.0,False,,,,130,sub-HUP164,02,False
LM2-LM3,1.0,True,-10.0,-9.75,5.577674706390867,1,sub-HUP164,03,False
LM3-LM4,0.543384146755421,True,4.0,5.25,45.46230016817242,2,sub-HUP164,03,False
LC8-LC9,0.28381809176922407,True,-3.5,-1.25,11.872837437579921,3,sub-HUP164,03,False
LM1-LM2,0.23056129662134323,True,4.0,4.5,19.28993868656322,4,sub-HUP164,03,False
LC1-LC2,0.20289943332907673,True,-8.75,-5.0,2.5463408337464206,5,sub-HUP164,03,True
LA2-LA3,0.17357189780997015,True,-7.5,-4.0,3.3884465445422576,6,sub-HUP164,03,True
LI5-LI6,0.16808865838449277,True,-7.5,-4.25,3.281403504058261,7,sub-HUP164,03,False
LC4-LC5,0.1653859507735521,True,-5.0,-4.0,5.534814206532278,8,sub-HUP164,03,False
LM4-LM5,0.15120038230970034,True,4.0,5.0,12.650198220081668,9,sub-HUP164,03,False
LB2-LB3,0.14971208834359645,True,-4.5,-4.0,5.4277946345677135,10,sub-HUP164,03,True
LH11-LH12,0.1469296634297622,True,-7.25,-2.5,3.073222002490154,11,sub-HUP164,03,False
LA5-LA6,0.13952783806618352,True,2.5,3.75,10.50625205845856,12,sub-HUP164,03,False
LF10-LF11,0.13438037737592975,True,1.0,1.5,8.994360383099792,13,sub-HUP164,03,False
LC5-LC6,0.1338042640246829,True,-6.75,-4.25,3.1718458009953063,14,sub-HUP164,03,False
LH6-LH7,0.13174944411079761,True,-7.0,-3.5,2.9394221679914123,15,sub-HUP164,03,False
LC9-LC10,0.1292175693146286,True,-1.5,-1.25,6.8469688958813695,16,sub-HUP164,03,False
LC6-LC7,0.11950011914387686,True,-6.75,-4.5,2.8327643658278623,17,sub-HUP164,03,False
LI2-LI3,0.11756729401271239,True,-5.75,-4.0,3.4426986410960025,18,sub-HUP164,03,False
LH1-LH2,0.11559489880065756,True,-6.25,-4.25,3.0625660303341378,19,sub-HUP164,03,False
LI4-LI5,0.11497372878469092,True,-5.0,-4.25,3.847716353650884,20,sub-HUP164,03,False
LH10-LH11,0.11492897737100977,True,1.75,3.75,8.173214738949031,21,sub-HUP164,03,False
LM5-LM6,0.11126324037187128,True,-5.75,-5.25,3.2580983482596864,22,sub-HUP164,03,False
LF9-LF10,0.11052864448974588,True,-7.0,2.5,2.465971298808495,23,sub-HUP164,03,False
LE6-LE7,0.10845440365292415,True,1.5,3.25,7.561542300645253,24,sub-HUP164,03,False
LA7-LA8,0.10542809395662124,True,0.5,2.0,6.762501549555729,25,sub-HUP164,03,False
LC10-LC11,0.10370295327532025,True,-1.5,-1.25,5.495002724886982,26,sub-HUP164,03,False
LD3-LD4,0.10300299139688031,True,-6.75,-1.0,2.4416980141371454,27,sub-HUP164,03,False
LA8-LA9,0.09762015464343948,True,-5.0,-4.75,3.2669608043320637,28,sub-HUP164,03,False
LI3-LI4,0.09580993774825926,True,-5.0,-4.25,3.2063799983960948,29,sub-HUP164,03,False
LA1-LA2,0.0947555230206651,True,-4.75,-1.25,3.303221775270008,30,sub-HUP164,03,True
LC7-LC8,0.09385185278777955,True,-1.5,-1.25,4.973013501702012,31,sub-HUP164,03,False
LD2-LD3,0.09229060036237645,True,5.0,7.25,8.236271156461678,32,sub-HUP164,03,False
RB3-RB4,0.0911184105795115,True,2.0,3.5,6.60697510168643,33,sub-HUP164,03,False
LH9-LH10,0.08982543156801648,True,0.25,0.5,5.6364416735351535,34,sub-HUP164,03,False
LF1-LF2,0.08936005993543975,True,-5.0,-3.5,2.990528076380845,35,sub-HUP164,03,False
LI6-LI7,0.0872009029832342,True,-4.75,-3.75,3.039864193400183,36,sub-HUP164,03,False
LH7-LH8,0.0866727537993772,True,-4.5,-4.0,3.142310772900189,37,sub-HUP164,03,False
LA3-LA4,0.08599022582700518,True,-4.75,-3.75,2.9976594224507833,38,sub-HUP164,03,True
LH3-LH4,0.08588565828669104,True,2.25,2.75,6.347309996243125,39,sub-HUP164,03,False
LB5-LB6,0.08556975233200641,True,-4.5,-4.0,3.102321580893359,40,sub-HUP164,03,False
LF5-LF6,0.08487383010800721,True,-4.75,-3.75,2.9587413464246715,41,sub-HUP164,03,False
LF6-LF7,0.08401872683058038,True,-4.75,-3.0,2.928932046913074,42,sub-HUP164,03,False
LE5-LE6,0.0828380067829298,True,2.25,2.75,6.122075780883018,43,sub-HUP164,03,False
LF8-LF9,0.08101604093676229,True,-4.25,2.25,3.0501975758281157,44,sub-HUP164,03,False
LH2-LH3,0.08068080703377344,True,2.25,6.25,5.962649681056115,45,sub-HUP164,03,False
LM6-LM7,0.07932218886951159,True,3.0,3.75,6.194067131182474,46,sub-HUP164,03,False
LB6-LB7,0.07368969142320872,True,-4.25,-4.0,2.77436561381761,47,sub-HUP164,03,False
LB3-LB4,0.07311857034213888,True,-4.5,-4.0,2.6509054023712615,48,sub-HUP164,03,True
LI1-LI2,0.07260419206220557,True,2.0,3.25,5.264513353363011,49,sub-HUP164,03,False
LC3-LC4,0.07195996247052999,True,-4.5,-4.0,2.608900206540622,50,sub-HUP164,03,True
LG11-LG12,0.07050117379471897,True,2.25,4.0,5.210332133455135,51,sub-HUP164,03,False
RB9-RB10,0.06812704171557697,True,-0.25,1.0,4.0848976320307475,52,sub-HUP164,03,False
LG6-LG7,0.0676357588615918,True,2.25,4.75,4.998565964210545,53,sub-HUP164,03,False
LF7-LF8,0.06763053087693867,True,-4.25,2.75,2.5462424348015893,54,sub-HUP164,03,False
LC2-LC3,0.06615684195632539,True,2.25,3.75,4.889267808457047,55,sub-HUP164,03,True
LB1-LB2,0.06557368258463483,True,-4.75,6.5,2.285929192232631,56,sub-HUP164,03,True
RA4-RA5,0.06515818898547335,True,-3.5,-2.0,2.7257338696388302,57,sub-HUP164,03,False
LL3-LL4,0.06466007927981145,True,0.0,3.75,3.9671817758345576,58,sub-HUP164,03,False
LH5-LH6,0.06451000761516536,True,-0.25,0.75,3.868020256180043,59,sub-HUP164,03,False
LB4-LB5,0.06339908816348183,True,-4.5,-3.75,2.2985266879750315,60,sub-HUP164,03,False
LE3-LE4,0.06273645967452855,True,-5.0,-3.5,2.099541385770771,61,sub-HUP164,03,False
LF4-LF5,0.06263375211505773,True,-4.5,-3.75,2.270779517100334,62,sub-HUP164,03,False
LA11-LA12,0.06232453792359984,True,0.5,1.75,3.9976989857855534,63,sub-HUP164,03,False
RB1-RB2,0.061194699550604116,True,2.25,4.0,4.522544693993859,64,sub-HUP164,03,False
LE9-LE10,0.05933538672883651,True,0.25,2.5,3.7232267147027067,65,sub-HUP164,03,False
RC11-RC12,0.05884564954554926,True,2.75,4.0,4.5130510019560806,66,sub-HUP164,03,False
LM7-LM8,0.058144728943064015,True,1.0,4.5,3.8917486072281733,67,sub-HUP164,03,False
RB6-RB7,0.05809527383279464,True,5.25,6.75,5.2655937655429845,68,sub-HUP164,03,False
LH8-LH9,0.05806251534587943,True,2.5,6.25,4.372026613660934,69,sub-HUP164,03,False
LA4-LA5,0.05772155442457277,True,-5.0,3.75,1.93171232476502,70,sub-HUP164,03,False
LG10-LG11,0.057408968956073725,True,2.5,6.0,4.322815479894657,71,sub-HUP164,03,False
LJ2-LJ3,0.05668795904912313,True,4.0,5.0,4.74280493017823,72,sub-HUP164,03,False
LE10-LE11,0.056210738930475575,True,0.25,2.75,3.5271586885506077,73,sub-HUP164,03,False
RB11-RB12,0.05529612664435924,True,0.5,4.0,3.546873779874729,74,sub-HUP164,03,False
RB2-RB3,0.053741244752612265,True,1.5,3.75,3.7468897693325784,75,sub-HUP164,03,False
RA10-RA11,0.0534637063984185,True,2.25,4.5,3.9511919082708546,76,sub-HUP164,03,False
LE1-LE2,0.05278178851015612,True,0.0,6.0,3.2383961140428683,77,sub-HUP164,03,False
LG4-LG5,0.05232213577965467,True,1.75,4.25,3.720907129862238,78,sub-HUP164,03,False
LH4-LH5,0.05222652760107835,True,2.25,4.75,3.859759211541859,79,sub-HUP164,03,False
LA6-LA7,0.050025547387906405,True,1.75,5.0,3.557584436820761,80,sub-HUP164,03,False
LK2-LK3,0.049406713593314465,True,-3.0,2.0,2.204596613882623,81,sub-HUP164,03,False
LE8-LE9,0.04871828844216141,True,0.5,2.5,3.124949799598729,82,sub-HUP164,03,False
LL4-LL5,0.04835851066379074,True,0.0,7.25,2.967008459449745,83,sub-HUP164,03,False
LK5-LK6,0.04811324434975493,True,0.25,3.25,3.0190502930853524,84,sub-HUP164,03,False
LF11-LF12,0.04575031319880768,True,1.5,4.75,3.1897545592306225,85,sub-HUP164,03,False
LG8-LG9,0.04566065794868838,True,0.25,5.25,2.8651533403225975,86,sub-HUP164,03,False
LJ3-LJ4,0.04388206846854662,True,3.75,6.75,3.610208574576589,87,sub-HUP164,03,False
RB10-RB11,0.0437898720057914,True,0.75,4.25,2.8698865224228554,88,sub-HUP164,03,False
LE4-LE5,0.04320965353463636,True,-1.75,10.5,2.2293368722264986,89,sub-HUP164,03,False
LK1-LK2,0.04275683686435928,True,-4.0,2.5,1.6693860925253212,90,sub-HUP164,03,False
LG9-LG10,0.042371285598829744,True,3.0,7.0,3.308665471465987,91,sub-HUP164,03,False
LE2-LE3,0.04210560352394823,True,2.25,5.75,3.111780516990238,92,sub-HUP164,03,False
LI7-LI8,0.0420003343077862,True,5.75,10.0,3.923925389002369,93,sub-HUP164,03,False
LG7-LG8,0.04187591017146655,True,2.5,6.5,3.153197767101547,94,sub-HUP164,03,False
RC10-RC11,0.04175404497474767,True,2.25,3.0,3.085798867223327,95,sub-HUP164,03,False
LI9-LI10,0.041749668818258874,True,2.5,7.0,3.1436919688652725,96,sub-HUP164,03,False
LG5-LG6,0.04111273664582159,True,3.25,6.25,3.2677169660236887,97,sub-HUP164,03,False
LJ6-LJ7,0.040991161085899445,True,3.25,4.25,3.258053913835412,98,sub-HUP164,03,False
LF3-LF4,0.0408742050878863,True,3.25,6.5,3.248758033041142,99,sub-HUP164,03,False
LM11-LM12,0.04071010700258781,True,3.0,4.5,3.1789482777191957,100,sub-HUP164,03,False
LJ5-LJ6,0.03994895721778121,True,2.5,6.75,3.008100890974173,101,sub-HUP164,03,False
LK7-LK8,0.0399002292363209,True,1.5,6.0,2.781881242382806,102,sub-HUP164,03,False
LL6-LL7,0.03941239332780032,True,-0.75,12.25,2.2532524711737,103,sub-HUP164,03,False
LF2-LF3,0.03927715250244875,True,3.25,4.5,3.121821315740503,104,sub-HUP164,03,False
RB8-RB9,0.039177322779631846,True,0.5,1.0,2.5129611668187275,105,sub-HUP164,03,False
LA9-LA10,0.039127791204708134,True,1.5,2.0,2.7280261414930447,106,sub-HUP164,03,False
LI11-LI12,0.038758416176676656,True,2.5,8.0,2.91845480717367,107,sub-HUP164,03,False
LD6-LD7,0.037675137491470466,True,3.25,6.75,2.994490175605116,108,sub-HUP164,03,False
LM8-LM9,0.037414120066377364,True,1.0,8.25,2.504205493873248,109,sub-HUP164,03,False
RC8-RC9,0.03622839048503185,True,3.25,6.5,2.8795000259779946,110,sub-HUP164,03,False
LJ4-LJ5,0.03592817213073655,True,2.5,7.5,2.7053413686962977,111,sub-HUP164,03,False
LG2-LG3,0.035856494431266595,True,3.25,8.25,2.8499410341999694,112,sub-HUP164,03,False
LK6-LK7,0.03574402161184809,True,0.5,6.5,2.292738040364576,113,sub-HUP164,03,False
LD1-LD2,0.035317342642086004,True,1.0,5.75,2.363863785020432,114,sub-HUP164,03,False
LG1-LG2,0.03522170990964932,True,3.25,7.0,2.799487176824147,115,sub-HUP164,03,False
LE11-LE12,0.035128170807098735,True,1.75,10.25,2.4981522498547912,116,sub-HUP164,03,False
LE7-LE8,0.034626486462923746,True,2.5,10.75,2.6073262491583793,117,sub-HUP164,03,False
LJ1-LJ2,0.03449833204032925,True,3.5,7.75,2.7900968734932623,118,sub-HUP164,03,False
LB11-LB12,0.034467177865888966,True,7.25,9.0,3.508502387844203,119,sub-HUP164,03,False
LD8-LD9,0.034093499366420824,True,6.25,10.25,3.2803022464305633,120,sub-HUP164,03,False
RC9-RC10,0.03379278933005176,True,23.75,25.5,6.549860224085714,121,sub-HUP164,03,False
LD5-LD6,0.0313030991599628,True,4.75,7.0,2.749926444554673,122,sub-HUP164,03,False
RC5-RC6,0.030901316847574866,True,22.75,23.5,5.81706540140248,123,sub-HUP164,03,False
RB5-RB6,0.02963946368203355,True,3.5,8.75,2.3971296599089036,124,sub-HUP164,03,False
RC2-RC3,0.029315073940397316,True,22.75,23.5,5.518460692124959,125,sub-HUP164,03,False
LL5-LL6,0.02891755958354759,True,8.75,10.75,3.1855316280291577,126,sub-HUP164,03,False
LB7-LB8,0.024470432854549702,True,11.75,15.25,3.1051046023101176,127,sub-HUP164,03,False
LD9-LD10,0.024352073603040696,True,8.5,16.25,2.6486449271850514,128,sub-HUP164,03,False
LA10-LA11,0.023275914994475646,True,4.25,10.5,1.9798386055750583,129,sub-HUP164,03,False
LD7-LD8,0.022954725683704203,True,5.75,10.75,2.144569380038807,130,sub-HUP164,03,False
LI10-LI11,0.022424803984775,True,13.5,17.5,3.0644174185504895,131,sub-HUP164,03,False
RA11-RA12,0.021031270293775342,True,20.0,23.0,3.6364731151866705,132,sub-HUP164,03,False
RC4-RC5,0.02057727964298554,True,21.5,23.25,3.7301345962078942,133,sub-HUP164,03,False
RA7-RA8,0.017085291524297466,True,21.5,23.75,3.097126447557617,134,sub-HUP164,03,False
LK3-LK4,0.014600684559637879,True,24.5,29.0,2.8910443482320773,135,sub-HUP164,03,False
RC3-RC4,0.01388538000033799,True,22.25,27.5,2.5751504161489844,136,sub-HUP164,03,False
RC1-RC2,0.013338160419914882,True,15.5,17.25,1.9714918801044898,137,sub-HUP164,03,False
RC6-RC7,0.011506029028949948,True,23.0,25.0,2.182014160916288,138,sub-HUP164,03,False
RC7-RC8,0.010100698435134689,True,16.25,17.0,1.5352216773650122,139,sub-HUP164,03,False
LB10-LB11,0.0,False,,,,140,sub-HUP164,03,False
LB8-LB9,0.0,False,,,,140,sub-HUP164,03,False
LB9-LB10,0.0,False,,,,140,sub-HUP164,03,False
LC11-LC12,0.0,False,,,,140,sub-HUP164,03,False
LD4-LD5,0.0,False,,,,140,sub-HUP164,03,False
LG3-LG4,0.0,False,,,,140,sub-HUP164,03,False
LI8-LI9,0.0,False,,,,140,sub-HUP164,03,False
LK4-LK5,0.0,False,,,,140,sub-HUP164,03,False
LL1-LL2,0.0,False,,,,140,sub-HUP164,03,False
LL2-LL3,0.0,False,,,,140,sub-HUP164,03,False
LM10-LM11,0.0,False,,,,140,sub-HUP164,03,False
LM9-LM10,0.0,False,,,,140,sub-HUP164,03,False
RA1-RA2,0.0,False,,,,140,sub-HUP164,03,False
RA2-RA3,0.0,False,,,,140,sub-HUP164,03,False
RA3-RA4,0.0,False,,,,140,sub-HUP164,03,False
RA5-RA6,0.0,False,,,,140,sub-HUP164,03,False
RA6-RA7,0.0,False,,,,140,sub-HUP164,03,False
RA8-RA9,0.0,False,,,,140,sub-HUP164,03,False
RA9-RA10,0.0,False,,,,140,sub-HUP164,03,False
RB4-RB5,0.0,False,,,,140,sub-HUP164,03,False
RB7-RB8,0.0,False,,,,140,sub-HUP164,03,False
LB8-LB9,1.0,True,-8.75,-8.0,2.6227259263240024,1,sub-HUP166,01,False
LA7-LA8,0.9699074191263203,True,-8.5,-7.75,3.1797516678457507,2,sub-HUP166,01,False
LB6-LB7,0.7861501790556799,True,-8.5,-8.0,2.577320570741985,3,sub-HUP166,01,False
LD7-LD8,0.31100534773025945,True,-4.5,0.25,4.282329390767206,4,sub-HUP166,01,False
LA6-LA7,0.267650787031761,True,0.5,2.5,7.195240248079541,5,sub-HUP166,01,False
RC6-RC7,0.24983639990068138,True,-5.5,-4.0,2.7848227142756157,6,sub-HUP166,01,False
LF6-LF7,0.19158573675405854,True,1.5,2.5,5.65286488761099,7,sub-HUP166,01,False
LE4-LE5,0.17393577953089367,True,0.75,2.0,4.789951724156031,8,sub-HUP166,01,False
LM11-LM12,0.17204029406284926,True,1.25,3.0,4.96335993572144,9,sub-HUP166,01,False
LA5-LA6,0.16857773834102585,True,0.5,2.5,4.531865350717741,10,sub-HUP166,01,False
LF3-LF4,0.1644165991079936,True,9.25,10.5,8.193173866772538,11,sub-HUP166,01,False
LK9-LK10,0.1552147206329217,True,3.0,3.75,5.190342317376534,12,sub-HUP166,01,False
LJ10-LJ11,0.1517984779347459,True,-4.0,-1.75,2.2892233710218854,13,sub-HUP166,01,False
LB5-LB6,0.13634452507114173,True,0.75,3.75,3.754740368572371,14,sub-HUP166,01,False
LJ3-LJ4,0.13167845602277706,True,0.25,1.0,3.4535650054925235,15,sub-HUP166,01,True
LJ4-LJ5,0.1267720514731595,True,0.25,4.0,3.324883461319364,16,sub-HUP166,01,True
LF7-LF8,0.1260798823198399,True,2.0,2.75,3.8854074697404486,17,sub-HUP166,01,False
LK8-LK9,0.12292112016715334,True,0.5,3.0,3.3044811897406077,18,sub-HUP166,01,False
LK1-LK2,0.12001072899548175,True,2.75,3.5,3.9344406296686705,19,sub-HUP166,01,False
LM6-LM7,0.1177000238319021,True,1.25,5.25,3.3956439443617086,20,sub-HUP166,01,False
LG10-LG11,0.10973877577955095,True,3.25,7.75,3.7415915206811015,21,sub-HUP166,01,False
LI2-LI3,0.10899681464513629,True,-2.75,-0.5,2.0010814015957146,22,sub-HUP166,01,False
LJ9-LJ10,0.10712794529289535,True,0.75,4.5,2.950156015311708,23,sub-HUP166,01,False
LK10-LK11,0.10204147801384232,True,3.25,8.0,3.4791487893152238,24,sub-HUP166,01,False
LB2-LB3,0.09936985832644765,True,1.25,2.5,2.8668189410070903,25,sub-HUP166,01,False
LG9-LG10,0.09793959958304545,True,2.0,3.5,3.0182075427228754,26,sub-HUP166,01,False
LJ2-LJ3,0.09701226248099477,True,11.0,12.0,5.2795589515902765,27,sub-HUP166,01,True
LL6-LL7,0.096444590908601,True,2.5,6.25,3.098609680613825,28,sub-HUP166,01,False
LA4-LA5,0.09541184386927569,True,-0.25,13.0,2.377271607646108,29,sub-HUP166,01,False
LB7-LB8,0.0943359401925035,True,0.75,3.75,2.5978818193338094,30,sub-HUP166,01,False
LA9-LA10,0.08999739854381815,True,0.5,3.5,2.419394732241505,31,sub-HUP166,01,False
LI6-LI7,0.08864117647780004,True,6.5,9.25,3.777824564933046,32,sub-HUP166,01,False
LK7-LK8,0.08814963881320097,True,3.0,4.5,2.947702374671354,33,sub-HUP166,01,False
LE1-LE2,0.08692883226432312,True,11.25,13.0,4.787800544618924,34,sub-HUP166,01,False
LJ1-LJ2,0.08654816107825399,True,11.5,13.25,4.8235822511315565,35,sub-HUP166,01,True
LK11-LK12,0.08482457077877198,True,3.5,8.25,2.9477487128629756,36,sub-HUP166,01,False
LK2-LK3,0.08427712339246221,True,11.75,13.5,4.75226962512448,37,sub-HUP166,01,False
LI7-LI8,0.07757410367670763,True,6.5,9.5,3.306153710019017,38,sub-HUP166,01,False
LJ8-LJ9,0.07547183709313195,True,5.5,8.0,3.0186146437347445,39,sub-HUP166,01,False
LC1-LC2,0.07429314211988287,True,0.5,16.5,1.9972181373553781,40,sub-HUP166,01,False
LK6-LK7,0.07125798787186048,True,4.0,5.0,2.569739868426635,41,sub-HUP166,01,False
LJ5-LJ6,0.06794402101224314,True,3.0,4.75,2.272031454455789,42,sub-HUP166,01,True
LG11-LG12,0.06736141758299652,True,0.5,6.75,1.8108729973708404,43,sub-HUP166,01,False
LK5-LK6,0.06575424468923696,True,3.25,10.5,2.2419197100600834,44,sub-HUP166,01,False
LF1-LF2,0.0645502588592854,True,9.25,13.5,3.2166551117622952,45,sub-HUP166,01,False
LK3-LK4,0.06003571852752834,True,13.0,14.0,3.5821521073437834,46,sub-HUP166,01,False
LI5-LI6,0.05975572815868567,True,6.5,11.25,2.546747084182505,47,sub-HUP166,01,False
LL7-LL8,0.05915655124050367,True,3.75,9.0,2.094544178780174,48,sub-HUP166,01,False
LM10-LM11,0.05692334208903677,True,4.25,10.75,2.0901205515389787,49,sub-HUP166,01,False
LK4-LK5,0.055337801134821285,True,3.25,28.0,1.8867665146467485,50,sub-HUP166,01,False
LC7-LC8,0.053409733750451716,True,5.25,13.5,2.101186401380577,51,sub-HUP166,01,False
LE5-LE6,0.05286245672312455,True,10.0,12.0,2.738213781594156,52,sub-HUP166,01,False
LL2-LL3,0.049951405428540534,True,3.25,4.5,1.703114998958812,53,sub-HUP166,01,False
LD5-LD6,0.04989083370647114,True,7.75,16.25,2.2898747033379223,54,sub-HUP166,01,False
RC7-RC8,0.04864902862571496,True,9.5,14.25,2.4561665718424677,55,sub-HUP166,01,False
LM5-LM6,0.04711705200294144,True,3.5,12.0,1.6373702586459378,56,sub-HUP166,01,False
LD6-LD7,0.04593950506882484,True,7.75,12.75,2.108517792263747,57,sub-HUP166,01,False
LM4-LM5,0.0441846376208132,True,13.75,16.0,2.7232785738834346,58,sub-HUP166,01,False
LG8-LG9,0.04377511256767191,True,12.5,19.5,2.554525229162411,59,sub-HUP166,01,False
LC9-LC10,0.04320164320958884,True,13.0,23.75,2.577713085802125,60,sub-HUP166,01,False
LA3-LA4,0.041626652210292006,True,15.75,16.75,2.783970149439132,61,sub-HUP166,01,False
LC2-LC3,0.04099560931217163,True,12.5,23.25,2.3923255048387295,62,sub-HUP166,01,False
LL5-LL6,0.03070265789434931,True,13.75,22.0,1.8923294363643066,63,sub-HUP166,01,False
LA1-LA2,0.0,False,,,,64,sub-HUP166,01,False
LA10-LA11,0.0,False,,,,64,sub-HUP166,01,False
LA2-LA3,0.0,False,,,,64,sub-HUP166,01,False
LA8-LA9,0.0,False,,,,64,sub-HUP166,01,False
LB0-LB1,0.0,False,,,,64,sub-HUP166,01,False
LB1-LB2,0.0,False,,,,64,sub-HUP166,01,False
LB11-LB12,0.0,False,,,,64,sub-HUP166,01,False
LB3-LB4,0.0,False,,,,64,sub-HUP166,01,False
LB4-LB5,0.0,False,,,,64,sub-HUP166,01,False
LC10-LC11,0.0,False,,,,64,sub-HUP166,01,False
LC3-LC4,0.0,False,,,,64,sub-HUP166,01,False
LC4-LC5,0.0,False,,,,64,sub-HUP166,01,False
LC5-LC6,0.0,False,,,,64,sub-HUP166,01,False
LC6-LC7,0.0,False,,,,64,sub-HUP166,01,False
LC8-LC9,0.0,False,,,,64,sub-HUP166,01,False
LD1-LD2,0.0,False,,,,64,sub-HUP166,01,False
LD2-LD3,0.0,False,,,,64,sub-HUP166,01,False
LD3-LD4,0.0,False,,,,64,sub-HUP166,01,False
LD4-LD5,0.0,False,,,,64,sub-HUP166,01,False
LE10-LE11,0.0,False,,,,64,sub-HUP166,01,False
LE11-LE12,0.0,False,,,,64,sub-HUP166,01,False
LE2-LE3,0.0,False,,,,64,sub-HUP166,01,False
LE3-LE4,0.0,False,,,,64,sub-HUP166,01,False
LE6-LE7,0.0,False,,,,64,sub-HUP166,01,False
LE7-LE8,0.0,False,,,,64,sub-HUP166,01,False
LE8-LE9,0.0,False,,,,64,sub-HUP166,01,False
LE9-LE10,0.0,False,,,,64,sub-HUP166,01,False
LF2-LF3,0.0,False,,,,64,sub-HUP166,01,False
LG1-LG2,0.0,False,,,,64,sub-HUP166,01,False
LG2-LG3,0.0,False,,,,64,sub-HUP166,01,False
LG3-LG4,0.0,False,,,,64,sub-HUP166,01,False
LG4-LG5,0.0,False,,,,64,sub-HUP166,01,False
LG5-LG6,0.0,False,,,,64,sub-HUP166,01,False
LG6-LG7,0.0,False,,,,64,sub-HUP166,01,False
LG7-LG8,0.0,False,,,,64,sub-HUP166,01,False
LH10-LH11,0.0,False,,,,64,sub-HUP166,01,False
LH11-LH12,0.0,False,,,,64,sub-HUP166,01,False
LH3-LH4,0.0,False,,,,64,sub-HUP166,01,False
LH4-LH5,0.0,False,,,,64,sub-HUP166,01,False
LH5-LH6,0.0,False,,,,64,sub-HUP166,01,False
LH6-LH7,0.0,False,,,,64,sub-HUP166,01,False
LH7-LH8,0.0,False,,,,64,sub-HUP166,01,False
LH8-LH9,0.0,False,,,,64,sub-HUP166,01,False
LH9-LH10,0.0,False,,,,64,sub-HUP166,01,False
LI1-LI2,0.0,False,,,,64,sub-HUP166,01,False
LI3-LI4,0.0,False,,,,64,sub-HUP166,01,False
LI4-LI5,0.0,False,,,,64,sub-HUP166,01,False
LJ11-LJ12,0.0,False,,,,64,sub-HUP166,01,False
LJ6-LJ7,0.0,False,,,,64,sub-HUP166,01,False
LJ7-LJ8,0.0,False,,,,64,sub-HUP166,01,False
LL3-LL4,0.0,False,,,,64,sub-HUP166,01,False
LL4-LL5,0.0,False,,,,64,sub-HUP166,01,False
LM1-LM2,0.0,False,,,,64,sub-HUP166,01,False
LM2-LM3,0.0,False,,,,64,sub-HUP166,01,False
LM3-LM4,0.0,False,,,,64,sub-HUP166,01,False
LM7-LM8,0.0,False,,,,64,sub-HUP166,01,False
LM8-LM9,0.0,False,,,,64,sub-HUP166,01,False
LM9-LM10,0.0,False,,,,64,sub-HUP166,01,False
RA1-RA2,0.0,False,,,,64,sub-HUP166,01,False
RA10-RA11,0.0,False,,,,64,sub-HUP166,01,False
RA11-RA12,0.0,False,,,,64,sub-HUP166,01,False
RA2-RA3,0.0,False,,,,64,sub-HUP166,01,False
RA3-RA4,0.0,False,,,,64,sub-HUP166,01,False
RA4-RA5,0.0,False,,,,64,sub-HUP166,01,False
RA5-RA6,0.0,False,,,,64,sub-HUP166,01,False
RA6-RA7,0.0,False,,,,64,sub-HUP166,01,False
RA7-RA8,0.0,False,,,,64,sub-HUP166,01,False
RA8-RA9,0.0,False,,,,64,sub-HUP166,01,False
RA9-RA10,0.0,False,,,,64,sub-HUP166,01,False
RB1-RB2,0.0,False,,,,64,sub-HUP166,01,False
RB2-RB3,0.0,False,,,,64,sub-HUP166,01,False
RB3-RB4,0.0,False,,,,64,sub-HUP166,01,False
RB4-RB5,0.0,False,,,,64,sub-HUP166,01,False
RB5-RB6,0.0,False,,,,64,sub-HUP166,01,False
RB6-RB7,0.0,False,,,,64,sub-HUP166,01,False
RB7-RB8,0.0,False,,,,64,sub-HUP166,01,False
RB8-RB9,0.0,False,,,,64,sub-HUP166,01,False
RC1-RC2,0.0,False,,,,64,sub-HUP166,01,False
RC2-RC3,0.0,False,,,,64,sub-HUP166,01,False
RC3-RC4,0.0,False,,,,64,sub-HUP166,01,False
RC4-RC5,0.0,False,,,,64,sub-HUP166,01,False
RC5-RC6,0.0,False,,,,64,sub-HUP166,01,False
LJ3-LJ4,1.0,True,-9.0,-8.5,3.360186096848092,1,sub-HUP166,02,True
RB1-RB2,0.471621639854885,True,-8.25,-6.25,2.7732888351228944,2,sub-HUP166,02,False
LE2-LE3,0.3673553546487214,True,-7.75,-4.25,2.777360299410001,3,sub-HUP166,02,False
LA7-LA8,0.2544079545809444,True,-0.25,0.5,8.33486620112689,4,sub-HUP166,02,False
LA6-LA7,0.21153493933655992,True,-0.25,0.5,6.930268431024054,5,sub-HUP166,02,False
LE4-LE5,0.18184169190223806,True,-0.75,0.5,5.65195280585442,6,sub-HUP166,02,False
LC6-LC7,0.17187709112897134,True,-6.0,4.75,2.310156047913048,7,sub-HUP166,02,False
LM11-LM12,0.1701662224032523,True,0.0,1.75,5.717901746725687,8,sub-HUP166,02,False
LJ2-LJ3,0.16449600005007578,True,7.75,9.5,9.81108480930813,9,sub-HUP166,02,True
LK7-LK8,0.15362337894403305,True,-5.5,-4.75,2.322914139353546,10,sub-HUP166,02,False
LG9-LG10,0.14298042750025455,True,-0.5,2.75,4.564188023773643,11,sub-HUP166,02,False
LE6-LE7,0.14291611963373915,True,-4.75,-4.0,2.521179980596037,12,sub-HUP166,02,False
LB5-LB6,0.14119351686508508,True,-0.25,0.25,4.625755800267668,13,sub-HUP166,02,False
LB8-LB9,0.14078405632130747,True,-0.25,0.75,4.612341129910177,14,sub-HUP166,02,False
LA5-LA6,0.13286451098286078,True,-0.25,1.75,4.352882455049012,15,sub-HUP166,02,False
LA4-LA5,0.12414329766324565,True,-6.0,2.5,1.6685783312996492,16,sub-HUP166,02,False
LA9-LA10,0.1234056554463448,True,-0.5,1.0,3.939326693180721,17,sub-HUP166,02,False
LF1-LF2,0.12257671323127092,True,3.0,4.25,5.354447378761678,18,sub-HUP166,02,False
LK1-LK2,0.11924916814842687,True,1.25,3.0,4.507868214821749,19,sub-HUP166,02,False
LC1-LC2,0.11706355540747075,True,-0.25,2.25,3.8352144804459476,20,sub-HUP166,02,False
LG10-LG11,0.1163650001274397,True,-5.25,-3.25,1.8572882640427593,21,sub-HUP166,02,False
LF6-LF7,0.11467877951092664,True,-0.25,2.25,3.7570848950322047,22,sub-HUP166,02,False
LB7-LB8,0.11092123604042248,True,-1.0,2.0,3.354443956694098,23,sub-HUP166,02,False
LF2-LF3,0.09961355191733086,True,3.0,4.5,4.351360938733519,24,sub-HUP166,02,False
LG11-LG12,0.09836146306569278,True,-4.5,1.5,1.817820513624379,25,sub-HUP166,02,False
LC9-LC10,0.09836080504468346,True,-0.25,2.0,3.2224784434628275,26,sub-HUP166,02,False
LL7-LL8,0.0930770359569321,True,-5.25,4.0,1.4855917702519879,27,sub-HUP166,02,False
LK2-LK3,0.09144479492657707,True,-0.25,3.5,2.9958974032787404,28,sub-HUP166,02,False
LE5-LE6,0.08852120773179538,True,-0.5,0.5,2.8257534492175163,29,sub-HUP166,02,False
LA10-LA11,0.087753219049505,True,-0.25,2.0,2.874954679387166,30,sub-HUP166,02,False
RA9-RA10,0.08667104917323797,True,-1.0,0.25,2.6210776898803636,31,sub-HUP166,02,False
LB6-LB7,0.08369155493503146,True,10.25,12.75,5.694688786154893,32,sub-HUP166,02,False
LC8-LC9,0.08362069365819225,True,3.25,7.5,3.7229994721674258,33,sub-HUP166,02,False
LK9-LK10,0.08067639277898632,True,3.0,4.0,3.5241400136774734,34,sub-HUP166,02,False
LE7-LE8,0.08009215015976771,True,2.5,6.5,3.3640566179190143,35,sub-HUP166,02,False
LK8-LK9,0.075252672553986,True,-0.25,7.25,2.465414094649016,36,sub-HUP166,02,False
LI7-LI8,0.07507534260775603,True,2.75,4.75,3.2164058111952847,37,sub-HUP166,02,False
LC7-LC8,0.07250191012948777,True,-1.5,6.25,2.0707692385022947,38,sub-HUP166,02,False
LJ4-LJ5,0.07129345505471633,True,-0.25,5.5,2.335702945593441,39,sub-HUP166,02,True
LI6-LI7,0.06887872607527948,True,2.75,4.75,2.9509280560162185,40,sub-HUP166,02,False
LM6-LM7,0.06697120009163647,True,0.5,6.0,2.36287480209006,41,sub-HUP166,02,False
LK6-LK7,0.06621648955769416,True,11.75,14.5,4.839369075166255,42,sub-HUP166,02,False
LK5-LK6,0.06609811188422715,True,-0.25,7.75,2.1654940766675748,43,sub-HUP166,02,False
LJ1-LJ2,0.06599194002674945,True,3.5,6.25,2.9935601916558747,44,sub-HUP166,02,True
LL6-LL7,0.06555693397926164,True,0.0,5.5,2.2028349810910326,45,sub-HUP166,02,False
LD6-LD7,0.06547587591611742,True,2.75,6.0,2.8051418811366795,46,sub-HUP166,02,False
LJ9-LJ10,0.06521860671385976,True,5.0,7.75,3.2871998330357277,47,sub-HUP166,02,False
LF7-LF8,0.06411543051676727,True,1.5,4.75,2.4775574494825197,48,sub-HUP166,02,False
LC2-LC3,0.0627756570182902,True,0.0,8.0,2.109378899333631,49,sub-HUP166,02,False
LJ8-LJ9,0.06213312385908425,True,-0.5,7.25,1.9833991599778362,50,sub-HUP166,02,False
LK11-LK12,0.06140290548912817,True,5.5,8.25,3.1980404346250113,51,sub-HUP166,02,False
LJ5-LJ6,0.05945184502984656,True,3.0,12.75,2.597000420316351,52,sub-HUP166,02,True
LG8-LG9,0.0567603731891891,True,2.5,12.5,2.38406771052778,53,sub-HUP166,02,False
LE1-LE2,0.0566890840482789,True,5.75,10.5,3.0001524849777557,54,sub-HUP166,02,False
LI5-LI6,0.05525306381822169,True,2.75,8.25,2.3671723548406733,55,sub-HUP166,02,False
LM10-LM11,0.050802213979170834,True,1.75,8.25,2.0057824939474616,56,sub-HUP166,02,False
LM5-LM6,0.05072934778533471,True,3.5,10.0,2.3012106632611187,57,sub-HUP166,02,False
LD5-LD6,0.04717813545046506,True,7.5,12.0,2.774228009277704,58,sub-HUP166,02,False
LK4-LK5,0.04468859037162672,True,7.0,11.5,2.5527536609261534,59,sub-HUP166,02,False
LE3-LE4,0.042701896764120076,True,9.25,12.0,2.7621116564548975,60,sub-HUP166,02,False
LF3-LF4,0.041467043407378626,True,12.0,17.0,3.0654136201671394,61,sub-HUP166,02,False
LK3-LK4,0.04089050813444405,True,10.25,13.75,2.782344267759858,62,sub-HUP166,02,False
LL5-LL6,0.03933935192078781,True,10.25,14.5,2.6767977535107206,63,sub-HUP166,02,False
LJ10-LJ11,0.03814072728870309,True,5.0,12.0,1.9223991233876212,64,sub-HUP166,02,False
LC10-LC11,0.03561517866412124,True,16.25,19.75,3.141432739828452,65,sub-HUP166,02,False
LD4-LD5,0.033849484757581906,True,12.5,17.25,2.559162781527708,66,sub-HUP166,02,False
LD7-LD8,0.033809781443054084,True,15.25,18.0,2.86858072794618,67,sub-HUP166,02,False
LC3-LC4,0.03126665940252397,True,14.25,20.0,2.5477485098167088,68,sub-HUP166,02,False
LM3-LM4,0.0307064182640139,True,14.75,17.25,2.5536871734348603,69,sub-HUP166,02,False
LI1-LI2,0.02866172469852764,True,14.5,20.0,2.3595638566701638,70,sub-HUP166,02,False
LL3-LL4,0.028474098053817124,True,15.0,18.0,2.3919567100181403,71,sub-HUP166,02,False
LM4-LM5,0.02844195892399144,True,11.75,18.5,2.078653480021572,72,sub-HUP166,02,False
LA3-LA4,0.023624982290552394,True,17.75,23.25,2.2029153526101544,73,sub-HUP166,02,False
LA1-LA2,0.02237434637083029,True,20.75,24.25,2.3118455037408205,74,sub-HUP166,02,False
LA2-LA3,0.016721027927187906,True,21.25,28.75,1.755805173935796,75,sub-HUP166,02,False
LA8-LA9,0.0,False,,,,76,sub-HUP166,02,False
LB0-LB1,0.0,False,,,,76,sub-HUP166,02,False
LB1-LB2,0.0,False,,,,76,sub-HUP166,02,False
LB11-LB12,0.0,False,,,,76,sub-HUP166,02,False
LB2-LB3,0.0,False,,,,76,sub-HUP166,02,False
LB3-LB4,0.0,False,,,,76,sub-HUP166,02,False
LB4-LB5,0.0,False,,,,76,sub-HUP166,02,False
LC4-LC5,0.0,False,,,,76,sub-HUP166,02,False
LC5-LC6,0.0,False,,,,76,sub-HUP166,02,False
LD1-LD2,0.0,False,,,,76,sub-HUP166,02,False
LD2-LD3,0.0,False,,,,76,sub-HUP166,02,False
LD3-LD4,0.0,False,,,,76,sub-HUP166,02,False
LE10-LE11,0.0,False,,,,76,sub-HUP166,02,False
LE11-LE12,0.0,False,,,,76,sub-HUP166,02,False
LE8-LE9,0.0,False,,,,76,sub-HUP166,02,False
LE9-LE10,0.0,False,,,,76,sub-HUP166,02,False
LG1-LG2,0.0,False,,,,76,sub-HUP166,02,False
LG2-LG3,0.0,False,,,,76,sub-HUP166,02,False
LG3-LG4,0.0,False,,,,76,sub-HUP166,02,False
LG4-LG5,0.0,False,,,,76,sub-HUP166,02,False
LG5-LG6,0.0,False,,,,76,sub-HUP166,02,False
LG6-LG7,0.0,False,,,,76,sub-HUP166,02,False
LG7-LG8,0.0,False,,,,76,sub-HUP166,02,False
LH10-LH11,0.0,False,,,,76,sub-HUP166,02,False
LH11-LH12,0.0,False,,,,76,sub-HUP166,02,False
LH3-LH4,0.0,False,,,,76,sub-HUP166,02,False
LH4-LH5,0.0,False,,,,76,sub-HUP166,02,False
LH5-LH6,0.0,False,,,,76,sub-HUP166,02,False
LH6-LH7,0.0,False,,,,76,sub-HUP166,02,False
LH7-LH8,0.0,False,,,,76,sub-HUP166,02,False
LH8-LH9,0.0,False,,,,76,sub-HUP166,02,False
LH9-LH10,0.0,False,,,,76,sub-HUP166,02,False
LI2-LI3,0.0,False,,,,76,sub-HUP166,02,False
LI3-LI4,0.0,False,,,,76,sub-HUP166,02,False
LI4-LI5,0.0,False,,,,76,sub-HUP166,02,False
LJ11-LJ12,0.0,False,,,,76,sub-HUP166,02,False
LJ6-LJ7,0.0,False,,,,76,sub-HUP166,02,False
LJ7-LJ8,0.0,False,,,,76,sub-HUP166,02,False
LK10-LK11,0.0,False,,,,76,sub-HUP166,02,False
LL2-LL3,0.0,False,,,,76,sub-HUP166,02,False
LL4-LL5,0.0,False,,,,76,sub-HUP166,02,False
LM1-LM2,0.0,False,,,,76,sub-HUP166,02,False
LM2-LM3,0.0,False,,,,76,sub-HUP166,02,False
LM7-LM8,0.0,False,,,,76,sub-HUP166,02,False
LM8-LM9,0.0,False,,,,76,sub-HUP166,02,False
LM9-LM10,0.0,False,,,,76,sub-HUP166,02,False
RA1-RA2,0.0,False,,,,76,sub-HUP166,02,False
RA10-RA11,0.0,False,,,,76,sub-HUP166,02,False
RA11-RA12,0.0,False,,,,76,sub-HUP166,02,False
RA2-RA3,0.0,False,,,,76,sub-HUP166,02,False
RA3-RA4,0.0,False,,,,76,sub-HUP166,02,False
RA4-RA5,0.0,False,,,,76,sub-HUP166,02,False
RA5-RA6,0.0,False,,,,76,sub-HUP166,02,False
RA6-RA7,0.0,False,,,,76,sub-HUP166,02,False
RA7-RA8,0.0,False,,,,76,sub-HUP166,02,False
RA8-RA9,0.0,False,,,,76,sub-HUP166,02,False
RB2-RB3,0.0,False,,,,76,sub-HUP166,02,False
RB3-RB4,0.0,False,,,,76,sub-HUP166,02,False
RB4-RB5,0.0,False,,,,76,sub-HUP166,02,False
RB5-RB6,0.0,False,,,,76,sub-HUP166,02,False
RB6-RB7,0.0,False,,,,76,sub-HUP166,02,False
RB7-RB8,0.0,False,,,,76,sub-HUP166,02,False
RB8-RB9,0.0,False,,,,76,sub-HUP166,02,False
RC1-RC2,0.0,False,,,,76,sub-HUP166,02,False
RC2-RC3,0.0,False,,,,76,sub-HUP166,02,False
RC3-RC4,0.0,False,,,,76,sub-HUP166,02,False
RC4-RC5,0.0,False,,,,76,sub-HUP166,02,False
RC5-RC6,0.0,False,,,,76,sub-HUP166,02,False
RC6-RC7,0.0,False,,,,76,sub-HUP166,02,False
RC7-RC8,0.0,False,,,,76,sub-HUP166,02,False
LD03-LD04,1.0,True,-8.25,-6.5,3.554826146859977,1,sub-HUP171,01,False
LD02-LD03,0.7578022061078524,True,-8.0,-6.5,3.367318870525459,2,sub-HUP171,01,False
LD01-LD02,0.6453637944435725,True,-8.0,-6.5,2.867695113405974,3,sub-HUP171,01,False
LC11-LC12,0.4745524322519878,True,2.25,3.5,19.399941033591684,4,sub-HUP171,01,False
LE02-LE03,0.40713889589846974,True,-6.25,-4.5,4.3419239776307474,5,sub-HUP171,01,False
LB06-LB07,0.40437937103616917,True,10.25,10.5,28.031218047498243,6,sub-HUP171,01,False
RG07-RG08,0.32083673847081096,True,-7.25,-6.75,2.28103765357863,7,sub-HUP171,01,False
LE01-LE02,0.283933765177678,True,-5.75,-4.5,3.5326731035050365,8,sub-HUP171,01,False
LE03-LE04,0.28382422062316637,True,-6.25,-4.25,3.026837281750159,9,sub-HUP171,01,False
RA02-RA03,0.27311026997076293,True,-6.75,-5.75,2.427148821670138,10,sub-HUP171,01,False
LB11-LB12,0.26995402366655524,True,3.25,4.5,11.995495272249094,11,sub-HUP171,01,False
RB05-RB06,0.2370370315771421,True,9.5,10.5,15.799226955459352,12,sub-HUP171,01,False
RI06-RI07,0.22732469008374917,True,-6.0,-5.25,2.6263241944437956,13,sub-HUP171,01,False
LC08-LC09,0.21528668230735926,True,2.5,4.25,8.99235404620902,14,sub-HUP171,01,False
LC10-LC11,0.21081563331574052,True,0.25,3.5,7.119422792037577,15,sub-HUP171,01,False
LG08-LG09,0.2105776101421254,True,-6.0,-5.25,2.4328420820486705,16,sub-HUP171,01,True
RD08-RD09,0.20386597504796058,True,14.25,16.25,17.030640316056456,17,sub-HUP171,01,True
RE10-RE11,0.19088211702745247,True,-6.25,-5.0,2.035658221731522,18,sub-HUP171,01,False
LE08-LE09,0.18154627688120237,True,14.5,15.25,15.327429483156504,19,sub-HUP171,01,False
RD03-RD04,0.17658760180648417,True,13.5,13.75,14.281044598570478,20,sub-HUP171,01,False
RG01-RG02,0.17205398640710085,True,14.5,15.25,14.526022726847012,21,sub-HUP171,01,False
RG08-RG09,0.15976843379884897,True,-2.75,-2.0,3.6916685384216015,22,sub-HUP171,01,False
RD09-RD10,0.15653609141512084,True,14.5,15.25,13.21589152888121,23,sub-HUP171,01,True
RB11-RB12,0.15559405076593885,True,2.0,5.25,6.222485249534453,24,sub-HUP171,01,False
RA06-RA07,0.15380259102739982,True,10.0,12.5,10.524773336750991,25,sub-HUP171,01,False
LC09-LC10,0.15093199880043023,True,2.0,4.75,6.036041427003091,26,sub-HUP171,01,False
RB09-RB10,0.15034745146199205,True,-3.0,-2.25,3.3403690723178165,27,sub-HUP171,01,False
RD06-RD07,0.14343339639057356,True,13.5,15.75,11.599787922953738,28,sub-HUP171,01,False
RG05-RG06,0.1354183240920453,True,13.5,15.0,10.951590632854712,29,sub-HUP171,01,False
RI02-RI03,0.13400743740489576,True,13.5,15.25,10.837488988704221,30,sub-HUP171,01,True
LF02-LF03,0.13091761156898152,True,-3.75,-2.0,2.5596414177943054,31,sub-HUP171,01,False
LE11-LE12,0.1305772439445382,True,14.5,15.75,11.024260772775254,32,sub-HUP171,01,False
RI03-RI04,0.13015992757815717,True,14.75,17.0,11.104701931877617,33,sub-HUP171,01,True
RD05-RD06,0.12607867827557567,True,13.5,15.25,10.196272042674066,34,sub-HUP171,01,False
LI05-LI06,0.12405812258336987,True,14.5,15.25,10.47387012488093,35,sub-HUP171,01,False
LF03-LF04,0.12389580905015382,True,13.5,15.25,10.019738399076264,36,sub-HUP171,01,False
RB07-RB08,0.12237515127702478,True,3.25,6.0,5.43777984356891,37,sub-HUP171,01,False
RB08-RB09,0.1163345190047657,True,3.75,4.75,5.37613686922676,38,sub-HUP171,01,False
RG06-RG07,0.11604894408099259,True,13.5,14.25,9.385144421712237,39,sub-HUP171,01,False
LB05-LB06,0.11570175513028189,True,-2.5,-1.75,2.776272464529337,40,sub-HUP171,01,False
RB10-RB11,0.11516530745737898,True,0.0,4.5,3.786881976986097,41,sub-HUP171,01,False
RG10-RG11,0.1136235853354188,True,-2.75,-2.0,2.6254285983270966,42,sub-HUP171,01,False
LB08-LB09,0.1104062183083251,True,3.5,5.0,5.00405512313415,43,sub-HUP171,01,False
LB07-LB08,0.11008968895324288,True,-2.25,-1.75,2.739447933534688,44,sub-HUP171,01,False
RG09-RG10,0.10869791453615331,True,-2.75,-2.25,2.511614226564748,45,sub-HUP171,01,False
RB02-RB03,0.10759877872870319,True,-1.75,-1.25,2.868712139962464,46,sub-HUP171,01,False
LA08-LA09,0.10140215546436214,True,-2.75,-1.25,2.3430357183523864,47,sub-HUP171,01,False
LE10-LE11,0.10128889954478529,True,-2.75,-1.75,2.3404187851750966,48,sub-HUP171,01,False
LC07-LC08,0.09996864842270656,True,-2.75,-1.75,2.3099125743153825,49,sub-HUP171,01,False
RI01-RI02,0.09538791151457225,True,13.5,16.5,7.714239304279856,50,sub-HUP171,01,False
RD07-RD08,0.09357864484401247,True,14.25,16.75,7.817411616761649,51,sub-HUP171,01,False
LB03-LB04,0.09009706119827818,True,-2.0,-1.5,2.3220255695459,52,sub-HUP171,01,False
LD05-LD06,0.08970998028640059,True,14.75,16.75,7.653681205353358,53,sub-HUP171,01,False
LD06-LD07,0.08847614616848892,True,14.5,15.5,7.469786297112303,54,sub-HUP171,01,False
LD11-LD12,0.08772076554662843,True,5.5,6.5,4.599523047068996,55,sub-HUP171,01,False
LG02-LG03,0.08755396217441253,True,14.75,17.25,7.469738735970985,56,sub-HUP171,01,True
LI07-LI08,0.08723383539407677,True,14.75,16.5,7.442426854793841,57,sub-HUP171,01,False
RD10-RD11,0.08669461386312571,True,14.75,16.75,7.396422723661649,58,sub-HUP171,01,True
LA09-LA10,0.08655754352977255,True,3.25,4.5,3.846212736845076,59,sub-HUP171,01,False
LB04-LB05,0.08534805635667216,True,-2.25,-1.5,2.123782516242639,60,sub-HUP171,01,False
RD11-RD12,0.08315056563994029,True,14.75,17.0,7.094059316713357,61,sub-HUP171,01,True
RA08-RA09,0.08029701186298252,True,-1.25,4.25,2.283535338282048,62,sub-HUP171,01,False
RG02-RG03,0.07995601613078714,True,14.5,16.75,6.7504562475864045,63,sub-HUP171,01,False
RI07-RI08,0.07856364604689874,True,14.75,17.25,6.702722475844034,64,sub-HUP171,01,False
RD04-RD05,0.07849463490293826,True,13.5,16.75,6.348041257312133,65,sub-HUP171,01,False
LG04-LG05,0.07766413531995146,True,-3.0,-1.5,1.725515618178968,66,sub-HUP171,01,True
LA07-LA08,0.07393052837502449,True,3.5,5.25,3.350829735313559,67,sub-HUP171,01,False
RB06-RB07,0.07292539507138288,True,-2.5,7.75,1.7498504328964575,68,sub-HUP171,01,False
LI01-LI02,0.0729120368473785,True,14.75,15.75,6.2205507601411005,69,sub-HUP171,01,False
RA09-RA10,0.07204699663374912,True,2.0,8.75,2.8812886586593214,70,sub-HUP171,01,False
LD10-LD11,0.07099832554536621,True,5.25,6.75,3.659607208463194,71,sub-HUP171,01,False
LB01-LB02,0.07075015099736082,True,6.25,9.5,3.898319543225501,72,sub-HUP171,01,False
LH02-LH03,0.06964574538392997,True,14.25,15.5,5.8180951426461505,73,sub-HUP171,01,True
LC06-LC07,0.06920275526386706,True,4.25,6.25,3.321050811931078,74,sub-HUP171,01,False
LD04-LD05,0.06863285501413145,True,14.75,17.25,5.855468820909225,75,sub-HUP171,01,False
LD09-LD10,0.0679091249223215,True,15.0,16.25,5.8540744724430365,76,sub-HUP171,01,True
LH01-LH02,0.06764829859208465,True,15.0,17.25,5.831590060174038,77,sub-HUP171,01,False
LB02-LB03,0.06763419692830754,True,3.75,7.75,3.1255615516141164,78,sub-HUP171,01,False
RG11-RG12,0.06581856931369769,True,13.5,16.5,5.322898743554398,79,sub-HUP171,01,False
LE09-LE10,0.06560271173575892,True,14.75,16.75,5.596949639596648,80,sub-HUP171,01,False
RE09-RE10,0.06467524263734356,True,8.25,8.75,4.023411762680487,81,sub-HUP171,01,False
LI04-LI05,0.06423293447083649,True,14.75,16.5,5.480085958715352,82,sub-HUP171,01,False
LC05-LC06,0.060345986086524375,True,3.5,9.75,2.735123487279922,83,sub-HUP171,01,False
LG09-LG10,0.06001221812732022,True,15.0,17.25,5.173325301654009,84,sub-HUP171,01,True
RB01-RB02,0.05950117031307202,True,3.5,5.0,2.6968330289703824,85,sub-HUP171,01,False
LG10-LG11,0.05946742392932819,True,16.25,17.25,5.390607013494754,86,sub-HUP171,01,False
LG06-LG07,0.05588799555760443,True,15.0,16.75,4.8177986166663365,87,sub-HUP171,01,True
RE08-RE09,0.055882971229397185,True,13.5,16.75,4.519384125858532,88,sub-HUP171,01,False
LA05-LA06,0.05479010637006708,True,14.75,15.5,4.674463265125292,89,sub-HUP171,01,False
LH03-LH04,0.05410885789367371,True,14.75,17.25,4.616341987611891,90,sub-HUP171,01,True
RA07-RA08,0.05308443491844052,True,3.5,9.0,2.4060006998018286,91,sub-HUP171,01,False
LA06-LA07,0.05300632790594833,True,4.25,8.0,2.5437817852528335,92,sub-HUP171,01,False
LE06-LE07,0.052423694805614325,True,13.75,16.75,4.286213783230123,93,sub-HUP171,01,False
LE07-LE08,0.05191363863157853,True,5.0,8.0,2.629751429803002,94,sub-HUP171,01,False
LG07-LG08,0.051179583731777535,True,14.75,17.25,4.366428538443175,95,sub-HUP171,01,True
LC02-LC03,0.049966568567877755,True,5.5,8.0,2.619931350105965,96,sub-HUP171,01,False
LF01-LF02,0.04869584816478637,True,15.0,17.0,4.19780290176787,97,sub-HUP171,01,False
RA04-RA05,0.048105062676925374,True,8.5,10.5,3.0353411391548333,98,sub-HUP171,01,False
LF04-LF05,0.047490647580264944,True,15.0,17.25,4.093909146928729,99,sub-HUP171,01,True
LE05-LE06,0.046791724102439765,True,16.5,17.25,4.2831634406222845,100,sub-HUP171,01,False
RE03-RE04,0.04586254627303022,True,14.75,18.0,3.912801087670642,101,sub-HUP171,01,False
RA03-RA04,0.045755425855138254,True,10.0,11.5,3.1310622456682506,102,sub-HUP171,01,False
LG11-LG12,0.043719838689248905,True,16.5,17.75,4.001972962007843,103,sub-HUP171,01,False
LI02-LI03,0.04300217200494837,True,14.75,17.0,3.6687658899590545,104,sub-HUP171,01,False
RE07-RE08,0.04266755483616825,True,14.5,17.25,3.602298814412078,105,sub-HUP171,01,False
RB03-RB04,0.042367383540544444,True,14.5,18.0,3.5769562161193447,106,sub-HUP171,01,False
LF06-LF07,0.04081659761988994,True,15.0,17.75,3.518575779792401,107,sub-HUP171,01,False
RB04-RB05,0.04022929133073868,True,9.5,14.5,2.6814025629779485,108,sub-HUP171,01,False
LE04-LE05,0.04021209491520752,True,6.75,8.25,2.287152102793517,109,sub-HUP171,01,False
LG05-LG06,0.03743944206876451,True,16.25,17.25,3.3938130435422833,110,sub-HUP171,01,True
LF05-LF06,0.03647022489603381,True,13.5,17.0,2.9494307807119764,111,sub-HUP171,01,True
LG03-LG04,0.035416384826023974,True,16.0,17.75,3.178952042871825,112,sub-HUP171,01,True
RA01-RA02,0.034363873852239574,True,10.25,17.25,2.382073146908113,113,sub-HUP171,01,False
LA01-LA02,0.03309413578570124,True,9.5,10.75,2.2058231099764725,114,sub-HUP171,01,False
LI06-LI07,0.03226746929582615,True,10.0,15.5,2.2080759382567323,115,sub-HUP171,01,False
LA02-LA03,0.031040890318738034,True,9.5,16.0,2.0689681598786756,116,sub-HUP171,01,False
RA05-RA06,0.02859260275735212,True,8.75,14.0,1.8295511739950876,117,sub-HUP171,01,False
LC01-LC02,0.0,False,,,,118,sub-HUP171,01,False
LC03-LC04,0.0,False,,,,118,sub-HUP171,01,False
LC04-LC05,0.0,False,,,,118,sub-HUP171,01,False
LF07-LF08,0.0,False,,,,118,sub-HUP171,01,False
LH06-LH07,0.0,False,,,,118,sub-HUP171,01,False
LH07-LH08,0.0,False,,,,118,sub-HUP171,01,False
LI03-LI04,0.0,False,,,,118,sub-HUP171,01,False
RA09-RA10,1.0,True,20.5,21.0,286.8518152662275,1,sub-HUP171,02,False
RE08-RE09,0.28117392014629095,True,-9.0,-6.75,2.6444344065404874,2,sub-HUP171,02,False
RB10-RB11,0.2534042628352586,True,0.5,1.25,25.024244731153725,3,sub-HUP171,02,False
LC11-LC12,0.21939769530244554,True,1.5,2.0,23.72944958594858,4,sub-HUP171,02,False
RE10-RE11,0.19299283420103017,True,-8.75,-8.25,2.268866591145065,5,sub-HUP171,02,False
LG02-LG03,0.1806180167251781,True,22.75,23.25,55.6326998502444,6,sub-HUP171,02,True
RG01-RG02,0.17372909308127268,True,21.75,23.0,51.87690349012006,7,sub-HUP171,02,False
LH02-LH03,0.16622745815353188,True,20.75,23.25,48.073489496451415,8,sub-HUP171,02,True
RD03-RD04,0.12126044852031173,True,22.25,23.0,36.77957042105113,9,sub-HUP171,02,False
RG02-RG03,0.11278368134022197,True,21.75,23.0,33.67811371357381,10,sub-HUP171,02,False
LA07-LA08,0.10063044349314546,True,20.5,21.0,28.866025387054304,11,sub-HUP171,02,False
LC10-LC11,0.0950923042559215,True,1.5,2.25,10.284921346789645,12,sub-HUP171,02,False
LI01-LI02,0.091777214461887,True,-6.0,-4.0,3.4526505663567413,13,sub-HUP171,02,False
LD05-LD06,0.08291924236844109,True,22.75,23.5,25.54020582294489,14,sub-HUP171,02,False
LI03-LI04,0.08269937734052152,True,22.75,23.5,25.472484532856612,15,sub-HUP171,02,False
LF03-LF04,0.07616118093437017,True,22.0,23.0,22.921414299114684,16,sub-HUP171,02,False
LF04-LF05,0.07439521561449887,True,22.25,23.0,22.56485197829705,17,sub-HUP171,02,True
LI02-LI03,0.07270835374784967,True,22.75,23.5,22.395119235608608,18,sub-HUP171,02,False
LB04-LB05,0.07258501748555854,True,4.0,5.5,9.557246438560218,19,sub-HUP171,02,False
LH03-LH04,0.07036335125908677,True,22.0,23.0,21.17650364525559,20,sub-HUP171,02,True
RB05-RB06,0.06885881983842197,True,19.75,21.25,19.266565726731425,21,sub-HUP171,02,False
LC08-LC09,0.06743529790955602,True,0.75,2.25,6.817945226148559,22,sub-HUP171,02,False
RG11-RG12,0.06481633215034327,True,22.25,23.0,19.659475796499898,23,sub-HUP171,02,False
RB11-RB12,0.06294333629917638,True,0.0,1.5,5.9198066479775004,24,sub-HUP171,02,False
LB07-LB08,0.06289532445407638,True,2.75,4.25,7.541996209523918,25,sub-HUP171,02,False
LC04-LC05,0.06285225536550722,True,-4.0,-0.5,3.546744303968308,26,sub-HUP171,02,False
LC09-LC10,0.060996506150256015,True,0.75,4.75,6.166960787756046,27,sub-HUP171,02,False
RD08-RD09,0.05850905093494614,True,22.5,23.25,17.88398009118976,28,sub-HUP171,02,True
LH01-LH02,0.05579415738082682,True,22.75,23.75,17.185326620476296,29,sub-HUP171,02,False
RI01-RI02,0.0550442046162052,True,-2.0,-0.5,4.141516069257475,30,sub-HUP171,02,False
RA06-RA07,0.05256361694297639,True,-0.75,0.75,4.5728266448434605,31,sub-HUP171,02,False
RI07-RI08,0.051530795287082744,True,22.75,23.5,15.87215560899818,32,sub-HUP171,02,False
LA08-LA09,0.05091868133954553,True,20.0,21.0,14.366671645781528,33,sub-HUP171,02,False
RD09-RD10,0.0507000925923777,True,-4.5,-0.5,2.6225827792980807,34,sub-HUP171,02,True
RE03-RE04,0.05055002892011721,True,-1.75,0.5,3.9222305688308636,35,sub-HUP171,02,False
LB11-LB12,0.048695832923256736,True,4.0,4.75,6.411765015708843,36,sub-HUP171,02,False
LC05-LC06,0.04865591051173145,True,-4.0,-0.25,2.745646476141893,37,sub-HUP171,02,False
RD10-RD11,0.04853743635238226,True,-2.25,1.25,3.5378246189143012,38,sub-HUP171,02,True
LF02-LF03,0.0470320465946887,True,22.5,23.5,14.375898626052395,39,sub-HUP171,02,False
LE07-LE08,0.046967725319551686,True,1.75,2.75,5.190332225749434,40,sub-HUP171,02,False
RB03-RB04,0.04542367698094764,True,4.75,5.25,6.301327767910193,41,sub-HUP171,02,False
RG07-RG08,0.04387587992221791,True,-3.5,0.75,2.682235826675181,42,sub-HUP171,02,False
RD04-RD05,0.04331717019289583,True,22.0,23.0,13.036704421800176,43,sub-HUP171,02,False
LE05-LE06,0.04321464059269914,True,22.75,23.5,13.310671730428103,44,sub-HUP171,02,False
LB08-LB09,0.04205913500850854,True,2.75,5.75,5.043456561570645,45,sub-HUP171,02,False
LG03-LG04,0.04199648217736907,True,22.75,23.75,12.935463084475455,46,sub-HUP171,02,True
LG09-LG10,0.04169554774403061,True,23.0,23.75,12.940807785033758,47,sub-HUP171,02,True
RI06-RI07,0.041564344930906716,True,-4.25,2.5,2.247742452926155,48,sub-HUP171,02,False
LE08-LE09,0.04079688163555421,True,-0.5,2.25,3.645090680866275,49,sub-HUP171,02,False
RI03-RI04,0.040489143060763774,True,-2.25,1.75,2.951195981575214,50,sub-HUP171,02,True
RB01-RB02,0.040365764980755614,True,4.0,5.25,5.3149475878936165,51,sub-HUP171,02,False
RG06-RG07,0.04028293473539473,True,21.5,23.25,11.934093049921866,52,sub-HUP171,02,False
RE09-RE10,0.040141198655345635,True,0.0,1.0,3.775270721720704,53,sub-HUP171,02,False
LB03-LB04,0.038773244758209036,True,5.0,6.5,5.469922447206886,54,sub-HUP171,02,False
RB08-RB09,0.038712335425513826,True,1.25,2.5,4.095997262706293,55,sub-HUP171,02,False
RG05-RG06,0.038701584363987344,True,-2.25,-0.25,2.8209033736324045,56,sub-HUP171,02,False
RG09-RG10,0.038271418952552816,True,-3.5,1.0,2.3396219342885742,57,sub-HUP171,02,False
LE09-LE10,0.03827037235880726,True,22.5,23.5,11.69778976774575,58,sub-HUP171,02,False
RD06-RD07,0.03813726212085088,True,-4.0,2.25,2.152080564324593,59,sub-HUP171,02,False
RB06-RB07,0.03671634916776747,True,-0.25,0.5,3.3668352863949744,60,sub-HUP171,02,False
LC07-LC08,0.03665636358895171,True,1.5,3.0,3.964651180994129,61,sub-HUP171,02,False
LG10-LG11,0.035577252492860104,True,23.0,24.5,11.041907612201335,62,sub-HUP171,02,False
RA07-RA08,0.034859477388314186,True,3.75,5.5,4.507973280687267,63,sub-HUP171,02,False
LF05-LF06,0.03375456139053204,True,21.5,23.25,10.000018100467774,64,sub-HUP171,02,True
RB07-RB08,0.03366080379128201,True,-2.75,2.5,2.2951985037265343,65,sub-HUP171,02,False
RD05-RD06,0.0335286591717294,True,-3.25,1.75,2.1285199357789923,66,sub-HUP171,02,False
RG10-RG11,0.03271804413177486,True,0.5,1.75,3.2309809405633336,67,sub-HUP171,02,False
LB05-LB06,0.032479201323498616,True,2.25,4.5,3.74196045118114,68,sub-HUP171,02,False
RI02-RI03,0.032449039042391215,True,-1.75,1.25,2.517755490553296,69,sub-HUP171,02,True
RB09-RB10,0.03239723548274555,True,-4.25,1.25,1.751997816230811,70,sub-HUP171,02,False
LD10-LD11,0.03238101814055375,True,22.5,23.5,9.89763933108396,71,sub-HUP171,02,False
LC03-LC04,0.03112162488288507,True,-1.0,-0.25,2.634283650006938,72,sub-HUP171,02,False
LE03-LE04,0.030517561426743223,True,20.75,23.25,8.825772137782518,73,sub-HUP171,02,False
LF01-LF02,0.028814332190964194,True,23.0,23.75,8.942938863077107,74,sub-HUP171,02,False
RG08-RG09,0.02868398750399697,True,0.25,1.0,2.7651656497410495,75,sub-HUP171,02,False
LG07-LG08,0.02862919565020834,True,22.75,23.75,8.818164862176447,76,sub-HUP171,02,True
RB04-RB05,0.027942595460021112,True,0.5,5.25,2.759394571313033,77,sub-HUP171,02,False
LD11-LD12,0.02633598518974634,True,20.75,23.5,7.616447495868002,78,sub-HUP171,02,False
RA03-RA04,0.026249752623694028,True,4.0,8.5,3.456296677558843,79,sub-HUP171,02,False
RA02-RA03,0.026063531896823807,True,20.75,23.25,7.537653169942091,80,sub-HUP171,02,False
LD09-LD10,0.025196866495237353,True,22.75,23.75,7.760962811528939,81,sub-HUP171,02,True
LE02-LE03,0.025154332681312588,True,2.75,6.5,3.0163431603582005,82,sub-HUP171,02,False
LF06-LF07,0.024896679008815988,True,22.25,23.5,7.551424805274991,83,sub-HUP171,02,False
LE10-LE11,0.0243176307598787,True,20.75,23.25,7.03273321928477,84,sub-HUP171,02,False
RA08-RA09,0.02369638318496449,True,3.5,5.25,3.0086633501636344,85,sub-HUP171,02,False
LG04-LG05,0.023666767267375828,True,-1.75,3.25,1.8363296722974838,86,sub-HUP171,02,True
LD03-LD04,0.023615481913355985,True,22.75,23.5,7.27387577897962,87,sub-HUP171,02,False
LI07-LI08,0.02288452736501936,True,23.0,23.75,7.102539381424926,88,sub-HUP171,02,False
LE04-LE05,0.021817989545636834,True,2.25,6.25,2.5136718477430287,89,sub-HUP171,02,False
LB06-LB07,0.021630953719446466,True,3.5,7.25,2.7464215604885296,90,sub-HUP171,02,False
LC02-LC03,0.021575387170675576,True,-1.0,4.5,1.8262442876990062,91,sub-HUP171,02,False
LB01-LB02,0.02154069232182873,True,21.25,23.25,6.330928990376906,92,sub-HUP171,02,False
RB02-RB03,0.020885443046795595,True,0.25,5.5,2.0133780104518175,93,sub-HUP171,02,False
RA01-RA02,0.02030759846251042,True,2.0,10.5,2.291910091541809,94,sub-HUP171,02,False
RA05-RA06,0.020026961185538896,True,4.75,6.25,2.7782085249995787,95,sub-HUP171,02,False
LC06-LC07,0.01988629109628183,True,3.5,8.0,2.524906637652273,96,sub-HUP171,02,False
LA09-LA10,0.019812383975303098,True,3.0,11.5,2.4223553444220896,97,sub-HUP171,02,False
LB02-LB03,0.01953594737909981,True,1.5,6.5,2.1129541848971547,98,sub-HUP171,02,False
RD07-RD08,0.017506342965804344,True,22.25,24.25,5.3098580929133,99,sub-HUP171,02,False
LE11-LE12,0.017343617345515493,True,23.0,24.0,5.382838948257388,100,sub-HUP171,02,False
LE06-LE07,0.01702021651818715,True,5.5,17.5,2.481158690794306,101,sub-HUP171,02,False
LD06-LD07,0.016172543583236117,True,7.0,11.0,2.585740958475371,102,sub-HUP171,02,False
LG11-LG12,0.015476222343248957,True,22.75,24.25,4.766877900933093,103,sub-HUP171,02,False
LA05-LA06,0.014754587535066064,True,22.0,23.0,4.440530064721997,104,sub-HUP171,02,False
LD02-LD03,0.014634385278102551,True,22.0,23.25,4.404354079820666,105,sub-HUP171,02,False
RE07-RE08,0.013878504476102825,True,22.5,23.5,4.242128248193219,106,sub-HUP171,02,False
LE01-LE02,0.012479515085734017,True,8.0,8.75,2.1126520658272567,107,sub-HUP171,02,False
LH06-LH07,0.012183645640908217,True,22.75,25.0,3.7527214245393656,108,sub-HUP171,02,False
LI05-LI06,0.011356184442355729,True,16.25,19.5,2.8036223179321507,109,sub-HUP171,02,False
LC01-LC02,0.011079112495673568,True,20.75,24.25,3.2041132319958443,110,sub-HUP171,02,False
LD04-LD05,0.010906194067248447,True,16.0,16.75,2.666885269237227,111,sub-HUP171,02,False
RA04-RA05,0.010570542757724575,True,16.75,23.25,2.6593704384350394,112,sub-HUP171,02,False
LI04-LI05,0.01032293083973331,True,16.0,17.0,2.524260252668058,113,sub-HUP171,02,False
LA02-LA03,0.009681568873234441,True,23.75,25.25,3.0731041540832877,114,sub-HUP171,02,False
RD11-RD12,0.009656462339674902,True,15.5,18.0,2.3158796936142805,115,sub-HUP171,02,True
LI06-LI07,0.009082386651407287,True,13.5,21.25,2.0073616000258836,116,sub-HUP171,02,False
LG05-LG06,0.008803128686712519,True,17.0,18.75,2.2354171469755264,117,sub-HUP171,02,True
LD01-LD02,0.008304106621360522,True,20.5,24.75,2.382048058501565,118,sub-HUP171,02,False
LA06-LA07,0.007605068373540063,True,20.25,28.0,2.1636462938444505,119,sub-HUP171,02,False
LG08-LG09,0.007567088369058131,True,13.75,19.0,1.6902470354074324,120,sub-HUP171,02,True
LG06-LG07,0.005517057546667493,True,17.0,23.75,1.4009706639057335,121,sub-HUP171,02,True
LA01-LA02,0.0,False,,,,122,sub-HUP171,02,False
LF07-LF08,0.0,False,,,,122,sub-HUP171,02,False
LH07-LH08,0.0,False,,,,122,sub-HUP171,02,False
RB10-RB11,1.0,True,-9.75,-6.75,5.006336933049441,1,sub-HUP171,03,False
RG08-RG09,0.7888983148982526,True,-8.75,-7.0,7.89898154059118,2,sub-HUP171,03,False
LC07-LC08,0.7194827713530667,True,-8.75,-8.0,7.203946341835248,3,sub-HUP171,03,False
LH03-LH04,0.5515387310286494,True,-8.25,-7.75,6.902971797889873,4,sub-HUP171,03,True
RD07-RD08,0.5410150511454523,True,-8.75,-6.25,5.417007263770221,5,sub-HUP171,03,False
RG09-RG10,0.529338711557557,True,-8.5,-7.0,5.962607868967656,6,sub-HUP171,03,False
LC08-LC09,0.5269642459700636,True,-8.75,-7.0,5.276321133992959,7,sub-HUP171,03,False
RG07-RG08,0.5215998044099229,True,-7.25,-6.75,9.139565277810666,8,sub-HUP171,03,False
RG10-RG11,0.4957680426202068,True,-8.5,-7.0,5.5844591894891344,9,sub-HUP171,03,False
LF04-LF05,0.47287608784180185,True,-8.75,-7.5,4.734754046636689,10,sub-HUP171,03,True
RI03-RI04,0.45490871949386924,True,-8.5,-6.75,5.124209228028868,11,sub-HUP171,03,True
RD09-RD10,0.4499101616036856,True,-8.75,-6.25,4.504803717181547,12,sub-HUP171,03,True
LG08-LG09,0.4464386539517009,True,-8.5,-6.25,5.028800223643378,13,sub-HUP171,03,True
LG06-LG07,0.43682099115039225,True,-8.75,-6.0,4.373746122254944,14,sub-HUP171,03,True
LH02-LH03,0.41768302187878514,True,-8.25,-7.25,5.227654846848649,15,sub-HUP171,03,True
LE09-LE10,0.3958080791628636,True,-8.5,-7.0,4.458484361502902,16,sub-HUP171,03,False
RD06-RD07,0.37937849668145107,True,-8.75,-6.75,3.798593159082247,17,sub-HUP171,03,False
LH01-LH02,0.3530233732450392,True,-8.25,-6.25,4.418384879265844,18,sub-HUP171,03,False
RD05-RD06,0.34925929666600913,True,-8.5,-6.0,3.9341468612473043,19,sub-HUP171,03,False
RI01-RI02,0.33776308395137444,True,-8.75,-6.25,3.3819116036128896,20,sub-HUP171,03,False
RG06-RG07,0.33702105252375003,True,-8.5,-6.25,3.796292120545902,21,sub-HUP171,03,False
RE09-RE10,0.33524749653569974,True,-8.5,-7.75,3.776314328142836,22,sub-HUP171,03,False
LG07-LG08,0.33492011624934365,True,-7.5,-6.75,5.449349579700979,23,sub-HUP171,03,True
RB09-RB10,0.328613174189975,True,-8.5,-3.0,3.701583608926233,24,sub-HUP171,03,False
LE10-LE11,0.3272649270017411,True,-8.5,-6.25,3.6863966046162275,25,sub-HUP171,03,False
LE08-LE09,0.32596294888090827,True,-8.5,-7.5,3.6717307870234457,26,sub-HUP171,03,False
RB11-RB12,0.3241589645814508,True,-9.0,-7.75,2.8399857439855705,27,sub-HUP171,03,False
LE05-LE06,0.3198454530830793,True,-8.5,-7.25,3.6028217354349423,28,sub-HUP171,03,False
LE11-LE12,0.31628816590209125,True,-8.5,-7.0,3.562751534494744,29,sub-HUP171,03,False
LE04-LE05,0.2992586018150413,True,-8.5,-6.5,3.3709261292986,30,sub-HUP171,03,False
RE08-RE09,0.27328462916268315,True,-8.5,-5.0,3.0783485974766873,31,sub-HUP171,03,False
RE03-RE04,0.27256469252372156,True,-8.25,-5.75,3.4113767170669305,32,sub-HUP171,03,False
LD06-LD07,0.27136211298400226,True,-8.5,-7.0,3.056692879039828,33,sub-HUP171,03,False
LG05-LG06,0.2687699965352913,True,-8.5,-6.25,3.027494610337948,34,sub-HUP171,03,True
RG05-RG06,0.2582897139865548,True,-7.25,-6.25,4.525798670951831,35,sub-HUP171,03,False
LG04-LG05,0.25575030397179477,True,-8.5,-6.0,2.880837432928389,36,sub-HUP171,03,True
RD08-RD09,0.24914134632338697,True,-6.75,-6.25,4.989142094593735,37,sub-HUP171,03,True
LD11-LD12,0.2389334216491793,True,-8.25,-5.75,2.990453033355403,38,sub-HUP171,03,False
LD09-LD10,0.2380200016527938,True,-8.5,-5.5,2.6811187314274587,39,sub-HUP171,03,True
RE10-RE11,0.22605452582048852,True,-8.25,-5.0,2.8292628037452254,40,sub-HUP171,03,False
LE06-LE07,0.22227722730027816,True,-8.25,-5.5,2.78198673102302,41,sub-HUP171,03,False
LD10-LD11,0.2197101978912875,True,-8.25,-5.5,2.749858195676885,42,sub-HUP171,03,False
RD10-RD11,0.21765466538312345,True,-8.5,-3.25,2.451718327405609,43,sub-HUP171,03,True
LG02-LG03,0.18698454285101343,True,-7.25,-6.25,3.2763766797453804,44,sub-HUP171,03,True
RI02-RI03,0.17584722485341053,True,-7.5,-6.0,2.861138983163106,45,sub-HUP171,03,True
LC09-LC10,0.16603396079879354,True,-6.0,-3.5,3.9483042629155456,46,sub-HUP171,03,False
RE07-RE08,0.15971024462948738,True,-7.25,-3.0,2.7984715369623734,47,sub-HUP171,03,False
LE03-LE04,0.14884009375559565,True,-7.0,-5.5,2.794288719326925,48,sub-HUP171,03,False
LC01-LC02,0.11405273202574795,True,-6.0,-5.25,2.7121854221145405,49,sub-HUP171,03,False
LC02-LC03,0.1117012134347031,True,2.25,4.5,7.269780833699703,50,sub-HUP171,03,False
LB04-LB05,0.08934637759422892,True,2.75,3.5,6.038523944786285,51,sub-HUP171,03,False
RB08-RB09,0.08765149628897763,True,4.75,6.25,6.801600308182598,52,sub-HUP171,03,False
LC10-LC11,0.0846262529857148,True,4.5,5.75,6.460929921376535,53,sub-HUP171,03,False
LC11-LC12,0.08304905044201072,True,-4.25,-3.75,2.702514935136408,54,sub-HUP171,03,False
LB05-LB06,0.07953265824793603,True,3.25,4.5,5.574341981183379,55,sub-HUP171,03,False
LB07-LB08,0.07889912569080754,True,3.25,5.0,5.529938497036797,56,sub-HUP171,03,False
RB07-RB08,0.0776261518886287,True,5.75,7.5,6.412274074314034,57,sub-HUP171,03,False
RB02-RB03,0.07291333419834413,True,6.25,8.5,6.2054882044521005,58,sub-HUP171,03,False
RB06-RB07,0.06798592557737779,True,6.75,8.75,5.956307877547599,59,sub-HUP171,03,False
LB08-LB09,0.06660457072208262,True,3.5,6.75,4.751590143001087,60,sub-HUP171,03,False
LC05-LC06,0.054077870683178424,True,-2.5,-2.0,2.2335393404104087,61,sub-HUP171,03,False
RA07-RA08,0.053854149670826086,True,5.5,7.75,4.381195300544222,62,sub-HUP171,03,False
LB06-LB07,0.05125631950766881,True,3.25,6.25,3.5924896756479483,63,sub-HUP171,03,False
RA09-RA10,0.0512386836580252,True,4.0,6.25,3.7836421873706234,64,sub-HUP171,03,False
RA08-RA09,0.048643144678155795,True,3.25,6.25,3.4093356043868623,65,sub-HUP171,03,False
RB01-RB02,0.04673419853951666,True,6.5,8.25,4.035933237188619,66,sub-HUP171,03,False
LF02-LF03,0.04507032757793351,True,0.0,0.5,2.4256003895339866,67,sub-HUP171,03,False
LE01-LE02,0.043026737819242995,True,3.25,5.0,3.015688853143559,68,sub-HUP171,03,False
RB03-RB04,0.04125487156570064,True,3.75,8.5,2.9947689142198852,69,sub-HUP171,03,False
RB04-RB05,0.041109590556340725,True,4.75,8.5,3.190031153323611,70,sub-HUP171,03,False
LB11-LB12,0.0405889210265919,True,2.25,7.0,2.6416235873047027,71,sub-HUP171,03,False
LI01-LI02,0.03614272763246501,True,2.5,8.75,2.397490406750119,72,sub-HUP171,03,False
RB05-RB06,0.034438726620823826,True,6.75,10.0,3.017207707657908,73,sub-HUP171,03,False
LB01-LB02,0.03350903593631351,True,2.5,10.5,2.2227871956347265,74,sub-HUP171,03,False
RD11-RD12,0.03320138983371643,True,12.75,14.5,3.9061075875980094,75,sub-HUP171,03,True
LA07-LA08,0.03191723147598406,True,5.25,7.25,2.5566146358225144,76,sub-HUP171,03,False
LA02-LA03,0.03164866470219946,True,4.5,7.5,2.4162691544498704,77,sub-HUP171,03,False
LE02-LE03,0.02830979620717421,True,4.75,10.0,2.196789863945728,78,sub-HUP171,03,False
LE07-LE08,0.027859870360026302,True,6.25,13.5,2.3710902648672745,79,sub-HUP171,03,False
LI05-LI06,0.026323458388311193,True,9.25,19.5,2.6356820386998487,80,sub-HUP171,03,False
RG01-RG02,0.026049831923503856,True,7.25,9.5,2.347456241850619,81,sub-HUP171,03,False
LG10-LG11,0.02514193013062425,True,17.5,18.75,3.55579849801587,82,sub-HUP171,03,False
RI06-RI07,0.023816388921339214,True,13.0,15.0,2.8317806023832888,83,sub-HUP171,03,False
RI07-RI08,0.023557708667197287,True,13.0,14.75,2.801023390266957,84,sub-HUP171,03,False
LI06-LI07,0.023116225508103244,True,12.25,13.5,2.6617351108200875,85,sub-HUP171,03,False
RA01-RA02,0.021618238110263928,True,7.75,18.5,2.002221401759118,86,sub-HUP171,03,False
LG09-LG10,0.021182546442667476,True,16.75,18.75,2.9162915262789335,87,sub-HUP171,03,True
LI02-LI03,0.020320015165044555,True,11.25,12.25,2.23803453281952,88,sub-HUP171,03,False
LI07-LI08,0.018981988436644788,True,12.25,19.75,2.1856952847811213,89,sub-HUP171,03,False
LG11-LG12,0.018595808619922927,True,17.75,20.25,2.6532611795744203,90,sub-HUP171,03,False
LI04-LI05,0.017533233147092084,True,11.5,12.5,1.9530443166861964,91,sub-HUP171,03,False
RA04-RA05,0.013589198449294819,True,23.25,25.75,2.3130916069662564,92,sub-HUP171,03,False
LA01-LA02,0.0,False,,,,93,sub-HUP171,03,False
LA05-LA06,0.0,False,,,,93,sub-HUP171,03,False
LA06-LA07,0.0,False,,,,93,sub-HUP171,03,False
LA08-LA09,0.0,False,,,,93,sub-HUP171,03,False
LA09-LA10,0.0,False,,,,93,sub-HUP171,03,False
LB02-LB03,0.0,False,,,,93,sub-HUP171,03,False
LB03-LB04,0.0,False,,,,93,sub-HUP171,03,False
LC03-LC04,0.0,False,,,,93,sub-HUP171,03,False
LC04-LC05,0.0,False,,,,93,sub-HUP171,03,False
LC06-LC07,0.0,False,,,,93,sub-HUP171,03,False
LD01-LD02,0.0,False,,,,93,sub-HUP171,03,False
LD02-LD03,0.0,False,,,,93,sub-HUP171,03,False
LD03-LD04,0.0,False,,,,93,sub-HUP171,03,False
LD04-LD05,0.0,False,,,,93,sub-HUP171,03,False
LD05-LD06,0.0,False,,,,93,sub-HUP171,03,False
LF01-LF02,0.0,False,,,,93,sub-HUP171,03,False
LF03-LF04,0.0,False,,,,93,sub-HUP171,03,False
LF05-LF06,0.0,False,,,,93,sub-HUP171,03,True
LF06-LF07,0.0,False,,,,93,sub-HUP171,03,False
LF07-LF08,0.0,False,,,,93,sub-HUP171,03,False
LG03-LG04,0.0,False,,,,93,sub-HUP171,03,True
LH06-LH07,0.0,False,,,,93,sub-HUP171,03,False
LH07-LH08,0.0,False,,,,93,sub-HUP171,03,False
LI03-LI04,0.0,False,,,,93,sub-HUP171,03,False
RA02-RA03,0.0,False,,,,93,sub-HUP171,03,False
RA03-RA04,0.0,False,,,,93,sub-HUP171,03,False
RA05-RA06,0.0,False,,,,93,sub-HUP171,03,False
RA06-RA07,0.0,False,,,,93,sub-HUP171,03,False
RD03-RD04,0.0,False,,,,93,sub-HUP171,03,False
RD04-RD05,0.0,False,,,,93,sub-HUP171,03,False
RG02-RG03,0.0,False,,,,93,sub-HUP171,03,False
RG11-RG12,0.0,False,,,,93,sub-HUP171,03,False
LH01-LH02,1.0,True,0.75,1.25,73.43245066634384,1,sub-HUP172,01,True
LK04-LK05,0.9452283659570884,True,-1.25,0.75,57.33905529042961,2,sub-HUP172,01,False
LL04-LL05,0.7709863099022801,True,-0.5,1.0,50.4615648004207,3,sub-HUP172,01,False
LM04-LM05,0.6666406207511525,True,-9.75,-9.0,4.256787347433899,4,sub-HUP172,01,False
LH02-LH03,0.5063280796303242,True,0.5,1.25,36.37263103868973,5,sub-HUP172,01,True
LL05-LL06,0.4838112028387437,True,-0.25,1.0,32.43809947695177,6,sub-HUP172,01,False
LE08-LE09,0.4566391594501806,True,-2.0,1.0,25.513579113100292,7,sub-HUP172,01,False
LL03-LL04,0.4235138327102308,True,-1.0,1.25,26.367101879420012,8,sub-HUP172,01,False
LL06-LL07,0.3022960518154467,True,-0.5,1.5,19.785476877702187,9,sub-HUP172,01,False
LE09-LE10,0.25847929497637095,True,-2.0,0.75,14.441888753952814,10,sub-HUP172,01,True
LE06-LE07,0.24570988494680338,True,-1.0,1.25,15.2973930691082,11,sub-HUP172,01,False
LK02-LK03,0.22088405847998832,True,0.75,1.25,16.22005772731355,12,sub-HUP172,01,False
LE07-LE08,0.20879405339504833,True,-2.75,1.0,10.665919321988067,13,sub-HUP172,01,False
LE05-LE06,0.19193533343183905,True,-0.25,1.5,12.868692172634663,14,sub-HUP172,01,False
LI08-LI09,0.15613728438636248,True,-0.25,1.5,10.46853965610642,15,sub-HUP172,01,False
RB07-RB08,0.15583998768944743,True,4.0,6.0,14.677804788328038,16,sub-HUP172,01,False
LF02-LF03,0.14072593347240916,True,-2.25,1.25,7.638063167051904,17,sub-HUP172,01,False
LF04-LF05,0.13800322303050852,True,-1.0,0.0,8.591797387225785,18,sub-HUP172,01,False
RE05-RE06,0.13412302464415357,True,3.75,5.5,12.4182821444207,19,sub-HUP172,01,False
LG03-LG04,0.13009227245482619,True,2.25,3.75,10.799037124213093,20,sub-HUP172,01,False
LB07-LB08,0.1278982993048303,True,5.75,6.75,13.47531405575524,21,sub-HUP172,01,False
LL07-LL08,0.12031955995341491,True,0.75,2.0,8.83536015047534,22,sub-HUP172,01,False
LF03-LF04,0.119763070137209,True,-3.0,0.0,5.926725389663364,23,sub-HUP172,01,False
LB08-LB09,0.11425802565324322,True,3.75,6.5,10.579006875150142,24,sub-HUP172,01,False
LK03-LK04,0.09553201196501018,True,0.75,2.0,7.015149755677179,25,sub-HUP172,01,False
LE10-LE11,0.09368657767218284,True,-2.75,1.25,4.785833038616457,26,sub-HUP172,01,True
LI02-LI03,0.08999458570300733,True,1.0,2.25,6.752186517806185,27,sub-HUP172,01,False
LF01-LF02,0.0881795543532234,True,-2.5,1.5,4.645281425416688,28,sub-HUP172,01,False
LH03-LH04,0.08656931003882348,True,1.25,2.0,6.633387744673387,29,sub-HUP172,01,True
LE11-LE12,0.0837740852421342,True,-4.25,0.0,3.4770683896345362,30,sub-HUP172,01,True
LH04-LH05,0.07226845866458863,True,1.5,2.5,5.6529489403344675,31,sub-HUP172,01,True
LI07-LI08,0.07062086105852414,True,1.25,2.5,5.411335195507613,32,sub-HUP172,01,False
LI06-LI07,0.06984983606557262,True,1.0,2.5,5.240749959218613,33,sub-HUP172,01,False
LE04-LE05,0.06924075569418958,True,-0.25,2.25,4.642386343864905,34,sub-HUP172,01,False
LF05-LF06,0.06797111759968552,True,2.25,4.25,5.642323010293662,35,sub-HUP172,01,False
LF06-LF07,0.06776509496679965,True,2.25,4.25,5.625220948664788,36,sub-HUP172,01,False
LI05-LI06,0.06662673199865561,True,-1.0,1.0,4.14804356981497,37,sub-HUP172,01,False
LG02-LG03,0.06473126809281297,True,1.0,1.75,4.856709904073525,38,sub-HUP172,01,False
LG04-LG05,0.06328124527395859,True,5.75,6.25,6.667286887634667,39,sub-HUP172,01,False
LK01-LK02,0.06224059214895012,True,-0.75,2.75,3.974329749932006,40,sub-HUP172,01,False
LE03-LE04,0.058002049947265065,True,0.5,4.0,4.166640656705889,41,sub-HUP172,01,False
LK05-LK06,0.057530235872811766,True,0.75,3.25,4.224586207553374,42,sub-HUP172,01,False
LG01-LG02,0.05624499914315708,True,1.0,2.0,4.219995257956443,43,sub-HUP172,01,False
LE01-LE02,0.055939563822751996,True,-1.25,2.0,3.3933828675438926,44,sub-HUP172,01,False
LI09-LI10,0.05069043724093309,True,-4.5,1.5,2.023001647799031,45,sub-HUP172,01,False
LF07-LF08,0.0485007825684219,True,2.25,4.25,4.026078887134889,46,sub-HUP172,01,False
LJ04-LJ05,0.04844423786369377,True,1.75,3.25,3.8667164206459987,47,sub-HUP172,01,False
LE02-LE03,0.04795344265787585,True,-1.0,1.75,2.985482906042974,48,sub-HUP172,01,False
LD09-LD10,0.047540177054960074,True,1.0,2.25,3.5668828303066853,49,sub-HUP172,01,False
LD08-LD09,0.046608594394431935,True,1.5,3.0,3.645795263398715,50,sub-HUP172,01,False
LD07-LD08,0.04657758606885888,True,1.5,2.5,3.6433697449300935,51,sub-HUP172,01,False
LI03-LI04,0.045710644099197964,True,-1.0,3.0,2.8458508715631536,52,sub-HUP172,01,False
LL02-LL03,0.04405747139766491,True,3.25,5.25,3.938562898130466,53,sub-HUP172,01,False
LD06-LD07,0.04338068601724258,True,0.75,3.25,3.1855500858333174,54,sub-HUP172,01,False
LH06-LH07,0.04229668121638748,True,1.0,4.0,3.1734695862674984,55,sub-HUP172,01,True
LI04-LI05,0.04195513740471971,True,-1.0,3.0,2.6120407336782288,56,sub-HUP172,01,False
RB02-RB03,0.040478867794030954,True,2.0,4.25,3.2955562082183967,57,sub-HUP172,01,False
LI01-LI02,0.036621027065029906,True,1.75,5.0,2.92301278619962,58,sub-HUP172,01,False
LH05-LH06,0.036476186989710585,True,1.5,4.0,2.8532229191150984,59,sub-HUP172,01,True
LH07-LH08,0.035279201772991084,True,1.25,2.25,2.703274689123295,60,sub-HUP172,01,True
RE02-RE03,0.031508196087832306,True,3.75,6.5,2.9173042430152942,61,sub-HUP172,01,False
LJ02-LJ03,0.03062253655402849,True,2.0,6.0,2.4931105031278777,62,sub-HUP172,01,False
LJ05-LJ06,0.03009233275867279,True,1.75,5.75,2.4019062399309155,63,sub-HUP172,01,False
LJ03-LJ04,0.029753117258537628,True,2.0,6.25,2.422327393002889,64,sub-HUP172,01,False
LM02-LM03,0.02871913331866726,True,1.25,6.5,2.2006083554120193,65,sub-HUP172,01,False
LM01-LM02,0.027005601521404344,True,1.75,7.0,2.155529892864635,66,sub-HUP172,01,False
LM09-LM10,0.026533574599446517,True,8.0,9.5,3.176780556155886,67,sub-HUP172,01,False
LM08-LM09,0.019602946719172985,True,13.25,14.0,3.004158089469155,68,sub-HUP172,01,False
LJ08-LJ09,0.011800474981950566,True,23.5,26.5,2.580775612659931,69,sub-HUP172,01,False
LJ09-LJ10,0.00792379470601108,True,20.75,26.75,1.593800470516604,70,sub-HUP172,01,False
LB01-LB02,0.0,False,,,,71,sub-HUP172,01,False
LB02-LB03,0.0,False,,,,71,sub-HUP172,01,False
LB03-LB04,0.0,False,,,,71,sub-HUP172,01,False
LB04-LB05,0.0,False,,,,71,sub-HUP172,01,False
LB05-LB06,0.0,False,,,,71,sub-HUP172,01,False
LB06-LB07,0.0,False,,,,71,sub-HUP172,01,False
LB09-LB10,0.0,False,,,,71,sub-HUP172,01,False
LB10-LB11,0.0,False,,,,71,sub-HUP172,01,False
LD01-LD02,0.0,False,,,,71,sub-HUP172,01,False
LD02-LD03,0.0,False,,,,71,sub-HUP172,01,False
LD03-LD04,0.0,False,,,,71,sub-HUP172,01,False
LD04-LD05,0.0,False,,,,71,sub-HUP172,01,False
LD05-LD06,0.0,False,,,,71,sub-HUP172,01,False
LD10-LD11,0.0,False,,,,71,sub-HUP172,01,False
LD11-LD12,0.0,False,,,,71,sub-HUP172,01,False
LG07-LG08,0.0,False,,,,71,sub-HUP172,01,False
LJ01-LJ02,0.0,False,,,,71,sub-HUP172,01,False
LJ06-LJ07,0.0,False,,,,71,sub-HUP172,01,False
LJ07-LJ08,0.0,False,,,,71,sub-HUP172,01,False
LJ10-LJ11,0.0,False,,,,71,sub-HUP172,01,False
LJ11-LJ12,0.0,False,,,,71,sub-HUP172,01,False
LK06-LK07,0.0,False,,,,71,sub-HUP172,01,False
LK07-LK08,0.0,False,,,,71,sub-HUP172,01,False
LL01-LL02,0.0,False,,,,71,sub-HUP172,01,False
LM03-LM04,0.0,False,,,,71,sub-HUP172,01,False
LM05-LM06,0.0,False,,,,71,sub-HUP172,01,False
LM06-LM07,0.0,False,,,,71,sub-HUP172,01,False
LM07-LM08,0.0,False,,,,71,sub-HUP172,01,False
RB01-RB02,0.0,False,,,,71,sub-HUP172,01,False
RB03-RB04,0.0,False,,,,71,sub-HUP172,01,False
RB04-RB05,0.0,False,,,,71,sub-HUP172,01,False
RB05-RB06,0.0,False,,,,71,sub-HUP172,01,False
RB06-RB07,0.0,False,,,,71,sub-HUP172,01,False
RD01-RD02,0.0,False,,,,71,sub-HUP172,01,False
RD02-RD03,0.0,False,,,,71,sub-HUP172,01,False
RD03-RD04,0.0,False,,,,71,sub-HUP172,01,False
RD04-RD05,0.0,False,,,,71,sub-HUP172,01,False
RE01-RE02,0.0,False,,,,71,sub-HUP172,01,False
RE03-RE04,0.0,False,,,,71,sub-HUP172,01,False
RE04-RE05,0.0,False,,,,71,sub-HUP172,01,False
RE06-RE07,0.0,False,,,,71,sub-HUP172,01,False
LH04-LH05,1.0,True,0.0,0.75,54.11013880666301,1,sub-HUP172,02,True
LH01-LH02,0.735192881865485,True,0.5,1.5,41.77045833178259,2,sub-HUP172,02,True
LH05-LH06,0.7087590129299111,True,0.25,1.25,39.30982478436373,3,sub-HUP172,02,True
LJ01-LJ02,0.6977963537168409,True,-9.0,-7.75,3.7757857558401584,4,sub-HUP172,02,False
LJ02-LJ03,0.6974299780999929,True,-9.0,-6.5,3.7738032922918556,5,sub-HUP172,02,False
LH03-LH04,0.5877517036038056,True,-0.25,0.25,31.008243109208212,6,sub-HUP172,02,True
LE11-LE12,0.3173894999503596,True,1.25,2.25,19.320738635352736,7,sub-HUP172,02,True
LE08-LE09,0.30784318185452253,True,0.5,1.5,17.49030916587467,8,sub-HUP172,02,False
LL05-LL06,0.3001001541450905,True,1.0,1.75,17.862307096360993,9,sub-HUP172,02,False
LL03-LL04,0.2679449277352182,True,-1.0,1.25,13.048683509064551,10,sub-HUP172,02,False
LM03-LM04,0.24480448560955598,True,-7.25,-6.75,3.642761291627373,11,sub-HUP172,02,False
LG01-LG02,0.24449291718285565,True,0.25,1.5,13.56028432816054,12,sub-HUP172,02,False
LE09-LE10,0.23089855815629695,True,0.5,1.5,13.118650683700357,13,sub-HUP172,02,True
LH06-LH07,0.230241996542838,True,0.25,1.5,12.769887051857594,14,sub-HUP172,02,True
LI09-LI10,0.22768749503319477,True,-0.25,1.0,12.012196911767875,15,sub-HUP172,02,False
LJ05-LJ06,0.22696914291349893,True,-7.25,-6.75,3.377366252666659,16,sub-HUP172,02,False
LE07-LE08,0.2212402605167374,True,0.5,1.5,12.569908266492094,17,sub-HUP172,02,False
LE06-LE07,0.21655308611740084,True,1.25,2.25,13.182432242426785,18,sub-HUP172,02,False
LH02-LH03,0.2117803668472779,True,-1.0,1.5,10.313518541969,19,sub-HUP172,02,True
LM05-LM06,0.2077104129125726,True,-7.25,-6.25,3.090790800429363,20,sub-HUP172,02,False
LM04-LM05,0.18730860265598684,True,-7.25,-4.5,2.7872059845843222,21,sub-HUP172,02,False
LL02-LL03,0.16532205942880845,True,-1.0,1.0,8.051039625146595,22,sub-HUP172,02,False
LE10-LE11,0.16467043114254842,True,1.25,2.5,10.02413237228588,23,sub-HUP172,02,True
LG04-LG05,0.1599818979440315,True,-5.5,-4.75,3.895489216937223,24,sub-HUP172,02,False
RB07-RB08,0.14818537528468315,True,5.25,6.0,12.227955119301775,25,sub-HUP172,02,False
LL01-LL02,0.1403814369380118,True,0.75,2.0,8.165763466489226,26,sub-HUP172,02,False
LB06-LB07,0.13952219503056526,True,-5.75,-3.75,3.208565269378533,27,sub-HUP172,02,False
LM09-LM10,0.13562735713415455,True,0.5,2.5,7.7057558765354575,28,sub-HUP172,02,False
LI08-LI09,0.1352874057440461,True,0.5,1.5,7.6864413187838565,29,sub-HUP172,02,False
LK02-LK03,0.13519126482684204,True,0.75,4.5,7.863859463120919,30,sub-HUP172,02,False
LE05-LE06,0.1293224922150163,True,-1.0,2.25,6.297892204120315,31,sub-HUP172,02,False
LB07-LB08,0.1235498584489618,True,-5.25,-4.0,3.1755174953530227,32,sub-HUP172,02,False
LM08-LM09,0.11883336439451864,True,0.5,2.5,6.751594334362677,33,sub-HUP172,02,False
LL06-LL07,0.1166390678300876,True,-1.5,1.75,5.364652727980949,34,sub-HUP172,02,False
LL04-LL05,0.11416036105564539,True,-1.5,-0.75,5.250648035498778,35,sub-HUP172,02,False
LF04-LF05,0.11167015043438706,True,0.75,1.25,6.495673891108045,36,sub-HUP172,02,False
LI04-LI05,0.11117473331797154,True,-1.0,2.0,5.414112226466265,37,sub-HUP172,02,False
RE05-RE06,0.10708002529967124,True,-3.25,-1.25,3.9110276468606835,38,sub-HUP172,02,False
LK05-LK06,0.10697799330211254,True,1.0,1.75,6.367453473519133,39,sub-HUP172,02,False
LG03-LG04,0.10196138801023703,True,0.25,2.25,5.6550734796078,40,sub-HUP172,02,False
LM07-LM08,0.0938488443050102,True,0.25,2.25,5.205128341993732,41,sub-HUP172,02,False
LF03-LF04,0.09204101095596028,True,0.75,2.0,5.353878269637546,42,sub-HUP172,02,False
LF05-LF06,0.08939541076645609,True,-1.25,1.5,4.232548324595147,43,sub-HUP172,02,False
LG02-LG03,0.08789724389231332,True,-5.25,-5.0,2.2591627321746888,44,sub-HUP172,02,False
LL07-LL08,0.0848787072067892,True,-1.5,2.25,3.90387883438605,45,sub-HUP172,02,False
LF06-LF07,0.0798886697145952,True,-1.25,1.5,3.782438631419351,46,sub-HUP172,02,False
LI07-LI08,0.07883639410644042,True,-5.5,0.75,1.9196317026523264,47,sub-HUP172,02,False
LI05-LI06,0.0765113956177046,True,-1.25,2.0,3.6225369575198165,48,sub-HUP172,02,False
LF01-LF02,0.07513128875686187,True,1.0,3.25,4.471900909693003,49,sub-HUP172,02,False
LI03-LI04,0.07281351236149745,True,0.75,2.0,4.235445455447398,50,sub-HUP172,02,False
LD09-LD10,0.07170999621700479,True,0.0,1.25,3.8802378491274085,51,sub-HUP172,02,False
LF02-LF03,0.06980952606855959,True,0.75,3.0,4.0607083815169025,52,sub-HUP172,02,False
LK01-LK02,0.0696599318330395,True,-1.0,1.75,3.3923777226736056,53,sub-HUP172,02,False
LE01-LE02,0.06711893611560006,True,4.25,6.0,5.175336303423199,54,sub-HUP172,02,False
LE04-LE05,0.06496801764833737,True,-3.0,3.0,2.460799917061687,55,sub-HUP172,02,False
LF07-LF08,0.0630132345282221,True,-1.25,4.25,2.983448008606545,56,sub-HUP172,02,False
LK03-LK04,0.05918110130177346,True,-2.0,-0.5,2.5618380849361175,57,sub-HUP172,02,False
LH07-LH08,0.05897382571116955,True,0.25,4.75,3.2708589425711194,58,sub-HUP172,02,True
LI06-LI07,0.058036886902749586,True,0.5,3.75,3.2974032065251015,59,sub-HUP172,02,False
LE02-LE03,0.05626446178979356,True,4.25,5.75,4.33838091819228,60,sub-HUP172,02,False
LE03-LE04,0.055303980379296756,True,3.75,6.75,4.114695825466483,61,sub-HUP172,02,False
LJ06-LJ07,0.05195766911430038,True,1.5,5.5,3.2331521910222802,62,sub-HUP172,02,False
LK04-LK05,0.04983549705235624,True,-1.25,4.25,2.359529955126786,63,sub-HUP172,02,False
LI02-LI03,0.047463455701980226,True,1.25,3.0,2.889285948312807,64,sub-HUP172,02,False
LM06-LM07,0.04665763165762784,True,0.25,6.0,2.587767198519006,65,sub-HUP172,02,False
LK07-LK08,0.0423038564330368,True,5.5,6.25,3.548054692655586,66,sub-HUP172,02,False
LB08-LB09,0.03549990689961661,True,6.0,8.25,3.0734478239389893,67,sub-HUP172,02,False
LK06-LK07,0.034978979753473756,True,4.0,6.25,2.649804429686288,68,sub-HUP172,02,False
RE01-RE02,0.017089637362032395,True,23.25,24.25,3.074702810635231,69,sub-HUP172,02,False
LJ09-LJ10,0.016191603045096013,True,20.75,24.0,2.694099406438038,70,sub-HUP172,02,False
LJ08-LJ09,0.013741969381882166,True,25.0,26.75,2.6025295475569497,71,sub-HUP172,02,False
LJ07-LJ08,0.012071707819763019,True,20.5,26.5,1.9922654465706113,72,sub-HUP172,02,False
LJ10-LJ11,0.010986891691042359,True,20.75,27.5,1.828094370952429,73,sub-HUP172,02,False
LB01-LB02,0.0,False,,,,74,sub-HUP172,02,False
LB02-LB03,0.0,False,,,,74,sub-HUP172,02,False
LB03-LB04,0.0,False,,,,74,sub-HUP172,02,False
LB04-LB05,0.0,False,,,,74,sub-HUP172,02,False
LB05-LB06,0.0,False,,,,74,sub-HUP172,02,False
LB09-LB10,0.0,False,,,,74,sub-HUP172,02,False
LB10-LB11,0.0,False,,,,74,sub-HUP172,02,False
LD01-LD02,0.0,False,,,,74,sub-HUP172,02,False
LD02-LD03,0.0,False,,,,74,sub-HUP172,02,False
LD03-LD04,0.0,False,,,,74,sub-HUP172,02,False
LD04-LD05,0.0,False,,,,74,sub-HUP172,02,False
LD05-LD06,0.0,False,,,,74,sub-HUP172,02,False
LD06-LD07,0.0,False,,,,74,sub-HUP172,02,False
LD07-LD08,0.0,False,,,,74,sub-HUP172,02,False
LD08-LD09,0.0,False,,,,74,sub-HUP172,02,False
LD10-LD11,0.0,False,,,,74,sub-HUP172,02,False
LD11-LD12,0.0,False,,,,74,sub-HUP172,02,False
LG07-LG08,0.0,False,,,,74,sub-HUP172,02,False
LI01-LI02,0.0,False,,,,74,sub-HUP172,02,False
LJ03-LJ04,0.0,False,,,,74,sub-HUP172,02,False
LJ04-LJ05,0.0,False,,,,74,sub-HUP172,02,False
LJ11-LJ12,0.0,False,,,,74,sub-HUP172,02,False
LM01-LM02,0.0,False,,,,74,sub-HUP172,02,False
LM02-LM03,0.0,False,,,,74,sub-HUP172,02,False
RB01-RB02,0.0,False,,,,74,sub-HUP172,02,False
RB02-RB03,0.0,False,,,,74,sub-HUP172,02,False
RB03-RB04,0.0,False,,,,74,sub-HUP172,02,False
RB04-RB05,0.0,False,,,,74,sub-HUP172,02,False
RB05-RB06,0.0,False,,,,74,sub-HUP172,02,False
RB06-RB07,0.0,False,,,,74,sub-HUP172,02,False
RD01-RD02,0.0,False,,,,74,sub-HUP172,02,False
RD02-RD03,0.0,False,,,,74,sub-HUP172,02,False
RD03-RD04,0.0,False,,,,74,sub-HUP172,02,False
RD04-RD05,0.0,False,,,,74,sub-HUP172,02,False
RE02-RE03,0.0,False,,,,74,sub-HUP172,02,False
RE03-RE04,0.0,False,,,,74,sub-HUP172,02,False
RE04-RE05,0.0,False,,,,74,sub-HUP172,02,False
RE06-RE07,0.0,False,,,,74,sub-HUP172,02,False
LL04-LL05,1.0,True,-8.0,-7.5,8.772067081119474,1,sub-HUP172,03,False
LM08-LM09,0.6703969809688995,True,-8.75,-7.0,3.3604384503080924,2,sub-HUP172,03,False
LB08-LB09,0.34849323284158246,True,-7.5,-3.5,3.9304363060318486,3,sub-HUP172,03,False
LE07-LE08,0.32634812315580025,True,-5.5,-3.75,6.952387096863147,4,sub-HUP172,03,False
LE06-LE07,0.25907663566125894,True,-5.5,-3.75,5.519262808844617,5,sub-HUP172,03,False
LJ11-LJ12,0.22150937420874758,True,-6.25,-2.75,3.886190179311859,6,sub-HUP172,03,False
LG01-LG02,0.2102484121177087,True,-4.0,-3.5,6.059886145756291,7,sub-HUP172,03,False
LD03-LD04,0.14244937588359288,True,-4.0,-3.0,4.1057480087190035,8,sub-HUP172,03,False
LF04-LF05,0.13603134530474242,True,-4.25,-3.25,3.7502962707512557,9,sub-HUP172,03,False
LM09-LM10,0.13492768898413918,True,6.25,7.25,10.821437612519258,10,sub-HUP172,03,False
LM07-LM08,0.1334858084026137,True,-3.5,-3.0,4.181951663161389,11,sub-HUP172,03,False
LG02-LG03,0.13303687038565565,True,-5.25,-2.75,3.000878617590432,12,sub-HUP172,03,False
LJ03-LJ04,0.13141743398885106,True,-6.0,-5.25,2.470291171240268,13,sub-HUP172,03,False
RE05-RE06,0.11858456456143238,True,11.5,11.75,12.631385597864195,14,sub-HUP172,03,False
LE05-LE06,0.11674145773002464,True,-4.0,-3.5,3.364781380310763,15,sub-HUP172,03,False
LF03-LF04,0.11502405670283009,True,-3.5,-2.0,3.6035669333561264,16,sub-HUP172,03,False
LB09-LB10,0.11482633742552005,True,-4.5,-3.5,3.0217930037277645,17,sub-HUP172,03,False
LK04-LK05,0.11199007491264949,True,18.0,18.5,15.577810557203222,18,sub-HUP172,03,False
LH01-LH02,0.10987211402007578,True,12.75,13.75,12.391785701080869,19,sub-HUP172,03,True
LG03-LG04,0.10188200546009461,True,-3.5,-3.0,3.1918420937676086,20,sub-HUP172,03,False
LJ07-LJ08,0.10041628306012808,True,-4.0,-3.25,2.894248933417552,21,sub-HUP172,03,False
LI03-LI04,0.10014832796750538,True,6.25,7.0,8.03207178050661,22,sub-HUP172,03,False
LL03-LL04,0.09434743394875372,True,-4.0,-3.0,2.719329492741285,23,sub-HUP172,03,False
LH07-LH08,0.09018546600863742,True,6.25,7.25,7.233032754923771,24,sub-HUP172,03,True
LK03-LK04,0.0848377175548826,True,18.25,19.25,11.907234390407957,25,sub-HUP172,03,False
LE10-LE11,0.081611960787448,True,13.0,14.25,9.306772730439416,26,sub-HUP172,03,True
LI09-LI10,0.08106259994747433,True,-3.75,-3.25,2.438011078317246,27,sub-HUP172,03,False
LH02-LH03,0.07819700024105962,True,-3.25,-2.75,2.547811803297022,28,sub-HUP172,03,True
LI07-LI08,0.0774158241054357,True,-4.25,-2.75,2.1343042354638015,29,sub-HUP172,03,False
LI02-LI03,0.07696511892921112,True,6.25,7.0,6.172737701973743,30,sub-HUP172,03,False
RE01-RE02,0.07302816218565894,True,-1.5,1.5,3.020008848230657,31,sub-HUP172,03,False
LM06-LM07,0.07159285591268041,True,7.0,8.25,6.011023059694556,32,sub-HUP172,03,False
LI08-LI09,0.07102247650939926,True,12.25,13.25,7.8321750974680056,33,sub-HUP172,03,False
LH03-LH04,0.06623329755977633,True,6.25,8.0,5.3120267812398145,34,sub-HUP172,03,True
LI06-LI07,0.0651576471884939,True,-3.25,-2.75,2.1229640788028554,35,sub-HUP172,03,False
LH06-LH07,0.06420175339364093,True,4.25,6.75,4.5054566999560635,36,sub-HUP172,03,True
LF06-LF07,0.057374382832123684,True,-0.75,2.0,2.588358522554837,37,sub-HUP172,03,False
LB07-LB08,0.05670622120729713,True,11.5,12.0,6.040230855644694,38,sub-HUP172,03,False
LI05-LI06,0.05609754367277211,True,12.0,13.75,6.115993315424571,39,sub-HUP172,03,False
LH04-LH05,0.05535866744599064,True,6.5,10.5,4.509235197606423,40,sub-HUP172,03,True
RB07-RB08,0.05486776313902516,True,11.5,12.25,5.8444020574218225,41,sub-HUP172,03,False
LI04-LI05,0.05412259691616978,True,5.25,7.0,4.06943186359741,42,sub-HUP172,03,False
LH05-LH06,0.053963529599821966,True,6.25,7.75,4.32796984305019,43,sub-HUP172,03,True
LL06-LL07,0.052102530231536416,True,10.75,13.0,5.3539778576488,44,sub-HUP172,03,False
LM04-LM05,0.051046733461691425,True,6.0,6.5,4.030068331781849,45,sub-HUP172,03,False
LK01-LK02,0.05081532208906822,True,12.5,16.25,5.667461693735125,46,sub-HUP172,03,False
LE09-LE10,0.04751434812823833,True,13.0,15.0,5.418387638255412,47,sub-HUP172,03,True
LF02-LF03,0.04715490998390577,True,11.25,13.5,4.963752402995662,48,sub-HUP172,03,False
LG04-LG05,0.04682065715767994,True,6.25,8.0,3.7550989290904235,49,sub-HUP172,03,False
LE08-LE09,0.0415396957448935,True,13.0,15.25,4.737056968845486,50,sub-HUP172,03,False
LD09-LD10,0.03975425698299852,True,5.75,8.5,3.088724936989338,51,sub-HUP172,03,False
LK05-LK06,0.03762788317878683,True,8.25,10.75,3.39505010089555,52,sub-HUP172,03,False
LF05-LF06,0.03710222746981078,True,11.5,12.5,3.9520534855787672,53,sub-HUP172,03,False
LD11-LD12,0.03681784792008041,True,5.75,7.5,2.860579309674118,54,sub-HUP172,03,False
LM05-LM06,0.035430303404516264,True,6.0,10.5,2.7971729835194905,55,sub-HUP172,03,False
LL07-LL08,0.03466486240217087,True,10.75,14.0,3.5621092663812535,56,sub-HUP172,03,False
LM03-LM04,0.03372538620054926,True,7.5,11.75,2.9161504508662373,57,sub-HUP172,03,False
LM01-LM02,0.0327222544855158,True,11.75,14.5,3.5265136828210024,58,sub-HUP172,03,False
LJ04-LJ05,0.032220780216120584,True,7.0,13.5,2.7052958065631056,59,sub-HUP172,03,False
LE02-LE03,0.031211315298935123,True,20.0,21.0,4.6543917753679,60,sub-HUP172,03,False
LL05-LL06,0.030902629451541076,True,10.75,13.25,3.175507851373646,61,sub-HUP172,03,False
LL01-LL02,0.030371781438899962,True,10.25,13.75,3.0448377617729117,62,sub-HUP172,03,False
LL02-LL03,0.029783539104948024,True,11.5,16.25,3.1724817500069533,63,sub-HUP172,03,False
LB01-LB02,0.02976713405503479,True,4.75,6.25,2.1635598873027977,64,sub-HUP172,03,False
LF01-LF02,0.029520062361190265,True,11.5,14.0,3.144416745435892,65,sub-HUP172,03,False
LK06-LK07,0.027971211194537503,True,7.5,11.0,2.418601217823766,66,sub-HUP172,03,False
LJ05-LJ06,0.027324134670308524,True,7.0,13.25,2.2941675045028207,67,sub-HUP172,03,False
LD10-LD11,0.02606113736443884,True,11.0,14.75,2.7106619641719303,68,sub-HUP172,03,False
LE11-LE12,0.0259144413360622,True,13.5,17.5,3.0201513217970835,69,sub-HUP172,03,True
LJ06-LJ07,0.025186585047509556,True,13.75,16.0,2.9668872680887146,70,sub-HUP172,03,False
LK07-LK08,0.02485918182064871,True,7.5,13.0,2.149511760765837,71,sub-HUP172,03,False
LF07-LF08,0.02457252442965157,True,11.5,16.5,2.6174151107421144,72,sub-HUP172,03,False
LE03-LE04,0.022349343561681147,True,18.0,20.75,3.108791920652549,73,sub-HUP172,03,False
LE04-LE05,0.022199238914529622,True,14.0,18.75,2.6428078894664155,74,sub-HUP172,03,False
LI01-LI02,0.021795930368791083,True,12.75,18.25,2.458226099448572,75,sub-HUP172,03,False
LK02-LK03,0.021428554569004804,True,12.25,18.75,2.3630855993578654,76,sub-HUP172,03,False
LE01-LE02,0.014387576450822141,True,20.0,22.25,2.145549357942893,77,sub-HUP172,03,False
LB02-LB03,0.0,False,,,,78,sub-HUP172,03,False
LB03-LB04,0.0,False,,,,78,sub-HUP172,03,False
LB04-LB05,0.0,False,,,,78,sub-HUP172,03,False
LB05-LB06,0.0,False,,,,78,sub-HUP172,03,False
LB06-LB07,0.0,False,,,,78,sub-HUP172,03,False
LB10-LB11,0.0,False,,,,78,sub-HUP172,03,False
LD01-LD02,0.0,False,,,,78,sub-HUP172,03,False
LD02-LD03,0.0,False,,,,78,sub-HUP172,03,False
LD04-LD05,0.0,False,,,,78,sub-HUP172,03,False
LD05-LD06,0.0,False,,,,78,sub-HUP172,03,False
LD06-LD07,0.0,False,,,,78,sub-HUP172,03,False
LD07-LD08,0.0,False,,,,78,sub-HUP172,03,False
LD08-LD09,0.0,False,,,,78,sub-HUP172,03,False
LG07-LG08,0.0,False,,,,78,sub-HUP172,03,False
LJ01-LJ02,0.0,False,,,,78,sub-HUP172,03,False
LJ02-LJ03,0.0,False,,,,78,sub-HUP172,03,False
LJ08-LJ09,0.0,False,,,,78,sub-HUP172,03,False
LJ09-LJ10,0.0,False,,,,78,sub-HUP172,03,False
LJ10-LJ11,0.0,False,,,,78,sub-HUP172,03,False
LM02-LM03,0.0,False,,,,78,sub-HUP172,03,False
RB01-RB02,0.0,False,,,,78,sub-HUP172,03,False
RB02-RB03,0.0,False,,,,78,sub-HUP172,03,False
RB03-RB04,0.0,False,,,,78,sub-HUP172,03,False
RB04-RB05,0.0,False,,,,78,sub-HUP172,03,False
RB05-RB06,0.0,False,,,,78,sub-HUP172,03,False
RB06-RB07,0.0,False,,,,78,sub-HUP172,03,False
RD01-RD02,0.0,False,,,,78,sub-HUP172,03,False
RD02-RD03,0.0,False,,,,78,sub-HUP172,03,False
RD03-RD04,0.0,False,,,,78,sub-HUP172,03,False
RD04-RD05,0.0,False,,,,78,sub-HUP172,03,False
RE02-RE03,0.0,False,,,,78,sub-HUP172,03,False
RE03-RE04,0.0,False,,,,78,sub-HUP172,03,False
RE04-RE05,0.0,False,,,,78,sub-HUP172,03,False
RE06-RE07,0.0,False,,,,78,sub-HUP172,03,False
RC04-RC05,1.0,True,-2.5,-0.75,2.70621112510849,1,sub-HUP173,01,False
RA05-RA06,0.5920026802589161,True,-2.25,-1.0,2.002605299263404,2,sub-HUP173,01,False
RH09-RH10,0.5594237084362061,True,-2.25,-0.75,1.8923983292743867,3,sub-HUP173,01,False
RI07-RI08,0.3418978601128095,True,3.25,4.25,6.245422600644481,4,sub-HUP173,01,False
RA01-RA02,0.14207099122394068,True,17.75,18.75,8.170074561365151,5,sub-HUP173,01,True
RD06-RD07,0.13280215611008533,True,4.5,6.75,2.875125378428059,6,sub-HUP173,01,False
RA09-RA10,0.09753986326765503,True,19.5,22.0,6.071159651679247,7,sub-HUP173,01,False
LD02-LD03,0.07137126810924738,True,8.75,9.5,2.366035067186739,8,sub-HUP173,01,False
LC02-LC03,0.052627835456123664,True,15.25,20.5,2.670413133782642,9,sub-HUP173,01,False
RB07-RB08,0.03933226847426045,True,19.75,21.25,2.4747630736085435,10,sub-HUP173,01,False
LA01-LA02,0.03874186388751504,True,20.75,23.25,2.5424588292009274,11,sub-HUP173,01,False
LC09-LC10,0.03524609029954645,True,21.5,27.0,2.3845840421302755,12,sub-HUP173,01,False
RC05-RC06,0.03270913234505646,True,19.5,27.0,2.035909810431268,13,sub-HUP173,01,False
RA02-RA03,0.031937719932208834,True,24.25,28.25,2.3984384105042102,14,sub-HUP173,01,True
RG04-RG05,0.028877734908749467,True,19.0,24.25,1.7583580682548114,15,sub-HUP173,01,False
LA02-LA03,0.0,False,,,,16,sub-HUP173,01,False
LA03-LA04,0.0,False,,,,16,sub-HUP173,01,False
LA04-LA05,0.0,False,,,,16,sub-HUP173,01,False
LA05-LA06,0.0,False,,,,16,sub-HUP173,01,False
LA06-LA07,0.0,False,,,,16,sub-HUP173,01,False
LA07-LA08,0.0,False,,,,16,sub-HUP173,01,False
LA08-LA09,0.0,False,,,,16,sub-HUP173,01,False
LA09-LA10,0.0,False,,,,16,sub-HUP173,01,False
LB01-LB02,0.0,False,,,,16,sub-HUP173,01,False
LB02-LB03,0.0,False,,,,16,sub-HUP173,01,False
LB03-LB04,0.0,False,,,,16,sub-HUP173,01,False
LB04-LB05,0.0,False,,,,16,sub-HUP173,01,False
LB05-LB06,0.0,False,,,,16,sub-HUP173,01,False
LB06-LB07,0.0,False,,,,16,sub-HUP173,01,False
LB07-LB08,0.0,False,,,,16,sub-HUP173,01,False
LB08-LB09,0.0,False,,,,16,sub-HUP173,01,False
LB09-LB10,0.0,False,,,,16,sub-HUP173,01,False
LC01-LC02,0.0,False,,,,16,sub-HUP173,01,False
LC03-LC04,0.0,False,,,,16,sub-HUP173,01,False
LC04-LC05,0.0,False,,,,16,sub-HUP173,01,False
LC05-LC06,0.0,False,,,,16,sub-HUP173,01,False
LC06-LC07,0.0,False,,,,16,sub-HUP173,01,False
LC07-LC08,0.0,False,,,,16,sub-HUP173,01,False
LC08-LC09,0.0,False,,,,16,sub-HUP173,01,False
LD01-LD02,0.0,False,,,,16,sub-HUP173,01,False
LD03-LD04,0.0,False,,,,16,sub-HUP173,01,False
LD04-LD05,0.0,False,,,,16,sub-HUP173,01,False
LD05-LD06,0.0,False,,,,16,sub-HUP173,01,False
LD06-LD07,0.0,False,,,,16,sub-HUP173,01,False
LD07-LD08,0.0,False,,,,16,sub-HUP173,01,False
LE01-LE02,0.0,False,,,,16,sub-HUP173,01,False
LE02-LE03,0.0,False,,,,16,sub-HUP173,01,False
LE03-LE04,0.0,False,,,,16,sub-HUP173,01,False
LE04-LE05,0.0,False,,,,16,sub-HUP173,01,False
LE05-LE06,0.0,False,,,,16,sub-HUP173,01,False
LE06-LE07,0.0,False,,,,16,sub-HUP173,01,False
LE07-LE08,0.0,False,,,,16,sub-HUP173,01,False
RA03-RA04,0.0,False,,,,16,sub-HUP173,01,True
RA04-RA05,0.0,False,,,,16,sub-HUP173,01,True
RA06-RA07,0.0,False,,,,16,sub-HUP173,01,False
RA07-RA08,0.0,False,,,,16,sub-HUP173,01,False
RA08-RA09,0.0,False,,,,16,sub-HUP173,01,False
RB01-RB02,0.0,False,,,,16,sub-HUP173,01,True
RB02-RB03,0.0,False,,,,16,sub-HUP173,01,True
RB03-RB04,0.0,False,,,,16,sub-HUP173,01,True
RB04-RB05,0.0,False,,,,16,sub-HUP173,01,True
RB05-RB06,0.0,False,,,,16,sub-HUP173,01,False
RB06-RB07,0.0,False,,,,16,sub-HUP173,01,False
RB08-RB09,0.0,False,,,,16,sub-HUP173,01,False
RB09-RB10,0.0,False,,,,16,sub-HUP173,01,False
RC01-RC02,0.0,False,,,,16,sub-HUP173,01,False
RC02-RC03,0.0,False,,,,16,sub-HUP173,01,False
RC03-RC04,0.0,False,,,,16,sub-HUP173,01,False
RC06-RC07,0.0,False,,,,16,sub-HUP173,01,False
RD01-RD02,0.0,False,,,,16,sub-HUP173,01,False
RD02-RD03,0.0,False,,,,16,sub-HUP173,01,False
RD03-RD04,0.0,False,,,,16,sub-HUP173,01,False
RD04-RD05,0.0,False,,,,16,sub-HUP173,01,False
RD05-RD06,0.0,False,,,,16,sub-HUP173,01,False
RD07-RD08,0.0,False,,,,16,sub-HUP173,01,False
RE01-RE02,0.0,False,,,,16,sub-HUP173,01,False
RE02-RE03,0.0,False,,,,16,sub-HUP173,01,False
RE03-RE04,0.0,False,,,,16,sub-HUP173,01,False
RE04-RE05,0.0,False,,,,16,sub-HUP173,01,False
RF01-RF02,0.0,False,,,,16,sub-HUP173,01,False
RF02-RF03,0.0,False,,,,16,sub-HUP173,01,False
RF03-RF04,0.0,False,,,,16,sub-HUP173,01,False
RF04-RF05,0.0,False,,,,16,sub-HUP173,01,False
RF05-RF06,0.0,False,,,,16,sub-HUP173,01,False
RF06-RF07,0.0,False,,,,16,sub-HUP173,01,False
RF07-RF08,0.0,False,,,,16,sub-HUP173,01,False
RG01-RG02,0.0,False,,,,16,sub-HUP173,01,False
RG02-RG03,0.0,False,,,,16,sub-HUP173,01,False
RG03-RG04,0.0,False,,,,16,sub-HUP173,01,False
RG05-RG06,0.0,False,,,,16,sub-HUP173,01,False
RH01-RH02,0.0,False,,,,16,sub-HUP173,01,False
RH02-RH03,0.0,False,,,,16,sub-HUP173,01,False
RH03-RH04,0.0,False,,,,16,sub-HUP173,01,False
RH04-RH05,0.0,False,,,,16,sub-HUP173,01,False
RH05-RH06,0.0,False,,,,16,sub-HUP173,01,False
RH06-RH07,0.0,False,,,,16,sub-HUP173,01,False
RH07-RH08,0.0,False,,,,16,sub-HUP173,01,False
RH08-RH09,0.0,False,,,,16,sub-HUP173,01,False
RI01-RI02,0.0,False,,,,16,sub-HUP173,01,False
RI02-RI03,0.0,False,,,,16,sub-HUP173,01,False
RI03-RI04,0.0,False,,,,16,sub-HUP173,01,False
RI04-RI05,0.0,False,,,,16,sub-HUP173,01,False
RI05-RI06,0.0,False,,,,16,sub-HUP173,01,False
RI06-RI07,0.0,False,,,,16,sub-HUP173,01,False
RI06-RI07,1.0,True,-6.75,-4.25,2.786169960036217,1,sub-HUP173,02,False
RH07-RH08,0.293204622417445,True,-2.25,-0.25,4.493048511177857,2,sub-HUP173,02,False
RA02-RA03,0.19448534475065477,True,0.25,1.0,4.334953801692493,3,sub-HUP173,02,True
RA05-RA06,0.16809715393606905,True,0.5,2.75,3.8638647354801394,4,sub-HUP173,02,False
RF06-RF07,0.14940353529277076,True,4.0,5.0,4.89109779298216,5,sub-HUP173,02,False
LA09-LA10,0.14350534594053044,True,-0.75,2.5,2.798811987748778,6,sub-HUP173,02,False
RC03-RC04,0.13849714918588527,True,0.75,2.25,3.279951071205127,7,sub-HUP173,02,False
RA06-RA07,0.13785421419679383,True,0.75,5.25,3.2647247989057937,8,sub-HUP173,02,False
RH05-RH06,0.13348032041903968,True,-0.75,3.0,2.60329201305276,9,sub-HUP173,02,False
RB04-RB05,0.1281158116650594,True,1.5,5.25,3.3018099392683253,10,sub-HUP173,02,True
RA09-RA10,0.12130603174678298,True,4.25,5.0,4.055750659489037,11,sub-HUP173,02,False
RH09-RH10,0.10985828124053842,True,4.5,5.0,3.7495270774065808,12,sub-HUP173,02,False
RB05-RB06,0.09159947462106202,True,4.5,6.0,3.12634338066771,13,sub-HUP173,02,False
RC06-RC07,0.08786400185503182,True,4.0,5.0,2.876447499810409,14,sub-HUP173,02,False
RG01-RG02,0.08741571812302552,True,3.25,5.5,2.6791055265630397,15,sub-HUP173,02,False
RC05-RC06,0.0852901288662752,True,1.5,6.25,2.198103353147212,16,sub-HUP173,02,False
RG04-RG05,0.08464698392805249,True,4.0,5.0,2.771130384979098,17,sub-HUP173,02,False
RA01-RA02,0.07887777649843794,True,0.75,10.5,1.868018576852387,18,sub-HUP173,02,True
RB01-RB02,0.06866581066019407,True,7.5,8.0,2.917547938880252,19,sub-HUP173,02,True
RI07-RI08,0.06734959906709136,True,4.5,5.0,2.298681014329861,20,sub-HUP173,02,False
LD01-LD02,0.04872036908725747,True,21.75,24.0,4.0044252493874195,21,sub-HUP173,02,False
LD05-LD06,0.040980865456137286,True,24.5,26.5,3.6822939147131635,22,sub-HUP173,02,False
LB06-LB07,0.03674313574817336,True,12.75,14.0,2.0986387317114157,23,sub-HUP173,02,False
LD02-LD03,0.036007675739417454,True,24.75,28.5,3.260513895466418,24,sub-HUP173,02,False
RD05-RD06,0.03359563622297721,True,23.25,25.75,2.9016977254156746,25,sub-HUP173,02,False
LD04-LD05,0.03333806346321085,True,23.0,26.75,2.8562294616196056,26,sub-HUP173,02,False
LD03-LD04,0.03159609004534848,True,23.0,26.75,2.706986365872691,27,sub-HUP173,02,False
LD06-LD07,0.030893526298894705,True,23.0,26.75,2.646794409207255,28,sub-HUP173,02,False
LD07-LD08,0.029774386568037277,True,24.5,29.0,2.675347171258474,29,sub-HUP173,02,False
RD06-RD07,0.02427286744489569,True,21.75,29.0,1.9950358565078279,30,sub-HUP173,02,False
RD07-RD08,0.0241980938033804,True,22.75,30.0,2.0563100623760686,31,sub-HUP173,02,False
LA01-LA02,0.0,False,,,,32,sub-HUP173,02,False
LA02-LA03,0.0,False,,,,32,sub-HUP173,02,False
LA03-LA04,0.0,False,,,,32,sub-HUP173,02,False
LA04-LA05,0.0,False,,,,32,sub-HUP173,02,False
LA05-LA06,0.0,False,,,,32,sub-HUP173,02,False
LA06-LA07,0.0,False,,,,32,sub-HUP173,02,False
LA07-LA08,0.0,False,,,,32,sub-HUP173,02,False
LA08-LA09,0.0,False,,,,32,sub-HUP173,02,False
LB01-LB02,0.0,False,,,,32,sub-HUP173,02,False
LB02-LB03,0.0,False,,,,32,sub-HUP173,02,False
LB03-LB04,0.0,False,,,,32,sub-HUP173,02,False
LB04-LB05,0.0,False,,,,32,sub-HUP173,02,False
LB05-LB06,0.0,False,,,,32,sub-HUP173,02,False
LB07-LB08,0.0,False,,,,32,sub-HUP173,02,False
LB08-LB09,0.0,False,,,,32,sub-HUP173,02,False
LB09-LB10,0.0,False,,,,32,sub-HUP173,02,False
LC01-LC02,0.0,False,,,,32,sub-HUP173,02,False
LC02-LC03,0.0,False,,,,32,sub-HUP173,02,False
LC03-LC04,0.0,False,,,,32,sub-HUP173,02,False
LC04-LC05,0.0,False,,,,32,sub-HUP173,02,False
LC05-LC06,0.0,False,,,,32,sub-HUP173,02,False
LC06-LC07,0.0,False,,,,32,sub-HUP173,02,False
LC07-LC08,0.0,False,,,,32,sub-HUP173,02,False
LC08-LC09,0.0,False,,,,32,sub-HUP173,02,False
LC09-LC10,0.0,False,,,,32,sub-HUP173,02,False
LE01-LE02,0.0,False,,,,32,sub-HUP173,02,False
LE02-LE03,0.0,False,,,,32,sub-HUP173,02,False
LE03-LE04,0.0,False,,,,32,sub-HUP173,02,False
LE04-LE05,0.0,False,,,,32,sub-HUP173,02,False
LE05-LE06,0.0,False,,,,32,sub-HUP173,02,False
LE06-LE07,0.0,False,,,,32,sub-HUP173,02,False
LE07-LE08,0.0,False,,,,32,sub-HUP173,02,False
RA03-RA04,0.0,False,,,,32,sub-HUP173,02,True
RA04-RA05,0.0,False,,,,32,sub-HUP173,02,True
RA07-RA08,0.0,False,,,,32,sub-HUP173,02,False
RA08-RA09,0.0,False,,,,32,sub-HUP173,02,False
RB02-RB03,0.0,False,,,,32,sub-HUP173,02,True
RB03-RB04,0.0,False,,,,32,sub-HUP173,02,True
RB06-RB07,0.0,False,,,,32,sub-HUP173,02,False
RB07-RB08,0.0,False,,,,32,sub-HUP173,02,False
RB08-RB09,0.0,False,,,,32,sub-HUP173,02,False
RB09-RB10,0.0,False,,,,32,sub-HUP173,02,False
RC01-RC02,0.0,False,,,,32,sub-HUP173,02,False
RC02-RC03,0.0,False,,,,32,sub-HUP173,02,False
RC04-RC05,0.0,False,,,,32,sub-HUP173,02,False
RD01-RD02,0.0,False,,,,32,sub-HUP173,02,False
RD02-RD03,0.0,False,,,,32,sub-HUP173,02,False
RD03-RD04,0.0,False,,,,32,sub-HUP173,02,False
RD04-RD05,0.0,False,,,,32,sub-HUP173,02,False
RE01-RE02,0.0,False,,,,32,sub-HUP173,02,False
RE02-RE03,0.0,False,,,,32,sub-HUP173,02,False
RE03-RE04,0.0,False,,,,32,sub-HUP173,02,False
RE04-RE05,0.0,False,,,,32,sub-HUP173,02,False
RF01-RF02,0.0,False,,,,32,sub-HUP173,02,False
RF02-RF03,0.0,False,,,,32,sub-HUP173,02,False
RF03-RF04,0.0,False,,,,32,sub-HUP173,02,False
RF04-RF05,0.0,False,,,,32,sub-HUP173,02,False
RF05-RF06,0.0,False,,,,32,sub-HUP173,02,False
RF07-RF08,0.0,False,,,,32,sub-HUP173,02,False
RG02-RG03,0.0,False,,,,32,sub-HUP173,02,False
RG03-RG04,0.0,False,,,,32,sub-HUP173,02,False
RG05-RG06,0.0,False,,,,32,sub-HUP173,02,False
RH01-RH02,0.0,False,,,,32,sub-HUP173,02,False
RH02-RH03,0.0,False,,,,32,sub-HUP173,02,False
RH03-RH04,0.0,False,,,,32,sub-HUP173,02,False
RH04-RH05,0.0,False,,,,32,sub-HUP173,02,False
RH06-RH07,0.0,False,,,,32,sub-HUP173,02,False
RH08-RH09,0.0,False,,,,32,sub-HUP173,02,False
RI01-RI02,0.0,False,,,,32,sub-HUP173,02,False
RI02-RI03,0.0,False,,,,32,sub-HUP173,02,False
RI03-RI04,0.0,False,,,,32,sub-HUP173,02,False
RI04-RI05,0.0,False,,,,32,sub-HUP173,02,False
RI05-RI06,0.0,False,,,,32,sub-HUP173,02,False
LD01-LD02,1.0,True,-8.5,-6.75,3.671504352955877,1,sub-HUP173,03,False
LD02-LD03,0.8617586657092279,True,-8.5,-7.25,3.1639506923488785,2,sub-HUP173,03,False
LB03-LB04,0.8575345302002744,True,-8.75,-1.75,2.5187534083522243,3,sub-HUP173,03,False
RE03-RE04,0.6641041440076993,True,-8.5,-3.0,2.4382612555403047,4,sub-HUP173,03,False
LD07-LD08,0.6513216068037794,True,-8.5,-6.75,2.3913301145542922,5,sub-HUP173,03,False
RF03-RF04,0.4557801993382301,True,-7.25,-5.5,3.3467979717228182,6,sub-HUP173,03,False
RH06-RH07,0.37695280854229296,True,-6.25,-3.25,3.8751548567815215,7,sub-HUP173,03,False
LB06-LB07,0.3423131339584071,True,-6.0,-3.0,3.77041248420678,8,sub-HUP173,03,False
RH01-RH02,0.33538587928397506,True,-5.5,-5.0,4.186660433417566,9,sub-HUP173,03,False
RH02-RH03,0.30942553436619663,True,-6.0,-4.0,3.408171589023568,10,sub-HUP173,03,False
LA06-LA07,0.26435437442751347,True,-6.25,-5.25,2.717619062013922,11,sub-HUP173,03,False
LE03-LE04,0.24800861468830976,True,-5.5,-3.5,3.095920008555533,12,sub-HUP173,03,False
LB04-LB05,0.23747883321428223,True,-5.75,-1.25,2.790094623619584,13,sub-HUP173,03,False
RH09-RH10,0.21970237400728948,True,-5.25,-1.0,2.9038976010810127,14,sub-HUP173,03,False
RG05-RG06,0.1981635139194399,True,-4.5,-1.0,3.055744456599476,15,sub-HUP173,03,False
RC02-RC03,0.18769264325586169,True,-4.5,-2.25,2.894280298273101,16,sub-HUP173,03,False
LC05-LC06,0.18072019437009862,True,-3.75,-1.75,3.1848719054248766,17,sub-HUP173,03,False
LD03-LD04,0.17311064848118968,True,-3.5,-1.75,3.177882497208513,18,sub-HUP173,03,False
LA08-LA09,0.17250778053573673,True,-4.25,2.25,2.786797495485144,19,sub-HUP173,03,False
RA09-RA10,0.1659988715673912,True,-2.75,-1.0,3.413007245454467,20,sub-HUP173,03,False
LA09-LA10,0.15464776146821352,True,-4.5,3.5,2.384717703502798,21,sub-HUP173,03,False
RA06-RA07,0.11270386120101157,True,-2.0,1.5,2.5655148453655836,22,sub-HUP173,03,False
RC01-RC02,0.09795368508957042,True,6.75,7.5,4.747213431766436,23,sub-HUP173,03,False
RB06-RB07,0.09662773162548019,True,5.75,7.25,4.3991373022621145,24,sub-HUP173,03,False
RD03-RD04,0.09599421423193578,True,5.0,8.0,4.158829469851349,25,sub-HUP173,03,False
LD05-LD06,0.0900441227930086,True,1.0,2.0,2.8431375436165713,26,sub-HUP173,03,False
RA01-RA02,0.08866755765054153,True,7.0,7.5,4.362280539991054,27,sub-HUP173,03,True
RI04-RI05,0.08858766787786866,True,6.5,7.5,4.228250107013457,28,sub-HUP173,03,False
RD02-RD03,0.07660042202772717,True,4.5,8.5,3.206122125208856,29,sub-HUP173,03,False
RG04-RG05,0.06314438342355116,True,26.25,27.25,6.67684450380335,30,sub-HUP173,03,False
LB09-LB10,0.06072753291931933,True,9.5,13.25,3.4336055824463045,31,sub-HUP173,03,False
RB09-RB10,0.05814244801868675,True,26.0,27.5,6.10524917837461,32,sub-HUP173,03,False
LD04-LD05,0.05686917965451411,True,10.75,12.75,3.424245226669485,33,sub-HUP173,03,False
LC09-LC10,0.05580893766252018,True,8.25,10.0,2.950599708889719,34,sub-HUP173,03,False
LC02-LC03,0.05274068760192015,True,9.5,13.75,2.982020027268373,35,sub-HUP173,03,False
RB07-RB08,0.05174557814233537,True,13.75,14.25,3.571701369441093,36,sub-HUP173,03,False
RF02-RF03,0.05057223141838119,True,7.0,12.0,2.488060648403132,37,sub-HUP173,03,False
LB05-LB06,0.049287603418822684,True,26.75,27.25,5.284021794569937,38,sub-HUP173,03,False
LA07-LA08,0.047812993129837764,True,19.25,22.5,4.072658207773932,39,sub-HUP173,03,False
RC06-RC07,0.045747284844831246,True,26.75,28.75,4.9044715789563424,40,sub-HUP173,03,False
LD06-LD07,0.045115248694647225,True,8.5,10.0,2.4183561467194297,41,sub-HUP173,03,False
LC08-LC09,0.04335357549034119,True,11.5,14.25,2.7059382991928116,42,sub-HUP173,03,False
RE02-RE03,0.041642928712148634,True,13.75,21.0,2.8743732478859174,43,sub-HUP173,03,False
LA01-LA02,0.03755101631529431,True,16.25,19.25,2.8676693730780207,44,sub-HUP173,03,False
RG03-RG04,0.037218598998425535,True,27.0,28.0,4.017458498068975,45,sub-HUP173,03,False
RH07-RH08,0.03611700896241416,True,16.75,17.25,2.8111996191705004,46,sub-HUP173,03,False
RA07-RA08,0.03284481076947517,True,17.5,22.5,2.628859072524656,47,sub-HUP173,03,False
RI03-RI04,0.03269317086655499,True,27.25,27.75,3.5529803267952125,48,sub-HUP173,03,False
LC06-LC07,0.03243373117707364,True,20.75,22.75,2.9055662788611296,49,sub-HUP173,03,False
RF06-RF07,0.030263257808051728,True,26.0,29.25,3.1777941274189923,50,sub-HUP173,03,False
RB05-RB06,0.029709984764068758,True,26.0,27.25,3.1196976778833934,51,sub-HUP173,03,False
LC07-LC08,0.028204770367962588,True,26.0,29.25,2.9616426033507333,52,sub-HUP173,03,False
RI07-RI08,0.027277232313013853,True,19.25,22.25,2.3234446704326026,53,sub-HUP173,03,False
RD01-RD02,0.02700607154327039,True,27.25,30.0,2.93492611312971,54,sub-HUP173,03,False
RC05-RC06,0.025965087858196075,True,21.5,28.75,2.3832733274062172,55,sub-HUP173,03,False
RG01-RG02,0.024770718782061208,True,25.5,29.75,2.5646716117239783,56,sub-HUP173,03,False
RI01-RI02,0.019313199696575363,True,23.0,29.0,1.8578026149936435,57,sub-HUP173,03,False
LA02-LA03,0.0,False,,,,58,sub-HUP173,03,False
LA03-LA04,0.0,False,,,,58,sub-HUP173,03,False
LA04-LA05,0.0,False,,,,58,sub-HUP173,03,False
LA05-LA06,0.0,False,,,,58,sub-HUP173,03,False
LB01-LB02,0.0,False,,,,58,sub-HUP173,03,False
LB02-LB03,0.0,False,,,,58,sub-HUP173,03,False
LB07-LB08,0.0,False,,,,58,sub-HUP173,03,False
LB08-LB09,0.0,False,,,,58,sub-HUP173,03,False
LC01-LC02,0.0,False,,,,58,sub-HUP173,03,False
LC03-LC04,0.0,False,,,,58,sub-HUP173,03,False
LC04-LC05,0.0,False,,,,58,sub-HUP173,03,False
LE01-LE02,0.0,False,,,,58,sub-HUP173,03,False
LE02-LE03,0.0,False,,,,58,sub-HUP173,03,False
LE04-LE05,0.0,False,,,,58,sub-HUP173,03,False
LE05-LE06,0.0,False,,,,58,sub-HUP173,03,False
LE06-LE07,0.0,False,,,,58,sub-HUP173,03,False
LE07-LE08,0.0,False,,,,58,sub-HUP173,03,False
RA02-RA03,0.0,False,,,,58,sub-HUP173,03,True
RA03-RA04,0.0,False,,,,58,sub-HUP173,03,True
RA04-RA05,0.0,False,,,,58,sub-HUP173,03,True
RA05-RA06,0.0,False,,,,58,sub-HUP173,03,False
RA08-RA09,0.0,False,,,,58,sub-HUP173,03,False
RB01-RB02,0.0,False,,,,58,sub-HUP173,03,True
RB02-RB03,0.0,False,,,,58,sub-HUP173,03,True
RB03-RB04,0.0,False,,,,58,sub-HUP173,03,True
RB04-RB05,0.0,False,,,,58,sub-HUP173,03,True
RB08-RB09,0.0,False,,,,58,sub-HUP173,03,False
RC03-RC04,0.0,False,,,,58,sub-HUP173,03,False
RC04-RC05,0.0,False,,,,58,sub-HUP173,03,False
RD04-RD05,0.0,False,,,,58,sub-HUP173,03,False
RD05-RD06,0.0,False,,,,58,sub-HUP173,03,False
RD06-RD07,0.0,False,,,,58,sub-HUP173,03,False
RD07-RD08,0.0,False,,,,58,sub-HUP173,03,False
RE01-RE02,0.0,False,,,,58,sub-HUP173,03,False
RE04-RE05,0.0,False,,,,58,sub-HUP173,03,False
RF01-RF02,0.0,False,,,,58,sub-HUP173,03,False
RF04-RF05,0.0,False,,,,58,sub-HUP173,03,False
RF05-RF06,0.0,False,,,,58,sub-HUP173,03,False
RF07-RF08,0.0,False,,,,58,sub-HUP173,03,False
RG02-RG03,0.0,False,,,,58,sub-HUP173,03,False
RH03-RH04,0.0,False,,,,58,sub-HUP173,03,False
RH04-RH05,0.0,False,,,,58,sub-HUP173,03,False
RH05-RH06,0.0,False,,,,58,sub-HUP173,03,False
RH08-RH09,0.0,False,,,,58,sub-HUP173,03,False
RI02-RI03,0.0,False,,,,58,sub-HUP173,03,False
RI05-RI06,0.0,False,,,,58,sub-HUP173,03,False
RI06-RI07,0.0,False,,,,58,sub-HUP173,03,False
RH04-RH05,1.0,True,-7.5,-6.75,76.97425190366476,1,sub-HUP177,01,True
RH07-RH08,0.8562233555821291,True,-9.25,-9.0,32.95357612918997,2,sub-HUP177,01,True
RH01-RH02,0.8525545769760354,True,-9.75,-9.25,23.43741098920561,3,sub-HUP177,01,True
RH06-RH07,0.7710602495316615,True,-9.5,-8.5,25.43647966300831,4,sub-HUP177,01,True
RH02-RH03,0.7292540327814484,True,-9.5,-9.25,24.057335837606832,5,sub-HUP177,01,True
RA07-RA08,0.4922725413016546,True,-10.0,-8.5,10.82637445697451,6,sub-HUP177,01,True
RH03-RH04,0.44924473473033993,True,-6.5,-6.25,44.460356628250594,7,sub-HUP177,01,True
RH08-RH09,0.40099995498760355,True,-6.75,-6.0,37.48095830898275,8,sub-HUP177,01,True
RH05-RH06,0.3074420314673752,True,-10.0,-8.5,6.761462964555477,9,sub-HUP177,01,True
RH09-RH10,0.2070816092296347,True,-8.75,-7.0,10.247111970080253,10,sub-HUP177,01,True
RD02-RD03,0.15376997095673267,True,-9.75,-9.25,4.227260171300984,11,sub-HUP177,01,False
RG10-RG11,0.1528923920755517,True,-10.0,-8.75,3.3625078576506846,12,sub-HUP177,01,False
LA03-LA04,0.14782182116269513,True,-9.0,-6.25,6.501985199449015,13,sub-HUP177,01,False
LD01-LD02,0.12583457767536885,True,-8.0,-6.5,8.30230498300724,14,sub-HUP177,01,False
LA05-LA06,0.1247029038151201,True,-8.5,-5.75,6.856366236702523,15,sub-HUP177,01,False
RD01-RD02,0.11947816119617603,True,-9.75,-9.0,3.2845507417503996,16,sub-HUP177,01,False
LA04-LA05,0.11665907324699686,True,-9.25,-4.75,4.489872445481208,17,sub-HUP177,01,False
RA06-RA07,0.11546202462337825,True,-5.25,-4.25,14.601062019953028,18,sub-HUP177,01,True
LA06-LA07,0.11308868789733204,True,-8.25,-7.0,6.839577760450412,19,sub-HUP177,01,False
LE09-LE10,0.109040420531821,True,-8.25,-4.0,6.594739483905516,20,sub-HUP177,01,False
LG06-LG07,0.10815531477355221,True,-7.75,-4.25,7.73051912666388,21,sub-HUP177,01,False
RE01-RE02,0.10386594965256564,True,-9.25,-8.25,3.997501886384975,22,sub-HUP177,01,False
RA05-RA06,0.07908978476313892,True,-5.25,-4.25,10.001512239527363,23,sub-HUP177,01,True
LB01-LB02,0.07837950184943701,True,-8.0,-7.0,5.1713173023791335,24,sub-HUP177,01,False
LE07-LE08,0.07797928939868115,True,-6.75,-5.5,7.288625493752042,25,sub-HUP177,01,False
LG10-LG11,0.07467527239918127,True,-7.5,-6.0,5.748073228629364,26,sub-HUP177,01,False
RA01-RA02,0.07149759573755009,True,-8.0,-5.5,4.717263381264487,27,sub-HUP177,01,False
LG07-LG08,0.07117724737120076,True,-7.25,-5.75,5.870159323886002,28,sub-HUP177,01,False
LG03-LG04,0.06776972525706244,True,-6.75,-4.5,6.334350454103408,29,sub-HUP177,01,False
RG01-RG02,0.06730326798183617,True,-4.75,-2.5,9.2511048278102,30,sub-HUP177,01,False
RE02-RE03,0.06636233239382675,True,-5.25,-4.0,8.392027891695323,31,sub-HUP177,01,False
LE04-LE05,0.06440201894486798,True,-6.75,-5.75,6.019575207088328,32,sub-HUP177,01,False
RA04-RA05,0.0602169878780019,True,-5.0,-3.5,7.945984446516421,33,sub-HUP177,01,False
LG11-LG12,0.05733388881556764,True,-7.5,-6.0,4.413233200306212,34,sub-HUP177,01,False
LE08-LE09,0.05625672169946054,True,-8.25,-4.0,3.4023935529325025,35,sub-HUP177,01,False
LE06-LE07,0.05598763027849505,True,-8.25,-5.5,3.3861189658576705,36,sub-HUP177,01,False
LB02-LB03,0.055778125021717175,True,-8.0,-6.25,3.680125239544941,37,sub-HUP177,01,False
RA02-RA03,0.05440197371358527,True,-6.75,-4.25,5.084883634833075,38,sub-HUP177,01,False
RG04-RG05,0.05393183649498633,True,-4.5,-3.5,7.70967371198577,39,sub-HUP177,01,False
LG05-LG06,0.04898601199250212,True,-6.0,-4.25,5.386659466952573,40,sub-HUP177,01,False
LG04-LG05,0.048965088427780516,True,-8.0,-4.25,3.230615186678741,41,sub-HUP177,01,False
LG02-LG03,0.04872111211340157,True,-5.75,-4.5,5.625406735265498,42,sub-HUP177,01,False
LE05-LE06,0.04586822592598622,True,-8.75,-3.0,2.269717956514974,43,sub-HUP177,01,False
RG03-RG04,0.04546314064417765,True,-7.5,-3.5,3.49949124027667,44,sub-HUP177,01,False
RB03-RB04,0.04380679921265778,True,-8.75,-0.75,2.1677114556568178,45,sub-HUP177,01,False
LE01-LE02,0.04330507064470142,True,-5.0,-4.5,5.714357856876421,46,sub-HUP177,01,False
RD05-RD06,0.03899736732293021,True,-4.5,-4.0,5.574758755233524,47,sub-HUP177,01,False
RC02-RC03,0.03683029466414422,True,-5.25,-3.25,4.657474337198061,48,sub-HUP177,01,False
RA03-RA04,0.03598549242875511,True,-5.25,-1.0,4.5506425899309715,49,sub-HUP177,01,False
RI06-RI07,0.03566303275483848,True,-5.0,-4.0,4.705946171862146,50,sub-HUP177,01,False
RC03-RC04,0.03542829754086851,True,-5.25,-1.25,4.4801810062044565,51,sub-HUP177,01,False
RG02-RG03,0.03497834890267994,True,-4.75,-1.5,4.807914713587788,52,sub-HUP177,01,False
LG09-LG10,0.03179969328959035,True,-4.5,-4.25,4.5458355460740965,53,sub-HUP177,01,False
RG05-RG06,0.03127066221014586,True,-3.25,0.0,5.329865052493107,54,sub-HUP177,01,False
RI07-RI08,0.028772814002807987,True,-5.0,-3.75,3.79674142805046,55,sub-HUP177,01,False
RB05-RB06,0.02826330461557081,True,-6.5,-1.0,2.797131508854375,56,sub-HUP177,01,False
RB04-RB05,0.027988456491748567,True,-7.0,-1.5,2.4621605718749895,57,sub-HUP177,01,False
LA01-LA02,0.027906755002686443,True,-5.25,-3.75,3.5290240397131996,58,sub-HUP177,01,False
RC01-RC02,0.02763142572320613,True,-5.0,-0.5,3.646128555557951,59,sub-HUP177,01,False
RG06-RG07,0.027545932301469817,True,-2.75,0.25,4.997914896608779,60,sub-HUP177,01,False
LC01-LC02,0.02719638972919693,True,-6.25,-4.0,2.8410723802731046,61,sub-HUP177,01,False
LG01-LG02,0.025614748015197454,True,-6.0,-1.25,2.81668009452958,62,sub-HUP177,01,False
RD06-RD07,0.025070204292131686,True,-4.5,-3.5,3.583840409423638,63,sub-HUP177,01,False
LG08-LG09,0.024416227177721524,True,-4.75,-2.5,3.3561086094911468,64,sub-HUP177,01,False
RG07-RG08,0.023229239571760436,True,-3.0,-0.5,4.08697905903375,65,sub-HUP177,01,False
RB09-RB10,0.023087259591565452,True,-5.0,-1.75,3.0464992038282164,66,sub-HUP177,01,False
RC09-RC10,0.02097927369703541,True,-5.0,-3.75,2.768338111391198,67,sub-HUP177,01,False
RE08-RE09,0.020572437225729278,True,-2.25,-1.75,3.95886991321404,68,sub-HUP177,01,False
RB07-RB08,0.015318178428059217,True,-2.25,0.75,2.947763312566784,69,sub-HUP177,01,False
RG08-RG09,0.009974699950398187,True,-2.25,-1.25,1.9194876666135563,70,sub-HUP177,01,False
RI03-RI04,0.009399556498609815,True,6.0,7.75,3.514258601432645,71,sub-HUP177,01,False
RI02-RI03,0.007017146052631586,True,6.25,8.25,2.662116441793205,72,sub-HUP177,01,False
RI04-RI05,0.0060767545434713575,True,6.5,9.0,2.3387681749295184,73,sub-HUP177,01,False
RI05-RI06,0.005408849191772471,True,13.0,17.0,2.854917395632647,74,sub-HUP177,01,False
RB02-RB03,0.005070739767327048,True,11.25,13.5,2.4812971154818912,75,sub-HUP177,01,False
RF04-RF05,0.004411725312875623,True,15.5,18.5,2.57117579212033,76,sub-HUP177,01,False
RB01-RB02,0.003906381678790462,True,15.5,21.0,2.2766589701255895,77,sub-HUP177,01,False
RI01-RI02,0.003457698477072427,True,13.25,18.25,1.8440652926689878,78,sub-HUP177,01,False
RB08-RB09,0.0024094877393964634,True,26.0,27.0,1.9606671713744344,79,sub-HUP177,01,False
LA02-LA03,0.0,False,,,,80,sub-HUP177,01,False
LA07-LA08,0.0,False,,,,80,sub-HUP177,01,False
LA08-LA09,0.0,False,,,,80,sub-HUP177,01,False
LB03-LB04,0.0,False,,,,80,sub-HUP177,01,False
LB04-LB05,0.0,False,,,,80,sub-HUP177,01,False
LB05-LB06,0.0,False,,,,80,sub-HUP177,01,False
LB06-LB07,0.0,False,,,,80,sub-HUP177,01,False
LB07-LB08,0.0,False,,,,80,sub-HUP177,01,False
LB08-LB09,0.0,False,,,,80,sub-HUP177,01,False
LB09-LB10,0.0,False,,,,80,sub-HUP177,01,False
LC02-LC03,0.0,False,,,,80,sub-HUP177,01,False
LC05-LC06,0.0,False,,,,80,sub-HUP177,01,False
LC06-LC07,0.0,False,,,,80,sub-HUP177,01,False
LC07-LC08,0.0,False,,,,80,sub-HUP177,01,False
LC08-LC09,0.0,False,,,,80,sub-HUP177,01,False
LC09-LC10,0.0,False,,,,80,sub-HUP177,01,False
LC10-LC11,0.0,False,,,,80,sub-HUP177,01,False
LC11-LC12,0.0,False,,,,80,sub-HUP177,01,False
LD02-LD03,0.0,False,,,,80,sub-HUP177,01,False
LD03-LD04,0.0,False,,,,80,sub-HUP177,01,False
LD04-LD05,0.0,False,,,,80,sub-HUP177,01,False
LD05-LD06,0.0,False,,,,80,sub-HUP177,01,False
LD06-LD07,0.0,False,,,,80,sub-HUP177,01,False
LD07-LD08,0.0,False,,,,80,sub-HUP177,01,False
LF01-LF02,0.0,False,,,,80,sub-HUP177,01,False
LF02-LF03,0.0,False,,,,80,sub-HUP177,01,False
LF03-LF04,0.0,False,,,,80,sub-HUP177,01,False
LF04-LF05,0.0,False,,,,80,sub-HUP177,01,False
LF05-LF06,0.0,False,,,,80,sub-HUP177,01,False
LF06-LF07,0.0,False,,,,80,sub-HUP177,01,False
LF07-LF08,0.0,False,,,,80,sub-HUP177,01,False
LF08-LF09,0.0,False,,,,80,sub-HUP177,01,False
LF09-LF10,0.0,False,,,,80,sub-HUP177,01,False
LF10-LF11,0.0,False,,,,80,sub-HUP177,01,False
LF11-LF12,0.0,False,,,,80,sub-HUP177,01,False
RB06-RB07,0.0,False,,,,80,sub-HUP177,01,False
RB10-RB11,0.0,False,,,,80,sub-HUP177,01,False
RC04-RC05,0.0,False,,,,80,sub-HUP177,01,False
RC05-RC06,0.0,False,,,,80,sub-HUP177,01,False
RC06-RC07,0.0,False,,,,80,sub-HUP177,01,False
RC07-RC08,0.0,False,,,,80,sub-HUP177,01,False
RC08-RC09,0.0,False,,,,80,sub-HUP177,01,False
RD03-RD04,0.0,False,,,,80,sub-HUP177,01,False
RD04-RD05,0.0,False,,,,80,sub-HUP177,01,False
RD07-RD08,0.0,False,,,,80,sub-HUP177,01,False
RD08-RD09,0.0,False,,,,80,sub-HUP177,01,False
RD09-RD10,0.0,False,,,,80,sub-HUP177,01,False
RD10-RD11,0.0,False,,,,80,sub-HUP177,01,False
RE03-RE04,0.0,False,,,,80,sub-HUP177,01,False
RE04-RE05,0.0,False,,,,80,sub-HUP177,01,False
RE05-RE06,0.0,False,,,,80,sub-HUP177,01,False
RE06-RE07,0.0,False,,,,80,sub-HUP177,01,False
RE07-RE08,0.0,False,,,,80,sub-HUP177,01,False
RE09-RE10,0.0,False,,,,80,sub-HUP177,01,False
RE10-RE11,0.0,False,,,,80,sub-HUP177,01,False
RE11-RE12,0.0,False,,,,80,sub-HUP177,01,False
RF01-RF02,0.0,False,,,,80,sub-HUP177,01,False
RF02-RF03,0.0,False,,,,80,sub-HUP177,01,False
RF03-RF04,0.0,False,,,,80,sub-HUP177,01,False
RF05-RF06,0.0,False,,,,80,sub-HUP177,01,False
RF06-RF07,0.0,False,,,,80,sub-HUP177,01,False
RF07-RF08,0.0,False,,,,80,sub-HUP177,01,False
RF08-RF09,0.0,False,,,,80,sub-HUP177,01,False
RF09-RF10,0.0,False,,,,80,sub-HUP177,01,False
RF10-RF11,0.0,False,,,,80,sub-HUP177,01,False
RF11-RF12,0.0,False,,,,80,sub-HUP177,01,False
RG09-RG10,0.0,False,,,,80,sub-HUP177,01,False
RG11-RG12,0.0,False,,,,80,sub-HUP177,01,False
RH10-RH11,0.0,False,,,,80,sub-HUP177,01,False
RH11-RH12,0.0,False,,,,80,sub-HUP177,01,False
RI08-RI09,0.0,False,,,,80,sub-HUP177,01,False
RI09-RI10,0.0,False,,,,80,sub-HUP177,01,False
RI10-RI11,0.0,False,,,,80,sub-HUP177,01,False
RI11-RI12,0.0,False,,,,80,sub-HUP177,01,False
RB02-RB03,1.0,True,-8.75,-7.25,3.268002631248496,1,sub-HUP177,02,False
RH07-RH08,0.4124982957994077,True,13.5,14.0,31.34205824834815,2,sub-HUP177,02,True
RH03-RH04,0.280553036984577,True,-6.25,-3.75,3.2089682207462404,3,sub-HUP177,02,True
RH02-RH03,0.23948108525901085,True,13.5,14.0,18.19602698968611,4,sub-HUP177,02,True
RH08-RH09,0.23859845292575915,True,12.0,13.75,16.95935309041713,5,sub-HUP177,02,True
RH01-RH02,0.21500904099356422,True,13.5,14.25,16.336615097238518,6,sub-HUP177,02,True
RF04-RF05,0.13935294481310384,True,-2.25,1.25,3.4155434274108734,7,sub-HUP177,02,False
RI03-RI04,0.12823467398141794,True,-1.75,0.5,3.3525700159085354,8,sub-HUP177,02,False
RI05-RI06,0.1162414129700784,True,-1.0,1.5,3.3239258801547686,9,sub-HUP177,02,False
LE08-LE09,0.10845114278429573,True,-1.75,-1.25,2.8353489598478783,10,sub-HUP177,02,False
RA06-RA07,0.10146272313043671,True,-1.75,1.0,2.6526435693112385,11,sub-HUP177,02,True
RH05-RH06,0.09974594990857777,True,13.25,14.0,7.4973106154250955,12,sub-HUP177,02,True
RF05-RF06,0.09712103485392688,True,-2.0,4.75,2.4597864302546273,13,sub-HUP177,02,False
RB01-RB02,0.09710586796700299,True,5.5,9.5,4.839469038393981,14,sub-HUP177,02,False
RH04-RH05,0.0968193975227532,True,10.75,14.5,6.486323940135158,15,sub-HUP177,02,True
LD06-LD07,0.09588928986583053,True,3.25,3.5,4.073763870671091,16,sub-HUP177,02,False
RF02-RF03,0.09417465265884842,True,-1.75,1.0,2.4621041014882388,17,sub-HUP177,02,False
RI04-RI05,0.09373822840217974,True,-0.75,1.5,2.7570309936020636,18,sub-HUP177,02,False
LD07-LD08,0.08938867014402986,True,3.25,3.5,3.797591320048415,19,sub-HUP177,02,False
LA05-LA06,0.08918128241883252,True,15.0,15.75,7.213255473670783,20,sub-HUP177,02,False
RG06-RG07,0.08896400384044215,True,6.5,7.0,4.724437227850702,21,sub-HUP177,02,False
LD03-LD04,0.08405271246046266,True,3.25,3.5,3.570898311296748,22,sub-HUP177,02,False
LE05-LE06,0.07902494692761208,True,3.0,3.75,3.292735114794791,23,sub-HUP177,02,False
LB01-LB02,0.07711367693436606,True,15.25,16.0,6.300192478168869,24,sub-HUP177,02,False
RH06-RH07,0.07423640619917575,True,2.0,2.5,2.8506060568217277,25,sub-HUP177,02,True
LA03-LA04,0.07006215020870929,True,15.0,15.75,5.666841458016487,26,sub-HUP177,02,False
RG03-RG04,0.06818798749210195,True,15.75,19.25,5.682382324865083,27,sub-HUP177,02,False
LC02-LC03,0.06725435683742537,True,-0.75,5.75,1.9780867359686822,28,sub-HUP177,02,False
RF06-RF07,0.06724439550282145,True,-2.0,4.75,1.7031001761594964,29,sub-HUP177,02,False
LD04-LD05,0.06395768646147948,True,3.25,3.5,2.7171805393808564,30,sub-HUP177,02,False
LD02-LD03,0.062035191560366014,True,3.25,3.75,2.6355052002406483,31,sub-HUP177,02,False
RG07-RG08,0.061154419900635686,True,6.5,7.0,3.247608083650983,32,sub-HUP177,02,False
LD01-LD02,0.06032375662179922,True,15.0,18.25,4.879170335329135,33,sub-HUP177,02,False
RB05-RB06,0.05975356045642012,True,0.25,5.5,1.9527479279804705,34,sub-HUP177,02,False
RD06-RD07,0.05735574880105352,True,12.25,14.5,4.123652235979555,35,sub-HUP177,02,False
RH09-RH10,0.05700698794616048,True,8.5,12.25,3.3999565055887686,36,sub-HUP177,02,True
RE02-RE03,0.055504678488547066,True,12.25,14.5,3.9905675776378198,37,sub-HUP177,02,False
LE06-LE07,0.0540284629603791,True,14.75,15.25,4.325846398362355,38,sub-HUP177,02,False
RG05-RG06,0.05314123301184716,True,6.25,9.25,2.7786510289680955,39,sub-HUP177,02,False
RC04-RC05,0.052572849948603104,True,-1.5,5.75,1.4174177487052053,40,sub-HUP177,02,False
LG03-LG04,0.05214631809967618,True,16.75,19.75,4.515979076131066,41,sub-HUP177,02,False
LA06-LA07,0.05120692824751125,True,13.75,16.0,3.9325928418989635,42,sub-HUP177,02,False
RA05-RA06,0.05076686177661548,True,14.0,16.25,3.9402731493224423,43,sub-HUP177,02,True
LG05-LG06,0.04985954373404213,True,17.5,20.25,4.440145523152802,44,sub-HUP177,02,False
RG04-RG05,0.04902638661997085,True,12.0,15.0,3.4847493403240906,45,sub-HUP177,02,False
LF05-LF06,0.047991457635299176,True,16.5,20.0,4.116950508027221,46,sub-HUP177,02,False
LA04-LA05,0.0479145420915678,True,15.0,16.0,3.875475028350182,47,sub-HUP177,02,False
LF02-LF03,0.04692113878377142,True,1.5,9.75,1.7250570563235847,48,sub-HUP177,02,False
RA02-RA03,0.04494275445745118,True,15.25,17.25,3.6718259955626387,49,sub-HUP177,02,False
RA04-RA05,0.04368505802158163,True,12.0,15.75,3.105092739196791,50,sub-HUP177,02,False
RE06-RE07,0.042285234326509095,True,8.25,8.75,2.487388626755837,51,sub-HUP177,02,False
LE01-LE02,0.040001185739712654,True,5.5,20.0,1.993540698819222,52,sub-HUP177,02,False
LE04-LE05,0.038979943071433175,True,19.5,21.25,3.7260567783082856,53,sub-HUP177,02,False
RG11-RG12,0.038730288878277834,True,3.5,5.75,1.6770615890127492,54,sub-HUP177,02,False
RG08-RG09,0.03840326340184103,True,12.25,15.0,2.761043248606403,55,sub-HUP177,02,False
RA07-RA08,0.038265109653661776,True,9.5,14.25,2.4072217213886944,56,sub-HUP177,02,True
RE01-RE02,0.03712078432319458,True,12.0,14.75,2.63851035331802,57,sub-HUP177,02,False
RD07-RD08,0.03701907904640779,True,13.75,15.75,2.842993521656333,58,sub-HUP177,02,False
LE09-LE10,0.03492548783903214,True,14.25,15.25,2.7392780677342654,59,sub-HUP177,02,False
RH10-RH11,0.034922635039499876,True,8.75,13.75,2.111354369185506,60,sub-HUP177,02,False
RD08-RD09,0.03481240624419627,True,11.5,20.25,2.417549498130156,61,sub-HUP177,02,False
LA01-LA02,0.03366793307414476,True,14.0,18.75,2.613138729531329,62,sub-HUP177,02,False
RD01-RD02,0.032419912626157746,True,12.0,14.75,2.3043768249350745,63,sub-HUP177,02,False
LG04-LG05,0.032390341169077165,True,14.5,19.5,2.566904214063831,64,sub-HUP177,02,False
LG06-LG07,0.0316428658683866,True,13.0,20.75,2.352554042887472,65,sub-HUP177,02,False
RG02-RG03,0.03153056681032897,True,13.25,15.25,2.369965431920966,66,sub-HUP177,02,False
RG01-RG02,0.031236712229629527,True,12.25,14.5,2.2457964706755904,67,sub-HUP177,02,False
RD02-RD03,0.031198405929151164,True,12.25,15.5,2.243042398678943,68,sub-HUP177,02,False
LB02-LB03,0.029432051303902328,True,15.75,22.0,2.4526925381569353,69,sub-HUP177,02,False
LB09-LB10,0.027484469720672127,True,18.25,21.25,2.5149409422375317,70,sub-HUP177,02,False
RC01-RC02,0.026469355636003465,True,12.0,12.75,1.8814168440835757,71,sub-HUP177,02,False
RD05-RD06,0.02627386368205426,True,13.75,15.5,2.017781807681414,72,sub-HUP177,02,False
RF10-RF11,0.026246211447741294,True,18.25,21.25,2.4016352660026428,73,sub-HUP177,02,False
LF11-LF12,0.025175576171572397,True,20.0,21.75,2.447647012863892,74,sub-HUP177,02,False
LF06-LF07,0.024947432937933754,True,19.5,22.25,2.38470208715884,75,sub-HUP177,02,False
RA03-RA04,0.02489580137425691,True,12.0,17.5,1.7695700906589251,76,sub-HUP177,02,False
LG02-LG03,0.024651883231995166,True,14.0,19.5,1.9133574576005334,77,sub-HUP177,02,False
RB04-RB05,0.024637982039323908,True,12.0,18.5,1.7512445353963109,78,sub-HUP177,02,False
LG07-LG08,0.017887223307216187,True,21.5,23.5,1.826734151053498,79,sub-HUP177,02,False
LA02-LA03,0.0,False,,,,80,sub-HUP177,02,False
LA07-LA08,0.0,False,,,,80,sub-HUP177,02,False
LA08-LA09,0.0,False,,,,80,sub-HUP177,02,False
LB03-LB04,0.0,False,,,,80,sub-HUP177,02,False
LB04-LB05,0.0,False,,,,80,sub-HUP177,02,False
LB05-LB06,0.0,False,,,,80,sub-HUP177,02,False
LB06-LB07,0.0,False,,,,80,sub-HUP177,02,False
LB07-LB08,0.0,False,,,,80,sub-HUP177,02,False
LB08-LB09,0.0,False,,,,80,sub-HUP177,02,False
LC01-LC02,0.0,False,,,,80,sub-HUP177,02,False
LC05-LC06,0.0,False,,,,80,sub-HUP177,02,False
LC06-LC07,0.0,False,,,,80,sub-HUP177,02,False
LC07-LC08,0.0,False,,,,80,sub-HUP177,02,False
LC08-LC09,0.0,False,,,,80,sub-HUP177,02,False
LC09-LC10,0.0,False,,,,80,sub-HUP177,02,False
LC10-LC11,0.0,False,,,,80,sub-HUP177,02,False
LC11-LC12,0.0,False,,,,80,sub-HUP177,02,False
LD05-LD06,0.0,False,,,,80,sub-HUP177,02,False
LE07-LE08,0.0,False,,,,80,sub-HUP177,02,False
LF01-LF02,0.0,False,,,,80,sub-HUP177,02,False
LF03-LF04,0.0,False,,,,80,sub-HUP177,02,False
LF04-LF05,0.0,False,,,,80,sub-HUP177,02,False
LF07-LF08,0.0,False,,,,80,sub-HUP177,02,False
LF08-LF09,0.0,False,,,,80,sub-HUP177,02,False
LF09-LF10,0.0,False,,,,80,sub-HUP177,02,False
LF10-LF11,0.0,False,,,,80,sub-HUP177,02,False
LG01-LG02,0.0,False,,,,80,sub-HUP177,02,False
LG08-LG09,0.0,False,,,,80,sub-HUP177,02,False
LG09-LG10,0.0,False,,,,80,sub-HUP177,02,False
LG10-LG11,0.0,False,,,,80,sub-HUP177,02,False
LG11-LG12,0.0,False,,,,80,sub-HUP177,02,False
RA01-RA02,0.0,False,,,,80,sub-HUP177,02,False
RB03-RB04,0.0,False,,,,80,sub-HUP177,02,False
RB06-RB07,0.0,False,,,,80,sub-HUP177,02,False
RB07-RB08,0.0,False,,,,80,sub-HUP177,02,False
RB08-RB09,0.0,False,,,,80,sub-HUP177,02,False
RB09-RB10,0.0,False,,,,80,sub-HUP177,02,False
RB10-RB11,0.0,False,,,,80,sub-HUP177,02,False
RC02-RC03,0.0,False,,,,80,sub-HUP177,02,False
RC03-RC04,0.0,False,,,,80,sub-HUP177,02,False
RC05-RC06,0.0,False,,,,80,sub-HUP177,02,False
RC06-RC07,0.0,False,,,,80,sub-HUP177,02,False
RC07-RC08,0.0,False,,,,80,sub-HUP177,02,False
RC08-RC09,0.0,False,,,,80,sub-HUP177,02,False
RC09-RC10,0.0,False,,,,80,sub-HUP177,02,False
RD03-RD04,0.0,False,,,,80,sub-HUP177,02,False
RD04-RD05,0.0,False,,,,80,sub-HUP177,02,False
RD09-RD10,0.0,False,,,,80,sub-HUP177,02,False
RD10-RD11,0.0,False,,,,80,sub-HUP177,02,False
RE03-RE04,0.0,False,,,,80,sub-HUP177,02,False
RE04-RE05,0.0,False,,,,80,sub-HUP177,02,False
RE05-RE06,0.0,False,,,,80,sub-HUP177,02,False
RE07-RE08,0.0,False,,,,80,sub-HUP177,02,False
RE08-RE09,0.0,False,,,,80,sub-HUP177,02,False
RE09-RE10,0.0,False,,,,80,sub-HUP177,02,False
RE10-RE11,0.0,False,,,,80,sub-HUP177,02,False
RE11-RE12,0.0,False,,,,80,sub-HUP177,02,False
RF01-RF02,0.0,False,,,,80,sub-HUP177,02,False
RF03-RF04,0.0,False,,,,80,sub-HUP177,02,False
RF07-RF08,0.0,False,,,,80,sub-HUP177,02,False
RF08-RF09,0.0,False,,,,80,sub-HUP177,02,False
RF09-RF10,0.0,False,,,,80,sub-HUP177,02,False
RF11-RF12,0.0,False,,,,80,sub-HUP177,02,False
RG09-RG10,0.0,False,,,,80,sub-HUP177,02,False
RG10-RG11,0.0,False,,,,80,sub-HUP177,02,False
RH11-RH12,0.0,False,,,,80,sub-HUP177,02,False
RI01-RI02,0.0,False,,,,80,sub-HUP177,02,False
RI02-RI03,0.0,False,,,,80,sub-HUP177,02,False
RI06-RI07,0.0,False,,,,80,sub-HUP177,02,False
RI07-RI08,0.0,False,,,,80,sub-HUP177,02,False
RI08-RI09,0.0,False,,,,80,sub-HUP177,02,False
RI09-RI10,0.0,False,,,,80,sub-HUP177,02,False
RI10-RI11,0.0,False,,,,80,sub-HUP177,02,False
RI11-RI12,0.0,False,,,,80,sub-HUP177,02,False
RH03-RH04,1.0,True,-1.5,-0.75,34.9840972000977,1,sub-HUP177,03,True
RH08-RH09,0.8396298585885059,True,-1.5,-0.75,29.37369258496458,2,sub-HUP177,03,True
RH07-RH08,0.6835287481845091,True,-1.5,-1.0,23.912636165547973,3,sub-HUP177,03,True
RH02-RH03,0.6348008471930928,True,-2.25,-1.25,20.248410904945096,4,sub-HUP177,03,True
RE08-RE09,0.6238391772815941,True,-9.0,-7.75,2.5675824017939144,5,sub-HUP177,03,False
RH01-RH02,0.5304205243851257,True,-1.5,-1.0,18.556283182016028,6,sub-HUP177,03,True
RH06-RH07,0.525330830938765,True,-1.5,-0.5,18.378224851769847,7,sub-HUP177,03,True
RA07-RA08,0.48531360100334003,True,-1.0,0.5,17.97697926003206,8,sub-HUP177,03,True
RB01-RB02,0.40597418467206403,True,-2.75,-1.0,12.114016758283507,9,sub-HUP177,03,False
RE02-RE03,0.3183560272292325,True,-1.75,-0.5,10.809827665506054,10,sub-HUP177,03,False
RA06-RA07,0.26735810750234545,True,-1.0,-0.5,9.903475080101884,11,sub-HUP177,03,True
RH09-RH10,0.2601651539682489,True,-0.5,0.75,10.172424567974614,12,sub-HUP177,03,True
RA03-RA04,0.2457304587738255,True,-1.5,0.25,8.596658254768112,13,sub-HUP177,03,False
RA04-RA05,0.229094989620265,True,-1.25,-0.75,8.250407308016923,14,sub-HUP177,03,False
RA05-RA06,0.21609744639982797,True,-1.25,-0.75,7.7823262480604996,15,sub-HUP177,03,True
RH05-RH06,0.20885244583771453,True,-7.0,-1.0,2.5787697408228514,16,sub-HUP177,03,True
RB02-RB03,0.19666477679381383,True,-1.0,1.0,7.28485376526032,17,sub-HUP177,03,False
LG05-LG06,0.19538633034505729,True,-7.0,-6.5,2.412499190245371,18,sub-HUP177,03,False
RA02-RA03,0.1838361176773146,True,-2.25,-0.25,5.863869379443086,19,sub-HUP177,03,False
LD03-LD04,0.17522290720943828,True,-6.5,0.25,2.5241239130876956,20,sub-HUP177,03,False
RG02-RG03,0.17446369426388988,True,1.0,2.5,7.898588613903125,21,sub-HUP177,03,False
RH04-RH05,0.1686316498541589,True,-6.25,-0.5,2.6026879541959134,22,sub-HUP177,03,True
LB01-LB02,0.16628914867217104,True,-0.25,0.5,6.672986878772955,23,sub-HUP177,03,False
RG01-RG02,0.16144550148604464,True,-2.0,-1.25,5.3157883449471095,24,sub-HUP177,03,False
RG04-RG05,0.1553209898497703,True,-1.75,-0.25,5.273948000057407,25,sub-HUP177,03,False
LA06-LA07,0.1484958847199028,True,0.0,0.75,6.111758193947744,26,sub-HUP177,03,False
RE01-RE02,0.13638362906813328,True,-1.75,-0.25,4.630927014179832,27,sub-HUP177,03,False
LA08-LA09,0.1360878289598942,True,-0.5,0.5,5.32101687562241,28,sub-HUP177,03,False
LA04-LA05,0.12192034183781832,True,-2.5,1.5,3.763476255461801,29,sub-HUP177,03,False
RG03-RG04,0.12016778112337576,True,-1.75,1.0,4.080315413518472,30,sub-HUP177,03,False
LA03-LA04,0.11251823233965064,True,-1.25,1.75,4.052123740981559,31,sub-HUP177,03,False
RG10-RG11,0.11124149126655075,True,-5.75,-4.0,1.9458415715764155,32,sub-HUP177,03,False
LA05-LA06,0.11082902428301648,True,-3.0,0.5,3.1930321772662653,33,sub-HUP177,03,False
LG11-LG12,0.11045605077481292,True,-4.75,-4.5,2.3867149867513127,34,sub-HUP177,03,False
LC09-LC10,0.10387628203131706,True,-2.25,-1.75,3.313369304953503,35,sub-HUP177,03,False
RD06-RD07,0.10236347735336578,True,-1.5,-0.75,3.5810938414701483,36,sub-HUP177,03,False
LA07-LA08,0.09899664134041314,True,-0.25,0.75,3.9726181412444914,37,sub-HUP177,03,False
RC01-RC02,0.09713585931513907,True,-1.75,1.5,3.298262980840081,38,sub-HUP177,03,False
LE01-LE02,0.09110651289784338,True,-1.25,-0.5,3.2810226058030523,39,sub-HUP177,03,False
RD05-RD06,0.0906048059711241,True,-1.5,-0.5,3.1697273388897975,40,sub-HUP177,03,False
RD07-RD08,0.08973863650951587,True,-1.5,-0.5,3.139425182253139,41,sub-HUP177,03,False
RD02-RD03,0.08964346339608469,True,-2.0,-0.5,2.951619422872496,42,sub-HUP177,03,False
RE09-RE10,0.08762369472380582,True,-1.5,2.25,3.065435853249311,43,sub-HUP177,03,False
RG08-RG09,0.08644584918582618,True,-1.5,-0.25,3.02422999046193,44,sub-HUP177,03,False
LB02-LB03,0.08347339728026415,True,-2.5,2.25,2.5766836271251163,45,sub-HUP177,03,False
RC02-RC03,0.08335533276704547,True,-2.0,2.0,2.7445751187471132,46,sub-HUP177,03,False
LC08-LC09,0.0832180214561649,True,-2.5,-1.75,2.568800604196137,47,sub-HUP177,03,False
RG06-RG07,0.08231686499483318,True,3.75,5.5,4.658469598242971,48,sub-HUP177,03,False
LD04-LD05,0.08080049156342041,True,0.75,2.75,3.5749849052595906,49,sub-HUP177,03,False
RG07-RG08,0.07846815672147928,True,-1.25,0.75,2.825876963676046,50,sub-HUP177,03,False
RE10-RE11,0.07670035516823803,True,-1.0,2.75,2.841133426398694,51,sub-HUP177,03,False
RE11-RE12,0.075781499136444,True,-1.0,2.75,2.807097174803093,52,sub-HUP177,03,False
RB03-RB04,0.07454171739817246,True,-0.25,1.0,2.9912709644080966,53,sub-HUP177,03,False
LD01-LD02,0.07145858339837412,True,-0.75,6.75,2.720494676865597,54,sub-HUP177,03,False
RA01-RA02,0.06432553276072818,True,-0.5,2.75,2.515120183555193,55,sub-HUP177,03,False
RI03-RI04,0.06245974769835685,True,9.25,10.75,4.948604032709203,56,sub-HUP177,03,False
LD06-LD07,0.06207452914593771,True,0.25,7.25,2.6187198768518556,57,sub-HUP177,03,False
LB07-LB08,0.06130756812759137,True,-1.75,-1.5,2.081707865933819,58,sub-HUP177,03,False
LB09-LB10,0.057955388355180784,True,0.0,2.0,2.385314046455359,59,sub-HUP177,03,False
LA01-LA02,0.05703367588042721,True,0.0,5.25,2.347378424329098,60,sub-HUP177,03,False
LG06-LG07,0.05313621660816904,True,3.75,6.0,3.007080622547345,61,sub-HUP177,03,False
LD07-LD08,0.051358530477668446,True,1.5,8.5,2.4308724654443212,62,sub-HUP177,03,False
RI05-RI06,0.04918435608135296,True,0.75,2.0,2.1761418422527514,63,sub-HUP177,03,False
RG05-RG06,0.04690231293832746,True,-1.25,5.25,1.6890949298833728,64,sub-HUP177,03,False
LA02-LA03,0.04201959625718755,True,4.5,9.0,2.5076771501964124,65,sub-HUP177,03,False
RD08-RD09,0.03434562271021676,True,5.0,5.75,2.1203834175743053,66,sub-HUP177,03,False
RI02-RI03,0.030872346279899113,True,9.5,11.0,2.477741491705385,67,sub-HUP177,03,False
RF04-RF05,0.027254980651672703,True,16.0,18.25,2.916560376462047,68,sub-HUP177,03,False
RI04-RI05,0.02275127710918494,True,15.0,18.25,2.3409790876884817,69,sub-HUP177,03,False
RC03-RC04,0.020260745624067447,True,24.75,27.75,2.8977570971169806,70,sub-HUP177,03,False
LB03-LB04,0.013284670922426633,True,25.25,26.75,1.927354789818511,71,sub-HUP177,03,False
RI01-RI02,0.01289101570591982,True,23.25,29.5,1.7641297846969621,72,sub-HUP177,03,False
LB04-LB05,0.0,False,,,,73,sub-HUP177,03,False
LB05-LB06,0.0,False,,,,73,sub-HUP177,03,False
LB06-LB07,0.0,False,,,,73,sub-HUP177,03,False
LB08-LB09,0.0,False,,,,73,sub-HUP177,03,False
LC01-LC02,0.0,False,,,,73,sub-HUP177,03,False
LC02-LC03,0.0,False,,,,73,sub-HUP177,03,False
LC05-LC06,0.0,False,,,,73,sub-HUP177,03,False
LC06-LC07,0.0,False,,,,73,sub-HUP177,03,False
LC07-LC08,0.0,False,,,,73,sub-HUP177,03,False
LC10-LC11,0.0,False,,,,73,sub-HUP177,03,False
LC11-LC12,0.0,False,,,,73,sub-HUP177,03,False
LD02-LD03,0.0,False,,,,73,sub-HUP177,03,False
LD05-LD06,0.0,False,,,,73,sub-HUP177,03,False
LE04-LE05,0.0,False,,,,73,sub-HUP177,03,False
LE05-LE06,0.0,False,,,,73,sub-HUP177,03,False
LE06-LE07,0.0,False,,,,73,sub-HUP177,03,False
LE07-LE08,0.0,False,,,,73,sub-HUP177,03,False
LE08-LE09,0.0,False,,,,73,sub-HUP177,03,False
LE09-LE10,0.0,False,,,,73,sub-HUP177,03,False
LF01-LF02,0.0,False,,,,73,sub-HUP177,03,False
LF02-LF03,0.0,False,,,,73,sub-HUP177,03,False
LF03-LF04,0.0,False,,,,73,sub-HUP177,03,False
LF04-LF05,0.0,False,,,,73,sub-HUP177,03,False
LF05-LF06,0.0,False,,,,73,sub-HUP177,03,False
LF06-LF07,0.0,False,,,,73,sub-HUP177,03,False
LF07-LF08,0.0,False,,,,73,sub-HUP177,03,False
LF08-LF09,0.0,False,,,,73,sub-HUP177,03,False
LF09-LF10,0.0,False,,,,73,sub-HUP177,03,False
LF10-LF11,0.0,False,,,,73,sub-HUP177,03,False
LF11-LF12,0.0,False,,,,73,sub-HUP177,03,False
LG01-LG02,0.0,False,,,,73,sub-HUP177,03,False
LG02-LG03,0.0,False,,,,73,sub-HUP177,03,False
LG03-LG04,0.0,False,,,,73,sub-HUP177,03,False
LG04-LG05,0.0,False,,,,73,sub-HUP177,03,False
LG07-LG08,0.0,False,,,,73,sub-HUP177,03,False
LG08-LG09,0.0,False,,,,73,sub-HUP177,03,False
LG09-LG10,0.0,False,,,,73,sub-HUP177,03,False
LG10-LG11,0.0,False,,,,73,sub-HUP177,03,False
RB04-RB05,0.0,False,,,,73,sub-HUP177,03,False
RB05-RB06,0.0,False,,,,73,sub-HUP177,03,False
RB06-RB07,0.0,False,,,,73,sub-HUP177,03,False
RB07-RB08,0.0,False,,,,73,sub-HUP177,03,False
RB08-RB09,0.0,False,,,,73,sub-HUP177,03,False
RB09-RB10,0.0,False,,,,73,sub-HUP177,03,False
RB10-RB11,0.0,False,,,,73,sub-HUP177,03,False
RC04-RC05,0.0,False,,,,73,sub-HUP177,03,False
RC05-RC06,0.0,False,,,,73,sub-HUP177,03,False
RC06-RC07,0.0,False,,,,73,sub-HUP177,03,False
RC07-RC08,0.0,False,,,,73,sub-HUP177,03,False
RC08-RC09,0.0,False,,,,73,sub-HUP177,03,False
RC09-RC10,0.0,False,,,,73,sub-HUP177,03,False
RD01-RD02,0.0,False,,,,73,sub-HUP177,03,False
RD03-RD04,0.0,False,,,,73,sub-HUP177,03,False
RD04-RD05,0.0,False,,,,73,sub-HUP177,03,False
RD09-RD10,0.0,False,,,,73,sub-HUP177,03,False
RD10-RD11,0.0,False,,,,73,sub-HUP177,03,False
RE03-RE04,0.0,False,,,,73,sub-HUP177,03,False
RE04-RE05,0.0,False,,,,73,sub-HUP177,03,False
RE05-RE06,0.0,False,,,,73,sub-HUP177,03,False
RE06-RE07,0.0,False,,,,73,sub-HUP177,03,False
RE07-RE08,0.0,False,,,,73,sub-HUP177,03,False
RF01-RF02,0.0,False,,,,73,sub-HUP177,03,False
RF02-RF03,0.0,False,,,,73,sub-HUP177,03,False
RF03-RF04,0.0,False,,,,73,sub-HUP177,03,False
RF05-RF06,0.0,False,,,,73,sub-HUP177,03,False
RF06-RF07,0.0,False,,,,73,sub-HUP177,03,False
RF07-RF08,0.0,False,,,,73,sub-HUP177,03,False
RF08-RF09,0.0,False,,,,73,sub-HUP177,03,False
RF09-RF10,0.0,False,,,,73,sub-HUP177,03,False
RF10-RF11,0.0,False,,,,73,sub-HUP177,03,False
RF11-RF12,0.0,False,,,,73,sub-HUP177,03,False
RG09-RG10,0.0,False,,,,73,sub-HUP177,03,False
RG11-RG12,0.0,False,,,,73,sub-HUP177,03,False
RH10-RH11,0.0,False,,,,73,sub-HUP177,03,False
RH11-RH12,0.0,False,,,,73,sub-HUP177,03,False
RI06-RI07,0.0,False,,,,73,sub-HUP177,03,False
RI07-RI08,0.0,False,,,,73,sub-HUP177,03,False
RI08-RI09,0.0,False,,,,73,sub-HUP177,03,False
RI09-RI10,0.0,False,,,,73,sub-HUP177,03,False
RI10-RI11,0.0,False,,,,73,sub-HUP177,03,False
RI11-RI12,0.0,False,,,,73,sub-HUP177,03,False
LE02-LE03,1.0,True,-7.75,-6.0,4.983439558855646,1,sub-HUP179,01,True
LI07-LI08,0.4414382840088225,True,-7.0,-5.5,3.8497917628151095,2,sub-HUP179,01,False
LM06-LM07,0.34959987534817155,True,-6.75,-6.25,3.484419697162162,3,sub-HUP179,01,False
LB07-LB08,0.1823638671029547,True,-5.75,-3.25,2.726397928280275,4,sub-HUP179,01,False
LH04-LH05,0.16069608949307745,True,-4.5,-0.75,3.4034818096661397,5,sub-HUP179,01,True
LJ07-LJ08,0.14716475506365032,True,-2.5,-1.75,4.583666637834355,6,sub-HUP179,01,True
LA03-LA04,0.1252900388705006,True,-4.0,-3.25,2.965782846179618,7,sub-HUP179,01,False
LE06-LE07,0.09835316926669664,True,-2.5,1.5,3.063356715390509,8,sub-HUP179,01,True
LG05-LG06,0.07340007242409416,True,-2.75,-1.75,2.194708947246602,9,sub-HUP179,01,True
LM08-LM09,0.06037561645009559,True,-0.25,0.75,2.5574650009654674,10,sub-HUP179,01,False
RB02-RB03,0.05181070229212879,True,1.75,3.5,2.7110527854342186,11,sub-HUP179,01,False
LM07-LM08,0.051664353411328225,True,-0.25,0.75,2.18846255186805,12,sub-HUP179,01,False
LJ05-LJ06,0.04257135782260919,True,5.25,6.0,2.9701250410634517,13,sub-HUP179,01,True
LJ04-LJ05,0.03081091977618415,True,5.5,6.25,2.1880070795174347,14,sub-HUP179,01,True
LK05-LK06,0.025523143999099177,True,5.75,6.5,1.8442991593364593,15,sub-HUP179,01,False
LM09-LM10,0.022865901717114338,True,19.0,22.25,3.1621357868557465,16,sub-HUP179,01,False
LM01-LM02,0.022162879714657392,True,15.25,16.5,2.6507369161963914,17,sub-HUP179,01,False
LI05-LI06,0.015125469539733897,True,19.5,22.5,2.1293963868287724,18,sub-HUP179,01,False
LM11-LM12,0.013796444779738867,True,20.5,23.0,2.0110471490923554,19,sub-HUP179,01,False
LA01-LA02,0.0,False,,,,20,sub-HUP179,01,False
LA02-LA03,0.0,False,,,,20,sub-HUP179,01,False
LA04-LA05,0.0,False,,,,20,sub-HUP179,01,False
LA05-LA06,0.0,False,,,,20,sub-HUP179,01,False
LA06-LA07,0.0,False,,,,20,sub-HUP179,01,False
LA07-LA08,0.0,False,,,,20,sub-HUP179,01,False
LA08-LA09,0.0,False,,,,20,sub-HUP179,01,False
LA09-LA10,0.0,False,,,,20,sub-HUP179,01,False
LA10-LA11,0.0,False,,,,20,sub-HUP179,01,False
LB01-LB02,0.0,False,,,,20,sub-HUP179,01,False
LB02-LB03,0.0,False,,,,20,sub-HUP179,01,False
LB05-LB06,0.0,False,,,,20,sub-HUP179,01,False
LB06-LB07,0.0,False,,,,20,sub-HUP179,01,False
LB08-LB09,0.0,False,,,,20,sub-HUP179,01,False
LB09-LB10,0.0,False,,,,20,sub-HUP179,01,False
LB10-LB11,0.0,False,,,,20,sub-HUP179,01,False
LB11-LB12,0.0,False,,,,20,sub-HUP179,01,False
LC01-LC02,0.0,False,,,,20,sub-HUP179,01,True
LC02-LC03,0.0,False,,,,20,sub-HUP179,01,True
LC03-LC04,0.0,False,,,,20,sub-HUP179,01,True
LC04-LC05,0.0,False,,,,20,sub-HUP179,01,True
LC05-LC06,0.0,False,,,,20,sub-HUP179,01,True
LC06-LC07,0.0,False,,,,20,sub-HUP179,01,True
LC07-LC08,0.0,False,,,,20,sub-HUP179,01,True
LD01-LD02,0.0,False,,,,20,sub-HUP179,01,True
LD02-LD03,0.0,False,,,,20,sub-HUP179,01,True
LD03-LD04,0.0,False,,,,20,sub-HUP179,01,True
LD04-LD05,0.0,False,,,,20,sub-HUP179,01,True
LD05-LD06,0.0,False,,,,20,sub-HUP179,01,True
LD06-LD07,0.0,False,,,,20,sub-HUP179,01,False
LD07-LD08,0.0,False,,,,20,sub-HUP179,01,False
LE01-LE02,0.0,False,,,,20,sub-HUP179,01,True
LE03-LE04,0.0,False,,,,20,sub-HUP179,01,True
LE04-LE05,0.0,False,,,,20,sub-HUP179,01,True
LE05-LE06,0.0,False,,,,20,sub-HUP179,01,True
LE07-LE08,0.0,False,,,,20,sub-HUP179,01,True
LF01-LF02,0.0,False,,,,20,sub-HUP179,01,False
LF02-LF03,0.0,False,,,,20,sub-HUP179,01,False
LF03-LF04,0.0,False,,,,20,sub-HUP179,01,False
LF04-LF05,0.0,False,,,,20,sub-HUP179,01,False
LF05-LF06,0.0,False,,,,20,sub-HUP179,01,False
LF06-LF07,0.0,False,,,,20,sub-HUP179,01,False
LF07-LF08,0.0,False,,,,20,sub-HUP179,01,False
LG01-LG02,0.0,False,,,,20,sub-HUP179,01,True
LG02-LG03,0.0,False,,,,20,sub-HUP179,01,True
LG03-LG04,0.0,False,,,,20,sub-HUP179,01,True
LG04-LG05,0.0,False,,,,20,sub-HUP179,01,True
LG06-LG07,0.0,False,,,,20,sub-HUP179,01,False
LG07-LG08,0.0,False,,,,20,sub-HUP179,01,False
LH01-LH02,0.0,False,,,,20,sub-HUP179,01,False
LH02-LH03,0.0,False,,,,20,sub-HUP179,01,False
LH03-LH04,0.0,False,,,,20,sub-HUP179,01,False
LH05-LH06,0.0,False,,,,20,sub-HUP179,01,True
LH06-LH07,0.0,False,,,,20,sub-HUP179,01,True
LH07-LH08,0.0,False,,,,20,sub-HUP179,01,True
LH08-LH09,0.0,False,,,,20,sub-HUP179,01,True
LH09-LH10,0.0,False,,,,20,sub-HUP179,01,True
LH10-LH11,0.0,False,,,,20,sub-HUP179,01,True
LH11-LH12,0.0,False,,,,20,sub-HUP179,01,True
LI01-LI02,0.0,False,,,,20,sub-HUP179,01,False
LI02-LI03,0.0,False,,,,20,sub-HUP179,01,False
LI03-LI04,0.0,False,,,,20,sub-HUP179,01,False
LI04-LI05,0.0,False,,,,20,sub-HUP179,01,False
LI06-LI07,0.0,False,,,,20,sub-HUP179,01,False
LI08-LI09,0.0,False,,,,20,sub-HUP179,01,False
LI09-LI10,0.0,False,,,,20,sub-HUP179,01,False
LI10-LI11,0.0,False,,,,20,sub-HUP179,01,False
LJ01-LJ02,0.0,False,,,,20,sub-HUP179,01,False
LJ06-LJ07,0.0,False,,,,20,sub-HUP179,01,True
LJ08-LJ09,0.0,False,,,,20,sub-HUP179,01,True
LJ09-LJ10,0.0,False,,,,20,sub-HUP179,01,True
LJ10-LJ11,0.0,False,,,,20,sub-HUP179,01,True
LJ11-LJ12,0.0,False,,,,20,sub-HUP179,01,True
LK01-LK02,0.0,False,,,,20,sub-HUP179,01,False
LK02-LK03,0.0,False,,,,20,sub-HUP179,01,False
LK03-LK04,0.0,False,,,,20,sub-HUP179,01,False
LK04-LK05,0.0,False,,,,20,sub-HUP179,01,False
LK06-LK07,0.0,False,,,,20,sub-HUP179,01,False
LK07-LK08,0.0,False,,,,20,sub-HUP179,01,False
LK08-LK09,0.0,False,,,,20,sub-HUP179,01,False
LK09-LK10,0.0,False,,,,20,sub-HUP179,01,False
LK10-LK11,0.0,False,,,,20,sub-HUP179,01,False
LK11-LK12,0.0,False,,,,20,sub-HUP179,01,False
LL01-LL02,0.0,False,,,,20,sub-HUP179,01,False
LL02-LL03,0.0,False,,,,20,sub-HUP179,01,False
LL03-LL04,0.0,False,,,,20,sub-HUP179,01,False
LL04-LL05,0.0,False,,,,20,sub-HUP179,01,False
LL05-LL06,0.0,False,,,,20,sub-HUP179,01,False
LL06-LL07,0.0,False,,,,20,sub-HUP179,01,False
LL07-LL08,0.0,False,,,,20,sub-HUP179,01,False
LL08-LL09,0.0,False,,,,20,sub-HUP179,01,False
LL09-LL10,0.0,False,,,,20,sub-HUP179,01,False
LL10-LL11,0.0,False,,,,20,sub-HUP179,01,False
LL11-LL12,0.0,False,,,,20,sub-HUP179,01,False
LM02-LM03,0.0,False,,,,20,sub-HUP179,01,False
LM03-LM04,0.0,False,,,,20,sub-HUP179,01,False
LM04-LM05,0.0,False,,,,20,sub-HUP179,01,False
LM05-LM06,0.0,False,,,,20,sub-HUP179,01,False
LM10-LM11,0.0,False,,,,20,sub-HUP179,01,False
RA01-RA02,0.0,False,,,,20,sub-HUP179,01,False
RA02-RA03,0.0,False,,,,20,sub-HUP179,01,False
RA03-RA04,0.0,False,,,,20,sub-HUP179,01,False
RA04-RA05,0.0,False,,,,20,sub-HUP179,01,False
RA05-RA06,0.0,False,,,,20,sub-HUP179,01,False
RA06-RA07,0.0,False,,,,20,sub-HUP179,01,False
RA07-RA08,0.0,False,,,,20,sub-HUP179,01,False
RB01-RB02,0.0,False,,,,20,sub-HUP179,01,False
RB03-RB04,0.0,False,,,,20,sub-HUP179,01,False
RB04-RB05,0.0,False,,,,20,sub-HUP179,01,False
RB05-RB06,0.0,False,,,,20,sub-HUP179,01,False
RB06-RB07,0.0,False,,,,20,sub-HUP179,01,False
RB07-RB08,0.0,False,,,,20,sub-HUP179,01,False
RB08-RB09,0.0,False,,,,20,sub-HUP179,01,False
RB09-RB10,0.0,False,,,,20,sub-HUP179,01,False
RB10-RB11,0.0,False,,,,20,sub-HUP179,01,False
RC01-RC02,0.0,False,,,,20,sub-HUP179,01,False
RC02-RC03,0.0,False,,,,20,sub-HUP179,01,False
RC03-RC04,0.0,False,,,,20,sub-HUP179,01,False
RC04-RC05,0.0,False,,,,20,sub-HUP179,01,False
RC05-RC06,0.0,False,,,,20,sub-HUP179,01,False
RC06-RC07,0.0,False,,,,20,sub-HUP179,01,False
RC07-RC08,0.0,False,,,,20,sub-HUP179,01,False
LB01-LB02,1.0,True,-8.5,-8.0,4.177526672930326,1,sub-HUP179,02,False
RC06-RC07,0.7052904702976294,True,-8.25,-7.25,3.5356437021983047,2,sub-HUP179,02,False
LL09-LL10,0.6652674542179873,True,-8.75,-8.25,2.2233380277024772,3,sub-HUP179,02,False
RC07-RC08,0.5882236594962842,True,-8.25,-2.75,2.948784032633296,4,sub-HUP179,02,False
RC05-RC06,0.5499736254584067,True,-8.0,-5.5,3.216541285664962,5,sub-HUP179,02,False
LK03-LK04,0.33977973647902365,True,-6.75,-2.75,3.4066533889496604,6,sub-HUP179,02,False
LL01-LL02,0.3275010815612267,True,-7.75,4.5,2.1890312058168875,7,sub-HUP179,02,False
LG04-LG05,0.2949201100006932,True,-5.75,-4.75,3.942517202916613,8,sub-HUP179,02,True
LE04-LE05,0.27950760249342993,True,-6.0,-5.0,3.5029513941093313,9,sub-HUP179,02,True
LE03-LE04,0.25816677697747903,True,-6.0,-3.0,3.235495790663621,10,sub-HUP179,02,True
RB01-RB02,0.25346338127911605,True,-6.5,-5.0,2.7530100933520023,11,sub-HUP179,02,False
LL07-LL08,0.23947088953808643,True,-6.0,-3.0,3.001188085307123,12,sub-HUP179,02,False
LK01-LK02,0.2382565651559412,True,-6.25,-2.75,2.7869048366311784,13,sub-HUP179,02,False
LK11-LK12,0.2300893871950611,True,-5.5,-4.25,3.268095477362908,14,sub-HUP179,02,False
LE01-LE02,0.21750646218453362,True,-5.75,-4.75,2.9076449513939218,15,sub-HUP179,02,True
LG05-LG06,0.21565698889347665,True,-5.5,-2.75,3.0631035992415483,16,sub-HUP179,02,True
LK06-LK07,0.20470429751774116,True,-6.25,-2.75,2.3944414562427205,17,sub-HUP179,02,False
LK02-LK03,0.19954567737630124,True,-5.5,-2.5,2.834265125005323,18,sub-HUP179,02,False
LG03-LG04,0.19289171636641514,True,-5.5,-2.75,2.739754986367235,19,sub-HUP179,02,True
LJ10-LJ11,0.1854140272664767,True,-5.75,-4.5,2.478630542211639,20,sub-HUP179,02,True
LK04-LK05,0.17456217819732098,True,-5.5,-4.25,2.479409728714025,21,sub-HUP179,02,False
LH01-LH02,0.17144882885955862,True,-5.0,-2.5,2.721681811293197,22,sub-HUP179,02,False
LM04-LM05,0.15350231387967428,True,-5.0,-0.75,2.4367880402376767,23,sub-HUP179,02,False
LI09-LI10,0.14665217163583916,True,-4.5,-0.25,2.573102106337872,24,sub-HUP179,02,False
RA07-RA08,0.13898839138264932,True,-6.0,-0.75,1.741883136686091,25,sub-HUP179,02,False
LE05-LE06,0.13300608610603135,True,-3.5,-2.75,2.7781823618500683,26,sub-HUP179,02,True
LI03-LI04,0.12247635561008527,True,-4.0,-2.5,2.3535819148763824,27,sub-HUP179,02,False
RB09-RB10,0.12022907771278554,True,-3.25,0.5,2.611752930836268,28,sub-HUP179,02,False
RB04-RB05,0.11816629359432398,True,-3.5,-2.25,2.468214216658022,29,sub-HUP179,02,False
RA06-RA07,0.11260089630698178,True,7.25,8.25,6.397348168968584,30,sub-HUP179,02,False
LI04-LI05,0.10857194484963838,True,-3.25,-2.5,2.35852341681468,31,sub-HUP179,02,False
LF07-LF08,0.1058576635553683,True,-3.5,9.5,2.2111160651831776,32,sub-HUP179,02,False
LM02-LM03,0.088307333948691,True,1.0,1.5,3.1725936896797924,33,sub-HUP179,02,False
LB08-LB09,0.07458357917748668,True,0.25,2.0,2.4925991310124918,34,sub-HUP179,02,False
LM01-LM02,0.07397317619720255,True,1.75,3.25,2.843029233135733,35,sub-HUP179,02,False
LD07-LD08,0.07325886778074465,True,5.75,6.25,3.794906839865938,36,sub-HUP179,02,False
LB09-LB10,0.06989491080421124,True,1.5,3.0,2.6278906876801065,37,sub-HUP179,02,False
LL03-LL04,0.06738455324512245,True,-0.75,0.25,2.026805533379948,38,sub-HUP179,02,False
LI06-LI07,0.05221782640011368,True,2.75,3.75,2.1814136258892023,39,sub-HUP179,02,False
LD01-LD02,0.050941555242972766,True,9.75,10.75,3.31983141029393,40,sub-HUP179,02,True
LC02-LC03,0.04851528223236062,True,7.75,8.5,2.837434397986009,41,sub-HUP179,02,True
LG01-LG02,0.047726888082598506,True,7.75,11.0,2.7913248717342207,42,sub-HUP179,02,True
LF06-LF07,0.04692206240221505,True,8.0,9.75,2.7834579747249952,43,sub-HUP179,02,False
LL05-LL06,0.04588425792401602,True,9.75,10.75,2.990250296984989,44,sub-HUP179,02,False
LG02-LG03,0.045521625953692434,True,9.25,10.0,2.890550660573955,45,sub-HUP179,02,True
LJ01-LJ02,0.04504637723795789,True,15.5,20.25,3.801285337095102,46,sub-HUP179,02,False
LD06-LD07,0.04253402694678398,True,5.75,6.25,2.2033191977588586,47,sub-HUP179,02,False
LL11-LL12,0.041770065347556826,True,8.5,10.75,2.547635206944136,48,sub-HUP179,02,False
LA01-LA02,0.04019304913119587,True,9.0,17.75,2.518613022179547,49,sub-HUP179,02,False
LA04-LA05,0.04016744467424237,True,9.25,11.0,2.55056868695353,50,sub-HUP179,02,False
LI10-LI11,0.03799036938094453,True,14.75,18.75,3.1106333155060777,51,sub-HUP179,02,False
LI07-LI08,0.03606443675476714,True,8.75,10.0,2.2297701680112785,52,sub-HUP179,02,False
LC07-LC08,0.03424316104532097,True,9.25,12.25,2.174386123210611,53,sub-HUP179,02,True
RA01-RA02,0.03411658038960631,True,9.25,12.25,2.1663484534146313,54,sub-HUP179,02,False
LM09-LM10,0.03289796330034289,True,17.5,19.0,2.996020197955386,55,sub-HUP179,02,False
LH05-LH06,0.03131254866503716,True,9.25,11.0,1.9882969101334484,56,sub-HUP179,02,True
LI08-LI09,0.03080621340213967,True,12.0,20.5,2.2392717403219455,57,sub-HUP179,02,False
LF03-LF04,0.03074101795461898,True,11.25,11.5,2.1574798973019744,58,sub-HUP179,02,False
LH06-LH07,0.030682816528867705,True,10.25,11.0,2.050852551199557,59,sub-HUP179,02,True
RB02-RB03,0.023057135494093647,True,26.0,28.5,2.7548034378992203,60,sub-HUP179,02,False
LH08-LH09,0.019210814907043936,True,23.25,25.75,2.1186974604286544,61,sub-HUP179,02,True
LA02-LA03,0.0,False,,,,62,sub-HUP179,02,False
LA03-LA04,0.0,False,,,,62,sub-HUP179,02,False
LA05-LA06,0.0,False,,,,62,sub-HUP179,02,False
LA06-LA07,0.0,False,,,,62,sub-HUP179,02,False
LA07-LA08,0.0,False,,,,62,sub-HUP179,02,False
LA08-LA09,0.0,False,,,,62,sub-HUP179,02,False
LA09-LA10,0.0,False,,,,62,sub-HUP179,02,False
LA10-LA11,0.0,False,,,,62,sub-HUP179,02,False
LB02-LB03,0.0,False,,,,62,sub-HUP179,02,False
LB05-LB06,0.0,False,,,,62,sub-HUP179,02,False
LB06-LB07,0.0,False,,,,62,sub-HUP179,02,False
LB07-LB08,0.0,False,,,,62,sub-HUP179,02,False
LB10-LB11,0.0,False,,,,62,sub-HUP179,02,False
LB11-LB12,0.0,False,,,,62,sub-HUP179,02,False
LC01-LC02,0.0,False,,,,62,sub-HUP179,02,True
LC03-LC04,0.0,False,,,,62,sub-HUP179,02,True
LC04-LC05,0.0,False,,,,62,sub-HUP179,02,True
LC05-LC06,0.0,False,,,,62,sub-HUP179,02,True
LC06-LC07,0.0,False,,,,62,sub-HUP179,02,True
LD02-LD03,0.0,False,,,,62,sub-HUP179,02,True
LD03-LD04,0.0,False,,,,62,sub-HUP179,02,True
LD04-LD05,0.0,False,,,,62,sub-HUP179,02,True
LD05-LD06,0.0,False,,,,62,sub-HUP179,02,True
LE02-LE03,0.0,False,,,,62,sub-HUP179,02,True
LE06-LE07,0.0,False,,,,62,sub-HUP179,02,True
LE07-LE08,0.0,False,,,,62,sub-HUP179,02,True
LF01-LF02,0.0,False,,,,62,sub-HUP179,02,False
LF02-LF03,0.0,False,,,,62,sub-HUP179,02,False
LF04-LF05,0.0,False,,,,62,sub-HUP179,02,False
LF05-LF06,0.0,False,,,,62,sub-HUP179,02,False
LG06-LG07,0.0,False,,,,62,sub-HUP179,02,False
LG07-LG08,0.0,False,,,,62,sub-HUP179,02,False
LH02-LH03,0.0,False,,,,62,sub-HUP179,02,False
LH03-LH04,0.0,False,,,,62,sub-HUP179,02,False
LH04-LH05,0.0,False,,,,62,sub-HUP179,02,True
LH07-LH08,0.0,False,,,,62,sub-HUP179,02,True
LH09-LH10,0.0,False,,,,62,sub-HUP179,02,True
LH10-LH11,0.0,False,,,,62,sub-HUP179,02,True
LH11-LH12,0.0,False,,,,62,sub-HUP179,02,True
LI01-LI02,0.0,False,,,,62,sub-HUP179,02,False
LI02-LI03,0.0,False,,,,62,sub-HUP179,02,False
LI05-LI06,0.0,False,,,,62,sub-HUP179,02,False
LJ04-LJ05,0.0,False,,,,62,sub-HUP179,02,True
LJ05-LJ06,0.0,False,,,,62,sub-HUP179,02,True
LJ06-LJ07,0.0,False,,,,62,sub-HUP179,02,True
LJ07-LJ08,0.0,False,,,,62,sub-HUP179,02,True
LJ08-LJ09,0.0,False,,,,62,sub-HUP179,02,True
LJ09-LJ10,0.0,False,,,,62,sub-HUP179,02,True
LJ11-LJ12,0.0,False,,,,62,sub-HUP179,02,True
LK05-LK06,0.0,False,,,,62,sub-HUP179,02,False
LK07-LK08,0.0,False,,,,62,sub-HUP179,02,False
LK08-LK09,0.0,False,,,,62,sub-HUP179,02,False
LK09-LK10,0.0,False,,,,62,sub-HUP179,02,False
LK10-LK11,0.0,False,,,,62,sub-HUP179,02,False
LL02-LL03,0.0,False,,,,62,sub-HUP179,02,False
LL04-LL05,0.0,False,,,,62,sub-HUP179,02,False
LL06-LL07,0.0,False,,,,62,sub-HUP179,02,False
LL08-LL09,0.0,False,,,,62,sub-HUP179,02,False
LL10-LL11,0.0,False,,,,62,sub-HUP179,02,False
LM03-LM04,0.0,False,,,,62,sub-HUP179,02,False
LM05-LM06,0.0,False,,,,62,sub-HUP179,02,False
LM06-LM07,0.0,False,,,,62,sub-HUP179,02,False
LM07-LM08,0.0,False,,,,62,sub-HUP179,02,False
LM08-LM09,0.0,False,,,,62,sub-HUP179,02,False
LM10-LM11,0.0,False,,,,62,sub-HUP179,02,False
LM11-LM12,0.0,False,,,,62,sub-HUP179,02,False
RA02-RA03,0.0,False,,,,62,sub-HUP179,02,False
RA03-RA04,0.0,False,,,,62,sub-HUP179,02,False
RA04-RA05,0.0,False,,,,62,sub-HUP179,02,False
RA05-RA06,0.0,False,,,,62,sub-HUP179,02,False
RB03-RB04,0.0,False,,,,62,sub-HUP179,02,False
RB05-RB06,0.0,False,,,,62,sub-HUP179,02,False
RB06-RB07,0.0,False,,,,62,sub-HUP179,02,False
RB07-RB08,0.0,False,,,,62,sub-HUP179,02,False
RB08-RB09,0.0,False,,,,62,sub-HUP179,02,False
RB10-RB11,0.0,False,,,,62,sub-HUP179,02,False
RC01-RC02,0.0,False,,,,62,sub-HUP179,02,False
RC02-RC03,0.0,False,,,,62,sub-HUP179,02,False
RC03-RC04,0.0,False,,,,62,sub-HUP179,02,False
RC04-RC05,0.0,False,,,,62,sub-HUP179,02,False
LD05-LD06,1.0,True,-6.5,-3.5,11.558691673587001,1,sub-HUP180,01,False
RD07-RD08,0.714494945766779,True,-7.5,-4.75,4.588125989141369,2,sub-HUP180,01,False
RD06-RD07,0.45797624528837644,True,-7.5,-5.25,2.940892340619664,3,sub-HUP180,01,False
LF01-LF02,0.41912661459155953,True,-6.25,-3.25,5.382839233620186,4,sub-HUP180,01,True
RD04-RD05,0.40162615908670896,True,-7.75,-2.25,2.0632324181912316,5,sub-HUP180,01,False
LD06-LD07,0.29746175388737217,True,-5.75,-4.5,4.584358263824739,6,sub-HUP180,01,False
LE02-LE03,0.2698883442361603,True,-5.75,-3.25,4.159408209760918,7,sub-HUP180,01,False
LC11-LC12,0.2518147928342343,True,-4.5,-2.25,5.49789359296941,8,sub-HUP180,01,True
RD05-RD06,0.24572014468021636,True,-5.75,-2.5,3.78693785379708,9,sub-HUP180,01,False
LD04-LD05,0.2310934488801191,True,-4.75,-2.75,4.7486896415842414,10,sub-HUP180,01,False
LD07-LD08,0.23081974584607592,True,-5.25,-3.75,4.150182204638564,11,sub-HUP180,01,False
LC07-LC08,0.21247290528803403,True,-4.25,-2.0,4.9118176024312765,12,sub-HUP180,01,False
LD02-LD03,0.2112085160559165,True,-4.75,-1.75,4.340078428313224,13,sub-HUP180,01,False
LF10-LF11,0.20969635439864792,True,-5.5,-3.0,3.501066841377734,14,sub-HUP180,01,True
LD03-LD04,0.20687686824565207,True,-4.75,-2.5,4.25106832790893,15,sub-HUP180,01,False
LD08-LD09,0.20006107041109056,True,-5.5,-2.5,3.340197219333831,16,sub-HUP180,01,False
RD03-RD04,0.19818977805833402,True,-6.0,-2.75,2.7998844346402367,17,sub-HUP180,01,False
LG08-LG09,0.1855616602570089,True,-5.5,-3.5,3.098116691727299,18,sub-HUP180,01,False
LD09-LD10,0.17855147706784444,True,-5.75,-1.0,2.751761961721005,19,sub-HUP180,01,False
RE01-RE02,0.17382178718506303,True,-5.5,-3.5,2.902109086101333,20,sub-HUP180,01,False
LC02-LC03,0.1720650958342644,True,-4.75,-1.5,3.535728694283487,21,sub-HUP180,01,False
LG05-LG06,0.17178308077904708,True,-5.0,-2.5,3.309312775773158,22,sub-HUP180,01,False
LB02-LB03,0.15878483196076373,True,-4.75,-1.75,3.2628354045809616,23,sub-HUP180,01,False
LC04-LC05,0.14940021030995224,True,-4.75,-0.5,3.069992830118741,24,sub-HUP180,01,False
RE07-RE08,0.14658607267423723,True,-3.5,1.0,3.9534675079282247,25,sub-HUP180,01,False
LG06-LG07,0.1452953830487546,True,-5.25,-2.5,2.6124381643986476,26,sub-HUP180,01,True
LC03-LC04,0.1442783600377714,True,-4.75,-0.5,2.964745029062001,27,sub-HUP180,01,False
LF11-LF12,0.13701144841308208,True,-5.25,0.5,2.46349147015749,28,sub-HUP180,01,True
LF04-LF05,0.1110626313050721,True,-3.25,-1.5,3.138027961964133,29,sub-HUP180,01,False
LH06-LH07,0.1058218115140049,True,-3.0,-1.25,3.1258576563898766,30,sub-HUP180,01,True
LG07-LG08,0.10417229270213088,True,-3.75,1.75,2.675767582832418,31,sub-HUP180,01,True
LC10-LC11,0.1022812670643583,True,0.0,3.25,4.597590783258381,32,sub-HUP180,01,True
LE05-LE06,0.09835623290242179,True,-3.5,0.5,2.652695197354082,33,sub-HUP180,01,False
LF03-LF04,0.09611697426159439,True,-3.0,1.25,2.839187645780105,34,sub-HUP180,01,True
LE06-LE07,0.09573333908638228,True,-2.5,0.5,3.0737559705067996,35,sub-HUP180,01,False
LE03-LE04,0.08202554779999179,True,-3.5,-1.75,2.2122520382134145,36,sub-HUP180,01,True
LE04-LE05,0.0790018489855185,True,-3.5,-1.75,2.130702032822744,37,sub-HUP180,01,True
RD02-RD03,0.06440016950520668,True,0.75,1.5,3.1429449683802337,38,sub-HUP180,01,False
RE09-RE10,0.05919778870268768,True,0.5,1.0,2.8130236147536882,39,sub-HUP180,01,False
RE10-RE11,0.04948001383018412,True,0.5,1.25,2.3512440314569996,40,sub-HUP180,01,False
RE06-RE07,0.04731971828033682,True,0.25,1.25,2.187816134733647,41,sub-HUP180,01,False
LF02-LF03,0.04693603361866009,True,1.0,1.75,2.350916277576559,42,sub-HUP180,01,True
RE08-RE09,0.0421878297588543,True,0.5,1.25,2.004726256970431,43,sub-HUP180,01,False
LB09-LB10,0.034984438408452494,True,7.0,11.25,2.8306203585582796,44,sub-HUP180,01,False
LB08-LB09,0.014899481518336321,True,22.75,23.25,2.411059181534604,45,sub-HUP180,01,False
LA01-LA02,0.0,False,,,,46,sub-HUP180,01,False
LA02-LA03,0.0,False,,,,46,sub-HUP180,01,False
LA03-LA04,0.0,False,,,,46,sub-HUP180,01,False
LA04-LA05,0.0,False,,,,46,sub-HUP180,01,False
LA05-LA06,0.0,False,,,,46,sub-HUP180,01,False
LA06-LA07,0.0,False,,,,46,sub-HUP180,01,False
LA07-LA08,0.0,False,,,,46,sub-HUP180,01,False
LA08-LA09,0.0,False,,,,46,sub-HUP180,01,False
LA09-LA10,0.0,False,,,,46,sub-HUP180,01,False
LB01-LB02,0.0,False,,,,46,sub-HUP180,01,False
LB03-LB04,0.0,False,,,,46,sub-HUP180,01,False
LB04-LB05,0.0,False,,,,46,sub-HUP180,01,False
LB05-LB06,0.0,False,,,,46,sub-HUP180,01,False
LB06-LB07,0.0,False,,,,46,sub-HUP180,01,False
LB07-LB08,0.0,False,,,,46,sub-HUP180,01,False
LC01-LC02,0.0,False,,,,46,sub-HUP180,01,False
LC05-LC06,0.0,False,,,,46,sub-HUP180,01,False
LC06-LC07,0.0,False,,,,46,sub-HUP180,01,False
LC08-LC09,0.0,False,,,,46,sub-HUP180,01,False
LC09-LC10,0.0,False,,,,46,sub-HUP180,01,False
LD01-LD02,0.0,False,,,,46,sub-HUP180,01,False
LD10-LD11,0.0,False,,,,46,sub-HUP180,01,False
LD11-LD12,0.0,False,,,,46,sub-HUP180,01,False
LE01-LE02,0.0,False,,,,46,sub-HUP180,01,False
LE07-LE08,0.0,False,,,,46,sub-HUP180,01,False
LE08-LE09,0.0,False,,,,46,sub-HUP180,01,False
LE09-LE10,0.0,False,,,,46,sub-HUP180,01,False
LE10-LE11,0.0,False,,,,46,sub-HUP180,01,False
LF05-LF06,0.0,False,,,,46,sub-HUP180,01,False
LF06-LF07,0.0,False,,,,46,sub-HUP180,01,False
LF07-LF08,0.0,False,,,,46,sub-HUP180,01,False
LF08-LF09,0.0,False,,,,46,sub-HUP180,01,False
LF09-LF10,0.0,False,,,,46,sub-HUP180,01,False
LG01-LG02,0.0,False,,,,46,sub-HUP180,01,False
LG02-LG03,0.0,False,,,,46,sub-HUP180,01,False
LG03-LG04,0.0,False,,,,46,sub-HUP180,01,False
LG04-LG05,0.0,False,,,,46,sub-HUP180,01,False
LG09-LG10,0.0,False,,,,46,sub-HUP180,01,False
LG10-LG11,0.0,False,,,,46,sub-HUP180,01,False
LG11-LG12,0.0,False,,,,46,sub-HUP180,01,False
LH01-LH02,0.0,False,,,,46,sub-HUP180,01,False
LH02-LH03,0.0,False,,,,46,sub-HUP180,01,False
LH03-LH04,0.0,False,,,,46,sub-HUP180,01,False
LH04-LH05,0.0,False,,,,46,sub-HUP180,01,False
LH05-LH06,0.0,False,,,,46,sub-HUP180,01,True
LH07-LH08,0.0,False,,,,46,sub-HUP180,01,False
LH08-LH09,0.0,False,,,,46,sub-HUP180,01,False
LH09-LH10,0.0,False,,,,46,sub-HUP180,01,False
LH10-LH11,0.0,False,,,,46,sub-HUP180,01,False
LH11-LH12,0.0,False,,,,46,sub-HUP180,01,False
RD01-RD02,0.0,False,,,,46,sub-HUP180,01,False
RE02-RE03,0.0,False,,,,46,sub-HUP180,01,False
RE03-RE04,0.0,False,,,,46,sub-HUP180,01,False
RE04-RE05,0.0,False,,,,46,sub-HUP180,01,False
RE05-RE06,0.0,False,,,,46,sub-HUP180,01,False
RE11-RE12,0.0,False,,,,46,sub-HUP180,01,False
LC11-LC12,1.0,True,-8.0,-7.0,11.41265473419618,1,sub-HUP180,02,True
LC10-LC11,0.7964277174456618,True,-8.0,-7.0,9.089354559951289,2,sub-HUP180,02,True
LD05-LD06,0.6180289651694942,True,-8.5,-5.0,4.7022341301413295,3,sub-HUP180,02,False
LD04-LD05,0.6028237458685793,True,-8.5,-7.5,4.586546184781945,4,sub-HUP180,02,False
LF01-LF02,0.40466378789286783,True,-8.0,-4.25,4.6182880946532965,5,sub-HUP180,02,True
LA09-LA10,0.3659433924036542,True,-8.0,-6.5,4.176385589763375,6,sub-HUP180,02,False
LF10-LF11,0.2963136802448784,True,-8.0,-6.5,3.381725725653805,7,sub-HUP180,02,True
LD06-LD07,0.28559401173484544,True,-8.0,-4.0,3.2593858500837625,8,sub-HUP180,02,False
LC04-LC05,0.2771666611673173,True,-8.0,-4.0,3.1632074077325325,9,sub-HUP180,02,False
LF07-LF08,0.21882311723480222,True,-7.75,-4.0,2.91357813233822,10,sub-HUP180,02,False
LE03-LE04,0.21531776680838569,True,-7.75,-6.5,2.866905219175984,11,sub-HUP180,02,True
LG10-LG11,0.1026383303364894,True,-5.75,-2.5,2.928439566561818,12,sub-HUP180,02,False
LC02-LC03,0.09984323006198213,True,-4.75,-4.25,3.6083416554403427,13,sub-HUP180,02,False
LC03-LC04,0.09012267498427716,True,-4.75,-4.0,3.257040082172826,14,sub-HUP180,02,False
LB02-LB03,0.08219681047113675,True,-4.25,0.5,3.2832933635573576,15,sub-HUP180,02,False
LD07-LD08,0.07172795808508647,True,-3.75,-2.5,3.137991278253618,16,sub-HUP180,02,False
LB06-LB07,0.06584874094455599,True,0.75,1.5,5.135311124725256,17,sub-HUP180,02,False
RD06-RD07,0.055820590143232256,True,1.25,1.75,4.565604710273787,18,sub-HUP180,02,False
LA05-LA06,0.053169921178215895,True,0.75,3.0,4.146534676451256,19,sub-HUP180,02,False
LF02-LF03,0.05170670985832214,True,-2.75,5.75,2.655498721744298,20,sub-HUP180,02,True
LA04-LA05,0.049049594443052506,True,1.0,3.25,3.9185026036163406,21,sub-HUP180,02,False
LF11-LF12,0.04753126138749139,True,-0.75,0.5,3.1643376058949064,22,sub-HUP180,02,True
LE04-LE05,0.04499697593203789,True,6.25,8.0,5.39211697915048,23,sub-HUP180,02,True
LA07-LA08,0.042632233969750744,True,1.0,5.0,3.4058287679096453,24,sub-HUP180,02,False
LA08-LA09,0.04177696335932388,True,1.0,2.0,3.3375024106418962,25,sub-HUP180,02,False
LB04-LB05,0.04072171304395713,True,1.25,5.25,3.330657099949152,26,sub-HUP180,02,False
LB07-LB08,0.03522660666637944,True,1.25,2.25,2.8812085452751743,27,sub-HUP180,02,False
LD02-LD03,0.031802625580327044,True,6.25,8.0,3.8110000465864737,28,sub-HUP180,02,False
LG07-LG08,0.03114870228924907,True,2.5,8.25,2.843915077163726,29,sub-HUP180,02,True
LG06-LG07,0.03051996160499114,True,0.25,1.25,2.2640395979414705,30,sub-HUP180,02,True
LC09-LC10,0.02805208148443841,True,5.75,9.25,3.254845325667236,31,sub-HUP180,02,False
LA02-LA03,0.027709334053733808,True,4.0,4.5,2.8461335622279167,32,sub-HUP180,02,False
LE05-LE06,0.027396458812518117,True,3.25,7.75,2.657663765618612,33,sub-HUP180,02,False
LD10-LD11,0.026004856409630083,True,6.0,9.0,3.066772625359719,34,sub-HUP180,02,False
LF09-LF10,0.024497204099528304,True,8.75,12.25,3.4015339434827965,35,sub-HUP180,02,False
LF08-LF09,0.022300256887657705,True,7.75,9.5,2.9268090219412533,36,sub-HUP180,02,False
LA06-LA07,0.019482816848480484,True,16.75,18.25,3.891136583972538,37,sub-HUP180,02,False
RD04-RD05,0.011213003476222765,True,20.25,21.5,2.538074387948194,38,sub-HUP180,02,False
LB03-LB04,0.009920571099453712,True,18.5,27.5,2.1134409841833905,39,sub-HUP180,02,False
LA01-LA02,0.0,False,,,,40,sub-HUP180,02,False
LA03-LA04,0.0,False,,,,40,sub-HUP180,02,False
LB01-LB02,0.0,False,,,,40,sub-HUP180,02,False
LB05-LB06,0.0,False,,,,40,sub-HUP180,02,False
LB08-LB09,0.0,False,,,,40,sub-HUP180,02,False
LB09-LB10,0.0,False,,,,40,sub-HUP180,02,False
LC01-LC02,0.0,False,,,,40,sub-HUP180,02,False
LC05-LC06,0.0,False,,,,40,sub-HUP180,02,False
LC06-LC07,0.0,False,,,,40,sub-HUP180,02,False
LC07-LC08,0.0,False,,,,40,sub-HUP180,02,False
LC08-LC09,0.0,False,,,,40,sub-HUP180,02,False
LD01-LD02,0.0,False,,,,40,sub-HUP180,02,False
LD03-LD04,0.0,False,,,,40,sub-HUP180,02,False
LD08-LD09,0.0,False,,,,40,sub-HUP180,02,False
LD09-LD10,0.0,False,,,,40,sub-HUP180,02,False
LD11-LD12,0.0,False,,,,40,sub-HUP180,02,False
LE01-LE02,0.0,False,,,,40,sub-HUP180,02,False
LE02-LE03,0.0,False,,,,40,sub-HUP180,02,False
LE06-LE07,0.0,False,,,,40,sub-HUP180,02,False
LE07-LE08,0.0,False,,,,40,sub-HUP180,02,False
LE08-LE09,0.0,False,,,,40,sub-HUP180,02,False
LE09-LE10,0.0,False,,,,40,sub-HUP180,02,False
LE10-LE11,0.0,False,,,,40,sub-HUP180,02,False
LF03-LF04,0.0,False,,,,40,sub-HUP180,02,True
LF04-LF05,0.0,False,,,,40,sub-HUP180,02,False
LF05-LF06,0.0,False,,,,40,sub-HUP180,02,False
LF06-LF07,0.0,False,,,,40,sub-HUP180,02,False
LG01-LG02,0.0,False,,,,40,sub-HUP180,02,False
LG02-LG03,0.0,False,,,,40,sub-HUP180,02,False
LG03-LG04,0.0,False,,,,40,sub-HUP180,02,False
LG04-LG05,0.0,False,,,,40,sub-HUP180,02,False
LG05-LG06,0.0,False,,,,40,sub-HUP180,02,False
LG08-LG09,0.0,False,,,,40,sub-HUP180,02,False
LG09-LG10,0.0,False,,,,40,sub-HUP180,02,False
LG11-LG12,0.0,False,,,,40,sub-HUP180,02,False
LH01-LH02,0.0,False,,,,40,sub-HUP180,02,False
LH02-LH03,0.0,False,,,,40,sub-HUP180,02,False
LH03-LH04,0.0,False,,,,40,sub-HUP180,02,False
LH04-LH05,0.0,False,,,,40,sub-HUP180,02,False
LH05-LH06,0.0,False,,,,40,sub-HUP180,02,True
LH06-LH07,0.0,False,,,,40,sub-HUP180,02,True
LH07-LH08,0.0,False,,,,40,sub-HUP180,02,False
LH08-LH09,0.0,False,,,,40,sub-HUP180,02,False
LH09-LH10,0.0,False,,,,40,sub-HUP180,02,False
LH10-LH11,0.0,False,,,,40,sub-HUP180,02,False
LH11-LH12,0.0,False,,,,40,sub-HUP180,02,False
RD01-RD02,0.0,False,,,,40,sub-HUP180,02,False
RD02-RD03,0.0,False,,,,40,sub-HUP180,02,False
RD03-RD04,0.0,False,,,,40,sub-HUP180,02,False
RD05-RD06,0.0,False,,,,40,sub-HUP180,02,False
RD07-RD08,0.0,False,,,,40,sub-HUP180,02,False
RE01-RE02,0.0,False,,,,40,sub-HUP180,02,False
RE02-RE03,0.0,False,,,,40,sub-HUP180,02,False
RE03-RE04,0.0,False,,,,40,sub-HUP180,02,False
RE04-RE05,0.0,False,,,,40,sub-HUP180,02,False
RE05-RE06,0.0,False,,,,40,sub-HUP180,02,False
RE06-RE07,0.0,False,,,,40,sub-HUP180,02,False
RE07-RE08,0.0,False,,,,40,sub-HUP180,02,False
RE08-RE09,0.0,False,,,,40,sub-HUP180,02,False
RE09-RE10,0.0,False,,,,40,sub-HUP180,02,False
RE10-RE11,0.0,False,,,,40,sub-HUP180,02,False
RE11-RE12,0.0,False,,,,40,sub-HUP180,02,False
LD01-LD02,1.0,True,-9.0,-7.5,2.4308779049315303,1,sub-HUP180,03,False
RD04-RD05,0.9827526813914742,True,-6.0,-5.0,9.555807116827003,2,sub-HUP180,03,False
LC11-LC12,0.9529958570363347,True,-6.0,-5.25,9.266466289443654,3,sub-HUP180,03,True
RD03-RD04,0.8057753990882918,True,-6.0,-5.0,7.834966455924459,4,sub-HUP180,03,False
RD05-RD06,0.7095755433416903,True,-5.5,-4.25,7.7620117958509525,5,sub-HUP180,03,False
RD02-RD03,0.6923610182076859,True,-6.75,-5.25,5.469896579540122,6,sub-HUP180,03,False
LD03-LD04,0.6509337354250894,True,-7.5,-5.75,3.955851087548491,7,sub-HUP180,03,False
LF01-LF02,0.600135349077369,True,-6.25,-4.0,5.470709100152053,8,sub-HUP180,03,True
LG07-LG08,0.5939448843809003,True,-6.25,-5.25,5.4142781107074125,9,sub-HUP180,03,True
RD07-RD08,0.5473006881494605,True,-5.75,-4.0,5.654289888249469,10,sub-HUP180,03,False
LF10-LF11,0.507989799016969,True,-6.25,-4.5,4.630729418853596,11,sub-HUP180,03,True
LG06-LG07,0.4846895491282088,True,-6.25,-5.0,4.418329183976207,12,sub-HUP180,03,True
RE07-RE08,0.45390807304371583,True,-5.5,-4.25,4.965277975344073,13,sub-HUP180,03,False
LG08-LG09,0.4501733315063798,True,-6.0,-4.25,4.3772656197931035,14,sub-HUP180,03,False
LD04-LD05,0.44749739971312624,True,-6.5,-5.5,3.8073403951693314,15,sub-HUP180,03,False
LA09-LA10,0.4229497622342765,True,-4.0,-0.75,6.1688353914680825,16,sub-HUP180,03,False
LB02-LB03,0.40790778104605085,True,-6.0,-5.0,3.9662960487779744,17,sub-HUP180,03,False
LG05-LG06,0.4024346592146407,True,-6.0,-3.75,3.9130780850540807,18,sub-HUP180,03,False
LH05-LH06,0.39504023171315394,True,-5.25,-2.5,4.561399211445056,19,sub-HUP180,03,True
LD02-LD03,0.3816522165615523,True,-6.25,-5.25,3.4790622772785786,20,sub-HUP180,03,False
LC10-LC11,0.3659039395440556,True,-5.0,-4.25,4.447339009825236,21,sub-HUP180,03,True
RE02-RE03,0.3607900955869114,True,-5.5,-3.75,3.94666502256161,22,sub-HUP180,03,False
RD06-RD07,0.35851034861396935,True,-5.5,-2.75,3.921726983107493,23,sub-HUP180,03,False
RE03-RE04,0.35306478070420605,True,-5.0,-3.5,4.291286872116753,24,sub-HUP180,03,False
RE01-RE02,0.3483893087611953,True,-5.5,-4.0,3.811013428418813,25,sub-HUP180,03,False
LG03-LG04,0.3232654180260409,True,-6.5,-2.75,2.750365667377852,26,sub-HUP180,03,False
LE02-LE03,0.32165208221236724,True,-5.75,-4.5,3.3230619938323707,27,sub-HUP180,03,False
LC04-LC05,0.3135465539231606,True,-6.0,-1.25,3.0487735603969357,28,sub-HUP180,03,False
LB09-LB10,0.3038059803997604,True,-6.5,-1.0,2.5848033579894376,29,sub-HUP180,03,False
LC03-LC04,0.3012777409177414,True,-6.0,-1.0,2.9294776145784946,30,sub-HUP180,03,False
LC06-LC07,0.29929807075468623,True,-5.5,-0.75,3.274006802337903,31,sub-HUP180,03,False
LB08-LB09,0.2964227913530669,True,-5.75,-3.0,3.062412359577773,32,sub-HUP180,03,False
LF08-LF09,0.278024517144765,True,-5.75,0.5,2.8723355369649832,33,sub-HUP180,03,False
LB05-LB06,0.2675390287716979,True,-6.25,-0.5,2.438830176554855,34,sub-HUP180,03,False
RE09-RE10,0.2611011225836504,True,-5.25,-3.75,3.0148485117467207,35,sub-HUP180,03,False
LA04-LA05,0.25803298473750114,True,-5.75,1.25,2.6657983957031868,36,sub-HUP180,03,False
LE10-LE11,0.25697559043941154,True,-5.75,0.0,2.654874210850074,37,sub-HUP180,03,False
LA08-LA09,0.2545668538496313,True,-5.75,-0.75,2.629988996491762,38,sub-HUP180,03,False
RE08-RE09,0.24667442778783777,True,-5.5,-3.75,2.6983593729948745,39,sub-HUP180,03,False
LB04-LB05,0.2238803505308743,True,-4.0,-1.0,3.2653547847229705,40,sub-HUP180,03,False
LB06-LB07,0.21950056913772484,True,-5.5,-2.75,2.40110587636556,41,sub-HUP180,03,False
RE10-RE11,0.20750582851210125,True,-5.0,-3.25,2.5221066683728908,42,sub-HUP180,03,False
LE08-LE09,0.20746000094998993,True,-5.0,1.0,2.521549662332024,43,sub-HUP180,03,False
LE07-LE08,0.1731817797512223,True,-5.0,1.5,2.104918809669825,44,sub-HUP180,03,False
LA03-LA04,0.13902191141305198,True,-1.25,2.5,2.9570213116091955,45,sub-HUP180,03,False
LF11-LF12,0.13797585953291777,True,3.5,6.5,4.527933322758835,46,sub-HUP180,03,True
LB03-LB04,0.1323754576612637,True,-2.25,7.0,2.4938614576757305,47,sub-HUP180,03,False
RE04-RE05,0.10935888813821242,True,5.5,7.75,4.120490625687421,48,sub-HUP180,03,False
LE03-LE04,0.10309158936845506,True,5.5,7.75,3.884347535090801,49,sub-HUP180,03,True
LE04-LE05,0.10189329087008328,True,4.25,6.25,3.529584629475071,50,sub-HUP180,03,True
LE05-LE06,0.09406909647079977,True,5.5,7.75,3.5443925662899667,51,sub-HUP180,03,False
LA07-LA08,0.09228884373380102,True,-1.5,8.0,1.9069147443854928,52,sub-HUP180,03,False
LF02-LF03,0.0859965768238673,True,7.25,10.75,3.6060638291402833,53,sub-HUP180,03,True
LA02-LA03,0.08249411302952074,True,5.5,8.75,3.1082633080809874,54,sub-HUP180,03,False
LB07-LB08,0.07480333300588676,True,4.0,9.25,2.545728771869439,55,sub-HUP180,03,False
LF09-LF10,0.07016841564254109,True,6.0,10.75,2.729133619352082,56,sub-HUP180,03,False
LE01-LE02,0.06548099483948579,True,2.25,8.25,1.9499097184659593,57,sub-HUP180,03,False
LA01-LA02,0.0,False,,,,58,sub-HUP180,03,False
LA05-LA06,0.0,False,,,,58,sub-HUP180,03,False
LA06-LA07,0.0,False,,,,58,sub-HUP180,03,False
LB01-LB02,0.0,False,,,,58,sub-HUP180,03,False
LC01-LC02,0.0,False,,,,58,sub-HUP180,03,False
LC02-LC03,0.0,False,,,,58,sub-HUP180,03,False
LC05-LC06,0.0,False,,,,58,sub-HUP180,03,False
LC07-LC08,0.0,False,,,,58,sub-HUP180,03,False
LC08-LC09,0.0,False,,,,58,sub-HUP180,03,False
LC09-LC10,0.0,False,,,,58,sub-HUP180,03,False
LD05-LD06,0.0,False,,,,58,sub-HUP180,03,False
LD06-LD07,0.0,False,,,,58,sub-HUP180,03,False
LD07-LD08,0.0,False,,,,58,sub-HUP180,03,False
LD08-LD09,0.0,False,,,,58,sub-HUP180,03,False
LD09-LD10,0.0,False,,,,58,sub-HUP180,03,False
LD10-LD11,0.0,False,,,,58,sub-HUP180,03,False
LD11-LD12,0.0,False,,,,58,sub-HUP180,03,False
LE06-LE07,0.0,False,,,,58,sub-HUP180,03,False
LE09-LE10,0.0,False,,,,58,sub-HUP180,03,False
LF03-LF04,0.0,False,,,,58,sub-HUP180,03,True
LF04-LF05,0.0,False,,,,58,sub-HUP180,03,False
LF05-LF06,0.0,False,,,,58,sub-HUP180,03,False
LF06-LF07,0.0,False,,,,58,sub-HUP180,03,False
LF07-LF08,0.0,False,,,,58,sub-HUP180,03,False
LG01-LG02,0.0,False,,,,58,sub-HUP180,03,False
LG02-LG03,0.0,False,,,,58,sub-HUP180,03,False
LG04-LG05,0.0,False,,,,58,sub-HUP180,03,False
LG09-LG10,0.0,False,,,,58,sub-HUP180,03,False
LG10-LG11,0.0,False,,,,58,sub-HUP180,03,False
LG11-LG12,0.0,False,,,,58,sub-HUP180,03,False
LH01-LH02,0.0,False,,,,58,sub-HUP180,03,False
LH02-LH03,0.0,False,,,,58,sub-HUP180,03,False
LH03-LH04,0.0,False,,,,58,sub-HUP180,03,False
LH04-LH05,0.0,False,,,,58,sub-HUP180,03,False
LH06-LH07,0.0,False,,,,58,sub-HUP180,03,True
LH07-LH08,0.0,False,,,,58,sub-HUP180,03,False
LH08-LH09,0.0,False,,,,58,sub-HUP180,03,False
LH09-LH10,0.0,False,,,,58,sub-HUP180,03,False
LH10-LH11,0.0,False,,,,58,sub-HUP180,03,False
LH11-LH12,0.0,False,,,,58,sub-HUP180,03,False
RD01-RD02,0.0,False,,,,58,sub-HUP180,03,False
RE05-RE06,0.0,False,,,,58,sub-HUP180,03,False
RE06-RE07,0.0,False,,,,58,sub-HUP180,03,False
RE11-RE12,0.0,False,,,,58,sub-HUP180,03,False
RF08-RF09,1.0,True,-10.0,-8.5,3.311692159265842,1,sub-HUP181,01,False
RA10-RA11,0.4691063693089462,True,-8.25,-6.0,4.272223684030785,2,sub-HUP181,01,False
RB11-RB12,0.3804663759573191,True,-8.5,-5.75,3.1499687853053593,3,sub-HUP181,01,False
LA11-LA12,0.2682959129456924,True,-8.5,-7.75,2.221283678163301,4,sub-HUP181,01,False
LG06-LG07,0.22541309712509994,True,-8.0,-6.75,2.2394963590350696,5,sub-HUP181,01,False
LH01-LH02,0.06073599432388322,True,1.25,17.0,2.4639517232983295,6,sub-HUP181,01,False
LD08-LD09,0.05317816576380472,True,5.0,5.75,2.8177554336661013,7,sub-HUP181,01,False
LH02-LH03,0.050103622721677905,True,2.0,18.75,2.15706106873653,8,sub-HUP181,01,False
LB05-LB06,0.04692853555279728,True,5.0,9.25,2.486605811776433,9,sub-HUP181,01,False
LC05-LC06,0.04631943271272317,True,4.25,9.25,2.339284457579598,10,sub-HUP181,01,False
LC06-LC07,0.045793776433029454,True,3.0,9.25,2.123168464990112,11,sub-HUP181,01,False
LC08-LC09,0.04039295246188179,True,2.25,9.25,1.7724395674383568,12,sub-HUP181,01,False
LD01-LD02,0.03942979323433454,True,9.5,14.25,2.676876410460191,13,sub-HUP181,01,False
LC07-LC08,0.03718562042185893,True,3.75,16.5,1.8164230819304634,14,sub-HUP181,01,False
LC11-LC12,0.03687069758140974,True,8.75,17.25,2.4115619017185796,15,sub-HUP181,01,False
RE09-RE10,0.03572685374481689,True,9.75,12.25,2.455064084505412,16,sub-HUP181,01,False
LB07-LB08,0.0328708270419673,True,12.5,14.75,2.558164414311468,17,sub-HUP181,01,False
LA09-LA10,0.0322531402388396,True,13.0,14.75,2.563499319376002,18,sub-HUP181,01,False
RE08-RE09,0.029627794004022937,True,23.75,26.5,3.409605125206453,19,sub-HUP181,01,False
LB08-LB09,0.02516734323453374,True,18.25,22.25,2.437884927836211,20,sub-HUP181,01,False
LH06-LH07,0.018942476731586447,True,25.25,26.5,2.2740223730038056,21,sub-HUP181,01,False
LA02-LA03,0.01707908577882266,True,19.5,26.0,1.7251005710652503,22,sub-HUP181,01,True
LA01-LA02,0.0,False,,,,23,sub-HUP181,01,True
LA03-LA04,0.0,False,,,,23,sub-HUP181,01,True
LA04-LA05,0.0,False,,,,23,sub-HUP181,01,True
LA05-LA06,0.0,False,,,,23,sub-HUP181,01,True
LA06-LA07,0.0,False,,,,23,sub-HUP181,01,False
LA07-LA08,0.0,False,,,,23,sub-HUP181,01,False
LA08-LA09,0.0,False,,,,23,sub-HUP181,01,False
LA10-LA11,0.0,False,,,,23,sub-HUP181,01,False
LB01-LB02,0.0,False,,,,23,sub-HUP181,01,True
LB02-LB03,0.0,False,,,,23,sub-HUP181,01,True
LB03-LB04,0.0,False,,,,23,sub-HUP181,01,True
LB04-LB05,0.0,False,,,,23,sub-HUP181,01,True
LB06-LB07,0.0,False,,,,23,sub-HUP181,01,False
LB09-LB10,0.0,False,,,,23,sub-HUP181,01,False
LB10-LB11,0.0,False,,,,23,sub-HUP181,01,False
LB11-LB12,0.0,False,,,,23,sub-HUP181,01,False
LC01-LC02,0.0,False,,,,23,sub-HUP181,01,False
LC02-LC03,0.0,False,,,,23,sub-HUP181,01,False
LC03-LC04,0.0,False,,,,23,sub-HUP181,01,False
LC04-LC05,0.0,False,,,,23,sub-HUP181,01,False
LC09-LC10,0.0,False,,,,23,sub-HUP181,01,False
LC10-LC11,0.0,False,,,,23,sub-HUP181,01,False
LD02-LD03,0.0,False,,,,23,sub-HUP181,01,False
LD03-LD04,0.0,False,,,,23,sub-HUP181,01,False
LD04-LD05,0.0,False,,,,23,sub-HUP181,01,False
LD05-LD06,0.0,False,,,,23,sub-HUP181,01,False
LD06-LD07,0.0,False,,,,23,sub-HUP181,01,False
LD07-LD08,0.0,False,,,,23,sub-HUP181,01,False
LD09-LD10,0.0,False,,,,23,sub-HUP181,01,False
LF01-LF02,0.0,False,,,,23,sub-HUP181,01,False
LF02-LF03,0.0,False,,,,23,sub-HUP181,01,False
LF03-LF04,0.0,False,,,,23,sub-HUP181,01,False
LF04-LF05,0.0,False,,,,23,sub-HUP181,01,False
LF05-LF06,0.0,False,,,,23,sub-HUP181,01,False
LF06-LF07,0.0,False,,,,23,sub-HUP181,01,False
LF07-LF08,0.0,False,,,,23,sub-HUP181,01,False
LF08-LF09,0.0,False,,,,23,sub-HUP181,01,False
LG01-LG02,0.0,False,,,,23,sub-HUP181,01,False
LG02-LG03,0.0,False,,,,23,sub-HUP181,01,False
LG03-LG04,0.0,False,,,,23,sub-HUP181,01,False
LG04-LG05,0.0,False,,,,23,sub-HUP181,01,False
LG05-LG06,0.0,False,,,,23,sub-HUP181,01,False
LG07-LG08,0.0,False,,,,23,sub-HUP181,01,False
LG08-LG09,0.0,False,,,,23,sub-HUP181,01,False
LG09-LG10,0.0,False,,,,23,sub-HUP181,01,False
LG10-LG11,0.0,False,,,,23,sub-HUP181,01,False
LG11-LG12,0.0,False,,,,23,sub-HUP181,01,False
LH03-LH04,0.0,False,,,,23,sub-HUP181,01,False
LH04-LH05,0.0,False,,,,23,sub-HUP181,01,False
LH05-LH06,0.0,False,,,,23,sub-HUP181,01,False
LH07-LH08,0.0,False,,,,23,sub-HUP181,01,False
LH08-LH09,0.0,False,,,,23,sub-HUP181,01,False
LH09-LH10,0.0,False,,,,23,sub-HUP181,01,False
LH10-LH11,0.0,False,,,,23,sub-HUP181,01,False
LH11-LH12,0.0,False,,,,23,sub-HUP181,01,False
RA01-RA02,0.0,False,,,,23,sub-HUP181,01,False
RA02-RA03,0.0,False,,,,23,sub-HUP181,01,False
RA03-RA04,0.0,False,,,,23,sub-HUP181,01,False
RA04-RA05,0.0,False,,,,23,sub-HUP181,01,False
RA05-RA06,0.0,False,,,,23,sub-HUP181,01,False
RA06-RA07,0.0,False,,,,23,sub-HUP181,01,False
RA07-RA08,0.0,False,,,,23,sub-HUP181,01,False
RA08-RA09,0.0,False,,,,23,sub-HUP181,01,False
RA09-RA10,0.0,False,,,,23,sub-HUP181,01,False
RA11-RA12,0.0,False,,,,23,sub-HUP181,01,False
RB01-RB02,0.0,False,,,,23,sub-HUP181,01,False
RB02-RB03,0.0,False,,,,23,sub-HUP181,01,False
RB03-RB04,0.0,False,,,,23,sub-HUP181,01,False
RB04-RB05,0.0,False,,,,23,sub-HUP181,01,False
RB05-RB06,0.0,False,,,,23,sub-HUP181,01,False
RB06-RB07,0.0,False,,,,23,sub-HUP181,01,False
RB07-RB08,0.0,False,,,,23,sub-HUP181,01,False
RB08-RB09,0.0,False,,,,23,sub-HUP181,01,False
RB09-RB10,0.0,False,,,,23,sub-HUP181,01,False
RB10-RB11,0.0,False,,,,23,sub-HUP181,01,False
RE01-RE02,0.0,False,,,,23,sub-HUP181,01,False
RE02-RE03,0.0,False,,,,23,sub-HUP181,01,False
RE03-RE04,0.0,False,,,,23,sub-HUP181,01,False
RE04-RE05,0.0,False,,,,23,sub-HUP181,01,False
RE07-RE08,0.0,False,,,,23,sub-HUP181,01,False
RF01-RF02,0.0,False,,,,23,sub-HUP181,01,False
RF02-RF03,0.0,False,,,,23,sub-HUP181,01,False
RF03-RF04,0.0,False,,,,23,sub-HUP181,01,False
RF04-RF05,0.0,False,,,,23,sub-HUP181,01,False
RF05-RF06,0.0,False,,,,23,sub-HUP181,01,False
RF06-RF07,0.0,False,,,,23,sub-HUP181,01,False
RF07-RF08,0.0,False,,,,23,sub-HUP181,01,False
RF09-RF10,0.0,False,,,,23,sub-HUP181,01,False
RF10-RF11,0.0,False,,,,23,sub-HUP181,01,False
RG01-RG02,0.0,False,,,,23,sub-HUP181,01,False
RG02-RG03,0.0,False,,,,23,sub-HUP181,01,False
RG03-RG04,0.0,False,,,,23,sub-HUP181,01,False
RG04-RG05,0.0,False,,,,23,sub-HUP181,01,False
RG05-RG06,0.0,False,,,,23,sub-HUP181,01,False
RG06-RG07,0.0,False,,,,23,sub-HUP181,01,False
RG07-RG08,0.0,False,,,,23,sub-HUP181,01,False
RG08-RG09,0.0,False,,,,23,sub-HUP181,01,False
RG09-RG10,0.0,False,,,,23,sub-HUP181,01,False
RG10-RG11,0.0,False,,,,23,sub-HUP181,01,False
RG11-RG12,0.0,False,,,,23,sub-HUP181,01,False
LC01-LC02,1.0,True,-3.0,-0.5,2.3500469273458418,1,sub-HUP181,02,False
RB08-RB09,0.9835637420837415,True,-2.5,-1.25,3.467131424899012,2,sub-HUP181,02,False
RB10-RB11,0.4345160040034645,True,-1.5,-0.75,2.552832500227338,3,sub-HUP181,02,False
RB06-RB07,0.28850622215333593,True,-0.25,1.75,2.542511853343515,4,sub-HUP181,02,False
RE02-RE03,0.21002906207736244,True,0.0,1.0,1.9743126079529385,5,sub-HUP181,02,False
LH02-LH03,0.13469573861092557,True,7.75,9.25,3.7193603531279154,6,sub-HUP181,02,False
RA10-RA11,0.13087813256004585,True,4.75,12.5,2.691235341195603,7,sub-HUP181,02,False
LA08-LA09,0.11268672481202395,True,6.25,8.5,2.714395686820924,8,sub-HUP181,02,False
LB07-LB08,0.10780276623860965,True,2.25,10.5,1.5833847472401665,9,sub-HUP181,02,False
LF06-LF07,0.10698615547620029,True,9.0,11.5,3.2684923172900566,10,sub-HUP181,02,False
LA11-LA12,0.10563197045307667,True,6.25,8.25,2.544460897825581,11,sub-HUP181,02,False
LC07-LC08,0.10312673479105518,True,6.25,9.25,2.4841148287850197,12,sub-HUP181,02,False
LA09-LA10,0.1020618197331985,True,5.5,12.75,2.2785756257016194,13,sub-HUP181,02,False
LA10-LA11,0.10081987050292664,True,5.25,11.5,2.1916156987399775,14,sub-HUP181,02,False
LC06-LC07,0.09792194755657506,True,7.5,9.5,2.6463934777130733,15,sub-HUP181,02,False
LH01-LH02,0.09242602869381202,True,7.75,12.0,2.5521646806793905,16,sub-HUP181,02,False
LB10-LB11,0.09117024693760221,True,7.5,9.75,2.4639251248323477,17,sub-HUP181,02,False
LC03-LC04,0.0906694513048431,True,5.25,11.0,1.9709665553484896,18,sub-HUP181,02,False
LB09-LB10,0.08413866464375398,True,7.5,13.25,2.273892818645917,19,sub-HUP181,02,False
RB03-RB04,0.07447221262525908,True,14.25,16.0,3.193990798760612,20,sub-HUP181,02,False
LB08-LB09,0.07208853384137015,True,8.0,13.25,2.0329372494093443,21,sub-HUP181,02,False
LB02-LB03,0.05518127038348245,True,11.75,13.5,2.0424375548599527,22,sub-HUP181,02,True
LB03-LB04,0.054473534637768904,True,11.75,13.5,2.016241962480209,23,sub-HUP181,02,True
RG08-RG09,0.043096427584849405,True,23.0,25.0,2.7345229350846636,24,sub-HUP181,02,False
RF07-RF08,0.04232798881829372,True,16.5,26.5,2.0391915812947863,25,sub-HUP181,02,False
LH07-LH08,0.040677142579054464,True,20.0,21.25,2.2942366543467756,26,sub-HUP181,02,False
RF03-RF04,0.039576659006979965,True,24.25,26.75,2.627447916504579,27,sub-HUP181,02,False
RF09-RF10,0.0371664484712659,True,24.5,28.75,2.4892725938622955,28,sub-HUP181,02,False
RF08-RF09,0.0356350436949463,True,26.25,28.5,2.533256754469587,29,sub-HUP181,02,False
RB11-RB12,0.03342364254010782,True,25.25,28.25,2.29750350722352,30,sub-HUP181,02,False
LA01-LA02,0.0,False,,,,31,sub-HUP181,02,True
LA02-LA03,0.0,False,,,,31,sub-HUP181,02,True
LA03-LA04,0.0,False,,,,31,sub-HUP181,02,True
LA04-LA05,0.0,False,,,,31,sub-HUP181,02,True
LA05-LA06,0.0,False,,,,31,sub-HUP181,02,True
LA06-LA07,0.0,False,,,,31,sub-HUP181,02,False
LA07-LA08,0.0,False,,,,31,sub-HUP181,02,False
LB01-LB02,0.0,False,,,,31,sub-HUP181,02,True
LB04-LB05,0.0,False,,,,31,sub-HUP181,02,True
LB05-LB06,0.0,False,,,,31,sub-HUP181,02,False
LB06-LB07,0.0,False,,,,31,sub-HUP181,02,False
LB11-LB12,0.0,False,,,,31,sub-HUP181,02,False
LC02-LC03,0.0,False,,,,31,sub-HUP181,02,False
LC04-LC05,0.0,False,,,,31,sub-HUP181,02,False
LC05-LC06,0.0,False,,,,31,sub-HUP181,02,False
LC08-LC09,0.0,False,,,,31,sub-HUP181,02,False
LC09-LC10,0.0,False,,,,31,sub-HUP181,02,False
LC10-LC11,0.0,False,,,,31,sub-HUP181,02,False
LC11-LC12,0.0,False,,,,31,sub-HUP181,02,False
LD01-LD02,0.0,False,,,,31,sub-HUP181,02,False
LD02-LD03,0.0,False,,,,31,sub-HUP181,02,False
LD03-LD04,0.0,False,,,,31,sub-HUP181,02,False
LD04-LD05,0.0,False,,,,31,sub-HUP181,02,False
LD05-LD06,0.0,False,,,,31,sub-HUP181,02,False
LD06-LD07,0.0,False,,,,31,sub-HUP181,02,False
LD07-LD08,0.0,False,,,,31,sub-HUP181,02,False
LD08-LD09,0.0,False,,,,31,sub-HUP181,02,False
LD09-LD10,0.0,False,,,,31,sub-HUP181,02,False
LF01-LF02,0.0,False,,,,31,sub-HUP181,02,False
LF02-LF03,0.0,False,,,,31,sub-HUP181,02,False
LF03-LF04,0.0,False,,,,31,sub-HUP181,02,False
LF04-LF05,0.0,False,,,,31,sub-HUP181,02,False
LF05-LF06,0.0,False,,,,31,sub-HUP181,02,False
LF07-LF08,0.0,False,,,,31,sub-HUP181,02,False
LF08-LF09,0.0,False,,,,31,sub-HUP181,02,False
LG01-LG02,0.0,False,,,,31,sub-HUP181,02,False
LG02-LG03,0.0,False,,,,31,sub-HUP181,02,False
LG03-LG04,0.0,False,,,,31,sub-HUP181,02,False
LG04-LG05,0.0,False,,,,31,sub-HUP181,02,False
LG05-LG06,0.0,False,,,,31,sub-HUP181,02,False
LG06-LG07,0.0,False,,,,31,sub-HUP181,02,False
LG07-LG08,0.0,False,,,,31,sub-HUP181,02,False
LG08-LG09,0.0,False,,,,31,sub-HUP181,02,False
LG09-LG10,0.0,False,,,,31,sub-HUP181,02,False
LG10-LG11,0.0,False,,,,31,sub-HUP181,02,False
LG11-LG12,0.0,False,,,,31,sub-HUP181,02,False
LH03-LH04,0.0,False,,,,31,sub-HUP181,02,False
LH04-LH05,0.0,False,,,,31,sub-HUP181,02,False
LH05-LH06,0.0,False,,,,31,sub-HUP181,02,False
LH06-LH07,0.0,False,,,,31,sub-HUP181,02,False
LH08-LH09,0.0,False,,,,31,sub-HUP181,02,False
LH09-LH10,0.0,False,,,,31,sub-HUP181,02,False
LH10-LH11,0.0,False,,,,31,sub-HUP181,02,False
LH11-LH12,0.0,False,,,,31,sub-HUP181,02,False
RA01-RA02,0.0,False,,,,31,sub-HUP181,02,False
RA02-RA03,0.0,False,,,,31,sub-HUP181,02,False
RA03-RA04,0.0,False,,,,31,sub-HUP181,02,False
RA04-RA05,0.0,False,,,,31,sub-HUP181,02,False
RA05-RA06,0.0,False,,,,31,sub-HUP181,02,False
RA06-RA07,0.0,False,,,,31,sub-HUP181,02,False
RA07-RA08,0.0,False,,,,31,sub-HUP181,02,False
RA08-RA09,0.0,False,,,,31,sub-HUP181,02,False
RA09-RA10,0.0,False,,,,31,sub-HUP181,02,False
RA11-RA12,0.0,False,,,,31,sub-HUP181,02,False
RB01-RB02,0.0,False,,,,31,sub-HUP181,02,False
RB02-RB03,0.0,False,,,,31,sub-HUP181,02,False
RB04-RB05,0.0,False,,,,31,sub-HUP181,02,False
RB05-RB06,0.0,False,,,,31,sub-HUP181,02,False
RB07-RB08,0.0,False,,,,31,sub-HUP181,02,False
RB09-RB10,0.0,False,,,,31,sub-HUP181,02,False
RE01-RE02,0.0,False,,,,31,sub-HUP181,02,False
RE03-RE04,0.0,False,,,,31,sub-HUP181,02,False
RE04-RE05,0.0,False,,,,31,sub-HUP181,02,False
RE07-RE08,0.0,False,,,,31,sub-HUP181,02,False
RE08-RE09,0.0,False,,,,31,sub-HUP181,02,False
RE09-RE10,0.0,False,,,,31,sub-HUP181,02,False
RF01-RF02,0.0,False,,,,31,sub-HUP181,02,False
RF02-RF03,0.0,False,,,,31,sub-HUP181,02,False
RF04-RF05,0.0,False,,,,31,sub-HUP181,02,False
RF05-RF06,0.0,False,,,,31,sub-HUP181,02,False
RF06-RF07,0.0,False,,,,31,sub-HUP181,02,False
RF10-RF11,0.0,False,,,,31,sub-HUP181,02,False
RG01-RG02,0.0,False,,,,31,sub-HUP181,02,False
RG02-RG03,0.0,False,,,,31,sub-HUP181,02,False
RG03-RG04,0.0,False,,,,31,sub-HUP181,02,False
RG04-RG05,0.0,False,,,,31,sub-HUP181,02,False
RG05-RG06,0.0,False,,,,31,sub-HUP181,02,False
RG06-RG07,0.0,False,,,,31,sub-HUP181,02,False
RG07-RG08,0.0,False,,,,31,sub-HUP181,02,False
RG09-RG10,0.0,False,,,,31,sub-HUP181,02,False
RG10-RG11,0.0,False,,,,31,sub-HUP181,02,False
RG11-RG12,0.0,False,,,,31,sub-HUP181,02,False
LA09-LA10,1.0,True,-9.0,-7.25,4.746026598893382,1,sub-HUP181,03,False
RA09-RA10,0.16218769820664433,True,-7.25,-6.75,2.1168046066805726,2,sub-HUP181,03,False
RG08-RG09,0.1327430093227041,True,-6.0,-5.25,2.520007412250823,3,sub-HUP181,03,False
LA06-LA07,0.06152349884703499,True,-2.25,-0.25,2.262939255383861,4,sub-HUP181,03,False
LA07-LA08,0.0487340778168299,True,5.75,9.75,3.64286836606163,5,sub-HUP181,03,False
LC11-LC12,0.045801681521323356,True,8.0,9.5,3.9127679779363946,6,sub-HUP181,03,False
LA11-LA12,0.04400819115131966,True,10.0,12.25,4.177280915466949,7,sub-HUP181,03,False
LB07-LB08,0.04215088544216989,True,7.25,10.5,3.4508491049514456,8,sub-HUP181,03,False
LC10-LC11,0.04106403494069188,True,8.5,10.25,3.6054835385986004,9,sub-HUP181,03,False
LC04-LC05,0.03715827114710148,True,8.5,11.25,3.2625516498111677,10,sub-HUP181,03,False
LH07-LH08,0.03676305956297719,True,7.25,9.5,3.009753409859702,11,sub-HUP181,03,False
LC08-LC09,0.03596236388623521,True,9.25,11.75,3.2855579595907343,12,sub-HUP181,03,False
LC07-LC08,0.03414224265522141,True,9.25,11.75,3.119269841910395,13,sub-HUP181,03,False
LB06-LB07,0.03313983557156485,True,8.25,9.5,2.870406375177197,14,sub-HUP181,03,False
LH10-LH11,0.03281660238040871,True,7.5,11.0,2.725598186197733,15,sub-HUP181,03,False
LB10-LB11,0.031595440993602,True,8.0,11.5,2.699150460469226,16,sub-HUP181,03,False
LA08-LA09,0.03052802763908936,True,19.5,23.25,4.274161520012678,17,sub-HUP181,03,False
LH09-LH10,0.029423131736155888,True,7.0,9.5,2.373930419323177,18,sub-HUP181,03,False
LC09-LC10,0.02908160610148764,True,8.25,11.75,2.5189028887556573,19,sub-HUP181,03,False
LB05-LB06,0.02824931394322855,True,8.5,17.0,2.4803319144384686,20,sub-HUP181,03,False
LA10-LA11,0.027132532867878287,True,10.0,11.25,2.5754344537259852,21,sub-HUP181,03,False
LH08-LH09,0.024517726473004122,True,7.0,17.0,1.9781502937495894,22,sub-HUP181,03,False
RA08-RA09,0.022787997410911774,True,11.0,11.75,2.2712012788017164,23,sub-HUP181,03,False
LG10-LG11,0.022556944614525936,True,15.25,22.0,2.703160443040199,24,sub-HUP181,03,False
LH03-LH04,0.01879184348084006,True,17.75,20.0,2.47492784481405,25,sub-HUP181,03,False
LD06-LD07,0.01860240053353166,True,19.25,25.75,2.582409016260734,26,sub-HUP181,03,False
LB11-LB12,0.01601123391082432,True,19.0,20.25,2.2037025186344015,27,sub-HUP181,03,False
LG11-LG12,0.01564825942274321,True,20.5,29.25,2.2651451911250597,28,sub-HUP181,03,False
RB01-RB02,0.015332077829582359,True,18.25,24.0,2.055652189772914,29,sub-HUP181,03,False
RF09-RF10,0.014524557219631633,True,21.5,30.0,2.1714189493978995,30,sub-HUP181,03,False
LC05-LC06,0.013502987096490546,True,20.5,21.25,1.9546088456959763,31,sub-HUP181,03,False
RB02-RB03,0.011432191238557756,True,27.75,28.5,2.0482200097441194,32,sub-HUP181,03,False
LA01-LA02,0.0,False,,,,33,sub-HUP181,03,True
LA02-LA03,0.0,False,,,,33,sub-HUP181,03,True
LA03-LA04,0.0,False,,,,33,sub-HUP181,03,True
LA04-LA05,0.0,False,,,,33,sub-HUP181,03,True
LA05-LA06,0.0,False,,,,33,sub-HUP181,03,True
LB01-LB02,0.0,False,,,,33,sub-HUP181,03,True
LB02-LB03,0.0,False,,,,33,sub-HUP181,03,True
LB03-LB04,0.0,False,,,,33,sub-HUP181,03,True
LB04-LB05,0.0,False,,,,33,sub-HUP181,03,True
LB08-LB09,0.0,False,,,,33,sub-HUP181,03,False
LB09-LB10,0.0,False,,,,33,sub-HUP181,03,False
LC01-LC02,0.0,False,,,,33,sub-HUP181,03,False
LC02-LC03,0.0,False,,,,33,sub-HUP181,03,False
LC03-LC04,0.0,False,,,,33,sub-HUP181,03,False
LC06-LC07,0.0,False,,,,33,sub-HUP181,03,False
LD01-LD02,0.0,False,,,,33,sub-HUP181,03,False
LD02-LD03,0.0,False,,,,33,sub-HUP181,03,False
LD03-LD04,0.0,False,,,,33,sub-HUP181,03,False
LD04-LD05,0.0,False,,,,33,sub-HUP181,03,False
LD05-LD06,0.0,False,,,,33,sub-HUP181,03,False
LD07-LD08,0.0,False,,,,33,sub-HUP181,03,False
LD08-LD09,0.0,False,,,,33,sub-HUP181,03,False
LD09-LD10,0.0,False,,,,33,sub-HUP181,03,False
LF01-LF02,0.0,False,,,,33,sub-HUP181,03,False
LF02-LF03,0.0,False,,,,33,sub-HUP181,03,False
LF03-LF04,0.0,False,,,,33,sub-HUP181,03,False
LF04-LF05,0.0,False,,,,33,sub-HUP181,03,False
LF05-LF06,0.0,False,,,,33,sub-HUP181,03,False
LF06-LF07,0.0,False,,,,33,sub-HUP181,03,False
LF07-LF08,0.0,False,,,,33,sub-HUP181,03,False
LF08-LF09,0.0,False,,,,33,sub-HUP181,03,False
LG01-LG02,0.0,False,,,,33,sub-HUP181,03,False
LG02-LG03,0.0,False,,,,33,sub-HUP181,03,False
LG03-LG04,0.0,False,,,,33,sub-HUP181,03,False
LG04-LG05,0.0,False,,,,33,sub-HUP181,03,False
LG05-LG06,0.0,False,,,,33,sub-HUP181,03,False
LG06-LG07,0.0,False,,,,33,sub-HUP181,03,False
LG07-LG08,0.0,False,,,,33,sub-HUP181,03,False
LG08-LG09,0.0,False,,,,33,sub-HUP181,03,False
LG09-LG10,0.0,False,,,,33,sub-HUP181,03,False
LH01-LH02,0.0,False,,,,33,sub-HUP181,03,False
LH02-LH03,0.0,False,,,,33,sub-HUP181,03,False
LH04-LH05,0.0,False,,,,33,sub-HUP181,03,False
LH05-LH06,0.0,False,,,,33,sub-HUP181,03,False
LH06-LH07,0.0,False,,,,33,sub-HUP181,03,False
LH11-LH12,0.0,False,,,,33,sub-HUP181,03,False
RA01-RA02,0.0,False,,,,33,sub-HUP181,03,False
RA02-RA03,0.0,False,,,,33,sub-HUP181,03,False
RA03-RA04,0.0,False,,,,33,sub-HUP181,03,False
RA04-RA05,0.0,False,,,,33,sub-HUP181,03,False
RA05-RA06,0.0,False,,,,33,sub-HUP181,03,False
RA06-RA07,0.0,False,,,,33,sub-HUP181,03,False
RA07-RA08,0.0,False,,,,33,sub-HUP181,03,False
RA10-RA11,0.0,False,,,,33,sub-HUP181,03,False
RA11-RA12,0.0,False,,,,33,sub-HUP181,03,False
RB03-RB04,0.0,False,,,,33,sub-HUP181,03,False
RB04-RB05,0.0,False,,,,33,sub-HUP181,03,False
RB05-RB06,0.0,False,,,,33,sub-HUP181,03,False
RB06-RB07,0.0,False,,,,33,sub-HUP181,03,False
RB07-RB08,0.0,False,,,,33,sub-HUP181,03,False
RB08-RB09,0.0,False,,,,33,sub-HUP181,03,False
RB09-RB10,0.0,False,,,,33,sub-HUP181,03,False
RB10-RB11,0.0,False,,,,33,sub-HUP181,03,False
RB11-RB12,0.0,False,,,,33,sub-HUP181,03,False
RE01-RE02,0.0,False,,,,33,sub-HUP181,03,False
RE02-RE03,0.0,False,,,,33,sub-HUP181,03,False
RE03-RE04,0.0,False,,,,33,sub-HUP181,03,False
RE04-RE05,0.0,False,,,,33,sub-HUP181,03,False
RE07-RE08,0.0,False,,,,33,sub-HUP181,03,False
RE08-RE09,0.0,False,,,,33,sub-HUP181,03,False
RE09-RE10,0.0,False,,,,33,sub-HUP181,03,False
RF01-RF02,0.0,False,,,,33,sub-HUP181,03,False
RF02-RF03,0.0,False,,,,33,sub-HUP181,03,False
RF03-RF04,0.0,False,,,,33,sub-HUP181,03,False
RF04-RF05,0.0,False,,,,33,sub-HUP181,03,False
RF05-RF06,0.0,False,,,,33,sub-HUP181,03,False
RF06-RF07,0.0,False,,,,33,sub-HUP181,03,False
RF07-RF08,0.0,False,,,,33,sub-HUP181,03,False
RF08-RF09,0.0,False,,,,33,sub-HUP181,03,False
RF10-RF11,0.0,False,,,,33,sub-HUP181,03,False
RG01-RG02,0.0,False,,,,33,sub-HUP181,03,False
RG02-RG03,0.0,False,,,,33,sub-HUP181,03,False
RG03-RG04,0.0,False,,,,33,sub-HUP181,03,False
RG04-RG05,0.0,False,,,,33,sub-HUP181,03,False
RG05-RG06,0.0,False,,,,33,sub-HUP181,03,False
RG06-RG07,0.0,False,,,,33,sub-HUP181,03,False
RG07-RG08,0.0,False,,,,33,sub-HUP181,03,False
RG09-RG10,0.0,False,,,,33,sub-HUP181,03,False
RG10-RG11,0.0,False,,,,33,sub-HUP181,03,False
RG11-RG12,0.0,False,,,,33,sub-HUP181,03,False
LF01-LF02,1.0,True,-9.75,-7.75,2.3601219841730776,1,sub-HUP185,01,False
LG07-LG08,0.38028047968008794,True,-3.0,-1.25,6.955689481897656,2,sub-HUP185,01,False
LH10-LH11,0.3331959843879657,True,-4.0,-2.25,5.308086382597535,3,sub-HUP185,01,False
LH05-LH06,0.3136881609312532,True,-3.5,-0.5,5.367481854717879,4,sub-HUP185,01,False
LG03-LG04,0.27055696478702246,True,-4.75,-0.5,3.831284643389958,5,sub-HUP185,01,False
LH04-LH05,0.2534912766121303,True,-2.5,-0.5,4.935730261509197,6,sub-HUP185,01,False
LH07-LH08,0.2392391186921491,True,-2.5,-0.25,4.65822640387115,7,sub-HUP185,01,False
LG04-LG05,0.23909970344181242,True,-1.75,-0.25,5.078740198520563,8,sub-HUP185,01,False
LG08-LG09,0.22534833831834908,True,-1.75,0.25,4.786646106258072,9,sub-HUP185,01,False
LD03-LD04,0.22057041812747133,True,-3.0,1.0,4.0344414698269215,10,sub-HUP185,01,False
LD08-LD09,0.21707147523334025,True,-2.25,-0.5,4.354678867098249,11,sub-HUP185,01,False
LG06-LG07,0.21703186630178936,True,-3.5,-0.25,3.713607172205998,12,sub-HUP185,01,False
LH03-LH04,0.21680778916292637,True,-2.25,-0.5,4.349389051118765,13,sub-HUP185,01,False
LD07-LD08,0.21200894020254127,True,-5.75,1.0,2.5018348030662656,14,sub-HUP185,01,False
LG02-LG03,0.2015252429728168,True,-4.75,0.25,2.8537449378357955,15,sub-HUP185,01,False
LG11-LG12,0.1997377366217429,True,-1.75,0.75,4.242648809429527,16,sub-HUP185,01,False
LB09-LB10,0.18755907718331954,True,-2.25,-0.25,3.7626295618283243,17,sub-HUP185,01,False
LG01-LG02,0.1870550217394076,True,-1.75,1.0,3.9732540215143404,18,sub-HUP185,01,False
LH09-LH10,0.18399791232036844,True,-1.75,-0.5,3.9083176611832675,19,sub-HUP185,01,False
LD11-LD12,0.17843416550065425,True,-0.5,0.25,4.3165455664381325,20,sub-HUP185,01,False
LF06-LF07,0.17482766758924476,True,-2.5,0.25,3.4040706291824074,21,sub-HUP185,01,False
LG05-LG06,0.172475889804171,True,-3.75,-0.25,2.84944897486646,22,sub-HUP185,01,False
LH02-LH03,0.17169062287873454,True,-3.25,0.5,3.0390811014935295,23,sub-HUP185,01,False
LE07-LE08,0.17034674622559762,True,-1.25,0.25,3.8193714566441592,24,sub-HUP185,01,False
LE05-LE06,0.16930378587523923,True,-1.75,0.25,3.596198283430952,25,sub-HUP185,01,False
LD09-LD10,0.16639214567700666,True,-0.5,0.25,4.025234050311836,26,sub-HUP185,01,False
LH06-LH07,0.1661574399758577,True,-1.0,1.5,3.8234803124791683,27,sub-HUP185,01,False
LF03-LF04,0.16416260645070194,True,-2.75,1.75,3.099550211707638,28,sub-HUP185,01,False
LD10-LD11,0.16339502273648537,True,-0.5,0.25,3.9527298989646,29,sub-HUP185,01,False
LE01-LE02,0.16223043027858494,True,5.5,6.5,6.221858581288123,30,sub-HUP185,01,False
LD05-LD06,0.1613160912329855,True,-1.75,0.5,3.4265308798785505,31,sub-HUP185,01,False
LD06-LD07,0.15595233204091571,True,-1.75,0.25,3.312598745995422,32,sub-HUP185,01,False
LF07-LF08,0.15592756759350007,True,-1.25,0.25,3.496076762052504,33,sub-HUP185,01,False
LG09-LG10,0.15524599596050065,True,-1.5,0.75,3.3891952641963075,34,sub-HUP185,01,False
LH01-LH02,0.15126832976934645,True,-1.75,0.0,3.213105395379997,35,sub-HUP185,01,False
LG10-LG11,0.14282293754830694,True,-2.5,1.75,2.7809063267034864,36,sub-HUP185,01,False
LF10-LF11,0.1414130738181566,True,1.25,2.0,4.0050252524126595,37,sub-HUP185,01,False
RA09-RA10,0.13677689554990194,True,-2.5,0.0,2.6631838044427143,38,sub-HUP185,01,False
LD04-LD05,0.13444272927728668,True,-0.25,2.0,3.331663030285314,39,sub-HUP185,01,False
LB08-LB09,0.12853304811820288,True,-2.25,0.0,2.5785062167306467,40,sub-HUP185,01,False
LH08-LH09,0.12757502561190598,True,-1.75,3.25,2.7098336032029247,41,sub-HUP185,01,False
LD01-LD02,0.1225507510218133,True,4.0,6.75,4.266212144536667,42,sub-HUP185,01,False
LF02-LF03,0.11853778732188025,True,-0.75,2.75,2.797636378136023,43,sub-HUP185,01,False
LF09-LF10,0.11463059695030745,True,5.0,6.0,4.261039522760537,44,sub-HUP185,01,False
LC08-LC09,0.11135107082512428,True,-0.75,0.5,2.6280211021558926,45,sub-HUP185,01,False
RA08-RA09,0.11071501839569485,True,-0.75,0.25,2.6130094889380615,46,sub-HUP185,01,False
LE03-LE04,0.1103307492264013,True,-1.75,6.25,2.343546241015649,47,sub-HUP185,01,False
LE08-LE09,0.10570229612261302,True,-1.5,8.25,2.307600393923103,48,sub-HUP185,01,False
LE09-LE10,0.10447795198634777,True,-1.5,7.5,2.2808715799353174,49,sub-HUP185,01,False
LF05-LF06,0.1015813828014487,True,-0.25,5.75,2.5173167746902,50,sub-HUP185,01,False
LC06-LC07,0.09067555125209924,True,-0.5,1.75,2.1935549598551938,51,sub-HUP185,01,False
LE06-LE07,0.08462021330953515,True,-1.5,5.25,1.847354738069555,52,sub-HUP185,01,False
RB06-RB07,0.07877590633024582,True,6.0,6.75,3.114172534915636,53,sub-HUP185,01,False
LA08-LA09,0.07647851434146033,True,-1.0,0.75,1.7598615743882213,54,sub-HUP185,01,False
RB09-RB10,0.0741437906162779,True,6.25,7.0,2.9748026337978515,55,sub-HUP185,01,False
LA01-LA02,0.07074758274249698,True,16.75,17.5,4.591755447335952,56,sub-HUP185,01,True
RB10-RB11,0.07043683740041828,True,6.5,8.25,2.867631865665066,57,sub-HUP185,01,False
LE02-LE03,0.06886643683431594,True,6.25,11.5,2.763064256253706,58,sub-HUP185,01,False
LC07-LC08,0.06628645854642032,True,3.75,9.25,2.268439856991568,59,sub-HUP185,01,False
LF08-LF09,0.06106847365330774,True,9.5,10.25,2.9186132059835863,60,sub-HUP185,01,False
RB05-RB06,0.051468571416497744,True,5.75,9.5,2.004289763751964,61,sub-HUP185,01,False
RB11-RB12,0.05031507823363115,True,6.5,8.25,2.0484327092365255,62,sub-HUP185,01,False
LD02-LD03,0.036164103811807215,True,16.0,16.5,2.2831578798813768,63,sub-HUP185,01,False
LB03-LB04,0.03602714851929299,True,18.5,22.25,2.4870826084879694,64,sub-HUP185,01,True
LA02-LA03,0.0,False,,,,65,sub-HUP185,01,True
LA03-LA04,0.0,False,,,,65,sub-HUP185,01,True
LA04-LA05,0.0,False,,,,65,sub-HUP185,01,False
LA05-LA06,0.0,False,,,,65,sub-HUP185,01,False
LA06-LA07,0.0,False,,,,65,sub-HUP185,01,False
LA07-LA08,0.0,False,,,,65,sub-HUP185,01,False
LA09-LA10,0.0,False,,,,65,sub-HUP185,01,False
LB01-LB02,0.0,False,,,,65,sub-HUP185,01,True
LB02-LB03,0.0,False,,,,65,sub-HUP185,01,True
LB04-LB05,0.0,False,,,,65,sub-HUP185,01,False
LB05-LB06,0.0,False,,,,65,sub-HUP185,01,False
LB06-LB07,0.0,False,,,,65,sub-HUP185,01,False
LB07-LB08,0.0,False,,,,65,sub-HUP185,01,False
LB10-LB11,0.0,False,,,,65,sub-HUP185,01,False
LB11-LB12,0.0,False,,,,65,sub-HUP185,01,False
LC01-LC02,0.0,False,,,,65,sub-HUP185,01,False
LC02-LC03,0.0,False,,,,65,sub-HUP185,01,False
LC03-LC04,0.0,False,,,,65,sub-HUP185,01,False
LC04-LC05,0.0,False,,,,65,sub-HUP185,01,False
LC05-LC06,0.0,False,,,,65,sub-HUP185,01,False
LC11-LC12,0.0,False,,,,65,sub-HUP185,01,False
LE04-LE05,0.0,False,,,,65,sub-HUP185,01,False
LE10-LE11,0.0,False,,,,65,sub-HUP185,01,False
LE11-LE12,0.0,False,,,,65,sub-HUP185,01,False
LF04-LF05,0.0,False,,,,65,sub-HUP185,01,False
RA01-RA02,0.0,False,,,,65,sub-HUP185,01,False
RA02-RA03,0.0,False,,,,65,sub-HUP185,01,False
RA03-RA04,0.0,False,,,,65,sub-HUP185,01,False
RA04-RA05,0.0,False,,,,65,sub-HUP185,01,False
RA05-RA06,0.0,False,,,,65,sub-HUP185,01,False
RA06-RA07,0.0,False,,,,65,sub-HUP185,01,False
RA07-RA08,0.0,False,,,,65,sub-HUP185,01,False
RB01-RB02,0.0,False,,,,65,sub-HUP185,01,False
RB02-RB03,0.0,False,,,,65,sub-HUP185,01,False
RB07-RB08,0.0,False,,,,65,sub-HUP185,01,False
RB08-RB09,0.0,False,,,,65,sub-HUP185,01,False
LH10-LH11,1.0,True,-8.75,-7.75,30.20918088511729,1,sub-HUP185,02,False
LH05-LH06,0.723427919410097,True,-8.25,-7.75,30.595830824725148,2,sub-HUP185,02,False
LH04-LH05,0.470482131625015,True,-8.25,-7.75,19.898031744465897,3,sub-HUP185,02,False
LC08-LC09,0.4344646171839248,True,-8.0,-7.75,20.999712333907876,4,sub-HUP185,02,False
LH07-LH08,0.3540944455953663,True,-8.0,-7.0,17.11504505184919,5,sub-HUP185,02,False
LG04-LG05,0.27630865500584006,True,-8.25,-6.5,11.68588139487285,6,sub-HUP185,02,False
LH08-LH09,0.24928581947138767,True,-8.0,-7.5,12.049152660009351,7,sub-HUP185,02,False
LH03-LH04,0.24311089656969023,True,-8.25,-7.0,10.281853469463538,8,sub-HUP185,02,False
LG08-LG09,0.2375348449813675,True,-8.25,-8.0,10.046026337984596,9,sub-HUP185,02,False
LC06-LC07,0.23000803069703468,True,-9.0,-4.75,5.5586833634850645,10,sub-HUP185,02,False
LH09-LH10,0.21946259661492867,True,-8.0,-7.0,10.607656445852657,11,sub-HUP185,02,False
LH06-LH07,0.21020484514623594,True,-7.75,-7.25,11.43020914191128,12,sub-HUP185,02,False
LD05-LD06,0.18985461823248506,True,-8.0,-7.5,9.176564006496045,13,sub-HUP185,02,False
LG05-LG06,0.18730157644808798,True,-8.25,-7.5,7.92151808418308,14,sub-HUP185,02,False
LF02-LF03,0.18462451011909434,True,-8.75,-7.25,5.577355222013889,15,sub-HUP185,02,False
LG07-LG08,0.18371042411787714,True,-8.25,-7.5,7.769638005721991,16,sub-HUP185,02,False
LF03-LF04,0.17133215518288403,True,-8.75,-6.0,5.175804067356729,17,sub-HUP185,02,False
LG11-LG12,0.16538660137481442,True,-8.0,-7.5,7.993910011050491,18,sub-HUP185,02,False
LF06-LF07,0.1469980909715343,True,-7.75,-7.25,7.993245455866811,19,sub-HUP185,02,False
LD04-LD05,0.14254330909037918,True,-8.0,-4.75,6.889786573239118,20,sub-HUP185,02,False
LG03-LG04,0.13540836474414872,True,-7.75,-6.75,7.36303641104507,21,sub-HUP185,02,False
LF07-LF08,0.13473676950150018,True,-7.75,-7.25,7.326517395144913,22,sub-HUP185,02,False
LG06-LG07,0.11911297883459551,True,-8.0,-6.25,5.757288837407109,23,sub-HUP185,02,False
LG10-LG11,0.11870555530213293,True,-8.25,-7.75,5.020396629066599,24,sub-HUP185,02,False
RB06-RB07,0.11706034898279276,True,-8.75,-4.75,3.5362972568961424,25,sub-HUP185,02,False
LD08-LD09,0.11263795478940901,True,-8.0,-7.5,5.444320561220673,26,sub-HUP185,02,False
LE05-LE06,0.0985546929782222,True,-8.25,-6.75,4.168159166158839,27,sub-HUP185,02,False
LF08-LF09,0.09855157144861378,True,-8.25,-7.0,4.168027147765228,28,sub-HUP185,02,False
LG01-LG02,0.09132207750902434,True,-6.25,-5.75,8.276295474824453,29,sub-HUP185,02,False
LD06-LD07,0.09120022735096166,True,-8.25,-7.5,3.857117830732631,30,sub-HUP185,02,False
LD09-LD10,0.08673097571306139,True,-8.25,-6.25,3.6681004271220203,31,sub-HUP185,02,False
LD01-LD02,0.08651921386061782,True,-8.0,-4.5,4.181879330485682,32,sub-HUP185,02,False
LD07-LD08,0.08142535693685635,True,-8.0,-7.25,3.9356693381451735,33,sub-HUP185,02,False
LH02-LH03,0.07973052026506473,True,-8.25,-3.75,3.37203119225259,34,sub-HUP185,02,False
LE07-LE08,0.07705444414132309,True,-7.75,-5.25,4.189952953921312,35,sub-HUP185,02,False
LD11-LD12,0.07406347308540596,True,-8.25,-6.25,3.1323555975838624,36,sub-HUP185,02,False
LD10-LD11,0.07233043377920875,True,-8.25,-6.25,3.0590604205491614,37,sub-HUP185,02,False
LF01-LF02,0.07096653501454432,True,-7.75,-6.5,3.858913607479883,38,sub-HUP185,02,False
LF05-LF06,0.06949161292833096,True,-7.75,-7.25,3.7787124689109097,39,sub-HUP185,02,False
LB09-LB10,0.06218623325409638,True,-5.75,-4.75,6.387223574386118,40,sub-HUP185,02,False
LC03-LC04,0.060141477676992385,True,-6.5,-4.5,5.087109377959019,41,sub-HUP185,02,False
LF09-LF10,0.05737677587965965,True,-8.0,-6.5,2.773288641845557,42,sub-HUP185,02,False
LB08-LB09,0.05588646881365412,True,-5.25,-4.25,6.415480892604146,43,sub-HUP185,02,False
LE02-LE03,0.05328305530337644,True,-7.5,-3.75,3.219274911542814,44,sub-HUP185,02,False
LG02-LG03,0.03168344457844588,True,0.25,2.25,7.848473448337654,45,sub-HUP185,02,False
LC04-LC05,0.031017173475442503,True,-4.75,-3.75,3.93541429707176,46,sub-HUP185,02,False
LD03-LD04,0.03097627890200358,True,-5.75,-4.25,3.1816112424947933,47,sub-HUP185,02,False
LD02-LD03,0.026214945541430765,True,-5.0,-4.25,3.167728127018324,48,sub-HUP185,02,False
LC11-LC12,0.02466768997639463,True,-5.0,-3.75,2.9807628340596004,49,sub-HUP185,02,False
LC07-LC08,0.019928048337352934,True,-1.5,0.25,4.0936681149910985,50,sub-HUP185,02,False
LB07-LB08,0.01882101199774296,True,-5.0,-3.75,2.274269423523119,51,sub-HUP185,02,False
LF10-LF11,0.015128898624376703,True,1.5,4.0,4.204691043254861,52,sub-HUP185,02,False
RB09-RB10,0.013628820278644548,True,3.75,4.0,4.528870467531606,53,sub-HUP185,02,False
LB05-LB06,0.013606768000516346,True,-5.25,-3.5,1.5619873999998113,54,sub-HUP185,02,False
RA01-RA02,0.012822985529993303,True,-4.0,-2.75,1.8593850689414846,55,sub-HUP185,02,False
RB10-RB11,0.012706676524391157,True,3.75,4.25,4.222441185314066,56,sub-HUP185,02,False
LB03-LB04,0.011947248011248673,True,3.5,4.0,3.8978990235126245,57,sub-HUP185,02,True
LG09-LG10,0.011888107439968045,True,1.0,2.75,3.160343894714189,58,sub-HUP185,02,False
RB11-RB12,0.010021308334681152,True,3.5,4.25,3.2695435748294974,59,sub-HUP185,02,False
RB08-RB09,0.009853732791937823,True,3.75,4.25,3.274405159357877,60,sub-HUP185,02,False
RB05-RB06,0.009826423081201564,True,14.75,15.5,5.877594207811451,61,sub-HUP185,02,False
LA04-LA05,0.009748233387642033,True,23.25,24.5,7.8333314760886354,62,sub-HUP185,02,False
LE06-LE07,0.008739181960441954,True,6.25,6.75,3.432045872202284,63,sub-HUP185,02,False
LC05-LC06,0.007678258803462353,True,3.5,4.25,2.5051022180266154,64,sub-HUP185,02,False
RB07-RB08,0.007533967191002799,True,15.0,15.75,4.551899553110852,65,sub-HUP185,02,False
LF04-LF05,0.00583852152829202,True,17.5,17.75,3.8802929648961517,66,sub-HUP185,02,False
LA05-LA06,0.005663023599191198,True,23.25,25.25,4.55060309343982,67,sub-HUP185,02,False
RA08-RA09,0.005273074882847664,True,18.75,19.5,3.663791278004416,68,sub-HUP185,02,False
RA09-RA10,0.004535675032307984,True,14.75,19.5,2.7129767442446218,69,sub-HUP185,02,False
RA06-RA07,0.0037417185964696686,True,15.25,19.75,2.28329192881958,70,sub-HUP185,02,False
LB02-LB03,0.0030738213484106055,True,22.75,26.5,2.432869778213983,71,sub-HUP185,02,True
RA07-RA08,0.002836056950473786,True,18.0,25.25,1.9191190461487906,72,sub-HUP185,02,False
LB01-LB02,0.002435944598212481,True,23.25,25.0,1.9574379004277707,73,sub-HUP185,02,True
LA06-LA07,0.0018289292651153667,True,25.25,28.75,1.5580628308859241,74,sub-HUP185,02,False
LA01-LA02,0.0,False,,,,75,sub-HUP185,02,True
LA02-LA03,0.0,False,,,,75,sub-HUP185,02,True
LA03-LA04,0.0,False,,,,75,sub-HUP185,02,True
LA07-LA08,0.0,False,,,,75,sub-HUP185,02,False
LA08-LA09,0.0,False,,,,75,sub-HUP185,02,False
LA09-LA10,0.0,False,,,,75,sub-HUP185,02,False
LB04-LB05,0.0,False,,,,75,sub-HUP185,02,False
LB06-LB07,0.0,False,,,,75,sub-HUP185,02,False
LB10-LB11,0.0,False,,,,75,sub-HUP185,02,False
LB11-LB12,0.0,False,,,,75,sub-HUP185,02,False
LC01-LC02,0.0,False,,,,75,sub-HUP185,02,False
LC02-LC03,0.0,False,,,,75,sub-HUP185,02,False
LE01-LE02,0.0,False,,,,75,sub-HUP185,02,False
LE03-LE04,0.0,False,,,,75,sub-HUP185,02,False
LE04-LE05,0.0,False,,,,75,sub-HUP185,02,False
LE08-LE09,0.0,False,,,,75,sub-HUP185,02,False
LE09-LE10,0.0,False,,,,75,sub-HUP185,02,False
LE10-LE11,0.0,False,,,,75,sub-HUP185,02,False
LE11-LE12,0.0,False,,,,75,sub-HUP185,02,False
LH01-LH02,0.0,False,,,,75,sub-HUP185,02,False
RA02-RA03,0.0,False,,,,75,sub-HUP185,02,False
RA03-RA04,0.0,False,,,,75,sub-HUP185,02,False
RA04-RA05,0.0,False,,,,75,sub-HUP185,02,False
RA05-RA06,0.0,False,,,,75,sub-HUP185,02,False
RB01-RB02,0.0,False,,,,75,sub-HUP185,02,False
RB02-RB03,0.0,False,,,,75,sub-HUP185,02,False
LG03-LG04,1.0,True,-8.25,-5.0,3.744375892164219,1,sub-HUP185,03,False
LG08-LG09,0.6815551564994998,True,-7.75,-5.5,3.8279980457654084,2,sub-HUP185,03,False
LG11-LG12,0.5134093535735884,True,-7.75,-6.25,2.88359640949884,3,sub-HUP185,03,False
LH06-LH07,0.4793436565538143,True,-7.75,-4.25,2.692264247492921,4,sub-HUP185,03,False
LA04-LA05,0.4431702637177197,True,4.5,5.75,22.816695709344476,5,sub-HUP185,03,False
LC08-LC09,0.354310046988794,True,-6.0,-4.0,4.311677494463338,6,sub-HUP185,03,False
RB06-RB07,0.32315825269893916,True,-6.5,-3.5,3.327571419589506,7,sub-HUP185,03,False
LH07-LH08,0.3153162729607714,True,-7.0,-4.75,2.6564909644831163,8,sub-HUP185,03,False
RB05-RB06,0.26244768306015676,True,-6.5,-3.5,2.7024326378632186,9,sub-HUP185,03,False
LB10-LB11,0.20648661746159114,True,-5.25,-4.75,3.092654049910869,10,sub-HUP185,03,False
LD01-LD02,0.19253244182752205,True,-5.25,-3.75,2.883655334553934,11,sub-HUP185,03,False
LB09-LB10,0.1846333123070986,True,-5.25,-3.75,2.765346093972509,12,sub-HUP185,03,False
LC06-LC07,0.18194127877067598,True,-5.25,-4.25,2.725026152073795,13,sub-HUP185,03,False
LE01-LE02,0.17942755364733917,True,-5.75,-2.5,2.351454721934846,14,sub-HUP185,03,False
LA08-LA09,0.1736043830394927,True,-5.25,-1.0,2.6001602665084773,15,sub-HUP185,03,False
LA07-LA08,0.17312268946126028,True,-5.25,-4.5,2.592945699221502,16,sub-HUP185,03,False
LH03-LH04,0.159323918962357,True,-5.25,-2.25,2.3862745648311012,17,sub-HUP185,03,False
LF01-LF02,0.14779942432444315,True,2.25,4.25,6.364290915136241,18,sub-HUP185,03,False
LB11-LB12,0.13986859709739882,True,-5.0,-1.75,2.2258125629299044,19,sub-HUP185,03,False
LB03-LB04,0.13736688735105823,True,4.75,6.5,7.200945659305167,20,sub-HUP185,03,True
LA01-LA02,0.12573666809797468,True,7.0,7.75,7.650586917790543,21,sub-HUP185,03,True
LB02-LB03,0.119727769888575,True,4.75,6.25,6.276280852707115,22,sub-HUP185,03,True
LC07-LC08,0.09975929655107692,True,4.25,5.25,5.042740117839033,23,sub-HUP185,03,False
RB07-RB08,0.09797246806490194,True,2.75,5.25,4.402148970216572,24,sub-HUP185,03,False
LD08-LD09,0.09736934852904888,True,2.0,3.5,4.101608714263945,25,sub-HUP185,03,False
LG02-LG03,0.09469433026557987,True,2.0,5.75,3.9889256329245812,26,sub-HUP185,03,False
LA05-LA06,0.09467183378109768,True,4.75,6.25,4.962817049076884,27,sub-HUP185,03,False
LH04-LH05,0.09451616954534613,True,2.0,6.25,3.9814207499846246,28,sub-HUP185,03,False
RA03-RA04,0.09115001789889615,True,-2.0,-1.25,2.4744244895344876,29,sub-HUP185,03,False
LF02-LF03,0.08738946968356791,True,2.25,5.25,3.7630187703899267,30,sub-HUP185,03,False
LG10-LG11,0.08690075517144834,True,5.5,6.5,4.7994891169538345,31,sub-HUP185,03,False
LF05-LF06,0.08222212215047167,True,4.0,5.75,4.079284548772202,32,sub-HUP185,03,False
LH10-LH11,0.082030424834071,True,0.5,5.75,2.9947392654336737,33,sub-HUP185,03,False
LF04-LF05,0.08004558922094943,True,2.25,5.75,3.4467889073595357,34,sub-HUP185,03,False
LA09-LA10,0.07596291611400054,True,23.5,24.25,9.315204061311025,35,sub-HUP185,03,False
LF03-LF04,0.07506259928095554,True,2.25,5.5,3.232219752234122,36,sub-HUP185,03,False
LB08-LB09,0.07493728409267009,True,4.75,7.75,3.9283070397319717,37,sub-HUP185,03,False
LG05-LG06,0.07403418916987109,True,2.0,5.75,3.1186331226403947,38,sub-HUP185,03,False
LG07-LG08,0.07311820432413628,True,2.0,6.5,3.0800479674333765,39,sub-HUP185,03,False
LB01-LB02,0.06996752056079876,True,4.5,7.75,3.6022895868074394,40,sub-HUP185,03,True
LE06-LE07,0.06933531564211824,True,2.5,7.0,3.050505441299845,41,sub-HUP185,03,False
LE05-LE06,0.06915607293893061,True,2.25,7.5,2.9778828215567446,42,sub-HUP185,03,False
LH08-LH09,0.06881658640252801,True,4.0,6.5,3.4141959641632704,43,sub-HUP185,03,False
RB08-RB09,0.06752800669257433,True,2.25,4.25,2.9077777635141624,44,sub-HUP185,03,False
LG06-LG07,0.06565406678964536,True,2.0,6.0,2.765626930233985,45,sub-HUP185,03,False
LF07-LF08,0.06220030563116547,True,4.0,5.75,3.085942554800216,46,sub-HUP185,03,False
LG01-LG02,0.06063337771698257,True,2.0,7.0,2.554134275069513,47,sub-HUP185,03,False
LD06-LD07,0.060168978748207626,True,2.0,6.0,2.5345718266604615,48,sub-HUP185,03,False
LH09-LH10,0.05967105127991312,True,5.5,6.5,3.2956049766208735,49,sub-HUP185,03,False
LD04-LD05,0.05854967669140311,True,3.25,10.25,2.740399973716239,50,sub-HUP185,03,False
LA02-LA03,0.05801761188032416,True,3.75,7.0,2.8241167141931407,51,sub-HUP185,03,True
LH05-LH06,0.05687006848852558,True,0.25,6.25,2.0229576776245506,52,sub-HUP185,03,False
LD07-LD08,0.05277979627024822,True,2.0,8.25,2.223308213411135,53,sub-HUP185,03,False
RB09-RB10,0.05273272477523897,True,2.5,6.0,2.3200509346742937,54,sub-HUP185,03,False
LD03-LD04,0.05144336908416906,True,2.5,7.5,2.263323904373008,55,sub-HUP185,03,False
LG04-LG05,0.05062687623191894,True,2.0,7.75,2.1326181171567637,56,sub-HUP185,03,False
RB11-RB12,0.05042641560843809,True,2.5,6.5,2.2185815954567465,57,sub-HUP185,03,False
LD05-LD06,0.05004542643642137,True,3.25,11.75,2.342361103270176,58,sub-HUP185,03,False
LH01-LH02,0.048201320560295566,True,4.75,10.25,2.526774077470303,59,sub-HUP185,03,False
LD09-LD10,0.04810186557776286,True,2.0,8.25,2.0262539906718655,60,sub-HUP185,03,False
LB04-LB05,0.0476989366970525,True,4.75,8.25,2.5004384811043483,61,sub-HUP185,03,False
LA03-LA04,0.04728390020792396,True,4.5,7.75,2.4344195703581764,62,sub-HUP185,03,True
LD10-LD11,0.046799194054648066,True,2.0,8.0,1.9713799573980668,63,sub-HUP185,03,False
LD11-LD12,0.04584234876131786,True,1.75,10.25,1.8881608409626913,64,sub-HUP185,03,False
RA07-RA08,0.044118663165051517,True,7.5,12.0,2.767047384058018,65,sub-HUP185,03,False
RA08-RA09,0.043269908194350656,True,5.25,7.75,2.349272615936741,66,sub-HUP185,03,False
RA02-RA03,0.0425373583244075,True,4.0,5.75,2.1104051320979766,67,sub-HUP185,03,False
LH02-LH03,0.042165786768587656,True,2.25,8.25,1.8156723876800214,68,sub-HUP185,03,False
RA09-RA10,0.03861059370745175,True,4.75,10.75,2.0240160676446175,69,sub-HUP185,03,False
LF09-LF10,0.03848178660956101,True,10.25,14.5,2.8097603443308383,70,sub-HUP185,03,False
LC02-LC03,0.03575884027446377,True,11.75,16.0,2.811785328564515,71,sub-HUP185,03,False
RA06-RA07,0.03214662752898079,True,7.5,13.25,2.0161817069927963,72,sub-HUP185,03,False
LC04-LC05,0.031120922052994583,True,12.75,15.5,2.563625466097404,73,sub-HUP185,03,False
RA05-RA06,0.028887932126278784,True,2.75,15.75,1.2980073195373745,74,sub-HUP185,03,False
LA06-LA07,0.024738356283846248,True,23.75,24.75,3.056780261073103,75,sub-HUP185,03,False
LB05-LB06,0.0,False,,,,76,sub-HUP185,03,False
LB06-LB07,0.0,False,,,,76,sub-HUP185,03,False
LB07-LB08,0.0,False,,,,76,sub-HUP185,03,False
LC01-LC02,0.0,False,,,,76,sub-HUP185,03,False
LC03-LC04,0.0,False,,,,76,sub-HUP185,03,False
LC05-LC06,0.0,False,,,,76,sub-HUP185,03,False
LC11-LC12,0.0,False,,,,76,sub-HUP185,03,False
LD02-LD03,0.0,False,,,,76,sub-HUP185,03,False
LE02-LE03,0.0,False,,,,76,sub-HUP185,03,False
LE03-LE04,0.0,False,,,,76,sub-HUP185,03,False
LE04-LE05,0.0,False,,,,76,sub-HUP185,03,False
LE07-LE08,0.0,False,,,,76,sub-HUP185,03,False
LE08-LE09,0.0,False,,,,76,sub-HUP185,03,False
LE09-LE10,0.0,False,,,,76,sub-HUP185,03,False
LE10-LE11,0.0,False,,,,76,sub-HUP185,03,False
LE11-LE12,0.0,False,,,,76,sub-HUP185,03,False
LF06-LF07,0.0,False,,,,76,sub-HUP185,03,False
LF08-LF09,0.0,False,,,,76,sub-HUP185,03,False
LF10-LF11,0.0,False,,,,76,sub-HUP185,03,False
LG09-LG10,0.0,False,,,,76,sub-HUP185,03,False
RA01-RA02,0.0,False,,,,76,sub-HUP185,03,False
RA04-RA05,0.0,False,,,,76,sub-HUP185,03,False
RB01-RB02,0.0,False,,,,76,sub-HUP185,03,False
RB02-RB03,0.0,False,,,,76,sub-HUP185,03,False
RB10-RB11,0.0,False,,,,76,sub-HUP185,03,False
RB01-RB02,1.0,True,2.75,4.0,30.909752089622778,1,sub-HUP187,01,True
RE01-RE02,0.7972139862344257,True,-8.75,-7.5,1.9713349341508835,2,sub-HUP187,01,False
RA01-RA02,0.7159303586095481,True,3.0,4.25,22.571814496016977,3,sub-HUP187,01,True
RE06-RE07,0.24381528946309028,True,-5.75,-0.5,2.4116064489483957,4,sub-HUP187,01,False
RA03-RA04,0.2231818192057831,True,4.75,5.5,8.002253854971649,5,sub-HUP187,01,True
RA04-RA05,0.16701472609059304,True,0.25,2.0,4.129907023021187,6,sub-HUP187,01,True
RH03-RH04,0.16033033207148878,True,-2.25,-0.5,2.9734624900659687,7,sub-HUP187,01,False
RB03-RB04,0.1352517654273628,True,-1.5,4.5,2.759195035768774,8,sub-HUP187,01,True
RB10-RB11,0.12168446123061039,True,-2.75,-0.5,2.1062924566865893,9,sub-HUP187,01,False
RF01-RF02,0.11964549428719917,True,4.5,5.5,4.215962326445783,10,sub-HUP187,01,False
RC01-RC02,0.11362546198955889,True,5.5,8.75,4.284804530622668,11,sub-HUP187,01,True
RA05-RA06,0.1124516701667595,True,5.0,8.75,4.101506831363907,12,sub-HUP187,01,True
RC02-RC03,0.10733443680383802,True,6.5,8.75,4.312985081971691,13,sub-HUP187,01,True
RB05-RB06,0.09960417517111252,True,-0.25,1.0,2.339842674839141,14,sub-HUP187,01,True
RB02-RB03,0.09527823406233467,True,0.25,5.5,2.3560212755230534,15,sub-HUP187,01,True
RE02-RE03,0.08977058626194144,True,7.25,9.75,3.77370973016352,16,sub-HUP187,01,False
RB04-RB05,0.08081089076840642,True,0.25,7.75,1.9982756798344226,17,sub-HUP187,01,True
RA02-RA03,0.07070106595949625,True,5.0,5.5,2.5787158571105144,18,sub-HUP187,01,True
RH10-RH11,0.059203400572274585,True,24.5,26.0,5.01409707067149,19,sub-HUP187,01,False
RB06-RB07,0.05432959239238522,True,12.5,14.75,2.989179332922411,20,sub-HUP187,01,False
RG02-RG03,0.0483272811797014,True,5.25,5.75,1.7925411365160753,21,sub-HUP187,01,False
RG05-RG06,0.04069103112427627,True,8.5,9.25,1.8363145391108557,22,sub-HUP187,01,False
RH02-RH03,0.0395759551751514,True,25.5,29.75,3.4496579561505483,23,sub-HUP187,01,False
RH09-RH10,0.038661705069501985,True,24.5,25.0,3.2743649902255463,24,sub-HUP187,01,False
RB11-RB12,0.037829710496916004,True,24.5,25.75,3.203901106244335,25,sub-HUP187,01,False
RA06-RA07,0.0,False,,,,26,sub-HUP187,01,False
RA07-RA08,0.0,False,,,,26,sub-HUP187,01,False
RB07-RB08,0.0,False,,,,26,sub-HUP187,01,False
RB08-RB09,0.0,False,,,,26,sub-HUP187,01,False
RB09-RB10,0.0,False,,,,26,sub-HUP187,01,False
RC03-RC04,0.0,False,,,,26,sub-HUP187,01,True
RC04-RC05,0.0,False,,,,26,sub-HUP187,01,True
RC05-RC06,0.0,False,,,,26,sub-HUP187,01,False
RC06-RC07,0.0,False,,,,26,sub-HUP187,01,False
RC07-RC08,0.0,False,,,,26,sub-HUP187,01,False
RC08-RC09,0.0,False,,,,26,sub-HUP187,01,False
RC11-RC12,0.0,False,,,,26,sub-HUP187,01,False
RD01-RD02,0.0,False,,,,26,sub-HUP187,01,False
RD02-RD03,0.0,False,,,,26,sub-HUP187,01,False
RD03-RD04,0.0,False,,,,26,sub-HUP187,01,False
RD04-RD05,0.0,False,,,,26,sub-HUP187,01,False
RD05-RD06,0.0,False,,,,26,sub-HUP187,01,False
RD06-RD07,0.0,False,,,,26,sub-HUP187,01,False
RD07-RD08,0.0,False,,,,26,sub-HUP187,01,False
RD08-RD09,0.0,False,,,,26,sub-HUP187,01,False
RD11-RD12,0.0,False,,,,26,sub-HUP187,01,False
RE03-RE04,0.0,False,,,,26,sub-HUP187,01,False
RE04-RE05,0.0,False,,,,26,sub-HUP187,01,False
RE05-RE06,0.0,False,,,,26,sub-HUP187,01,False
RE07-RE08,0.0,False,,,,26,sub-HUP187,01,False
RE08-RE09,0.0,False,,,,26,sub-HUP187,01,False
RE09-RE10,0.0,False,,,,26,sub-HUP187,01,False
RE10-RE11,0.0,False,,,,26,sub-HUP187,01,False
RE11-RE12,0.0,False,,,,26,sub-HUP187,01,False
RF02-RF03,0.0,False,,,,26,sub-HUP187,01,False
RF03-RF04,0.0,False,,,,26,sub-HUP187,01,False
RF04-RF05,0.0,False,,,,26,sub-HUP187,01,False
RF07-RF08,0.0,False,,,,26,sub-HUP187,01,False
RF08-RF09,0.0,False,,,,26,sub-HUP187,01,False
RF09-RF10,0.0,False,,,,26,sub-HUP187,01,False
RF10-RF11,0.0,False,,,,26,sub-HUP187,01,False
RF11-RF12,0.0,False,,,,26,sub-HUP187,01,False
RG01-RG02,0.0,False,,,,26,sub-HUP187,01,False
RG03-RG04,0.0,False,,,,26,sub-HUP187,01,False
RG04-RG05,0.0,False,,,,26,sub-HUP187,01,False
RG08-RG09,0.0,False,,,,26,sub-HUP187,01,False
RG09-RG10,0.0,False,,,,26,sub-HUP187,01,False
RG10-RG11,0.0,False,,,,26,sub-HUP187,01,False
RH01-RH02,0.0,False,,,,26,sub-HUP187,01,False
RH04-RH05,0.0,False,,,,26,sub-HUP187,01,False
RH05-RH06,0.0,False,,,,26,sub-HUP187,01,False
RH06-RH07,0.0,False,,,,26,sub-HUP187,01,False
RH07-RH08,0.0,False,,,,26,sub-HUP187,01,False
RH08-RH09,0.0,False,,,,26,sub-HUP187,01,False
RH11-RH12,0.0,False,,,,26,sub-HUP187,01,False
RE07-RE08,1.0,True,-7.75,-7.0,4.285006013574641,1,sub-HUP187,02,False
RA02-RA03,0.69766115808708,True,5.75,6.0,43.3474927386885,2,sub-HUP187,02,True
RA03-RA04,0.27457473070018723,True,-6.5,-5.75,2.647247337508365,3,sub-HUP187,02,True
RC06-RC07,0.21776188265148105,True,-5.5,-3.25,3.032610674239028,4,sub-HUP187,02,False
RF03-RF04,0.17239930289730174,True,-4.75,-3.0,2.9549281986040556,5,sub-HUP187,02,False
RB04-RB05,0.1346186760637344,True,4.0,7.0,7.3547334150251205,6,sub-HUP187,02,True
RF02-RF03,0.11699644440054226,True,-4.75,-2.75,2.005321871292699,7,sub-HUP187,02,False
RF07-RF08,0.11522027599610268,True,-3.75,-3.0,2.4685978776451494,8,sub-HUP187,02,False
RB02-RB03,0.10860836778924572,True,-0.25,2.5,3.955793827362276,9,sub-HUP187,02,True
RB01-RB02,0.10629987578149044,True,1.25,3.5,4.554956069659239,10,sub-HUP187,02,True
RA04-RA05,0.09708449942401676,True,0.0,4.0,3.6400670587469612,11,sub-HUP187,02,True
RA05-RA06,0.09707623537930699,True,5.5,7.0,5.927604596351128,12,sub-HUP187,02,True
RC01-RC02,0.09092473871358814,True,6.0,8.0,5.746792519513815,13,sub-HUP187,02,True
RE01-RE02,0.08105614293844451,True,1.75,2.5,3.6469236292482043,14,sub-HUP187,02,False
RF01-RF02,0.07760454229514809,True,6.0,7.0,4.904904973627403,15,sub-HUP187,02,False
RB05-RB06,0.07056815530812051,True,-1.75,0.5,2.1166947890351593,16,sub-HUP187,02,True
RA01-RA02,0.06961069093009811,True,-0.25,4.75,2.535398948578727,17,sub-HUP187,02,True
RB03-RB04,0.064587309419021,True,1.0,6.0,2.6983808402958327,18,sub-HUP187,02,True
RH01-RH02,0.05938648661267898,True,3.0,7.0,2.9900395640596917,19,sub-HUP187,02,False
RC02-RC03,0.055019158768507576,True,-0.25,6.75,2.00393812257142,20,sub-HUP187,02,True
RG02-RG03,0.05088440406375331,True,6.25,6.75,3.2705996611551726,21,sub-HUP187,02,False
RB06-RB07,0.04711295660004666,True,6.0,8.5,2.9777197096400947,22,sub-HUP187,02,False
RC03-RC04,0.04698336991244098,True,-0.25,8.25,1.7112541922088973,23,sub-HUP187,02,True
RH02-RH03,0.046371253388236784,True,3.25,8.0,2.384413195507057,24,sub-HUP187,02,False
RD11-RD12,0.041611204931899924,True,5.5,8.0,2.5408357529552106,25,sub-HUP187,02,False
RG03-RG04,0.034464505299685116,True,6.5,7.75,2.2521293400763938,26,sub-HUP187,02,False
RD03-RD04,0.032947366738032356,True,5.75,8.0,2.0471051367568074,27,sub-HUP187,02,False
RA06-RA07,0.03160023365149928,True,6.0,8.25,1.9972560705988123,28,sub-HUP187,02,False
RF09-RF10,0.019051669832486746,True,24.75,28.25,2.734823413328283,29,sub-HUP187,02,False
RA07-RA08,0.0,False,,,,30,sub-HUP187,02,False
RB07-RB08,0.0,False,,,,30,sub-HUP187,02,False
RB08-RB09,0.0,False,,,,30,sub-HUP187,02,False
RB09-RB10,0.0,False,,,,30,sub-HUP187,02,False
RB10-RB11,0.0,False,,,,30,sub-HUP187,02,False
RB11-RB12,0.0,False,,,,30,sub-HUP187,02,False
RC04-RC05,0.0,False,,,,30,sub-HUP187,02,True
RC05-RC06,0.0,False,,,,30,sub-HUP187,02,False
RC07-RC08,0.0,False,,,,30,sub-HUP187,02,False
RC08-RC09,0.0,False,,,,30,sub-HUP187,02,False
RC11-RC12,0.0,False,,,,30,sub-HUP187,02,False
RD01-RD02,0.0,False,,,,30,sub-HUP187,02,False
RD02-RD03,0.0,False,,,,30,sub-HUP187,02,False
RD04-RD05,0.0,False,,,,30,sub-HUP187,02,False
RD05-RD06,0.0,False,,,,30,sub-HUP187,02,False
RD06-RD07,0.0,False,,,,30,sub-HUP187,02,False
RD07-RD08,0.0,False,,,,30,sub-HUP187,02,False
RD08-RD09,0.0,False,,,,30,sub-HUP187,02,False
RE02-RE03,0.0,False,,,,30,sub-HUP187,02,False
RE03-RE04,0.0,False,,,,30,sub-HUP187,02,False
RE04-RE05,0.0,False,,,,30,sub-HUP187,02,False
RE05-RE06,0.0,False,,,,30,sub-HUP187,02,False
RE06-RE07,0.0,False,,,,30,sub-HUP187,02,False
RE08-RE09,0.0,False,,,,30,sub-HUP187,02,False
RE09-RE10,0.0,False,,,,30,sub-HUP187,02,False
RE10-RE11,0.0,False,,,,30,sub-HUP187,02,False
RE11-RE12,0.0,False,,,,30,sub-HUP187,02,False
RF04-RF05,0.0,False,,,,30,sub-HUP187,02,False
RF08-RF09,0.0,False,,,,30,sub-HUP187,02,False
RF10-RF11,0.0,False,,,,30,sub-HUP187,02,False
RF11-RF12,0.0,False,,,,30,sub-HUP187,02,False
RG01-RG02,0.0,False,,,,30,sub-HUP187,02,False
RG04-RG05,0.0,False,,,,30,sub-HUP187,02,False
RG05-RG06,0.0,False,,,,30,sub-HUP187,02,False
RG08-RG09,0.0,False,,,,30,sub-HUP187,02,False
RG09-RG10,0.0,False,,,,30,sub-HUP187,02,False
RG10-RG11,0.0,False,,,,30,sub-HUP187,02,False
RH03-RH04,0.0,False,,,,30,sub-HUP187,02,False
RH04-RH05,0.0,False,,,,30,sub-HUP187,02,False
RH05-RH06,0.0,False,,,,30,sub-HUP187,02,False
RH06-RH07,0.0,False,,,,30,sub-HUP187,02,False
RH07-RH08,0.0,False,,,,30,sub-HUP187,02,False
RH08-RH09,0.0,False,,,,30,sub-HUP187,02,False
RH09-RH10,0.0,False,,,,30,sub-HUP187,02,False
RH10-RH11,0.0,False,,,,30,sub-HUP187,02,False
RH11-RH12,0.0,False,,,,30,sub-HUP187,02,False
RH07-RH08,1.0,True,-7.5,-6.75,3.008013165476301,1,sub-HUP187,03,False
RB09-RB10,0.7147572843335084,True,-7.25,-6.0,2.6874991517441016,2,sub-HUP187,03,False
RB05-RB06,0.3306822139064156,True,-6.5,1.0,1.989392906038697,3,sub-HUP187,03,True
RC01-RC02,0.2002853849249781,True,7.0,7.75,9.338146657955754,4,sub-HUP187,03,True
RB01-RB02,0.17482235072580946,True,2.0,4.25,5.521613292328878,5,sub-HUP187,03,True
RH01-RH02,0.1409152743347856,True,5.5,8.0,5.934250005820357,6,sub-HUP187,03,False
RB02-RB03,0.1372025307542998,True,0.0,3.5,3.508009660187607,7,sub-HUP187,03,True
RC02-RC03,0.12951679847993228,True,5.5,8.5,5.454235289691683,8,sub-HUP187,03,True
RC03-RC04,0.1252493138088188,True,8.25,9.5,6.310589047138643,9,sub-HUP187,03,True
RH04-RH05,0.11391645921459817,True,0.75,2.75,3.1696254340080876,10,sub-HUP187,03,False
RB04-RB05,0.1085098535388404,True,0.0,0.75,2.774392078244266,11,sub-HUP187,03,True
RA02-RA03,0.10607969976104116,True,0.0,2.25,2.712257634503373,12,sub-HUP187,03,True
RA04-RA05,0.1053393529418068,True,0.0,4.5,2.693328364179531,13,sub-HUP187,03,True
RA01-RA02,0.09362104222252851,True,0.0,2.5,2.3937132843533164,14,sub-HUP187,03,True
RH03-RH04,0.09200875119956203,True,0.75,5.75,2.560062698262673,15,sub-HUP187,03,False
RC04-RC05,0.08188246656638284,True,1.5,3.0,2.4630353745335265,16,sub-HUP187,03,True
RH02-RH03,0.08182960739244599,True,0.5,6.5,2.21530082726011,17,sub-HUP187,03,False
RA05-RA06,0.08162502127289412,True,0.0,9.5,2.0869976782797637,18,sub-HUP187,03,True
RH11-RH12,0.0813510538289076,True,6.25,10.0,3.6093993539051987,19,sub-HUP187,03,False
RB07-RB08,0.08064459177756099,True,0.5,9.75,2.1832199441222877,20,sub-HUP187,03,False
RA03-RA04,0.0779240742179546,True,0.5,6.5,2.1095697703964382,21,sub-HUP187,03,True
RH10-RH11,0.07468700777914043,True,6.25,10.0,3.3137276646728586,22,sub-HUP187,03,False
RB06-RB07,0.07151283211877976,True,4.5,5.25,2.796450026679218,23,sub-HUP187,03,False
RF01-RF02,0.07108426104449934,True,5.5,7.75,2.993513503120115,24,sub-HUP187,03,False
RB03-RB04,0.07010504405775371,True,1.25,7.25,2.056049731047188,25,sub-HUP187,03,True
RH09-RH10,0.04509056651162121,True,8.0,17.5,2.2379447921447335,26,sub-HUP187,03,False
RA06-RA07,0.0,False,,,,27,sub-HUP187,03,False
RA07-RA08,0.0,False,,,,27,sub-HUP187,03,False
RB08-RB09,0.0,False,,,,27,sub-HUP187,03,False
RB10-RB11,0.0,False,,,,27,sub-HUP187,03,False
RB11-RB12,0.0,False,,,,27,sub-HUP187,03,False
RC05-RC06,0.0,False,,,,27,sub-HUP187,03,False
RC06-RC07,0.0,False,,,,27,sub-HUP187,03,False
RC07-RC08,0.0,False,,,,27,sub-HUP187,03,False
RC08-RC09,0.0,False,,,,27,sub-HUP187,03,False
RC11-RC12,0.0,False,,,,27,sub-HUP187,03,False
RD01-RD02,0.0,False,,,,27,sub-HUP187,03,False
RD02-RD03,0.0,False,,,,27,sub-HUP187,03,False
RD03-RD04,0.0,False,,,,27,sub-HUP187,03,False
RD04-RD05,0.0,False,,,,27,sub-HUP187,03,False
RD05-RD06,0.0,False,,,,27,sub-HUP187,03,False
RD06-RD07,0.0,False,,,,27,sub-HUP187,03,False
RD07-RD08,0.0,False,,,,27,sub-HUP187,03,False
RD08-RD09,0.0,False,,,,27,sub-HUP187,03,False
RD11-RD12,0.0,False,,,,27,sub-HUP187,03,False
RE01-RE02,0.0,False,,,,27,sub-HUP187,03,False
RE02-RE03,0.0,False,,,,27,sub-HUP187,03,False
RE03-RE04,0.0,False,,,,27,sub-HUP187,03,False
RE04-RE05,0.0,False,,,,27,sub-HUP187,03,False
RE05-RE06,0.0,False,,,,27,sub-HUP187,03,False
RE06-RE07,0.0,False,,,,27,sub-HUP187,03,False
RE07-RE08,0.0,False,,,,27,sub-HUP187,03,False
RE08-RE09,0.0,False,,,,27,sub-HUP187,03,False
RE09-RE10,0.0,False,,,,27,sub-HUP187,03,False
RE10-RE11,0.0,False,,,,27,sub-HUP187,03,False
RE11-RE12,0.0,False,,,,27,sub-HUP187,03,False
RF02-RF03,0.0,False,,,,27,sub-HUP187,03,False
RF03-RF04,0.0,False,,,,27,sub-HUP187,03,False
RF04-RF05,0.0,False,,,,27,sub-HUP187,03,False
RF07-RF08,0.0,False,,,,27,sub-HUP187,03,False
RF08-RF09,0.0,False,,,,27,sub-HUP187,03,False
RF09-RF10,0.0,False,,,,27,sub-HUP187,03,False
RF10-RF11,0.0,False,,,,27,sub-HUP187,03,False
RF11-RF12,0.0,False,,,,27,sub-HUP187,03,False
RG01-RG02,0.0,False,,,,27,sub-HUP187,03,False
RG02-RG03,0.0,False,,,,27,sub-HUP187,03,False
RG03-RG04,0.0,False,,,,27,sub-HUP187,03,False
RG04-RG05,0.0,False,,,,27,sub-HUP187,03,False
RG05-RG06,0.0,False,,,,27,sub-HUP187,03,False
RG08-RG09,0.0,False,,,,27,sub-HUP187,03,False
RG09-RG10,0.0,False,,,,27,sub-HUP187,03,False
RG10-RG11,0.0,False,,,,27,sub-HUP187,03,False
RH05-RH06,0.0,False,,,,27,sub-HUP187,03,False
RH06-RH07,0.0,False,,,,27,sub-HUP187,03,False
RH08-RH09,0.0,False,,,,27,sub-HUP187,03,False
LB05-LB06,1.0,True,-0.25,0.5,63.66399521712348,1,sub-HUP188,01,False
LI06-LI07,0.9290883555300437,True,0.25,0.75,64.52670177027252,2,sub-HUP188,01,True
LB06-LB07,0.4955424771741977,True,-1.0,0.5,27.24618472896787,3,sub-HUP188,01,False
LC09-LC10,0.4522463743659872,True,0.25,0.75,31.409248379561063,4,sub-HUP188,01,False
LI05-LI06,0.3602529167370305,True,0.25,0.75,25.02015269247392,5,sub-HUP188,01,True
LB08-LB09,0.332027886749725,True,-1.25,0.5,17.29490874053409,6,sub-HUP188,01,False
LI04-LI05,0.32975627319552814,True,0.25,1.0,22.90211105403989,7,sub-HUP188,01,True
LC08-LC09,0.3161362759353912,True,0.0,0.5,21.041339193614967,8,sub-HUP188,01,False
LC06-LC07,0.29893523331712074,True,0.25,0.75,20.761539560870037,9,sub-HUP188,01,False
LC07-LC08,0.2804914742418752,True,0.0,0.5,18.66889914160496,10,sub-HUP188,01,False
LL07-LL08,0.2688750352275004,True,0.0,0.5,17.895734363851467,11,sub-HUP188,01,False
LI03-LI04,0.2662737418672996,True,0.25,1.0,18.49314570402036,12,sub-HUP188,01,True
LH07-LH08,0.24539159024692575,True,0.5,0.75,17.75296480432114,13,sub-HUP188,01,True
LB07-LB08,0.233742483652472,True,-0.5,0.5,14.204572163049104,14,sub-HUP188,01,False
LE08-LE09,0.22728469067395726,True,-4.75,-4.25,2.6308820836349462,15,sub-HUP188,01,False
LD06-LD07,0.21985113833737682,True,0.25,0.75,15.269020166825356,16,sub-HUP188,01,True
LB09-LB10,0.18706616977998186,True,-2.25,0.5,7.578696197009874,17,sub-HUP188,01,False
LC10-LC11,0.18441844416659628,True,0.25,0.75,12.80816176076895,18,sub-HUP188,01,False
LD07-LD08,0.1798208621496895,True,0.25,0.75,12.488852190367476,19,sub-HUP188,01,True
LD10-LD11,0.17865749829338992,True,0.25,1.0,12.408054672931224,20,sub-HUP188,01,True
LG09-LG10,0.17336749590060016,True,0.5,1.0,12.54234935206873,21,sub-HUP188,01,True
LC05-LC06,0.1642701253894076,True,0.25,0.75,11.408828156844567,22,sub-HUP188,01,False
LD11-LD12,0.16080479506023315,True,0.25,1.0,11.168155313023858,23,sub-HUP188,01,True
LH04-LH05,0.15421034629555153,True,0.0,0.5,10.263903419399625,24,sub-HUP188,01,False
LL05-LL06,0.14898636046439226,True,0.0,0.5,9.916206346386327,25,sub-HUP188,01,True
RA07-RA08,0.14879444904558356,True,-2.0,0.5,6.458760744799468,26,sub-HUP188,01,False
LJ03-LJ04,0.14838418624232882,True,0.0,0.5,9.876126947011489,27,sub-HUP188,01,False
LA06-LA07,0.14567979355836091,True,-1.25,0.75,7.588274465725384,28,sub-HUP188,01,False
LF06-LF07,0.14188268743027174,True,0.0,0.5,9.443401403678603,29,sub-HUP188,01,False
LL02-LL03,0.14146085355809188,True,-4.25,-2.0,2.4561717557270635,30,sub-HUP188,01,False
LA08-LA09,0.12895139295779504,True,0.25,1.0,8.955884579461607,31,sub-HUP188,01,False
LH08-LH09,0.128467463411421,True,0.25,0.75,8.92227488310621,32,sub-HUP188,01,True
LC02-LC03,0.12420775893357866,True,0.0,0.5,8.266996814798658,33,sub-HUP188,01,False
LE04-LE05,0.12355005608562354,True,-2.5,1.0,4.647907833465281,34,sub-HUP188,01,False
LA07-LA08,0.1212895163382103,True,0.25,0.75,8.423754750592407,35,sub-HUP188,01,False
LD08-LD09,0.12054051704774299,True,0.25,0.75,8.371735528142292,36,sub-HUP188,01,True
LJ04-LJ05,0.12032075846594258,True,0.25,0.75,8.356472936177932,37,sub-HUP188,01,False
LG02-LG03,0.11993753501527545,True,0.25,0.5,8.329857442435719,38,sub-HUP188,01,False
RA09-RA10,0.11900173348169013,True,-3.75,-3.25,2.754954833166445,39,sub-HUP188,01,False
LG11-LG12,0.11707803753307365,True,0.25,0.75,8.131260678039059,40,sub-HUP188,01,False
LD05-LD06,0.11685025176555597,True,0.25,0.75,8.115440584933122,41,sub-HUP188,01,False
LB04-LB05,0.11549935338970636,True,0.25,0.75,8.021618489217948,42,sub-HUP188,01,False
LA09-LA10,0.11211291145859736,True,0.25,0.75,7.786424573321378,43,sub-HUP188,01,False
LG08-LG09,0.11110304376856717,True,0.5,1.0,8.037799598965817,44,sub-HUP188,01,True
LD09-LD10,0.11103681409698095,True,0.25,0.75,7.711687856285262,45,sub-HUP188,01,True
LB10-LB11,0.10934067449695277,True,0.25,0.75,7.593888194412061,46,sub-HUP188,01,False
LF02-LF03,0.1065687356235648,True,-0.75,0.75,6.167810431848659,47,sub-HUP188,01,False
LK07-LK08,0.10311871194507785,True,0.5,1.0,7.460169527349284,48,sub-HUP188,01,False
LC03-LC04,0.09877701185518524,True,0.25,0.75,6.86022459306574,49,sub-HUP188,01,False
LF04-LF05,0.09751292313394819,True,-1.0,0.75,5.361508325824579,50,sub-HUP188,01,True
LL06-LL07,0.09701400867304387,True,0.25,1.0,6.737781146350517,51,sub-HUP188,01,False
LG10-LG11,0.0960489341111965,True,0.25,1.0,6.670755143852752,52,sub-HUP188,01,False
LJ08-LJ09,0.09561151278112127,True,0.25,0.75,6.640375518980994,53,sub-HUP188,01,False
LA05-LA06,0.09509750475776965,True,0.25,1.0,6.604676823337117,54,sub-HUP188,01,False
LB11-LB12,0.09068851729113915,True,0.25,1.0,6.298465452077566,55,sub-HUP188,01,False
LA04-LA05,0.09023642575151188,True,-1.0,1.25,4.961428007801674,56,sub-HUP188,01,False
LC01-LC02,0.08947807298613385,True,0.25,0.75,6.214398120683619,57,sub-HUP188,01,False
LJ07-LJ08,0.08931400448348896,True,0.25,0.75,6.203003295555257,58,sub-HUP188,01,False
LH06-LH07,0.0867960195580573,True,0.25,0.75,6.028125135283108,59,sub-HUP188,01,True
LH09-LH10,0.0867674805832242,True,0.5,1.0,6.277232350968453,60,sub-HUP188,01,True
LF03-LF04,0.08454469487266933,True,0.25,0.75,5.871766963643763,61,sub-HUP188,01,False
LF05-LF06,0.08240802462080843,True,0.5,0.75,5.961845551490616,62,sub-HUP188,01,True
LD02-LD03,0.08109851360897218,True,0.25,0.75,5.632424053655376,63,sub-HUP188,01,False
LL04-LL05,0.0805898579388374,True,0.25,1.0,5.597097087672877,64,sub-HUP188,01,True
LC11-LC12,0.07851453792164605,True,0.25,1.0,5.452962727329092,65,sub-HUP188,01,False
LF01-LF02,0.07527656867103424,True,0.5,1.0,5.445917167993399,66,sub-HUP188,01,False
LH05-LH06,0.07410611066448416,True,0.25,1.0,5.146790263530919,67,sub-HUP188,01,False
LE05-LE06,0.07288502088199408,True,-2.5,1.25,2.7419077759457187,68,sub-HUP188,01,False
LI07-LI08,0.07201869590120942,True,0.25,1.0,5.001815903343346,69,sub-HUP188,01,True
LJ02-LJ03,0.07078386796442189,True,0.0,0.5,4.711219460242657,70,sub-HUP188,01,False
LG01-LG02,0.0696329916650871,True,0.25,0.5,4.836124852712841,71,sub-HUP188,01,False
LC04-LC05,0.06861309143266361,True,0.25,0.75,4.765291117964893,72,sub-HUP188,01,False
LL03-LL04,0.06802148798395238,True,0.25,1.25,4.724203293460327,73,sub-HUP188,01,False
LK10-LK11,0.06690768450946531,True,0.25,0.75,4.646847825381171,74,sub-HUP188,01,False
LK06-LK07,0.06432463241875432,True,0.5,1.0,4.653594421194091,75,sub-HUP188,01,False
LI01-LI02,0.06403265465270892,True,0.5,2.75,4.632471158579295,76,sub-HUP188,01,True
LI02-LI03,0.06402422023472365,True,0.5,2.25,4.631860966822167,77,sub-HUP188,01,True
LE10-LE11,0.06392841927874045,True,0.25,1.25,4.439932995490905,78,sub-HUP188,01,False
LL08-LL09,0.060794131991696386,True,0.25,0.75,4.222251630925671,79,sub-HUP188,01,False
LJ06-LJ07,0.05488412078776266,True,0.25,0.75,3.811791712721617,80,sub-HUP188,01,False
LH03-LH04,0.054857160385945354,True,0.25,1.0,3.8099192688390553,81,sub-HUP188,01,False
LJ09-LJ10,0.050133107553766605,True,0.25,0.75,3.4818260940245827,82,sub-HUP188,01,False
RA08-RA09,0.04925982038716669,True,0.25,2.25,3.4211748758453906,83,sub-HUP188,01,False
LG03-LG04,0.04811404475239369,True,0.25,0.75,3.3415988890831168,84,sub-HUP188,01,False
LJ10-LJ11,0.04693530428914816,True,0.25,1.0,3.2597334412129784,85,sub-HUP188,01,False
LG07-LG08,0.04680618259059157,True,0.5,1.0,3.386214300658216,86,sub-HUP188,01,False
LD04-LD05,0.04666822788777731,True,0.25,0.75,3.2411845494971816,87,sub-HUP188,01,False
LL09-LL10,0.04591587436832561,True,0.25,1.0,3.188932370372862,88,sub-HUP188,01,False
RA06-RA07,0.04555180383694648,True,0.25,1.75,3.163647078116408,89,sub-HUP188,01,False
LE06-LE07,0.0454685736216661,True,0.25,1.25,3.157866603904557,90,sub-HUP188,01,False
LI08-LI09,0.044694537282410164,True,0.25,1.25,3.1041085175769902,91,sub-HUP188,01,False
LJ01-LJ02,0.042350028005023715,True,0.25,1.0,2.941278524025682,92,sub-HUP188,01,False
LJ05-LJ06,0.041644694311389,True,0.25,1.0,2.892291948500551,93,sub-HUP188,01,False
LH01-LH02,0.04125908797854864,True,0.25,1.0,2.865510959704579,94,sub-HUP188,01,False
LE11-LE12,0.04091970977845485,True,0.5,3.0,2.960354781388216,95,sub-HUP188,01,False
LK03-LK04,0.04083731420061142,True,0.5,2.75,2.9543938363044253,96,sub-HUP188,01,False
LE09-LE10,0.040786791281823574,True,0.25,1.0,2.832709183732178,97,sub-HUP188,01,False
LK11-LK12,0.03880433393828761,True,0.5,1.25,2.807316966194096,98,sub-HUP188,01,False
LD01-LD02,0.03673726382980122,True,0.25,1.0,2.5514628968189106,99,sub-HUP188,01,False
LH02-LH03,0.0364302382092805,True,0.25,1.0,2.530139466670148,100,sub-HUP188,01,False
LG06-LG07,0.03538259021357834,True,0.5,1.5,2.559769379689422,101,sub-HUP188,01,False
LH10-LH11,0.03384814881441732,True,0.5,1.75,2.448759527533577,102,sub-HUP188,01,False
RA05-RA06,0.03356447294001622,True,0.5,3.0,2.4282368689982534,103,sub-HUP188,01,False
RB02-RB03,0.03214667741168217,True,0.5,1.25,2.325665814754256,104,sub-HUP188,01,False
LD03-LD04,0.03038802874267328,True,0.25,1.25,2.110498163488759,105,sub-HUP188,01,False
RB07-RB08,0.00720580583742307,True,18.5,27.0,2.022672166900664,106,sub-HUP188,01,False
LA01-LA02,0.0,False,,,,107,sub-HUP188,01,False
LA02-LA03,0.0,False,,,,107,sub-HUP188,01,False
LA03-LA04,0.0,False,,,,107,sub-HUP188,01,False
LB01-LB02,0.0,False,,,,107,sub-HUP188,01,False
LB02-LB03,0.0,False,,,,107,sub-HUP188,01,False
LB03-LB04,0.0,False,,,,107,sub-HUP188,01,False
LE01-LE02,0.0,False,,,,107,sub-HUP188,01,False
LE02-LE03,0.0,False,,,,107,sub-HUP188,01,False
LE03-LE04,0.0,False,,,,107,sub-HUP188,01,False
LE07-LE08,0.0,False,,,,107,sub-HUP188,01,False
LF07-LF08,0.0,False,,,,107,sub-HUP188,01,False
LF08-LF09,0.0,False,,,,107,sub-HUP188,01,False
LF09-LF10,0.0,False,,,,107,sub-HUP188,01,False
LF10-LF11,0.0,False,,,,107,sub-HUP188,01,False
LG04-LG05,0.0,False,,,,107,sub-HUP188,01,False
LG05-LG06,0.0,False,,,,107,sub-HUP188,01,False
LH11-LH12,0.0,False,,,,107,sub-HUP188,01,False
LI09-LI10,0.0,False,,,,107,sub-HUP188,01,False
LI10-LI11,0.0,False,,,,107,sub-HUP188,01,False
LI11-LI12,0.0,False,,,,107,sub-HUP188,01,False
LJ11-LJ12,0.0,False,,,,107,sub-HUP188,01,False
LK01-LK02,0.0,False,,,,107,sub-HUP188,01,False
LK02-LK03,0.0,False,,,,107,sub-HUP188,01,False
LK04-LK05,0.0,False,,,,107,sub-HUP188,01,False
LK05-LK06,0.0,False,,,,107,sub-HUP188,01,False
LL01-LL02,0.0,False,,,,107,sub-HUP188,01,False
LL10-LL11,0.0,False,,,,107,sub-HUP188,01,False
LL11-LL12,0.0,False,,,,107,sub-HUP188,01,False
RA01-RA02,0.0,False,,,,107,sub-HUP188,01,False
RA02-RA03,0.0,False,,,,107,sub-HUP188,01,False
RA03-RA04,0.0,False,,,,107,sub-HUP188,01,False
RA04-RA05,0.0,False,,,,107,sub-HUP188,01,False
RB01-RB02,0.0,False,,,,107,sub-HUP188,01,False
RB03-RB04,0.0,False,,,,107,sub-HUP188,01,False
RB04-RB05,0.0,False,,,,107,sub-HUP188,01,False
RB05-RB06,0.0,False,,,,107,sub-HUP188,01,False
RB06-RB07,0.0,False,,,,107,sub-HUP188,01,False
RB08-RB09,0.0,False,,,,107,sub-HUP188,01,False
RB09-RB10,0.0,False,,,,107,sub-HUP188,01,False
LD11-LD12,1.0,True,-1.0,0.5,105.16835403264209,1,sub-HUP188,02,True
LF06-LF07,0.6705675513587079,True,-0.75,0.25,72.53741380535435,2,sub-HUP188,02,False
LD09-LD10,0.6686375608809239,True,-0.25,0.25,76.34689844129704,3,sub-HUP188,02,True
LC09-LC10,0.6632012722921,True,-0.25,0.25,75.72616787354117,4,sub-HUP188,02,False
LL05-LL06,0.5744281653530764,True,-1.75,0.5,55.233521975015684,5,sub-HUP188,02,True
LC05-LC06,0.5674816828972163,True,-1.5,0.25,56.270765132032615,6,sub-HUP188,02,False
LC08-LC09,0.38544253894640357,True,-0.5,0.0,42.852720674878995,7,sub-HUP188,02,False
LL07-LL08,0.38386280094291647,True,-1.75,0.25,36.90991446813829,8,sub-HUP188,02,False
LF05-LF06,0.30422357644691894,True,0.0,0.5,35.65122911202853,9,sub-HUP188,02,True
LK03-LK04,0.2742415450915968,True,0.0,0.5,32.137706979469186,10,sub-HUP188,02,False
LC06-LC07,0.27422784972377534,True,-1.5,0.25,27.192086351911023,11,sub-HUP188,02,False
LD06-LD07,0.27241989133910083,True,-0.25,0.5,31.105661713131685,12,sub-HUP188,02,True
LB10-LB11,0.26719663658839643,True,-2.25,0.25,24.086254691194018,13,sub-HUP188,02,False
LC10-LC11,0.26586647919292994,True,-0.25,0.25,30.357374867103335,14,sub-HUP188,02,False
LG10-LG11,0.25473505465187557,True,-0.75,0.75,27.555496881071537,15,sub-HUP188,02,False
LE10-LE11,0.23735167091541817,True,-1.25,0.5,24.248687855441233,16,sub-HUP188,02,False
LB05-LB06,0.23387885036944106,True,-0.25,0.25,26.704938342377904,17,sub-HUP188,02,False
LK02-LK03,0.23260392738244592,True,0.0,0.25,27.25829471969319,18,sub-HUP188,02,False
LK04-LK05,0.23159146014953988,True,-8.75,-4.0,2.783553448222095,19,sub-HUP188,02,False
LD08-LD09,0.222470936940274,True,-0.75,0.25,24.065385179768565,20,sub-HUP188,02,True
LD07-LD08,0.2185901936867364,True,-0.25,0.25,24.959236952942828,21,sub-HUP188,02,True
LB09-LB10,0.21778490424916355,True,-0.25,0.25,24.867286762730323,22,sub-HUP188,02,False
LC07-LC08,0.20842617319480897,True,-0.25,0.0,23.798680792696484,23,sub-HUP188,02,False
LB06-LB07,0.2066039279761612,True,-0.25,0.25,23.590611759811242,24,sub-HUP188,02,False
LK06-LK07,0.2041627929311562,True,-1.0,0.25,21.47146488727683,25,sub-HUP188,02,False
LG11-LG12,0.19886864951936378,True,-0.5,0.75,22.109813597997057,26,sub-HUP188,02,False
RA04-RA05,0.19654825653652822,True,-8.5,-5.25,2.952950946847451,27,sub-HUP188,02,False
LL04-LL05,0.19404170636806076,True,0.0,0.5,22.739280800690103,28,sub-HUP188,02,True
LL03-LL04,0.1940189614450695,True,0.0,0.5,22.736615377877815,29,sub-HUP188,02,False
RA03-RA04,0.18861946445790237,True,-8.5,-7.25,2.833828373650861,30,sub-HUP188,02,False
LA08-LA09,0.18746430822135676,True,0.0,0.25,21.968491333851752,31,sub-HUP188,02,False
LF04-LF05,0.18600437754637913,True,-0.75,0.5,20.120682064545075,32,sub-HUP188,02,True
LB11-LB12,0.17886107698379602,True,-1.75,0.5,17.19819434687224,33,sub-HUP188,02,False
LD10-LD11,0.17025244430304987,True,-0.75,0.25,18.416745604168277,34,sub-HUP188,02,True
LC04-LC05,0.16918531958493616,True,-0.25,0.25,19.31805086614005,35,sub-HUP188,02,False
LK10-LK11,0.16334417045829572,True,0.25,0.75,19.632728626201462,36,sub-HUP188,02,False
LD05-LD06,0.1453403379042765,True,0.0,0.5,17.03208458187687,37,sub-HUP188,02,False
LE06-LE07,0.14333936998935345,True,0.25,0.75,17.228303554121368,38,sub-HUP188,02,False
LB08-LB09,0.13607770852573145,True,-1.5,0.25,13.4932932761171,39,sub-HUP188,02,False
LF03-LF04,0.1342749164222788,True,0.0,0.75,15.735354456344686,40,sub-HUP188,02,False
LK05-LK06,0.132924584922656,True,-0.75,0.5,14.37887294412468,41,sub-HUP188,02,False
LE05-LE06,0.1313214320152899,True,-0.75,0.5,14.205454821522048,42,sub-HUP188,02,False
LK01-LK02,0.13111402353151672,True,0.0,0.5,15.364937022024625,43,sub-HUP188,02,False
RB01-RB02,0.12877160040614802,True,-8.0,-7.0,2.7085394521727384,44,sub-HUP188,02,False
LG09-LG10,0.12852595949617976,True,-1.0,0.75,13.516863610679248,45,sub-HUP188,02,True
LJ09-LJ10,0.12518443509857544,True,-0.75,0.75,13.541596446675381,46,sub-HUP188,02,False
LE07-LE08,0.12367179686702286,True,-0.75,0.5,13.377969582957315,47,sub-HUP188,02,False
LA06-LA07,0.12327641305884647,True,0.0,0.5,14.446466304155214,48,sub-HUP188,02,False
LL06-LL07,0.12098566997837565,True,-1.0,0.75,12.723863773162206,49,sub-HUP188,02,False
LL01-LL02,0.1166442882635517,True,0.0,0.5,13.66926355301382,50,sub-HUP188,02,False
LL02-LL03,0.11618752287444067,True,-6.75,-6.25,4.189457327943386,51,sub-HUP188,02,False
LK07-LK08,0.1155142349423089,True,-1.0,0.75,12.148441956222538,52,sub-HUP188,02,False
LJ03-LJ04,0.11281800344607461,True,0.0,0.5,13.220870439406621,53,sub-HUP188,02,False
LD01-LD02,0.11238163677268073,True,-0.75,0.5,12.156677241816421,54,sub-HUP188,02,False
LK11-LK12,0.10608564605829425,True,0.25,0.75,12.75068889421743,55,sub-HUP188,02,False
LE04-LE05,0.10369318178562796,True,-1.75,0.75,9.970506288276146,56,sub-HUP188,02,False
LE03-LE04,0.10292245307682027,True,-1.5,0.5,10.205660126914397,57,sub-HUP188,02,False
LA07-LA08,0.10289234083451701,True,0.0,0.25,12.05770591420396,58,sub-HUP188,02,False
LE11-LE12,0.10250758753423163,True,0.25,0.75,12.320633436379566,59,sub-HUP188,02,False
LA09-LA10,0.09923372267991809,True,-0.25,0.25,11.33078275981682,60,sub-HUP188,02,False
LC11-LC12,0.09740840240929612,True,0.0,0.5,11.415056361801769,61,sub-HUP188,02,False
LL08-LL09,0.09561326757633382,True,-0.5,0.75,10.630089401810505,62,sub-HUP188,02,False
LF07-LF08,0.09557003634362823,True,0.0,0.5,11.199622664767642,63,sub-HUP188,02,False
LI06-LI07,0.09444466651500823,True,-6.75,-5.0,3.4054594712726405,64,sub-HUP188,02,True
LD03-LD04,0.09213811293150634,True,-7.0,-3.25,3.045432871070925,65,sub-HUP188,02,False
LJ08-LJ09,0.09026938329230906,True,0.25,0.75,10.849694240450086,66,sub-HUP188,02,False
LA05-LA06,0.08943787837400352,True,-0.25,0.5,10.212265981631209,67,sub-HUP188,02,False
LC03-LC04,0.08241832576950249,True,-0.5,0.25,9.163102501207792,68,sub-HUP188,02,False
LJ01-LJ02,0.08130495997513337,True,0.0,0.25,9.527932679877436,69,sub-HUP188,02,False
LD04-LD05,0.08087597624807949,True,-7.0,-5.75,2.673186466592267,70,sub-HUP188,02,False
LE09-LE10,0.07910635113188826,True,-0.75,0.75,8.557184306128033,71,sub-HUP188,02,False
LJ02-LJ03,0.07764287113630139,True,0.0,0.5,9.098781298033163,72,sub-HUP188,02,False
LH01-LH02,0.0767491946268895,True,0.0,0.5,8.994053497639822,73,sub-HUP188,02,False
LL09-LL10,0.0766271606406406,True,-0.5,0.75,8.519252493557943,74,sub-HUP188,02,False
LJ04-LJ05,0.07470209644342443,True,0.0,0.5,8.754158985827505,75,sub-HUP188,02,False
LA04-LA05,0.07397981906799712,True,0.0,0.5,8.66951703764409,76,sub-HUP188,02,False
LD02-LD03,0.07117930445513418,True,0.0,0.5,8.341331466818742,77,sub-HUP188,02,False
LC01-LC02,0.06646444714476943,True,0.0,0.5,7.788808680236931,78,sub-HUP188,02,False
LJ10-LJ11,0.06524486289022806,True,0.25,0.75,7.841936959143652,79,sub-HUP188,02,False
LC02-LC03,0.06489944602785046,True,-1.5,0.25,6.43534689258622,80,sub-HUP188,02,False
LB04-LB05,0.06464895455450446,True,0.0,1.0,7.576055470762978,81,sub-HUP188,02,False
LH03-LH04,0.06348789566347272,True,0.0,0.5,7.439993772257661,82,sub-HUP188,02,False
LH07-LH08,0.06281164227719893,True,0.0,0.5,7.360745264652141,83,sub-HUP188,02,True
RA07-RA08,0.055810924993155896,True,0.0,0.5,6.54034804640596,84,sub-HUP188,02,False
LH02-LH03,0.0558026985963507,True,0.0,0.75,6.539384014753011,85,sub-HUP188,02,False
LI05-LI06,0.05558350196735904,True,0.0,1.0,6.51369688908039,86,sub-HUP188,02,True
LB07-LB08,0.05522885601718022,True,-0.25,0.25,6.306184558069707,87,sub-HUP188,02,False
LH05-LH06,0.051741693322075295,True,0.0,0.5,6.063484575435196,88,sub-HUP188,02,False
LI04-LI05,0.05074158399077172,True,-5.75,1.0,2.439501197402754,89,sub-HUP188,02,True
LH04-LH05,0.04908351165006582,True,0.25,0.75,5.89946529186221,90,sub-HUP188,02,False
RA08-RA09,0.04792910626099437,True,-0.25,0.5,5.47267880564361,91,sub-HUP188,02,False
LE02-LE03,0.04399348780628975,True,-1.5,1.0,4.362338546414454,92,sub-HUP188,02,False
LF02-LF03,0.04292162312265455,True,0.25,1.0,5.158853092821681,93,sub-HUP188,02,False
LG08-LG09,0.04013160324390626,True,0.25,1.0,4.823513894688755,94,sub-HUP188,02,True
LI08-LI09,0.039982540320048957,True,-1.75,0.75,3.8444781307458697,95,sub-HUP188,02,False
LG02-LG03,0.03851425322711886,True,0.25,0.75,4.629120707077101,96,sub-HUP188,02,False
LG01-LG02,0.038315636041702975,True,0.25,0.75,4.605248429965348,97,sub-HUP188,02,False
LF08-LF09,0.03738561767717667,True,0.25,1.5,4.49346728640265,98,sub-HUP188,02,False
LA03-LA04,0.036785962046511196,True,0.25,1.5,4.421393234215799,99,sub-HUP188,02,False
LL10-LL11,0.034910443223929534,True,-0.5,1.0,3.8812723582627107,100,sub-HUP188,02,False
LI07-LI08,0.03456224218016383,True,0.25,1.0,4.154118996303297,101,sub-HUP188,02,True
LJ07-LJ08,0.03394959876546576,True,-1.75,0.75,3.2643871288984245,102,sub-HUP188,02,False
LJ05-LJ06,0.03192024750348154,True,0.0,0.5,3.7406570205706435,103,sub-HUP188,02,False
LH08-LH09,0.031860173390047146,True,0.25,0.75,3.829350851000961,104,sub-HUP188,02,True
LI03-LI04,0.03157765221459625,True,0.0,1.0,3.7005091027813664,105,sub-HUP188,02,True
LE08-LE09,0.0314745519368428,True,-4.5,0.5,1.9860760926675987,106,sub-HUP188,02,False
LJ06-LJ07,0.030758817474343895,True,0.0,0.5,3.60455182928347,107,sub-HUP188,02,False
LF01-LF02,0.030204045002805813,True,0.25,0.75,3.630296797797641,108,sub-HUP188,02,False
LH06-LH07,0.028811459960246765,True,0.0,0.5,3.3763456865875554,109,sub-HUP188,02,True
LH09-LH10,0.027515454460771874,True,0.25,1.0,3.3071486355422826,110,sub-HUP188,02,True
LE01-LE02,0.02613678802094883,True,1.0,2.0,3.3770516560605834,111,sub-HUP188,02,False
LG03-LG04,0.02549683015615625,True,-0.5,0.75,2.83468592689123,112,sub-HUP188,02,False
LB03-LB04,0.024241568486438804,True,0.5,1.5,2.9864937180691933,113,sub-HUP188,02,False
LI09-LI10,0.023834860621805367,True,-0.5,1.75,2.649911520775147,114,sub-HUP188,02,False
RA06-RA07,0.023021166959503604,True,0.25,3.0,2.7669694137618714,115,sub-HUP188,02,False
RA09-RA10,0.02285011816602792,True,0.0,2.0,2.6777503817693913,116,sub-HUP188,02,False
LG07-LG08,0.022346801358458443,True,0.25,1.5,2.6859157905868396,117,sub-HUP188,02,False
RB05-RB06,0.021902542232800144,True,0.25,2.75,2.632519218004595,118,sub-HUP188,02,False
LJ11-LJ12,0.02063500211805885,True,0.5,1.25,2.5421747867677036,119,sub-HUP188,02,False
RB04-RB05,0.02012347423950868,True,0.25,2.0,2.418688757928459,120,sub-HUP188,02,False
LG05-LG06,0.020093006994292884,True,0.25,1.5,2.4150268264641688,121,sub-HUP188,02,False
RB08-RB09,0.01945263544732302,True,0.0,2.25,2.279607554631075,122,sub-HUP188,02,False
LG04-LG05,0.01910160992825942,True,0.0,1.25,2.238471718446174,123,sub-HUP188,02,False
LI10-LI11,0.018660746123763297,True,5.5,7.25,3.4203919213225347,124,sub-HUP188,02,False
LA02-LA03,0.018510038445357882,True,1.0,2.25,2.391623482408748,125,sub-HUP188,02,False
LG06-LG07,0.017486634977348182,True,0.25,2.0,2.1017607064426693,126,sub-HUP188,02,False
LB02-LB03,0.017193274150610286,True,0.75,1.5,2.1698260114219874,127,sub-HUP188,02,False
RB09-RB10,0.015561165821185031,True,0.5,1.75,1.9170922870275575,128,sub-HUP188,02,False
LH10-LH11,0.011863118053678316,True,5.25,7.75,2.1387850275433182,129,sub-HUP188,02,False
RB02-RB03,0.008781484195034921,True,17.25,18.0,2.8497627938740635,130,sub-HUP188,02,False
RB03-RB04,0.005058519977172595,True,16.5,26.25,1.5959886595214399,131,sub-HUP188,02,False
RA05-RA06,0.004640459662583806,True,20.0,26.0,1.6593003158739488,132,sub-HUP188,02,False
RA02-RA03,0.00461394252770538,True,28.0,29.0,2.093467197921069,133,sub-HUP188,02,False
LA01-LA02,0.0,False,,,,134,sub-HUP188,02,False
LB01-LB02,0.0,False,,,,134,sub-HUP188,02,False
LF09-LF10,0.0,False,,,,134,sub-HUP188,02,False
LF10-LF11,0.0,False,,,,134,sub-HUP188,02,False
LH11-LH12,0.0,False,,,,134,sub-HUP188,02,False
LI01-LI02,0.0,False,,,,134,sub-HUP188,02,True
LI02-LI03,0.0,False,,,,134,sub-HUP188,02,True
LI11-LI12,0.0,False,,,,134,sub-HUP188,02,False
LL11-LL12,0.0,False,,,,134,sub-HUP188,02,False
RA01-RA02,0.0,False,,,,134,sub-HUP188,02,False
RB06-RB07,0.0,False,,,,134,sub-HUP188,02,False
RB07-RB08,0.0,False,,,,134,sub-HUP188,02,False
LG11-LG12,1.0,True,1.25,1.75,28.121441394543012,1,sub-HUP188,03,False
LI06-LI07,0.7755309870584479,True,1.0,1.75,21.277121172893892,2,sub-HUP188,03,True
LL03-LL04,0.7423230952038643,True,-8.0,-1.5,2.0366044309845117,3,sub-HUP188,03,False
LF04-LF05,0.5502459133886768,True,1.0,2.25,15.09630068872826,4,sub-HUP188,03,True
LK02-LK03,0.4831108134814295,True,2.5,4.0,15.242573944045096,5,sub-HUP188,03,False
LI05-LI06,0.4808921928110359,True,-6.75,-4.75,2.968547184269742,6,sub-HUP188,03,True
LG10-LG11,0.45533834864781697,True,-6.75,-3.75,2.810803321358249,7,sub-HUP188,03,False
LG09-LG10,0.43109578808277776,True,1.75,3.75,12.714402498053154,8,sub-HUP188,03,True
LL05-LL06,0.422558604134875,True,-4.25,-2.75,5.5067361808984625,9,sub-HUP188,03,True
LI01-LI02,0.42215620936372605,True,4.0,4.75,15.056715542686623,10,sub-HUP188,03,True
LI07-LI08,0.41468827404876707,True,0.25,2.75,10.523911800967415,11,sub-HUP188,03,True
LI03-LI04,0.40330340032166795,True,1.5,2.5,11.618094227496575,12,sub-HUP188,03,True
LJ08-LJ09,0.3807510320687231,True,1.5,3.5,10.968420708238032,13,sub-HUP188,03,False
LI04-LI05,0.376470877032047,True,-6.75,2.0,2.323954471875129,14,sub-HUP188,03,True
LE08-LE09,0.35428856934965086,True,1.25,2.25,9.963105239722696,15,sub-HUP188,03,False
LG08-LG09,0.31415428570770476,True,0.25,1.75,7.972571691995816,16,sub-HUP188,03,True
LK07-LK08,0.31382826285606746,True,0.25,2.0,7.964297921189053,17,sub-HUP188,03,False
LK01-LK02,0.30934439152382637,True,2.75,4.0,9.972265324816805,18,sub-HUP188,03,False
LJ09-LJ10,0.3050686756349904,True,1.5,3.25,8.788214075452924,19,sub-HUP188,03,False
LL08-LL09,0.3042544944105151,True,1.5,3.75,8.76475968806946,20,sub-HUP188,03,False
LE04-LE05,0.30373886260784483,True,1.25,4.0,8.54157462407166,21,sub-HUP188,03,False
LD07-LD08,0.3032708906243515,True,2.5,4.75,9.568465135578633,22,sub-HUP188,03,True
LK11-LK12,0.3030486320890877,True,1.5,4.0,8.730022013989455,23,sub-HUP188,03,False
LG01-LG02,0.302459280266501,True,2.0,4.0,9.12795123578056,24,sub-HUP188,03,False
LD03-LD04,0.2961693451707995,True,2.5,3.5,9.344405088334577,25,sub-HUP188,03,False
LI02-LI03,0.2826819188732014,True,1.75,4.5,8.33719974732334,26,sub-HUP188,03,True
LE03-LE04,0.28218719615622256,True,1.5,4.5,8.129059740436592,27,sub-HUP188,03,False
LE09-LE10,0.27958581690360956,True,1.5,3.75,8.054120949307613,28,sub-HUP188,03,False
LK03-LK04,0.2771994485434705,True,1.75,4.25,8.175504049098498,29,sub-HUP188,03,False
LH06-LH07,0.27364846383992725,True,0.25,2.0,6.944619556768433,30,sub-HUP188,03,True
LF03-LF04,0.2692016786275038,True,1.25,2.25,7.570339228835951,31,sub-HUP188,03,False
RA05-RA06,0.2612825707567367,True,-4.5,-1.75,3.2257942687102434,32,sub-HUP188,03,False
LE10-LE11,0.26084687318081234,True,1.25,2.25,7.335390057104009,33,sub-HUP188,03,False
LB11-LB12,0.25857993509213184,True,1.5,3.5,7.448997575632222,34,sub-HUP188,03,False
LL04-LL05,0.2564807470405182,True,-5.0,-1.75,2.814676408479432,35,sub-HUP188,03,True
LG02-LG03,0.2564277888848133,True,2.0,3.5,7.738761893426516,36,sub-HUP188,03,False
LC06-LC07,0.2514015456288438,True,1.75,3.25,7.4146408480892605,37,sub-HUP188,03,False
LK05-LK06,0.2500808756222501,True,3.75,4.5,8.747911440806401,38,sub-HUP188,03,False
LI08-LI09,0.24865262206802682,True,0.25,3.75,6.3102779303942045,39,sub-HUP188,03,False
LK06-LK07,0.24731129186585846,True,1.5,4.25,7.124378049205058,40,sub-HUP188,03,False
LK10-LK11,0.2449809424517417,True,0.25,2.75,6.217098463162269,41,sub-HUP188,03,False
LL09-LL10,0.24128741059594522,True,1.5,3.25,6.9508461123225915,42,sub-HUP188,03,False
LL06-LL07,0.2404477910830186,True,-4.5,-1.75,2.9685681067558964,43,sub-HUP188,03,False
LH04-LH05,0.23993733644376447,True,0.25,3.75,6.08910240417426,44,sub-HUP188,03,False
LJ10-LJ11,0.23295397835519777,True,1.75,3.75,6.8705627060360355,45,sub-HUP188,03,False
LB05-LB06,0.2329207207079231,True,-5.0,-2.75,2.5561234719853974,46,sub-HUP188,03,False
LH05-LH06,0.23109917111210304,True,1.25,4.25,6.498841796756473,47,sub-HUP188,03,False
LJ01-LJ02,0.22540778870285993,True,1.75,4.25,6.648001281826426,48,sub-HUP188,03,False
LA05-LA06,0.22264689020540396,True,2.75,3.75,7.177417544040499,49,sub-HUP188,03,False
LI09-LI10,0.21924525058141078,True,0.5,4.25,5.714358870238232,50,sub-HUP188,03,False
LB10-LB11,0.2181281525115001,True,1.5,5.25,6.2836897172875075,51,sub-HUP188,03,False
LA08-LA09,0.21013197915558887,True,3.25,4.0,7.062231529517514,52,sub-HUP188,03,False
LC09-LC10,0.21013098785282266,True,2.75,3.0,6.773945224970424,53,sub-HUP188,03,False
LC04-LC05,0.20631625347457797,True,2.75,3.5,6.650970493874882,54,sub-HUP188,03,False
LC05-LC06,0.20553899056065478,True,2.5,3.5,6.484937150191932,55,sub-HUP188,03,False
LL01-LL02,0.2039705926345508,True,1.0,4.0,5.596045919007539,56,sub-HUP188,03,False
LE05-LE06,0.19702625072793914,True,1.25,4.5,5.5406621630322785,57,sub-HUP188,03,False
LD09-LD10,0.19513467870483336,True,1.25,3.0,5.487468431240951,58,sub-HUP188,03,True
LJ03-LJ04,0.1935894758394272,True,1.75,5.0,5.709576811585522,59,sub-HUP188,03,False
LE07-LE08,0.1910286062326507,True,1.5,3.75,5.5030241391174215,60,sub-HUP188,03,False
LD08-LD09,0.19058003409454594,True,1.5,5.0,5.49010197341246,61,sub-HUP188,03,True
LA02-LA03,0.18927610157316335,True,2.75,4.75,6.101650963305667,62,sub-HUP188,03,False
RA09-RA10,0.1882104216101477,True,2.75,3.75,6.067296878881561,63,sub-HUP188,03,False
RA01-RA02,0.18465349692329958,True,2.5,4.5,5.825981332516974,64,sub-HUP188,03,False
LH07-LH08,0.18377398499924827,True,-3.0,-0.5,3.0251644969744316,65,sub-HUP188,03,True
LJ02-LJ03,0.17833988769019338,True,2.75,4.75,5.749102704865618,66,sub-HUP188,03,False
RA07-RA08,0.17799268299950555,True,3.75,5.0,6.226242706951987,67,sub-HUP188,03,False
LF06-LF07,0.1747723161826027,True,-3.25,-2.75,2.757110665344021,68,sub-HUP188,03,False
LF05-LF06,0.17405082116278428,True,-3.25,-2.75,2.745728761976353,69,sub-HUP188,03,True
LD05-LD06,0.17388028646966427,True,1.75,5.0,5.1282893727265755,70,sub-HUP188,03,False
LK04-LK05,0.1735784952703929,True,2.75,5.0,5.5956107721626305,71,sub-HUP188,03,False
LJ06-LJ07,0.17271543432293204,True,3.0,5.0,5.686252055701904,72,sub-HUP188,03,False
LD01-LD02,0.17181934554564632,True,-3.25,-1.25,2.7105262461669377,73,sub-HUP188,03,False
LH08-LH09,0.1694973788140912,True,-0.75,3.0,3.836459755122464,74,sub-HUP188,03,True
LD04-LD05,0.1688580367219452,True,1.5,3.25,4.864349222299962,75,sub-HUP188,03,False
LF02-LF03,0.16779594156752384,True,1.25,3.75,4.718663737033285,76,sub-HUP188,03,False
LL07-LL08,0.1664785499642037,True,0.0,1.25,4.110687909892848,77,sub-HUP188,03,False
LJ07-LJ08,0.1664318984163109,True,3.0,5.0,5.47938131999628,78,sub-HUP188,03,False
LD02-LD03,0.16396147031539102,True,2.75,4.0,5.285588909428208,79,sub-HUP188,03,False
LA03-LA04,0.16136123444200207,True,3.5,4.75,5.533793289892532,80,sub-HUP188,03,False
LC07-LC08,0.15872741115886607,True,2.0,4.0,4.7902516582173105,81,sub-HUP188,03,False
LA01-LA02,0.15729941546146609,True,2.75,3.5,5.070825750850929,82,sub-HUP188,03,False
LE02-LE03,0.15708700060781774,True,1.5,3.25,4.52525709805771,83,sub-HUP188,03,False
LC02-LC03,0.15590318380216114,True,2.75,3.75,5.025815746005163,84,sub-HUP188,03,False
LC10-LC11,0.15467584066689227,True,2.5,4.5,4.880159733400523,85,sub-HUP188,03,False
LB06-LB07,0.15457134029077488,True,4.0,5.0,5.5129751740896475,86,sub-HUP188,03,False
RA03-RA04,0.154365706204853,True,3.75,6.25,5.399763272651657,87,sub-HUP188,03,False
LA04-LA05,0.1527996905370746,True,3.25,4.75,5.135376331331462,88,sub-HUP188,03,False
LJ05-LJ06,0.14949141970771818,True,2.75,3.75,4.819121154146063,89,sub-HUP188,03,False
LG03-LG04,0.14106096630305842,True,2.75,3.75,4.547350530648927,90,sub-HUP188,03,False
LE06-LE07,0.14096977520121248,True,1.25,4.5,3.9642732717228,91,sub-HUP188,03,False
LB03-LB04,0.14010575597836725,True,2.75,5.5,4.5165576310204525,92,sub-HUP188,03,False
LL02-LL03,0.13849417802969938,True,2.75,4.5,4.464605556452124,93,sub-HUP188,03,False
LH02-LH03,0.13765750289600737,True,0.25,4.0,3.4934564343351378,94,sub-HUP188,03,False
RB01-RB02,0.13645984938202058,True,2.75,4.0,4.399025363022413,95,sub-HUP188,03,False
LE11-LE12,0.13592923593749762,True,1.5,5.5,3.915758384714553,96,sub-HUP188,03,False
LJ04-LJ05,0.13566569582747456,True,2.75,5.0,4.373424414139623,97,sub-HUP188,03,False
LC03-LC04,0.13508402579280454,True,2.5,3.25,4.26202062621657,98,sub-HUP188,03,False
LB07-LB08,0.13203735238384004,True,1.75,5.0,3.8942065531456,99,sub-HUP188,03,False
LA09-LA10,0.13082663709250655,True,3.25,6.0,4.396893824006376,100,sub-HUP188,03,False
LG07-LG08,0.12964018050574733,True,1.0,4.5,3.5567499887515623,101,sub-HUP188,03,False
LH03-LH04,0.128121050974185,True,3.25,4.5,4.3059629925003,102,sub-HUP188,03,False
LH09-LH10,0.12761233597594254,True,-0.75,3.25,2.888419836662211,103,sub-HUP188,03,True
LG06-LG07,0.12758242778874013,True,3.0,5.0,4.200353287064864,104,sub-HUP188,03,False
LC08-LC09,0.1272385921057286,True,2.25,3.75,3.9272187194181334,105,sub-HUP188,03,False
LD10-LD11,0.12697578703468987,True,1.5,5.0,3.657833425661567,106,sub-HUP188,03,True
LA07-LA08,0.12435407396433772,True,3.5,4.75,4.264653418488768,107,sub-HUP188,03,False
RB09-RB10,0.12284910009631886,True,2.75,5.75,3.9602587104964884,108,sub-HUP188,03,False
LD06-LD07,0.12005414372478064,True,1.75,5.0,3.5407831555591196,109,sub-HUP188,03,True
LH01-LH02,0.11602009700931248,True,3.0,4.25,3.819690566208675,110,sub-HUP188,03,False
LL10-LL11,0.11525158860641689,True,1.75,5.0,3.3991403455805695,111,sub-HUP188,03,False
LF01-LF02,0.11494046902451804,True,2.5,4.25,3.626473573721377,112,sub-HUP188,03,False
RA02-RA03,0.11485513067732644,True,2.25,5.0,3.5450032238835534,113,sub-HUP188,03,False
LB04-LB05,0.11216100539783241,True,4.25,5.75,4.077288888354947,114,sub-HUP188,03,False
RA08-RA09,0.11184966148441029,True,4.25,6.0,4.0659708810479485,115,sub-HUP188,03,False
RA04-RA05,0.11057977766921506,True,-1.25,0.25,2.3512084110131526,116,sub-HUP188,03,False
RB02-RB03,0.11044071128146281,True,-1.25,-0.5,2.34825150453835,117,sub-HUP188,03,False
LB09-LB10,0.10949380996296049,True,3.5,6.25,3.7550289755349064,118,sub-HUP188,03,False
LF07-LF08,0.10632913157629344,True,1.75,5.0,3.1359883661629686,119,sub-HUP188,03,False
LE01-LE02,0.10000169650005332,True,4.25,5.0,3.63527238820731,120,sub-HUP188,03,False
RA06-RA07,0.09983010385655651,True,3.5,6.5,3.4236175792845076,121,sub-HUP188,03,False
LG05-LG06,0.09862240408589938,True,3.0,5.25,3.2469121834426056,122,sub-HUP188,03,False
LG04-LG05,0.09803420274728884,True,3.0,5.0,3.227547028938885,123,sub-HUP188,03,False
LD11-LD12,0.09533885715837348,True,4.5,6.0,3.5311602084610483,124,sub-HUP188,03,True
LB08-LB09,0.09240163194521545,True,4.5,6.25,3.422371272814769,125,sub-HUP188,03,False
RB06-RB07,0.09166058539534311,True,2.75,5.25,2.9548416019043513,126,sub-HUP188,03,False
LC11-LC12,0.0905318633703242,True,2.5,5.75,2.8563604523155606,127,sub-HUP188,03,False
RB08-RB09,0.08833496965167814,True,3.5,5.25,3.029398380668783,128,sub-HUP188,03,False
LC01-LC02,0.08797270068131008,True,1.75,5.75,2.5945981292866547,129,sub-HUP188,03,False
LJ11-LJ12,0.08660887617860683,True,2.5,6.25,2.7325867327409883,130,sub-HUP188,03,False
LB02-LB03,0.08460631121921887,True,3.25,7.75,2.843495602571385,131,sub-HUP188,03,False
LI10-LI11,0.0799963726805564,True,3.25,6.5,2.688562243890296,132,sub-HUP188,03,False
RB04-RB05,0.07471319403931996,True,4.5,7.0,2.767226980709665,133,sub-HUP188,03,False
LB01-LB02,0.031852497251938866,True,24.0,25.25,2.8838398484319963,134,sub-HUP188,03,False
LF08-LF09,0.030990663445551656,True,22.0,24.25,2.6357625269975324,135,sub-HUP188,03,False
LH11-LH12,0.020227471450360034,True,18.5,25.75,1.5261176054785386,136,sub-HUP188,03,False
LA06-LA07,0.0,False,,,,137,sub-HUP188,03,False
LF09-LF10,0.0,False,,,,137,sub-HUP188,03,False
LF10-LF11,0.0,False,,,,137,sub-HUP188,03,False
LH10-LH11,0.0,False,,,,137,sub-HUP188,03,False
LI11-LI12,0.0,False,,,,137,sub-HUP188,03,False
LL11-LL12,0.0,False,,,,137,sub-HUP188,03,False
RB03-RB04,0.0,False,,,,137,sub-HUP188,03,False
RB05-RB06,0.0,False,,,,137,sub-HUP188,03,False
RB07-RB08,0.0,False,,,,137,sub-HUP188,03,False
LA01-LA02,1.0,True,0.0,2.75,152.12005279662534,1,sub-HUP190,01,True
LA02-LA03,0.43045365277024106,True,0.0,2.0,65.4806323859093,2,sub-HUP190,01,True
LB01-LB02,0.4008327668614813,True,0.75,3.0,79.26711215486174,3,sub-HUP190,01,True
LA03-LA04,0.16871434879915717,True,2.5,3.0,51.32967129375211,4,sub-HUP190,01,True
LB03-LB04,0.11860264923250259,True,0.0,0.75,18.04184126306793,5,sub-HUP190,01,True
RH11-RH12,0.05673625105144768,True,24.5,25.25,93.21179225863116,6,sub-HUP190,01,False
LA04-LA05,0.04759243850956648,True,2.5,3.25,14.479528517590797,7,sub-HUP190,01,False
LC07-LC08,0.04651912985296954,True,1.0,1.75,9.907089485001515,8,sub-HUP190,01,False
LB02-LB03,0.04239340572888093,True,0.0,3.0,6.448887117706127,9,sub-HUP190,01,True
LB04-LB05,0.03751957036182868,True,0.25,1.25,6.278226926782886,10,sub-HUP190,01,True
LC08-LC09,0.03684122489025001,True,0.75,2.5,7.285575798016334,11,sub-HUP190,01,False
LB06-LB07,0.03528960639639777,True,-1.5,7.25,2.1473027152768625,12,sub-HUP190,01,False
LL03-LL04,0.03325737178651263,True,-1.5,5.5,2.0236452608165196,13,sub-HUP190,01,False
LA05-LA06,0.028924997861908785,True,4.25,6.5,11.880194945118765,14,sub-HUP190,01,False
LI07-LI08,0.02185274067361456,True,-1.25,0.0,1.6621200325106045,15,sub-HUP190,01,False
LL02-LL03,0.02124740854714378,True,-1.25,15.25,1.6160784549914902,16,sub-HUP190,01,False
LK09-LK10,0.020587248388436525,True,7.75,9.0,12.840106578323438,17,sub-HUP190,01,False
LB05-LB06,0.020156485924930575,True,0.25,4.25,3.3728262734043626,18,sub-HUP190,01,True
LH01-LH02,0.018736554303951755,True,2.0,5.0,5.130370133899161,19,sub-HUP190,01,False
LK10-LK11,0.018008495663308,True,1.5,3.75,4.383125297744338,20,sub-HUP190,01,False
LC03-LC04,0.01676517740753105,True,3.0,5.25,5.610703279232511,21,sub-HUP190,01,True
LC02-LC03,0.01581237174039122,True,2.5,3.0,4.810757647976358,22,sub-HUP190,01,True
RB03-RB04,0.015669332040482178,True,2.5,3.5,4.767239234572004,23,sub-HUP190,01,False
LJ07-LJ08,0.015625933277090193,True,2.0,3.0,4.278632031193509,24,sub-HUP190,01,False
LC01-LC02,0.015490965199312102,True,2.5,3.25,4.712972887980086,25,sub-HUP190,01,True
LJ08-LJ09,0.013902304385211822,True,2.0,4.5,3.806674698731721,26,sub-HUP190,01,False
RB11-RB12,0.01350197436794373,True,2.5,3.75,4.107842107420565,27,sub-HUP190,01,False
LK08-LK09,0.013269397652462699,True,8.5,10.0,8.881582474476986,28,sub-HUP190,01,False
RB04-RB05,0.013232289358523538,True,2.5,4.0,4.025793111677649,29,sub-HUP190,01,False
RC06-RC07,0.013216718344578096,True,2.75,3.75,4.222108573988228,30,sub-HUP190,01,False
RH05-RH06,0.01250742493219895,True,2.25,4.75,3.6149972679682714,31,sub-HUP190,01,False
RH01-RH02,0.012207225903288614,True,2.5,4.75,3.713927697817193,32,sub-HUP190,01,False
LK02-LK03,0.012116786624155253,True,1.0,5.5,2.580488709388717,33,sub-HUP190,01,False
RB07-RB08,0.012026055535331733,True,3.25,6.0,4.207629666830567,34,sub-HUP190,01,False
RH10-RH11,0.011479292142404958,True,24.75,25.5,19.033912741798765,35,sub-HUP190,01,False
RC02-RC03,0.01119078928642161,True,2.25,4.5,3.234452568464093,36,sub-HUP190,01,False
RB08-RB09,0.01107299464552298,True,2.5,4.5,3.3688490601874106,37,sub-HUP190,01,False
RC07-RC08,0.010704608022630731,True,3.0,3.75,3.582448182653485,38,sub-HUP190,01,False
LI08-LI09,0.010532172720619725,True,11.25,12.75,8.811850686781174,39,sub-HUP190,01,False
LI02-LI03,0.01049646923303409,True,1.5,3.25,2.5547575262516786,40,sub-HUP190,01,False
RH03-RH04,0.010481286436025705,True,2.75,6.0,3.348269076652045,41,sub-HUP190,01,False
LJ09-LJ10,0.01017910946884075,True,2.0,6.25,2.787204005680831,42,sub-HUP190,01,False
RB05-RB06,0.010137856154746685,True,3.0,4.75,3.39277666971025,43,sub-HUP190,01,False
LL04-LL05,0.00984937461676765,True,2.0,4.0,2.6969172960895857,44,sub-HUP190,01,False
LB07-LB08,0.009664900284435325,True,1.0,8.5,2.0583151981593892,45,sub-HUP190,01,False
RB06-RB07,0.009363697610173092,True,2.75,6.25,2.9912529671454475,46,sub-HUP190,01,False
RC04-RC05,0.009085438291626242,True,3.25,6.5,3.1787779109861303,47,sub-HUP190,01,False
RH04-RH05,0.008940830363664854,True,4.25,6.25,3.6722148848091947,48,sub-HUP190,01,False
RC08-RC09,0.00889597248728115,True,18.75,19.75,11.502674337761547,49,sub-HUP190,01,False
RH02-RH03,0.008867554838691807,True,2.0,7.5,2.4280792384297825,50,sub-HUP190,01,False
LI01-LI02,0.008601402444378296,True,1.5,5.75,2.093513270342158,51,sub-HUP190,01,False
RH06-RH07,0.007553139459927109,True,3.5,6.75,2.7575615362185264,52,sub-HUP190,01,False
LH07-LH08,0.0074949851429371595,True,7.25,9.75,4.446536389048741,53,sub-HUP190,01,False
LD01-LD02,0.007455728953400819,True,8.75,11.5,5.103746469128973,54,sub-HUP190,01,False
LG04-LG05,0.00734044957032348,True,2.0,11.0,2.0099332371394327,55,sub-HUP190,01,False
LK11-LK12,0.006907451384515374,True,2.75,10.5,2.206599925535463,56,sub-HUP190,01,False
LH03-LH04,0.006800930952903674,True,11.0,13.75,5.586613068358316,57,sub-HUP190,01,False
LB08-LB09,0.006580826826876775,True,2.25,7.5,1.9020438762648926,58,sub-HUP190,01,False
LH04-LH05,0.0065188988639940685,True,9.75,13.25,4.859110672896529,59,sub-HUP190,01,False
LD02-LD03,0.006511807916160273,True,1.5,9.0,1.5849225024124538,60,sub-HUP190,01,False
LH06-LH07,0.006019721021859853,True,7.0,9.75,3.47973706273185,61,sub-HUP190,01,False
LI09-LI10,0.005926505901242719,True,13.25,15.0,5.67970446075829,62,sub-HUP190,01,False
LB09-LB10,0.0058662738929129935,True,7.0,10.5,3.39103599837568,63,sub-HUP190,01,False
LD08-LD09,0.0058287874981512566,True,9.5,12.25,4.256042217403579,64,sub-HUP190,01,False
LL01-LL02,0.005828086011559759,True,4.0,8.25,2.3050787546325346,65,sub-HUP190,01,False
LA11-LA12,0.0057509889790209,True,8.0,9.75,3.6743311379101735,66,sub-HUP190,01,False
LG01-LG02,0.005724523926495642,True,5.25,8.25,2.6995261339955925,67,sub-HUP190,01,False
LG07-LG08,0.00568635381225161,True,8.5,10.75,3.8060371454160298,68,sub-HUP190,01,False
LD10-LD11,0.005596210021213006,True,3.5,11.0,2.043109833331023,69,sub-HUP190,01,False
LC06-LC07,0.005591351113038734,True,2.25,8.5,1.616057590387852,70,sub-HUP190,01,False
LD09-LD10,0.00537123066966329,True,3.5,10.75,1.9609725433248795,71,sub-HUP190,01,False
LK01-LK02,0.005360908731798409,True,3.75,22.25,2.0387542982976594,72,sub-HUP190,01,False
LH08-LH09,0.005235528132991507,True,7.25,10.75,3.106072382434653,73,sub-HUP190,01,False
LG05-LG06,0.005139192900901682,True,5.25,10.5,2.4235003157933384,74,sub-HUP190,01,False
RH08-RH09,0.005075432696047876,True,25.0,25.75,8.492825986573736,75,sub-HUP190,01,False
LD04-LD05,0.005027258163750803,True,12.75,16.0,4.6649553414814315,76,sub-HUP190,01,False
LG08-LG09,0.004832753821057078,True,8.5,11.0,3.2346985722141,77,sub-HUP190,01,False
LA10-LA11,0.004688609181914788,True,2.25,9.5,1.3551398049616779,78,sub-HUP190,01,False
LL11-LL12,0.004588009415570377,True,5.25,6.75,2.163577527036738,79,sub-HUP190,01,False
LD03-LD04,0.0045151881752883115,True,11.75,13.0,3.9150487825858717,80,sub-HUP190,01,False
LG03-LG04,0.004495585553326408,True,8.75,11.75,3.077409202756917,81,sub-HUP190,01,False
LD07-LD08,0.004389185591002615,True,9.75,13.0,3.2716474048037747,82,sub-HUP190,01,False
LC09-LC10,0.004215033029479465,True,5.75,11.5,2.115930455046988,83,sub-HUP190,01,False
LI06-LI07,0.0042144247062978,True,13.75,16.75,4.167140307391254,84,sub-HUP190,01,False
LL08-LL09,0.0039145644224180005,True,19.5,22.0,5.240256970203353,85,sub-HUP190,01,False
LC05-LC06,0.0037433962361894156,True,13.5,15.25,3.6444520517620638,86,sub-HUP190,01,False
LK03-LK04,0.0034609723012763655,True,9.0,13.75,2.4218231303099658,87,sub-HUP190,01,False
LJ10-LJ11,0.003340452812651804,True,23.75,26.5,5.3355735113648946,88,sub-HUP190,01,False
LL07-LL08,0.0032218600175142934,True,19.5,22.0,4.312963740514973,89,sub-HUP190,01,False
LI10-LI11,0.0029842928563492367,True,11.25,14.0,2.4968393277764074,90,sub-HUP190,01,False
LI04-LI05,0.0028823135082097265,True,16.5,19.5,3.3322783911442047,91,sub-HUP190,01,False
LL06-LL07,0.00284662727246689,True,20.75,23.75,4.027170546113785,92,sub-HUP190,01,False
LJ11-LJ12,0.002812367878435202,True,10.25,19.25,2.18186950577059,93,sub-HUP190,01,False
LD05-LD06,0.002784387316069796,True,11.5,16.25,2.3719424149500314,94,sub-HUP190,01,False
LK04-LK05,0.0027789195992811828,True,19.5,20.75,3.720018686210028,95,sub-HUP190,01,False
LL10-LL11,0.002729987745033298,True,16.0,19.5,3.0731155113236808,96,sub-HUP190,01,False
LI05-LI06,0.00265256537443386,True,13.75,17.25,2.622804501234964,97,sub-HUP190,01,False
LI03-LI04,0.0026023718084268815,True,15.75,18.0,2.8898724393287303,98,sub-HUP190,01,False
LJ02-LJ03,0.0025278089461269254,True,26.5,27.75,4.460552991997473,99,sub-HUP190,01,False
LD06-LD07,0.0024242165429715443,True,12.0,14.75,2.1388773013422466,100,sub-HUP190,01,False
LA07-LA08,0.002293324306561785,True,19.0,23.5,3.0002012855080813,101,sub-HUP190,01,False
LG06-LG07,0.002275475815210501,True,21.75,25.0,3.3576113611284755,102,sub-HUP190,01,False
LA06-LA07,0.002176539113292844,True,21.0,22.75,3.112295301383459,103,sub-HUP190,01,False
LK07-LK08,0.0021035605515277076,True,15.5,21.0,2.3039549435469113,104,sub-HUP190,01,False
LJ06-LJ07,0.002102814027828069,True,14.75,25.75,2.2071732484493625,105,sub-HUP190,01,False
LJ03-LJ04,0.0020367124291644284,True,19.0,21.25,2.6644932994019084,106,sub-HUP190,01,False
LL05-LL06,0.0019813346451898603,True,16.0,18.25,2.2303654081720774,107,sub-HUP190,01,False
LC04-LC05,0.0019767073305870797,True,18.5,21.5,2.5258533173360163,108,sub-HUP190,01,True
LL09-LL10,0.0018959848018656508,True,17.0,21.0,2.249655003658936,109,sub-HUP190,01,False
LH02-LH03,0.0018530906325772986,True,13.5,19.0,1.8041103671333794,110,sub-HUP190,01,False
LG02-LG03,0.0018261808784888923,True,26.25,28.75,3.1946854139970564,111,sub-HUP190,01,False
LK05-LK06,0.0018217458101360922,True,18.5,23.5,2.32784217808744,112,sub-HUP190,01,False
RC01-RC02,0.0018100131032710747,True,22.25,23.0,2.7258589594385776,113,sub-HUP190,01,False
LI11-LI12,0.001715959310804238,True,13.5,27.25,1.67060365412097,114,sub-HUP190,01,False
LJ04-LJ05,0.0016564367211934093,True,21.5,26.25,2.4189815182292196,115,sub-HUP190,01,False
LK06-LK07,0.001554934329952654,True,18.5,23.75,1.986908215888537,116,sub-HUP190,01,False
RH07-RH08,0.0015005186322012917,True,21.5,26.75,2.1912861461066933,117,sub-HUP190,01,False
LJ01-LJ02,0.001460665354632925,True,25.75,27.75,2.5108203467740706,118,sub-HUP190,01,False
LG09-LG10,0.0013138626673893296,True,22.75,25.0,2.0186350691408763,119,sub-HUP190,01,False
LH09-LH10,0.001289684471678428,True,26.25,28.0,2.256149004111169,120,sub-HUP190,01,False
LC10-LC11,0.0,False,,,,121,sub-HUP190,01,False
LC11-LC12,0.0,False,,,,121,sub-HUP190,01,False
LD11-LD12,0.0,False,,,,121,sub-HUP190,01,False
LG10-LG11,0.0,False,,,,121,sub-HUP190,01,False
LG11-LG12,0.0,False,,,,121,sub-HUP190,01,False
LH05-LH06,0.0,False,,,,121,sub-HUP190,01,False
LH10-LH11,0.0,False,,,,121,sub-HUP190,01,False
LH11-LH12,0.0,False,,,,121,sub-HUP190,01,False
LJ05-LJ06,0.0,False,,,,121,sub-HUP190,01,False
RC03-RC04,0.0,False,,,,121,sub-HUP190,01,False
RC05-RC06,0.0,False,,,,121,sub-HUP190,01,False
RH09-RH10,0.0,False,,,,121,sub-HUP190,01,False
RH11-RH12,1.0,True,28.5,29.75,954.1463638400573,1,sub-HUP190,02,False
LA02-LA03,0.4900335075179235,True,0.5,1.5,127.5173698249135,2,sub-HUP190,02,True
LB01-LB02,0.17449588726790188,True,2.5,3.25,54.05669361743933,3,sub-HUP190,02,True
LB04-LB05,0.16759985848348422,True,-8.25,-7.5,7.268854343278393,4,sub-HUP190,02,True
LB02-LB03,0.1510492718558952,True,-8.25,-7.75,6.551050613726851,5,sub-HUP190,02,True
LB03-LB04,0.1277262639767988,True,0.0,3.25,31.65442865982802,6,sub-HUP190,02,True
LB05-LB06,0.11328790871320138,True,-8.0,-6.25,5.615233567051712,7,sub-HUP190,02,True
LK05-LK06,0.10661987820097153,True,-9.0,-6.25,2.6423628337279683,8,sub-HUP190,02,False
LL07-LL08,0.10447080049841573,True,-7.75,-7.0,5.825479933813057,9,sub-HUP190,02,False
LL09-LL10,0.08004432915147888,True,-8.5,-7.0,2.9756106080220888,10,sub-HUP190,02,False
LA03-LA04,0.07814238548885064,True,-8.0,-6.25,3.87320898576493,11,sub-HUP190,02,True
LL08-LL09,0.07495626677981146,True,-8.0,-7.0,3.7152856828562277,12,sub-HUP190,02,False
LI04-LI05,0.06715361077301876,True,-7.75,-6.0,3.7446062457159557,13,sub-HUP190,02,False
LC02-LC03,0.06194830095920301,True,-8.25,-5.75,2.6867157321042314,14,sub-HUP190,02,True
LA01-LA02,0.05778915082414963,True,-7.0,-6.25,4.296569464540288,15,sub-HUP190,02,True
LC07-LC08,0.05738296906213104,True,1.75,2.5,16.709950065051984,16,sub-HUP190,02,False
LA04-LA05,0.05450235126538748,True,-8.0,-5.75,2.701465988602754,17,sub-HUP190,02,False
LI03-LI04,0.0515718480817202,True,-7.5,-6.75,3.1952656703691664,18,sub-HUP190,02,False
LC08-LC09,0.04777225711650963,True,1.75,3.25,13.91130581004577,19,sub-HUP190,02,False
LG06-LG07,0.047171170261520845,True,-8.0,-5.5,2.338088341979759,20,sub-HUP190,02,False
RH08-RH09,0.04462145685527727,True,-7.75,-7.0,2.4881727744764888,21,sub-HUP190,02,False
LK10-LK11,0.042102478432444475,True,-7.5,-6.75,2.6085666691539826,22,sub-HUP190,02,False
RH09-RH10,0.04188466278335014,True,-7.75,-7.0,2.335564209471458,23,sub-HUP190,02,False
LK09-LK10,0.04135248189147473,True,-7.25,-6.75,2.8183085880366026,24,sub-HUP190,02,False
LJ07-LJ08,0.03446537551169002,True,-6.75,-4.0,2.776007567514257,25,sub-HUP190,02,False
LK06-LK07,0.0328794502832226,True,-7.5,-6.75,2.0371303852465448,26,sub-HUP190,02,False
LA05-LA06,0.03125465027525185,True,5.0,7.0,11.618770485671766,27,sub-HUP190,02,False
RH02-RH03,0.03036740713102809,True,-7.25,-5.5,2.0696393638086485,28,sub-HUP190,02,False
RH01-RH02,0.030036282753824,True,-7.0,-5.5,2.233169608272701,29,sub-HUP190,02,False
LC01-LC02,0.024970333455720927,True,2.75,3.25,7.890214262358069,30,sub-HUP190,02,True
LB07-LB08,0.02318867904164332,True,1.75,3.25,6.752555247547998,31,sub-HUP190,02,False
LC06-LC07,0.02293410522721514,True,2.75,3.5,7.246799666455205,32,sub-HUP190,02,False
LH01-LH02,0.020713705757191215,True,3.25,5.5,6.801864107684894,33,sub-HUP190,02,False
LK08-LK09,0.017763819650512828,True,10.5,11.5,9.02494338993951,34,sub-HUP190,02,False
LB08-LB09,0.017124669200990292,True,2.75,3.5,5.411113528276131,35,sub-HUP190,02,False
LK02-LK03,0.01597335979405841,True,-3.5,4.5,2.573142872149706,36,sub-HUP190,02,False
RC08-RC09,0.015037828584680623,True,20.5,22.0,11.36682671833128,37,sub-HUP190,02,False
LC03-LC04,0.014709048943354033,True,0.5,1.25,3.8276142449581876,38,sub-HUP190,02,True
LL04-LL05,0.013645623308757173,True,1.75,3.5,3.9736125164411957,39,sub-HUP190,02,False
LB06-LB07,0.013114384474166739,True,1.75,3.0,3.818915494943213,40,sub-HUP190,02,False
LI02-LI03,0.013098732775066438,True,2.25,3.5,3.9766708062588902,41,sub-HUP190,02,False
RC06-RC07,0.012070503010533312,True,1.5,3.5,3.440150789819208,42,sub-HUP190,02,False
RC07-RC08,0.01114996933103118,True,2.5,4.0,3.4541242513414145,43,sub-HUP190,02,False
RC03-RC04,0.010864303119839356,True,2.5,4.0,3.365628349821725,44,sub-HUP190,02,False
LB09-LB10,0.010528685392366835,True,3.0,3.75,3.392124402100147,45,sub-HUP190,02,False
LC09-LC10,0.01038585985705308,True,3.0,3.75,3.346108972298052,46,sub-HUP190,02,False
RB07-RB08,0.01003168091392324,True,3.0,4.25,3.2319998512702943,47,sub-HUP190,02,False
RC02-RC03,0.009687996298485494,True,2.25,3.75,2.9411984130759583,48,sub-HUP190,02,False
LD08-LD09,0.009567805094095012,True,11.25,13.0,5.038781476877899,49,sub-HUP190,02,False
LH04-LH05,0.009332390567500754,True,12.5,15.5,5.203909008652263,50,sub-HUP190,02,False
LA07-LA08,0.009276397740436463,True,24.5,26.75,7.931452480213489,51,sub-HUP190,02,False
LG05-LG06,0.009175673816777386,True,2.0,6.0,2.7288111609539416,52,sub-HUP190,02,False
LL02-LL03,0.009117090117240465,True,2.0,3.25,2.7113885872728662,53,sub-HUP190,02,False
LC10-LC11,0.008960082827344607,True,3.0,3.75,2.8867531387640457,54,sub-HUP190,02,False
RH05-RH06,0.00884956820969207,True,6.5,8.5,3.6187642837852523,55,sub-HUP190,02,False
LL01-LL02,0.00884380852582789,True,2.0,3.5,2.630115661532378,56,sub-HUP190,02,False
LI08-LI09,0.008601160089824724,True,13.5,15.5,5.009324472105022,57,sub-HUP190,02,False
LD04-LD05,0.008479719663436795,True,15.25,16.5,5.306365337716731,58,sub-HUP190,02,False
RB04-RB05,0.008463747174925451,True,3.0,8.0,2.7268440698290077,59,sub-HUP190,02,False
LK01-LK02,0.008457319718350415,True,3.25,4.25,2.7771727625073632,60,sub-HUP190,02,False
LK11-LK12,0.008448033634137743,True,-0.5,0.0,1.9889941675144105,61,sub-HUP190,02,False
LI09-LI10,0.008421796830232413,True,6.25,7.25,3.391660671862264,62,sub-HUP190,02,False
LL03-LL04,0.008348954032450215,True,1.75,3.25,2.431219702602061,63,sub-HUP190,02,False
RB05-RB06,0.008332468876340282,True,1.25,5.25,2.323167335114765,64,sub-HUP190,02,False
LK03-LK04,0.008197010295780346,True,3.0,4.5,2.640906971039436,65,sub-HUP190,02,False
LD02-LD03,0.008077304953604609,True,9.5,12.0,3.903510583029295,66,sub-HUP190,02,False
LD03-LD04,0.007979827042989175,True,13.75,15.0,4.69690052550886,67,sub-HUP190,02,False
LD09-LD10,0.007954236644922074,True,3.25,12.5,2.611972834476714,68,sub-HUP190,02,False
LG04-LG05,0.007891333607577572,True,4.0,8.0,2.737995370006903,69,sub-HUP190,02,False
LC05-LC06,0.007692232515100014,True,3.0,4.0,2.4782780232008883,70,sub-HUP190,02,False
RB08-RB09,0.007564686270380745,True,2.5,5.25,2.343447369634608,71,sub-HUP190,02,False
LI01-LI02,0.007563641182942219,True,2.25,4.25,2.2962611420303,72,sub-HUP190,02,False
RB11-RB12,0.007404097964456431,True,2.5,8.75,2.293699074773271,73,sub-HUP190,02,False
LD10-LD11,0.007336621984705735,True,11.75,12.75,3.9546647629422873,74,sub-HUP190,02,False
LG01-LG02,0.007230014957739394,True,4.0,12.25,2.5085427208859157,75,sub-HUP190,02,False
LA10-LA11,0.007129046246920263,True,3.25,4.0,2.3410008985049906,76,sub-HUP190,02,False
LH07-LH08,0.007045936916694276,True,8.5,11.0,3.2304628349309086,77,sub-HUP190,02,False
LG03-LG04,0.006877851602919137,True,4.25,11.25,2.428968795996999,78,sub-HUP190,02,False
LC04-LC05,0.006663231737800902,True,5.75,10.75,2.600876591200799,79,sub-HUP190,02,True
LL11-LL12,0.006436597676922655,True,19.5,22.25,4.705791167107657,80,sub-HUP190,02,False
RH06-RH07,0.006406500506188732,True,1.75,8.5,1.865576238033863,81,sub-HUP190,02,False
RH04-RH05,0.006073418131640103,True,2.75,9.0,1.9191001373092118,82,sub-HUP190,02,False
LD01-LD02,0.005896313121235579,True,6.0,13.0,2.3380553661046637,83,sub-HUP190,02,False
LA11-LA12,0.005814654551465808,True,8.5,10.75,2.665937212972522,84,sub-HUP190,02,False
LL10-LL11,0.005796621576049094,True,19.0,22.0,4.166076274830595,85,sub-HUP190,02,False
LD06-LD07,0.005759605752957887,True,13.25,16.0,3.31871519759315,86,sub-HUP190,02,False
LD07-LD08,0.005707292028331735,True,9.75,14.25,2.7935179413005167,87,sub-HUP190,02,False
LI06-LI07,0.005584715400816983,True,16.25,20.5,3.6331608359802914,88,sub-HUP190,02,False
LD05-LD06,0.005380382022157367,True,10.5,13.5,2.733513631727098,89,sub-HUP190,02,False
LA06-LA07,0.005176037366260814,True,8.5,9.75,2.3731402284203487,90,sub-HUP190,02,False
LH08-LH09,0.005029509262881097,True,8.5,13.25,2.3059591568556077,91,sub-HUP190,02,False
LG07-LG08,0.004763020235521019,True,9.5,19.75,2.301819728651179,92,sub-HUP190,02,False
LJ11-LJ12,0.004561377062832252,True,26.0,27.5,4.069609563370754,93,sub-HUP190,02,False
LI07-LI08,0.004551514469083335,True,6.5,7.5,1.8612047059891175,94,sub-HUP190,02,False
LH06-LH07,0.004509344004583348,True,27.5,29.5,4.190819011633602,95,sub-HUP190,02,False
LH02-LH03,0.00400921605303179,True,20.5,24.0,3.0304949876599694,96,sub-HUP190,02,False
LK07-LK08,0.003963222890853073,True,17.75,24.25,2.7256228107393548,97,sub-HUP190,02,False
RC01-RC02,0.003577596574004295,True,25.25,29.0,3.1253938798348777,98,sub-HUP190,02,False
LL06-LL07,0.003554857805461,True,25.5,29.25,3.127554286785496,99,sub-HUP190,02,False
LH03-LH04,0.003504919544115109,True,15.75,18.5,2.236709367354847,100,sub-HUP190,02,False
LG08-LG09,0.0034942334717164105,True,25.5,28.0,3.0742171618532046,101,sub-HUP190,02,False
LL05-LL06,0.003242552115490296,True,17.5,21.25,2.2099066503978224,102,sub-HUP190,02,False
LI05-LI06,0.003203593373244931,True,16.0,22.25,2.0642628876856524,103,sub-HUP190,02,False
RC04-RC05,0.0029157959345363768,True,25.5,30.0,2.565309380431986,104,sub-HUP190,02,False
LI11-LI12,0.0028276456660875004,True,27.0,29.75,2.592871421543973,105,sub-HUP190,02,False
LC11-LC12,0.0,False,,,,106,sub-HUP190,02,False
LD11-LD12,0.0,False,,,,106,sub-HUP190,02,False
LG02-LG03,0.0,False,,,,106,sub-HUP190,02,False
LG09-LG10,0.0,False,,,,106,sub-HUP190,02,False
LG10-LG11,0.0,False,,,,106,sub-HUP190,02,False
LG11-LG12,0.0,False,,,,106,sub-HUP190,02,False
LH05-LH06,0.0,False,,,,106,sub-HUP190,02,False
LH09-LH10,0.0,False,,,,106,sub-HUP190,02,False
LH10-LH11,0.0,False,,,,106,sub-HUP190,02,False
LH11-LH12,0.0,False,,,,106,sub-HUP190,02,False
LI10-LI11,0.0,False,,,,106,sub-HUP190,02,False
LJ01-LJ02,0.0,False,,,,106,sub-HUP190,02,False
LJ02-LJ03,0.0,False,,,,106,sub-HUP190,02,False
LJ03-LJ04,0.0,False,,,,106,sub-HUP190,02,False
LJ04-LJ05,0.0,False,,,,106,sub-HUP190,02,False
LJ05-LJ06,0.0,False,,,,106,sub-HUP190,02,False
LJ06-LJ07,0.0,False,,,,106,sub-HUP190,02,False
LJ08-LJ09,0.0,False,,,,106,sub-HUP190,02,False
LJ09-LJ10,0.0,False,,,,106,sub-HUP190,02,False
LJ10-LJ11,0.0,False,,,,106,sub-HUP190,02,False
LK04-LK05,0.0,False,,,,106,sub-HUP190,02,False
RB03-RB04,0.0,False,,,,106,sub-HUP190,02,False
RB06-RB07,0.0,False,,,,106,sub-HUP190,02,False
RC05-RC06,0.0,False,,,,106,sub-HUP190,02,False
RH03-RH04,0.0,False,,,,106,sub-HUP190,02,False
RH07-RH08,0.0,False,,,,106,sub-HUP190,02,False
RH10-RH11,0.0,False,,,,106,sub-HUP190,02,False
LA01-LA02,1.0,True,-0.25,1.25,137.08741678226014,1,sub-HUP190,03,True
LA03-LA04,0.5577598902005559,True,0.75,1.5,85.72996708172718,2,sub-HUP190,03,True
LB02-LB03,0.5124918451268846,True,-0.25,1.25,70.25618317041874,3,sub-HUP190,03,True
LB03-LB04,0.4848753856200822,True,0.25,1.25,70.49881795935077,4,sub-HUP190,03,True
LA02-LA03,0.23681795435132155,True,-2.25,1.25,24.594516370971114,5,sub-HUP190,03,True
LB05-LB06,0.22564100902987205,True,0.25,1.25,32.807242626717354,6,sub-HUP190,03,True
LB01-LB02,0.21891373145370846,True,1.0,1.5,34.557335813329196,7,sub-HUP190,03,True
LD08-LD09,0.18200173489707672,True,-7.5,-6.75,3.024260325688482,8,sub-HUP190,03,False
LA04-LA05,0.17916890838064342,True,1.25,1.75,29.027585148072546,9,sub-HUP190,03,False
LD06-LD07,0.16143916065121205,True,-7.5,-6.75,2.6825790910510254,10,sub-HUP190,03,False
LC06-LC07,0.11652518703493364,True,-6.75,-4.0,3.388453277721859,11,sub-HUP190,03,False
LB04-LB05,0.10309559898676975,True,-0.25,1.5,14.13310934671606,12,sub-HUP190,03,True
LA05-LA06,0.09083166939345276,True,1.0,2.25,14.33852724025489,13,sub-HUP190,03,False
LC03-LC04,0.0659175199768384,True,1.0,3.25,10.405623524365955,14,sub-HUP190,03,True
LA07-LA08,0.0610707559052675,True,2.25,3.25,10.909011612839468,15,sub-HUP190,03,False
LB06-LB07,0.05020815396647029,True,2.25,2.75,8.968635258569218,16,sub-HUP190,03,False
LJ10-LJ11,0.04053830346957603,True,-3.75,-2.0,3.199652568612446,17,sub-HUP190,03,False
LA06-LA07,0.0352615473378,True,2.25,3.5,6.298736992734197,18,sub-HUP190,03,False
LB07-LB08,0.03524853428609536,True,2.25,3.5,6.29641248356348,19,sub-HUP190,03,False
LC02-LC03,0.033359319946414084,True,1.0,1.75,5.266043451167866,20,sub-HUP190,03,True
LB08-LB09,0.029093977014416017,True,2.5,3.5,5.317890870438327,21,sub-HUP190,03,False
LB09-LB10,0.028751321528227177,True,2.75,5.5,5.374696905519338,22,sub-HUP190,03,False
LH01-LH02,0.021704856340339404,True,1.25,3.75,3.51645590320486,23,sub-HUP190,03,False
RH08-RH09,0.02056105783922997,True,-0.5,3.75,2.733248296233383,24,sub-HUP190,03,False
LA10-LA11,0.020516568801868973,True,2.25,6.0,3.66485536321819,25,sub-HUP190,03,False
LI02-LI03,0.020472413441946242,True,1.5,3.5,3.401830635217975,26,sub-HUP190,03,False
LA11-LA12,0.01934917156043688,True,2.25,6.0,3.4563242933992067,27,sub-HUP190,03,False
RB07-RB08,0.018774047302062457,True,8.5,12.25,5.303352242689811,28,sub-HUP190,03,False
LH07-LH08,0.017826976190390083,True,5.0,7.5,3.999034006329982,29,sub-HUP190,03,False
LJ01-LJ02,0.017767082206380257,True,2.0,6.0,3.099909786184563,30,sub-HUP190,03,False
LH08-LH09,0.017624000235288474,True,5.0,7.5,3.9535014528419596,31,sub-HUP190,03,False
LK03-LK04,0.017220604468613534,True,4.0,6.75,3.576860881865568,32,sub-HUP190,03,False
LK02-LK03,0.016959385109187652,True,2.0,5.75,2.9589869206978996,33,sub-HUP190,03,False
LG04-LG05,0.016858684746741334,True,1.75,4.5,2.8713834919202332,34,sub-HUP190,03,False
LH06-LH07,0.016600371506199346,True,5.0,6.75,3.723876077581154,35,sub-HUP190,03,False
LC07-LC08,0.016574528413443142,True,5.25,7.25,3.786932140971822,36,sub-HUP190,03,False
RH10-RH11,0.01657111041982626,True,2.5,5.75,3.028920960890102,37,sub-HUP190,03,False
LI09-LI10,0.016421571269422754,True,7.0,7.5,4.229509959379352,38,sub-HUP190,03,False
LC08-LC09,0.016144037321555345,True,5.75,7.0,3.82270391673818,39,sub-HUP190,03,False
RB08-RB09,0.016085824030234903,True,8.25,11.25,4.477151279665661,40,sub-HUP190,03,False
LL02-LL03,0.015844359326877864,True,2.75,6.25,2.9619031236703592,41,sub-HUP190,03,False
RC02-RC03,0.015155159166858804,True,1.5,4.25,2.5182807528589857,42,sub-HUP190,03,False
LC01-LC02,0.015056193538407397,True,1.25,3.5,2.439290074891123,43,sub-HUP190,03,True
LC04-LC05,0.01485429642455879,True,2.25,3.5,2.6534089810094326,44,sub-HUP190,03,True
LJ02-LJ03,0.01480906828402201,True,4.0,8.5,3.0759650242555687,45,sub-HUP190,03,False
RB05-RB06,0.014807814687189882,True,11.75,12.25,4.982641519886032,46,sub-HUP190,03,False
RH07-RH08,0.014778934759556042,True,3.0,4.0,2.8241295603978838,47,sub-HUP190,03,False
LL01-LL02,0.01473082655227014,True,2.5,6.75,2.692547945490988,48,sub-HUP190,03,False
LD03-LD04,0.0145226067685213,True,5.0,8.75,3.257781785740066,49,sub-HUP190,03,False
LI11-LI12,0.014411703142094475,True,1.5,6.75,2.3947432184030464,50,sub-HUP190,03,False
LI01-LI02,0.01434320075175837,True,1.25,7.25,2.3237764011657314,51,sub-HUP190,03,False
LI03-LI04,0.01412272260398314,True,3.0,9.25,2.6987329620234606,52,sub-HUP190,03,False
LK11-LK12,0.014081964112364185,True,2.25,3.25,2.5154479874404077,53,sub-HUP190,03,False
LL06-LL07,0.013686981420836263,True,3.75,7.5,2.7860404060585564,54,sub-HUP190,03,False
LI07-LI08,0.01362167272595698,True,-0.5,7.5,1.810773261822846,55,sub-HUP190,03,False
LD04-LD05,0.013003444949846933,True,8.5,9.75,3.6732542444317966,56,sub-HUP190,03,False
RH11-RH12,0.01285911744411425,True,1.0,6.75,2.029917615621401,57,sub-HUP190,03,False
LI06-LI07,0.012818946465623772,True,2.75,7.25,2.3963403502397,58,sub-HUP190,03,False
RB06-RB07,0.012688687945548068,True,11.5,13.5,4.21687140075488,59,sub-HUP190,03,False
RC05-RC06,0.012504692403005493,True,11.5,14.0,4.1557235859024875,60,sub-HUP190,03,False
LL03-LL04,0.01249709426130785,True,2.25,7.0,2.2323441785268283,61,sub-HUP190,03,False
RH09-RH10,0.012410745517216822,True,3.0,6.25,2.3715886058083147,62,sub-HUP190,03,False
LI10-LI11,0.012286923757386197,True,5.5,9.5,2.858346294958688,63,sub-HUP190,03,False
LD07-LD08,0.012186220399655069,True,7.0,9.5,3.1386607104707784,64,sub-HUP190,03,False
LL07-LL08,0.012171491830727462,True,2.25,8.0,2.174182122994389,65,sub-HUP190,03,False
LG08-LG09,0.012145617925576325,True,3.25,9.0,2.371379853701632,66,sub-HUP190,03,False
RC04-RC05,0.011986674344690704,True,10.0,13.75,3.6848013456837614,67,sub-HUP190,03,False
LC09-LC10,0.011729713205396518,True,5.25,8.5,2.679993471540955,68,sub-HUP190,03,False
LD02-LD03,0.011109364503235535,True,5.5,7.5,2.5844069267606478,69,sub-HUP190,03,False
LC10-LC11,0.010988522905031268,True,5.25,8.75,2.510647032172389,70,sub-HUP190,03,False
LD05-LD06,0.010777968097900367,True,7.75,8.75,2.9102741607781857,71,sub-HUP190,03,False
RB03-RB04,0.010163429556664457,True,2.75,3.75,1.8999249594158207,72,sub-HUP190,03,False
RC07-RC08,0.009985902779868694,True,8.25,9.5,2.7793663119447367,73,sub-HUP190,03,False
RH04-RH05,0.009029953649266039,True,12.75,13.75,3.1885123228036685,74,sub-HUP190,03,False
LH04-LH05,0.007681318240655236,True,10.0,12.0,2.361299804755977,75,sub-HUP190,03,False
LH03-LH04,0.006862367805728214,True,19.0,21.25,3.1358142516567584,76,sub-HUP190,03,False
LK10-LK11,0.006625979079414098,True,22.0,24.0,3.358099375433987,77,sub-HUP190,03,False
LC05-LC06,0.0,False,,,,78,sub-HUP190,03,False
LC11-LC12,0.0,False,,,,78,sub-HUP190,03,False
LD01-LD02,0.0,False,,,,78,sub-HUP190,03,False
LD09-LD10,0.0,False,,,,78,sub-HUP190,03,False
LD10-LD11,0.0,False,,,,78,sub-HUP190,03,False
LD11-LD12,0.0,False,,,,78,sub-HUP190,03,False
LG01-LG02,0.0,False,,,,78,sub-HUP190,03,False
LG02-LG03,0.0,False,,,,78,sub-HUP190,03,False
LG03-LG04,0.0,False,,,,78,sub-HUP190,03,False
LG05-LG06,0.0,False,,,,78,sub-HUP190,03,False
LG06-LG07,0.0,False,,,,78,sub-HUP190,03,False
LG07-LG08,0.0,False,,,,78,sub-HUP190,03,False
LG09-LG10,0.0,False,,,,78,sub-HUP190,03,False
LG10-LG11,0.0,False,,,,78,sub-HUP190,03,False
LG11-LG12,0.0,False,,,,78,sub-HUP190,03,False
LH02-LH03,0.0,False,,,,78,sub-HUP190,03,False
LH05-LH06,0.0,False,,,,78,sub-HUP190,03,False
LH09-LH10,0.0,False,,,,78,sub-HUP190,03,False
LH10-LH11,0.0,False,,,,78,sub-HUP190,03,False
LH11-LH12,0.0,False,,,,78,sub-HUP190,03,False
LI04-LI05,0.0,False,,,,78,sub-HUP190,03,False
LI05-LI06,0.0,False,,,,78,sub-HUP190,03,False
LI08-LI09,0.0,False,,,,78,sub-HUP190,03,False
LJ03-LJ04,0.0,False,,,,78,sub-HUP190,03,False
LJ04-LJ05,0.0,False,,,,78,sub-HUP190,03,False
LJ05-LJ06,0.0,False,,,,78,sub-HUP190,03,False
LJ06-LJ07,0.0,False,,,,78,sub-HUP190,03,False
LJ07-LJ08,0.0,False,,,,78,sub-HUP190,03,False
LJ08-LJ09,0.0,False,,,,78,sub-HUP190,03,False
LJ09-LJ10,0.0,False,,,,78,sub-HUP190,03,False
LJ11-LJ12,0.0,False,,,,78,sub-HUP190,03,False
LK01-LK02,0.0,False,,,,78,sub-HUP190,03,False
LK04-LK05,0.0,False,,,,78,sub-HUP190,03,False
LK05-LK06,0.0,False,,,,78,sub-HUP190,03,False
LK06-LK07,0.0,False,,,,78,sub-HUP190,03,False
LK07-LK08,0.0,False,,,,78,sub-HUP190,03,False
LK08-LK09,0.0,False,,,,78,sub-HUP190,03,False
LK09-LK10,0.0,False,,,,78,sub-HUP190,03,False
LL04-LL05,0.0,False,,,,78,sub-HUP190,03,False
LL05-LL06,0.0,False,,,,78,sub-HUP190,03,False
LL08-LL09,0.0,False,,,,78,sub-HUP190,03,False
LL09-LL10,0.0,False,,,,78,sub-HUP190,03,False
LL10-LL11,0.0,False,,,,78,sub-HUP190,03,False
LL11-LL12,0.0,False,,,,78,sub-HUP190,03,False
RB04-RB05,0.0,False,,,,78,sub-HUP190,03,False
RB11-RB12,0.0,False,,,,78,sub-HUP190,03,False
RC01-RC02,0.0,False,,,,78,sub-HUP190,03,False
RC03-RC04,0.0,False,,,,78,sub-HUP190,03,False
RC06-RC07,0.0,False,,,,78,sub-HUP190,03,False
RC08-RC09,0.0,False,,,,78,sub-HUP190,03,False
RH01-RH02,0.0,False,,,,78,sub-HUP190,03,False
RH02-RH03,0.0,False,,,,78,sub-HUP190,03,False
RH03-RH04,0.0,False,,,,78,sub-HUP190,03,False
RH05-RH06,0.0,False,,,,78,sub-HUP190,03,False
RH06-RH07,0.0,False,,,,78,sub-HUP190,03,False
