subject,shaft,contact,index,from_tip_mm,off_line_mm,label,label_how,error_own_mm,same_label_own,error_common_mm,same_label_common,error_3.5mm_mm,same_label_3.5mm,error_5mm_mm,same_label_5mm
sub-HUP060,LAF,LAF1,0,0.0,0.0,left cerebral white matter,white matter,0.0,True,0.0,True,0.0,True,0.0,True
sub-HUP060,LAF,LAF2,1,8.324868622838403,0.7882921026174835,left cerebral white matter,white matter,0.9410142387899266,True,2.812247666538965,True,4.85192752811535,True,3.380652824070628,True
sub-HUP060,LAF,LAF3,2,16.072260430468916,0.6385956833259275,left frontal pole,near,0.8187939622044682,True,4.925230956043725,False,9.082047774134052,False,6.09312553717105,False
sub-HUP060,LAF,LAF4,3,20.7397691880945,4.070144838902081e-15,left frontal pole,near,2.5808884112043744,False,3.975899886264483,True,10.2397691880945,False,5.739769188094496,True
sub-HUP060,RA,RA1,0,0.0,0.0,right hippocampus,in,0.0,True,0.0,True,0.0,True,0.0,True
sub-HUP060,RA,RA2,1,5.357219040979931,1.9198222393738626,"right parahippocampal gyrus, anterior",near,2.0352763016925395,False,2.0074254441166115,False,2.437199693191103,False,1.9198227554272604,False
sub-HUP060,RA,RA3,2,10.611963492935264,0.9153821617741924,right amygdala,near,1.203863543296039,True,1.0964217714148945,True,3.6878225047160664,True,1.0796190291507288,True
sub-HUP060,RA,RA4,3,16.93388288544141,0.0,right temporal pole,near,0.09757701886393237,True,0.17001358361139543,True,6.433882885441411,False,1.9338828854414114,False
sub-HUP060,RAFa,RAFa1,0,0.0,0.0,"right cingulate gyrus, anterior",near,0.0,True,0.0,True,0.0,True,0.0,True
sub-HUP060,RAFa,RAFa2,1,9.314478524980643,1.913639291788609,"right cingulate gyrus, anterior",near,3.7113404737521334,False,4.013424191678995,True,5.932877131242422,True,4.5389076717267,True
sub-HUP060,RAFa,RAFa3,2,15.082446627453358,1.3508047575194457,right paracingulate gyrus,near,3.427556447376012,False,4.0762469892832955,False,8.13477154745958,False,5.200336424332042,False
sub-HUP060,RAFa,RAFa4,3,20.716672550078435,5.551115123125783e-17,right paracingulate gyrus,near,2.9091511262787706,False,3.952803248248423,False,10.216672550078435,False,5.716672550078434,False
sub-HUP060,RAFb,RAFb1,0,0.0,0.0,right cerebral white matter,white matter,0.0,True,0.0,True,0.0,True,0.0,True
sub-HUP060,RAFb,RAFb2,1,6.211700840845915,0.28757244745427557,right cerebral white matter,white matter,1.5558251433942472,True,0.6808016141384398,True,2.720283590230711,True,1.2388788770662995,True
sub-HUP060,RAFb,RAFb3,2,10.875626033965606,0.39391705082187956,right cerebral white matter,white matter,1.5667707311178534,True,0.49967946998648943,True,3.8884938134960256,True,0.953648369155991,True
sub-HUP060,RAFb,RAFb4,3,15.143669800344014,0.0,right middle frontal gyrus,near,1.11559982054043,True,1.6201995014860002,True,4.643669800344014,False,0.14366980034401447,True
sub-HUP060,RAFc,RAFc1,0,0.0,0.0,right frontal orbital cortex,near,0.0,True,0.0,True,0.0,True,0.0,True
sub-HUP060,RAFc,RAFc2,1,3.7702789642090853,1.147351956463055,right putamen,near,1.275372729142366,True,2.3026969834099895,False,1.1509915269679043,True,1.8167004843021832,True
sub-HUP060,RAFc,RAFc3,2,7.7895830006238524,0.9596971129188662,right putamen,in,1.1144345435526626,True,3.576827016890639,True,1.2059297575053498,True,2.4643125911859958,True
sub-HUP060,RAFc,RAFc4,3,13.562172846748792,0.0,right putamen,in,1.1170341563998267,True,3.2016964550812195,True,3.062172846748792,True,1.4378271532512066,True
sub-HUP060,RAFd,RAFd1,0,0.0,0.0,right frontal orbital cortex,in,0.0,True,0.0,True,0.0,True,0.0,True
sub-HUP060,RAFd,RAFd2,1,5.552921645114541,1.6718102560018617,right frontal orbital cortex,near,1.6915462744753587,True,1.6972357181861166,True,2.4531570407939944,False,1.697686588845738,True
sub-HUP060,RAFd,RAFd3,2,10.362928111812595,2.5341280007736406,right insular cortex,in,2.7459402122889967,False,2.7736797998880003,False,3.964086341280201,False,2.534588387531178,False
sub-HUP060,RAFd,RAFd4,3,15.160107280493081,2.7755575615628914e-17,right insular cortex,in,1.4986576548505448,True,1.6037620213369328,True,4.660107280493081,False,0.16010728049307824,True
sub-HUP060,RH,RH1,0,0.0,0.0,right hippocampus,near,0.0,True,0.0,True,0.0,True,0.0,True
sub-HUP060,RH,RH2,1,5.4606316886971795,0.9652730596232111,"right parahippocampal gyrus, anterior",near,0.9697755443462679,False,0.988562759103866,False,2.108559733667469,False,1.0354258051384946,False
sub-HUP060,RH,RH3,2,10.150701701179868,2.0918712466148732,"right parahippocampal gyrus, anterior",in,2.184616607115453,True,2.4333550674859197,True,3.602406261884114,False,2.0929498553003074,True
sub-HUP060,RH,RH4,3,14.782164332671472,1.9860273225978185e-15,"right temporal fusiform cortex, posterior",in,1.0617304689647045,True,1.98170496915854,True,4.282164332671472,False,0.2178356673285263,True
sub-HUP060,RPFa,RPFa1,0,0.0,0.0,right cerebral white matter,white matter,0.0,True,0.0,True,0.0,True,0.0,True
sub-HUP060,RPFa,RPFa2,1,6.423542818310274,0.7721159177369561,right paracingulate gyrus,near,0.8250495596351402,True,1.1039495132041426,True,2.9787776349602915,False,1.5786728137177133,True
sub-HUP060,RPFa,RPFa3,2,12.374685638896795,0.6220704023689392,right paracingulate gyrus,near,0.6494629805478541,False,1.3366980651453433,False,5.395023888883287,True,2.4396807060309547,True
sub-HUP060,RPFa,RPFa4,3,18.175804010787786,1.3877787807814457e-17,right superior frontal gyrus,near,0.08281191332230915,True,1.4119347089577743,True,7.675804010787788,False,3.1758040107877843,True
sub-HUP112,LAF14-,LAF14-1,0,0.0,0.0,"left cingulate gyrus, anterior",in,0.0,True,0.0,True,0.0,True,0.0,True
sub-HUP112,LAF14-,LAF14-2,1,6.491754601566225,0.7585021176202118,left paracingulate gyrus,in,0.9310478687912306,True,1.1462025010382624,True,3.0433280525228117,True,1.6340057235366658,True
sub-HUP112,LAF14-,LAF14-3,2,15.644169623317422,1.6384401824003394,left superior frontal gyrus,near,4.086274500234374,False,4.678499211910219,False,8.713561652414777,False,5.794596461913588,False
sub-HUP112,LAF14-,LAF14-4,3,22.30681759012349,1.4785920371724524,left superior frontal gyrus,in,4.77060006831933,False,5.689382085921158,False,11.850365087706205,False,7.4068423397571275,False
sub-HUP112,LAF14-,LAF14-5,4,28.061704183635946,0.9890133252420845,left superior frontal gyrus,in,4.524253676885116,True,5.777722042634815,True,14.079050907344326,False,8.104839995303132,False
sub-HUP112,LAF14-,LAF14-6,5,33.49723779196228,0.38228047090617434,left superior frontal gyrus,near,3.9766731516647265,False,5.56841178577078,False,15.999623954558055,True,8.503653398047579,False
sub-HUP112,LAF14-,LAF14-7,6,38.37511117925378,0.7960402204926483,,outside the brain,3.0291611760034525,False,4.904153021585848,False,17.385088274945325,False,8.40463706377234,False
sub-HUP112,LAF14-,LAF14-8,7,43.75363355109502,0.0,,outside the brain,2.4021131078980793,True,4.637938513491655,True,19.25363355109502,False,8.753633551095017,False
sub-HUP112,LPF15-,LPF15-1,0,0.0,0.0,"left cingulate gyrus, anterior",near,0.0,True,0.0,True,0.0,True,0.0,True
sub-HUP112,LPF15-,LPF15-2,1,5.979036216357308,1.2816269618243104,left paracingulate gyrus,near,1.4553304640472466,False,1.3061868622794361,False,2.668042488080481,True,1.5324063687309315,False
sub-HUP112,LPF15-,LPF15-5,2,25.262765952752236,3.1240699304173605,left superior frontal gyrus,in,5.45075054279602,True,4.140297724723262,True,11.50127738317717,False,5.954251586618163,True
sub-HUP112,LPF15-,LPF15-6,3,32.54395351592962,1.175342590823228,left superior frontal gyrus,in,6.871221338018217,True,4.731254852376175,True,15.068630401531783,False,7.613986101142284,True
sub-HUP112,LPF15-,LPF15-7,4,36.80249818479744,0.6277447030560177,left superior frontal gyrus,near,5.92715556941573,False,3.329125304840961,False,15.809611731997354,False,6.826069913406849,False
sub-HUP112,LPF15-,LPF15-8,5,40.66324458933066,0.0,,outside the brain,4.609366105477208,False,1.5475495517272924,False,16.16324458933066,False,5.663244589330662,False
sub-HUP112,RAF1-,RAF1-1,0,0.0,0.0,right caudate,near,0.0,True,0.0,True,0.0,True,0.0,True
sub-HUP112,RAF1-,RAF1-2,1,7.089206785203973,0.969587803498066,right caudate,near,0.9718736930598593,False,1.7315514158670076,True,3.653591630324858,True,2.2429814177197396,True
sub-HUP112,RAF1-,RAF1-3,2,18.404447800919836,1.0549265283801024,right paracingulate gyrus,in,4.326361420565414,False,7.2751668146100945,False,11.423005296830041,False,8.440374090759272,False
sub-HUP112,RAF1-,RAF1-4,3,23.52162925111614,1.831026719408895e-15,right paracingulate gyrus,near,2.2540088955042172,True,6.757759949286126,False,13.021629251116138,False,8.52162925111614,False
sub-HUP112,RAF2-,RAF2-1,0,0.0,0.0,"right cingulate gyrus, anterior",near,0.0,True,0.0,True,0.0,True,0.0,True
sub-HUP112,RAF2-,RAF2-2,1,7.946794727541022,2.133637144998583,right paracingulate gyrus,near,2.1652636559676615,True,2.9707082230856243,True,4.670813026686321,True,3.406093362901365,True
sub-HUP112,RAF2-,RAF2-3,2,14.058427339380309,2.2645734208879635,right paracingulate gyrus,near,2.3696230845427544,False,3.523135148363888,True,7.238208961815177,True,4.488056403693004,True
sub-HUP112,RAF2-,RAF2-4,3,20.800267640547847,3.9968028886505635e-15,right superior frontal gyrus,in,1.0585751866717186,True,4.036398338717835,False,10.300267640547846,False,5.800267640547848,False
sub-HUP112,RAF3-,RAF3-1,0,0.0,0.0,right caudate,in,0.0,True,0.0,True,0.0,True,0.0,True
sub-HUP112,RAF3-,RAF3-2,1,7.63510578756283,1.3307231014041865,right caudate,in,1.566722147286224,True,2.344534092758127,True,4.232862083048434,True,2.848224835107573,True
sub-HUP112,RAF3-,RAF3-3,2,14.16675741712771,1.6189805904522128,right cerebral white matter,white matter,1.7603922539066974,True,3.3195912805939107,False,7.2568444132734085,False,4.383847971121552,False
sub-HUP112,RAF3-,RAF3-4,3,20.566460240152754,4.351167857633658e-15,right cerebral white matter,white matter,0.49247923426227896,True,3.802590938322738,True,10.066460240152752,False,5.566460240152753,True
sub-HUP112,RAF4-,RAF4-1,0,0.0,0.0,right middle frontal gyrus,near,0.0,True,0.0,True,0.0,True,0.0,True
sub-HUP112,RAF4-,RAF4-2,1,9.701865981705176,3.090032641322817,right middle frontal gyrus,in,3.097220767957437,True,4.750872212742359,False,6.480727750488565,False,5.211521729764068,False
sub-HUP112,RAF4-,RAF4-3,2,18.564094788838847,2.8423306024947084,right middle frontal gyrus,in,2.880897912168244,True,7.7121774543369295,True,11.695839399248804,True,8.815973704776912,True
sub-HUP112,RAF4-,RAF4-4,3,26.199948998575923,0.0,right middle frontal gyrus,in,2.022595639097332,False,9.436079696745908,True,15.699948998575922,True,11.199948998575927,True
sub-HUP112,RAF5-,RAF5-1,0,0.0,0.0,right caudate,near,0.0,True,0.0,True,0.0,True,0.0,True
sub-HUP112,RAF5-,RAF5-2,1,6.392519219987175,1.0352534576154715,right cerebral white matter,white matter,1.0766081756738115,True,1.2611126773365386,True,2.9928857741514174,False,1.6682217494541491,True
sub-HUP112,RAF5-,RAF5-3,2,12.983420112295008,1.5661687550869239,right cerebral white matter,white matter,1.598267468012661,False,2.3208235786998874,False,6.093326931547441,True,3.2858731718454206,False
sub-HUP112,RAF5-,RAF5-4,3,20.364992979555584,3.688882027804963e-15,right frontal operculum,near,0.5540144122456201,True,3.6011236777255724,False,9.864992979555582,False,5.364992979555582,False
sub-HUP112,RAF6-,RAF6-1,0,0.0,0.0,right cerebral white matter,white matter,0.0,True,0.0,True,0.0,True,0.0,True
sub-HUP112,RAF6-,RAF6-2,1,6.2614685749817545,0.6171546397523887,right cerebral white matter,white matter,1.5197549071366712,True,0.891268117453094,True,2.7998446994843325,True,1.3770225263150138,True
sub-HUP112,RAF6-,RAF6-3,2,13.880139469935324,1.4455133451856563,right frontal pole,near,2.036775028993158,True,2.9999740247063746,False,6.956505461816389,False,4.070009955906448,False
sub-HUP112,RAF6-,RAF6-4,3,22.012975288491287,3.607797795906347e-15,right frontal pole,in,0.8463744788867285,True,5.249105986661275,False,11.512975288491287,False,7.012975288491288,False
sub-HUP112,RPF10-,RPF10-1,0,0.0,0.0,right cerebral white matter,white matter,0.0,True,0.0,True,0.0,True,0.0,True
sub-HUP112,RPF10-,RPF10-2,1,6.343598089666678,0.9756617861148045,right cerebral white matter,white matter,1.3479094568533476,True,1.18934333989814,True,2.9350299707131295,True,1.600013353523512,True
sub-HUP112,RPF10-,RPF10-3,2,13.870865065827909,1.2183693502807353,right middle frontal gyrus,near,1.3489638519369271,True,2.908797052573349,False,6.9252696013322455,False,4.006974232298871,False
sub-HUP112,RPF10-,RPF10-4,3,20.911534923468583,0.0,"right inferior frontal gyrus, pars opercularis",near,0.68289421346668,True,4.14766562163857,False,10.41153492346858,False,5.911534923468586,False
sub-HUP112,RPF7-,RPF7-1,0,0.0,0.0,right supplementary motor cortex,near,0.0,True,0.0,True,0.0,True,0.0,True
sub-HUP112,RPF7-,RPF7-2,1,7.591905451470819,1.2962847282961216,right supplementary motor cortex,near,1.4184718906103069,True,2.2938548659873,True,4.186178763117291,True,2.7987201466671787,True
sub-HUP112,RPF7-,RPF7-3,2,14.494294784729352,2.3662428540578686,right superior frontal gyrus,in,2.4166245045329,True,3.918933188892804,False,7.673773246184812,False,4.907926743234876,False
sub-HUP112,RPF7-,RPF7-4,3,19.641023400061897,0.0,right superior frontal gyrus,in,1.0724108080941752,True,2.8771540982318853,True,9.141023400061894,False,4.641023400061897,True
sub-HUP112,RPF8-,RPF8-1,0,0.0,0.0,"right cingulate gyrus, anterior",in,0.0,True,0.0,True,0.0,True,0.0,True
sub-HUP112,RPF8-,RPF8-2,1,6.997543036655714,3.0846587075079013,right paracingulate gyrus,in,3.09553497567834,True,3.161546563018749,True,4.153176067800199,False,3.3400575027542923,True
sub-HUP112,RPF8-,RPF8-3,2,10.387802073438706,2.3225135901224028,right paracingulate gyrus,near,3.7589512971951766,True,2.54927948332579,True,3.8934159118113083,False,2.3258663170232357,True
sub-HUP112,RPF8-,RPF8-4,3,16.238796937819423,0.0,right superior frontal gyrus,near,3.381880204514468,True,0.5250723640105904,True,5.738796937819425,False,1.2387969378194257,True
sub-HUP112,RPF9-,RPF9-1,0,0.0,0.0,right cerebral white matter,white matter,0.0,True,0.0,True,0.0,True,0.0,True
sub-HUP112,RPF9-,RPF9-2,1,5.7763602875116575,1.5698414492978252,right cerebral white matter,white matter,3.6722622603226642,False,1.5701093886435897,True,2.5891468310867434,True,1.6663818210996642,True
sub-HUP112,RPF9-,RPF9-3,2,14.609920604020207,2.65307025425377,right middle frontal gyrus,near,4.305146412989965,False,4.1499262106830646,True,7.83017428702542,False,5.109751929743441,True
sub-HUP112,RPF9-,RPF9-4,3,23.33949457099713,3.978256139440565e-15,right middle frontal gyrus,in,3.2967745857634605,True,6.5756252691671175,True,12.839494570997129,False,8.339494570997127,False
sub-HUP112,RT11-,RT11-1,0,0.0,0.0,"right inferior temporal gyrus, posterior",near,0.0,True,0.0,True,0.0,True,0.0,True
sub-HUP112,RT11-,RT11-2,1,5.1935406290257085,1.6133476584485789,"right inferior temporal gyrus, posterior",near,1.7677718053264873,True,1.7398741148339163,True,2.160253885942075,True,1.6145930810338278,True
sub-HUP112,RT11-,RT11-3,2,13.175429288637877,2.369384140264591,"right middle temporal gyrus, posterior",near,2.882888263964399,True,2.9663445501347585,True,6.414288973721983,False,3.792006999022007,False
sub-HUP112,RT11-,RT11-4,3,21.500458401220275,2.4763313337202932,"right middle temporal gyrus, posterior",in,5.031422788999188,True,5.218478459344084,True,11.136194271183058,False,6.822641864383755,True
sub-HUP112,RT11-,RT11-5,4,27.169499519255492,0.9657226431609736,"right middle temporal gyrus, posterior",in,4.617728463372278,True,4.896679684172554,True,13.187737996383321,False,7.217233564106429,True
sub-HUP112,RT11-,RT11-6,5,32.35761318953896,0.34490202213417887,"right middle temporal gyrus, posterior",near,4.0745062325757155,False,4.429441253515706,False,14.8597781735998,False,7.363856517908962,False
sub-HUP112,RT11-,RT11-7,6,38.00863262994614,0.5512682404216422,,outside the brain,4.0869132965225266,False,4.51070894847007,False,17.01356804218268,False,8.023594777415465,False
sub-HUP112,RT11-,RT11-8,7,43.56085107540914,7.133128933837889e-15,,outside the brain,3.9466012241918547,True,4.445156037805786,True,19.060851075409133,False,8.560851075409143,False
sub-HUP112,RT12-,RT12-1,0,0.0,0.0,"right middle temporal gyrus, posterior",near,0.0,True,0.0,True,0.0,True,0.0,True
sub-HUP112,RT12-,RT12-2,1,5.842969243404264,3.5169947191471893,"right middle temporal gyrus, posterior",near,3.838895244431764,False,3.63584349641781,False,3.7052231165713936,True,3.5328239351553505,False
sub-HUP112,RT12-,RT12-3,2,13.567730402833998,1.1379660052727314,"right middle temporal gyrus, posterior",in,1.5899971717800985,True,2.605638931738938,True,6.61848728927109,True,3.699301384440664,True
sub-HUP112,RT12-,RT12-4,3,19.619409390116697,8.881784197001252e-16,"right middle temporal gyrus, posterior",in,1.005215576680411,True,2.8555400882866846,True,9.119409390116699,True,4.619409390116695,True
sub-HUP112,RT13-,RT13-1,0,0.0,0.0,right insular cortex,near,0.0,True,0.0,True,0.0,True,0.0,True
sub-HUP112,RT13-,RT13-2,1,9.077603518624409,2.5963992451586346,right planum polare,near,4.063973241397774,True,4.051659640004197,True,5.810706787325538,False,4.5187621054362035,True
sub-HUP112,RT13-,RT13-3,2,15.138118675459381,1.8359659891427158,"right superior temporal gyrus, posterior",near,4.294719916979356,False,4.265771831182918,False,8.23367622453164,False,5.351185857990467,False
sub-HUP112,RT13-,RT13-4,3,20.56039082970722,1.0810351253610953,"right superior temporal gyrus, posterior",near,3.9663139225144515,True,3.9200868245318263,True,10.090029171699534,False,5.636588046562386,True
sub-HUP112,RT13-,RT13-5,4,25.823749699401667,0.9818612739407933,"right superior temporal gyrus, posterior",near,3.6518151070858984,True,3.5901247314720113,True,11.845838662683278,True,5.8875266527898535,True
sub-HUP112,RT13-,RT13-6,5,30.712355588668302,3.688882027804963e-15,"right superior temporal gyrus, posterior",near,2.8526881789379197,True,2.7725734189516094,True,13.212355588668297,True,5.7123555886683,True
sub-HUP116,LAF,LAF1,0,0.0,0.0,left cerebral white matter,white matter,0.0,True,0.0,True,0.0,True,0.0,True
sub-HUP116,LAF,LAF2,1,6.983868025129191,2.1443932164791026,left frontal pole,near,2.2638949156274966,True,2.3914307891989415,True,3.807741825287378,False,2.7035886284493014,True
sub-HUP116,LAF,LAF3,2,13.833696174528193,0.9642740097439976,left frontal pole,in,1.3498306366985355,True,2.795694848682719,False,6.868076696115907,False,3.920483306391047,False
sub-HUP116,LAF,LAF4,3,21.529025088350767,3.978256139440565e-15,left frontal pole,in,0.5879066309424238,True,4.765155786520754,True,11.029025088350766,False,6.5290250883507674,True
sub-HUP116,RA,RA1,0,0.0,0.0,"right parahippocampal gyrus, anterior",in,0.0,True,0.0,True,0.0,True,0.0,True
sub-HUP116,RA,RA2,1,6.078848693035295,0.6533800959713614,"right parahippocampal gyrus, anterior",near,0.6543284480266872,True,0.7965841979445957,False,2.626208811888316,False,1.231289854348319,False
sub-HUP116,RA,RA3,2,12.191378468071749,1.003777505133804,"right parahippocampal gyrus, anterior",in,1.0038071319050845,True,1.3987087376657166,True,5.246895896460793,False,2.3727632663711007,True
sub-HUP116,RA,RA4,3,17.74701282699149,3.58724037616909e-15,"right temporal fusiform cortex, posterior",near,0.4895332521143966,False,0.9831435251614775,True,7.247012826991489,False,2.7470128269914915,False
sub-HUP116,RH,RH1,0,0.0,0.0,right hippocampus,in,0.0,True,0.0,True,0.0,True,0.0,True
sub-HUP116,RH,RH2,1,5.743051241109592,0.9236817393038287,right hippocampus,in,0.9267027654181349,True,0.9271680321317542,True,2.356829606224813,True,1.1400842859660416,True
sub-HUP116,RH,RH3,2,11.824224842974838,2.136735957569277,right hippocampus,near,2.141546275203956,False,2.1843616361757165,False,5.098868608599212,False,2.6872112859115975,False
sub-HUP116,RH,RH4,3,16.41110380211883,3.559647500409929e-15,"right temporal fusiform cortex, posterior",near,0.818049921209945,True,0.3527654997111851,True,5.911103802118832,False,1.4111038021188327,True
sub-HUP117,ACCC,ACCC1,0,0.0,0.0,left cerebral white matter,white matter,0.0,True,0.0,True,0.0,True,0.0,True
sub-HUP117,ACCC,ACCC2,1,5.272642736572776,0.28863146196387174,left cerebral white matter,white matter,0.2887397185508187,True,0.4333348231654726,True,1.788184555562855,True,0.39165505320995764,True
sub-HUP117,ACCC,ACCC3,2,10.671915512160494,0.22522909969953772,left cerebral white matter,white matter,0.2572294126825817,True,0.5542049370829903,True,3.6764440982713147,True,0.7064063966973495,True
sub-HUP117,ACCC,ACCC4,3,14.870726561363442,2.0350724194510405e-15,left superior frontal gyrus,near,0.9472016483548887,True,1.893142740466573,True,4.370726561363441,False,0.12927343863656043,True
sub-HUP117,AMFG-A,AMFG-A1,0,0.0,0.0,left frontal pole,near,0.0,True,0.0,True,0.0,True,0.0,True
sub-HUP117,AMFG-A,AMFG-A2,1,5.254417510620241,0.3605378415949216,left frontal pole,near,0.3607504642590213,True,0.49965004770189075,False,1.7789515053067595,True,0.4342439167423344,True
sub-HUP117,AMFG-A,AMFG-A3,2,10.16236598457692,0.47953953666929167,left frontal pole,in,0.5983072175451936,True,1.1315084356980052,True,3.1873257996770277,True,0.5027652561313827,True
sub-HUP117,AMFG-A,AMFG-A4,3,15.41826812811019,1.790180836524724e-15,left frontal pole,in,0.3449844037505362,True,1.3456011737198186,True,4.918268128110194,True,0.41826812811018704,True
sub-HUP117,AMFG-B,AMFG-B1,0,0.0,0.0,left frontal operculum,near,0.0,True,0.0,True,0.0,True,0.0,True
sub-HUP117,AMFG-B,AMFG-B2,1,4.761463730607747,0.2928162233331165,left middle frontal gyrus,near,0.2929548778557777,True,0.885330328205026,True,1.286225551111599,False,0.3834339409755548,True
sub-HUP117,AMFG-B,AMFG-B3,2,9.522833152694927,0.5855949043112942,"left inferior frontal gyrus, pars triangularis",near,0.5858750741198787,True,1.7707352276119648,False,2.5723528015951564,False,0.7668987264624246,True
sub-HUP117,AMFG-B,AMFG-B4,3,14.740145980541158,1.790180836524724e-15,left middle frontal gyrus,in,0.45575478871792213,True,2.0237233212888555,True,4.240145980541157,False,0.25985401945884623,True
sub-HUP117,CING-P,CING-P1,0,0.0,0.0,left cerebral white matter,white matter,0.0,True,0.0,True,0.0,True,0.0,True
sub-HUP117,CING-P,CING-P2,1,5.037251571212935,0.35640362949182064,left cerebral white matter,white matter,0.3606503688881613,True,0.6666057471031059,True,1.5657305178060263,True,0.3572534852033651,True
sub-HUP117,CING-P,CING-P3,2,10.102883407330106,0.1782081249677373,left cerebral white matter,white matter,0.18750478024819286,True,1.0892778023749419,False,3.106427443002947,True,0.2049930870263545,True
sub-HUP117,CING-P,CING-P4,3,15.17799480318089,0.0,left superior frontal gyrus,near,0.06143559983347698,True,1.585874498649119,False,4.677994803180889,False,0.1779948031808943,True
sub-HUP117,HIPP,HIPP1,0,0.0,0.0,left hippocampus,in,0.0,True,0.0,True,0.0,True,0.0,True
sub-HUP117,HIPP,HIPP2,1,4.751412361025152,0.20661866960742414,left hippocampus,in,0.20666755286597677,True,0.8660469607126856,True,1.26392054986032,True,0.3267137869503974,True
sub-HUP117,HIPP,HIPP3,2,9.93869460692905,0.20661954774619373,left hippocampus,in,0.48042281586277125,True,1.2564713760517434,True,2.943806672432978,True,0.21614339724473156,False
sub-HUP117,HIPP,HIPP4,3,14.683464482118689,2.5219419200973697e-15,left hippocampus,near,0.42922697444091,True,2.0804048197113265,True,4.183464482118688,True,0.3165355178813108,True
sub-HUP117,INS-A,INS-A1,0,0.0,0.0,left insular cortex,near,0.0,True,0.0,True,0.0,True,0.0,True
sub-HUP117,INS-A,INS-A2,1,5.037256234611208,4.644665982275576e-05,left insular cortex,in,4.644665982192616e-05,True,0.550700201504944,False,1.5372562350987444,True,0.037256263349160545,True
sub-HUP117,INS-A,INS-A3,2,10.074502795174576,4.718169582096596e-05,left frontal operculum,near,4.8163282278538746e-05,True,1.1014100738331578,True,3.0745027954261213,False,0.07450281000388143,True
sub-HUP117,INS-A,INS-A4,3,15.111759059727504,1.7798229048217483e-15,left cerebral white matter,white matter,9.644106119629861e-06,True,1.6521102421025102,True,4.611759059727501,False,0.11175905972750297,True
sub-HUP117,INS-P,INS-P1,0,0.0,0.0,left insular cortex,near,0.0,True,0.0,True,0.0,True,0.0,True
sub-HUP117,INS-P,INS-P2,1,5.602086710328982,0.28216530681526863,left insular cortex,in,0.2822545528385319,True,0.28225261194103374,True,2.1138927073867273,False,0.6584936547361163,True
sub-HUP117,INS-P,INS-P3,2,10.429080140781116,0.2822582445103426,left insular cortex,in,0.8284533289089117,True,0.8019661309362851,True,3.4368699033241037,True,0.510407340862628,True
sub-HUP117,INS-P,INS-P4,3,16.020218094374812,0.0,left insular cortex,near,0.7860024091290134,False,0.7436512074552019,False,5.520218094374812,False,1.0202180943748116,False
sub-HUP117,MTG,MTG1,0,0.0,0.0,"left temporal fusiform cortex, posterior",near,0.0,True,0.0,True,0.0,True,0.0,True
sub-HUP117,MTG,MTG2,1,5.099080678267368,0.29951468613685817,left cerebral white matter,white matter,0.32759664990078174,True,0.5808565886599847,True,1.6182361857876097,True,0.3128240581462389,True
sub-HUP117,MTG,MTG3,2,10.043297194721609,0.07985686131118964,"left inferior temporal gyrus, temporo-occipital",near,0.15072875541411668,True,1.1357441006571747,True,3.044027369126845,True,0.09068833239214966,True
sub-HUP117,MTG,MTG4,3,14.475956301576574,1.831026719408895e-15,"left inferior temporal gyrus, temporo-occipital",near,0.3967592814644724,True,2.2879130002534405,False,3.9759563015765758,True,0.5240436984234211,True
sub-HUP117,OF,OF1,0,0.0,0.0,left paracingulate gyrus,in,0.0,True,0.0,True,0.0,True,0.0,True
sub-HUP117,OF,OF2,1,5.27579773002675,0.24990509647520276,left paracingulate gyrus,in,0.24997503746355704,True,0.40450952593949857,True,1.7874317594240272,True,0.36781165240426644,True
sub-HUP117,OF,OF3,2,10.551586234340228,0.4997949916214996,left paracingulate gyrus,near,0.4999350793480904,True,0.8090163565488323,True,3.57485296195504,False,0.7356067285710213,True
sub-HUP117,OF,OF4,3,15.69117338519522,0.0,left paracingulate gyrus,near,0.13619212779619844,True,1.0726959166347911,True,5.191173385195222,True,0.6911733851952229,True
sub-HUP117,OFAL,OFAL1,0,0.0,0.0,left frontal pole,near,0.0,True,0.0,True,0.0,True,0.0,True
sub-HUP117,OFAL,OFAL2,1,5.527990587316036,0.2589211099464889,left frontal pole,near,0.3374073263335628,True,0.267208685747984,True,2.038434453182774,True,0.5826185224437183,True
sub-HUP117,OFAL,OFAL3,2,9.916825919399868,0.4705592738061065,left frontal pole,in,0.8480383349343271,True,1.3546142947974062,True,2.9435114640664444,True,0.4799238695374563,True
sub-HUP117,OFAL,OFAL4,3,15.190329250113999,1.9891280697202825e-15,left frontal pole,in,0.7264174952064861,True,1.5735400517160123,True,4.690329250114,True,0.1903292501139983,True
sub-HUP117,PIFG-,PIFG-1,0,0.0,0.0,left insular cortex,in,0.0,True,0.0,True,0.0,True,0.0,True
sub-HUP117,PIFG-,PIFG-2,1,5.225737401079998,0.14326570781086864,left central operculum,in,0.14327747621345202,True,0.3913495873218115,False,1.729716470256253,True,0.26570566949661967,True
sub-HUP117,PIFG-,PIFG-3,2,10.451346931897653,0.2864833282694919,left precentral gyrus,near,0.2865085198510268,True,0.7827993875054624,True,3.4593027932120615,False,0.5312787912989126,True
sub-HUP117,PIFG-,PIFG-4,3,15.347176837207652,0.0,left precentral gyrus,in,0.32965175641110883,True,1.4166924646223615,True,4.847176837207653,False,0.3471768372076522,True
sub-HUP117,STG,STG1,0,0.0,0.0,left planum polare,in,0.0,True,0.0,True,0.0,True,0.0,True
sub-HUP117,STG,STG2,1,4.835944468510337,0.20287539511905384,left planum polare,near,0.2029200604083187,True,0.7830081054336707,True,1.3470519758250594,True,0.26360510188937775,True
sub-HUP117,STG,STG3,2,10.123173620872251,0.2028753951190552,"left superior temporal gyrus, anterior",near,0.4929355174583297,True,1.0741057209784801,False,3.127727076670688,False,0.23629103919236757,True
sub-HUP117,STG,STG4,3,14.952827660433414,1.9984014443252818e-15,left planum temporale,in,0.44499425490240213,True,1.8110416413966002,True,4.452827660433416,False,0.047172339566588374,True
sub-HUP130,LA,LA1,0,0.0,0.0,left hippocampus,in,0.0,True,0.0,True,0.0,True,0.0,True
sub-HUP130,LA,LA2,1,5.29982526237431,1.0521994652842948,left amygdala,in,1.3507960511382904,False,1.1234182299556146,False,1.9944585228017764,False,1.0699936285967588,False
sub-HUP130,LA,LA3,2,11.235537371224902,2.0046756086730806,left hippocampus,in,2.252678867025658,False,2.0083036550525986,False,4.523691562717422,True,2.265453391563745,True
sub-HUP130,LA,LA4,3,17.159175843175852,1.2295886804601226,left hippocampus,near,1.5906649610739694,False,1.2787596633249008,True,6.728370123514938,False,2.4465047469807444,False
sub-HUP130,LA,LA5,4,22.18562995224263,1.070755109189343,left planum polare,near,2.273713506930601,True,1.0878417684411277,True,8.229730024285574,False,2.4106322108744442,True
sub-HUP130,LA,LA6,5,26.316008548294064,1.1516414740426189,left planum polare,near,4.082001864942326,False,2.011325150661366,False,8.865912078268158,False,1.729865892991756,True
sub-HUP130,LA,LA7,6,32.55450592781511,0.9952436215511409,"left middle temporal gyrus, anterior",in,3.8402871992223124,True,1.4026909663795246,True,11.582128766899432,False,2.7273613390953977,False
sub-HUP130,LA,LA8,7,38.86166096164156,7.16416517438997e-15,"left middle temporal gyrus, anterior",in,3.428106564252013,True,0.25403407596180394,True,14.361660961641563,False,3.861660961641564,True
sub-HUP130,LB,LB1,0,0.0,0.0,left hippocampus,in,0.0,True,0.0,True,0.0,True,0.0,True
sub-HUP130,LB,LB2,1,5.064155052869337,1.0402860385138168,left hippocampus,in,1.179242702304231,True,1.217114713044562,True,1.7895759621690426,True,1.0412096018729127,True
sub-HUP130,LB,LB3,2,11.20009470772936,1.3848501008479261,left hippocampus,in,1.387845325967173,True,1.3862267335546419,True,4.340971452693887,True,1.7773964564863325,True
sub-HUP130,LB,LB4,3,17.185527803472315,2.1364175275595545,left hippocampus,near,2.1982451783505774,True,2.1557884712715207,True,6.891721143999648,False,2.962409868785844,False
sub-HUP130,LB,LB5,4,22.059540014520927,1.1502839689242816,"left temporal fusiform cortex, posterior",near,1.1504024087919975,False,1.194582910263158,False,8.111503609342185,False,2.3328398110139927,False
sub-HUP130,LB,LB6,5,26.463056737020505,1.5386604675178752,left cerebral white matter,white matter,1.9145197328765853,False,2.163890740196911,True,9.050045397007924,False,2.092609487790799,False
sub-HUP130,LB,LB7,6,31.97451875781526,1.8774615377555517,"left middle temporal gyrus, anterior",near,2.201517590772804,True,2.472199732291928,True,11.079580083583156,False,2.6849155055522793,True
sub-HUP130,LB,LB8,7,39.62709544718624,7.160726708066325e-15,"left middle temporal gyrus, anterior",in,1.0465316362219876,True,0.5114004095828791,True,15.127095447186251,False,4.627095447186246,False
sub-HUP130,LC,LC1,0,0.0,0.0,left hippocampus,in,0.0,True,0.0,True,0.0,True,0.0,True
sub-HUP130,LC,LC2,1,5.7533192722380075,0.9419731411101302,left hippocampus,in,0.9451671293582777,True,0.9460492699589368,True,2.3708451543979567,True,1.159249727589041,True
sub-HUP130,LC,LC3,2,10.530176199445862,1.8831498870633503,"left temporal fusiform cortex, posterior",in,2.2045553735804795,False,2.0521398119426566,False,3.852102519582422,False,1.917330951371284,False
sub-HUP130,LC,LC4,3,16.33176630862914,1.535088682914594,"left temporal fusiform cortex, posterior",near,1.8323454430436381,True,1.6158354906545054,True,5.960528154895705,True,1.9856336366877996,True
sub-HUP130,LC,LC5,4,21.545519070525202,1.6601386729604366,"left inferior temporal gyrus, posterior",near,2.2588734325530044,True,1.874456856018559,True,7.663444169705521,False,2.225038984147733,True
sub-HUP130,LC,LC6,5,27.361181715859825,2.6992733202544823,"left inferior temporal gyrus, posterior",near,3.1071285591374336,False,2.791616614362953,False,10.095267063435356,False,3.499823998756852,True
sub-HUP130,LC,LC7,6,32.707494892327134,2.2605081405722967,"left middle temporal gyrus, posterior",in,2.9469265843367975,True,2.432511783770173,True,11.846948853005438,False,3.467426070124491,True
sub-HUP130,LC,LC8,7,38.371948482487724,7.324159468977076e-15,"left middle temporal gyrus, posterior",in,1.9012864231783202,True,0.7437465551156384,True,13.871948482487726,False,3.371948482487728,True
sub-HUP130,LD,LD1,0,0.0,0.0,left temporo-occipital fusiform cortex,in,0.0,True,0.0,True,0.0,True,0.0,True
sub-HUP130,LD,LD2,1,7.708096303190635,2.3715013541866603,left temporo-occipital fusiform cortex,in,2.810742032950591,True,2.9450708787880266,True,4.508351576937417,True,3.327549367562464,True
sub-HUP130,LD,LD3,2,13.044208150847647,3.3107119822421875,left temporo-occipital fusiform cortex,in,3.44878921634823,True,3.610783681728757,True,6.520148190703254,True,4.2201764594011975,True
sub-HUP130,LD,LD4,3,19.166679885126204,4.500778550750087,left temporo-occipital fusiform cortex,near,4.646433898227772,False,4.872599668084024,False,9.29333096548221,False,5.782673021106127,False
sub-HUP130,LD,LD5,4,23.970033676156287,3.991966487718031,left temporo-occipital fusiform cortex,near,4.0058581436755505,False,4.193216576864483,False,10.429502481772964,False,5.399175556970122,False
sub-HUP130,LD,LD6,5,29.719163127308832,2.6290403562101625,"left inferior temporal gyrus, temporo-occipital",near,2.6716402953305827,False,3.1107841359261337,False,12.38490840457904,False,5.300587446357065,False
sub-HUP130,LD,LD7,6,34.408097513667656,0.0,"left inferior temporal gyrus, temporo-occipital",near,0.5448488385309765,True,0.8803589100076256,True,13.408097513667661,False,4.408097513667657,False
sub-HUP130,LE,LE1,0,0.0,0.0,left angular gyrus,near,0.0,True,0.0,True,0.0,True,0.0,True
sub-HUP130,LE,LE2,1,5.8611296020701245,1.7112588779063906,left angular gyrus,in,1.7247151938623724,True,1.7113513838044432,True,2.71340931040624,True,1.8153071452513627,True
sub-HUP130,LE,LE3,2,11.58096482150684,2.0217530877744645,left angular gyrus,in,2.0357631464488772,False,2.0344805033491355,False,4.845100169725242,True,2.460944010385884,False
sub-HUP130,LE,LE4,3,17.413284365281992,1.8238008479222985,"left supramarginal gyrus, posterior",in,1.8295409111281642,True,1.905982634115641,True,7.0572459068725415,True,2.94908655935964,True
sub-HUP130,LE,LE6,4,27.188650880449377,0.5343597280057626,,outside the brain,1.9934289106813716,True,0.9260968608997193,True,9.698131877946667,False,2.2478373455254133,False
sub-HUP130,LE,LE7,5,32.922153987293015,0.16524320901779144,,outside the brain,2.0097129163971297,True,0.628124579128622,True,11.922884424693898,False,2.9264083436619925,True
sub-HUP130,LE,LE8,6,37.61318630220339,7.17448075233818e-15,,outside the brain,3.1322356030242036,True,1.5025087353999778,True,13.113186302203385,False,2.613186302203379,True
sub-HUP130,LF,LF1,0,0.0,0.0,left insular cortex,near,0.0,True,0.0,True,0.0,True,0.0,True
sub-HUP130,LF,LF2,1,6.570718787921701,1.0669253780016197,left insular cortex,in,1.0704828842757053,True,1.3929686493820443,True,3.1685507739474894,False,1.8273362307308219,False
sub-HUP130,LF,LF3,2,12.582226775564749,1.8115458969283689,left insular cortex,in,1.9386123605696441,True,2.215375110308432,True,5.744263041275807,True,3.0479099859800027,True
sub-HUP130,LF,LF4,3,18.948228417149473,2.547489266416662,left central operculum,near,2.7139854947751,True,3.2464093112332786,True,8.659398115629429,False,4.555148998727425,False
sub-HUP130,LF,LF5,4,25.307191398961024,4.521391748171843,left cerebral white matter,white matter,4.728136428869545,True,5.190016663252982,True,11.80056780789784,False,6.667321119535271,False
sub-HUP130,LF,LF6,5,32.35328419496804,6.246099657545906,left cerebral white matter,white matter,6.343782177192632,False,7.313726300424141,False,15.553877705929153,False,9.192591134082551,True
sub-HUP130,LF,LF7,6,38.820086104481724,2.2179740416680236,left middle frontal gyrus,near,2.316279797075051,True,5.6798908705010325,True,17.89465934559947,False,9.033201263532364,True
sub-HUP130,LF,LF8,7,44.363419429055604,0.0,left middle frontal gyrus,near,1.6316120863962995,True,5.247724391452237,True,19.863419429055604,False,9.363419429055604,False
sub-HUP130,LG,LG1,0,0.0,0.0,"left cingulate gyrus, anterior",near,0.0,True,0.0,True,0.0,True,0.0,True
sub-HUP130,LG,LG2,1,7.74190707792186,0.7600545586790446,left cerebral white matter,white matter,2.2242274480826567,False,2.2488826381695777,False,4.272653715374763,False,2.8092785577573864,False
sub-HUP130,LG,LG3,2,13.343113298223544,1.2616317976465026,left cerebral white matter,white matter,2.4113687181022185,True,2.456203964140247,True,6.408743936146947,True,3.5173848021203917,True
sub-HUP130,LG,LG4,3,18.907225427637304,1.7090831337249646,left cerebral white matter,white matter,2.6211358434514036,True,2.6812547414523062,True,8.503346686367395,True,4.19386505285774,True
sub-HUP130,LG,LG5,4,23.5933186681181,1.741840890120389,left cerebral white matter,white matter,2.045414289921636,False,2.1022822351368826,False,9.686824502030388,True,3.935400360922679,True
sub-HUP130,LG,LG6,5,28.35926021229885,1.5870396399563598,left frontal operculum,near,1.605680814382649,True,1.6307504545673903,True,10.930644690529498,False,3.67514847395656,True
sub-HUP130,LG,LG7,6,35.40558513885457,0.5775767753817185,"left inferior frontal gyrus, pars triangularis",near,1.810444880528383,False,1.9601607854285668,False,14.412451576301772,False,5.431669400290912,False
sub-HUP130,LG,LG8,7,42.35059975430663,7.16093850883226e-15,"left inferior frontal gyrus, pars triangularis",in,3.051396683863967,False,3.2349047167032636,False,17.850599754306632,False,7.350599754306634,False
sub-HUP130,LH,LH1,0,0.0,0.0,left subcallosal cortex,in,0.0,True,0.0,True,0.0,True,0.0,True
sub-HUP130,LH,LH2,1,5.414792988325889,1.2222560668303917,left subcallosal cortex,in,1.2302195317165714,True,1.2616754862664625,True,2.155153292637035,True,1.2528201232404137,True
sub-HUP130,LH,LH3,2,10.655212323933412,1.0187842369676396,left subcallosal cortex,near,1.0429454686183324,True,1.1671637421963346,True,3.7475339612867224,False,1.1855956252128008,True
sub-HUP130,LH,LH4,3,16.75712494652505,4.070144838902081e-15,left caudate,in,0.5127459815473862,True,0.0067443553049650095,True,6.25712494652505,False,1.757124946525049,False
sub-HUP130,RA,RA1,0,0.0,0.0,right hippocampus,in,0.0,True,0.0,True,0.0,True,0.0,True
sub-HUP130,RA,RA2,1,4.980352369368919,0.2692823979089346,right hippocampus,in,0.331202217647898,True,0.6712688446160964,True,1.4974778092888668,True,0.2706259210185533,True
sub-HUP130,RA,RA3,2,10.12466552209878,1.0914183108869442,right hippocampus,in,1.1233936663390582,False,1.5568683859677912,False,3.254152710920079,False,1.093392025942175,False
sub-HUP130,RA,RA4,3,16.532593705232962,0.4173055416153968,right hippocampus,near,1.1109976969112632,False,0.4796838155216823,False,6.041755110261,False,1.5833095652878237,False
sub-HUP130,RA,RA5,4,20.85743971994741,0.9982600237395892,right cerebral white matter,white matter,1.0126257536704886,True,1.8170645063225492,True,6.906066357616547,False,1.300502668987781,True
sub-HUP130,RA,RA6,5,25.598595505101976,0.229063007935979,"right middle temporal gyrus, anterior",near,0.3259530167702819,True,2.3533858109903822,True,8.100809830549363,False,0.6399691516863075,False
sub-HUP130,RA,RA7,6,32.148168594450425,0.8848336051353541,"right middle temporal gyrus, anterior",in,1.4435953250352171,True,1.6492108442326212,True,11.171087234153035,False,2.312008032578218,False
sub-HUP130,RA,RA8,7,39.85805457561828,7.377764055609925e-15,"right middle temporal gyrus, anterior",in,3.696802045130197,True,0.7423595380149199,True,15.358054575618286,False,4.858054575618286,True
sub-HUP130,RB,RB1,0,0.0,0.0,"right parahippocampal gyrus, anterior",near,0.0,True,0.0,True,0.0,True,0.0,True
sub-HUP130,RB,RB2,1,5.08644203771883,1.2040897577382648,right hippocampus,in,1.3236877644723841,False,1.366478050159627,False,1.8785142542727309,False,1.2054922068740526,False
sub-HUP130,RB,RB3,2,10.180689448603742,1.3512748719278802,"right parahippocampal gyrus, anterior",near,1.6195730972415998,False,1.7331523569615066,False,3.3731053329103013,False,1.3543096777296064,True
sub-HUP130,RB,RB4,3,15.760346770974495,2.190494187961821,"right temporal fusiform cortex, posterior",in,2.3561016512165653,True,2.477041707473582,True,5.557299753955535,False,2.273141769478794,True
sub-HUP130,RB,RB5,4,20.144797231614714,0.9720574421764401,"right inferior temporal gyrus, posterior",in,2.0858281705080466,False,2.433105544388232,False,6.198031014988107,False,0.979600364502167,True
sub-HUP130,RB,RB6,5,24.409051248992782,1.7041975796642663,"right inferior temporal gyrus, posterior",near,3.5454636115334606,True,3.974231030963459,True,7.058311051035914,False,1.8241318993619344,True
sub-HUP130,RB,RB7,6,31.23459651100571,1.214945396403134,"right inferior temporal gyrus, posterior",in,2.1215778160383585,False,2.6160203806843443,False,10.282984227708875,False,1.7153753715442928,True
sub-HUP130,RB,RB8,7,38.1123122127353,0.0,"right middle temporal gyrus, posterior",in,0.32960083991714484,True,1.0033828248680725,True,13.612312212735294,False,3.1123122127352967,True
sub-HUP130,RC,RC1,0,0.0,0.0,"right parahippocampal gyrus, posterior",in,0.0,True,0.0,True,0.0,True,0.0,True
sub-HUP130,RC,RC2,1,6.040963650241343,1.4755745104921247,right lingual gyrus,in,1.4771620264813166,True,1.5000774959344088,True,2.7816158252149457,True,1.706882727591468,True
sub-HUP130,RC,RC3,2,11.801858250194169,2.973344041003804,right temporo-occipital fusiform cortex,in,2.977531598672567,False,2.9834417994908065,False,5.327992413871961,False,3.2955263431711086,False
sub-HUP130,RC,RC4,3,17.441786206425533,3.7357866858671374,right temporo-occipital fusiform cortex,near,3.750468444593583,True,3.745758870113032,True,7.529185748423552,False,4.255058537966907,True
sub-HUP130,RC,RC5,4,22.15872278331913,4.3912837108838065,"right inferior temporal gyrus, temporo-occipital",near,4.620989832580083,True,4.436612497395802,False,8.880885253755302,False,4.715843247421009,False
sub-HUP130,RC,RC6,5,26.46898187405767,2.604008595437465,"right inferior temporal gyrus, temporo-occipital",near,3.6847328032880533,False,3.055864721791539,False,9.216111478557027,False,2.928824813185691,True
sub-HUP130,RC,RC7,6,31.841887550481854,0.7737139048799161,"right middle temporal gyrus, temporo-occipital",in,3.005880581159935,True,1.8634683657655915,True,10.860082307359479,False,1.9891300644693126,False
sub-HUP130,RC,RC8,7,38.87920736080827,8.140289677804162e-15,"right middle temporal gyrus, temporo-occipital",in,1.6473897841582401,True,0.2364876767950911,True,14.379207360808277,False,3.879207360808279,True
sub-HUP130,RD,RD1,0,0.0,0.0,right occipital fusiform gyrus,in,0.0,True,0.0,True,0.0,True,0.0,True
sub-HUP130,RD,RD2,1,4.906763486117383,2.266316819989129,right occipital fusiform gyrus,in,2.645445134447426,True,2.581417121339259,True,2.421185937586044,True,2.357129904825526,True
sub-HUP130,RD,RD3,2,13.528975731423541,3.3245833847477053,"right lateral occipital cortex, inferior",in,3.7253263258809297,False,3.8483150990034787,False,6.9595549359924975,False,4.555287289773963,False
sub-HUP130,RD,RD4,3,19.199860592385622,4.621445706265065,"right lateral occipital cortex, inferior",in,4.8543023843084905,True,4.9860066541916055,True,9.356385481284185,False,5.879936253817814,True
sub-HUP130,RD,RD5,4,23.695289515668772,3.539449468170854,"right lateral occipital cortex, inferior",in,3.583924557021801,True,3.699861173213259,True,10.071851656395111,True,4.928368640406586,True
sub-HUP130,RD,RD6,5,29.101940807394396,2.19743196547914,"right lateral occipital cortex, inferior",in,2.2401959020512447,True,2.448084311209455,True,11.726587279341333,True,4.580387006868653,True
sub-HUP130,RD,RD7,6,34.729991552880996,0.650112256990594,"right lateral occipital cortex, inferior",near,0.7761725149267958,True,1.3614195002730467,True,13.739295815970502,False,4.76843123945526,False
sub-HUP130,RD,RD8,7,40.403466491255145,3.552713678800501e-15,,outside the brain,0.38693919234609736,True,1.28777145365178,True,15.903466491255148,False,5.403466491255142,False
sub-HUP130,RE,RE1,0,0.0,0.0,right cerebral white matter,white matter,0.0,True,0.0,True,0.0,True,0.0,True
sub-HUP130,RE,RE2,1,4.91790903544019,1.2869928009970886,right cerebral white matter,white matter,1.3073310711426627,True,1.5376478819463948,True,1.7916946146833839,True,1.3117168727751833,True
sub-HUP130,RE,RE3,2,9.772204905913988,2.01586924216958,right angular gyrus,near,2.053330538671359,True,2.5823193734080045,True,3.260012920538485,False,2.062899355320445,True
sub-HUP130,RE,RE4,3,13.618549763394913,3.3900367328739853,right angular gyrus,in,3.809964550310918,False,4.926038278372253,True,4.32755413429905,False,3.8430373939427684,False
sub-HUP130,RE,RE5,4,18.307619901542957,2.549298152637753,right angular gyrus,in,3.1067430700881644,True,4.932442845408458,True,4.852803259917126,False,3.162055285874942,True
sub-HUP130,RE,RE6,5,25.702909707446018,1.1493246003630797,right angular gyrus,in,1.398093830918529,True,2.5377595041179406,True,8.257575517187842,True,1.3339967837417055,True
sub-HUP130,RE,RE7,6,30.64793156287664,1.1346129921320862,right angular gyrus,in,1.3709735927413573,True,3.1148166149472187,True,9.693553392393444,True,1.296293973686635,True
sub-HUP130,RE,RE8,7,36.863865903748085,7.17448075233818e-15,right angular gyrus,near,2.0302762017427036,False,2.251829133855271,True,12.36386590374809,False,1.863865903748086,False
sub-HUP130,RF,RF1,0,0.0,0.0,right pallidum,in,0.0,True,0.0,True,0.0,True,0.0,True
sub-HUP130,RF,RF2,1,6.279136097404109,0.8719174153995923,right putamen,in,0.8740368810350749,True,1.0759082638712212,True,2.8547187297748002,False,1.4981674459199705,True
sub-HUP130,RF,RF3,2,12.122701442492808,1.0755719599870237,right putamen,in,1.1791991845382876,True,1.401791672037415,True,5.187619067612209,True,2.3370997018614412,True
sub-HUP130,RF,RF4,3,19.43772315719697,0.9830931985619796,right putamen,near,1.1391230706132336,False,2.8255180839127605,False,8.966900523593399,False,4.521027149296021,False
sub-HUP130,RF,RF5,4,24.392451099772394,0.715639385772446,right cerebral white matter,white matter,1.0255570624142176,True,2.1525677726073433,False,10.406586603976045,False,4.440003788546887,False
sub-HUP130,RF,RF6,5,31.1231385687771,0.8640473832348544,right cerebral white matter,white matter,0.9096921724635484,True,3.2869595505423903,True,13.638539993390594,False,6.171923390868461,True
sub-HUP130,RF,RF7,6,37.49350364088878,0.7946910580029254,right cerebral white matter,white matter,0.8170272648992443,True,4.0363462451680805,True,16.504224378518558,False,7.527148744538402,True
sub-HUP130,RF,RF8,7,43.35897329401314,4.440892098500626e-16,right cerebral white matter,white matter,0.5949793878156275,True,4.243278256409771,True,18.858973294013147,True,8.358973294013143,True
sub-HUP130,RG,RG1,0,0.0,0.0,right frontal orbital cortex,in,0.0,True,0.0,True,0.0,True,0.0,True
sub-HUP130,RG,RG2,1,7.072824615885203,1.527878259392507,right putamen,near,1.8894633593162349,True,2.0177197040229355,False,3.73283596742953,False,2.4426595416863743,False
sub-HUP130,RG,RG3,2,11.77446813925847,1.9659473412056654,right putamen,in,1.9660566971209912,True,2.013125118504371,True,5.010940555210006,False,2.540555411469962,True
sub-HUP130,RG,RG4,3,16.13839606283491,1.02085490016515,right putamen,near,1.6345767825059767,False,1.214428594373868,False,5.698265733552821,False,1.5051739936938757,False
sub-HUP130,RG,RG5,4,21.856114381794317,0.9612864523725932,right caudate,near,1.65071231381059,False,1.0914290764244576,False,7.893715005990092,False,2.0715128477137577,True
sub-HUP130,RG,RG6,5,28.328386054299678,0.7111593185434483,right caudate,near,0.9645776176580746,True,0.8061646310472883,True,10.842805072346199,True,3.394782741725954,True
sub-HUP130,RG,RG7,6,34.920809600503375,0.657632517316274,right cerebral white matter,white matter,0.6743612512727489,True,1.5348978838251723,True,13.930148590680009,False,4.958420948539616,False
sub-HUP130,RG,RG8,7,40.67139968902074,1.7763568394002505e-15,right cerebral white matter,white matter,0.1118325340169195,True,1.5557046514173711,True,16.17139968902074,False,5.671399689020738,True
sub-HUP130,RH,RH1,0,0.0,0.0,"right cingulate gyrus, anterior",near,0.0,True,0.0,True,0.0,True,0.0,True
sub-HUP130,RH,RH2,1,6.1154219281950235,0.6369491063223334,right caudate,near,0.703414175067164,True,0.8061899384625023,True,2.6595599391676594,False,1.2556975648566944,True
sub-HUP130,RH,RH3,2,11.549970635463874,1.1738392478342419,right cerebral white matter,white matter,1.176375472479488,False,1.2151764646911307,False,4.64106588695588,False,1.8969697877864626,False
sub-HUP130,RH,RH4,3,15.152954570056139,1.1506515108206554,right cerebral white matter,white matter,2.519902464987313,False,2.015419930853824,False,4.750658553080395,False,1.1558219260399811,True
sub-HUP130,RH,RH5,4,19.238114525519585,2.868426715840789,right insular cortex,near,5.013355546570906,False,4.394142572106649,False,5.784384191131542,False,3.030225197079347,False
sub-HUP130,RH,RH6,5,25.021014932818098,3.786348090244748,right frontal orbital cortex,in,5.644054974188291,False,4.961928128668653,False,8.163994761148379,False,3.7957596603816293,False
sub-HUP130,RH,RH7,6,31.05760621979364,2.9832592871655934,right frontal operculum,in,4.821793593000368,True,3.966294641576056,True,10.353121598224252,False,3.1201317729700655,True
sub-HUP130,RH,RH8,7,38.753350301922225,7.324948293788351e-15,"right inferior frontal gyrus, pars triangularis",in,1.732450847002601,True,0.36234473568114,True,14.253350301922229,False,3.7533503019222203,False
sub-HUP132,LA,LA1,0,0.0,0.0,left amygdala,in,0.0,True,0.0,True,0.0,True,0.0,True
sub-HUP132,LA,LA2,1,6.328966642233069,1.5615913312007823,left amygdala,in,1.5738032510205338,True,1.6540727410999374,True,3.0615005924247445,True,1.9294855901684467,True
sub-HUP132,LA,LA3,2,11.56424674265858,1.5959542619822118,left amygdala,near,1.999377859394384,False,1.619930495461285,True,4.730912948695095,False,2.1587021598980822,True
sub-HUP132,LA,LA4,3,18.986951640390686,1.9369435172148866,left insular cortex,near,1.93947212891552,True,2.87458447493554,True,8.608631417633807,False,4.343671111318411,False
sub-HUP132,LA,LA5,4,25.024242869099748,1.5702215514839204,left planum polare,in,1.6068084422103281,False,3.057167386861273,True,11.086689644704583,False,5.2168501616661,False
sub-HUP132,LA,LA6,5,31.792331926337198,0.9951972399600069,"left middle temporal gyrus, posterior",near,1.0039024092299444,True,3.9639315212116513,False,14.311396090935466,False,6.849436606374797,False
sub-HUP132,LA,LA7,6,36.0106944800356,0.43290491851245794,"left middle temporal gyrus, posterior",in,2.0128121866402275,True,2.5178485004030433,True,15.014334511136301,False,6.023668285777688,False
sub-HUP132,LA,LA8,7,43.9402948972684,7.993605777301127e-15,"left middle temporal gyrus, posterior",in,0.36247159836308057,True,4.82459985966503,True,19.440294897268398,False,8.940294897268402,True
sub-HUP132,LB,LB1,0,0.0,0.0,left hippocampus,near,0.0,True,0.0,True,0.0,True,0.0,True
sub-HUP132,LB,LB2,1,7.432542550004176,0.7540611883638112,left hippocampus,near,0.9128775922250625,True,1.957318689856328,True,3.9665277410337003,True,2.5101325215736363,True
sub-HUP132,LB,LB3,2,14.330213662432671,0.5884606392240423,left cerebral white matter,white matter,0.8115026614027522,True,3.1968407070536853,False,7.3417475375331085,False,4.358038520380119,False
sub-HUP132,LB,LB4,3,21.14241018886733,0.7515660461263294,"left middle temporal gyrus, posterior",in,0.8972178316876349,False,4.429405608508931,False,10.655585704857055,False,6.17495565458428,False
sub-HUP132,LB,LB5,4,24.999926344017958,1.9740200745933838,"left middle temporal gyrus, posterior",in,3.261916856626155,True,3.240660180911535,True,11.098827910826033,False,5.30297569190221,False
sub-HUP132,LB,LB6,5,31.58744275153997,6.518999203137524,"left middle temporal gyrus, posterior",in,7.394845686480323,True,7.162700635372982,True,14.908269931898635,False,8.797446909498264,True
sub-HUP132,LB,LB7,6,36.83316888127525,4.812216136463479,"left middle temporal gyrus, posterior",in,6.769056967355736,True,5.665320809807552,True,16.246507250840704,True,8.101525332628635,True
sub-HUP132,LB,LB8,7,41.38225211226631,0.0,"left middle temporal gyrus, posterior",in,6.775410842633532,False,2.266557074662945,True,16.88225211226631,True,6.382252112266309,True
sub-HUP132,LC,LC1,0,0.0,0.0,left hippocampus,near,0.0,True,0.0,True,0.0,True,0.0,True
sub-HUP132,LC,LC2,1,7.422139550940125,1.744547659620727,left hippocampus,near,2.016145396687498,False,2.384978162414797,False,4.1035036555359925,False,2.8188892434808346,False
sub-HUP132,LC,LC3,2,11.249264212328645,0.9901681980026277,left hippocampus,near,1.5569464065785927,True,0.9906131911623978,True,4.320592525340484,True,1.5600989778100034,True
sub-HUP132,LC,LC4,3,17.103980395217107,1.4031693801506266,left cerebral white matter,white matter,2.1014497410624737,True,1.4313163901151198,True,6.695019066016756,False,2.4811969134548435,True
sub-HUP132,LC,LC5,4,23.74947663005932,2.8183768299597562,left cerebral white matter,white matter,3.076121471296221,False,3.0750162325440207,False,9.987559060979846,True,4.557575159797214,True
sub-HUP132,LC,LC6,5,27.890652337562464,1.4093267625444676,"left middle temporal gyrus, temporo-occipital",near,3.462568869770343,True,1.4118732601298143,False,10.45048781903868,False,3.1839215064450124,False
sub-HUP132,LC,LC7,6,31.916469924014212,0.5615971796614181,"left middle temporal gyrus, temporo-occipital",near,5.339451449580723,False,1.7110014595063043,False,10.925971304810158,False,1.9923185453793777,True
sub-HUP132,LC,LC8,7,38.12497740001074,0.0,"left middle temporal gyrus, temporo-occipital",in,5.299947155237537,True,0.990717637592624,True,13.624977400010742,False,3.1249774000107418,True
sub-HUP132,LD,LD1,0,0.0,0.0,left lingual gyrus,near,0.0,True,0.0,True,0.0,True,0.0,True
sub-HUP132,LD,LD2,1,6.663356203565733,1.6282579527450283,left cerebral white matter,white matter,1.7965444867838636,True,1.8477139349397231,True,3.379473307181296,False,2.1878708062117274,True
sub-HUP132,LD,LD3,2,14.092203340904835,3.5857070886281375,"left lateral occipital cortex, inferior",in,4.219431949451847,False,4.344182182804761,False,7.536099370233343,False,5.1012232731275295,False
sub-HUP132,LD,LD4,3,19.42922335927659,2.78968491852675,"left lateral occipital cortex, inferior",in,3.504649068577472,True,3.722072000999507,True,9.162897428793208,False,5.065326556556203,True
sub-HUP132,LD,LD5,4,25.02446531662782,0.6794640092358668,"left lateral occipital cortex, inferior",in,2.3087740921731563,True,2.7487165564163663,True,11.036175348813538,True,5.061056780502203,True
sub-HUP132,LD,LD6,5,30.697766102664946,0.254590632967587,"left lateral occipital cortex, inferior",in,2.2005981360879616,True,2.7686584243464187,True,13.199165916016975,True,5.7023964599314105,True
sub-HUP132,LD,LD7,6,35.733850458234215,0.6710823411365483,"left lateral occipital cortex, inferior",near,1.6565043695666881,True,2.2998945183907913,False,14.742829930766979,False,5.7667289311910155,False
sub-HUP132,LD,LD8,7,41.1693458956001,1.7763568394002505e-15,,outside the brain,1.2541015266333178,True,2.0536508579967387,True,16.6693458956001,False,6.169345895600098,False
sub-HUP132,LH,LH1,0,0.0,0.0,left paracingulate gyrus,in,0.0,True,0.0,True,0.0,True,0.0,True
sub-HUP132,LH,LH2,1,5.528767308554343,1.4643378808216485,left paracingulate gyrus,near,1.5647459743859715,True,1.4866563917914724,True,2.3447860590131953,True,1.5013523793571022,True
sub-HUP132,LH,LH3,2,11.075206996852218,3.0394480829943906,left superior frontal gyrus,near,3.237734711213507,True,3.0846159234370267,True,4.749795934666149,False,3.1081685958210543,True
sub-HUP132,LH,LH4,3,18.243604501611394,6.009686973325374,left superior frontal gyrus,in,6.024561562860809,False,6.027379549296263,False,9.019240730491154,False,6.408473385313043,False
sub-HUP132,LH,LH5,4,24.937484222669763,4.633090634520849,left middle frontal gyrus,in,4.733965991356233,True,5.108272464628152,True,11.479774247491612,False,6.461068130027574,True
sub-HUP132,LH,LH6,5,30.25089815669136,1.7227051992704923,left middle frontal gyrus,in,1.8942658259763003,True,2.843319897548515,True,12.8180968113439,True,5.479644680742259,True
sub-HUP132,LH,LH7,6,34.48314484584577,0.874903537574453,left middle frontal gyrus,in,1.2024209591052892,True,1.2873107670477877,True,13.500423237189334,True,4.556822835104012,True
sub-HUP132,LH,LH8,7,40.28943551392986,0.0,left middle frontal gyrus,in,0.8902618143726392,False,1.1737404763264911,True,15.789435513929861,True,5.289435513929857,True
sub-HUP132,LI,LI1,0,0.0,0.0,left paracingulate gyrus,in,0.0,True,0.0,True,0.0,True,0.0,True
sub-HUP132,LI,LI2,1,6.561864658065302,0.8114460437272352,left paracingulate gyrus,in,0.8168451895859463,True,1.2293803739188494,True,3.1189056901759766,True,1.7155392184308944,True
sub-HUP132,LI,LI3,2,11.958313698651805,0.9978548861385709,left paracingulate gyrus,near,1.6339922350478577,True,1.2427163876924932,True,5.0168467228197295,False,2.160810392176984,True
sub-HUP132,LI,LI4,3,17.98157670959396,1.2944193820912988,left frontal pole,near,2.2832326202210367,True,1.7455359926706588,False,7.546764194711761,False,3.207695995944723,False
sub-HUP132,LI,LI5,4,24.49751858598835,1.6467024061652893,left frontal pole,near,2.5744543819273784,True,2.661000023005806,True,10.57115462294449,False,4.737507633005129,True
sub-HUP132,LI,LI6,5,33.43119986384602,0.7527583264554584,left frontal pole,in,0.8507587628301189,True,5.534374052794572,False,15.940507661783741,False,8.45629496837042,False
sub-HUP132,LI,LI7,6,40.45233411395468,0.0,left frontal pole,in,0.8207641105635053,True,6.9245955102946475,True,19.452334113954677,False,10.452334113954677,True
sub-HUP132,LJ,LJ1,0,0.0,0.0,left subcallosal cortex,near,0.0,True,0.0,True,0.0,True,0.0,True
sub-HUP132,LJ,LJ2,1,6.130039205138103,1.1382057880665633,left caudate,near,1.1382623394653149,True,1.218671882818905,True,2.768262651419833,True,1.5306692795202423,True
sub-HUP132,LJ,LJ3,2,10.685860406074076,2.0555796690925763,left caudate,near,2.594652714965131,True,2.168177180196202,True,4.047172028692874,True,2.112316820258709,True
sub-HUP132,LJ,LJ4,3,16.638030041784567,2.0888482801557324,left insular cortex,near,2.6299880447018857,True,2.10465796158552,True,6.359241450294613,False,2.575360923872719,True
sub-HUP132,LJ,LJ5,4,21.42614453707474,2.7873627823223552,left insular cortex,in,4.0188252999522724,False,2.999420966351473,False,7.761820819232178,False,3.05239051816787,False
sub-HUP132,LJ,LJ6,5,29.01198010320639,3.964146035155073,left frontal operculum,in,4.215567735421697,False,4.044082799033275,True,11.918443313211752,False,5.449874724325435,False
sub-HUP132,LJ,LJ7,6,37.36197226585572,0.5112254033582672,"left inferior frontal gyrus, pars triangularis",near,1.258271904350609,True,3.8646978213243366,False,16.36646085101169,False,7.376211697973695,False
sub-HUP132,LJ,LJ8,7,41.04964780451272,0.0,"left inferior frontal gyrus, pars triangularis",in,1.1938785156741907,False,1.9339527669093552,True,16.54964780451272,False,6.049647804512725,False
sub-HUP132,LK,LK1,0,0.0,0.0,left frontal orbital cortex,in,0.0,True,0.0,True,0.0,True,0.0,True
sub-HUP132,LK,LK2,1,7.977507055189629,2.262936112594114,left frontal operculum,near,2.73365826345199,False,3.0613982606120755,False,4.72672000955288,False,3.4845980305230286,False
sub-HUP132,LK,LK3,2,12.340581173667983,3.0931758261075637,"left inferior frontal gyrus, pars triangularis",in,3.1063464847020676,True,3.1877510858795253,True,5.834122373258147,False,3.6547426634022258,True
sub-HUP132,LK,LK4,3,18.649612685566034,1.7492168368792393,"left inferior frontal gyrus, pars triangularis",in,1.7628500890876484,True,2.512464480137264,True,8.254858025467414,True,3.973171641349382,True
sub-HUP132,LK,LK5,4,24.916671579951892,1.8756814583075991,"left inferior frontal gyrus, pars triangularis",near,1.9140250634880138,True,3.1207287984522916,True,11.006965840200323,False,5.196309159996172,False
sub-HUP132,LK,LK6,5,30.803367713881403,0.8433425639909894,,outside the brain,0.8693014668813166,True,2.974113605444008,True,13.318548350508957,False,5.852898111176269,False
sub-HUP132,LK,LK7,6,35.12526999391285,0.8935141766561293,,outside the brain,1.8179875993970882,True,1.8205183089316601,True,14.142158315605096,False,5.191375289851427,True
sub-HUP132,LK,LK8,7,40.16375646574016,7.95651227888113e-15,,outside the brain,2.649600711627884,True,1.0480614281367915,True,15.663756465740155,False,5.163756465740151,True
sub-HUP132,LM,LM1,0,0.0,0.0,left temporal pole,in,0.0,True,0.0,True,0.0,True,0.0,True
sub-HUP132,LM,LM2,1,6.609300971684004,2.486099222026653,left temporal pole,in,2.522363837857716,True,2.54321184558963,True,3.6146298011685314,True,2.7283408875842308,True
sub-HUP132,LM,LM3,2,13.948166464517602,2.083843904501147,left temporal pole,near,3.1755478000995803,False,3.344302555066377,False,7.104124609900581,False,4.326526511190998,False
sub-HUP132,LM,LM4,3,18.538793839943814,1.6280810301501445,left temporal pole,near,2.1303835648554488,True,2.3562402943267835,True,8.131813195725229,False,3.8303902707145605,True
sub-HUP132,LM,LM5,4,24.16136121892076,1.236310552490341,,outside the brain,1.8223394401362534,True,2.165487656550162,True,10.204875874231144,False,4.3107968807758095,False
sub-HUP132,LM,LM6,5,30.31013882094205,0.5430393447213285,,outside the brain,1.8960961177860658,True,2.4270234151649506,True,12.816783149879445,False,5.332993759552767,True
sub-HUP132,LM,LM7,6,34.966953075258914,1.9589856726844572,,outside the brain,2.089085865678236,True,2.3987290732762014,True,14.0492825645732,False,5.288261713997599,True
sub-HUP132,LM,LM8,7,40.21972869607125,7.337557957613285e-15,,outside the brain,0.3356828589502744,True,1.1040336584678907,True,15.719728696071252,True,5.2197286960712574,True
sub-HUP132,LN,LN1,0,0.0,0.0,left planum temporale,in,0.0,True,0.0,True,0.0,True,0.0,True
sub-HUP132,LN,LN2,1,6.428108829884594,0.5241690048686145,left planum temporale,in,0.5246059471771988,True,0.9721611900334363,True,2.953585857963701,True,1.501187378477975,True
sub-HUP132,LN,LN3,2,12.202871836698938,0.48484001033735885,left planum temporale,in,0.821348970958435,True,1.1269502123415123,True,5.2158194946613055,True,2.2461868266079335,True
sub-HUP132,LN,LN4,3,16.205866970006372,1.224729384080649,left planum temporale,in,3.3562424006287768,False,1.3657222694176216,True,5.7905228741536945,True,1.686550952698642,True
sub-HUP132,LN,LN5,4,23.17266111996915,1.2715169735799483,"left superior temporal gyrus, posterior",near,2.8715432607448452,True,1.494801699952913,True,9.22579143891303,False,3.3855914570936716,False
sub-HUP132,LN,LN6,5,29.486001007636432,0.3616409802014653,"left superior temporal gyrus, posterior",near,2.681261455262353,False,1.5857879274063515,True,11.989238664536352,False,4.498343683832412,False
sub-HUP132,LN,LN7,6,35.98161537455891,0.30580429263110953,,outside the brain,2.6063394556493815,True,2.4715686146263747,True,14.983436830189696,False,5.988129418808124,True
sub-HUP132,LN,LN8,7,40.9661084986908,7.993605777301127e-15,,outside the brain,4.030653310501353,True,1.8504134610874299,True,16.4661084986908,False,5.966108498690802,True
sub-HUP132,RA,RA1,0,0.0,0.0,right amygdala,in,0.0,True,0.0,True,0.0,True,0.0,True
sub-HUP132,RA,RA2,1,6.205094698097591,1.8137413312974184,right amygdala,in,1.8539483149667464,True,1.846475825096832,True,3.0355395465834443,True,2.04014714986247,True
sub-HUP132,RA,RA3,2,12.364590173511573,1.0615930100163635,right amygdala,near,1.1079962925893476,True,1.5599598578720026,True,5.423838867054242,False,2.550378405564426,True
sub-HUP132,RA,RA4,3,19.728834578515304,1.0714736776057623,right planum polare,near,1.3052356891569152,True,3.125261390103188,True,9.261903287482852,False,4.8203109500705965,True
sub-HUP132,RA,RA5,4,24.067437897470064,0.7766026619917064,"right superior temporal gyrus, anterior",near,1.4441404839210836,True,1.8717881087486785,False,10.084851339713516,False,4.128603440727003,False
sub-HUP132,RA,RA6,5,28.794115355444294,0.6170341259225769,"right superior temporal gyrus, anterior",in,2.8701764461927586,True,1.0485047823430378,True,11.304355910148997,False,3.8374356788524313,False
sub-HUP132,RA,RA7,6,35.6163279539749,7.16093850883226e-15,"right middle temporal gyrus, anterior",in,2.292355824429226,True,2.0885893503148782,True,14.616327953974904,False,5.616327953974906,False
sub-HUP132,RB,RB1,0,0.0,0.0,right hippocampus,in,0.0,True,0.0,True,0.0,True,0.0,True
sub-HUP132,RB,RB2,1,6.696967919650623,1.794630781705572,right hippocampus,in,1.8112687988477938,True,1.991813554835929,False,3.454732337862336,False,2.308481792750654,True
sub-HUP132,RB,RB3,2,14.254058957419295,3.218531721005369,right hippocampus,in,3.2559194893856005,False,4.207514469081123,False,7.60099182791919,True,5.04573621127196,False
sub-HUP132,RB,RB4,3,21.014403433650898,2.9293643341253857,"right middle temporal gyrus, posterior",near,3.01615074810372,True,4.994607454685625,False,10.71733924470953,False,6.506020836174902,False
sub-HUP132,RB,RB5,4,27.05135295747403,3.3842431973036633,"right middle temporal gyrus, posterior",near,3.384626772256564,False,5.620166873763411,True,13.277370283900137,False,7.630376568768008,True
sub-HUP132,RB,RB6,5,34.10045627383392,3.845442042072592,"right middle temporal gyrus, posterior",near,3.865993954679622,False,7.078740132798923,False,16.828196030777995,False,9.679569517080413,False
sub-HUP132,RB,RB7,6,38.62727775082855,3.2952575125662644,"right middle temporal gyrus, posterior",near,3.7057946221998863,False,5.953794890078058,False,17.794244125767886,True,9.103778499339782,False
sub-HUP132,RB,RB8,7,42.94730144393312,7.993605777301127e-15,"right middle temporal gyrus, posterior",in,3.931473993621239,True,3.83160640632976,True,18.447301443933124,True,7.947301443933123,True
sub-HUP132,RC,RC1,0,0.0,0.0,right hippocampus,in,0.0,True,0.0,True,0.0,True,0.0,True
sub-HUP132,RC,RC2,1,6.725840058347249,0.7022813540517805,right hippocampus,in,0.8696285678292486,True,1.3060097117069045,True,3.2654860203537672,True,1.829254962306211,True
sub-HUP132,RC,RC3,2,14.139766942243133,0.6503884729682855,right hippocampus,near,1.887990105415219,True,3.019759350175281,True,7.154424842107634,False,4.175762046292751,True
sub-HUP132,RC,RC4,3,19.830651127324476,0.2756756234689386,right cerebral white matter,white matter,1.3290799375457607,True,3.0772387108773143,True,9.332807272089006,False,4.83659773244742,True
sub-HUP132,RC,RC5,4,26.1467862934399,0.35413459482687226,right cerebral white matter,white matter,1.4825589023358998,True,3.8090601975013825,True,12.149550213968233,False,6.154584860003681,True
sub-HUP132,RC,RC6,5,32.03269305156607,2.4033671161556542,"right middle temporal gyrus, temporo-occipital",near,2.6273367425295744,True,4.668743375123777,False,14.64101232030727,False,7.3466430159470475,False
sub-HUP132,RC,RC7,6,36.4728969952722,0.9010837792661651,"right middle temporal gyrus, temporo-occipital",in,1.0799994011934977,True,3.06927668320024,True,15.4879989145229,False,6.524289321773094,False
sub-HUP132,RC,RC8,7,41.70439881359819,5.329070518200751e-15,"right middle temporal gyrus, temporo-occipital",in,1.528906324891516,True,2.588703775994824,True,17.20439881359819,False,6.704398813598192,True
sub-HUP132,RD,RD1,0,0.0,0.0,right lingual gyrus,in,0.0,True,0.0,True,0.0,True,0.0,True
sub-HUP132,RD,RD2,1,6.912946789582855,2.666826198429303,right lingual gyrus,in,2.8368561668308936,True,2.7813452721047858,True,3.9235109019456473,True,3.001734689666998,True
sub-HUP132,RD,RD3,2,14.34671855274127,2.6918712263296714,right occipital fusiform gyrus,near,4.236194970146503,False,3.9685335602704357,False,7.585609827566406,False,4.897955329464511,False
sub-HUP132,RD,RD4,3,19.777584762097057,0.9359626005815631,"right lateral occipital cortex, inferior",near,3.6461641668526115,False,3.134554820577017,False,9.302630029401843,False,4.846658312302675,False
sub-HUP132,RD,RD5,4,23.877703066111007,1.3400627602222182,"right lateral occipital cortex, inferior",in,2.5744209185398854,False,2.002657998932473,False,9.930898496228643,False,4.06717413803775,False
sub-HUP132,RD,RD6,5,28.509204664490905,1.478149922541059,"right lateral occipital cortex, inferior",in,2.0486490845705827,True,1.5706590980490303,True,11.06999000501719,False,3.7725045736280913,True
sub-HUP132,RD,RD7,6,33.4496094638574,0.8003727214157889,"right lateral occipital cortex, inferior",in,1.2631038567266515,True,0.8051638624765564,True,12.465753337888579,False,3.5319145548042394,True
sub-HUP132,RD,RD8,7,38.79098481601046,1.3293037379376718e-14,"right lateral occipital cortex, inferior",in,0.9176294474401564,True,0.32471022159290996,True,14.290984816010461,False,3.790984816010459,True
sub-HUP132,RE,RE1,0,0.0,0.0,right Heschl's gyrus,in,0.0,True,0.0,True,0.0,True,0.0,True
sub-HUP132,RE,RE2,1,6.755781050848938,1.146362983921829,right insular cortex,in,1.1505418217669416,False,1.5680350837315424,False,3.3594508423456104,False,2.01555971667346,False
sub-HUP132,RE,RE3,2,11.098287660260008,1.202033731168915,right insular cortex,in,2.754660021813992,False,1.2104994777717808,False,4.208322651252997,False,1.584921286952765,True
sub-HUP132,RE,RE4,3,18.032271393195675,0.9083498159168059,right central operculum,in,2.433824968890546,True,1.5415551984985123,True,7.564116876153474,True,3.1434786546915214,True
sub-HUP132,RE,RE5,4,26.04710087786228,1.8371278471084629,right central operculum,near,2.11151449778791,False,4.068770669045852,True,12.122249935963273,False,6.257966838644425,False
sub-HUP132,RE,RE6,5,33.55072039550929,2.7388984644117342,right precentral gyrus,near,2.759941628721392,False,6.143296541164653,False,16.172352014724027,False,8.872084468461052,False
sub-HUP132,RE,RE7,6,38.77075885510775,3.108405347863872,right precentral gyrus,in,3.637238431532887,True,5.988178844530766,False,17.917638908688808,False,9.187745052272017,False
sub-HUP132,RE,RE8,7,41.92276054091241,7.17448075233818e-15,right precentral gyrus,in,5.367706815030161,True,2.807065503309041,True,17.422760540912407,False,6.922760540912407,True
sub-HUP132,RF,RF1,0,0.0,0.0,right insular cortex,in,0.0,True,0.0,True,0.0,True,0.0,True
sub-HUP132,RF,RF2,1,5.272418747215326,2.312501892655717,right central operculum,in,2.532984400593116,True,2.4636793608629666,True,2.6231384360558603,True,2.3272716769756987,True
sub-HUP132,RF,RF3,2,12.192728318801512,4.931385221873096,right central operculum,near,4.946995597901879,False,4.931448317272774,False,6.44585810624506,False,5.063919934062072,False
sub-HUP132,RF,RF4,3,17.292730945551412,4.096770948977808,"right inferior frontal gyrus, pars opercularis",near,4.129018845717506,False,4.096934234138888,False,7.515261910818634,False,4.474945892990045,False
sub-HUP132,RF,RF5,4,21.054786534431493,4.292821493835258,right precentral gyrus,near,4.955093336511416,True,4.631794776743253,True,7.883758834556913,False,4.336299040543159,True
sub-HUP132,RF,RF6,5,32.004236345566866,2.8869514637695937,right precentral gyrus,in,4.174017200717641,True,4.879618842240669,False,14.660815148357893,False,7.45540624508237,False
sub-HUP132,RF,RF7,6,40.410705614700774,1.2329577834106737,right middle frontal gyrus,near,5.891384137516197,False,6.97400798903799,False,19.43104892115189,False,10.464779275045515,False
sub-HUP132,RF,RF8,7,45.31358488966347,7.215595591812694e-15,right middle frontal gyrus,in,4.91078648478518,False,6.197889852060104,False,20.813584889663467,False,10.313584889663463,False
sub-HUP133,LA,LA1,0,0.0,0.0,"left parahippocampal gyrus, anterior",in,0.0,True,0.0,True,0.0,True,0.0,True
sub-HUP133,LA,LA2,1,4.97135032030744,2.4585517943377555,"left parahippocampal gyrus, anterior",in,2.5758307067026096,False,2.765864353741512,False,2.5919666459421786,False,2.550628463594941,False
sub-HUP133,LA,LA3,2,9.820423061335434,4.348609462569929,"left parahippocampal gyrus, anterior",in,4.560326117270694,False,4.952879790056713,False,4.708385777860995,False,4.509780466953548,False
sub-HUP133,LA,LA4,3,15.703770457582133,7.4576908845420675,"left temporal fusiform cortex, anterior",in,7.596926387165615,False,8.017715639243457,False,8.163288421118905,False,7.550473577488385,False
sub-HUP133,LA,LA5,4,23.578472992775776,5.757180264110601,"left temporal fusiform cortex, anterior",near,6.279659246917624,True,5.77998887028149,True,10.570235350903792,False,6.43056971172842,True
sub-HUP133,LA,LA6,5,27.955496537842375,4.073330292930131,"left inferior temporal gyrus, anterior",near,4.634651009189057,True,4.083124104056622,True,10.943475225695508,False,4.863378310277777,False
sub-HUP133,LA,LA7,6,32.33922010768176,2.364204051824336,"left inferior temporal gyrus, anterior",in,2.9220023426617767,False,2.6861165699522354,True,11.498364354694933,False,3.2655858545470506,False
sub-HUP133,LA,LA8,7,38.67755120126684,0.0,"left middle temporal gyrus, anterior",in,3.052771379437985,True,0.4381438363365319,True,14.17755120126683,False,3.6775512012668283,True
sub-HUP133,LB,LB1,0,0.0,0.0,"left parahippocampal gyrus, posterior",in,0.0,True,0.0,True,0.0,True,0.0,True
sub-HUP133,LB,LB2,1,6.557225035194315,1.5839598408805287,"left parahippocampal gyrus, posterior",in,1.584839882534112,True,1.7634291879771158,True,3.271990804363782,True,2.0896902624850586,True
sub-HUP133,LB,LB3,2,11.603226500887168,1.992043049971319,"left temporal fusiform cortex, posterior",in,2.4352248370778202,True,2.0083026951412637,True,4.858143472092241,False,2.4527239743847917,True
sub-HUP133,LB,LB4,3,16.8586997222582,1.192380120962918,"left temporal fusiform cortex, posterior",in,2.7077362509407092,False,1.1935401944741766,True,6.428038956647442,True,2.1728710206270345,True
sub-HUP133,LB,LB5,4,23.17251103791145,1.7053776338661557,"left inferior temporal gyrus, posterior",near,3.070795435573315,True,1.8661844296730967,True,9.267925481296523,False,3.5466004620575964,True
sub-HUP133,LB,LB6,5,29.92039650103926,2.8057876563293407,"left middle temporal gyrus, posterior",near,3.6221117177169297,False,3.360116825613426,False,12.604796453623067,False,5.550013591160683,False
sub-HUP133,LB,LB7,6,36.50554756882792,1.7953526393370034,"left middle temporal gyrus, posterior",in,2.712798079829311,True,3.43940418667634,False,15.565260755737649,False,6.706163625897685,False
sub-HUP133,LB,LB8,7,41.93303986100397,8.140289677804162e-15,"left middle temporal gyrus, posterior",in,2.977891873175747,True,2.8173448234006004,True,17.433039861003966,False,6.933039861003971,True
sub-HUP133,LC,LC1,0,0.0,0.0,left lingual gyrus,in,0.0,True,0.0,True,0.0,True,0.0,True
sub-HUP133,LC,LC2,1,7.958413307510003,1.468255024865718,left temporo-occipital fusiform cortex,in,2.8056024063622234,True,2.67316927708244,True,4.564398752038329,False,3.1809327598011623,True
sub-HUP133,LC,LC3,2,13.26575401653463,2.300911945250586,left temporo-occipital fusiform cortex,near,3.1851964588230333,True,2.97685432731353,True,6.486495074930411,False,3.832296862370634,False
sub-HUP133,LC,LC4,3,18.242207544303803,3.459820237856945,left temporo-occipital fusiform cortex,near,3.819427410832051,True,3.645066814567504,True,8.178928647488796,False,4.521604170752507,True
sub-HUP133,LC,LC5,4,24.580470143784744,3.9234402467507716,left temporo-occipital fusiform cortex,near,4.674448341396494,False,4.3651887925483885,False,10.989555790275434,True,5.7953778036254775,False
sub-HUP133,LC,LC6,5,30.35537780115216,4.016595933515675,"left lateral occipital cortex, inferior",in,4.973575851497283,False,4.555205214393437,False,13.21372674488192,False,6.482711740049544,False
sub-HUP133,LC,LC7,6,34.48636215259245,2.662380693568293,"left lateral occipital cortex, inferior",in,3.2121207634239712,True,2.7965147550516445,True,13.645685053586064,False,5.1286266925024275,True
sub-HUP133,LC,LC8,7,38.65256756506223,5.0242958677880805e-15,"left lateral occipital cortex, inferior",in,0.6351328103435004,True,0.4631274725411409,True,14.152567565062224,False,3.652567565062223,True
sub-HUP133,LD,LD1,0,0.0,0.0,left temporo-occipital fusiform cortex,in,0.0,True,0.0,True,0.0,True,0.0,True
sub-HUP133,LD,LD2,1,6.077116865979436,2.8315728411440566,left occipital fusiform gyrus,in,2.8644891431163333,True,2.83941047569003,True,3.3972677167952745,False,2.8565771522545416,False
sub-HUP133,LD,LD3,2,11.138558219220112,2.7434782070048254,left occipital fusiform gyrus,in,2.864799706153661,False,2.7697396251282997,False,4.683138364507511,True,2.8564566412241046,True
sub-HUP133,LD,LD4,3,18.76630192052442,2.834352514930452,"left lateral occipital cortex, inferior",near,3.04784069774199,True,3.3507432241519215,True,8.535371106052937,False,4.5434935561525265,True
sub-HUP133,LD,LD5,4,24.47595255091237,2.111248127884316,"left lateral occipital cortex, inferior",in,2.4013572585823266,True,2.9308793935254522,True,10.597165297568653,False,4.866538277085864,True
sub-HUP133,LD,LD6,5,27.9587590447607,0.7514210995237449,"left lateral occipital cortex, inferior",in,1.3338250334690203,True,0.7514735375560458,True,10.47564418958552,False,3.042897817612215,True
sub-HUP133,LD,LD7,6,32.21117593876876,0.8975752085996164,"left lateral occipital cortex, inferior",in,2.8093936930608736,True,1.6037675044162427,True,11.234580714899359,True,2.374822469182525,True
sub-HUP133,LD,LD8,7,37.05174383243431,0.0,"left lateral occipital cortex, inferior",in,3.61921235837311,True,2.0639512051690554,True,12.551743832434315,True,2.0517438324343154,True
sub-HUP133,LE,LE1,0,0.0,0.0,left putamen,near,0.0,True,0.0,True,0.0,True,0.0,True
sub-HUP133,LE,LE2,1,6.040655877184854,1.7010311102282079,left putamen,in,1.7704535554757876,False,1.7137313594081633,False,2.8576343050966457,False,1.878151368346323,False
sub-HUP133,LE,LE3,2,12.701956853962203,3.1029898503760327,left putamen,near,3.1136259004347067,False,3.3061871532418206,False,6.156312927293568,True,3.872665468711745,False
sub-HUP133,LE,LE4,3,18.456368946744597,3.583380681722701,left insular cortex,near,3.662303454891654,False,3.8261843474012665,False,8.407087825553587,True,4.741587934296122,False
sub-HUP133,LE,LE5,4,25.28360438301219,3.0450985632805776,left central operculum,near,3.0454916823783513,True,4.101546200282306,True,11.509687549535462,False,5.939542107042271,False
sub-HUP133,LE,LE6,5,31.485876511484996,2.836815912411471,left cerebral white matter,white matter,2.8378824755833945,True,4.441903793724849,False,14.145200900731703,False,6.96199710808782,False
sub-HUP133,LE,LE7,6,39.455667928865786,1.6236170293758447,left precentral gyrus,near,2.350415721518807,True,6.114030390170732,False,18.493656639831226,False,9.561112935673698,False
sub-HUP133,LE,LE8,7,45.36364929962513,7.215595591812694e-15,left precentral gyrus,in,1.3537845928320595,True,6.247954262021769,False,20.86364929962513,False,10.363649299625134,False
sub-HUP133,LF,LF1,0,0.0,0.0,left insular cortex,in,0.0,True,0.0,True,0.0,True,0.0,True
sub-HUP133,LF,LF2,1,4.768800880730017,1.0855021844193873,left insular cortex,in,2.434625265132169,True,1.4387836757113597,True,1.5767583693876464,True,1.1425087704687282,True
sub-HUP133,LF,LF3,2,11.344859690068795,0.20677137218433456,left insular cortex,in,2.3119958365324074,False,0.2658274477757805,True,4.347894687958991,True,1.3587997862492251,True
sub-HUP133,LF,LF4,3,17.418630093985023,1.4228316454014467,left central operculum,in,3.4183289971807724,False,1.5428298888324647,True,7.006413420496769,False,2.756091101955051,True
sub-HUP133,LF,LF5,4,23.618211666068923,1.3059345602372703,left frontal operculum,near,3.9325080457003314,False,1.794153992496052,True,9.670662127796266,False,3.812709816057478,False
sub-HUP133,LF,LF6,5,30.466355380777017,0.6569440034597747,"left inferior frontal gyrus, pars opercularis",near,3.713563848989165,False,2.6037286925927643,True,12.975912275588705,False,5.498656501810676,False
sub-HUP133,LF,LF7,6,38.26487145896306,1.9449819006777564,left middle frontal gyrus,in,3.3452448179129948,True,5.075155364841187,False,17.32493111873891,False,8.442504870150321,False
sub-HUP133,LF,LF8,7,45.68548026165658,0.0,left middle frontal gyrus,in,2.0744917507400475,True,6.5697852240532155,True,21.185480261656576,False,10.685480261656581,False
sub-HUP133,LG,LG1,0,0.0,0.0,"left cingulate gyrus, anterior",near,0.0,True,0.0,True,0.0,True,0.0,True
sub-HUP133,LG,LG3,1,9.667384541054513,1.8562380669169558,left cerebral white matter,white matter,2.4409840250866757,True,2.5092527288855044,True,3.1037539460560915,True,1.9256877800162773,True
sub-HUP133,LG,LG4,2,13.850450271405089,2.1400793682432315,left cerebral white matter,white matter,3.6242227405868643,True,3.7503092647255953,True,3.8364742854517293,True,2.512267935759798,True
sub-HUP133,LG,LG5,3,18.41172878710322,1.9345803367323524,left cerebral white matter,white matter,4.2958143347101005,False,4.4811258944625525,False,4.724094253926495,True,2.568918460872396,False
sub-HUP133,LG,LG6,4,23.8518600227424,1.3913390274839577,left frontal operculum,near,4.112932916004318,True,4.356677754611393,True,6.462788979883426,False,1.8300169535332895,True
sub-HUP133,LG,LG7,5,30.745684090959315,0.8255639512913732,left frontal operculum,near,2.6170628107586724,True,2.9125913611757013,True,9.769542489039058,True,1.1050749029680114,True
sub-HUP133,LG,LG8,6,38.22135800317334,1.4485751647352964e-14,"left inferior frontal gyrus, pars triangularis",near,0.5330171533040027,True,0.8943370344300203,True,13.721358003173338,False,3.2213580031733415,True
sub-HUP133,LH,LH1,0,0.0,0.0,left subcallosal cortex,in,0.0,True,0.0,True,0.0,True,0.0,True
sub-HUP133,LH,LH2,1,6.3458460999631825,0.9318974364797087,left frontal orbital cortex,in,1.2682786738832423,True,1.1589994959803447,True,2.929236704916979,True,1.5809124201402087,True
sub-HUP133,LH,LH3,2,11.18340809759129,0.2577853708215352,left frontal orbital cortex,near,0.4322113721322066,True,0.257825060633905,True,4.1883772237115,False,1.2082565745286098,True
sub-HUP133,LH,LH4,3,16.612618811067573,0.6280083888295073,left cerebral white matter,white matter,0.7191822316264609,True,0.6488484593381539,True,6.132982535673068,False,1.719528030893525,True
sub-HUP133,LH,LH5,4,21.804104459339854,0.9831017908264742,left insular cortex,near,0.9897930864538654,True,1.1363406537960792,True,7.843782657467934,False,2.0351324967233175,True
sub-HUP133,LH,LH6,5,27.89727109407076,0.9011997590546666,left insular cortex,near,1.2043390702870889,True,0.9030050512232951,True,10.421748845851223,False,3.0202953160195083,True
sub-HUP133,LH,LH7,6,33.21172865307122,0.4839430468281712,left insular cortex,near,0.8573053679986696,True,0.5799173532971039,True,12.217790772022363,True,3.2444976083352786,True
sub-HUP133,LH,LH8,7,37.384702406396976,5.329070518200751e-15,left frontal operculum,near,0.5326063939835928,True,1.7309926312063928,True,12.884702406396976,False,2.3847024063969724,False
sub-HUP133,RI,RI1,0,0.0,0.0,right hippocampus,in,0.0,True,0.0,True,0.0,True,0.0,True
sub-HUP133,RI,RI2,1,5.629895988476717,2.2875807488774025,right hippocampus,in,2.2907465291748608,True,2.3302260106343247,True,2.8171599888501846,True,2.292120587222516,True
sub-HUP133,RI,RI3,2,10.5590472882078,3.2664098551338148,right hippocampus,in,3.266416288193643,True,3.4579174702162625,True,4.462939692615857,True,3.2666686415419735,True
sub-HUP133,RI,RI4,3,17.398042741790356,3.0989938430072943,right hippocampus,in,3.7148043140919134,True,3.1193687637349856,True,7.309291193105077,True,3.7546486181521406,True
sub-HUP133,RI,RI5,4,22.864641972310483,2.9307233175128347,"right temporal fusiform cortex, posterior",near,3.905106918383237,False,2.9486018646094503,False,9.15766235948793,False,3.9686673066839457,False
sub-HUP133,RI,RI6,5,26.050677002516135,1.8210100519039492,"right temporal fusiform cortex, posterior",near,2.017279518690154,True,2.6701351549402927,True,8.680117426139361,False,2.0712683639124716,True
sub-HUP133,RI,RI7,6,29.71752059591428,0.5464207737231309,right cerebral white matter,white matter,0.695512792534569,False,3.8541726925550583,False,8.729614700206222,False,0.617441383545001,False
sub-HUP133,RI,RI8,7,34.70649234845738,0.0,"right middle temporal gyrus, posterior",near,0.4601095139562472,True,4.409202689145982,False,10.206492348457378,False,0.2935076515426157,True
sub-HUP133,RJ,RJ1,0,0.0,0.0,right putamen,in,0.0,True,0.0,True,0.0,True,0.0,True
sub-HUP133,RJ,RJ2,1,6.636827390382215,0.9626903154141786,right putamen,in,1.2805806786761775,True,1.3728021929445535,True,3.2141915795538707,True,1.8387822706332904,True
sub-HUP133,RJ,RJ3,2,11.59439541775409,0.5917195781961354,right putamen,in,0.6069101819501119,True,0.7161300500525217,True,4.617358097329811,True,1.6864985993836303,True
sub-HUP133,RJ,RJ4,3,17.45507792537036,0.7597341653034642,right putamen,in,0.8069612248733542,True,1.0160568894566449,True,6.9800059042237725,True,2.5541447572728933,True
sub-HUP133,RJ,RJ5,4,23.172492174287658,1.0681679311808234,right putamen,near,1.0991573243477692,True,1.3321609794804987,True,9.210011979834663,False,3.3241545860717325,True
sub-HUP133,RJ,RJ7,5,34.70756711161256,0.5347961284455074,right cerebral white matter,white matter,0.6505391980743367,True,1.2916254329503223,True,13.713878240799314,False,4.733752960139688,True
sub-HUP133,RJ,RJ8,6,40.20624633603443,0.0,right cerebral white matter,white matter,0.15102241752458292,True,1.0905512984310668,True,15.706246336034432,False,5.2062463360344315,True
sub-HUP134,LA,LA1,0,0.0,0.0,"left parahippocampal gyrus, anterior",in,0.0,True,0.0,True,0.0,True,0.0,True
sub-HUP134,LA,LA2,1,5.061677913953603,0.6665796235922834,left amygdala,near,0.6666466473366441,False,0.8772919076474273,False,1.6575347854383498,False,0.6668117892055372,False
sub-HUP134,LA,LA3,2,10.433808796806687,1.8250063267289263,left temporal pole,near,1.838083307262531,True,2.0361657665771555,True,3.747388247894542,True,1.845306353954715,True
sub-HUP134,LA,LA4,3,14.923858890789061,1.804050537076194,left temporal pole,near,1.8236612906777976,True,2.65611759333452,False,4.676408525888863,True,1.8135708436085642,True
sub-HUP134,LA,LA5,4,18.512547155336165,1.1069125075101018,left planum polare,near,1.9692969148945474,False,4.027498362735384,False,4.614163334570647,False,1.8807986998433128,False
sub-HUP134,LA,LA6,5,23.253750281469994,0.4555742724997301,left temporal pole,near,1.9401947829424921,True,4.712567367704452,False,5.767308814389596,False,1.8090172212108468,True
sub-HUP134,LA,LA7,6,28.245785756190127,0.8555078466190901,"left middle temporal gyrus, anterior",in,2.1106162636699595,True,5.363579287477258,True,7.283246515462269,False,1.9633629711781364,True
sub-HUP134,LA,LA8,7,33.211821633742474,0.0,"left middle temporal gyrus, anterior",in,1.9775105904416548,True,5.903873403860893,False,8.711821633742476,False,1.7881783662575264,True
sub-HUP134,LB,LB1,0,0.0,0.0,"left parahippocampal gyrus, posterior",in,0.0,True,0.0,True,0.0,True,0.0,True
sub-HUP134,LB,LB2,1,4.888865165310069,1.0243255868794654,"left temporal fusiform cortex, posterior",in,1.0368079895597366,True,1.3044036058017727,True,1.6396776104109574,True,1.047610808805523,True
sub-HUP134,LB,LB3,2,9.983592583442944,1.8428631784341984,"left temporal fusiform cortex, posterior",in,1.8441720734090623,True,2.292665507918602,True,3.3620930786686607,True,1.8524245147445495,True
sub-HUP134,LB,LB4,3,14.523432441236404,2.436146826100754,"left temporal fusiform cortex, posterior",in,2.4878561289658436,True,3.4523571644494497,False,4.528720578101237,True,2.5299020624663795,True
sub-HUP134,LB,LB5,4,18.90182210527004,4.3408012383165255,"left temporal fusiform cortex, posterior",in,4.55076967451903,False,5.8724831330307365,False,6.178429345139153,True,4.627453095092079,False
sub-HUP134,LB,LB6,5,23.04157443408224,6.568341106517929,"left temporal fusiform cortex, posterior",in,7.070936847174492,False,8.798594439713296,False,8.010635170896759,True,7.185901884026844,False
sub-HUP134,LB,LB7,6,27.337403650955714,5.767129502465874,"left inferior temporal gyrus, temporo-occipital",in,6.465282113585531,True,8.920520028534972,True,8.124217019347675,False,6.633552233572289,False
sub-HUP134,LB,LB8,7,32.405978684631805,2.9204467625127624,"left inferior temporal gyrus, temporo-occipital",in,3.724295608134852,True,7.438833114940764,True,8.304568643979072,False,3.9949296453517307,True
sub-HUP134,LB,LB9,8,37.944960769776095,1.31665414463623,"left inferior temporal gyrus, temporo-occipital",in,2.0751036204882105,True,6.908174520629751,True,10.009088679556381,False,2.45991923481513,True
sub-HUP134,LB,LB10,9,43.481052639520755,8.140289677804162e-15,"left inferior temporal gyrus, temporo-occipital",in,0.9857028240376895,True,6.81055526596928,False,11.981052639520756,True,1.5189473604792456,True
sub-HUP134,LC,LC1,0,0.0,0.0,left paracingulate gyrus,near,0.0,True,0.0,True,0.0,True,0.0,True
sub-HUP134,LC,LC2,1,4.322914981426317,1.6048608867742717,left cerebral white matter,white matter,1.6343258015503614,True,2.2478852530968605,False,1.685156179479829,True,1.8835654519504954,True
sub-HUP134,LC,LC3,2,7.086387712967732,2.076525695273921,left frontal pole,near,2.7947762985080895,True,4.865921860046736,True,2.088645741961551,True,3.835431394969819,True
sub-HUP134,LC,LC4,3,11.073995120575793,3.165255170521255,left frontal pole,in,3.9462755429718244,False,6.918406296803514,True,3.1672360382209086,False,5.410488985380202,True
sub-HUP134,LC,LC5,4,14.656141738310758,3.416901986816275,left frontal pole,in,4.573083762629021,True,8.790789599191905,True,3.4262020668197857,True,6.686672609072448,True
sub-HUP134,LC,LC6,5,20.207231501490927,1.1809961168011047,left frontal pole,in,1.8638083798329312,True,7.856364334274304,True,2.9219903849499955,True,4.969674654957098,True
sub-HUP134,LC,LC7,6,26.671330041914842,0.4397184610476942,left frontal pole,in,0.8523887265227904,True,6.874111750751023,False,5.68473685614276,True,3.3611816081685193,True
sub-HUP134,LC,LC8,7,32.10341232289705,7.16093850883226e-15,left frontal pole,in,1.8430074529128313,True,7.0122827147063225,False,7.603412322897053,True,2.896587677102952,False
sub-HUP134,RA,RA1,0,0.0,0.0,"right parahippocampal gyrus, anterior",in,0.0,True,0.0,True,0.0,True,0.0,True
sub-HUP134,RA,RA2,1,5.474769488927125,1.7066902355883131,"right temporal fusiform cortex, posterior",near,1.7068707462892256,False,1.749797310579959,False,2.410276692939532,False,1.7185972059715753,False
sub-HUP134,RA,RA3,2,9.955571763226969,3.018138262497586,"right temporal fusiform cortex, posterior",in,3.1402543737028457,False,3.4585246431004992,False,3.910832533269213,False,3.061416190366861,False
sub-HUP134,RA,RA4,3,14.348813367364395,1.6456604994954234,"right temporal fusiform cortex, posterior",near,2.083167011119009,False,3.0011640285691152,False,4.098987313110147,False,1.8067980666682992,False
sub-HUP134,RA,RA5,4,20.236048701247604,1.1414131640173588,"right middle temporal gyrus, anterior",near,1.2480108892058288,True,2.432426658160597,True,6.307960071861997,False,1.159470418784687,True
sub-HUP134,RA,RA6,5,25.82919455756717,1.7840434070453592,"right superior temporal gyrus, anterior",near,1.7879506835285832,False,2.810975796390557,False,8.457807238614398,False,1.9421327885162107,False
sub-HUP134,RA,RA7,6,30.253554274987277,2.3204095400094964,"right middle temporal gyrus, anterior",in,2.488235222821279,True,4.086086102500926,True,9.45363431706941,False,2.3262286830196017,True
sub-HUP134,RA,RA8,7,33.84572836110438,0.0,"right middle temporal gyrus, anterior",in,2.394177442401835,True,5.269966676498985,True,9.345728361104372,True,1.154271638895621,True
sub-HUP134,RB,RB1,0,0.0,0.0,right hippocampus,in,0.0,True,0.0,True,0.0,True,0.0,True
sub-HUP134,RB,RB2,1,6.420164853523136,1.6783285683496076,"right temporal fusiform cortex, posterior",in,2.3335038527958654,False,1.7853892593382454,False,3.176495896318357,False,2.0614042216076274,False
sub-HUP134,RB,RB3,2,10.571076704715189,3.2260808151234683,"right temporal fusiform cortex, posterior",in,3.3534543870255495,False,3.4114179626669694,True,4.451150270598471,False,3.2267719212765664,True
sub-HUP134,RB,RB4,3,14.051981978316897,3.6258839574972357,"right temporal fusiform cortex, posterior",in,3.6290210684063,True,4.827913611867801,False,4.754952987106489,True,3.8954403114245655,False
sub-HUP134,RB,RB5,4,17.47466388252125,3.7541208838866367,"right inferior temporal gyrus, posterior",in,3.9523568373201767,True,6.482787473663644,True,4.847447783751212,True,4.764239809555404,False
sub-HUP134,RB,RB6,5,20.889975819492367,4.511171052273962,"right inferior temporal gyrus, posterior",in,5.148517243829939,True,8.788810249417358,True,5.3613126464524035,True,6.444969951311734,True
sub-HUP134,RB,RB7,6,25.260748924422188,6.614598947177257,"right inferior temporal gyrus, posterior",in,7.294261904270423,True,11.289198570322473,False,7.427846215180585,False,8.680130720671658,True
sub-HUP134,RB,RB8,7,29.875388280855415,6.060693221956875,"right inferior temporal gyrus, posterior",in,6.665971979658783,True,11.57504025786184,False,7.702869157569007,True,8.351436641087226,False
sub-HUP134,RB,RB9,8,36.588283672448526,3.325264458560886,"right inferior temporal gyrus, temporo-occipital",in,3.329527555232674,True,8.910507570054879,False,9.068520927805556,False,4.873737373394905,True
sub-HUP134,RB,RB10,9,43.507457098891585,7.944303236004526e-15,"right inferior temporal gyrus, temporo-occipital",near,2.326495888052759,False,6.784150806598463,False,12.007457098891589,False,1.492542901108415,True
sub-HUP134,RC,RC1,0,0.0,0.0,"right temporal fusiform cortex, posterior",in,0.0,True,0.0,True,0.0,True,0.0,True
sub-HUP134,RC,RC2,1,3.6542716179972095,1.7817084851945622,"right temporal fusiform cortex, posterior",in,2.633642203126267,True,2.9870283434229212,True,1.8083922654449183,True,2.5394522098535433,True
sub-HUP134,RC,RC3,2,7.021438136929201,1.3402001742145557,"right temporal fusiform cortex, posterior",near,3.6244729463346532,False,4.48832562754295,False,1.3445168358015673,True,3.3843225674818163,False
sub-HUP134,RC,RC4,3,10.667443178083687,2.33027570376902,"right inferior temporal gyrus, posterior",near,5.498322578746623,False,6.767883376114671,False,2.332020360734187,True,5.14781725943635,False
sub-HUP134,RC,RC5,4,16.074826690412532,4.341565915039247,"right inferior temporal gyrus, temporo-occipital",in,6.653980755196754,False,8.13059055857297,False,4.5860653969785234,False,6.269196791492743,True
sub-HUP134,RC,RC6,5,24.420923017821003,2.681097426994271,"right inferior temporal gyrus, temporo-occipital",in,3.013827628852113,False,4.54217559028911,False,7.284634893378826,False,2.77783605839674,False
sub-HUP134,RC,RC7,6,28.920152610956027,0.7435269048787778,"right middle temporal gyrus, temporo-occipital",in,2.0116720474773886,True,4.676629623823855,True,7.945458818223893,False,1.3189539793746627,True
sub-HUP134,RC,RC8,7,34.058161198066664,0.309181137893632,"right middle temporal gyrus, temporo-occipital",in,1.8786435920725075,True,5.068376371549457,True,9.561757811563357,False,0.9926222047433737,True
sub-HUP134,RC,RC9,8,39.439225965971936,0.1772222187577488,"right middle temporal gyrus, temporo-occipital",in,1.610705534769907,False,5.267805630608357,False,11.440200558427428,True,0.5884912653129444,False
sub-HUP134,RC,RC10,9,44.10535208180853,1.6280579355608324e-14,"right middle temporal gyrus, temporo-occipital",near,2.0643711190255023,False,6.186255823681503,False,12.605352081808533,False,0.8946479181914638,False
sub-HUP134,RE,RE1,0,0.0,0.0,right central operculum,in,0.0,True,0.0,True,0.0,True,0.0,True
sub-HUP134,RE,RE2,1,8.279645953917784,1.6326694429897213,right central operculum,in,2.550617668183185,True,3.010325030962679,True,4.897244433644991,True,3.518774524136556,True
sub-HUP134,RE,RE3,2,13.728580038052543,2.6973666518815027,right central operculum,in,2.9307316394350558,False,3.535158057907298,True,7.0014367687075625,True,4.387961431632457,True
sub-HUP134,RE,RE4,3,19.761563590756815,3.371144403131702,right central operculum,near,3.516186144376287,False,4.3241218460283735,True,9.584339003668251,False,5.6002213568214,True
sub-HUP134,RE,RE5,4,25.586565210032095,1.856809233027768,right precentral gyrus,in,2.0587442574695745,True,3.6714276419979264,True,11.667795711082645,False,5.823077362822518,False
sub-HUP134,RE,RE6,5,30.938524279952105,0.0,right precentral gyrus,in,0.15115404593326898,True,2.998742110235413,True,13.438524279952105,False,5.938524279952106,True
sub-HUP134,RF,RF1,0,0.0,0.0,right cerebral white matter,white matter,0.0,True,0.0,True,0.0,True,0.0,True
sub-HUP134,RF,RF2,1,9.574954008778864,2.3003597443984334,right precentral gyrus,near,3.281250612030654,True,4.36236900694124,True,6.234429328962041,False,4.871811891857796,False
sub-HUP134,RF,RF3,2,17.16080483702797,5.024373247572905,right precentral gyrus,in,5.611753136141786,True,7.254480770662431,False,10.66629956583217,False,8.143532019926942,False
sub-HUP134,RF,RF4,3,21.962719854607776,1.9846418034515325,right precentral gyrus,in,2.2263569768852953,True,5.480935027707506,True,11.544733892242323,False,7.153676539184365,True
sub-HUP134,RF,RF5,4,26.772454629658654,3.76822190084106e-15,right precentral gyrus,in,1.0461776721400484,True,4.420628893885301,True,12.772454629658652,True,6.772454629658658,True
sub-HUP134,RG,RG1,0,0.0,0.0,right frontal pole,near,0.0,True,0.0,True,0.0,True,0.0,True
sub-HUP134,RG,RG2,1,4.131242446515579,2.30994875339071,right cerebral white matter,white matter,2.849146874448157,False,3.164461556794073,False,2.311162792258969,False,2.795742734627233,False
sub-HUP134,RG,RG3,2,8.886632224086465,4.045308231317047,right cerebral white matter,white matter,4.640363870051413,False,5.197533894016232,False,4.146948462444922,False,4.552159905602534,False
sub-HUP134,RG,RG4,3,13.471027292590707,3.6541551391870826,right frontal pole,near,4.3246472482811456,False,5.270396543233318,False,4.408370891205816,True,4.182132234555151,False
sub-HUP134,RG,RG5,4,19.864775270082166,2.1766998863478726,right frontal pole,in,2.2651208228801423,True,3.395988486527698,True,6.143685022837901,True,2.191567182433069,True
sub-HUP134,RG,RG6,5,26.927312990257082,1.7763568394002505e-15,right frontal pole,in,1.4624931185188061,True,1.0124691794596132,True,9.42731299025708,True,1.9273129902570834,True
sub-HUP134,RI,RI1,0,0.0,0.0,right cerebral white matter,white matter,0.0,True,0.0,True,0.0,True,0.0,True
sub-HUP134,RI,RI2,1,5.936023746083202,1.674415166756825,right cerebral white matter,white matter,1.6950854476875306,True,1.6778315138378213,True,2.7607191855852578,True,1.8129128288236793,True
sub-HUP134,RI,RI3,2,13.192443779442131,1.8432703165531015,right precentral gyrus,near,2.1700904085825545,False,2.637969248899945,False,6.337038684934119,False,3.5748900946600854,False
sub-HUP134,RI,RI4,3,19.095307144278294,3.7984334972200346,right precentral gyrus,in,3.889570364024888,True,4.269654105863314,False,9.04947536147168,False,5.312220122050831,False
sub-HUP134,RI,RI5,4,25.17963416350919,5.382348365209848,right precentral gyrus,in,5.436036960943835,True,5.832100220922705,True,11.886118952656815,False,7.078703551020364,True
sub-HUP134,RI,RI6,5,29.932882944782055,4.123311754221112,right precentral gyrus,in,4.125927246881457,True,4.462968504277327,True,12.828253234214483,False,6.212986011495473,True
sub-HUP134,RI,RI7,6,33.88302810791462,7.993605777301127e-15,right precentral gyrus,in,1.8702672970424608,True,0.35528950425459405,True,12.88302810791462,True,3.883028107914621,True
sub-HUP135,RA,RA1,0,0.0,0.0,right amygdala,in,0.0,True,0.0,True,0.0,True,0.0,True
sub-HUP135,RA,RA2,1,5.1768609398102035,1.0607034209493915,right amygdala,near,1.0926012083482786,True,1.1817172429054839,True,1.892267458809058,True,1.062819282197731,True
sub-HUP135,RA,RA3,2,9.784668493805704,0.34142477634352736,right cerebral white matter,white matter,0.38087662369931424,True,1.4383139798442264,True,2.799607008281909,False,0.40686631837386755,True
sub-HUP135,RA,RA4,3,13.867687904515732,0.7460141997917334,right cerebral white matter,white matter,0.9371790731538927,True,3.0101695437122156,True,3.4297248392533106,True,1.3727876372422207,True
sub-HUP135,RA,RA5,4,18.507296823523447,0.7848186182840127,"right middle temporal gyrus, anterior",near,1.0712643119857561,True,3.940130339297366,True,4.5587133593522395,False,1.7011999036546819,True
sub-HUP135,RA,RA6,5,24.86727861797179,0.6595504552960405,"right middle temporal gyrus, anterior",in,1.0631033614822436,True,3.151050396377403,True,7.388029375493241,False,0.6745520143027421,True
sub-HUP135,RA,RA7,6,31.415106385673575,0.6613560870671633,"right middle temporal gyrus, anterior",in,2.661904647647234,True,2.2203766864479673,True,10.429134958929478,False,1.5557190457921954,True
sub-HUP135,RA,RA8,7,36.01773354665145,0.0,"right middle temporal gyrus, anterior",in,2.383076844618507,True,3.097961490951926,True,11.51773354665145,True,1.0177335466514503,True
sub-HUP135,RB,RB1,0,0.0,0.0,right hippocampus,in,0.0,True,0.0,True,0.0,True,0.0,True
sub-HUP135,RB,RB2,1,5.989986338272173,3.2850988007870487,"right parahippocampal gyrus, anterior",near,3.314262588932518,False,3.33576049318256,False,3.6150168714295132,False,3.285110583247178,False
sub-HUP135,RB,RB3,2,10.500817945904629,2.107111224000504,"right temporal fusiform cortex, posterior",near,2.1930120825197212,False,2.2868452584573635,False,3.904593386118069,False,2.126598978586344,False
sub-HUP135,RB,RB4,3,16.163174142861212,0.6882601877408182,"right temporal fusiform cortex, posterior",near,0.7150784569280492,True,0.9232359086427985,True,5.690290823266373,False,1.3389495571488228,True
sub-HUP135,RB,RB5,4,21.227302419110334,1.3966125609351836,"right middle temporal gyrus, posterior",near,1.5234993478583716,False,1.822261398635879,True,7.315854177186991,False,1.8292121427208525,False
sub-HUP135,RB,RB6,5,25.115400897953585,1.4785785309619415,"right middle temporal gyrus, posterior",near,2.622281425762495,True,3.2266524421454172,True,7.71485304549651,False,1.480322761199881,True
sub-HUP135,RB,RB7,6,28.815379798087918,0.9817349323891067,"right middle temporal gyrus, posterior",near,4.008452180865512,False,4.829914222496374,True,7.860201244763702,False,1.5514646240471683,True
sub-HUP135,RB,RB8,7,34.5874766150729,8.140289677804162e-15,"right middle temporal gyrus, posterior",near,3.545050133812922,False,4.528218422530468,False,10.087476615072902,True,0.41252338492709834,True
sub-HUP135,RC,RC1,0,0.0,0.0,right temporo-occipital fusiform cortex,in,0.0,True,0.0,True,0.0,True,0.0,True
sub-HUP135,RC,RC2,1,5.681113601084393,0.8919567756289856,right temporo-occipital fusiform cortex,in,1.2919062512675523,True,0.8922455808306925,True,2.291387611359282,True,1.0809662747236661,True
sub-HUP135,RC,RC3,2,12.17823349936571,1.103922892483049,right temporo-occipital fusiform cortex,near,2.987386915405414,True,1.4578406897560015,True,5.245571442798871,False,2.397382028077725,True
sub-HUP135,RC,RC4,3,16.81617179503623,1.0872746783479719,"right inferior temporal gyrus, temporo-occipital",near,2.959694172508133,True,1.0874093909584972,True,6.37439742687123,False,2.086642006276719,True
sub-HUP135,RC,RC5,4,20.60014725370576,0.8762154338828321,"right inferior temporal gyrus, temporo-occipital",in,2.0716150751539324,True,1.9752954150838777,True,6.639574569397848,False,1.0516180731794371,True
sub-HUP135,RC,RC6,5,24.647867673547378,1.405945203572901,"right middle temporal gyrus, temporo-occipital",in,1.8662929466799703,False,3.6165190191504695,False,7.245453817214319,False,1.459641228705072,False
sub-HUP135,RC,RC7,6,30.500773987445058,1.130076074632864,"right middle temporal gyrus, temporo-occipital",in,2.673898818101283,False,3.250662745348624,True,9.546951421378472,False,1.227725709361425,True
sub-HUP135,RC,RC8,7,34.49288308849857,0.9033219938985528,"right middle temporal gyrus, temporo-occipital",in,1.968055376982321,True,4.721853504035368,False,10.021846286851353,False,1.041775867193671,True
sub-HUP135,RC,RC9,8,38.65428020553261,0.7567211207178494,"right lateral occipital cortex, inferior",in,1.4511604004803598,False,6.1038675267738745,False,10.673730376397966,False,1.5503486638686463,False
sub-HUP135,RC,RC10,9,43.88012281250991,8.140289677804162e-15,"right lateral occipital cortex, inferior",near,1.7954119048833843,True,6.411485092980137,False,12.380122812509908,False,1.1198771874900992,True
sub-HUP135,RD,RD1,0,0.0,0.0,right cerebral white matter,white matter,0.0,True,0.0,True,0.0,True,0.0,True
sub-HUP135,RD,RD2,1,4.338807774746906,0.6332380571035923,right cerebral white matter,white matter,0.9984854360485202,True,1.4420777703582257,True,1.0143016523983526,True,0.9496104240287002,True
sub-HUP135,RD,RD3,2,7.832369339718369,0.7116864365880092,right cerebral white matter,white matter,2.4350508753179287,True,3.450144422436641,True,1.0707228970704137,True,2.3122792343062617,True
sub-HUP135,RD,RD4,3,12.410679815629297,0.8066968928094508,right cerebral white matter,white matter,2.922166340094109,False,4.453112458977451,False,2.0498420941814848,True,2.7371415134504824,False
sub-HUP135,RD,RD5,4,17.362997532467435,2.2351369544832225,"right supramarginal gyrus, posterior",near,3.772335939744832,True,5.598798194692307,False,3.9185183156733556,False,3.568249029691586,True
sub-HUP135,RD,RD6,5,22.590852000266562,4.054306747207027,"right supramarginal gyrus, posterior",in,5.102253491106398,True,7.007623963765052,True,6.225288753119267,False,4.913573304099132,True
sub-HUP135,RD,RD7,6,26.95853923269207,1.7998943615093557,"right supramarginal gyrus, posterior",in,3.9247545674329185,True,6.869346673230787,True,6.166894497262543,True,3.586031724859228,True
sub-HUP135,RD,RD8,7,33.0175913305227,0.0,"right supramarginal gyrus, posterior",in,2.4328479714809688,True,6.098103707080669,False,8.5175913305227,True,1.9824086694773029,True
sub-HUP135,RE,RE1,0,0.0,0.0,right putamen,in,0.0,True,0.0,True,0.0,True,0.0,True
sub-HUP135,RE,RE2,1,6.125271870648661,0.9361526406748066,right putamen,in,1.1108840907842408,True,1.0454360873119228,True,2.7195180981101212,True,1.4092004010078956,True
sub-HUP135,RE,RE3,2,11.311998211463315,1.0056088376544268,right putamen,near,1.0670041709009146,True,1.0097448043256623,True,4.384101150628477,True,1.6177373255335683,True
sub-HUP135,RE,RE4,3,17.549370042180616,1.841914290403951,right cerebral white matter,white matter,2.1385916654628585,False,1.9664132229662774,False,7.192294595357042,False,3.06710307321005,False
sub-HUP135,RE,RE5,4,23.02359738684265,0.9896533565349683,right cerebral white matter,white matter,1.541091539935969,True,1.1842945810756949,True,9.056552270419118,False,3.161222195246947,True
sub-HUP135,RE,RE6,5,28.390622982039726,0.46450731033511145,right cerebral white matter,white matter,1.203820245441315,True,0.6446800202426406,True,10.896727802191494,True,3.418528255291085,True
sub-HUP135,RE,RE7,6,34.407077360586015,1.205659810656191,right cerebral white matter,white matter,2.0471663134992735,True,1.479911273057766,True,13.440133739511763,True,4.548642369944353,True
sub-HUP135,RE,RE8,7,38.920493702588686,1.7719321205162661,right cerebral white matter,white matter,1.9027790950016237,True,1.7875208602944561,True,14.488895608685993,True,4.265584358464934,True
sub-HUP135,RE,RE9,8,44.73809507092308,1.0176544998322923,right middle frontal gyrus,near,1.4872363724920636,True,1.0179114004769532,True,16.757448165616164,False,4.834832520489337,False
sub-HUP135,RE,RE10,9,49.78061044115457,1.265690917107606,right middle frontal gyrus,near,1.430827495613087,True,1.3710571793667643,True,18.3083197794897,False,4.929766783799564,True
sub-HUP135,RE,RE11,10,54.53474351760274,0.37025520525131783,right middle frontal gyrus,in,0.37074102969912476,True,1.3960709782648697,True,19.536995367197925,False,4.548581068970693,False
sub-HUP135,RE,RE12,11,59.3874503255343,7.32431724073581e-15,right middle frontal gyrus,in,0.6202558042960958,True,2.0800704478424166,True,20.887450325534306,False,4.387450325534304,True
sub-HUP135,RF,RF1,0,0.0,0.0,right frontal pole,in,0.0,True,0.0,True,0.0,True,0.0,True
sub-HUP135,RF,RF2,1,7.35590900923162,1.6431557231114722,right frontal pole,near,2.295800408559204,True,2.2809956117225565,True,4.021086346194532,True,2.7219520825853802,True
sub-HUP135,RF,RF3,2,10.924597240597398,3.4117948138360465,right frontal pole,in,3.4943763533458867,False,3.5038168148445967,False,4.801291356257249,False,3.4326897464753863,False
sub-HUP135,RF,RF4,3,15.61144250977244,2.4431833431260914,right frontal pole,near,2.758631045127356,True,2.788835998126157,True,5.492402162854312,True,2.478865047830131,True
sub-HUP135,RF,RF5,4,20.1339468933247,2.525865235872859,right frontal pole,near,3.4106626331935948,True,3.4684099031097135,True,6.486846969179955,True,2.525990145494093,True
sub-HUP135,RF,RF6,5,24.65314031082982,2.4200284538926424,right frontal pole,near,4.09173025515887,True,4.177964279114517,True,7.438732113197701,True,2.464472501159541,True
sub-HUP135,RF,RF7,6,30.470764807744313,1.6200056836121663,right frontal pole,near,3.385235794576294,True,3.4978343289199185,True,9.565844254562366,True,1.6755058561874692,True
sub-HUP135,RF,RF8,7,37.82149445987109,2.96162383854899,right frontal pole,near,3.2190733601689265,False,3.280283316090395,False,13.53339453513258,True,4.0112582084033885,True
sub-HUP135,RF,RF9,8,44.50328293503375,4.503041720082568,right frontal pole,near,4.510461181769781,False,4.523409285550198,False,16.88635642350927,True,6.209022888747445,False
sub-HUP135,RF,RF10,9,48.97941668650089,2.9858478908985773,right frontal pole,in,3.2223987736501676,True,3.2991666502776766,True,17.642817503253603,False,4.902482136362472,True
sub-HUP135,RF,RF11,10,53.00152162668199,1.7582838320191552,right frontal pole,in,3.21743723607777,True,3.3975674361907173,True,18.05815278026147,False,3.4534648051265004,True
sub-HUP135,RF,RF12,11,58.373495777716165,0.0,right frontal pole,in,2.8600399120741082,True,3.0940249956605497,True,19.873495777716165,True,3.373495777716168,True
sub-HUP135,RG,RG1,0,0.0,0.0,right frontal operculum,in,0.0,True,0.0,True,0.0,True,0.0,True
sub-HUP135,RG,RG2,1,6.130079330127221,2.5924840957859367,"right inferior frontal gyrus, pars opercularis",in,2.643124267472125,True,2.5926948538542627,True,3.3081085491307625,False,2.6512046843264456,True
sub-HUP135,RG,RG3,2,12.347999358093283,2.545325229399027,"right inferior frontal gyrus, pars opercularis",near,3.2388325336494597,False,2.702064247482382,False,5.68451267449165,False,3.2888899347901086,False
sub-HUP135,RG,RG4,3,16.69789178839739,1.158747621656902,"right inferior frontal gyrus, pars opercularis",near,1.9253905733436871,True,1.1636069789613517,True,6.265716099243494,False,2.022488277631724,True
sub-HUP135,RG,RG5,4,19.916683456084364,1.5735843294424823,right middle frontal gyrus,near,1.6029715033280625,False,2.951810989665096,True,6.062213802106136,False,1.5803038656658164,False
sub-HUP135,RG,RG6,5,24.565267501046165,2.9085399108560313,right middle frontal gyrus,in,3.018544890847671,True,4.587265337721831,True,7.481029022155634,False,2.9713116418146908,True
sub-HUP135,RG,RG7,6,33.22378899155545,3.92617092900194,right middle frontal gyrus,in,4.794071958116533,True,3.962690828242174,True,12.617393893819838,False,4.9356693257467,True
sub-HUP135,RG,RG8,7,38.45222343671195,4.9510741135060705,right middle frontal gyrus,in,5.713869300773738,True,5.047822194349859,True,14.503394972249675,True,5.85862240670368,True
sub-HUP135,RG,RG9,8,42.42212027287832,2.831291947893091,right middle frontal gyrus,in,3.4708446924672183,True,3.696234801856816,True,14.604602844606818,True,3.665191032778401,True
sub-HUP135,RG,RG10,9,46.0737520787001,1.5380267091817548,right middle frontal gyrus,in,1.684965921002748,True,4.513657886460814,True,14.629148253970971,True,1.8611783724317166,True
sub-HUP135,RG,RG11,10,51.045078729537614,1.3315921642953767,right middle frontal gyrus,in,1.4721734189064195,True,5.03126755727084,False,16.08292706314468,True,1.6820583338888957,True
sub-HUP135,RG,RG12,11,56.57052639561646,7.944109290391274e-15,right middle frontal gyrus,near,1.1306492941257953,True,4.896994377760259,False,18.07052639561646,False,1.5705263956164597,True
sub-HUP135,RH,RH1,0,0.0,0.0,"right cingulate gyrus, anterior",in,0.0,True,0.0,True,0.0,True,0.0,True
sub-HUP135,RH,RH2,1,5.538605269674153,1.6164196442772647,right paracingulate gyrus,near,1.6310287309975156,False,1.6423114042800924,False,2.4173872059937644,False,1.6435659853430455,False
sub-HUP135,RH,RH3,2,11.426674470917854,0.3497983031365513,right cerebral white matter,white matter,0.5244292090985038,True,0.42729741997644116,True,4.435134911114287,False,1.463730478941185,True
sub-HUP135,RH,RH4,3,17.738084574941016,0.7534169526037929,right middle frontal gyrus,near,1.39680163661266,False,1.2189334591039418,False,7.261269234073608,False,2.824418416335822,False
sub-HUP135,RH,RH5,4,24.058121777844626,1.4462301240742594,right middle frontal gyrus,in,2.430526965277496,False,2.2037339585717985,False,10.11850072551697,False,4.267165316862982,False
sub-HUP135,RH,RH6,5,29.420877488717814,2.908253769859244,right middle frontal gyrus,in,3.368822995528343,True,3.2008615057240153,True,12.130564114271012,False,5.171926425920847,True
sub-HUP135,RH,RH7,6,34.18523656731391,2.7292665801180087,right middle frontal gyrus,in,2.901346587256319,True,2.783812307045148,True,13.357905419499037,False,4.905465966991314,True
sub-HUP135,RH,RH8,7,38.45350843912908,0.8495661444473724,right middle frontal gyrus,in,0.8650525971809077,True,1.0829461734076333,True,13.9699789798659,True,3.5473570271085855,True
sub-HUP135,RH,RH9,8,42.23361310195827,0.0,right middle frontal gyrus,in,1.8887576910948065,False,2.4700383695884307,False,14.233613101958273,True,2.233613101958274,True
sub-HUP135,RI,RI1,0,0.0,0.0,right frontal orbital cortex,in,0.0,True,0.0,True,0.0,True,0.0,True
sub-HUP135,RI,RI2,1,6.716094215956071,2.220982260623707,right putamen,near,2.4009859620680087,False,2.3442850936277777,False,3.603930026734189,False,2.5929947337053916,False
sub-HUP135,RI,RI3,2,12.264115934437966,2.9284228068807208,right putamen,near,3.1133947707172442,False,3.018875006331062,False,5.716422447731822,False,3.4959003959600867,False
sub-HUP135,RI,RI4,3,17.562569258065654,3.485466167250889,right caudate,near,3.6086760503569506,False,3.5143137969615363,False,7.564123324255567,False,4.128785705479665,False
sub-HUP135,RI,RI5,4,22.508955047287547,3.819609966505637,right cerebral white matter,white matter,3.84941380749892,False,3.8233609529022883,False,9.030107893026482,False,4.399177092440249,False
sub-HUP135,RI,RI6,5,27.984017415292968,3.354769726787552,right cerebral white matter,white matter,3.4174787150521477,False,3.3584686113934583,True,10.815644175400239,False,4.358340070492622,False
sub-HUP135,RI,RI7,6,31.95856467601139,2.8876279759133285,right cerebral white matter,white matter,2.978175890704457,True,3.350827851675445,True,11.206272145675452,False,3.417513414687957,True
sub-HUP135,RI,RI8,7,35.81486898464255,1.8266302012969817,right cerebral white matter,white matter,2.870626676477188,True,3.813386196603417,False,11.415349780904995,False,1.9816149634197575,True
sub-HUP135,RI,RI9,8,40.966553896121354,1.1995818211632616,right frontal pole,near,2.7367655867843257,True,3.9416368881468133,False,13.004432418703573,False,1.529566276284978,True
sub-HUP135,RI,RI10,9,47.73849807101076,2.7740716600128636,right frontal pole,in,3.0134832185535054,True,3.825213929864977,True,16.39423471051762,False,3.841813619479236,True
sub-HUP135,RI,RI11,10,53.08428489355288,1.168147100239019,right frontal pole,in,1.6672642222090253,True,3.041411403290549,True,18.10914597269926,False,3.286069528558338,True
sub-HUP135,RI,RI12,11,57.98799866887638,8.140289677804162e-15,right frontal pole,in,1.6991599268010102,True,3.4795221045003353,True,19.487998668876386,False,2.987998668876383,True
sub-HUP135,RJ,RJ1,0,0.0,0.0,right paracingulate gyrus,in,0.0,True,0.0,True,0.0,True,0.0,True
sub-HUP135,RJ,RJ2,1,5.042129546324258,0.19729238567667856,right paracingulate gyrus,in,0.2096490437844453,True,0.5840218157694673,True,1.5508685389050867,True,0.20096949445404197,True
sub-HUP135,RJ,RJ3,2,9.482178866941663,1.5890282095544483,right paracingulate gyrus,near,1.81173585141411,True,2.421975014485559,True,2.8352278381378864,True,1.717557266564317,True
sub-HUP135,RJ,RJ4,3,14.839461046184327,2.841452922806983,right cerebral white matter,white matter,2.9420234946604844,False,3.59296613403968,False,4.959547329411571,False,2.874575364990411,False
sub-HUP135,RJ,RJ5,4,19.659822405227295,3.8274773790790024,right cerebral white matter,white matter,3.997393834783142,False,4.905436276989411,False,6.524301234416344,True,3.8939369530231507,False
sub-HUP135,RJ,RJ6,5,24.277074972666888,3.026869836215278,right frontal pole,near,3.3598297818528824,False,4.899075005619227,False,7.249755118839984,True,3.1613827251920408,False
sub-HUP135,RJ,RJ7,6,28.245789424502906,2.391650785355413,right frontal pole,in,3.467525126928677,True,5.8907410425470825,True,7.534041318222804,False,3.0271137881959573,True
sub-HUP135,RJ,RJ8,7,32.01057327952398,2.6868081021111148,right frontal pole,in,4.7084879405571325,True,7.701922643432772,True,7.87042885658817,False,4.104111158596837,True
sub-HUP135,RJ,RJ9,8,38.555789562771544,3.3946069949256747,right frontal pole,in,4.196581843821446,True,7.154229334871909,True,10.945751252562507,True,3.750199583328206,True
sub-HUP135,RJ,RJ10,9,43.81215512733763,2.2714471594390604,right frontal pole,in,3.1827064443477635,True,6.921691168182075,False,12.461990605211522,True,2.5911191111759844,True
sub-HUP135,RJ,RJ11,10,49.53654409676571,0.8578933283550836,right frontal pole,near,1.7826817380179605,True,6.408134626431046,False,14.554420632622548,False,0.9786285126681981,True
sub-HUP135,RJ,RJ12,11,54.4155117863481,0.0,,outside the brain,1.785464134313458,True,7.052008987028624,True,15.915511786348091,False,0.5844882136519056,True
sub-HUP138,LA,LA01,0,0.0,0.0,left hippocampus,in,0.0,True,0.0,True,0.0,True,0.0,True
sub-HUP138,LA,LA02,1,4.279301052084468,1.0294933054951187,left hippocampus,in,1.3738763665068832,True,1.76555283337188,True,1.2194572043368475,True,1.3327472297571072,True
sub-HUP138,LA,LA03,2,9.11823751102278,1.3548445920075098,left hippocampus,in,1.7513331824430705,True,2.548807929693628,True,2.4298094456681834,True,1.6738737578407141,True
sub-HUP138,LA,LA04,3,13.406670542680281,0.6940328015179045,left hippocampus,in,1.930541153669865,False,3.4457928279157413,False,2.9708981730016433,True,1.7544194979508771,False
sub-HUP138,LA,LA05,4,17.954054664388707,1.4499122463244642,"left temporal fusiform cortex, posterior",near,2.768228047723922,True,4.6863475423338175,False,4.156500189399557,False,2.555685582305025,True
sub-HUP138,LA,LA06,5,23.946902109088086,1.58993465781779,"left temporal fusiform cortex, posterior",near,2.1336567486586615,False,4.346922923751446,False,6.588772949690309,False,1.9367471978613195,False
sub-HUP138,LA,LA07,6,30.95759150375811,0.602273452068611,"left middle temporal gyrus, posterior",near,0.830197089354314,True,2.6454756255863145,False,9.969940372000426,False,1.1262894243470083,True
sub-HUP138,LA,LA08,7,36.83517063534886,7.120157239281594e-15,"left middle temporal gyrus, posterior",in,1.3914453562277738,True,2.280524402254515,True,12.33517063534885,False,1.8351706353488484,True
sub-HUP138,LB,LB01,0,0.0,0.0,"left parahippocampal gyrus, posterior",in,0.0,True,0.0,True,0.0,True,0.0,True
sub-HUP138,LB,LB02,1,5.4820331851479915,0.8782618050883491,"left temporal fusiform cortex, posterior",in,1.0461407101298517,True,0.8958672828614013,True,2.1033593549710528,True,0.9697674413598093,True
sub-HUP138,LB,LB03,2,11.156617749115913,1.219180669745223,left temporo-occipital fusiform cortex,in,1.4974311669833607,False,1.222217865917041,False,4.267655735901551,False,1.635258651540643,False
sub-HUP138,LB,LB04,3,16.855706177626175,4.511585381594953,left temporo-occipital fusiform cortex,in,4.820588432987324,False,4.541817458134937,False,7.301374632506548,False,4.6790753513107335,True
sub-HUP138,LB,LB05,4,21.859520590702,6.802041881017045,left temporo-occipital fusiform cortex,in,7.4935690201307406,False,6.982579205658389,False,9.59993200633235,True,6.845968823184186,False
sub-HUP138,LB,LB06,5,27.52037026156242,5.924867930750394,"left inferior temporal gyrus, temporo-occipital",in,6.651531392839281,True,6.019782197788451,True,11.09031409575261,True,6.214479973922916,True
sub-HUP138,LB,LB07,6,32.098127618414416,2.834639527500242,"left inferior temporal gyrus, temporo-occipital",in,4.825341516731734,True,3.233152372803758,True,11.332947267901279,True,3.4535188668589933,True
sub-HUP138,LB,LB08,7,38.34191038346803,7.94721185223203e-15,"left inferior temporal gyrus, temporo-occipital",in,3.515383158100694,False,0.7737846541353366,True,13.841910383468038,True,3.3419103834680386,True
sub-HUP138,LC,LC01,0,0.0,0.0,left temporo-occipital fusiform cortex,in,0.0,True,0.0,True,0.0,True,0.0,True
sub-HUP138,LC,LC02,1,4.697750606410458,1.7388798321961498,left temporo-occipital fusiform cortex,near,1.7898838259897722,True,2.1264023252001847,True,1.941733781694826,True,1.85151360897971,True
sub-HUP138,LC,LC03,2,8.743008353645148,3.4611482262450157,left temporo-occipital fusiform cortex,near,3.7915075699602085,False,4.678060617863832,False,3.6107964122088987,True,3.983141654675538,True
sub-HUP138,LC,LC04,3,12.835634653150299,4.200494697896809,"left inferior temporal gyrus, temporo-occipital",in,4.758596893358736,True,6.255191641763603,True,4.5052587307540675,True,5.087983202225457,True
sub-HUP138,LC,LC05,4,16.62847637901752,2.5778750473285124,"left inferior temporal gyrus, temporo-occipital",in,3.751744844710342,False,6.460943073101728,False,3.540890425440591,True,4.405522021721915,False
sub-HUP138,LC,LC06,5,21.9471556695378,2.4291022088951575,"left inferior temporal gyrus, temporo-occipital",in,3.230222566325714,False,6.591387272865539,False,4.949404197859627,True,4.007726344898062,False
sub-HUP138,LC,LC07,6,30.48884293614828,2.3444356710324485,"left middle temporal gyrus, temporo-occipital",in,2.8776425543145128,True,3.9099953656157753,True,9.686564391942666,False,2.3780744442618813,True
sub-HUP138,LC,LC08,7,37.87345373181766,7.53644380168212e-15,"left middle temporal gyrus, temporo-occipital",in,4.3552309882176825,True,1.2422413057856965,True,13.373453731817657,True,2.8734537318176585,True
sub-HUP138,LD,LD01,0,0.0,0.0,"left cingulate gyrus, posterior",in,0.0,True,0.0,True,0.0,True,0.0,True
sub-HUP138,LD,LD02,1,5.463026668076345,0.986133621571119,"left cingulate gyrus, posterior",in,1.0906634724357644,True,1.0092289026661059,True,2.1169930104064236,True,1.0544201475392292,True
sub-HUP138,LD,LD03,2,10.505820061728537,1.5880173627554246,"left cingulate gyrus, posterior",near,1.6873475940265332,True,1.7740271724045564,True,3.739084293885001,False,1.6340461638662287,True
sub-HUP138,LD,LD04,3,16.183666494417476,1.4926277445060994,left cerebral white matter,white matter,2.0413951535123793,True,1.6276903231540532,True,5.809702487370339,False,1.8629180761827417,True
sub-HUP138,LD,LD05,4,21.066139940281907,1.4778670728021532,left cerebral white matter,white matter,2.025279914387923,True,1.993297379517267,True,7.1682364066141115,False,1.7924195881727711,True
sub-HUP138,LD,LD06,5,25.710290932091343,1.5662649566244606,left cerebral white matter,white matter,1.9288539164619118,True,2.7638786854631556,True,8.31145101757103,True,1.7006301662488958,True
sub-HUP138,LD,LD07,6,30.0166951387395,1.382069596204402,left cerebral white matter,white matter,1.48407423097456,True,3.8029068184561803,False,9.090535628487482,True,1.382152512357871,False
sub-HUP138,LD,LD08,7,34.693582565930036,7.161583958246238e-15,left angular gyrus,near,0.34206549671765807,True,4.42211247167333,False,10.193582565930042,False,0.30641743406996524,True
sub-HUP138,LE,LE01,0,0.0,0.0,left putamen,in,0.0,True,0.0,True,0.0,True,0.0,True
sub-HUP138,LE,LE02,1,5.921797274180146,1.5456276968933662,left putamen,in,1.559198362278356,True,1.5509662152601642,True,2.7022159943291864,True,1.7036374501394076,True
sub-HUP138,LE,LE03,2,11.066742960635658,2.792442037106585,left putamen,near,3.0142733986490713,True,2.8312668983253664,True,4.64238910765014,False,2.88095636397633,False
sub-HUP138,LE,LE04,3,16.215374377745995,3.6360072802401597,left insular cortex,near,4.132026250969494,True,3.7609642661787226,True,6.429358928565951,False,3.723505715469207,True
sub-HUP138,LE,LE05,4,20.990456075116466,4.004251676120109,left insular cortex,near,5.0531220363363465,False,4.368695494904811,False,7.723975450473231,True,4.049695383093644,True
sub-HUP138,LE,LE06,5,26.903306058853012,4.023598303489424,left cerebral white matter,white matter,5.023841554099722,True,4.240568272177318,True,9.950503816210128,False,4.330318880953084,False
sub-HUP138,LE,LE07,6,33.01243799590492,3.120161761664467,left cerebral white matter,white matter,4.104100738730883,True,3.1898412454279503,True,12.268067716749087,False,4.235760476956219,True
sub-HUP138,LE,LE08,7,39.2678520093331,7.337557957613285e-15,left middle frontal gyrus,near,2.1847289099279226,True,0.15215697172972867,True,14.767852009333096,False,4.267852009333096,False
sub-HUP138,LF,LF01,0,0.0,0.0,left subcallosal cortex,in,0.0,True,0.0,True,0.0,True,0.0,True
sub-HUP138,LF,LF02,1,7.663321091328962,2.7742604528973245,left subcallosal cortex,near,3.1475098690181498,True,3.1806161204935877,True,4.579498391199587,False,3.5058845369214406,False
sub-HUP138,LF,LF03,2,13.161595748070674,4.315203596153285,left cerebral white matter,white matter,4.458295063134935,False,4.494885365228873,False,6.939043720546654,False,4.954369927500996,False
sub-HUP138,LF,LF04,3,18.14859698575615,5.305145488360608,left cerebral white matter,white matter,5.319128499301927,False,5.338076441969016,False,8.668784828218433,False,5.804722047305354,False
sub-HUP138,LF,LF05,4,22.059474438214366,5.201223489014903,left cerebral white matter,white matter,5.335562432815256,False,5.280971759270823,False,9.075768632663475,False,5.396222557965675,False
sub-HUP138,LF,LF06,5,27.1101484538605,4.949612978040719,left cerebral white matter,white matter,5.210979864940362,False,5.1137717772203475,False,10.406883938885986,False,5.218810559660486,False
sub-HUP138,LF,LF07,6,33.953591697878196,3.668437092125775,left cerebral white matter,white matter,3.673153525921701,False,3.6754596937830284,False,13.271897905464346,False,5.249402313896853,False
sub-HUP138,LF,LF08,7,38.76921688561347,2.643136536006388,left paracingulate gyrus,near,2.7982538564891932,False,2.6789666656464086,False,14.423264745891816,False,4.530044552440155,True
sub-HUP138,LF,LF09,8,43.57320681739621,2.2083393178482145,left frontal pole,near,2.809827916133122,True,2.506871609010337,True,15.673563001145437,False,4.1530146443620835,True
sub-HUP138,LF,LF10,9,50.084655345470985,1.889694209112766,left frontal pole,in,2.077172817709698,True,1.9052049554207264,True,18.645002185004667,False,5.391037026722394,False
sub-HUP138,LF,LF11,10,55.737274735378165,0.11136281640525666,left frontal pole,in,0.8384600013886911,True,0.18077522088334283,True,20.73746250248566,False,5.7382442018307875,True
sub-HUP138,LF,LF12,11,62.762789116865065,0.0,left frontal pole,in,0.5377745397057788,True,1.2952683434883427,True,24.26278911686506,False,7.762789116865061,True
sub-HUP138,LG,LG01,0,0.0,0.0,"left cingulate gyrus, anterior",near,0.0,True,0.0,True,0.0,True,0.0,True
sub-HUP138,LG,LG02,1,5.846070916608416,2.354504228003118,left cerebral white matter,white matter,2.4689911286465915,True,2.3664010298457985,True,2.9949576748283135,True,2.3805185285709105,True
sub-HUP138,LG,LG03,2,10.9484152249893,4.198753591186283,left cerebral white matter,white matter,4.684332030830014,True,4.331621552971934,True,5.225866570908336,True,4.200228333130742,True
sub-HUP138,LG,LG04,3,17.923226136792316,5.11934983566977,left cerebral white matter,white matter,5.237395866073888,True,5.135957383961233,True,8.41333625098197,True,5.562837961085895,True
sub-HUP138,LG,LG05,4,24.278376924265224,4.6972106941875005,left frontal pole,near,4.730084711259331,True,4.921209281406736,False,10.885281069647483,False,6.054215549305607,False
sub-HUP138,LG,LG06,5,28.968097013734074,2.6643953535233105,left frontal pole,near,3.1209063592570434,False,2.8140673178763365,True,11.653967418058693,False,4.6781808433316865,True
sub-HUP138,LG,LG07,6,33.262738676559515,2.6551575101695497,left frontal pole,in,4.320165911506215,True,2.6809713749811093,False,12.443179311544451,False,4.124798886824038,False
sub-HUP138,LG,LG08,7,39.11409805769096,0.0,left middle frontal gyrus,in,3.5445142138214045,False,0.0015969799124037275,True,14.61409805769096,False,4.11409805769096,True
sub-HUP138,RA,RA01,0,0.0,0.0,"right parahippocampal gyrus, anterior",in,0.0,True,0.0,True,0.0,True,0.0,True
sub-HUP138,RA,RA02,1,5.80250695065904,0.4093004870795307,"right parahippocampal gyrus, posterior",in,0.4095556118379131,True,0.45559369031279284,True,2.3243739813112705,False,0.8880060579449544,False
sub-HUP138,RA,RA03,2,11.23024262361315,1.327848973191306,"right temporal fusiform cortex, posterior",in,1.4031713050159775,True,1.3280740209621378,True,4.358651468301588,False,1.7575704848951978,True
sub-HUP138,RA,RA04,3,16.299824093732568,1.8048805821067244,"right temporal fusiform cortex, posterior",in,2.1717951524568635,True,1.8910332095420894,True,5.9785369776319,True,2.1671656100355676,True
sub-HUP138,RA,RA05,4,20.738009201968662,2.1773539400160167,"right inferior temporal gyrus, posterior",in,3.3810608954480577,True,2.7799937533731214,True,6.972097684879505,False,2.2648363009974717,True
sub-HUP138,RA,RA06,5,26.461642145154936,0.6864480993913766,"right inferior temporal gyrus, posterior",in,2.650240669272593,True,1.6378383232179783,True,8.979015008621518,False,1.606753167806089,True
sub-HUP138,RA,RA07,6,34.21409125346556,0.976830323360372,"right inferior temporal gyrus, posterior",in,1.154251614354784,True,1.1858863199951437,True,13.236238003165578,True,4.312239124416521,True
sub-HUP138,RA,RA08,7,40.93657612593878,0.0,"right inferior temporal gyrus, posterior",in,0.3190274713254967,True,1.8208810883354059,True,16.43657612593877,True,5.9365761259387755,True
sub-HUP138,RB,RB01,0,0.0,0.0,"right parahippocampal gyrus, posterior",in,0.0,True,0.0,True,0.0,True,0.0,True
sub-HUP138,RB,RB02,1,6.143233145005172,0.7725980738499076,"right parahippocampal gyrus, posterior",in,0.7741362280096565,True,0.9238238852763719,True,2.707049080367943,True,1.3396804956800485,True
sub-HUP138,RB,RB03,2,11.559219019561743,1.0359027472326705,right temporo-occipital fusiform cortex,in,1.292979543887712,True,1.089277554121826,True,4.630078800516375,False,1.8334068196088507,True
sub-HUP138,RB,RB04,3,15.709871258998245,3.077916306284732,right temporo-occipital fusiform cortex,in,4.315081570611963,True,3.3643714939652565,True,5.791076029579944,True,3.1045002100834433,True
sub-HUP138,RB,RB05,4,20.149247940432847,3.4203913309479628,right temporo-occipital fusiform cortex,in,5.8258766393025425,True,4.233692678856357,True,6.782430453810073,True,3.423387021912464,True
sub-HUP138,RB,RB06,5,27.63297782933329,3.0221507565112766,right temporo-occipital fusiform cortex,in,4.437235181758884,False,3.058874306528533,False,10.415317146202055,True,3.901353637071382,True
sub-HUP138,RB,RB07,6,35.086564650659106,0.7410246729954031,"right inferior temporal gyrus, temporo-occipital",in,1.9286960830913837,True,1.7189294747712403,True,14.098226767695085,False,5.1325143236721535,True
sub-HUP138,RB,RB08,7,42.34198291429001,7.944885044437398e-15,"right inferior temporal gyrus, temporo-occipital",in,0.660649100746196,True,3.2262878766866385,True,17.841982914290007,False,7.341982914290003,True
sub-HUP138,RC,RC01,0,0.0,0.0,right lingual gyrus,in,0.0,True,0.0,True,0.0,True,0.0,True
sub-HUP138,RC,RC02,1,6.079184706480403,3.6319548907803454,right occipital fusiform gyrus,in,3.826384075595451,True,3.701275120892112,True,3.8835106734108567,True,3.6341061274393245,True
sub-HUP138,RC,RC03,2,10.333196383221281,4.598048978780131,right occipital fusiform gyrus,in,5.438616846373199,False,4.983628793680193,True,5.12071166978587,True,4.658203785767338,True
sub-HUP138,RC,RC04,3,13.807164217827244,5.108439629485443,right occipital fusiform gyrus,in,7.4408440566457195,False,6.44919519193235,False,5.613630211732584,True,5.5512558466739375,False
sub-HUP138,RC,RC05,4,19.370523314717495,3.9441161690977324,"right lateral occipital cortex, inferior",near,6.648308967023243,True,5.19888886035327,True,6.340712281317024,False,4.077723487549718,True
sub-HUP138,RC,RC06,5,25.361007850899856,3.4775511242965,"right lateral occipital cortex, inferior",in,6.317706097933339,True,4.476197717305893,True,8.37734411817516,False,3.4796713125365226,True
sub-HUP138,RC,RC07,6,31.810408172696157,0.5748898554111926,"right lateral occipital cortex, inferior",in,4.7051482979602115,False,1.8159275946473152,True,10.820495593628868,False,1.8945427106301909,True
sub-HUP138,RC,RC08,7,36.3785736546245,0.0,"right lateral occipital cortex, superior",in,6.175719290738313,False,2.737121382978865,True,11.878573654624503,False,1.3785736546245009,True
sub-HUP138,RE,RE01,0,0.0,0.0,right insular cortex,in,0.0,True,0.0,True,0.0,True,0.0,True
sub-HUP138,RE,RE02,1,6.092290595866426,0.3264843478771626,right insular cortex,in,0.5665777151203962,True,0.5934571022163012,True,2.6040835848587123,True,1.1316548600458995,True
sub-HUP138,RE,RE03,2,11.278322511312789,0.5253011457539475,right insular cortex,in,0.5259012638231437,True,0.5329839360844472,True,4.298302237990772,True,1.3707320923824537,True
sub-HUP138,RE,RE04,3,17.295902119659456,0.765836254990396,right central operculum,in,0.8722401691420159,True,0.922931050993597,True,6.822060978595174,False,2.4041770067408144,False
sub-HUP138,RE,RE05,4,24.401876684224764,1.3688928969148086,right central operculum,near,2.3267960093659235,False,2.4332081217931494,False,10.453467034604758,False,4.573135424869069,False
sub-HUP138,RE,RE06,5,29.65685639190885,0.94809663552843,"right inferior frontal gyrus, pars opercularis",near,1.8078381430364512,False,1.9481796057132694,False,12.178658004621797,False,4.737535748594431,False
sub-HUP138,RE,RE07,6,34.99316765575229,0.8177337967486488,"right inferior frontal gyrus, pars opercularis",in,1.5026935975624955,True,1.669806965849696,False,14.007501108865096,False,5.050254949686126,False
sub-HUP138,RE,RE08,7,39.59714681354677,0.0,right middle frontal gyrus,in,0.253765915427622,True,0.48145177594340655,True,15.097146813546777,False,4.597146813546777,False
sub-HUP138,RF,RF01,0,0.0,0.0,right frontal orbital cortex,in,0.0,True,0.0,True,0.0,True,0.0,True
sub-HUP138,RF,RF02,1,5.141875740586838,1.3295252826793549,right frontal orbital cortex,in,1.3828361024105895,True,1.4673801181078874,True,1.9798418197592305,True,1.3299343656076246,True
sub-HUP138,RF,RF03,2,10.255119714289783,2.227314927000437,right putamen,in,2.3300438798138385,True,2.513868258153957,True,3.7447257492630133,False,2.2273388448578655,True
sub-HUP138,RF,RF04,3,15.549386676053146,3.094494924856716,right putamen,in,3.197103079309274,True,3.450084971773418,True,5.659322120535263,True,3.103661216681724,True
sub-HUP138,RF,RF05,4,21.867821624812716,4.091232078329049,right putamen,in,4.092279730355739,True,4.182738146074083,False,8.527251463830497,True,4.351277438541356,True
sub-HUP138,RF,RF06,5,27.779646654799848,4.352022903625522,right putamen,near,4.407998174971405,True,4.381011923639199,False,10.847890062336209,False,4.98771180357615,True
sub-HUP138,RF,RF07,6,33.82671668773288,5.029155462148008,right insular cortex,near,5.211660632355521,True,5.02974433125416,True,13.428112531312113,False,6.0992010708590145,True
sub-HUP138,RF,RF08,7,42.18586672890569,5.072974374107893,right frontal operculum,near,6.747360724556779,True,5.777109236281967,True,18.104979714273416,False,8.547855616933106,False
sub-HUP138,RF,RF09,8,48.7517029242458,4.857633930134475,right middle frontal gyrus,near,7.512626572974948,False,6.170735697535595,False,21.076513703900197,False,9.798022286339075,False
sub-HUP138,RF,RF10,9,52.8302838181762,3.7950474641812453,right middle frontal gyrus,near,5.939008935045935,True,4.4914262310958675,True,21.530896902326933,False,8.578865636461055,False
sub-HUP138,RF,RF11,10,56.75326262526127,2.840951181704978,right middle frontal gyrus,in,4.286128005613137,True,2.9521324974323995,True,21.867441143954164,False,7.260965756380977,False
sub-HUP138,RF,RF12,11,60.79055849737181,0.0,right middle frontal gyrus,in,1.9705138826122277,True,0.6769622760048981,True,22.290558497371816,False,5.790558497371819,False
sub-HUP138,RG,RG01,0,0.0,0.0,"right cingulate gyrus, anterior",near,0.0,True,0.0,True,0.0,True,0.0,True
sub-HUP138,RG,RG02,1,5.784167658116399,1.2533833958698501,right cerebral white matter,white matter,1.2572943641492895,False,1.2547609153609034,False,2.4858488833527734,False,1.4104031954962952,False
sub-HUP138,RG,RG03,2,10.853577383969098,2.9892517835368637,right cerebral white matter,white matter,3.1709068273426455,True,3.0799892895117784,True,4.552660582225098,False,3.0205665901815073,True
sub-HUP138,RG,RG04,3,15.941096128455515,2.988663126956026,right cerebral white matter,white matter,3.380164834610578,True,3.1865502885806216,True,5.961670078671202,True,3.06033294032008,True
sub-HUP138,RG,RG05,4,21.532703400914023,2.563891331884934,right cerebral white matter,white matter,3.024184181823788,True,2.7420652221357016,True,7.812222488746546,True,2.9114614612294454,True
sub-HUP138,RG,RG06,5,27.58882128198303,2.6397470961414773,right cerebral white matter,white matter,2.928017697926488,False,2.6825935796492977,False,10.306044436211579,True,3.6098345831527157,True
sub-HUP138,RG,RG07,6,32.29111848669559,2.459679578498659,right middle frontal gyrus,near,3.352278582094341,False,2.7964411272390843,False,11.464275567337697,False,3.2982060810845257,False
sub-HUP138,RG,RG08,7,37.631136573565044,5.043883840194739e-15,right frontal pole,near,2.5896567203891663,False,1.4845584640383203,True,13.131136573565048,False,2.631136573565043,True
sub-HUP139,LA,LA01,0,0.0,0.0,"left parahippocampal gyrus, posterior",near,0.0,True,0.0,True,0.0,True,0.0,True
sub-HUP139,LA,LA02,1,4.6808692567643835,0.71500806150034,"left parahippocampal gyrus, posterior",in,1.3001443084550295,False,1.1986310492567664,False,1.33378125763809,True,0.8069442745409222,False
sub-HUP139,LA,LA03,2,10.025776053165442,2.719333947978419,"left temporal fusiform cortex, posterior",near,3.2466554806586565,True,3.1182302389336214,True,3.796969494577917,True,2.7417725502954653,True
sub-HUP139,LA,LA04,3,15.867710996037006,5.713106715816464,"left temporal fusiform cortex, posterior",near,6.170692882160566,False,6.040074244612614,False,7.152622338885783,True,5.716483765218139,False
sub-HUP139,LA,LA05,4,20.34945557227867,5.706809055908486,"left inferior temporal gyrus, posterior",in,6.599471390264404,False,6.365078932212834,False,7.948598889754365,False,5.725896272170764,False
sub-HUP139,LA,LA06,5,26.280554304020786,4.381329790932256,"left inferior temporal gyrus, posterior",in,5.118506828965641,False,4.827508881637645,False,9.485288406232645,False,4.475398751817028,False
sub-HUP139,LA,LA07,6,34.606373977430835,7.17448075233818e-15,"left middle temporal gyrus, posterior",in,0.3354580420302181,True,1.0786353737708103,True,13.606373977430835,False,4.60637397743083,True
sub-HUP139,LB,LB01,0,0.0,0.0,left occipital fusiform gyrus,in,0.0,True,0.0,True,0.0,True,0.0,True
sub-HUP139,LB,LB02,1,7.26730676064572,2.0518505590051,"left lateral occipital cortex, inferior",in,3.1617047260457958,True,2.474802941856356,True,4.032656878323786,False,2.8455974096071515,True
sub-HUP139,LB,LB03,2,11.585908087545524,2.6883711325233213,"left lateral occipital cortex, inferior",in,3.4344829575652716,True,2.690006248061521,True,5.045552240448177,True,2.9731218674690294,True
sub-HUP139,LB,LB04,3,15.349480151934541,2.1167040913647006,"left lateral occipital cortex, inferior",in,2.5968232693424165,True,2.6300709623959797,True,5.157234359449541,True,2.126400028853995,True
sub-HUP139,LB,LB05,4,18.36129532244551,1.102715484188385,"left lateral occipital cortex, inferior",in,1.1045425125505117,True,4.172040922705365,False,4.466417799756053,True,2.002761731267186,False
sub-HUP139,LB,LB06,5,21.47856861843845,0.9192560097599974,"left lateral occipital cortex, inferior",near,1.6514251300688085,True,6.545763486074572,False,4.064212908101825,False,3.6584839938521796,True
sub-HUP139,LB,LB08,6,29.864998279220618,0.6739921821833562,,outside the brain,2.2109777623667566,True,9.282803492817022,True,5.399621695275311,False,5.18658679214715,True
sub-HUP139,LB,LB09,7,34.73145816872372,0.8094359522171336,,outside the brain,1.9802585033477536,True,10.014392610969649,True,6.770583635345946,True,5.339682548813532,True
sub-HUP139,LB,LB10,8,39.483640693448734,0.6130498663272558,,outside the brain,1.7289183758657296,True,10.83009193327932,True,8.002397991712478,True,5.555050327013309,True
sub-HUP139,LB,LB11,9,44.324304239024585,0.3928084052660873,,outside the brain,1.3954846721297314,True,11.563674310338452,True,9.330835509693417,True,5.691008877025968,True
sub-HUP139,LB,LB12,10,48.611297490677714,1.7763568394002505e-15,,outside the brain,1.6164874247078724,True,12.856223282699009,True,10.111297490677716,True,6.388702509322285,True
sub-HUP139,LC,LC01,0,0.0,0.0,"left lateral occipital cortex, superior",in,0.0,True,0.0,True,0.0,True,0.0,True
sub-HUP139,LC,LC02,1,4.729302366426517,1.4513876799994465,"left lateral occipital cortex, superior",in,1.4692205188845144,True,1.8132329303003163,True,1.7631503807003779,True,1.5347447451973668,True
sub-HUP139,LC,LC03,2,8.224730324408371,2.3711795401364157,"left lateral occipital cortex, superior",in,2.8510828746154386,True,4.063881797998464,False,2.5276499912116814,True,3.183699062703105,False
sub-HUP139,LC,LC04,3,11.989462604551473,2.67832854437944,"left lateral occipital cortex, superior",near,3.6647770688519334,True,5.74050045559423,False,2.929364096474189,True,4.260618658285369,True
sub-HUP139,LC,LC05,4,16.372470152901602,1.5871512164837074,,outside the brain,3.0648243092351732,True,6.260977276178853,True,2.7906491404370883,False,4.030311748439406,True
sub-HUP139,LC,LC06,5,21.59005858625687,1.123760969268927,,outside the brain,2.369190183422813,True,6.477217199691104,True,4.213416404677423,True,3.6181465009831517,True
sub-HUP139,LC,LC07,6,27.1309971884015,0.5844861707722906,,outside the brain,1.380908846117387,True,6.429659349890225,True,6.152526465639014,True,2.934104725775677,True
sub-HUP139,LC,LC08,7,30.87460594255537,3.553147333202946e-15,,outside the brain,2.230510622430246,True,8.241089095047997,True,6.3746059425553705,True,4.12539405744463,True
sub-HUP139,LD,LD01,0,0.0,0.0,"left lateral occipital cortex, superior",in,0.0,True,0.0,True,0.0,True,0.0,True
sub-HUP139,LD,LD02,1,4.732793720236849,1.0785942836933253,"left lateral occipital cortex, superior",in,1.372528206768468,True,1.4571169307995662,True,1.546474811411039,True,1.1475336427279965,True
sub-HUP139,LD,LD03,2,9.848771397259855,2.0143560925183457,"left lateral occipital cortex, superior",in,2.383174395972864,True,2.532764462820683,True,3.3211837737426664,True,2.0461714242968836,True
sub-HUP139,LD,LD04,3,15.00796800260698,2.8184690708207363,"left lateral occipital cortex, superior",near,3.255977717289187,True,3.4692949755499147,True,5.092086681394818,False,2.830349726158533,True
sub-HUP139,LD,LD05,4,20.76549280868857,2.3549720282675675,,outside the brain,2.6415839706401156,True,2.9163898917995335,True,7.0372586200724445,False,2.438178889919659,True
sub-HUP139,LD,LD06,5,26.071264416371772,1.9755569520787863,,outside the brain,2.358866685832031,True,2.771266697805512,True,8.722962008242643,False,2.212567260231117,True
sub-HUP139,LD,LD07,6,32.815929254730335,1.1248839090957665,,outside the brain,1.1261946257455335,True,1.34158984812909,True,11.850154866965644,True,3.014395583962664,True
sub-HUP139,LD,LD08,7,38.79184097596889,7.122753468078643e-15,,outside the brain,0.5924616657384006,True,0.323854061634479,True,14.291840975968881,True,3.791840975968885,True
sub-HUP139,LE,LE01,0,0.0,0.0,left angular gyrus,near,0.0,True,0.0,True,0.0,True,0.0,True
sub-HUP139,LE,LE02,1,5.8962410006614405,1.6330465118236535,left angular gyrus,in,1.6657910165381542,False,1.6348903956548797,False,2.7123026015489704,False,1.7634738529411638,False
sub-HUP139,LE,LE03,2,12.948342250084647,3.056257602712691,left angular gyrus,in,3.603280166279464,True,3.3643940935165255,True,6.364339497467927,True,4.001240366870568,True
sub-HUP139,LE,LE04,3,18.40091189646795,3.0121843816874745,left angular gyrus,in,3.6960980768465608,True,3.3169397234929003,True,8.224170600615023,True,4.360359500504477,True
sub-HUP139,LE,LE05,4,22.952575504182118,1.7384738607910257,left angular gyrus,in,2.3217887423651065,True,1.8188790347999586,True,9.055093394229504,True,3.3697180245882596,True
sub-HUP139,LE,LE06,5,28.003072747755727,1.513743748930135,left angular gyrus,near,1.9807839727680072,True,1.5139086901849603,True,10.571072093601716,False,3.326504002122327,False
sub-HUP139,LE,LE07,6,33.09170034280484,0.16236226737591197,,outside the brain,1.0820349147699655,True,0.46565909019461665,True,12.092392083373657,False,3.0955629131850544,False
sub-HUP139,LE,LE08,7,38.259400461761274,0.0,,outside the brain,0.900962892729618,True,0.8562945758420899,True,13.759400461761276,False,3.259400461761275,True
sub-HUP139,LF,LF01,0,0.0,0.0,left precuneus,in,0.0,True,0.0,True,0.0,True,0.0,True
sub-HUP139,LF,LF02,1,6.0946431285949165,1.3920638286836566,left precuneus,in,1.4013556481610958,True,1.434317255762927,True,2.8035571120726277,True,1.676105188130355,True
sub-HUP139,LF,LF03,2,11.511463343468936,1.8380153509599908,left postcentral gyrus,in,2.0148850073771465,True,1.847591501728379,True,4.73506845173117,False,2.2887104136144663,True
sub-HUP139,LF,LF04,3,17.08177164230676,3.301945213117031,left precuneus,near,3.6368162512503694,False,3.3019479774647533,False,7.077103401293225,False,3.7415267740439604,False
sub-HUP139,LF,LF05,4,24.43449890640908,4.219561735076053,left superior parietal lobule,in,4.231019473370808,True,4.554988162928518,True,10.915922612364914,False,5.860758780341842,True
sub-HUP139,LF,LF06,5,31.20795231992485,3.951192177825377,left superior parietal lobule,in,3.9806767702479138,True,4.971358379341645,True,14.024898503072349,False,7.148115797754,True
sub-HUP139,LF,LF07,6,36.68242061923742,2.598467894767713,"left lateral occipital cortex, superior",in,2.5985645494103795,True,4.016359216224105,False,15.805334281312797,False,7.084046160013893,False
sub-HUP139,LF,LF08,7,43.918883975669786,8.702335715267317e-15,"left lateral occipital cortex, superior",near,1.2563820755053705,True,4.803188938066418,True,19.418883975669786,False,8.91888397566978,False
sub-HUP139,LG,LG01,0,0.0,0.0,"left cingulate gyrus, posterior",near,0.0,True,0.0,True,0.0,True,0.0,True
sub-HUP139,LG,LG02,1,4.475318638356612,0.8193529119652033,"left cingulate gyrus, posterior",near,1.6223848371703733,False,1.4433823487872866,False,1.21686228154205,True,1.015740924359514,False
sub-HUP139,LG,LG03,2,10.089776892408423,3.20126732234947,left superior parietal lobule,near,3.79142636696134,True,3.5821791362646866,False,4.104280076129446,False,3.230222376630572,False
sub-HUP139,LG,LG04,3,16.764892783697796,4.834159409610091,left superior parietal lobule,in,5.018335755500499,False,4.886175429328627,False,7.362250688355952,False,4.947473552016643,False
sub-HUP139,LG,LG05,4,21.99184802166611,4.876886641856656,"left supramarginal gyrus, posterior",in,5.183239283653668,False,4.960610207883902,False,8.899516920191267,False,5.086254247669152,False
sub-HUP139,LG,LG06,5,27.245145893079528,3.702788053070019,"left supramarginal gyrus, posterior",in,4.21193869836041,True,3.822074548578663,True,10.188988193804382,False,4.204774156144851,False
sub-HUP139,LG,LG07,6,32.192310818017006,2.2378103922127277,"left supramarginal gyrus, posterior",near,3.4955243643219767,True,2.6467368669269065,True,11.337482565909717,False,3.0787400463645898,True
sub-HUP139,LG,LG08,7,39.4447158139673,2.505083164944392,"left supramarginal gyrus, posterior",in,2.7927985448700143,True,2.517466699081108,True,15.074690277556932,False,5.032835791206859,True
sub-HUP139,LG,LG09,8,45.262918871378865,1.206230786920945,"left supramarginal gyrus, posterior",in,1.6685289995238308,True,1.3228945970874735,True,17.288973301901294,True,5.3837122623637415,True
sub-HUP139,LG,LG10,9,50.19083690922537,1.2824404818285462,"left supramarginal gyrus, posterior",in,2.397076537077863,False,1.2877808470183338,True,18.71843329575927,False,5.331002606485891,True
sub-HUP139,LG,LG11,10,55.27251216328658,1.2945564336008972,"left supramarginal gyrus, posterior",near,3.0324419915198746,False,1.4363241608752322,True,20.298672461944918,False,5.414388695889375,False
sub-HUP139,LG,LG12,11,61.37726498477481,0.0,,outside the brain,2.4222735114012703,True,0.09025578860191062,True,22.87726498477481,False,6.377264984774817,False
sub-HUP139,LH,LH01,0,0.0,0.0,left cerebral white matter,white matter,0.0,True,0.0,True,0.0,True,0.0,True
sub-HUP139,LH,LH02,1,4.923538226765234,0.17835018591851046,left cerebral white matter,white matter,0.40899876459963447,True,0.6910605644415535,True,1.43146094870242,True,0.19534528600282244,True
sub-HUP139,LH,LH03,2,9.402360903957506,0.224405564264832,left cerebral white matter,white matter,1.1982599013677386,True,1.7903496509908692,True,2.4101523539292993,True,0.6408891130635422,True
sub-HUP139,LH,LH04,3,14.853469429814528,0.6338564942317291,left frontal orbital cortex,near,1.2053035013726938,True,2.0256562122366852,True,4.385982422169496,False,0.6537535324672703,True
sub-HUP139,LH,LH05,4,18.83601860606741,0.8943693339223046,left frontal operculum,near,2.503889726176284,True,3.6483743357234695,True,4.897135897122674,False,1.4848092308692713,True
sub-HUP139,LH,LH06,5,24.130966836578423,3.399751541357639,"left inferior frontal gyrus, pars triangularis",near,4.250749381954346,False,5.287420647751756,False,7.2383650009451115,False,3.5762829359331905,False
sub-HUP139,LH,LH07,6,30.58561680936861,5.804848378828951,"left inferior frontal gyrus, pars triangularis",in,6.048802185179986,False,6.777347900034804,True,10.734616434543817,False,5.804924425977696,False
sub-HUP139,LH,LH08,7,35.8353755752569,6.154326729437145,"left inferior frontal gyrus, pars triangularis",in,6.388988678151937,True,7.239664948082244,True,12.433000638702064,False,6.161778743193551,True
sub-HUP139,LH,LH09,8,41.394240175683755,3.480518003141915,"left inferior frontal gyrus, pars triangularis",in,3.6381517317705927,True,4.904886463505654,True,13.697240284877518,False,3.69738430805465,True
sub-HUP139,LH,LH10,9,46.35295477988944,2.7799022695644897,"left inferior frontal gyrus, pars triangularis",near,3.0798783629507023,True,4.889278153876673,True,15.028859002917336,True,3.0560660710946035,False
sub-HUP139,LH,LH11,10,51.52603755636984,1.2439533625161079,,outside the brain,1.852484730418797,True,4.542202581425332,True,16.557813374105134,False,1.9571918124716852,False
sub-HUP139,LH,LH12,11,55.988084815075844,0.0,,outside the brain,2.1839963462380063,True,5.47943595830088,True,17.488084815075837,False,0.988084815075843,True
sub-HUP139,LI,LI01,0,0.0,0.0,left frontal medial cortex,in,0.0,True,0.0,True,0.0,True,0.0,True
sub-HUP139,LI,LI02,1,5.367962750407589,1.6645606529030077,left frontal medial cortex,near,1.870688751852833,True,1.733666028946577,True,2.311172590647375,False,1.667766477671207,True
sub-HUP139,LI,LI03,2,11.717552588307097,3.063343125039473,left cerebral white matter,white matter,3.122315502203218,True,3.066277995815459,False,5.287769067433865,False,3.33170700833837,False
sub-HUP139,LI,LI04,3,17.99743198080681,4.971477016329922,left frontal orbital cortex,near,5.0044867292569375,False,4.999998978737228,False,8.421226645574398,False,5.476546206324081,False
sub-HUP139,LI,LI05,4,23.831072052295404,5.247171408940113,left frontal orbital cortex,near,5.2793266939941885,False,5.322853176834339,False,10.631348377247894,False,6.170155099914757,False
sub-HUP139,LI,LI06,5,29.02016619476598,6.595553423487275,left frontal orbital cortex,in,6.769402895440358,False,6.603357546874805,False,12.621195748485727,False,7.357558633331998,False
sub-HUP139,LI,LI07,6,34.012640113181725,5.032395504645386,left frontal operculum,near,5.454423108180548,False,5.033609693828728,False,13.60336087303462,False,6.209844810732123,False
sub-HUP139,LI,LI08,7,39.123441319048254,0.7571959516764043,left frontal pole,near,2.6916257446840453,False,0.7571960671633479,True,14.635713577685864,False,4.185180271685622,False
sub-HUP139,LI,LI09,8,45.55737552357687,3.331937928730451,left middle frontal gyrus,near,4.0041495134458085,False,3.411336872958425,False,17.750883454412076,False,6.375345820677377,False
sub-HUP139,LI,LI10,9,52.893021740373534,3.0743970522571558,left middle frontal gyrus,in,3.179171460820926,True,3.9701392013591223,True,21.524292147951744,False,8.38737382890741,False
sub-HUP139,LI,LI11,10,57.32502796562989,1.1428127020821828,left middle frontal gyrus,in,2.529318219051209,True,1.8337341327358685,True,22.34288138545289,False,7.402383711282525,True
sub-HUP139,LI,LI12,11,62.53873279138165,7.160723346098895e-15,left middle frontal gyrus,in,2.9883278719490085,True,1.071212018004932,True,24.038732791381648,False,7.538732791381649,True
sub-HUP139,RI,RI01,0,0.0,0.0,right frontal orbital cortex,in,0.0,True,0.0,True,0.0,True,0.0,True
sub-HUP139,RI,RI02,1,4.668046848952733,1.2940078670027115,right frontal orbital cortex,near,1.6622044582726057,True,1.7002141809873812,True,1.6263138082866817,True,1.3926840416048951,True
sub-HUP139,RI,RI03,2,9.376029301300454,3.524197641462561,right frontal orbital cortex,near,4.246043780467339,False,4.313607943954114,False,3.9078109644565675,True,3.7603208252703935,False
sub-HUP139,RI,RI04,3,13.653118405692426,2.372797926906825,right putamen,near,3.935597228608657,False,4.079550413708812,False,3.782230085229856,True,2.836741530514155,False
sub-HUP139,RI,RI05,4,18.669240812098828,1.1224305592373724,right putamen,near,3.6547780271163957,True,3.8821589725696883,True,4.76942580780329,False,1.766860325185065,True
sub-HUP139,RI,RI06,5,24.18292254314845,1.0125733387246119,right putamen,near,3.624622576162332,False,3.911406599570556,False,6.738229900650689,False,1.314544666223551,True
sub-HUP139,RI,RI07,6,31.23786740716753,1.4330886125899853,right insular cortex,near,2.4324393707594907,False,2.7292787296507957,False,10.305110750010067,False,1.8723550966780165,True
sub-HUP139,RI,RI08,7,37.862030978951,1.5335383307052135,right frontal operculum,near,1.7620873077944894,True,2.000569920203339,True,13.41887756258829,False,3.21964019383308,True
sub-HUP139,RI,RI09,8,45.34745555469326,1.444304077125522,right middle frontal gyrus,near,1.813800384813433,True,1.5720700691645344,True,17.384549472584336,False,5.516862822198387,False
sub-HUP139,RI,RI10,9,51.90098099759056,1.1584287270838065,right middle frontal gyrus,in,2.4267447729665057,True,1.9724575384496663,True,20.420935198347912,False,6.984784056529899,False
sub-HUP139,RI,RI11,10,56.848539614152024,1.261942955328343,right middle frontal gyrus,in,1.9991181449588495,True,1.5825492267840147,True,21.87096843406117,False,6.950058927309953,True
sub-HUP139,RI,RI12,11,60.83159844029392,1.464821385798899e-14,right middle frontal gyrus,in,0.01913664760176773,True,0.6359223330828044,True,22.331598440293916,False,5.83159844029392,True
sub-HUP140,LA,LA01,0,0.0,0.0,left amygdala,in,0.0,True,0.0,True,0.0,True,0.0,True
sub-HUP140,LA,LA02,1,6.819017637298326,0.4674902227371916,left planum polare,near,1.4882506558819104,False,1.301850470898083,False,3.335893277251793,False,1.8625955376754801,False
sub-HUP140,LA,LA03,2,12.584920946716727,1.4807738539602182,left planum polare,in,2.267626962853735,False,1.9847639026723214,False,5.693436051708831,False,2.903481531926062,False
sub-HUP140,LA,LA04,3,16.952125853925015,2.2518019318211353,left planum polare,near,2.3387409819521263,True,2.252123117285651,True,6.692129619168542,True,2.88400206795027,True
sub-HUP140,LA,LA05,4,23.754929188552076,4.798284168010144,"left middle temporal gyrus, posterior",near,5.092226021823082,True,4.8844574717911655,True,10.434025837592586,False,5.803926866922903,False
sub-HUP140,LA,LA06,5,29.324927586660245,4.282285949261896,"left middle temporal gyrus, posterior",in,4.752139170684865,True,4.414132773197809,True,12.281338983909661,False,5.867084192928608,False
sub-HUP140,LA,LA07,6,34.62873713813902,4.083216706369009,"left middle temporal gyrus, posterior",in,4.5675154988748785,True,4.172680662807194,True,13.996024906722486,False,5.993315616453463,True
sub-HUP140,LA,LA08,7,39.313688980336,4.3495351284083705,"left middle temporal gyrus, posterior",in,4.551847593149835,True,4.349751207555196,True,15.207614003261218,False,5.958389199800447,True
sub-HUP140,LA,LA09,8,43.53287076185203,2.8945857168918914,"left middle temporal gyrus, posterior",in,2.9117941562120966,False,3.159781827904773,False,15.705575775793074,True,4.493147070618412,True
sub-HUP140,LA,LA10,9,47.98824984959724,1.6876275998433632,"left middle temporal gyrus, posterior",near,1.7755850478526618,True,2.879439568740349,False,16.54486253128031,False,3.406053244016396,True
sub-HUP140,LA,LA11,10,53.47689358192006,0.5607215277331585,,outside the brain,0.7045451999204263,True,2.4700952491822243,True,18.48246138526287,False,3.518915154689398,True
sub-HUP140,LA,LA12,11,58.69802427959308,1.6280579355608324e-14,,outside the brain,0.592569139244019,True,2.76949649378363,True,20.198024279593085,False,3.6980242795930875,True
sub-HUP140,LB,LB01,0,0.0,0.0,left hippocampus,near,0.0,True,0.0,True,0.0,True,0.0,True
sub-HUP140,LB,LB02,1,5.725098910475496,0.7207897662117763,left hippocampus,near,0.7273663223224021,True,0.7265852757088385,True,2.2956371188411597,True,0.9906149035415361,True
sub-HUP140,LB,LB03,2,10.907075163500433,1.701908308304515,"left temporal fusiform cortex, posterior",near,1.7461179763227144,False,1.7488415848308172,False,4.139518942927351,True,1.8694271437987007,False
sub-HUP140,LB,LB04,3,17.040185431877855,2.912389417847326,"left middle temporal gyrus, posterior",near,2.9127157185603596,True,2.9125018307445867,True,6.931038656918357,False,3.41821193814669,True
sub-HUP140,LB,LB05,4,22.4926836766222,4.060523083199941,"left middle temporal gyrus, posterior",in,4.06567861169583,True,4.066958140379881,True,9.081471348380331,False,4.582088756151791,True
sub-HUP140,LB,LB06,5,27.880847901769467,5.009368442339831,"left middle temporal gyrus, posterior",in,5.03256433081452,True,5.035531359648142,True,11.119435426153858,False,5.566396664671297,True
sub-HUP140,LB,LB07,6,33.53338790067633,4.796946726498969,"left middle temporal gyrus, posterior",in,4.806519868065511,True,4.808926262078889,True,13.098494230477906,True,5.7599751830684545,True
sub-HUP140,LB,LB08,7,38.82726797105342,3.1906287178906045,"left middle temporal gyrus, posterior",in,3.212909452115774,True,3.2181200480085295,True,14.550090631857643,True,4.882639211163523,True
sub-HUP140,LB,LB09,8,43.29282092233813,2.238500468008578,"left middle temporal gyrus, posterior",near,2.65128754769328,True,2.6773280149690706,True,15.398486056048679,False,3.933894797459333,False
sub-HUP140,LB,LB10,9,47.496800956201525,1.6621350130069283,"left middle temporal gyrus, posterior",near,3.2303081454798797,False,3.276751013045638,False,16.053984772118188,False,2.975278316271979,True
sub-HUP140,LB,LB11,10,52.1117916064256,1.1591248902585602,,outside the brain,3.897013172092496,True,3.9543650053733015,True,17.13814196302044,False,2.397696101076867,True
sub-HUP140,LB,LB12,11,57.90106496376716,8.140289677804162e-15,,outside the brain,3.500424609235987,True,3.5664558096095513,True,19.401064963767165,False,2.9010649637671677,True
sub-HUP140,LC,LC01,0,0.0,0.0,left hippocampus,in,0.0,True,0.0,True,0.0,True,0.0,True
sub-HUP140,LC,LC02,1,5.640010194356077,0.22190605760471055,left hippocampus,near,0.22194902628431432,True,0.22697205259284545,True,2.147140790906035,True,0.6732639879618931,True
sub-HUP140,LC,LC03,2,9.753761625608767,1.0086516774726757,left cerebral white matter,white matter,1.8732871716017336,True,1.786439173129101,True,2.8836278040630074,True,1.0519027369525629,True
sub-HUP140,LC,LC04,3,14.6506090119548,0.9526535905384165,left cerebral white matter,white matter,2.4898825975236587,False,2.3463644851092806,False,4.228318670363802,True,1.025792691250296,True
sub-HUP140,LC,LC05,4,20.55538615775491,0.7901409239416884,"left middle temporal gyrus, temporo-occipital",near,2.168894398379226,True,1.9764441638350558,True,6.587750962134098,False,0.9571480783871094,True
sub-HUP140,LC,LC06,5,25.129584318645822,2.433247349769972,"left middle temporal gyrus, temporo-occipital",near,4.010925905695816,False,3.8072966383361644,False,7.895782412651544,False,2.4332745425391553,False
sub-HUP140,LC,LC07,6,32.367195663943846,2.7185978786375777,"left middle temporal gyrus, temporo-occipital",in,3.1480311228862194,True,3.002696229558713,True,11.576562363045555,False,3.530720201940883,True
sub-HUP140,LC,LC08,7,37.33818415937083,8.140289677804162e-15,"left middle temporal gyrus, temporo-occipital",in,2.141887201121706,True,1.7775108782325328,True,12.838184159370833,False,2.3381841593708326,True
sub-HUP140,LD,LD01,0,0.0,0.0,left temporo-occipital fusiform cortex,near,0.0,True,0.0,True,0.0,True,0.0,True
sub-HUP140,LD,LD02,1,5.3724641332203555,0.7093985059096882,"left inferior temporal gyrus, temporo-occipital",near,0.7380843145861874,True,0.7564194045497337,True,1.958421170654212,True,0.7804780795355656,True
sub-HUP140,LD,LD03,2,10.884929135789937,2.0217478252061376,"left middle temporal gyrus, temporo-occipital",near,2.0540527956763284,True,2.0780371590358624,True,4.2124050741812935,False,2.1380404318099018,True
sub-HUP140,LD,LD04,3,16.752425035539684,1.7580102200998462,"left middle temporal gyrus, temporo-occipital",in,1.7594983060746983,True,1.7610803728488895,True,6.405879492484654,False,2.417841038383029,True
sub-HUP140,LD,LD05,4,22.238553415288223,1.8058632227038542,"left middle temporal gyrus, temporo-occipital",in,1.8065101082313744,True,1.815490187568123,True,8.362426006326931,True,2.8193695622311212,True
sub-HUP140,LD,LD06,5,27.532875319764322,0.39255265997513844,"left supramarginal gyrus, posterior",in,0.40930072713415194,True,0.5674117754862332,True,10.037755584457392,False,2.560348793537809,False
sub-HUP140,LD,LD07,6,35.339725526830726,1.4669335368154093,"left supramarginal gyrus, posterior",in,2.589657606361676,True,2.3077556037212035,True,14.384262373006557,False,5.50819440495871,True
sub-HUP140,LD,LD08,7,40.56823789092028,0.0,,outside the brain,1.8638904694619067,False,1.4525428533169167,False,16.068237890920276,False,5.568237890920283,False
sub-HUP140,LE,LE01,0,0.0,0.0,"left cingulate gyrus, posterior",near,0.0,True,0.0,True,0.0,True,0.0,True
sub-HUP140,LE,LE02,1,7.478315347869247,0.03751759220998943,left cerebral white matter,white matter,1.7034945773660324,True,1.8906370873707163,True,3.978398142695587,True,2.4785052088335937,True
sub-HUP140,LE,LE03,2,14.087880329789844,0.5034539999971492,left cerebral white matter,white matter,2.5782345370750077,True,2.946301616329086,True,7.096761952420498,True,4.109834642724921,True
sub-HUP140,LE,LE04,3,19.553151931614348,1.397178600753385,left cerebral white matter,white matter,2.587412859663332,True,3.0750409249638477,True,9.110937338447766,True,4.714938879604381,True
sub-HUP140,LE,LE05,4,24.152743484203018,1.9828748058489643,left angular gyrus,near,2.2077042536334,True,2.6245152051224863,True,10.2645552514822,False,4.528416495013529,False
sub-HUP140,LE,LE06,5,29.440907856027632,4.1917977165213705,left angular gyrus,in,4.2001826662480415,False,4.3605057264829155,False,12.372681708784572,False,5.892263214317513,False
sub-HUP140,LE,LE07,6,34.39606464723503,4.627616832841825,left angular gyrus,in,4.662283431563077,True,4.660851460139359,True,13.877635293522834,False,6.1715918732527175,False
sub-HUP140,LE,LE08,7,40.10549986612418,2.8314294253457204,left angular gyrus,in,2.8624914324986666,True,2.9679309568973093,True,15.761828409386608,False,5.7507637944190675,True
sub-HUP140,LE,LE09,8,47.1597788561856,0.9997907076160559,left angular gyrus,in,1.3778248010054186,True,2.642005014628663,True,19.175261935534962,False,7.218750165573454,True
sub-HUP140,LE,LE11,9,58.24873923318505,0.9925914592939028,,outside the brain,1.1064557540176636,True,2.5609027948698095,True,23.261468571639494,False,8.299847970440231,False
sub-HUP140,LE,LE12,10,63.35535604771304,7.160723346098895e-15,,outside the brain,0.1711823217401814,True,1.8878352743363134,True,24.855356047713038,False,8.35535604771304,True
sub-HUP140,LF,LF01,0,0.0,0.0,left insular cortex,in,0.0,True,0.0,True,0.0,True,0.0,True
sub-HUP140,LF,LF02,1,6.003611385469557,1.42541977432128,left insular cortex,in,1.4357201958320256,True,1.4461499506159352,True,2.7330875003377346,True,1.6504382033614422,True
sub-HUP140,LF,LF03,2,12.179089584804004,1.9014099253888388,left central operculum,near,1.9015433573470513,False,2.0843214761004223,False,5.377149404088382,False,2.781230143937754,False
sub-HUP140,LF,LF04,3,18.79956884467592,3.572313099853802,left cerebral white matter,white matter,3.600072438282204,False,3.9532583746852232,False,8.7221513791788,False,4.971172333363317,False
sub-HUP140,LF,LF05,4,23.060898500883457,3.475030898338241,left cerebral white matter,white matter,3.6819323352109032,False,3.5035022096421544,False,9.459021007923468,False,4.461192429948815,False
sub-HUP140,LF,LF06,5,29.012592269809634,2.8338851115460635,left precentral gyrus,near,3.0561575223103183,True,2.98385659913636,True,11.721583634129809,True,4.799757408696278,True
sub-HUP140,LF,LF07,6,34.387720568720134,1.3643211848571823,left precentral gyrus,near,2.1495044426361263,True,1.5984699117130265,True,13.430123540395828,True,4.569091897362519,True
sub-HUP140,LF,LF08,7,39.25696559575559,2.220446049250313e-16,left precentral gyrus,in,2.768314102531324,True,0.14127055815222062,True,14.756965595755592,False,4.25696559575559,False
sub-HUP140,LG,LG01,0,0.0,0.0,"left cingulate gyrus, anterior",near,0.0,True,0.0,True,0.0,True,0.0,True
sub-HUP140,LG,LG02,1,7.173353560636965,1.829142910495875,left cerebral white matter,white matter,1.9046877054161002,True,2.272354693483193,True,3.8927388916540075,False,2.663594694292647,True
sub-HUP140,LG,LG03,2,14.710564714983716,2.6738150297029835,left cerebral white matter,white matter,3.1447162984209913,True,4.239202513762378,True,7.929902742769938,True,5.2048251294452035,True
sub-HUP140,LG,LG04,3,21.47235457357806,0.5511548287718958,left middle frontal gyrus,near,2.3164364654698057,True,4.733606747749466,True,10.979122640788706,False,6.488729864865873,True
sub-HUP140,LG,LG05,4,26.992635156238762,0.6264345009692726,left middle frontal gyrus,in,1.5017672560135003,True,4.67569328807069,False,13.00046646725749,False,7.013397644400873,False
sub-HUP140,LG,LG06,5,32.48577065226884,1.1185516630144123,left middle frontal gyrus,in,1.2023089502629993,True,4.6628750696265735,True,15.008248311724177,False,7.549827710884543,True
sub-HUP140,LG,LG07,6,37.43536813493161,0.0,left middle frontal gyrus,in,0.9953665786306994,True,3.9076295312715805,True,16.435368134931608,False,7.435368134931607,True
sub-HUP140,LH,LH01,0,0.0,0.0,left putamen,near,0.0,True,0.0,True,0.0,True,0.0,True
sub-HUP140,LH,LH02,1,6.221183899369964,0.1762435793854387,left caudate,near,0.725462240892651,True,0.6548914229841368,True,2.7243936022673108,False,1.2313649610673243,False
sub-HUP140,LH,LH04,2,17.08666365275749,1.0860673327294823,left insular cortex,near,1.1986789617132534,False,1.1236664336971025,False,6.641514685690871,False,2.32178960702679,False
sub-HUP140,LH,LH05,3,22.364801750089807,1.813511072604038,left cerebral white matter,white matter,1.8282043520120679,True,1.814525696135691,True,8.48716988724737,True,2.9220211935167044,True
sub-HUP140,LH,LH06,4,27.11275627756978,1.5677459320499798,left cerebral white matter,white matter,1.6478114242927955,True,1.7941269187850504,True,9.694989563517726,True,2.5945978897503186,True
sub-HUP140,LH,LH07,5,31.824233843233404,1.5277798808779721,left cerebral white matter,white matter,2.007451992694671,False,2.315685612734962,False,10.895189180382783,True,2.3514704711518375,True
sub-HUP140,LH,LH08,6,39.07698419429481,0.0,left middle frontal gyrus,in,0.4722743981169133,True,0.03871084330855881,True,14.576984194294809,False,4.076984194294809,False
sub-HUP140,RA,RA01,0,0.0,0.0,right hippocampus,in,0.0,True,0.0,True,0.0,True,0.0,True
sub-HUP140,RA,RA02,1,4.315965135649184,0.2779214664410047,right hippocampus,in,1.0469775466357645,True,1.3107517629475056,True,0.8535230832949625,True,0.74664500847415,True
sub-HUP140,RA,RA03,2,9.182995455552957,0.3816665147419346,right hippocampus,in,1.506922103230488,True,2.0369288897821693,True,2.2082929495897665,True,0.9089523720007011,True
sub-HUP140,RA,RA04,3,14.545088107934461,1.0245368976387352,right hippocampus,in,1.7675339597082027,True,2.4767505058223254,True,4.137805445738291,True,1.1361322147082507,True
sub-HUP140,RA,RA05,4,20.16287225807473,2.357773395964875,"right temporal fusiform cortex, posterior",in,2.664499444897531,True,3.312905118589203,True,6.469483266110748,False,2.3579011314105816,False
sub-HUP140,RA,RA06,5,24.752134720350142,3.3822972233333406,"right temporal fusiform cortex, posterior",in,3.961370661706426,False,4.809900833802513,False,7.79228565550447,False,3.4161933227062202,True
sub-HUP140,RA,RA07,6,29.71404464047025,2.1258135563043727,"right inferior temporal gyrus, posterior",in,3.1031562411177314,False,4.4328202006263355,False,8.895643445967806,False,2.1564314599529246,False
sub-HUP140,RA,RA08,7,35.540327411045205,0.0,"right inferior temporal gyrus, posterior",near,1.6746413874424337,False,3.5753676265581658,False,11.040327411045203,False,0.5403274110452013,True
sub-HUP140,RB,RB01,0,0.0,0.0,"right parahippocampal gyrus, posterior",in,0.0,True,0.0,True,0.0,True,0.0,True
sub-HUP140,RB,RB02,1,4.965067682271133,0.5011566198214848,"right parahippocampal gyrus, posterior",in,1.2576429529277902,True,0.8193783248657972,True,1.5244422192237341,True,0.5047700365963181,True
sub-HUP140,RB,RB03,2,10.283523380737119,1.3347567268401628,"right temporal fusiform cortex, posterior",in,2.3960473651491054,True,1.6555244417270358,True,3.464014484932766,False,1.3491480990260505,True
sub-HUP140,RB,RB04,3,14.211686823918427,2.499319522218303,"right temporal fusiform cortex, posterior",in,4.9644021843278185,True,3.733616126256013,True,4.292788291216265,True,2.695609816737063,True
sub-HUP140,RB,RB05,4,19.52016048018911,2.9175708347269764,"right temporal fusiform cortex, posterior",in,5.851148005914188,False,4.221423229881889,True,6.0507585728374185,True,3.0001618420784624,True
sub-HUP140,RB,RB06,5,26.009986556276427,2.6606345600846915,right temporo-occipital fusiform cortex,in,5.307447450901633,False,3.3687245115553095,True,8.786083450448464,False,2.800367884235483,False
sub-HUP140,RB,RB07,6,32.591501397006844,5.604543601518437,right temporo-occipital fusiform cortex,in,7.158297383446022,False,5.782063445112368,False,12.440019378544857,False,5.987164025198519,False
sub-HUP140,RB,RB08,7,39.68761080342412,5.4981950212253095,"right inferior temporal gyrus, temporo-occipital",in,6.437017263047628,True,5.501450035333873,True,15.792898449765097,False,6.9830106134586005,True
sub-HUP140,RB,RB09,8,45.62349633727668,4.8608200319064165,"right inferior temporal gyrus, temporo-occipital",in,5.921428821002178,True,4.905444856062272,True,18.031353097468273,False,7.238653102252921,True
sub-HUP140,RB,RB10,9,51.49648243305438,3.307914830754702,"right inferior temporal gyrus, temporo-occipital",in,4.778578516815092,False,3.4855487457755077,True,20.1633218771587,True,7.19555797782243,True
sub-HUP140,RB,RB11,10,58.100296559101736,1.5515433796647082,"right inferior temporal gyrus, temporo-occipital",near,3.2469767222051367,False,2.6920882442342227,True,23.131669311915132,False,8.227201145253769,False
sub-HUP140,RB,RB12,11,62.0639223643873,7.105427357601002e-15,,outside the brain,4.961132927869836,True,0.5964015910105813,True,23.563922364387306,False,7.063922364387305,False
sub-HUP141,LA,LA01,0,0.0,0.0,left amygdala,in,,False,0.0,True,0.0,True,0.0,True
sub-HUP141,LA,LA03,1,11.359804737057067,2.0730408860499656,left amygdala,near,,False,2.073052247780391,True,4.656014567975134,False,2.379952748023568,True
sub-HUP141,LA,LA05,2,21.855326573936576,1.0989984783848985,left cerebral white matter,white matter,,False,1.2175915167666864,False,7.904450114153182,False,2.132651505624831,False
sub-HUP141,LA,LA07,3,32.2867193774165,0.0,"left middle temporal gyrus, anterior",in,,False,1.241019226243523,True,11.286719377416503,False,2.2867193774165036,True
sub-HUP141,LB,LB01,0,0.0,0.0,left hippocampus,in,,False,0.0,True,0.0,True,0.0,True
sub-HUP141,LB,LB03,1,10.570804161012495,1.4893869127877166,"left temporal fusiform cortex, posterior",in,,False,1.6502023401735508,True,3.771862850995483,False,1.5603933494823148,True
sub-HUP141,LB,LB05,2,20.624623706585115,2.45479807024552,"left inferior temporal gyrus, posterior",in,,False,3.0882362086918236,True,6.927532228283534,False,2.500906082213639,True
sub-HUP141,LB,LB07,3,29.33580257363944,0.0,"left inferior temporal gyrus, posterior",in,,False,4.191936030020584,True,8.335802573639443,True,0.6641974263605589,True
sub-HUP141,LC,LC01,0,0.0,0.0,"left parahippocampal gyrus, posterior",in,,False,0.0,True,0.0,True,0.0,True
sub-HUP141,LC,LC03,1,10.925501034891376,0.21887583351638773,"left temporal fusiform cortex, posterior",in,,False,0.33423891394124344,True,3.92940903590525,True,0.9488967371412332,True
sub-HUP141,LC,LC05,2,21.094449446018206,2.4178745712492096,left temporo-occipital fusiform cortex,in,,False,2.7921430685580204,False,7.363694879704479,False,2.5997975339301616,False
sub-HUP141,LC,LC07,3,32.134098875650814,0.0,"left inferior temporal gyrus, temporo-occipital",in,,False,1.393639728009214,True,11.134098875650814,True,2.1340988756508112,True
sub-HUP141,LE,LE01,0,0.0,0.0,left frontal operculum,in,,False,0.0,True,0.0,True,0.0,True
sub-HUP141,LE,LE03,1,11.914988709841577,2.1287420749728474,left frontal operculum,near,,False,2.1979898005857827,True,5.180826651769102,False,2.7388417804887086,True
sub-HUP141,LE,LE05,2,29.235127249142444,4.32106475231795,left middle frontal gyrus,in,,False,7.857105725617188,False,15.527390550519003,False,9.90613502015519,False
sub-HUP141,LE,LE07,3,38.5320751989557,7.327471962526033e-15,left middle frontal gyrus,in,,False,5.0043365952956735,True,17.5320751989557,False,8.532075198955699,True
sub-HUP141,LF,LF01,0,0.0,0.0,left frontal orbital cortex,near,,False,0.0,True,0.0,True,0.0,True
sub-HUP141,LF,LF03,1,11.761228312395884,2.0290948109578966,left caudate,near,,False,2.0698969901439743,True,5.013808885898909,True,2.5746933574500224,True
sub-HUP141,LF,LF05,2,25.292320722197868,2.989101611036275,left cerebral white matter,white matter,,False,4.070657106885584,True,11.509974695812822,False,5.924413321634895,True
sub-HUP141,LF,LF07,3,39.92289730203707,7.377764055609925e-15,left frontal pole,near,,False,6.39515869837705,False,18.92289730203707,False,9.922897302037075,False
sub-HUP141,LG,LG01,0,0.0,0.0,"left cingulate gyrus, anterior",near,,False,0.0,True,0.0,True,0.0,True
sub-HUP141,LG,LG03,1,11.542295835304301,2.229697508461678,left frontal pole,near,,False,2.234668647375702,True,4.865818493189086,False,2.5936217544903712,True
sub-HUP141,LG,LG05,2,21.200676888789225,0.9835530963795254,left frontal pole,in,,False,1.5315339033272721,True,7.244922706302163,False,1.5345054379832694,True
sub-HUP141,LG,LG07,3,32.60552312997091,7.17448075233818e-15,left frontal pole,in,,False,0.9222154736891134,True,11.605523129970912,True,2.6055231299709125,True
sub-HUP141,RA,RA01,0,0.0,0.0,right hippocampus,in,0.0,True,0.0,True,0.0,True,0.0,True
sub-HUP141,RA,RA02,1,5.288351658437382,0.039584260685113934,right hippocampus,in,0.9138212648076997,True,0.302355304031405,True,1.7886415801609434,True,0.2909092231789753,True
sub-HUP141,RA,RA03,2,11.570541447537675,0.5435405927959102,right hippocampus,near,1.0043549163986318,True,0.664266098319885,True,4.590063432277707,False,1.649871638113894,False
sub-HUP141,RA,RA04,3,17.320430054005996,0.4929176084128791,"right temporal fusiform cortex, posterior",near,1.3810469183284528,True,0.7382194404838005,True,6.831221560021218,False,2.3653446820357904,True
sub-HUP141,RA,RA05,4,23.224069833296067,2.6282615933050413,"right middle temporal gyrus, posterior",near,3.146419854496197,True,2.7259040905334544,False,9.447806005875771,False,4.045069739486838,False
sub-HUP141,RA,RA06,5,29.02262648955699,1.6785943660440727,"right middle temporal gyrus, posterior",in,2.6354996241231436,True,1.9716426059945,False,11.596177922993697,False,4.314011708710836,False
sub-HUP141,RA,RA07,6,35.91931869011498,2.7975666979733673,"right middle temporal gyrus, posterior",in,3.1268850845542167,True,3.610547187460028,True,15.072115743759845,False,6.448636228435149,True
sub-HUP141,RA,RA08,7,40.88820968252555,7.16416517438997e-15,"right middle temporal gyrus, posterior",in,2.519959524126595,True,1.7725146449221794,True,16.38820968252555,False,5.888209682525546,True
sub-HUP141,RB,RB01,0,0.0,0.0,"right parahippocampal gyrus, posterior",near,0.0,True,0.0,True,0.0,True,0.0,True
sub-HUP141,RB,RB02,1,5.585873037602564,1.1541363110808867,"right parahippocampal gyrus, posterior",in,1.155006755897602,True,1.1606314176443375,True,2.2791651920473375,True,1.244416498361257,True
sub-HUP141,RB,RB03,2,9.248431016401154,1.671040089336795,"right temporal fusiform cortex, posterior",in,2.41592806211718,True,2.667868841559972,True,2.680762261971397,False,1.8997907500078315,True
sub-HUP141,RB,RB04,3,14.493389538855142,2.5913893110733315,"right temporal fusiform cortex, posterior",in,3.274451570008786,True,3.6035344370328177,True,4.56636580762976,True,2.6950204323613165,True
sub-HUP141,RB,RB05,4,19.818736087406474,3.587465781529303,"right temporal fusiform cortex, posterior",near,4.203454624358186,False,4.588276517233931,False,6.559324740236759,False,3.6233471142423226,True
sub-HUP141,RB,RB06,5,24.358257521201708,4.860818795677291,right temporo-occipital fusiform cortex,in,5.838464488478436,False,6.340685035592539,False,8.011440518429355,False,4.990815326974963,False
sub-HUP141,RB,RB07,6,30.304636496738855,5.628461466085293,"right inferior temporal gyrus, temporo-occipital",in,6.262455464153229,True,6.763496665445831,True,10.426969818835278,False,5.63286296694405,True
sub-HUP141,RB,RB08,7,37.97077413358046,5.066122214066574,"right inferior temporal gyrus, temporo-occipital",in,5.0757366103325845,True,5.27911435609364,True,14.074672595561045,False,5.708702902614348,True
sub-HUP141,RB,RB09,8,46.08142623645194,3.143039945679744,"right inferior temporal gyrus, temporo-occipital",in,4.0854709500267,True,3.3900995182954765,True,18.246848183553418,True,6.750461935302554,True
sub-HUP141,RB,RB10,9,53.19715639821902,0.6618614937214485,,outside the brain,4.457876740018579,False,2.975964128910609,False,21.703133360903816,False,8.219729142583338,False
sub-HUP141,RB,RB11,10,56.93938272851997,0.1690740278481661,,outside the brain,2.739277503538963,True,1.0729720555628817,True,21.93978318163965,False,6.941191170509827,False
sub-HUP141,RB,RB12,11,61.73731854046353,7.119291619286993e-15,,outside the brain,2.111733855943545,True,0.2697977670868105,True,23.237318540463523,False,6.737318540463524,True
sub-HUP141,RC,RC01,0,0.0,0.0,"right parahippocampal gyrus, posterior",near,0.0,True,0.0,True,0.0,True,0.0,True
sub-HUP141,RC,RC02,1,5.133243421899085,0.7816911017582125,"right parahippocampal gyrus, posterior",in,0.8667038779904221,True,0.9358598698587446,True,1.756859115068968,True,0.785127416101412,True
sub-HUP141,RC,RC03,2,10.209663981397464,1.8976945147528552,"right parahippocampal gyrus, posterior",in,2.084997041679544,True,2.215932022264452,True,3.576695168273205,True,1.8979600864520232,True
sub-HUP141,RC,RC04,3,15.78123616931364,3.8034211692778874,"right parahippocampal gyrus, posterior",in,3.9396672805775603,False,4.06966729831944,False,6.136803309477757,True,3.816529902883208,False
sub-HUP141,RC,RC05,4,20.398734178790217,4.668799104233567,right temporo-occipital fusiform cortex,in,5.053376191181571,True,5.29344465460615,True,7.490337055107918,False,4.670980681680018,True
sub-HUP141,RC,RC06,5,25.3824385334517,5.140124505671809,right temporo-occipital fusiform cortex,in,5.665259170310603,True,5.9939382961188645,False,8.974379052355458,False,5.142126242271531,True
sub-HUP141,RC,RC07,6,31.08234643270407,5.339126510235429,right temporo-occipital fusiform cortex,in,5.7249053060317845,False,6.079405052035071,False,11.002611250041529,True,5.375045035127074,False
sub-HUP141,RC,RC08,7,37.05876602680804,5.359758087121004,right temporo-occipital fusiform cortex,in,5.556348225443165,True,5.891747170320572,True,13.297170534641857,True,5.613644397923599,True
sub-HUP141,RC,RC09,8,42.02566738797689,5.435374998553477,right temporo-occipital fusiform cortex,in,5.760893407661887,False,6.223343562105667,False,14.713458472917953,False,5.686932943514574,False
sub-HUP141,RC,RC10,9,46.73865750350067,3.352095854891756,"right lateral occipital cortex, inferior",in,4.129217315914995,True,4.972902983803124,True,15.485458742143216,False,3.722288252781764,False
sub-HUP141,RC,RC11,10,52.16763587955169,1.2097972379450739,"right lateral occipital cortex, inferior",in,2.6196920981579046,True,3.917444899380806,True,17.19621498580502,False,2.470147439086731,True
sub-HUP141,RC,RC12,11,57.550682589406726,8.140289677804162e-15,"right lateral occipital cortex, inferior",in,2.3742583545538825,True,3.916838183969994,True,19.050682589406726,False,2.5506825894067195,True
sub-HUP141,RD,RD01,0,0.0,0.0,right lingual gyrus,in,0.0,True,0.0,True,0.0,True,0.0,True
sub-HUP141,RD,RD02,1,6.811914529638909,5.281567553599163,right lingual gyrus,in,5.543729756537025,True,5.435865512848816,True,5.342112269738859,True,5.327490649554414,True
sub-HUP141,RD,RD03,2,12.462584273571059,7.779089713168022,right occipital fusiform gyrus,in,8.094246740524166,False,7.911118794413412,False,8.246412921205836,False,7.783547119613672,False
sub-HUP141,RD,RD04,3,15.732962025569327,8.016119859050553,right occipital fusiform gyrus,in,9.155026241068715,False,8.640988412026635,False,8.572367448331702,False,8.148413994656092,True
sub-HUP141,RD,RD05,4,18.317545388016324,6.465127595670264,right occipital fusiform gyrus,in,9.388539760422269,False,8.30510021967809,False,7.186739963453608,True,7.070006121404675,False
sub-HUP141,RD,RD06,5,24.606383230899198,2.8528282066991943,right occipital fusiform gyrus,near,6.189396387787296,False,4.514861340072027,False,7.503894873272528,True,2.9071855701157596,False
sub-HUP141,RD,RD07,6,30.162064900335334,2.18571788619328,"right lateral occipital cortex, inferior",in,6.232846373626145,True,4.079853000112664,True,9.342055272321554,False,2.187284355247976,True
sub-HUP141,RD,RD08,7,35.02318290448234,0.0,"right lateral occipital cortex, inferior",in,6.883254689872907,True,4.092512133121027,True,10.523182904482336,False,0.02318290448233382,True
sub-HUP141,RE,RE01,0,0.0,0.0,"right cingulate gyrus, posterior",in,0.0,True,0.0,True,0.0,True,0.0,True
sub-HUP141,RE,RE02,1,4.669729272238325,1.4116069041856152,"right cingulate gyrus, posterior",in,1.949861050303501,True,1.8123761360774828,True,1.702214529994944,True,1.514512115372036,True
sub-HUP141,RE,RE03,2,9.2638204692199,1.1377562938814838,"right cingulate gyrus, posterior",near,2.65517975897264,True,2.285543447748065,True,2.4711843221772702,False,1.394499935150058,True
sub-HUP141,RE,RE04,3,14.729556302852782,2.0816345741160722,right cerebral white matter,white matter,3.4949519348156297,True,3.0157864424535576,True,4.58188386527028,False,2.123242497136027,True
sub-HUP141,RE,RE05,4,20.83905959722662,3.494683972805996,right cerebral white matter,white matter,4.3807089660603244,False,3.9346227913489327,False,7.4186255070136795,True,3.5367626327486694,True
sub-HUP141,RE,RE06,5,27.29560213209621,4.065353777189251,"right supramarginal gyrus, posterior",near,4.526589724378747,True,4.174563770488256,True,10.325175364147652,False,4.526789713045318,False
sub-HUP141,RE,RE07,6,32.966522390386935,2.6407492931941605,"right supramarginal gyrus, posterior",near,3.263581545974623,False,2.7237200404902286,False,12.151009489712276,False,3.893135362277867,False
sub-HUP141,RE,RE08,7,38.02046771187523,7.337557957613285e-15,"right supramarginal gyrus, posterior",near,2.55414765811343,False,1.0952273257281386,True,13.520467711875233,False,3.0204677118752277,False
sub-HUP141,RF,RF01,0,0.0,0.0,right central operculum,in,0.0,True,0.0,True,0.0,True,0.0,True
sub-HUP141,RF,RF02,1,5.2488169818173365,1.2949876903954123,right central operculum,in,1.7276578953982815,True,1.3886655817540503,True,2.0479657875338173,True,1.297877362864238,True
sub-HUP141,RF,RF03,2,11.134567832480199,1.6067411095255646,right central operculum,in,2.1591163037959764,False,1.614479486099388,False,4.327375834756492,True,1.9021046127170413,False
sub-HUP141,RF,RF04,3,17.724235613024366,2.4596181252489986,right precentral gyrus,near,2.7100045796422725,False,2.5830299899495914,True,7.4693315062310415,False,3.544886605112716,True
sub-HUP141,RF,RF05,4,25.54811744068778,2.1425080784477903,right precentral gyrus,in,2.2089031547198745,True,3.773515058806961,True,11.656710311692384,False,5.8635683749942675,True
sub-HUP141,RF,RF06,5,29.3242967921861,2.6524272866314456,right precentral gyrus,in,3.2901253811627087,True,2.938341508959248,True,12.000881175681744,False,4.970891596652255,True
sub-HUP141,RF,RF07,6,35.4836821561448,2.43538067530423,right precentral gyrus,in,3.1392841776111364,True,3.0718845320312385,True,14.604496957072756,True,5.923780352064596,True
sub-HUP141,RF,RF08,7,41.19596672232216,0.0,right middle frontal gyrus,in,2.4151115523109103,True,2.0802716847187974,False,16.69596672232216,False,6.195966722322167,False
sub-HUP141,RG,RG01,0,0.0,0.0,"right cingulate gyrus, anterior",near,0.0,True,0.0,True,0.0,True,0.0,True
sub-HUP141,RG,RG02,1,4.8966713946793075,0.8025078284747409,right cerebral white matter,white matter,1.054944768492181,True,1.1035466697665202,True,1.553753639353182,False,0.8202204821719515,True
sub-HUP141,RG,RG03,2,9.452399423020612,0.7732254519275802,right cerebral white matter,white matter,1.7857944209788552,False,1.9179617773734758,False,2.5412134866121763,True,0.9661481170411448,True
sub-HUP141,RG,RG04,3,15.781137360987916,0.6996756015468298,right frontal pole,near,1.047855216395375,True,1.2190361379346093,True,5.31190098500067,True,1.0371686407443996,True
sub-HUP141,RG,RG05,4,21.866252808338967,3.1062602777990787,right frontal pole,in,3.134042612791148,True,3.1857761756563225,True,8.251494107672363,False,3.514714263024245,True
sub-HUP141,RG,RG06,5,27.379452140810194,3.8969813485644034,right frontal pole,in,3.9258705750460443,True,3.98629184339452,True,10.361462372414124,False,4.427121385873189,True
sub-HUP141,RG,RG07,6,32.37855133455542,3.279515739172827,right frontal pole,in,3.3953410603723495,True,3.533594876244229,True,11.681823893453958,True,3.955797467070984,True
sub-HUP141,RG,RG08,7,38.301558332300885,0.0,right frontal pole,near,0.30496826896189466,True,0.8141367053024805,True,13.801558332300889,False,3.3015583323008926,False
sub-HUP141,RH,RH01,0,0.0,0.0,right insular cortex,in,0.0,True,0.0,True,0.0,True,0.0,True
sub-HUP141,RH,RH02,1,6.6309209039992325,0.8739506470016983,right insular cortex,in,1.038188898127579,True,1.3169090414883844,True,3.1949308479982994,True,1.799543399612774,True
sub-HUP141,RH,RH03,2,13.554367388064254,0.941353718570457,right insular cortex,near,1.76777146250282,False,2.5275638791159443,False,6.58922799366332,False,3.6452832469391017,False
sub-HUP141,RH,RH04,3,19.503043498124224,0.4586117117303223,right cerebral white matter,white matter,1.5299717419433332,False,2.7719821749613374,False,9.009330828430153,False,4.520971809117445,False
sub-HUP141,RH,RH05,4,23.826311043868,1.1207914787187157,right cerebral white matter,white matter,1.1485036365541916,False,1.831173148678242,True,9.863818080544961,False,3.961777692317612,True
sub-HUP141,RH,RH06,5,29.841151947269406,0.9898878584536234,right middle frontal gyrus,near,1.0182508320209658,True,2.1290615916961975,True,12.364417807062928,False,4.925229921479906,True
sub-HUP141,RH,RH07,6,34.530870376033846,0.9956133617175031,right middle frontal gyrus,near,1.850253046458154,True,1.4031833255363482,True,13.553132707006302,False,4.624948416050337,True
sub-HUP141,RH,RH08,7,38.0296652021713,7.377764055609925e-15,right middle frontal gyrus,near,4.059074359334777,True,1.0860298354320694,True,13.5296652021713,False,3.029665202171303,True
sub-HUP141,RI,RI01,0,0.0,0.0,right putamen,in,0.0,True,0.0,True,0.0,True,0.0,True
sub-HUP141,RI,RI02,1,5.784888374598373,0.5395214459770333,right putamen,in,0.6192023084770153,True,0.5661894365144347,True,2.323190079688332,True,0.9317664440599248,True
sub-HUP141,RI,RI03,2,10.829704771784998,1.3724362990520906,right putamen,in,1.949588214891111,False,1.4392790671649047,False,3.9861080938215685,True,1.5603598954925133,False
sub-HUP141,RI,RI04,3,17.437750010051154,1.2826532267118957,right insular cortex,near,1.5117283854614991,True,1.4275437077225086,True,7.008877388615766,False,2.712885818443321,True
sub-HUP141,RI,RI05,4,23.470196720081045,1.1258950494498332,right cerebral white matter,white matter,1.3875407471321421,False,1.5680193738212558,False,9.510058358964898,False,3.6225819062271873,False
sub-HUP141,RI,RI06,5,31.345401353339042,1.382840651640915,right cerebral white matter,white matter,1.704911828118157,True,3.6474043153968,True,13.883920858597632,False,6.464518831638889,True
sub-HUP141,RI,RI07,6,38.21946884351373,1.841735710616929,right precentral gyrus,near,2.5709972037582167,False,4.9989658835344795,False,17.27353314712385,False,8.379959749365604,False
sub-HUP141,RI,RI08,7,43.41199803899925,8.881784197001252e-16,right cerebral white matter,white matter,0.9672888322057462,True,4.296303001395885,True,18.91199803899925,True,8.41199803899925,True
sub-HUP141,RJ,RJ01,0,0.0,0.0,right frontal orbital cortex,in,0.0,True,0.0,True,0.0,True,0.0,True
sub-HUP141,RJ,RJ02,1,5.564323485917613,0.7488227464773147,right putamen,in,1.8041846656455862,True,0.7524948804519338,True,2.148429596817948,True,0.9080913859794288,True
sub-HUP141,RJ,RJ03,2,11.262891080990679,1.4240877123535414,right putamen,in,3.4458486390044776,True,1.4240918090083263,True,4.408827191532364,True,1.8446612364633441,True
sub-HUP141,RJ,RJ04,3,19.672121217585694,2.982872253875268,right caudate,near,3.6029369670458253,True,4.010507316001564,False,9.42891724150079,False,5.352806258303787,False
sub-HUP141,RJ,RJ05,4,27.731966761283196,3.0155508450308655,right caudate,near,3.1941415759015976,True,6.024704599422776,True,13.898607160258585,False,8.14622496800261,True
sub-HUP141,RJ,RJ06,5,34.81034181474179,2.8592609811471963,right cerebral white matter,white matter,3.057510538953408,True,7.333313362182193,False,17.428850998378227,False,10.105647497875454,False
sub-HUP141,RJ,RJ07,6,41.77485903278155,1.6965430860652917,right cerebral white matter,white matter,2.072584173185845,True,8.386059043659307,True,20.809667228484656,False,11.86234113231793,False
sub-HUP141,RJ,RJ08,7,47.792814584206674,8.140289677804162e-15,right middle frontal gyrus,near,2.2932574438344813,True,8.677119546603308,False,23.292814584206674,False,12.792814584206672,False
sub-HUP142,LDA,LDA1,0,0.0,0.0,left amygdala,near,0.0,True,0.0,True,0.0,True,0.0,True
sub-HUP142,LDA,LDA2,1,5.329464259407702,0.8256474863326437,left amygdala,in,0.8346494727328736,True,0.8865194365083577,True,1.9486776802185068,True,0.8671693801349607,True
sub-HUP142,LDA,LDA3,2,10.68561159743003,1.863422669431732,left amygdala,in,1.8805017486283906,False,1.9748679722107334,True,3.984467372952113,True,1.935123356267559,False
sub-HUP142,LDA,LDA4,3,15.903974896510181,1.4881004518085719,left hippocampus,in,1.5238027307921052,True,1.7546290148925539,True,5.537884180842166,True,1.7059710045158174,True
sub-HUP142,LDA,LDA5,4,22.020703082803955,0.5919426424487575,left hippocampus,near,0.7516614250920957,False,0.6821813841781719,True,8.034580754108317,False,2.0979849570427165,False
sub-HUP142,LDA,LDA6,5,28.79081930007808,2.233474433342817,"left temporal fusiform cortex, posterior",near,2.8480432133938445,False,2.3606193083998006,False,11.42450407530732,False,4.325325846650005,False
sub-HUP142,LDA,LDA7,6,31.454371294654763,1.2835639806575168,left cerebral white matter,white matter,1.5654031943441642,True,2.4608373177670795,True,10.506868631457825,False,1.920210693838388,True
sub-HUP142,LDA,LDA8,7,36.27039192521683,0.0,left cerebral white matter,white matter,1.4412286653961555,False,2.8453031123865387,False,11.770391925216824,False,1.270391925216829,True
sub-HUP142,LDB,LDB1,0,0.0,0.0,left hippocampus,in,0.0,True,0.0,True,0.0,True,0.0,True
sub-HUP142,LDB,LDB2,1,5.598026309323396,2.560722336703306,left hippocampus,in,2.6473489068226694,True,2.632362354149789,True,2.9566564274854157,True,2.560816739755317,True
sub-HUP142,LDB,LDB3,2,11.799010330917945,2.3041635898995096,left hippocampus,in,2.320215441679516,True,2.337932406233501,True,5.119657063333335,True,2.7892382496727826,True
sub-HUP142,LDB,LDB4,3,17.28537146879675,3.134122875410322,left hippocampus,in,3.134518194238944,True,3.14292032978052,True,7.215119227540606,True,3.7172811537732304,True
sub-HUP142,LDB,LDB5,4,23.029211117895013,2.3245738846567745,left hippocampus,in,2.3455267263705393,True,2.3910204751984687,True,9.209781013659839,True,3.725720813441039,True
sub-HUP142,LDB,LDB6,5,28.473285906434555,1.381656575300178,"left temporal fusiform cortex, posterior",in,1.3948334780206142,False,1.4693320470885174,False,11.026648284136124,False,3.7068602981831797,False
sub-HUP142,LDB,LDB7,6,30.60967102921604,2.336191759564639,"left temporal fusiform cortex, posterior",near,4.10696446101046,False,3.808141439631116,False,9.802836635080057,False,2.39344877859166,True
sub-HUP142,LDB,LDB8,7,35.862679348635496,0.0,"left inferior temporal gyrus, posterior",near,3.6851793140847233,True,3.2530156889678734,True,11.362679348635496,False,0.8626793486354973,True
sub-HUP142,LDC,LDC1,0,0.0,0.0,left hippocampus,in,0.0,True,0.0,True,0.0,True,0.0,True
sub-HUP142,LDC,LDC2,1,5.185117015125424,1.4318442735473422,left hippocampus,in,1.4459695440787481,True,1.5542030231158048,True,2.061782422353505,True,1.4319393537451868,True
sub-HUP142,LDC,LDC3,2,10.1576533115645,3.3524204405223323,"left parahippocampal gyrus, posterior",in,3.442359924571584,False,3.7092620089210278,False,4.235447888338743,False,3.3775820970146966,False
sub-HUP142,LDC,LDC5,3,17.831022003094866,1.9344995975851251,"left temporal fusiform cortex, posterior",near,3.5819924829528897,True,5.014244226239116,False,4.198056590637208,True,2.9856981561476768,True
sub-HUP142,LDC,LDC6,4,22.796066829405277,2.8870919774821093,"left inferior temporal gyrus, posterior",near,4.3945196030255715,False,6.059305796879553,False,5.871371478341057,False,3.7463895323103826,False
sub-HUP142,LDC,LDC7,5,29.30326734552116,1.7983525140076362,"left middle temporal gyrus, posterior",near,2.5891330120009988,False,4.6421930230879065,False,8.44180738661096,False,1.9492375123597576,False
sub-HUP142,LDC,LDC8,6,36.3541876228276,0.0,"left middle temporal gyrus, posterior",in,0.058368516949634915,True,2.7615074147757714,True,11.854187622827602,False,1.3541876228276017,True
sub-HUP142,LDD,LDD2,0,0.0,0.0,left cerebral white matter,white matter,0.0,True,0.0,True,0.0,True,0.0,True
sub-HUP142,LDD,LDD3,1,6.234305791146008,1.4322193575574902,left cerebral white matter,white matter,1.4373009040488676,True,1.5103888249569075,True,2.9400051371620357,True,1.7863208787433749,True
sub-HUP142,LDD,LDD4,2,10.965265151673737,2.5387082715606177,left parietal operculum,near,3.0605143511404687,True,2.589149058029179,False,4.460310904806467,False,2.624952084891226,False
sub-HUP142,LDD,LDD5,3,17.45155186846969,4.612745685072789,left parietal operculum,near,4.92791541739555,False,4.613232711351496,True,7.833117802741639,False,4.962824041419172,True
sub-HUP142,LDD,LDD6,4,23.531360665300387,5.3436848910807555,left parietal operculum,in,5.650518904017602,True,5.373446163192497,True,10.395214985561388,False,6.0878114960381815,True
sub-HUP142,LDD,LDD7,5,29.260294498404985,3.9458169973890223,left planum temporale,in,4.400723331864355,False,4.08396710138733,False,12.15150366825565,False,5.61370658803889,False
sub-HUP142,LDD,LDD8,6,33.35381361603182,0.0,left parietal operculum,in,3.776088024652536,True,0.1739249876282044,True,12.35381361603182,True,3.3538136160318235,True
sub-HUP142,LDE,LDE1,0,0.0,0.0,left putamen,in,0.0,True,0.0,True,0.0,True,0.0,True
sub-HUP142,LDE,LDE2,1,5.2139089230648645,2.416929583920293,left insular cortex,in,2.9183687809379255,False,2.603597366761913,False,2.663772022281093,False,2.4466383670202614,False
sub-HUP142,LDE,LDE3,2,9.72335805017816,4.767936226652186,left insular cortex,in,6.247408148860097,True,5.480234951637761,True,4.9906116813542205,True,5.006152988712973,True
sub-HUP142,LDE,LDE4,3,15.824379090144266,9.339837572666827,left Heschl's gyrus,in,11.096932365487346,False,10.15630751391364,False,9.612712156342688,False,9.601409340308921,False
sub-HUP142,LDE,LDE5,4,22.345083902711927,15.48990783172892,left Heschl's gyrus,in,17.873300202351306,False,16.702161772121563,False,15.632259959328836,False,15.972150720652351,False
sub-HUP142,LDE,LDE6,5,28.448999932505185,20.242582267657355,left Heschl's gyrus,in,23.177183903671033,False,21.747822674015712,False,20.395101478912466,False,20.85345073148167,False
sub-HUP142,LDE,LDE7,6,34.7863059861888,23.132097808799166,left central operculum,in,25.85642036527258,False,24.33213507547258,False,23.662219342650765,True,23.478698521069493,False
sub-HUP142,LDE,LDE8,7,37.29384552067223,20.892060005667304,left postcentral gyrus,in,24.551714130016062,False,22.452114849914317,False,21.84819231949161,False,21.291991570056933,False
sub-HUP142,LDE,LDE9,8,36.65798587879568,14.8816826578299,left postcentral gyrus,in,22.251483440377882,False,18.626729032815675,False,15.865995805032403,False,16.23872990627703,False
sub-HUP142,LDE,LDE10,9,37.56671782851607,9.307383502749229,left precentral gyrus,in,21.972844420458067,False,16.72512429701285,False,10.516325571738431,False,12.675376410787038,True
sub-HUP142,LDE,LDE11,10,36.72700534305377,4.42702664870051,left precentral gyrus,in,26.468866262878212,False,19.918547497841484,False,4.66131669044834,True,14.246102065780374,False
sub-HUP142,LDE,LDE12,11,38.76520742319505,3.552713678800501e-15,left postcentral gyrus,in,30.04555223801873,False,22.70231335018167,False,0.2652074231950488,True,16.234792576804956,False
sub-HUP142,LDF,LDF1,0,0.0,0.0,left putamen,in,0.0,True,0.0,True,0.0,True,0.0,True
sub-HUP142,LDF,LDF2,1,6.3713557422305165,5.0906628778931236,left insular cortex,near,5.532550300496581,True,5.385209077976437,False,5.101435925852378,False,5.2230801404318035,False
sub-HUP142,LDF,LDF3,2,12.831038130960847,9.674300210179311,left insular cortex,in,10.311028700460778,True,10.056794195719899,True,9.779230446707938,False,9.80107036970731,True
sub-HUP142,LDF,LDF4,3,18.673497692812887,14.375150186858583,left central operculum,in,15.606220700315673,True,15.169737918398921,True,14.444983662707212,False,14.701685918426005,True
sub-HUP142,LDF,LDF5,4,24.527415001037003,18.683589481206543,left central operculum,in,20.36430746453362,False,19.76920207597026,False,18.779021434208676,True,19.130134046148996,False
sub-HUP142,LDF,LDF6,5,29.591138247997055,20.572989629774685,left central operculum,in,22.344920217308516,False,21.627340170404224,False,20.91545627762814,True,20.908496989698175,False
sub-HUP142,LDF,LDF7,6,34.89238190129217,21.727003051464724,left precentral gyrus,in,23.398772455808576,True,22.601299341709666,True,22.622591861944652,False,21.893840233807385,False
sub-HUP142,LDF,LDF8,7,35.8705299554582,18.557597021902318,left precentral gyrus,in,21.721463268413157,True,20.377868964902138,True,19.564972927874546,False,19.049922755105353,True
sub-HUP142,LDF,LDF9,8,34.7253750158103,12.81725331451386,left precentral gyrus,in,20.275667180279953,True,17.854807720234977,True,13.51086887877909,False,14.96606050191865,True
sub-HUP142,LDF,LDF10,9,33.705122191601404,8.02360180236471,left precentral gyrus,in,22.710304158933017,False,19.302110039492135,False,8.118270233530778,True,14.655361427497027,True
sub-HUP142,LDF,LDF11,10,35.056406374031596,5.5052038893712245,left precentral gyrus,in,25.949113448755114,False,21.95939358432593,False,5.518203946942454,True,16.334236019638464,False
sub-HUP142,LDF,LDF12,11,37.97429211913069,5.043883840194739e-15,left precentral gyrus,in,28.003552522394795,False,23.493228654246025,False,0.5257078808693169,True,17.025707880869305,False
sub-HUP142,LDG,LDG1,0,0.0,0.0,left insular cortex,in,0.0,True,0.0,True,0.0,True,0.0,True
sub-HUP142,LDG,LDG2,1,5.453506390883153,5.246169361631774,left frontal operculum,in,6.967144575253156,True,6.657335005278751,True,5.618241219436412,False,6.312393117980957,True
sub-HUP142,LDG,LDG3,2,12.028009908559758,11.65341148596751,"left inferior frontal gyrus, pars opercularis",in,14.82854187943811,False,14.24783441920552,False,12.327816288991736,False,13.605311344524157,False
sub-HUP142,LDG,LDG4,3,17.904010053054165,17.24850688154823,"left inferior frontal gyrus, pars opercularis",in,21.855422454015063,False,20.991396146823924,False,18.165844833817562,False,20.038600098394987,False
sub-HUP142,LDG,LDG5,4,20.661181420777403,19.06002665613066,"left inferior frontal gyrus, pars opercularis",in,25.09323615998461,True,23.874237554411152,False,19.989643899453043,False,22.536336941426622,False
sub-HUP142,LDG,LDG6,5,24.660265641109348,20.33846661207619,"left inferior frontal gyrus, pars opercularis",in,26.142507600184086,False,24.687945554351128,True,20.646744898401053,False,23.1485718304492,True
sub-HUP142,LDG,LDG7,6,28.050777676338285,19.686514557500395,left precentral gyrus,in,25.662510230127833,False,23.896467923197793,False,19.712808664435908,False,22.08881381302218,True
sub-HUP142,LDG,LDG8,7,31.662455619099443,17.353948066695146,left precentral gyrus,in,23.62826901753891,False,21.464934275993578,False,17.466882212454376,False,19.331271685104372,False
sub-HUP142,LDG,LDG9,8,36.04695637108613,11.604933474038939,left precentral gyrus,in,18.544622187869273,True,15.701036336469969,False,13.123442609503998,False,13.006033041809529,False
sub-HUP142,LDG,LDG10,9,37.5900372763741,6.631671348399148,left precentral gyrus,in,18.869915866675537,True,14.853769512988118,True,8.61590376234145,False,10.390966331397902,False
sub-HUP142,LDG,LDG11,10,40.59947935607633,3.356057732713193,left middle frontal gyrus,in,20.55598260157163,False,15.78004120894658,False,6.4094092225729415,True,10.112595356220913,False
sub-HUP142,LDG,LDG12,11,44.222033439046385,0.0,left middle frontal gyrus,in,22.592738145307106,False,17.245487334330335,False,5.722033439046385,True,10.77796656095361,False
sub-HUP142,LGR,LGR17,0,0.0,0.0,left middle frontal gyrus,in,0.0,True,0.0,True,0.0,True,0.0,True
sub-HUP142,LGR,LGR18,1,9.63497965986799,5.792265586986885,left middle frontal gyrus,in,6.604078788338755,True,6.165144731638245,True,7.154456351976879,True,6.390438815529841,True
sub-HUP142,LGR,LGR19,2,18.857846862111657,12.428517945041639,left middle frontal gyrus,in,14.547682337566965,False,12.78706821433613,True,14.354787411810712,True,13.113482982674356,True
sub-HUP142,LGR,LGR20,3,32.83743925387328,21.3087828809884,left precentral gyrus,in,22.63389523741775,False,22.839562436575854,False,25.765666617916253,False,23.532055682168004,False
sub-HUP142,LGR,LGR21,4,42.67623381851205,25.042487080986128,left precentral gyrus,in,26.587387032240223,False,27.85810937319222,True,32.39885472076883,False,28.965681845388577,False
sub-HUP142,LGR,LGR22,5,51.04690683604987,31.984601785753362,left postcentral gyrus,in,35.14891060879116,False,34.10721070902801,False,38.98197494394527,False,35.2361089401984,False
sub-HUP142,LGR,LGR23,6,61.0458750044377,37.43356187126224,left postcentral gyrus,in,41.116739774229245,False,40.21420789978686,False,46.28487500646448,False,41.632919630071775,False
sub-HUP142,LGR,LGR24,7,72.97240431083966,43.7230967279001,left superior parietal lobule,in,47.162240294716455,False,47.79630103258066,False,55.33975259934394,False,49.601939485196944,False
sub-HUP142,LGR,LGR25,8,10.697916451664971,9.491146828879195,left middle frontal gyrus,in,82.58578793384825,False,40.88462283687257,False,24.940579853502754,False,36.32588409123535,False
sub-HUP142,LGR,LGR26,9,11.562753299214041,6.250854362191867,left middle frontal gyrus,in,88.34029096651146,False,41.04291352206078,False,22.65204897879014,False,35.82210298883641,False
sub-HUP142,LGR,LGR27,10,18.100224101735314,8.134612125755728,left middle frontal gyrus,in,92.9056813800459,False,40.53488826293197,False,20.512612020872652,False,34.7949466396433,False
sub-HUP142,LGR,LGR28,11,31.466135175034214,14.76457278643604,left precentral gyrus,in,92.98255565849153,False,36.77445818876682,False,18.24165606495822,False,30.96017527488613,False
sub-HUP142,LGR,LGR29,12,41.35929691661365,15.73585361431538,left precentral gyrus,in,93.54595879652477,False,32.82436581216579,False,16.176780654512722,False,26.84640970710541,False
sub-HUP142,LGR,LGR30,13,51.05311940786964,20.56660819330844,left postcentral gyrus,in,96.8160697186122,False,33.08525492498974,False,20.6031916995736,False,27.511431593511393,False
sub-HUP142,LGR,LGR31,14,57.5895273215088,25.114949437324203,left postcentral gyrus,in,103.47495333068667,False,36.442795003093615,False,25.27329139384738,False,31.001685685594524,False
sub-HUP142,LGR,LGR32,15,68.084164462766,35.30903967455256,left superior parietal lobule,in,110.64940614493601,False,43.61680489561919,False,35.768196545857556,False,39.09654440274752,False
sub-HUP142,LGR,LGR33,16,30.321075107650415,25.46093963027908,"left inferior frontal gyrus, pars triangularis",in,159.52861299540024,False,77.2579198655569,False,47.023898619298244,False,68.44639991214092,False
sub-HUP142,LGR,LGR34,17,28.086829541561706,17.187878913887115,"left inferior frontal gyrus, pars opercularis",in,163.51309809606826,False,74.78358102692916,False,41.05720555689041,False,65.09644635935788,False
sub-HUP142,LGR,LGR35,18,29.44403349246383,12.626661818644477,left precentral gyrus,in,169.5642637420299,False,75.05374196587158,False,38.52855243509143,False,64.64589281232678,False
sub-HUP142,LGR,LGR36,19,30.287384384563282,8.075170079394095,left precentral gyrus,in,177.55719658983665,False,77.40250581613644,False,38.17284734045608,False,66.30253796284637,False
sub-HUP142,LGR,LGR37,20,38.683738028746326,11.165719972460804,left precentral gyrus,in,180.74430304206277,False,75.55151655147544,False,34.80252628788185,False,63.94513674857428,False
sub-HUP142,LGR,LGR38,21,51.32657299064245,15.265958832905325,left postcentral gyrus,in,179.9531039347762,False,70.02757199366903,False,28.863744078916884,False,58.03989506936569,False
sub-HUP142,LGR,LGR39,22,57.51971146205325,17.307961559196357,"left supramarginal gyrus, anterior",near,185.1368755181595,False,70.24674881622815,False,28.107200898331474,False,57.79841298285679,False
sub-HUP142,LGR,LGR40,23,67.69000222183038,31.163752150162814,"left supramarginal gyrus, anterior",in,192.50148891346024,False,75.19516546794647,False,37.25271695946736,False,63.137423819845615,False
sub-HUP142,LGR,LGR41,24,39.15026178538776,31.736553334219337,"left inferior frontal gyrus, pars triangularis",near,240.10574530976697,False,115.62711310194291,False,68.82892977927958,False,102.1315585423434,False
sub-HUP142,LGR,LGR42,25,39.4146625110947,24.489957334882202,"left inferior frontal gyrus, pars opercularis",in,242.15402292155184,False,111.53774153755712,False,61.68668016310934,False,97.25108756855481,False
sub-HUP142,LGR,LGR43,26,39.53082880587217,19.644309334975944,left precentral gyrus,in,249.13857900807426,False,112.7076790539938,False,60.00247572019842,False,97.69113985800388,False
sub-HUP142,LGR,LGR44,27,40.44320345520546,14.0133503807738,left precentral gyrus,in,255.9850852653155,False,113.80307209467807,False,58.27223527852671,False,98.06854448831935,False
sub-HUP142,LGR,LGR45,28,48.89650942239505,13.84928873211783,left postcentral gyrus,in,257.88881746753435,False,110.44037723815032,False,52.94908653203189,False,94.13019232097251,False
sub-HUP142,LGR,LGR46,29,57.07031654462434,11.937578595077328,left postcentral gyrus,in,259.74931008214463,False,106.91145119222976,False,47.22583053561245,False,89.98748135655393,False
sub-HUP142,LGR,LGR47,30,62.758635628031065,11.425307620785789,left parietal operculum,in,264.6913346716031,False,106.54319362642151,False,44.772453175066914,False,89.02630959076865,False
sub-HUP142,LGR,LGR48,31,72.05403527669802,20.285943081473928,left parietal operculum,near,268.6538566864424,False,106.04557096483715,False,44.28060334618319,False,88.22444294286605,False
sub-HUP142,LGR,LGR49,32,49.859801838434564,38.10149395545658,left temporal pole,in,318.02861107282735,False,151.52310006776952,False,88.46538096033971,False,133.3969568974369,False
sub-HUP142,LGR,LGR50,33,50.62550754571945,33.57407592711282,left temporal pole,in,322.63069278457453,False,150.30925999442263,False,84.55994649775526,False,131.4683663603678,False
sub-HUP142,LGR,LGR51,34,50.14353612367066,28.12546277931522,"left superior temporal gyrus, anterior",near,329.33191457087236,False,151.11784510473004,False,82.43343071188309,False,131.52923756681344,False
sub-HUP142,LGR,LGR52,35,50.64025944470295,22.03865113653857,left central operculum,near,335.6447802040712,False,151.5958612893947,False,80.00230252919248,False,131.27010130144635,False
sub-HUP142,LGR,LGR53,36,61.59573122964932,18.416895812754404,left planum temporale,in,333.1169159237979,False,143.5745468039896,False,69.69921622007729,False,122.61304119626874,False
sub-HUP142,LGR,LGR54,37,71.01055299678973,13.770039712545948,"left superior temporal gyrus, posterior",in,332.87951108173223,False,137.78156246494424,False,61.40132398967607,False,116.15644005645517,False
sub-HUP142,LGR,LGR55,38,75.81440056918697,3.740105529424862,"left superior temporal gyrus, posterior",near,337.4276846517526,False,136.6714391214454,False,57.39988972463455,False,114.33909680232908,False
sub-HUP142,LGR,LGR56,39,84.7703156724312,9.849018573060256,left angular gyrus,in,339.9473482494194,False,134.0962635603234,False,53.22300911783006,False,111.24064502429941,False
sub-HUP142,LGR,LGR57,40,56.541485925396024,45.46606129297133,left temporal pole,in,403.82814735696365,False,195.27286241519172,False,115.69587931876764,False,172.48790683137062,False
sub-HUP142,LGR,LGR58,41,58.79533656909203,40.08979601438674,left temporal pole,in,404.7267813281558,False,190.36723953599017,False,108.19337434097046,False,166.87886440941662,False
sub-HUP142,LGR,LGR59,42,59.290347782459534,32.41974289853995,"left superior temporal gyrus, anterior",in,408.2637837156357,False,187.87077875044062,False,102.614151682998,False,163.60256950292606,False
sub-HUP142,LGR,LGR60,43,63.731805464536784,28.12300125644891,"left middle temporal gyrus, posterior",near,411.2595635165394,False,185.23814377628477,False,97.45473205588527,False,160.29504890203262,False
sub-HUP142,LGR,LGR61,44,68.78189450234125,22.222069044785332,"left superior temporal gyrus, posterior",in,413.8637461275052,False,182.13756005096627,False,91.64187914449666,False,156.4925799689428,False
sub-HUP142,LGR,LGR62,45,79.426320376824,19.741313045768283,"left middle temporal gyrus, posterior",in,412.77023973539565,False,175.63713697967486,False,82.94950356791163,False,149.37636087405156,False
sub-HUP142,LGR,LGR63,46,82.64396725743293,9.3531817754438,"left middle temporal gyrus, posterior",in,418.0952239500976,False,175.18287069098827,False,79.43955044854451,False,148.18248681103867,False
sub-HUP142,LGR,LGR64,47,92.42337502829233,1.6280579355608324e-14,"left middle temporal gyrus, temporo-occipital",in,418.55202426132377,False,170.21057736704458,False,72.07662497170767,False,142.57662497170767,False
sub-HUP144,RA,RA1,0,0.0,0.0,right amygdala,in,0.0,True,0.0,True,0.0,True,0.0,True
sub-HUP144,RA,RA2,1,5.225576871353482,0.49495435346350436,right putamen,in,0.4955115828545553,False,0.6275967277227351,False,1.7725880537035776,False,0.5346191122195594,False
sub-HUP144,RA,RA3,2,10.49990024620171,0.7844321738522435,right insular cortex,near,0.7846721375463788,False,1.0549219087474537,True,3.558103736051455,False,0.9147448062924353,False
sub-HUP144,RA,RA4,3,15.692035630105687,0.7799564714521727,right planum polare,in,0.7799671917632414,False,1.3413102177116696,True,5.231112548831957,False,1.02994024347831,False
sub-HUP144,RA,RA5,4,20.234292902248967,0.41218574138635417,right planum polare,in,0.7885212925073594,True,2.1613980911635435,False,6.2437145259199704,False,0.47205977978462454,False
sub-HUP144,RA,RA6,5,25.432783352373693,0.17549967885862983,"right superior temporal gyrus, posterior",in,0.717499281384669,True,2.5137381900267024,True,7.934119055149968,False,0.466452365751924,True
sub-HUP144,RA,RA7,6,29.997654903726477,0.6978262601419525,"right middle temporal gyrus, posterior",in,1.532071968380901,True,3.6063598051286014,True,9.016581369309499,False,0.6979046931040737,False
sub-HUP144,RA,RA8,7,34.97291296549264,0.7029427374419382,"right middle temporal gyrus, posterior",in,1.759688412278403,True,4.208961931032979,True,10.489427953549512,False,0.7037718838303425,True
sub-HUP144,RA,RA9,8,40.172677000447855,0.617465455707169,"right middle temporal gyrus, posterior",in,1.7492819288044836,True,4.577556123279441,True,12.183588075686691,False,0.639894169063896,True
sub-HUP144,RA,RA10,9,45.6638903550556,0.395495958218038,"right middle temporal gyrus, posterior",in,1.4240333975737736,True,4.646293338807018,False,14.167698898834505,True,0.7712951820287516,True
sub-HUP144,RA,RA11,10,49.92737433601619,2.2748467065386707e-14,"right middle temporal gyrus, posterior",near,2.3283907881633943,True,5.952190003417195,False,14.927374336016198,False,0.07262566398381007,True
sub-HUP144,RB,RB1,0,0.0,0.0,right hippocampus,near,0.0,True,0.0,True,0.0,True,0.0,True
sub-HUP144,RB,RB2,1,4.639921278158163,0.6314380610630985,right hippocampus,near,0.7919214153359528,True,1.1752423333527304,True,1.2655375519986984,True,0.7492133543804435,True
sub-HUP144,RB,RB3,2,9.65730301789355,0.39070176550585317,right hippocampus,near,0.6345381788366887,True,1.5757220406238133,True,2.6780496503411513,True,0.524948236723826,True
sub-HUP144,RB,RB4,3,14.276843182308049,0.9373623181431078,"right middle temporal gyrus, posterior",near,1.3547014612574375,True,2.6866562480809617,True,3.861534666456463,False,1.2029574298252719,True
sub-HUP144,RB,RB5,4,19.78093235626516,0.47337853471280633,"right middle temporal gyrus, posterior",in,0.7057954867336361,True,2.619683282018584,True,5.794635439318583,False,0.5240152801281542,False
sub-HUP144,RB,RB6,5,24.827908301841624,2.499033793330874e-05,"right middle temporal gyrus, posterior",in,0.5455601416351481,True,3.111873867987986,True,7.32790830187166,False,0.1720916999854389,True
sub-HUP144,RB,RB7,6,29.43146626790384,0.6314135765537471,"right middle temporal gyrus, posterior",in,1.2025694866288328,False,4.151345703613417,False,8.448320859851357,True,0.8542025080833007,False
sub-HUP144,RB,RB8,7,34.47948951764675,0.39076340728970343,"right middle temporal gyrus, temporo-occipital",in,1.1162145808685577,True,4.654850711847708,True,9.984924403325376,False,0.6526387327819595,True
sub-HUP144,RB,RB9,8,40.008470149772045,0.3906865381485583,"right middle temporal gyrus, temporo-occipital",in,0.7084501014245077,True,4.71330884064926,True,12.012917232893352,False,0.39074165156239826,True
sub-HUP144,RB,RB10,9,44.6057997484363,0.47337088806088584,"right middle temporal gyrus, temporo-occipital",in,1.1690788818746776,True,5.70798252621281,False,13.111835634366853,True,0.6176248784921199,True
sub-HUP144,RB,RB11,10,49.65584599333829,3.552713678800501e-15,"right middle temporal gyrus, temporo-occipital",in,1.0910908924453913,False,6.223718346095104,False,14.655845993338287,True,0.344154006661713,True
sub-HUP144,RC,RC1,0,0.0,0.0,right cerebral white matter,white matter,0.0,True,0.0,True,0.0,True,0.0,True
sub-HUP144,RC,RC2,1,3.8202217309917765,0.21865801399547413,right cerebral white matter,white matter,1.3749985489921956,True,1.7874222943843727,True,0.38259840439361287,True,1.2060284981600913,True
sub-HUP144,RC,RC3,2,8.982262509294301,0.515014159241161,right cerebral white matter,white matter,1.4686933382481724,True,2.267683848371478,True,2.0337747310113388,True,1.1538307134671324,True
sub-HUP144,RC,RC4,3,14.518420102970282,0.3187214545531462,"right middle temporal gyrus, temporo-occipital",near,1.0490483036235465,False,2.2714204149019355,False,4.02755211223552,False,0.5804177447239691,False
sub-HUP144,RC,RC5,4,19.671951604219913,0.3753134252149108,"right supramarginal gyrus, posterior",in,1.0844836755499225,False,2.7095736230915675,False,5.6807825627348985,False,0.5008372268251897,True
sub-HUP144,RC,RC6,5,24.085670110188264,0.4964709915390952,"right supramarginal gyrus, posterior",in,1.8448083145207328,False,3.8910326501828485,False,6.59925435699176,False,1.0449242427972705,False
sub-HUP144,RC,RC7,6,29.630364958905,0.3752214756608134,"right middle temporal gyrus, temporo-occipital",in,1.4501564312809303,True,3.917759253271058,True,8.63614419633495,True,0.528377976882563,True
sub-HUP144,RC,RC8,7,34.78289846388563,0.31873221398649976,"right middle temporal gyrus, temporo-occipital",in,1.4541445163682007,True,4.345960601229732,True,10.2863773671228,True,0.38647061274912164,True
sub-HUP144,RC,RC9,8,40.332162027028346,0.5149173137630957,"right middle temporal gyrus, temporo-occipital",in,1.16300710858092,True,4.404975543642101,False,12.339623054563239,True,0.6109816414923114,True
sub-HUP144,RC,RC10,9,45.48284904418723,0.21866459973840555,right angular gyrus,near,1.083120408222065,True,4.814252958131324,False,13.984033116725323,False,0.5295753781145747,True
sub-HUP144,RC,RC11,10,49.29642077437931,1.7763568394002505e-15,,outside the brain,2.4181812044463764,True,6.583143565054083,True,14.296420774379307,False,0.7035792256206997,True
sub-HUP144,RD,RD1,0,0.0,0.0,right central operculum,near,0.0,True,0.0,True,0.0,True,0.0,True
sub-HUP144,RD,RD2,1,5.272540061900048,0.33459831468756585,right postcentral gyrus,in,0.5719313848803345,True,0.46718380658632375,True,1.7934022212765224,False,0.42491665733626605,True
sub-HUP144,RD,RD3,2,9.35467567195106,0.4864388398558748,right postcentral gyrus,in,0.5488170849205969,True,1.897310328456962,True,2.3920032500812196,True,0.8182668707013901,True
sub-HUP144,RD,RD4,3,14.878305891462116,0.5588690912731347,right postcentral gyrus,in,0.7325480576190169,True,1.9767122146334872,False,4.403414904760584,True,0.5742908216633229,True
sub-HUP144,RD,RD5,4,18.91790066132206,0.4827401552137713,right postcentral gyrus,near,0.5583380014590178,True,3.473791118528086,False,4.9354060058156755,False,1.190523781934755,True
sub-HUP144,RD,RD6,5,23.709510388243903,0.7807272837171755,,outside the brain,0.834142857118325,True,4.314357778813323,True,6.245641632621521,False,1.5192923860711451,True
sub-HUP144,RD,RD7,6,28.027346759078963,1.130366213869026,,outside the brain,1.3755704818640442,True,5.637678200629461,True,7.095164050383318,True,2.2933764863672628,True
sub-HUP144,RD,RD8,7,34.25657177305761,7.377764055609925e-15,,outside the brain,0.670079168376012,True,4.859123264545759,True,9.756571773057612,True,0.743428226942395,True
sub-HUP144,RE,RE1,0,0.0,0.0,right insular cortex,in,0.0,True,0.0,True,0.0,True,0.0,True
sub-HUP144,RE,RE2,1,5.138651392063413,0.47967005168611343,right central operculum,near,0.4801944973038555,True,0.6727729524375683,True,1.6858926180719087,False,0.4935476253221322,True
sub-HUP144,RE,RE3,2,10.130949284671093,0.36742750568982047,right precentral gyrus,near,0.398017161597205,True,1.1139685094823348,True,3.145815426166623,False,0.3878782447671538,False
sub-HUP144,RE,RE4,3,15.253559533093982,0.6310593501966284,right precentral gyrus,near,0.6549962177059316,True,1.648905608491023,True,4.782319192762569,True,0.6753341316632244,True
sub-HUP144,RE,RE5,4,19.596231764070634,0.2703835316008029,right precentral gyrus,in,0.9975803917107275,True,2.770683958393439,True,5.600896531092328,False,0.48748940889711434,True
sub-HUP144,RE,RE6,5,24.71243994588561,0.3030180230466492,right middle frontal gyrus,in,1.0283334994333366,True,3.2433860324650503,False,7.21694632585828,False,0.4190258202383816,True
sub-HUP144,RE,RE7,6,30.599659649187466,0.8388571615766809,right middle frontal gyrus,near,0.8735530541941566,False,3.0569278410170697,False,9.624784677222948,False,1.0245060754697668,True
sub-HUP144,RE,RE8,7,34.83671804850516,0.36057751281544254,right middle frontal gyrus,in,1.1915739198876207,True,4.296002088593489,True,10.34114018564682,True,0.39659807269531605,True
sub-HUP144,RE,RE9,8,40.7165195801905,0.5761100474552517,right middle frontal gyrus,in,0.6995193094389626,True,4.032572758844401,True,12.725491153069312,False,0.9162306865119498,True
sub-HUP144,RE,RE10,9,45.72049941800033,0.0,right middle frontal gyrus,in,0.527363110570391,True,4.571108487489717,True,14.220499418000328,True,0.7204994180003275,True
sub-HUP144,RF,RF1,0,0.0,0.0,right caudate,in,0.0,True,0.0,True,0.0,True,0.0,True
sub-HUP144,RF,RF2,1,5.88884527568077,0.5303017257571017,right caudate,in,0.8992690580925409,True,0.5982711481882396,True,2.423646707557596,True,1.0145468790002883,True
sub-HUP144,RF,RF3,2,10.277336818175499,0.7048348079955687,right caudate,in,0.7052488971558724,True,1.1611647869817525,True,3.328619181402874,True,0.748913529755344,True
sub-HUP144,RF,RF4,3,14.53410190882829,0.5619089690585997,right caudate,near,1.054840566676191,True,2.3100174046503605,True,4.062286003910765,False,0.7369164409962902,True
sub-HUP144,RF,RF5,4,19.66242580406121,0.7049050862525967,right cerebral white matter,white matter,1.1469918431486494,True,2.792473614307357,True,5.693590710203496,False,0.7871092003127687,True
sub-HUP144,RF,RF6,5,24.79502728906222,0.9625399435846854,right cerebral white matter,white matter,1.3293704843288627,True,3.3066396739200408,True,7.339725413781626,False,0.9881842440339565,True
sub-HUP144,RF,RF7,6,29.22268633004362,0.5303017257571029,right cerebral white matter,white matter,1.6989198453517809,True,4.342366930474374,True,8.234966746494571,True,0.94495533729376,True
sub-HUP144,RF,RF8,7,35.082793593699144,7.377764055609925e-15,right superior frontal gyrus,near,0.8877671184438424,True,4.032901443904223,True,10.582793593699146,False,0.08279359369914241,True
sub-HUP144,RG,RG1,0,0.0,0.0,right paracingulate gyrus,in,0.0,True,0.0,True,0.0,True,0.0,True
sub-HUP144,RG,RG2,1,5.066612254177595,0.8715763805925733,right paracingulate gyrus,in,0.8717123296319147,True,1.0563629609446992,True,1.7271292204917592,True,0.8716219888573115,True
sub-HUP144,RG,RG3,2,9.886331986614712,0.17977097541874487,right paracingulate gyrus,near,0.22083477027278892,True,1.303669822797197,True,2.8902935233743654,False,0.21357035104369604,True
sub-HUP144,RG,RG4,3,15.253379892532477,0.4493864486507007,right frontal pole,near,0.5036113206780383,True,1.5822682601279683,True,4.767983437373403,False,0.512677307716046,True
sub-HUP144,RG,RG5,4,19.604443138522953,0.8987766401455619,right frontal pole,in,1.0016171534694933,True,2.9102578426728702,True,5.655701120581027,False,0.9904529511199479,True
sub-HUP144,RG,RG6,5,24.483217861856662,0.5332301298319363,right frontal pole,in,0.7696349695894058,True,3.503191726688431,True,6.997756140743317,False,0.7466151657118609,True
sub-HUP144,RG,RG7,6,29.83948138484211,2.220446049250313e-16,right frontal pole,in,0.1993880398675925,True,3.688257218817917,True,8.83948138484211,True,0.16051861515788865,True
sub-HUP144,RH,RH1,0,0.0,0.0,"right cingulate gyrus, anterior",in,0.0,True,0.0,True,0.0,True,0.0,True
sub-HUP144,RH,RH2,1,5.143495411945455,0.26283327632081865,"right cingulate gyrus, anterior",near,0.26291889595274187,True,0.5221546344584469,True,1.6577441738283083,True,0.2962919169875509,True
sub-HUP144,RH,RH3,2,10.286980454126672,0.5256683374357227,"right cingulate gyrus, anterior",near,0.5258398435192851,False,1.0443192182090995,False,3.3154782884751035,True,0.5925805819519363,True
sub-HUP144,RH,RH4,3,15.430465242617052,0.7885024328612074,right cerebral white matter,white matter,0.7887598310072627,True,1.566483492676163,True,4.973212047989919,True,0.8888682958749997,True
sub-HUP144,RH,RH5,4,20.338158470063764,0.736992922379863,right cerebral white matter,white matter,0.7779644548245862,False,2.1568468365419817,False,6.367594908436875,True,0.8053907054727106,True
sub-HUP144,RH,RH6,5,25.467789528793684,0.262724622505621,right frontal pole,near,0.3633459972822258,True,2.4872622683292636,False,7.970765378282257,False,0.5353365706905476,True
sub-HUP144,RH,RH7,6,30.603175518199233,7.215595591812694e-15,right frontal pole,in,0.25773397381875457,True,2.924563085460796,True,9.603175518199237,False,0.6031755181992386,True
sub-HUP144,RI,RI1,0,0.0,0.0,"right cingulate gyrus, posterior",near,0.0,True,0.0,True,0.0,True,0.0,True
sub-HUP144,RI,RI2,1,4.001546146124622,0.17050444682014507,"right cingulate gyrus, posterior",near,1.0184030982778713,False,1.5991601838568261,False,0.5262965471744843,True,1.0164901711971863,False
sub-HUP144,RI,RI3,2,9.003526516890625,0.3836162247636984,right cerebral white matter,white matter,1.0790249753212366,True,2.2140492772630638,True,2.0318918570643496,True,1.0753986614265563,True
sub-HUP144,RI,RI4,3,14.052750416467038,0.7902915180783632,right cerebral white matter,white matter,1.2553050817066014,True,2.845313573138962,True,3.61788159862573,True,1.2507877411685686,True
sub-HUP144,RI,RI5,4,19.045171069221695,0.8106859637916054,right cerebral white matter,white matter,1.271739815540036,True,3.4213495478867477,True,5.092846244182034,True,1.265769415981181,True
sub-HUP144,RI,RI6,5,24.050645239404474,0.42622617641105603,right cerebral white matter,white matter,1.0529565352182655,True,3.916177771996524,True,6.560727954076176,True,1.0440924684623167,True
sub-HUP144,RI,RI7,6,29.045048420103242,0.213114573631747,right cerebral white matter,white matter,0.9905722884597392,True,4.488534215507438,True,8.04708905636758,True,0.9792059197331261,True
sub-HUP144,RI,RI8,7,34.04156570962182,0.0,right cerebral white matter,white matter,0.972016859970166,False,5.074129327981542,False,9.541565709621823,True,0.9584342903781835,False
sub-HUP144,RJ,RJ1,0,0.0,0.0,"right supramarginal gyrus, posterior",near,0.0,True,0.0,True,0.0,True,0.0,True
sub-HUP144,RJ,RJ2,1,6.263723864385894,0.3438578501389778,right superior parietal lobule,in,1.9891815715829335,True,0.7498154417628242,True,2.775659881934789,True,1.3005585533031725,True
sub-HUP144,RJ,RJ3,2,10.549500798324802,0.32812764589508214,right superior parietal lobule,in,1.9816662258605984,True,0.7116744814491668,True,3.559552626917091,True,0.6356377850358144,True
sub-HUP144,RJ,RJ4,3,15.842751366442164,0.5831952805586417,right superior parietal lobule,in,3.004039482625709,True,1.099305150600722,True,5.363812598806766,True,1.0160528230409633,True
sub-HUP144,RJ,RJ5,4,20.12656272448912,0.4261942983480056,right superior parietal lobule,in,2.9725908682512894,True,2.2701415363864945,True,6.1368668335890675,True,0.4433257466774999,True
sub-HUP144,RJ,RJ6,5,24.41437303374877,0.3281289024551162,"right lateral occipital cortex, superior",in,2.955228215379078,False,3.5428422126397634,True,6.919951863226345,False,0.673212554057033,True
sub-HUP144,RJ,RJ7,6,30.667135529830958,0.20560090006016973,"right lateral occipital cortex, superior",in,4.900505837811788,True,2.8686695983922244,False,9.668632591036152,False,0.6974399092807498,True
sub-HUP144,RJ,RJ8,7,34.956565069500186,0.0,"right lateral occipital cortex, superior",near,4.891267128428175,False,4.159129968103177,False,10.456565069500183,False,0.04343493049980995,True
sub-HUP144,RK,RK1,0,0.0,0.0,right postcentral gyrus,in,0.0,True,0.0,True,0.0,True,0.0,True
sub-HUP144,RK,RK2,1,4.946294950034445,0.5697297829179403,right postcentral gyrus,in,0.57068171357168,True,0.8829800729857491,True,1.5238823483128991,True,0.5762778244646016,True
sub-HUP144,RK,RK3,2,9.892512510875118,1.1395127590348781,right postcentral gyrus,in,1.1414213886052804,True,1.7660587008193742,True,3.0477066059579565,True,1.152620878478728,True
sub-HUP144,RK,RK4,3,15.227228278782983,0.37894143479273396,right postcentral gyrus,in,0.5391699676839601,True,1.5872547500239034,True,4.7376914408355955,True,0.4394409960659112,True
sub-HUP144,RK,RK5,4,20.155993978827688,0.8996678768582924,right postcentral gyrus,in,0.9655747872989522,False,2.3915904133071044,False,6.2015110095109325,True,0.9098750453644834,False
sub-HUP144,RK,RK6,5,25.198270915400634,0.49514428546161043,"right supramarginal gyrus, anterior",in,0.67706917901101,True,2.790654357065072,False,7.709322841174649,False,0.5315765388774479,True
sub-HUP144,RK,RK7,6,30.113018410440297,0.6120015653467713,,outside the brain,0.7473099339843199,True,3.4752518320619026,True,9.127339681461297,False,0.6212502653326084,True
sub-HUP144,RK,RK8,7,34.63569413123793,0.0,,outside the brain,0.011439477524114396,True,4.4800009063654365,True,10.135694131237935,False,0.36430586876206517,True
sub-HUP144,RL,RL1,0,0.0,0.0,right postcentral gyrus,in,0.0,True,0.0,True,0.0,True,0.0,True
sub-HUP144,RL,RL2,1,5.04109365108973,0.4259568201911688,right precentral gyrus,in,0.79553369864825,True,0.7074892902745655,True,1.5815079567848649,True,0.42658085426308234,True
sub-HUP144,RL,RL3,2,9.417034268575806,0.42594211257070913,right precentral gyrus,in,0.8237189165673616,True,1.8190868719806066,True,2.4447871667170387,True,0.7297983732168839,True
sub-HUP144,RL,RL4,3,12.993470685962558,0.18667314766717336,right precentral gyrus,in,0.19651160856750796,True,3.7763562655642664,True,2.499111282505611,True,2.016529218468619,True
sub-HUP144,RL,RL5,4,16.586970799543412,0.578932842351969,right precentral gyrus,in,1.0101905506347626,True,5.803907336024604,False,2.6410971114724995,True,3.471745929799722,True
sub-HUP144,RL,RL6,5,20.968502172999667,0.5535019241939806,right precentral gyrus,near,0.9684482151928483,True,7.000502521328938,False,3.5051731817693597,False,4.076555622523153,True
sub-HUP144,RL,RL7,6,25.280614472000988,0.47268728993597203,right precentral gyrus,near,0.9559123919000452,False,8.265071369826341,False,4.302240944349731,True,4.747395785158048,False
sub-HUP144,RL,RL8,7,28.860932211040108,0.0,,outside the brain,1.597303483832776,True,10.254762826563255,True,4.36093221104011,False,6.139067788959882,True
sub-HUP144,RM,RM1,0,0.0,0.0,right postcentral gyrus,near,0.0,True,0.0,True,0.0,True,0.0,True
sub-HUP144,RM,RM2,1,6.339373669755609,1.067716578497292,right superior parietal lobule,near,1.5928520560375128,True,1.2556860860398333,True,2.9488948794442646,True,1.6430300634478405,True
sub-HUP144,RM,RM3,2,11.340679935099553,0.9779347449316674,right superior parietal lobule,in,1.5209265423021234,True,0.9855802253583369,True,4.408277648632323,False,1.6255132861083958,True
sub-HUP144,RM,RM4,3,15.507543518580883,1.4376189387837057,right superior parietal lobule,in,1.457576031897329,True,1.9538062502890035,True,5.145666708397632,True,1.5036688843851829,True
sub-HUP144,RM,RM5,4,20.34917805856032,0.3558326663098262,right superior parietal lobule,in,0.36447111635616986,True,2.0370778423255906,True,6.35603489905969,True,0.49636585062531535,True
sub-HUP144,RM,RM6,5,25.396306643601157,0.17757387885695067,right superior parietal lobule,in,0.18798915127351934,True,2.550285999746603,True,7.897682392345774,True,0.4337046882423641,True
sub-HUP144,RM,RM7,6,30.523744442679913,0.5337269091415554,right superior parietal lobule,in,0.5466802898692886,True,3.0556348249267864,False,9.534028884540866,True,0.7445174186293337,True
sub-HUP144,RM,RM8,7,36.54976115178586,7.993605777301127e-15,right superior parietal lobule,near,1.0821872162979735,True,2.5659338858175005,False,12.049761151785864,False,1.5497611517858507,True
sub-HUP146,LE,LE1,0,0.0,0.0,left frontal orbital cortex,near,,False,0.0,True,0.0,True,0.0,True
sub-HUP146,LE,LE3,1,11.316486489726913,2.7662627956393817,left subcallosal cortex,near,,False,2.7736818291855387,False,4.8413181004345684,True,2.9324541180051753,False
sub-HUP146,LE,LE5,2,21.770201387351957,0.7073424090745684,left cerebral white matter,white matter,,False,0.9231050786264217,True,7.790883731968706,True,1.895622321974014,True
sub-HUP146,LE,LE7,3,32.91483559995356,1.736512736390652,left cerebral white matter,white matter,,False,1.8572608162439868,True,11.995355461886879,True,3.3535976173630706,True
sub-HUP146,LE,LE9,4,42.27246440840887,3.5509747066380966,left cerebral white matter,white matter,,False,4.3896350236243125,False,14.562627685622976,True,4.137243900061004,False
sub-HUP146,LE,LE11,5,53.18564456034212,7.133128933837889e-15,left superior frontal gyrus,near,,False,2.693919779091268,True,18.18564456034212,False,3.185644560342116,True
sub-HUP146,LF,LF1,0,0.0,0.0,left insular cortex,in,,False,0.0,True,0.0,True,0.0,True
sub-HUP146,LF,LF3,1,9.82394863629367,0.7077148414042319,left insular cortex,near,,False,1.5486564414634685,True,2.88652652173598,False,0.7358622911973454,True
sub-HUP146,LF,LF5,2,21.65717840139889,0.6984014754809064,left insular cortex,near,,False,0.9930132862966676,True,7.677745252010836,True,1.7879594361687254,True
sub-HUP146,LF,LF7,3,31.88106273060979,0.8596247785009417,left cerebral white matter,white matter,,False,1.8678342922166271,True,10.903410606391873,False,2.057638938775616,True
sub-HUP146,LF,LF9,4,42.666508034570406,1.022225372890929,left frontal pole,near,,False,2.290184904618579,True,14.689870791815649,False,2.844300446512117,True
sub-HUP146,LF,LF11,5,54.104944908774826,1.020439314654103e-14,left frontal pole,in,,False,1.774619430658561,True,19.104944908774833,False,4.104944908774828,True
sub-HUP146,LG,LG1,0,0.0,0.0,left paracingulate gyrus,near,0.0,True,0.0,True,0.0,True,0.0,True
sub-HUP146,LG,LG2,1,6.498723682259325,2.6276295596225525,left frontal pole,near,2.6656040111141386,True,2.651617347114623,True,3.5884096074641056,False,2.7919938245514055,True
sub-HUP146,LG,LG3,2,12.745916297084266,3.3699252962760355,left frontal pole,in,3.4056452997005326,False,3.550047748901995,False,6.27418644096987,False,4.075694650760539,False
sub-HUP146,LG,LG4,3,17.205038948463404,2.9804904178253224,left frontal pole,in,3.723328552403382,False,2.985983855096169,False,7.100719230483097,False,3.5589332319650615,False
sub-HUP146,LG,LG5,4,21.29294650528321,2.908027221998309,left frontal pole,near,5.337038214266499,True,3.1686231462431858,True,7.666382790391123,True,3.106802174434455,True
sub-HUP146,LG,LG6,5,26.41731344038867,2.816816226518068,left frontal pole,in,6.352711430843142,True,3.2762215833726325,True,9.208128928461338,False,3.0885279759700075,False
sub-HUP146,LG,LG7,6,32.51587522903058,1.5641415093400297,left frontal pole,in,6.079369217797054,True,1.8836138606298178,True,11.584315515673225,False,2.930559038258319,True
sub-HUP146,LG,LG8,7,39.11744216559374,0.0,left frontal pole,in,5.6276551242374335,False,0.001747127990364562,True,14.617442165593731,False,4.117442165593733,True
sub-HUP146,LH,LH1,0,0.0,0.0,"left cingulate gyrus, anterior",near,0.0,True,0.0,True,0.0,True,0.0,True
sub-HUP146,LH,LH2,1,5.097699845014056,0.8394558757632284,left cerebral white matter,white matter,0.8423356608217398,True,1.0090182506038607,True,1.743501196698466,False,0.8399262807210156,True
sub-HUP146,LH,LH3,2,10.652087978013112,2.1064670527276435,left cerebral white matter,white matter,2.1208213579919866,True,2.230745267951648,True,4.035185886409663,True,2.1522850483283067,True
sub-HUP146,LH,LH4,3,17.89056058426654,3.3279334285303115,left cerebral white matter,white matter,4.036995452009488,True,3.426143044498821,True,7.821612833480277,True,4.209848981185148,True
sub-HUP146,LH,LH5,4,23.660658672568697,3.4790433440739066,left cerebral white matter,white matter,4.602174098434304,True,3.634518678884424,True,10.026427031505431,True,4.866974474112338,True
sub-HUP146,LH,LH6,5,27.25485875861181,2.764540435986603,left precentral gyrus,near,3.207159906324919,True,2.885155729302953,True,10.003860636434624,False,3.480359145597824,True
sub-HUP146,LH,LH7,6,29.87730580178299,1.00075967650169,left precentral gyrus,near,1.2361635067143477,True,3.801297341959813,False,8.916877188761083,False,1.0104300410300162,True
sub-HUP146,LH,LH8,7,34.580113413718195,0.0,left precentral gyrus,in,1.103785501380193,True,4.535581623885172,True,10.080113413718198,False,0.4198865862818028,True
sub-HUP146,LI,LI1,0,0.0,0.0,left cerebral white matter,white matter,,False,0.0,True,0.0,True,0.0,True
sub-HUP146,LI,LI3,1,11.503612377280005,2.187285756586493,left cerebral white matter,white matter,,False,2.1904578303237594,True,4.818769774536136,True,2.541263134171694,True
sub-HUP146,LI,LI5,2,22.270140943606844,0.9095440528040739,left cerebral white matter,white matter,,False,0.9150539165073001,True,8.301536435641573,True,2.428330966454804,True
sub-HUP146,LI,LI7,3,33.075452948168696,7.215595591812694e-15,"left supramarginal gyrus, posterior",near,,False,0.4522856554913324,True,12.075452948168698,False,3.075452948168699,False
sub-HUP146,RA,RA1,0,0.0,0.0,right hippocampus,in,0.0,True,0.0,True,0.0,True,0.0,True
sub-HUP146,RA,RA2,1,5.664315942612776,0.39907638620051117,right hippocampus,in,0.39932454407097945,True,0.403907435568897,True,2.1869600887778358,True,0.7629378373722547,True
sub-HUP146,RA,RA3,2,11.814966321331942,0.5706671677528968,right hippocampus,in,0.7409180010699938,True,0.8465315698648684,True,4.834972322504002,True,1.8894173732046589,True
sub-HUP146,RA,RA4,3,17.015880969732482,2.3686437477308364,"right parahippocampal gyrus, anterior",in,2.3729403656195203,False,2.3702170182708495,False,6.777587965820738,False,3.0056226076203303,False
sub-HUP146,RA,RA5,4,19.857674842561046,5.219874362898187,"right temporal fusiform cortex, posterior",in,6.283517007838656,True,6.118748083262257,True,7.339334976318518,False,5.287135715076702,True
sub-HUP146,RA,RA6,5,23.95434916859,5.032062761695897,"right temporal fusiform cortex, posterior",in,7.024859333603933,False,6.7639839052602255,False,7.769570950423287,False,5.274328599986235,True
sub-HUP146,RA,RA7,6,28.974448513145205,4.688339733825099,"right temporal fusiform cortex, posterior",in,7.146181532994101,False,6.807046888424871,False,8.923478357863303,True,4.895021670896737,False
sub-HUP146,RA,RA8,7,34.307212951738876,4.923760436128483,"right inferior temporal gyrus, posterior",in,7.53077056590358,True,7.134892134273623,True,10.65760737219834,False,5.034046475911868,True
sub-HUP146,RA,RA9,8,39.69264084152724,5.202189502143922,"right inferior temporal gyrus, posterior",in,7.914244311568214,True,7.464688604379108,True,12.485638849462736,True,5.242607909764838,True
sub-HUP146,RA,RA10,9,45.74602017955767,4.449703255016591,"right inferior temporal gyrus, posterior",in,7.035596363620939,True,6.517774697675744,True,14.71785885172737,True,4.481049063846618,True
sub-HUP146,RA,RA11,10,52.7855472277757,1.8918272221646821,"right inferior temporal gyrus, posterior",in,4.327005116933646,False,3.6555372711868555,False,17.852158196986892,True,3.339237177544059,True
sub-HUP146,RA,RA12,11,60.069861306155794,7.119291619286993e-15,"right inferior temporal gyrus, posterior",near,2.237614062584741,False,1.397659467220929,False,21.569861306155797,False,5.069861306155793,False
sub-HUP146,RB,RB1,0,0.0,0.0,"right parahippocampal gyrus, posterior",in,0.0,True,0.0,True,0.0,True,0.0,True
sub-HUP146,RB,RB2,1,5.509220967564909,1.1118622327942878,"right parahippocampal gyrus, posterior",in,1.1131507978386075,True,1.1283348923305845,True,2.1978428616297268,True,1.180229120358594,True
sub-HUP146,RB,RB3,2,9.883554718725197,2.395627384356958,"right parahippocampal gyrus, posterior",in,2.6343502413405724,True,2.8736507779532507,True,3.527188855333425,True,2.430656894685577,True
sub-HUP146,RB,RB4,3,15.16564492952644,4.530696644267319,"right temporal fusiform cortex, posterior",in,4.789753128656909,True,5.076908724872727,True,6.025981046357877,False,4.561236006128646,False
sub-HUP146,RB,RB5,4,20.100579949408125,5.433989365363743,right temporo-occipital fusiform cortex,in,5.7962917345044875,True,6.206963306332937,False,7.627160298605225,False,5.472473967810609,False
sub-HUP146,RB,RB6,5,24.96565387302801,4.544928874688473,right temporo-occipital fusiform cortex,in,5.03342187975713,False,5.670746049123775,False,8.38673601451595,False,4.567302890394989,False
sub-HUP146,RB,RB7,6,33.20720016104977,2.7710208800017595,right temporo-occipital fusiform cortex,in,2.958881404201861,True,2.805167285157043,False,12.404841145525262,True,4.151530025167877,True
sub-HUP146,RB,RB8,7,41.54275526530341,3.1675503355619816,"right inferior temporal gyrus, temporo-occipital",in,5.122410887961183,True,3.918109962388037,True,17.215729844622917,False,7.16052667388288,True
sub-HUP146,RB,RB9,8,47.07954910251632,4.205827010407817,"right middle temporal gyrus, temporo-occipital",in,5.910568298633785,False,4.740762714403138,False,19.353825929771283,False,8.07335963091075,False
sub-HUP146,RB,RB10,9,51.944083615264255,4.501468021323239,"right middle temporal gyrus, temporo-occipital",in,5.806580844163359,False,4.73140968204141,False,20.7429929807367,False,8.11219637424524,False
sub-HUP146,RB,RB11,10,56.39166521926558,2.097882504679037,"right lateral occipital cortex, inferior",in,3.6032081733041466,True,2.1505583406183857,True,21.45543931524173,False,6.690067728623849,False
sub-HUP146,RB,RB12,11,60.87488185696011,1.020439314654103e-14,"right lateral occipital cortex, inferior",near,2.10944519268954,False,0.5926389164166057,True,22.374881856960112,False,5.874881856960115,False
sub-HUP146,RC,RC1,0,0.0,0.0,"right superior temporal gyrus, posterior",in,0.0,True,0.0,True,0.0,True,0.0,True
sub-HUP146,RC,RC2,1,5.062270218584429,0.728077088075924,"right superior temporal gyrus, posterior",in,0.7315545638003045,True,0.9298103194881993,True,1.6760388838455986,True,0.7281408913629189,True
sub-HUP146,RC,RC3,2,9.720303962290357,1.8320828948100232,"right superior temporal gyrus, posterior",in,1.861690351785878,True,2.452113240911753,True,3.136732043339885,True,1.8874757050167488,True
sub-HUP146,RC,RC4,3,13.978005161534265,1.4404094057241759,"right superior temporal gyrus, posterior",in,1.7046342579017812,True,3.2024943270540867,True,3.6958371858767474,True,1.8102186196880783,True
sub-HUP146,RC,RC5,4,20.048779666248432,3.580791979123119e-15,"right superior temporal gyrus, posterior",in,0.2952029628550677,True,2.3030460695249246,False,6.048779666248434,True,0.048779666248434814,True
sub-HUP146,RD,RD1,0,0.0,0.0,right putamen,in,0.0,True,0.0,True,0.0,True,0.0,True
sub-HUP146,RD,RD2,1,6.11574311876337,0.3931087154352591,right putamen,near,0.48638303347161205,True,0.6479993213690547,True,2.63261137854174,True,1.1710486765636223,True
sub-HUP146,RD,RD3,2,12.498682937405597,1.187052642221325,right insular cortex,near,1.2339180114204977,True,1.7356671553410594,True,5.570141605656032,True,2.7153939351467478,True
sub-HUP146,RD,RD4,3,18.71311088293973,1.4334719242492768,right insular cortex,near,1.5216303003639868,True,2.3755107548089267,True,8.283107299947503,True,3.928960398172305,True
sub-HUP146,RD,RD5,4,24.711194166303628,2.4528813320874203,right cerebral white matter,white matter,2.637305430008097,True,3.3199795503127163,False,10.869535752829721,False,5.2035526798821445,False
sub-HUP146,RD,RD6,5,31.7517629170694,3.778055184599668,right cerebral white matter,white matter,3.801480105813965,True,5.20922571080082,True,14.526105726575679,False,7.540880308323205,True
sub-HUP146,RD,RD7,6,37.39172092926159,5.178429296151576,right cerebral white matter,white matter,5.340496348369432,False,6.2523420049054454,True,16.847016048931643,False,8.732509992422127,True
sub-HUP146,RD,RD8,7,45.132822020350396,6.152148255304629,right precentral gyrus,near,6.152166618948282,True,8.316400658310314,True,21.127131322652914,False,11.496222414865187,False
sub-HUP146,RD,RD9,8,51.06112970084844,3.569496274715121,right precentral gyrus,near,3.574025885956804,False,7.1823471578727,True,23.21230516231676,False,11.504000611616888,True
sub-HUP146,RD,RD10,9,56.25237408478043,7.160723346098895e-15,right precentral gyrus,in,1.2532308446084817,True,5.960766179290379,True,24.75237408478043,False,11.25237408478043,False
sub-HUP146,RE,RE1,0,0.0,0.0,right frontal orbital cortex,near,,False,0.0,True,0.0,True,0.0,True
sub-HUP146,RE,RE3,1,12.354996113228006,1.6629870682513193,right cerebral white matter,white matter,,False,1.9756703197281364,True,5.500001453696116,False,2.7918855132318314,True
sub-HUP146,RE,RE5,2,24.144817571773153,4.731365090643781,right cerebral white matter,white matter,,False,4.913361674108646,True,10.7714646983181,True,5.99199311877959,True
sub-HUP146,RE,RE7,3,35.098837917961625,2.0217228665448377,right cerebral white matter,white matter,,False,2.525074493339988,True,14.18537184931361,True,5.430896735464715,True
sub-HUP146,RE,RE9,4,47.31220585649283,5.416042796011705,right middle frontal gyrus,near,,False,5.88321133248143,True,19.75799877038902,False,8.851559064331754,False
sub-HUP146,RE,RE11,5,58.427721428097115,7.944109290391274e-15,right middle frontal gyrus,in,,False,2.5481570886637366,True,23.42772142809712,False,8.427721428097122,True
sub-HUP146,RF,RF1,0,0.0,0.0,right insular cortex,in,0.0,True,0.0,True,0.0,True,0.0,True
sub-HUP146,RF,RF2,1,6.255476186037369,0.22064244841150163,right insular cortex,in,0.894926140883088,True,0.6993456139530458,True,2.760415938445461,True,1.270883527876541,True
sub-HUP146,RF,RF3,2,11.087507894807723,0.7245654614631744,right insular cortex,in,0.7824078603186838,True,0.7331866906559371,True,4.1278961270970695,True,1.2871213955822443,True
sub-HUP146,RF,RF4,3,17.647154744820437,1.0616066959705888,right central operculum,in,1.8070576908846572,True,1.3607948496006543,True,7.193955469993034,False,2.8224543847892307,True
sub-HUP146,RF,RF5,4,22.98129647657054,1.3824163114429007,right central operculum,near,1.9693170988687858,True,1.502214149242273,True,9.04593561616311,False,3.2485062168321983,False
sub-HUP146,RF,RF6,5,26.382302873887795,1.3389989427346942,"right inferior frontal gyrus, pars opercularis",near,1.456495867040132,True,2.0798387445291424,True,8.949042175898587,False,1.9002196817162493,False
sub-HUP146,RF,RF7,6,29.050016352010648,1.5172015751028234,"right inferior frontal gyrus, pars opercularis",near,3.627824270548639,True,4.765346004221742,True,8.15278622051482,False,1.8114272753788354,True
sub-HUP146,RF,RF8,7,34.11338134867562,2.769604648311192,right middle frontal gyrus,in,4.613138206456695,True,5.816632246483865,True,9.896224597996225,False,2.9443469278152987,False
sub-HUP146,RF,RF9,8,39.203338648125325,3.781487189609116,right middle frontal gyrus,in,5.543681096845809,True,6.826233472551218,True,11.651258597873111,False,3.9062767378071164,True
sub-HUP146,RF,RF10,9,45.894584939067705,4.050780818714409,right middle frontal gyrus,in,4.892169961829765,True,6.1114542429964205,True,14.781352534948331,False,4.113480407432777,True
sub-HUP146,RF,RF11,10,54.035911136745135,3.2515207726141444,right middle frontal gyrus,in,3.2529129665131498,True,3.7870937167340357,True,19.215099325880225,False,5.106876930735875,True
sub-HUP146,RF,RF12,11,62.395334727782846,0.0,right middle frontal gyrus,in,3.16821626605061,True,0.9278139544061214,True,23.895334727782846,True,7.395334727782845,True
sub-HUP146,RG,RG1,0,0.0,0.0,"right cingulate gyrus, anterior",near,0.0,True,0.0,True,0.0,True,0.0,True
sub-HUP146,RG,RG2,1,5.763640222542686,1.7759569793120598,right cerebral white matter,white matter,1.8710930641909072,False,1.779043641351675,False,2.6621647302383753,True,1.8405187414932715,True
sub-HUP146,RG,RG3,2,11.272061684967028,1.52557218240818,right cerebral white matter,white matter,1.8111355816946804,False,1.5255909367051366,False,4.43874961916006,False,1.9215640179971927,False
sub-HUP146,RG,RG4,3,17.31608227029197,2.4226742750777204,right insular cortex,near,2.6488305458761805,True,2.452589882238641,True,7.073583301255112,False,3.2363050276377083,False
sub-HUP146,RG,RG5,4,24.158309611237875,1.9810537451255077,right frontal operculum,near,1.9923672878776506,False,2.6269022338681234,False,10.269830732213975,False,4.532776866746431,False
sub-HUP146,RG,RG6,5,32.421348431439164,0.8654261199767113,right frontal operculum,in,2.223884610733504,True,4.553019363013393,True,14.934891255790497,False,7.460163401930535,True
sub-HUP146,RG,RG7,6,38.69229386708405,1.8011181074500338,"right inferior frontal gyrus, pars opercularis",near,2.856336719580293,False,5.430025508361048,False,17.74200924713812,False,8.835869325530673,False
sub-HUP146,RG,RG8,7,42.64462499230705,7.53644380168212e-15,"right inferior frontal gyrus, pars triangularis",near,0.13892966326925196,True,3.528929954703683,False,18.144624992307055,False,7.644624992307053,False
sub-HUP146,RH,RH1,0,0.0,0.0,right caudate,near,0.0,True,0.0,True,0.0,True,0.0,True
sub-HUP146,RH,RH2,1,5.458888032874392,0.5768717818991583,right caudate,near,0.897212987463467,False,0.5985518113903322,False,2.012760789365565,True,0.718498860293078,True
sub-HUP146,RH,RH3,2,11.712790840202434,1.1813224775160474,right cerebral white matter,white matter,1.3151137435069944,True,1.2740478317091823,True,4.80068179582729,True,2.0317849031572965,True
sub-HUP146,RH,RH4,3,17.786395746040778,2.615728100003955,right cerebral white matter,white matter,2.722090203412106,False,2.7439934795902063,True,7.559944414879371,True,3.6831658481786165,True
sub-HUP146,RH,RH5,4,24.33050820911242,3.1157660342123745,"right inferior frontal gyrus, pars opercularis",near,3.133383881123861,False,3.5875542056113057,True,10.598517050160716,False,5.173624696262132,False
sub-HUP146,RH,RH6,5,31.059420776417134,1.450251005411858,"right inferior frontal gyrus, pars opercularis",in,1.5178879819305098,True,3.409568168469813,True,13.603072191551544,False,6.1976132916059194,True
sub-HUP146,RH,RH7,6,35.16102238946229,0.3741093750054766,"right inferior frontal gyrus, pars opercularis",in,1.5789124575951394,True,1.6736416192356467,True,14.163973581144639,False,5.172578655851961,True
sub-HUP146,RH,RH8,7,39.158482909153605,0.0,"right inferior frontal gyrus, pars opercularis",in,3.6499977656431013,True,0.042787871550240816,True,14.658482909153607,True,4.158482909153605,True
sub-HUP146,RI,RI1,0,0.0,0.0,right precuneus,in,0.0,True,0.0,True,0.0,True,0.0,True
sub-HUP146,RI,RI2,1,5.844219019451743,0.5131119048190927,"right cingulate gyrus, posterior",near,0.5136079967574413,True,0.5638232401069039,True,2.37767615634622,False,0.9687068849472067,True
sub-HUP146,RI,RI3,2,12.29899194451435,1.9245938540993612,right precuneus,near,1.9785793262921185,True,2.155920656640506,True,5.495503360843155,True,2.8836971144868238,True
sub-HUP146,RI,RI4,3,17.1850582627401,1.579294608559611,right precuneus,near,1.6342707676067048,True,1.6172819043334334,True,6.798320654984757,True,2.637448843068083,True
sub-HUP146,RI,RI5,4,23.150564205704033,1.3805704391693236,right precuneus,near,1.4062496576399315,False,1.5747498587642894,True,9.213385104122109,True,3.4020746116223433,True
sub-HUP146,RI,RI6,5,30.66265281146689,1.5323572403831867,right cerebral white matter,white matter,2.077790426863677,True,3.0911107712032564,True,13.2134931517764,False,5.82934914782507,True
sub-HUP146,RI,RI7,6,36.50551956469989,1.292434349490182,right angular gyrus,near,1.9181193276205872,True,3.2251809910015004,True,15.53648407047158,False,6.61021392191241,False
sub-HUP146,RI,RI8,7,42.83077199642285,1.9294180883829604,right angular gyrus,in,2.6923286096657373,True,4.147683695838786,True,18.38879308043516,False,8.022753536232527,False
sub-HUP146,RI,RI9,8,46.970087953876984,1.2183394074655707,right angular gyrus,in,1.2347323764411013,True,2.559237955652895,True,18.993399989745694,False,7.060199759617256,True
sub-HUP146,RI,RI10,9,51.80641216911763,0.722465674168023,right angular gyrus,in,1.0754176594492386,True,1.673723808127821,True,20.314225493455474,False,6.839638132450143,True
sub-HUP146,RI,RI11,10,57.17704215062192,1.7312083469568766,right angular gyrus,in,2.1597917347718205,True,2.147834253802044,True,22.21837605713106,False,7.3574053935858466,True
sub-HUP146,RI,RI12,11,61.60627480664712,7.327471962526033e-15,right angular gyrus,in,2.6801344073220514,False,0.13875403327040703,True,23.106274806647125,True,6.606274806647123,True
sub-HUP146,RJ,RJ1,0,0.0,0.0,right superior frontal gyrus,near,0.0,True,0.0,True,0.0,True,0.0,True
sub-HUP146,RJ,RJ2,1,4.638243462691463,0.8799401431287299,right superior frontal gyrus,near,1.07653397518085,False,1.357696478800028,False,1.3730374699216166,False,0.986509842140996,False
sub-HUP146,RJ,RJ3,2,9.027762091404217,2.736191197394862,right middle frontal gyrus,in,3.2454125864135364,True,3.755793360331561,True,3.171237848185245,True,3.072133501578362,True
sub-HUP146,RJ,RJ4,3,14.080631155739777,3.64627869939141,right middle frontal gyrus,in,4.121946989931002,True,4.8273558317330005,True,4.7861634013866565,True,3.9056932769586883,True
sub-HUP146,RJ,RJ5,4,19.23105932371227,5.329070518200751e-15,right middle frontal gyrus,in,1.4657252010674404,False,3.1207664120610814,False,5.2310593237122704,True,0.7689406762877327,True
sub-HUP146,RK,RK1,0,0.0,0.0,right precentral gyrus,near,0.0,True,0.0,True,0.0,True,0.0,True
sub-HUP146,RK,RK2,1,5.347523046060322,0.696867948333956,right precentral gyrus,in,0.6983583500646728,True,0.7532865234710365,True,1.9319803664208142,False,0.759461574116451,True
sub-HUP146,RK,RK3,2,12.089635639174098,1.4331677814674166,right precentral gyrus,in,1.9412225255773947,True,1.655397280870666,True,5.205560916156586,True,2.4640493633217466,True
sub-HUP146,RK,RK4,3,16.98135808450471,3.688882027804963e-15,right precentral gyrus,in,0.9387889463237472,True,0.21748878267469335,True,6.481358084504708,True,1.9813580845047138,True
sub-HUP148,LA,LA1,0,0.0,0.0,left amygdala,in,0.0,True,0.0,True,0.0,True,0.0,True
sub-HUP148,LA,LA2,1,5.978578538452378,1.1055246401405414,left amygdala,in,1.1094296096103922,True,1.1423012526208005,True,2.620127917324402,True,1.41019243925364,True
sub-HUP148,LA,LA3,2,12.246059887693836,1.6382618816802987,left amygdala,near,1.734930149793419,True,1.8988513491459318,True,5.390938904356644,False,2.6918998704077333,True
sub-HUP148,LA,LA4,3,18.179363646057713,1.9370863415214585,left planum polare,near,2.069525270483922,True,2.3395813346722956,True,7.819594659652544,False,3.6350047884789007,False
sub-HUP148,LA,LA5,4,22.853642659351536,3.021323495503077,left planum polare,near,3.05872195043316,True,3.0363021198119013,True,9.165349784449118,False,4.0208282428414055,True
sub-HUP148,LA,LA6,5,28.75510418810879,3.7867249800095353,"left middle temporal gyrus, posterior",near,3.8086084505069464,True,3.8286282948401835,True,11.637965812190798,False,5.1596571293926035,False
sub-HUP148,LA,LA7,6,34.50208946081143,4.28145249910241,"left middle temporal gyrus, posterior",near,4.306032401109595,False,4.339543203204082,False,13.910676845503561,False,6.022419678818985,True
sub-HUP148,LA,LA8,7,39.76202161494775,4.815699006541961,"left middle temporal gyrus, posterior",in,4.920062348685177,True,4.828665363293828,True,15.724871008791778,False,6.570068424395654,True
sub-HUP148,LA,LA9,8,45.09419798953786,4.334770503054404,"left middle temporal gyrus, posterior",in,4.547446835463202,True,4.338577763096009,True,17.432898833367982,False,6.531238565381713,True
sub-HUP148,LA,LA10,9,50.99209555065019,2.7894474305876464,"left middle temporal gyrus, posterior",near,3.008334262898582,True,2.858419220004855,False,19.615097693650252,False,6.540414462342324,False
sub-HUP148,LA,LA11,10,55.192626836971165,1.613996900324788,"left middle temporal gyrus, posterior",near,3.10770416250982,False,1.7634781951639966,False,20.23349857729215,False,5.415143782253945,False
sub-HUP148,LA,LA12,11,58.82624446932132,0.0,,outside the brain,4.7809705774785725,True,2.6412763040553964,True,20.32624446932132,False,3.8262444693213182,False
sub-HUP148,LB,LB1,0,0.0,0.0,left hippocampus,in,0.0,True,0.0,True,0.0,True,0.0,True
sub-HUP148,LB,LB2,1,5.447014156783663,0.4250763342589953,left hippocampus,in,0.43663156683782534,True,0.45333549759092673,True,1.9766497972132775,True,0.6049267412113444,True
sub-HUP148,LB,LB3,2,11.229602337124817,1.8253116227734576,"left temporal fusiform cortex, posterior",near,1.8254199306237011,True,1.827816075960992,True,4.469932948135714,False,2.1210206322972622,False
sub-HUP148,LB,LB4,3,15.71020891149334,2.702611495594621,"left temporal fusiform cortex, posterior",near,2.9234171002905125,True,2.993779880030352,True,5.662568162162713,False,2.7442092221125702,True
sub-HUP148,LB,LB5,4,20.40775078555041,2.7247611099099656,"left inferior temporal gyrus, posterior",near,3.319349691751669,False,3.456525637536241,False,6.795245527496537,False,2.7340378671799406,True
sub-HUP148,LB,LB6,5,25.381065591619382,2.075689240255404,"left middle temporal gyrus, posterior",near,3.139111459878667,False,3.3612230406020327,False,8.067641415747978,False,2.0966949649614954,True
sub-HUP148,LB,LB7,6,29.87828647804631,2.212833067085448,"left middle temporal gyrus, posterior",in,4.04403074150755,True,4.338292327816238,True,9.070298081906813,False,2.2221953223207396,True
sub-HUP148,LB,LB8,7,35.283803651166174,2.4225916104469194,"left middle temporal gyrus, posterior",in,4.265506528048699,True,4.604064245537454,True,10.971347038846845,False,2.4308775072268825,True
sub-HUP148,LB,LB9,8,41.79258114939171,2.078576394653131,"left middle temporal gyrus, posterior",in,3.2517268685301177,True,3.619200956374342,True,13.897183243252917,True,2.711286030650985,True
sub-HUP148,LB,LB10,9,47.355966772202464,1.3637933702869687,"left middle temporal gyrus, posterior",near,2.791231438890444,True,3.2547856924166796,True,15.894940050489225,False,2.705244253472755,False
sub-HUP148,LB,LB11,10,52.31369752940428,0.649620363129293,,outside the brain,3.0619277255126223,True,3.6285252383457784,True,17.32184957458931,False,2.3992820132280346,False
sub-HUP148,LB,LB12,11,58.0555441061249,0.0,,outside the brain,2.776530858682844,True,3.4119766672518135,True,19.55554410612491,False,3.0555441061249042,True
sub-HUP148,LC,LC1,0,0.0,0.0,left hippocampus,in,0.0,True,0.0,True,0.0,True,0.0,True
sub-HUP148,LC,LC2,1,4.12380016707648,1.8796724476841968,left hippocampus,near,2.5575696279057785,True,2.6851095700240952,True,1.8873892688805822,False,2.3023341903665564,True
sub-HUP148,LC,LC3,2,7.580108796380919,2.310159842696492,"left temporal fusiform cortex, posterior",near,4.269243157672087,False,4.581487149583408,False,2.3205645174522895,False,3.614969841835702,False
sub-HUP148,LC,LC4,3,11.447661937534065,0.9266238806092888,left cerebral white matter,white matter,4.893010207333757,True,5.4333692134190406,True,1.2988109326534842,True,3.7075638300950455,True
sub-HUP148,LC,LC5,4,17.29669399327457,3.301361144777473,"left middle temporal gyrus, posterior",near,5.695189034362432,False,6.306294003577484,False,4.446538706242687,False,4.475172708083089,False
sub-HUP148,LC,LC6,5,24.711883088560253,6.428365788503918,"left middle temporal gyrus, posterior",in,7.164455237513945,False,7.613102668987293,False,9.043660545301956,False,6.528470212828261,False
sub-HUP148,LC,LC7,6,29.99708675433002,6.880266282609416,"left middle temporal gyrus, posterior",near,7.601465105884352,False,8.129578549703009,False,10.702109386087546,True,6.926922753981905,False
sub-HUP148,LC,LC8,7,35.70240684628815,6.001874293772335,"left middle temporal gyrus, temporo-occipital",in,6.556706635169311,True,7.16936304259625,True,12.263389906600633,False,6.005018807624808,True
sub-HUP148,LC,LC9,8,39.89636524583911,4.020977348465555,"left middle temporal gyrus, temporo-occipital",in,5.360942544716862,True,6.424381994080768,True,12.365259762039447,False,4.032663252189643,True
sub-HUP148,LC,LC10,9,45.02137097073379,2.036752051274712,"left middle temporal gyrus, temporo-occipital",in,4.195912511165874,False,5.6931309348834995,False,13.628331972346134,True,2.036902102683827,True
sub-HUP148,LC,LC11,10,50.65295636571845,0.7289458351704157,,outside the brain,3.4780880746343312,True,5.282390718611032,True,15.664680674964455,False,0.9751366734915451,False
sub-HUP148,LC,LC12,11,54.769407153513,1.6280579355608324e-14,,outside the brain,4.684002458891091,True,6.698113619863719,True,16.269407153512997,False,0.23059284648700426,True
sub-HUP148,LD,LD1,0,0.0,0.0,left hippocampus,near,0.0,True,0.0,True,0.0,True,0.0,True
sub-HUP148,LD,LD2,1,6.204353622595981,1.6438460498255354,left hippocampus,in,1.9099413249725432,False,1.6905594562740363,False,2.977523327930206,False,1.9151441594760399,False
sub-HUP148,LD,LD3,2,10.686194902127287,1.9528947462015729,left hippocampus,near,2.0124296776715567,True,2.0645258515346208,True,4.013412305590059,True,2.017441763643948,True
sub-HUP148,LD,LD4,3,14.693738383083689,2.0482186351487477,left lingual gyrus,near,2.103769010521137,False,3.0158186216911624,True,4.538721791024586,False,2.097008479841622,False
sub-HUP148,LD,LD5,4,18.453694794969277,1.723858456912374,left lingual gyrus,near,2.398534149527975,False,4.336212024430623,False,4.700513292845769,False,2.3704037451325464,False
sub-HUP148,LD,LD6,5,23.1812686115797,0.4371048869419555,left cerebral white matter,white matter,1.924057640776161,True,4.782651173062918,True,5.693949539890547,True,1.87452738049456,True
sub-HUP148,LD,LD7,6,27.960825725246828,0.8020333637478795,left cerebral white matter,white matter,2.2589309297808535,True,5.635779076088322,True,6.995449467606733,True,2.201940923870795,True
sub-HUP148,LD,LD8,7,33.55635726694666,1.1502268071798483,left cerebral white matter,white matter,1.917830058091188,True,5.696393476728408,True,9.109547126662763,True,1.8613032856425435,True
sub-HUP148,LD,LD9,8,42.84629483929706,2.012970404674705,"left lateral occipital cortex, superior",near,3.381880761579736,False,2.771247457338024,True,14.935258376221743,False,3.447659315226873,False
sub-HUP148,LD,LD10,9,49.66323649428483,2.0739813603724695,"left lateral occipital cortex, superior",near,4.980650570844213,True,2.180039944678206,True,18.238218312194153,False,5.064087772466972,True
sub-HUP148,LD,LD11,10,56.446588693775034,0.19508401186594385,"left lateral occipital cortex, superior",in,6.347456737043212,False,0.5993264552010702,True,21.44713884388994,False,6.449202834440537,False
sub-HUP148,LD,LD12,11,61.266855160687456,1.0087767680389479e-14,"left lateral occipital cortex, superior",in,6.154882391532862,True,0.20066561268926486,True,22.766855160687456,False,6.266855160687458,True
sub-HUP148,LE,LE1,0,0.0,0.0,left cerebral white matter,white matter,0.0,True,0.0,True,0.0,True,0.0,True
sub-HUP148,LE,LE2,1,8.42966378919418,2.2999075517515304,left planum temporale,near,3.551737815712903,True,3.4131391331898357,True,5.151726505557881,True,3.867911305751497,True
sub-HUP148,LE,LE3,2,15.267227980823776,1.901417008440885,"left superior temporal gyrus, posterior",near,4.739812625840392,True,4.404059119357421,True,8.367268716774134,False,5.488261592210438,True
sub-HUP148,LE,LE4,3,19.944729395314432,2.327525004992429,"left superior temporal gyrus, posterior",in,4.285603301497405,True,3.8323452197447456,True,9.59503477539432,False,5.342153544529504,True
sub-HUP148,LE,LE5,4,25.029014348300247,2.7125540313227816,"left superior temporal gyrus, posterior",in,4.247310296748135,True,3.7091327353957064,True,11.214588231422184,True,5.5846116921062725,True
sub-HUP148,LE,LE6,5,32.27167891695813,1.8985461120128484,"left superior temporal gyrus, posterior",near,5.534949640275083,False,4.678533406756745,False,14.837749027173546,False,7.461368905197878,False
sub-HUP148,LE,LE7,6,36.61793812351547,1.0062280379661623,,outside the brain,4.303443301907802,False,3.236751186207457,False,15.636519944493738,False,6.680327007529327,False
sub-HUP148,LE,LE8,7,41.602033414035176,7.105481567502833e-15,,outside the brain,3.778748823207935,True,2.4863383764318048,True,17.10203341403518,False,6.602033414035175,False
sub-HUP148,LF,LF1,0,0.0,0.0,left insular cortex,near,0.0,True,0.0,True,0.0,True,0.0,True
sub-HUP148,LF,LF2,1,6.074075841578799,1.385735342320345,left insular cortex,near,1.3964435424914052,False,1.4235509582287544,False,2.7833691240863954,True,1.6599588988638547,False
sub-HUP148,LF,LF3,2,12.128330002805361,2.03702843647324,left insular cortex,in,2.0485492380615105,True,2.181303264603448,True,5.358341350342534,True,2.8241067942438582,True
sub-HUP148,LF,LF4,3,18.408806601582036,3.1242193687557998,left frontal operculum,near,3.126436912418715,True,3.414575558565004,True,8.25573890344985,False,4.430733040544387,False
sub-HUP148,LF,LF5,4,25.161403744125813,3.7657534292026447,left cerebral white matter,white matter,3.8031492136074516,True,4.534589458152606,True,11.511384888548431,False,6.162456669198996,False
sub-HUP148,LF,LF6,5,32.09000867554181,2.612681964204029,left cerebral white matter,white matter,3.0383656355318505,False,4.814306093265706,False,14.717238167358355,False,7.456205683460205,True
sub-HUP148,LF,LF7,6,37.29526114602005,0.7255727932228502,left middle frontal gyrus,near,1.0574275127235706,True,3.829823081426407,True,16.304355172882936,False,7.324230473334449,True
sub-HUP148,LF,LF8,7,41.40039753875442,0.0,left middle frontal gyrus,near,1.20508385802027,True,2.2847025011510533,True,16.90039753875442,False,6.400397538754419,True
sub-HUP148,LG,LG1,0,0.0,0.0,left paracingulate gyrus,in,0.0,True,0.0,True,0.0,True,0.0,True
sub-HUP148,LG,LG2,1,6.601924894203084,1.6196350182123354,"left cingulate gyrus, anterior",in,1.6480400475256236,True,1.8118804708520844,True,3.3217784527571093,False,2.140957194671809,True
sub-HUP148,LG,LG3,2,13.58478614743617,2.1287527488648115,left cerebral white matter,white matter,2.456525296087166,False,3.090935507593592,False,6.760840854184162,False,4.0258175130974605,False
sub-HUP148,LG,LG4,3,19.537452687788694,2.342874891048106,left cerebral white matter,white matter,2.5924938399096593,True,3.5241512317447974,True,9.199794377649841,False,4.981766659208805,True
sub-HUP148,LG,LG5,4,25.53426201841477,2.5410725738207525,left frontal pole,near,2.740188449952207,True,3.974197634661486,True,11.687099703267869,False,5.974796879584658,True
sub-HUP148,LG,LG6,5,30.745786928246456,1.160846577796864,left frontal pole,near,1.186690692240366,False,3.016401685886078,True,13.274718707635058,False,5.840392919230326,True
sub-HUP148,LG,LG7,6,36.7757012180529,0.5496013820876509,left frontal pole,in,0.5843600948610341,True,3.290085206669247,True,15.781167402904085,False,6.793861154920174,True
sub-HUP148,LG,LG8,7,42.89416558159506,0.0,"left inferior frontal gyrus, pars triangularis",in,0.22559329387630897,True,3.778470543991693,False,18.394165581595058,False,7.894165581595055,False
sub-HUP148,LH,LH1,0,0.0,0.0,left frontal orbital cortex,near,0.0,True,0.0,True,0.0,True,0.0,True
sub-HUP148,LH,LH2,1,4.720739213904181,0.6183984878391016,left putamen,near,1.4139290722571967,True,1.0984955806282362,True,1.332275648044488,True,0.6962601983500997,True
sub-HUP148,LH,LH3,2,10.600131490507772,1.8955706719822518,left putamen,near,2.4011636240215037,True,2.037319069640686,True,3.9182976924899373,True,1.9435683391107481,True
sub-HUP148,LH,LH4,3,16.95142773249776,2.5347886231649945,left putamen,near,2.7607628950213683,False,2.534790433619448,False,6.754499805320017,True,3.0863748890520912,False
sub-HUP148,LH,LH5,4,22.693575105322065,1.6084251800101297,left insular cortex,near,1.9888586261727104,True,1.633423812509205,True,8.785000583472991,False,3.0883953145728262,True
sub-HUP148,LH,LH6,5,29.81256706302787,1.9922509472721457,left frontal operculum,near,1.9922871190417157,True,2.6890924126096056,False,12.406923798919816,False,5.147122869823574,False
sub-HUP148,LH,LH7,6,36.08360945338396,1.3230503783877596,left cerebral white matter,white matter,1.3685182850249582,True,2.8564832492201364,False,15.117352737260775,False,6.202107064476891,False
sub-HUP148,LH,LH8,7,42.30593637169772,0.9360256299717491,left middle frontal gyrus,near,1.1307983666544543,True,3.3147871599187892,False,17.82018014092746,False,7.355381370054822,False
sub-HUP148,LH,LH9,8,46.353485743972946,1.6777386433874524,left middle frontal gyrus,near,2.1160844835225947,True,2.331837010598908,True,18.399763342712102,False,6.54190873007054,True
sub-HUP148,LH,LH10,9,51.8651410295846,0.5492100773786028,left middle frontal gyrus,in,1.7884576359402393,True,1.663879567908707,True,20.36963840137496,False,6.884175684356486,False
sub-HUP148,LH,LH11,10,57.35285697654056,8.140289677804162e-15,left middle frontal gyrus,in,2.1630049125141633,True,1.4732926371071742,True,22.352856976540558,False,7.35285697654056,True
sub-HUP148,LI,LI1,0,0.0,0.0,left frontal medial cortex,in,0.0,True,0.0,True,0.0,True,0.0,True
sub-HUP148,LI,LI2,1,4.781445685740569,0.7770119888036786,left paracingulate gyrus,in,1.1477536902409184,True,1.1665184219693963,True,1.4446455915932814,True,0.8266403878728273,True
sub-HUP148,LI,LI3,2,9.244889381666514,1.5676632499888954,left paracingulate gyrus,in,2.552412014614742,True,2.5925687417445205,True,2.629431508983605,True,1.8021876216978767,True
sub-HUP148,LI,LI4,3,13.52764757587737,2.1585524206920605,left paracingulate gyrus,in,3.9714061850812605,True,4.0353891217024795,True,3.5786169504233363,True,2.714333540067553,True
sub-HUP148,LI,LI5,4,18.582809144435636,3.7339227341979875,left paracingulate gyrus,in,5.506189437973291,True,5.581060129504646,True,5.6226487183875555,True,4.143487127120455,True
sub-HUP148,LI,LI6,5,25.740729829237885,4.202851860381834,left paracingulate gyrus,in,4.8487126794357644,True,4.91308036303556,True,8.944255651117798,True,4.221400835539849,True
sub-HUP148,LI,LI7,6,34.44775084501228,3.121921324923034,left paracingulate gyrus,in,3.2575553624788944,True,3.217463664620158,True,13.667327409585207,True,5.318643360426445,True
sub-HUP148,LI,LI8,7,40.36633821023773,2.6617778738146654,left paracingulate gyrus,in,2.980070589306432,False,2.90467510680666,False,16.001424614326286,True,5.91163641074322,True
sub-HUP148,LI,LI9,8,46.50868403231494,1.0980711466459663,left paracingulate gyrus,near,2.2769374699641283,True,2.101729763356811,True,18.52828646718806,False,6.5878776427262045,True
sub-HUP148,LI,LI10,9,52.372331515618576,0.6675957490133577,left frontal pole,near,2.399144010456083,True,2.181147732683443,True,20.878752264138534,False,7.3982588292027485,True
sub-HUP148,LI,LI11,10,56.90927796843427,7.53644380168212e-15,left superior frontal gyrus,in,1.2829584671085903,False,1.0297136290008762,False,21.90927796843427,False,6.909277968434266,False
sub-HUP148,RB,RB1,0,0.0,0.0,right hippocampus,in,0.0,True,0.0,True,0.0,True,0.0,True
sub-HUP148,RB,RB2,1,5.9740879237489,0.7223968560937836,right hippocampus,in,0.9669297805597932,True,0.7993887338577782,True,2.5353449504890526,True,1.1778042899308163,True
sub-HUP148,RB,RB3,2,11.038813303262108,0.46317244384746503,right hippocampus,near,0.6486007955758757,True,0.48588587016654544,True,4.0556270894909305,False,1.1285207420903474,True
sub-HUP148,RB,RB4,3,15.709929765236772,0.13718854637947836,"right temporal fusiform cortex, posterior",near,0.20568040348941893,True,1.063424778732902,False,5.211136875302122,False,0.7224754711920162,True
sub-HUP148,RB,RB5,4,20.414621611241245,1.096132948774396,"right middle temporal gyrus, posterior",near,1.3366453055588638,True,2.2514953706022727,True,6.478575345066796,False,1.16183711832346,True
sub-HUP148,RB,RB6,5,24.461339696382716,3.7172830034362834,"right inferior temporal gyrus, temporo-occipital",near,4.350578164195348,True,5.289131735463264,True,7.642233343688432,False,3.807246578534648,False
sub-HUP148,RB,RB7,6,29.89269759827317,4.101008489458189,"right inferior temporal gyrus, temporo-occipital",near,4.614316200007755,False,5.671556187591616,False,9.536836094993744,False,4.119506175715999,True
sub-HUP148,RB,RB8,7,36.19400842021019,1.9132892278836688,"right middle temporal gyrus, temporo-occipital",in,2.101501560649737,True,3.5348545225203023,True,11.799555317282827,False,2.22891133866596,True
sub-HUP148,RB,RB9,8,41.459447912205,0.04313423824554449,"right middle temporal gyrus, temporo-occipital",in,0.8418796497387694,True,3.244512734848277,True,13.459494591136348,False,1.460062764490869,True
sub-HUP148,RB,RB10,9,48.25698554300945,1.0252195816051308,"right middle temporal gyrus, temporo-occipital",in,1.2184111477451405,True,2.288056523909126,True,16.777447265828105,False,3.404144668777494,True
sub-HUP148,RB,RB11,10,53.002760189989196,0.258835134623463,"right middle temporal gyrus, temporo-occipital",near,0.2882601142129827,True,2.8890542484041277,True,18.003988858393896,False,3.013265548470755,False
sub-HUP148,RB,RB12,11,57.45947315982578,0.0,,outside the brain,0.7033010047517538,True,4.008047613550947,True,18.959473159825773,False,2.4594731598257757,False
sub-HUP150,RA,RA1,0,0.0,0.0,right central operculum,near,0.0,True,0.0,True,0.0,True,0.0,True
sub-HUP150,RA,RA2,1,6.214434614265197,0.9130221217077114,right precentral gyrus,near,0.9761134849936816,True,1.0705779794165728,True,2.800037397857403,False,1.4660199554804416,False
sub-HUP150,RA,RA3,2,11.109500042887136,2.6169835910072736,right precentral gyrus,in,2.738484007424578,True,2.6442914159745214,True,4.611379413075032,False,2.7356176451866148,True
sub-HUP150,RA,RA4,3,16.792697511285837,4.08636600289538,right precentral gyrus,in,4.236377696306187,True,4.113990262497545,True,7.085082390580902,True,4.284521238407575,True
sub-HUP150,RA,RA5,4,22.005919468343514,4.292752151984145,right precentral gyrus,in,4.58963337570123,True,4.361028427016063,True,8.713898544766398,True,4.575381382123228,True
sub-HUP150,RA,RA6,5,27.26061717159067,2.999213743256266,right precentral gyrus,in,3.557732515484728,True,3.115882477632192,True,10.052948119231752,True,3.658530406589505,True
sub-HUP150,RA,RA7,6,32.886873790915544,1.24801621582833,right precentral gyrus,near,2.3129763874914735,True,1.4139222290587778,True,11.928650425992455,False,3.1233591494798487,False
sub-HUP150,RA,RA8,7,37.80852332023213,7.993605777301127e-15,,outside the brain,2.8038103398873346,True,1.3071717173712332,True,13.308523320232137,False,2.808523320232137,False
sub-HUP150,RB,RB1,0,0.0,0.0,right central operculum,near,0.0,True,0.0,True,0.0,True,0.0,True
sub-HUP150,RB,RB2,1,5.452324927427395,0.8557755553194585,right central operculum,in,0.8567225633289531,False,0.8795715215851372,False,2.069932686276818,False,0.9382865777905333,False
sub-HUP150,RB,RB3,2,10.477919441259592,1.6230527953289242,right central operculum,near,1.657772038152087,True,1.8204508019217531,True,3.7237763716012924,True,1.660667559592634,True
sub-HUP150,RB,RB4,3,16.12211769740714,1.5733857734594106,right precentral gyrus,near,1.573429516629567,True,1.7297649812775922,True,5.764055361522708,False,1.8888887496485274,False
sub-HUP150,RB,RB5,4,20.27541285509163,1.6062403798677085,right precentral gyrus,in,1.9849590858820867,True,2.6758540472969394,True,6.416002190190133,False,1.6201296999226986,False
sub-HUP150,RB,RB6,5,24.745806568578463,1.8140090029300238,right postcentral gyrus,in,2.7322314680875475,True,3.7311981446321507,True,7.404859821732791,False,1.8421517545143755,True
sub-HUP150,RB,RB7,6,29.9569837328281,0.9378327665064117,right postcentral gyrus,in,2.322338695794645,True,3.7060623994476365,True,8.991343837396775,False,0.9396060660987495,True
sub-HUP150,RB,RB8,7,36.01114907371974,0.0,right postcentral gyrus,near,1.4001800630098449,True,3.1045459638836257,True,11.511149073719746,False,1.01114907371975,True
sub-HUP150,RC,RC1,0,0.0,0.0,right central operculum,in,0.0,True,0.0,True,0.0,True,0.0,True
sub-HUP150,RC,RC2,1,5.609661430083465,1.7299069023453937,right central operculum,in,1.7348738234402539,True,1.748120848458537,True,2.522785525311776,True,1.7622860148409505,True
sub-HUP150,RC,RC3,2,10.253608729068947,2.2318867468055728,right central operculum,near,2.4167978468524987,True,2.519108908581148,True,3.745385509039447,True,2.231900221998869,True
sub-HUP150,RC,RC4,3,16.06960602753369,1.4234558722219914,right precentral gyrus,near,1.477488411339844,True,1.612430148188164,True,5.68744847701852,False,1.7433132718624271,True
sub-HUP150,RC,RC5,4,21.572806384490743,1.3094366718266708,right precentral gyrus,near,1.3520490207731963,False,1.5443613560554064,False,7.645989462251506,True,2.0161357189448275,True
sub-HUP150,RC,RC6,5,26.929886797777723,1.0697161934198463,right precentral gyrus,in,1.15238962537184,True,1.485786694121338,True,9.469248162727814,False,2.1879605262132693,True
sub-HUP150,RC,RC7,6,31.57654528561504,0.5312453873537808,right precentral gyrus,in,1.3422259163096042,False,2.0265333484690458,False,10.585415208857745,False,1.659411036468593,True
sub-HUP150,RC,RC8,7,36.18678880533282,7.944157777238485e-15,right precentral gyrus,near,2.0853550986547775,False,2.9289062322705415,False,11.68678880533282,False,1.1867888053328186,True
sub-HUP150,RD,RD1,0,0.0,0.0,right angular gyrus,near,0.0,True,0.0,True,0.0,True,0.0,True
sub-HUP150,RD,RD2,1,5.326653647063091,1.2658874346519928,right angular gyrus,in,1.2721698284066196,True,1.3318376624443147,True,2.098786841539944,False,1.2777963639966057,True
sub-HUP150,RD,RD3,2,10.228209369713944,2.3879124580371607,right angular gyrus,in,2.3926183347027443,True,2.6862421514471357,True,3.7918917303667894,True,2.38853296924308,True
sub-HUP150,RD,RD4,3,14.494956421535198,4.115631542645962,right angular gyrus,in,4.299798638466575,True,5.014915276275865,True,5.337368320616347,True,4.260511721655994,True
sub-HUP150,RD,RD5,4,18.721617744776232,3.6228879101733,right angular gyrus,in,4.05585525557337,True,5.385007275908222,True,5.674717398319934,True,3.9736140901737027,True
sub-HUP150,RD,RD6,5,22.847778233608228,2.0050686898082226,right angular gyrus,in,3.188563098693399,True,5.554664434127057,True,5.628853156465799,True,3.006587242661033,True
sub-HUP150,RD,RD7,6,28.437295948588545,1.4360547616631372,right angular gyrus,in,2.3702006632660977,True,5.324055523772118,False,7.539048270958638,True,2.1491887411504083,True
sub-HUP150,RD,RD8,7,34.593908044393984,5.043883840194739e-15,right angular gyrus,near,0.7405081549778774,True,4.5217869932093855,False,10.09390804439399,False,0.40609195560601774,True
sub-HUP150,RE,RE1,0,0.0,0.0,"right cingulate gyrus, posterior",in,0.0,True,0.0,True,0.0,True,0.0,True
sub-HUP150,RE,RE2,1,5.2606758381442456,2.2159965430607103,"right cingulate gyrus, posterior",near,2.2727808905706057,True,2.3617323424562113,True,2.5547045934693164,True,2.2277799576140587,True
sub-HUP150,RE,RE3,2,10.9692182908883,4.586523533890925,right precuneus,in,4.624031290667077,False,4.743856042381636,False,5.461076369223586,False,4.586662362070629,False
sub-HUP150,RE,RE4,3,19.73692090527512,6.0766784408216745,right precuneus,near,6.754915616137642,True,6.401833058853641,True,10.269093288987067,True,7.155463739747953,True
sub-HUP150,RE,RE5,4,29.430200084519644,6.122093557251202,"right lateral occipital cortex, superior",near,9.823280438432517,False,8.881651637858834,False,16.003673432222215,False,10.708912191038236,False
sub-HUP150,RE,RE6,5,34.449867409661906,5.4438793326550705,right angular gyrus,near,9.378532599173088,False,8.158959655514199,True,17.391024114662642,False,10.53292188424952,False
sub-HUP150,RE,RE7,6,37.65346409898462,4.146261681872667,"right lateral occipital cortex, superior",in,7.103812738446885,False,5.689999744110451,False,16.93974921806253,False,8.503788733331342,False
sub-HUP150,RE,RE8,7,40.34586237919778,3.959259415274921,"right lateral occipital cortex, superior",in,5.102620329500027,False,4.09241387017246,False,16.144146412823442,False,6.496909162091717,False
sub-HUP150,RE,RE9,8,43.927312573537584,3.3195065031671045,"right lateral occipital cortex, superior",in,3.6821228881618664,False,3.43985821935936,True,16.146613099318426,False,5.0469902769726245,False
sub-HUP150,RE,RE10,9,49.460953558907406,1.4823375328516957,"right lateral occipital cortex, superior",in,2.4529442056381403,True,1.7101799043422692,True,17.99987690065901,False,4.679711583292168,True
sub-HUP150,RE,RE11,10,54.10845957300116,0.0,"right lateral occipital cortex, superior",near,1.3480668937758884,False,1.7711047664322233,True,19.108459573001166,False,4.108459573001164,False
sub-HUP150,RF,RF1,0,0.0,0.0,right paracingulate gyrus,near,0.0,True,0.0,True,0.0,True,0.0,True
sub-HUP150,RF,RF2,1,5.819503353105189,1.9893374287192427,right superior frontal gyrus,near,1.9950033785692065,True,1.9928952698015991,True,2.79895240026619,True,2.043857961207922,True
sub-HUP150,RF,RF3,2,13.85955512764042,5.145417050477718,right middle frontal gyrus,in,5.397631600017842,False,5.4168223793857155,False,7.8051802179129455,False,5.891235346229961,False
sub-HUP150,RF,RF4,3,18.18893169819701,3.03502082709705,right middle frontal gyrus,in,3.2202472370491737,True,3.2527520725652557,True,8.029612886302031,False,4.221291645145871,True
sub-HUP150,RF,RF5,4,23.59184648831179,2.1622258635519964,right middle frontal gyrus,in,2.388967213417964,True,2.444683440162388,True,9.735695372605766,True,4.107692812578534,True
sub-HUP150,RF,RF6,5,28.80649246094249,1.3836483935683908,right middle frontal gyrus,in,1.5405521297623217,True,1.6152833152698762,True,11.357838501606128,True,4.018936081293412,True
sub-HUP150,RF,RF7,6,32.63639338703016,0.47382308627524633,right middle frontal gyrus,near,1.181295646716047,True,1.0124961239266896,True,11.642599337028825,False,2.675248273842536,False
sub-HUP150,RF,RF8,7,37.64423309079589,8.140289677804162e-15,,outside the brain,1.6900019428737971,True,1.471461946807475,True,13.144233090795893,False,2.6442330907958973,False
sub-HUP150,RG,RG1,0,0.0,0.0,right insular cortex,in,0.0,True,0.0,True,0.0,True,0.0,True
sub-HUP150,RG,RG2,1,4.0783736693229224,0.25822017475369574,right insular cortex,in,1.1436465917764935,True,1.539574555826675,True,0.6259355751850133,True,0.9649987478113553,True
sub-HUP150,RG,RG3,2,10.216298545655782,0.23901289984670038,right insular cortex,in,0.2849306649532811,True,0.99164575704573,True,3.2223786346205276,True,0.32048461667631833,True
sub-HUP150,RG,RG4,3,15.845560392019014,1.9316021646073906,right insular cortex,in,1.9394657762776968,True,2.192118333860901,True,5.572850278825439,True,2.0640199988885253,True
sub-HUP150,RG,RG5,4,20.267215139644488,1.97036981135032,right insular cortex,in,2.050055017243287,True,2.938953678673033,True,6.478130249971454,True,1.9777941105486887,True
sub-HUP150,RG,RG6,5,25.256635388229835,1.7685984328572708,right insular cortex,in,1.9121471680096078,False,3.265542387989216,False,7.8952749093008725,True,1.7792761582977714,True
sub-HUP150,RG,RG7,6,29.121933801141324,2.137933306406502,right central operculum,near,2.970618230544304,True,4.967945856472913,False,8.322635582890086,False,2.342207307578229,True
sub-HUP150,RG,RG8,7,34.54316845643043,2.442066678192296,right cerebral white matter,white matter,3.0536912746209093,True,5.260187243074552,False,10.251844826391075,False,2.5017640181058534,True
sub-HUP150,RG,RG9,8,39.51769462633949,2.1501139072832047,right precentral gyrus,near,2.9469211592537454,True,5.668129772248601,True,11.65912972846779,False,2.217092514035602,True
sub-HUP150,RG,RG10,9,45.06601655880173,2.4309596419716786,right precentral gyrus,near,2.9427297295068304,True,5.822921306468746,True,13.717523464673027,False,2.4309596754009135,True
sub-HUP150,RG,RG11,10,49.73873176798127,1.7503205252587746,right precentral gyrus,near,2.760864780141193,True,6.415041158596327,False,14.811707604304493,False,1.7745223861466135,True
sub-HUP150,RG,RG12,11,57.591143812878514,0.0,right middle frontal gyrus,near,0.5637903643509244,True,3.8763769604982006,True,19.091143812878517,False,2.5911438128785136,True
sub-HUP150,RH,RH1,0,0.0,0.0,right thalamus,near,0.0,True,0.0,True,0.0,True,0.0,True
sub-HUP150,RH,RH2,1,6.109596312728558,1.327052584935216,right thalamus,near,1.3414252697789075,False,1.3792301429241305,False,2.7984001839558093,False,1.640075546261722,False
sub-HUP150,RH,RH3,2,11.580638174745166,2.2574824258817396,right cerebral white matter,white matter,2.26443493027687,False,2.2648522742301194,False,4.908414302228892,False,2.634707032240322,True
sub-HUP150,RH,RH4,3,17.174405353785488,2.5170375487717864,right cerebral white matter,white matter,2.5366366228055774,False,2.527081974488437,False,6.960033360422413,True,3.2080266745756383,False
sub-HUP150,RH,RH5,4,22.380861273496997,2.9511679938426205,right cerebral white matter,white matter,3.081334856095396,False,2.955854894909388,False,8.701192488575538,False,3.6722638638832805,False
sub-HUP150,RH,RH6,5,28.124239975882276,3.874003811969226,right cerebral white matter,white matter,3.9968500926865937,True,3.8749064824408967,True,11.05702049410552,False,4.8130536699339235,True
sub-HUP150,RH,RH7,6,34.45943140148787,6.424527038004545,right precentral gyrus,near,6.468400810030956,False,6.432869540748005,False,14.371220091548667,False,7.492495594696039,False
sub-HUP150,RH,RH8,7,37.6444216454998,7.461179197370053,right precentral gyrus,in,8.231839158194019,False,7.7839011138517105,False,14.469616970016482,False,7.698707772063057,False
sub-HUP150,RH,RH9,8,41.81282137463951,6.511278302146828,right precentral gyrus,in,8.113341994535997,False,7.345953310422341,False,14.810783232416169,False,6.640319545384059,False
sub-HUP150,RH,RH10,9,49.14642525774785,1.248875521887444,right postcentral gyrus,in,3.0480701818200733,True,1.705207944112646,True,17.674732145788173,False,4.315225824373701,True
sub-HUP150,RH,RH11,10,55.49001164160801,0.0,right postcentral gyrus,in,2.1889105857424767,True,0.38955269782537527,True,20.490011641608007,False,5.490011641608008,True
sub-HUP150,RI,RI1,0,0.0,0.0,right supplementary motor cortex,in,0.0,True,0.0,True,0.0,True,0.0,True
sub-HUP150,RI,RI2,1,6.825661816542225,1.9974353569974024,right supplementary motor cortex,near,2.0196608833497462,True,2.2070997523910107,False,3.6265181642060527,False,2.514170191186545,False
sub-HUP150,RI,RI3,2,14.829689964188818,3.1229362253183686,right cerebral white matter,white matter,3.2354490392454656,True,4.558865944608584,True,8.121563274497708,False,5.4751227894229775,False
sub-HUP150,RI,RI4,3,21.986702656685285,4.574358642640328,right precentral gyrus,near,4.6885798730840555,False,6.5885247167885,False,11.918378044769822,False,7.952825832369614,False
sub-HUP150,RI,RI5,4,29.935637273021527,1.7723003598028702,right precentral gyrus,near,3.1304837697736096,True,7.737025279198164,True,15.981702006109694,False,10.040780087047585,False
sub-HUP150,RI,RI6,5,35.44089565850684,2.604644508174917,right precentral gyrus,near,2.874829318511438,False,7.849983345107683,True,18.03413875176013,False,10.6679114969403,True
sub-HUP150,RI,RI7,6,39.0217630446376,1.1017975346555184,right precentral gyrus,in,2.237800162181173,True,5.588161821002367,True,18.039882996469892,False,9.073350396531739,False
sub-HUP150,RI,RI8,7,42.161749522412975,7.327471962526033e-15,right precentral gyrus,in,5.617883193382605,True,3.046054484809609,True,17.66174952241298,False,7.161749522412975,True
sub-HUP150,RJ,RJ1,0,0.0,0.0,right putamen,near,0.0,True,0.0,True,0.0,True,0.0,True
sub-HUP150,RJ,RJ2,1,6.344964092449742,2.2163660761373576,right insular cortex,near,2.2457173687751717,True,2.2449843866300556,True,3.300249495599627,True,2.4095274975049192,True
sub-HUP150,RJ,RJ3,2,12.924669372907818,1.4079947941368907,right frontal operculum,near,2.192754355427927,True,2.185745204653305,True,6.014865433909531,False,3.1768094210443483,True
sub-HUP150,RJ,RJ4,3,19.147662300706493,2.5504658421359006,"right inferior frontal gyrus, pars opercularis",near,3.385848270959645,False,3.3768337531928996,False,8.85240672345793,False,4.724588163904443,False
sub-HUP150,RJ,RJ5,4,24.80630832039871,4.41661942761672,"right inferior frontal gyrus, pars opercularis",in,4.8803848405076735,True,4.872624096029621,True,11.308134437094058,False,6.241339680067308,False
sub-HUP150,RJ,RJ6,5,29.42353398167382,3.727475090529671,"right inferior frontal gyrus, pars opercularis",in,3.9377522112481724,True,3.93043404609537,True,12.26652973978668,False,5.605411449898448,True
sub-HUP150,RJ,RJ7,6,34.907313513027944,3.002262992628484,"right inferior frontal gyrus, pars opercularis",in,3.26283152261745,True,3.252176634274172,True,14.101274547037383,True,5.6429200700495015,True
sub-HUP150,RJ,RJ8,7,39.220716517005094,0.8765378583388457,"right inferior frontal gyrus, pars opercularis",near,0.8857281056013213,True,0.881695244084457,False,14.737011237410854,False,4.301182392151994,False
sub-HUP150,RJ,RJ9,8,44.41877175812857,0.8352631945899481,,outside the brain,0.873648785425986,True,0.8850749156487691,True,16.432160164265454,False,4.4893051186532915,False
sub-HUP150,RJ,RJ10,9,49.839547433427875,0.8626873081763892,,outside the brain,0.9587676559842626,True,0.9774429483371614,True,18.35236794725921,False,4.908485766057909,True
sub-HUP150,RJ,RJ11,10,53.57227426753426,7.17448075233818e-15,,outside the brain,2.261523328921606,True,2.3072900718991343,True,18.57227426753426,False,3.5722742675342625,True
sub-HUP151,LA,LA1,0,0.0,0.0,left hippocampus,in,0.0,True,0.0,True,0.0,True,0.0,True
sub-HUP151,LA,LA2,1,6.273746574359856,2.081912675354512,left amygdala,in,2.10666661879288,False,2.1079482923092017,False,3.190961177024546,False,2.2754165739455434,False
sub-HUP151,LA,LA3,2,11.513852474320826,2.5563089585051952,left amygdala,in,2.8473131835715932,False,2.5568092542866943,False,4.939426618095213,False,2.8353119443950283,False
sub-HUP151,LA,LA4,3,16.42416984270976,2.7833043136295355,left hippocampus,near,3.7640961578070944,True,2.8425346160138454,True,6.3312239405346835,False,3.0256971046937635,False
sub-HUP151,LA,LA5,4,22.563211361493764,4.234738001819087,left planum polare,near,5.075992659536885,True,4.238979051457751,False,9.195400796228004,False,4.754823674098642,False
sub-HUP151,LA,LA6,5,27.856232994981035,1.583772092191934,left planum polare,near,3.7417270927273347,False,1.5889852668340314,False,10.432096487930243,False,3.2266130256897574,True
sub-HUP151,LA,LA7,6,35.56303303505466,1.063867918856518,"left middle temporal gyrus, posterior",near,2.172605576925865,True,2.282477323497479,True,14.585966489128769,False,5.648213728537859,False
sub-HUP151,LA,LA8,7,42.73272233551653,7.122753468078643e-15,"left middle temporal gyrus, posterior",in,0.948938933697589,True,3.617027297913156,True,18.232722335516524,False,7.732722335516523,False
sub-HUP151,LB,LB1,0,0.0,0.0,left hippocampus,in,0.0,True,0.0,True,0.0,True,0.0,True
sub-HUP151,LB,LB2,1,5.306403331892313,1.8087288319143908,left hippocampus,in,1.8436393500916775,True,1.905437933086678,True,2.3425446424510157,True,1.8087645766657596,True
sub-HUP151,LB,LB3,2,11.258282947655644,2.769841132718053,"left parahippocampal gyrus, anterior",in,2.778629381941728,False,2.7823631854202704,False,4.793497446869603,False,2.916195489798123,False
sub-HUP151,LB,LB4,3,16.264527250961375,1.2744779040319771,"left temporal fusiform cortex, posterior",in,1.2867639452199664,True,1.387833627151882,True,5.854912072691961,False,1.7604956160023801,True
sub-HUP151,LB,LB5,4,21.272375889933624,1.6678127782946226,"left temporal fusiform cortex, posterior",in,1.6770671777488184,True,2.022984646270049,True,7.397359565881163,False,2.058687427237045,True
sub-HUP151,LB,LB6,5,25.901502167291913,1.7175375752093343,"left temporal fusiform cortex, posterior",in,1.9317033425743664,True,2.709274275511742,True,8.519420072472728,True,1.9139241717263564,True
sub-HUP151,LB,LB7,6,31.52310345221321,3.438405059666053,"left inferior temporal gyrus, posterior",in,3.516972306389125,True,4.078069173341671,True,10.891980954863339,False,3.688482797540161,False
sub-HUP151,LB,LB8,7,36.231641131695,2.1363018652684604,"left inferior temporal gyrus, posterior",in,2.475817890021231,True,3.6399342876213123,True,11.862552131743003,False,2.435041023280313,True
sub-HUP151,LB,LB9,8,41.03073456969798,3.8626433042540205,"left inferior temporal gyrus, temporo-occipital",in,4.3122491908564715,False,5.4572970976226305,True,13.416569879435283,False,3.954742818271186,False
sub-HUP151,LB,LB10,9,45.58652681586737,3.933960319176509,"left inferior temporal gyrus, temporo-occipital",in,4.768499989240715,True,6.264427544050725,True,14.461814185701968,False,3.9559433409260873,True
sub-HUP151,LB,LB11,10,50.88065289152971,2.088720005763064,"left inferior temporal gyrus, temporo-occipital",in,3.350165404610761,True,5.457336154530221,True,15.974901238802856,False,2.2504659800031312,True
sub-HUP151,LB,LB12,11,55.461160516113566,0.0,"left inferior temporal gyrus, temporo-occipital",in,3.3416342802148713,True,6.006360257263153,True,16.961160516113566,False,0.46116051611356795,True
sub-HUP151,LC,LC1,0,0.0,0.0,left insular cortex,in,0.0,True,0.0,True,0.0,True,0.0,True
sub-HUP151,LC,LC2,1,5.365823018950574,1.162205975224298,left insular cortex,in,1.1664327295095647,True,1.2136223087193452,True,2.091153512718842,True,1.1864147748251546,True
sub-HUP151,LC,LC3,2,10.626514148117277,1.6805518913485633,left insular cortex,in,1.690435339459336,True,1.8140886451989735,True,3.876055398476721,True,1.751311577899557,True
sub-HUP151,LC,LC4,3,16.90681871994901,3.017330098061237,left insular cortex,in,3.080858001589785,True,3.0200641647639497,True,6.837200109314781,True,3.432023469377084,True
sub-HUP151,LC,LC5,4,22.19301724765201,3.1824365378547275,left frontal operculum,near,3.240941430557464,False,3.206022355691825,True,8.575995152890975,False,3.7394973871661383,False
sub-HUP151,LC,LC6,5,27.558048259693297,3.0828161775113005,left cerebral white matter,white matter,3.160580173671193,False,3.132324525664366,True,10.354633748878273,False,3.8977343067724184,False
sub-HUP151,LC,LC7,6,32.36937662815278,2.609325002699343,left cerebral white matter,white matter,2.62016488332781,True,2.8992280530693435,True,11.562312294087755,False,3.4546247671887564,True
sub-HUP151,LC,LC8,7,36.42249410935326,2.5642292492081595,left cerebral white matter,white matter,2.7639159094558,True,3.784649550477946,False,12.106786953310168,False,2.8896038258061614,True
sub-HUP151,LC,LC9,8,41.50495691157824,1.463976205824409,left middle frontal gyrus,near,1.9070467794032964,False,3.541294302357452,False,13.558398530062835,False,2.0811179105814723,True
sub-HUP151,LC,LC10,9,46.290113472924105,2.5232562511984526,left superior frontal gyrus,in,3.10975647010249,True,4.788976734542581,True,14.935971479617148,False,2.8032793141196857,False
sub-HUP151,LC,LC11,10,51.255230184590026,2.764767088942607,left superior frontal gyrus,in,3.530751240148392,True,5.451983422576213,True,16.415115832285522,False,3.006288980681784,True
sub-HUP151,LC,LC12,11,58.24788371873835,0.0,left superior frontal gyrus,in,0.4663483554105101,True,3.2196370546383704,True,19.747883718738358,False,3.24788371873835,True
sub-HUP151,LD,LD1,0,0.0,0.0,"left cingulate gyrus, anterior",in,0.0,True,0.0,True,0.0,True,0.0,True
sub-HUP151,LD,LD2,1,6.225768600755485,1.8546965136399818,left paracingulate gyrus,near,1.8576177048366516,True,1.888390218940171,True,3.067340599620376,True,2.080700415393686,True
sub-HUP151,LD,LD3,2,11.473392818422392,2.6952334910985694,left cerebral white matter,white matter,2.855148303123452,True,2.695336664364284,True,4.95036625427291,False,2.931236506931124,True
sub-HUP151,LD,LD4,3,17.867151683533255,3.7961185269511972,left cerebral white matter,white matter,3.8569741014602954,True,3.859279419846857,True,7.9272536680442975,True,4.523086482987065,True
sub-HUP151,LD,LD5,4,23.97252103073069,5.1247142403575925,left cerebral white matter,white matter,5.182320060728893,False,5.234516964956597,False,10.72231287471307,True,6.160179034108637,True
sub-HUP151,LD,LD6,5,29.95855159580349,5.465752283587845,left frontal pole,near,5.521182008555165,False,5.672086312358958,False,13.145876318451673,False,7.051810311088576,True
sub-HUP151,LD,LD7,6,36.66872564314765,3.720490881656431,left frontal pole,in,3.7256577649704674,True,4.749200423795346,True,15.92032495751208,False,7.471671706715386,True
sub-HUP151,LD,LD8,7,42.226689718009254,2.2941577546855183,left frontal pole,in,2.300173472718181,True,3.815402269150036,True,17.812677499710578,False,7.522678317345991,True
sub-HUP151,LD,LD9,8,47.20562969664138,2.0212256755338522,left frontal pole,near,2.3585354483236123,True,3.1828434580523464,False,19.26864160529254,False,7.442072176511192,False
sub-HUP151,LD,LD10,9,51.09741867266966,1.3820524513615833,left frontal pole,near,3.620463743158269,False,1.590478533657636,True,19.627443372148896,False,6.233856273136296,False
sub-HUP151,LD,LD11,10,56.970250851245304,0.6185722649098868,,outside the brain,3.559511195158333,True,1.2509653685025757,True,21.975600136054528,False,6.994299385276433,False
sub-HUP151,LD,LD12,11,63.09536835079944,7.944109290391274e-15,,outside the brain,3.424100007663452,True,1.6278475774227135,True,24.59536835079944,False,8.095368350799438,True
sub-HUP151,LE,LE1,0,0.0,0.0,"left cingulate gyrus, anterior",in,0.0,True,0.0,True,0.0,True,0.0,True
sub-HUP151,LE,LE2,1,7.8982221675411655,2.2921434290682727,"left cingulate gyrus, anterior",in,2.835009122829599,True,3.02261468208504,True,4.660876562846089,True,3.43494568718475,True
sub-HUP151,LE,LE3,2,13.230369329319814,3.812512898918187,left paracingulate gyrus,near,3.914838863143983,True,4.094510760586926,True,6.831876865359445,False,4.65399056515277,False
sub-HUP151,LE,LE4,3,19.214610496228342,5.031681297530571,left cerebral white matter,white matter,5.107056924659042,False,5.337323143837454,False,9.488164868846157,False,6.154544850512147,False
sub-HUP151,LE,LE5,4,24.922470490996346,6.863557255334487,left middle frontal gyrus,in,6.875137455185569,False,7.049154885046467,False,12.094828516888368,False,7.923384579887653,False
sub-HUP151,LE,LE6,5,30.101216783116723,6.118496126972213,left middle frontal gyrus,in,6.11853930712853,True,6.307630857477913,True,13.445611542656824,False,7.579058951080759,True
sub-HUP151,LE,LE7,6,35.61637331202401,5.244704170226585,left middle frontal gyrus,in,5.24589353553077,True,5.513452218630949,True,15.163963545235664,False,7.405401120687835,True
sub-HUP151,LE,LE8,7,40.86201904399029,7.324948293788351e-15,left middle frontal gyrus,in,0.3677505930097177,True,1.7463240063869243,True,16.362019043990294,True,5.8620190439902915,True
sub-HUP151,LF,LF1,0,0.0,0.0,left paracingulate gyrus,in,0.0,True,0.0,True,0.0,True,0.0,True
sub-HUP151,LF,LF2,1,5.812289566642535,0.7936639845094877,left paracingulate gyrus,near,0.7955290454844215,True,0.8116436930038526,True,2.3932776097788837,True,1.0973765570137939,True
sub-HUP151,LF,LF3,2,11.666085770107012,1.6953619781557663,left frontal pole,in,1.6973602930906813,True,1.7344877711341162,True,4.848318960851355,False,2.2918892978447674,False
sub-HUP151,LF,LF4,3,17.995661893752867,2.3329321391081588,left frontal pole,in,2.3681569175547086,True,2.5707639505744795,True,7.705452755152341,True,3.6782853271607245,True
sub-HUP151,LF,LF5,4,23.28016127126387,1.7290264321786275,left frontal pole,in,1.729346946380434,True,1.9328982987431396,True,9.376656953388098,True,3.651207819085355,True
sub-HUP151,LF,LF6,5,29.098366484358205,1.5473526083515345,left frontal pole,near,1.5473584503092923,True,1.9086417886495637,True,11.660320601345902,False,4.342250389037153,False
sub-HUP151,LF,LF7,6,34.08079165361901,0.6424952386941211,,outside the brain,1.025282936909402,True,0.8438039450122513,True,13.090511573626175,False,4.125077546980994,False
sub-HUP151,LF,LF8,7,38.501879352258214,7.53644380168212e-15,,outside the brain,2.184147614239534,True,0.6138156853451532,True,14.001879352258214,False,3.501879352258218,True
sub-HUP151,LG,LG1,0,0.0,0.0,left frontal medial cortex,in,0.0,True,0.0,True,0.0,True,0.0,True
sub-HUP151,LG,LG2,1,6.070367045047954,1.756538392045766,left frontal medial cortex,near,1.9063961822521787,False,1.7706016228441928,True,2.902523058786992,False,1.9345849640939763,False
sub-HUP151,LG,LG3,2,9.497525989088382,0.32601499591038235,left frontal medial cortex,near,0.7250649477903585,True,1.7152515269214048,True,2.5131644180542896,True,0.6036737744266675,True
sub-HUP151,LG,LG4,3,13.798861931053452,0.7012554846345828,left frontal pole,near,1.591178345195037,False,3.064160593859068,False,3.355134493084528,False,1.4062870510688374,False
sub-HUP151,LG,LG5,4,18.26192599772695,0.8267027406865467,left cerebral white matter,white matter,2.1973703184832623,True,4.190967357341253,True,4.322987426656502,False,1.9415891676273571,True
sub-HUP151,LG,LG6,5,23.067074728803014,1.363570145842284,left cerebral white matter,white matter,2.692922359554877,True,5.098758398579744,True,5.692463832296093,True,2.3985601391383433,True
sub-HUP151,LG,LG7,6,26.925175344818765,1.1490172520902542,left cerebral white matter,white matter,3.7009342513668706,True,6.725963084355962,False,6.0114789813667375,True,3.3054844768404528,True
sub-HUP151,LG,LG8,7,31.91248227772967,1.923379551634366,left frontal pole,near,4.111621408961224,True,7.511644688626286,False,7.601814884579885,False,3.6869716573549867,True
sub-HUP151,LG,LG9,8,37.06229013603926,5.026830639665768,left frontal pole,in,6.324773375881728,True,9.434552325176867,True,10.064992975911593,False,6.002389829626662,True
sub-HUP151,LG,LG10,9,43.72973834361721,4.812227915960399,left frontal pole,in,5.276359949802671,True,8.35294538022491,True,12.895676099490192,False,5.051372851950391,True
sub-HUP151,LG,LG11,10,50.64815652817871,3.202570010284129,left frontal pole,in,3.2061290213946747,True,6.220514203799119,True,15.873233499578534,False,3.248914944424812,True
sub-HUP151,LG,LG12,11,58.23329612476711,7.944109290391274e-15,left frontal pole,in,2.4656849065937503,True,3.2342246486096182,True,19.733296124767104,True,3.2332961247671075,True
sub-HUP151,LI,LI1,0,0.0,0.0,left temporal pole,in,0.0,True,0.0,True,0.0,True,0.0,True
sub-HUP151,LI,LI2,1,7.103364372720879,2.9300239562221644,left temporal pole,in,3.25776667435719,True,3.060172670216894,True,4.1726943572742785,True,3.2785106757569316,True
sub-HUP151,LI,LI3,2,12.85342427190638,5.006154223969817,"left temporal fusiform cortex, anterior",in,5.301494064963113,False,5.049805702809922,False,6.962197471888184,False,5.333055809018824,False
sub-HUP151,LI,LI4,3,15.859788874886497,4.194643708961822,"left temporal fusiform cortex, anterior",in,4.197488843926642,False,4.4443820695042975,False,6.370818229322333,False,4.205006194028678,False
sub-HUP151,LI,LI5,4,19.355170860425275,2.0951724578010453,"left temporal fusiform cortex, anterior",near,2.2988006041585956,True,3.7502355596425425,True,5.644679592765278,True,2.2282651785330585,True
sub-HUP151,LI,LI6,5,24.107262685354982,1.3749569902679817,"left temporal fusiform cortex, posterior",near,1.8028946290242664,True,4.108654973140607,False,6.7103948545526055,False,1.6610516676377352,True
sub-HUP151,LI,LI7,6,32.46400635067628,1.009367657847933,"left inferior temporal gyrus, posterior",in,2.390816507425991,True,1.4778318813864264,True,11.492721492214539,False,2.648216326021596,True
sub-HUP151,LI,LI8,7,38.53275854432897,3.1412549506055827,"left inferior temporal gyrus, posterior",in,4.396964564220551,True,3.2207567502058527,True,14.254919845964022,False,4.632292783769139,True
sub-HUP151,LI,LI9,8,43.55326473623566,4.0355467986995865,"left inferior temporal gyrus, posterior",in,5.023246712161828,True,4.251496037345512,True,15.886991612466643,False,5.254989702205052,True
sub-HUP151,LI,LI10,9,48.2366229125038,4.294070910776246,"left inferior temporal gyrus, posterior",in,5.032124825776056,True,4.846214069514589,True,17.093266557030205,True,5.264195039368894,True
sub-HUP151,LI,LI11,10,52.39903073492639,3.522479395251978,"left inferior temporal gyrus, posterior",in,3.961278383013551,True,5.0359838589556425,True,17.6358584106563,True,4.196252629734644,True
sub-HUP151,LI,LI12,11,56.589053052505506,7.32410687763558e-15,"left inferior temporal gyrus, posterior",in,1.0738625448214778,True,4.878467720871216,True,18.08905305250551,True,1.5890530525055033,True
sub-HUP151,RA,RA1,0,0.0,0.0,right amygdala,in,0.0,True,0.0,True,0.0,True,0.0,True
sub-HUP151,RA,RA2,1,5.069769731064696,0.5813866949499286,right amygdala,in,1.1920551480257287,True,0.8014420481576726,True,1.6426504372571402,True,0.5825202893034613,True
sub-HUP151,RA,RA3,2,10.306768037008863,0.8736018755115791,right amygdala,in,2.0769612035133687,False,1.2587461191735545,False,3.3843721352286518,True,0.91427921579155,True
sub-HUP151,RA,RA4,3,16.763878735280983,1.2999529952708369,right planum polare,near,1.9982211501856137,True,1.3009323200624485,True,6.347930540429576,False,2.1507251503875744,False
sub-HUP151,RA,RA5,4,22.36060161806902,2.4047489941152107,right planum polare,near,3.1775635366019377,False,2.4077866513116772,True,8.575011278947791,False,3.280214935789733,True
sub-HUP151,RA,RA6,5,28.89477707021909,2.290618486651629,"right superior temporal gyrus, anterior",near,2.7833124514126717,False,2.4481685582622728,False,11.533591625188382,False,4.440285253918789,True
sub-HUP151,RA,RA7,6,35.368645074705334,1.1436035722510671,"right middle temporal gyrus, posterior",in,1.594958080151384,True,2.1515154259605986,True,14.395648056782148,False,5.4710101768441195,False
sub-HUP151,RA,RA8,7,41.31856591599643,0.0,"right middle temporal gyrus, posterior",in,1.2203582733562397,True,2.2028708783930586,True,16.818565915996427,False,6.318565915996427,True
sub-HUP151,RB,RB1,0,0.0,0.0,right hippocampus,near,0.0,True,0.0,True,0.0,True,0.0,True
sub-HUP151,RB,RB2,1,6.64351384600934,1.1943813739264029,"right parahippocampal gyrus, anterior",near,1.2153603664824162,False,1.5244495040714663,False,3.261809222805396,False,1.9451465384911952,False
sub-HUP151,RB,RB3,2,11.338686998129651,1.4625620431891873,"right parahippocampal gyrus, anterior",in,2.0087079225553732,False,1.4641443710514281,False,4.488910941304268,False,1.9200351881057005,False
sub-HUP151,RB,RB4,3,16.945375229251425,1.7332268097866521,"right temporal fusiform cortex, posterior",near,2.703473771427557,False,1.735700443151626,False,6.588565505340982,False,2.539818025014148,False
sub-HUP151,RB,RB5,4,23.247929598601765,3.1539893391803555,"right inferior temporal gyrus, posterior",near,3.850463823947067,True,3.2267060808571473,False,9.567786518691296,False,4.375690913736239,False
sub-HUP151,RB,RB6,5,28.707696243153055,3.1454741950563796,"right middle temporal gyrus, posterior",near,4.358666320606282,False,3.201267996685896,False,11.474405469918903,False,4.731721796459296,False
sub-HUP151,RB,RB7,6,34.734653852315674,1.8319670048739778,"right inferior temporal gyrus, posterior",near,3.666694171337815,True,2.1675769673716045,True,13.80837333477477,False,5.031659862519442,True
sub-HUP151,RB,RB8,7,41.279710524141656,8.140289677804162e-15,"right middle temporal gyrus, posterior",in,2.8932718394808923,True,2.16401548653829,False,16.779710524141656,False,6.279710524141656,False
sub-HUP151,RC,RC1,0,0.0,0.0,right insular cortex,in,0.0,True,0.0,True,0.0,True,0.0,True
sub-HUP151,RC,RC2,1,5.95294192760358,1.4928303013315238,right insular cortex,in,1.4989098700081689,True,1.5030254915109986,True,2.7108038024472276,True,1.6763915231984643,True
sub-HUP151,RC,RC3,2,11.527451679247458,1.8407834833926795,right insular cortex,in,1.8449425889632003,True,1.8520105211731963,True,4.750657814967512,True,2.300343766140925,True
sub-HUP151,RC,RC4,3,16.74832058114257,1.730591719271697,right central operculum,in,1.7451445954164249,True,1.7337861859925987,True,6.397199932856529,False,2.3971096566855095,False
sub-HUP151,RC,RC5,4,22.178058740229208,2.800212998520519,right central operculum,in,2.846431668315765,True,2.8221575378399546,True,8.476456753733583,False,3.44143496906213,True
sub-HUP151,RC,RC6,5,27.719878807587254,2.5026419986025545,right central operculum,near,2.5586905900308134,False,2.5247134188694376,True,10.41192017500534,False,3.613581009486642,True
sub-HUP151,RC,RC7,6,31.196339580564143,2.796240887806011,right cerebral white matter,white matter,3.8845119592182744,False,3.7223200270263814,False,10.451762358702286,False,2.994245775536816,False
sub-HUP151,RC,RC8,7,37.096920214806964,2.908541265519896,right middle frontal gyrus,near,3.7787197816230673,False,3.606823753176085,False,12.817098410120984,False,3.520057797333888,False
sub-HUP151,RC,RC9,8,42.48423045299739,3.7609934283787663,right middle frontal gyrus,in,4.632975351963936,False,4.454113944586984,False,14.803169730237881,False,4.417640434701028,True
sub-HUP151,RC,RC10,9,47.45272151775078,3.225125977357769,right middle frontal gyrus,in,4.619793884014858,False,4.369867878859148,False,16.16793072076372,False,3.9863606673349805,False
sub-HUP151,RC,RC11,10,51.43373000658046,1.0727169128429077,right middle frontal gyrus,near,4.973111939451498,False,4.584295656846046,False,16.457539868337687,False,1.781670083689413,True
sub-HUP151,RC,RC12,11,57.3566358431139,7.944109290391274e-15,right middle frontal gyrus,in,4.549804313586115,True,4.110884930262819,True,18.856635843113903,True,2.356635843113899,False
sub-HUP151,RD,RD1,0,0.0,0.0,"right cingulate gyrus, anterior",near,0.0,True,0.0,True,0.0,True,0.0,True
sub-HUP151,RD,RD2,1,5.852135759946816,0.9991239836552016,right cerebral white matter,white matter,1.036209485677125,True,1.0149015335903124,True,2.4766878318232566,False,1.2591010004006242,True
sub-HUP151,RD,RD3,2,11.08583001953292,1.4707276091938366,right cerebral white matter,white matter,1.4707357188323325,True,1.4827042168386029,True,4.250399148772899,True,1.771683927509238,True
sub-HUP151,RD,RD4,3,16.693441353381196,1.6457901831570296,right frontal orbital cortex,near,1.65153932012646,False,1.6527718381034155,False,6.329816185027962,False,2.303809785863632,False
sub-HUP151,RD,RD5,4,22.989908591031742,0.9545297353515801,right frontal orbital cortex,near,1.385458980149561,True,1.137264522501067,True,9.020728257434088,False,3.119699891077266,False
sub-HUP151,RD,RD6,5,30.25836647956372,1.860973308294661,right frontal pole,near,3.3152841200720387,False,2.9286022322602645,True,12.836696444137164,True,5.523993508252121,False
sub-HUP151,RD,RD7,6,35.29062572704659,3.6452349896310925,"right inferior frontal gyrus, pars triangularis",near,4.2335722927282955,False,3.970591150635823,False,14.565375853377473,False,6.270303534257628,False
sub-HUP151,RD,RD8,7,41.317578298247746,2.6525541161392656,"right inferior frontal gyrus, pars triangularis",in,3.8511474067558935,False,3.3935598259327735,True,16.941292626505863,False,6.773341961306006,False
sub-HUP151,RD,RD9,8,46.56771757340716,1.3066887824410194,"right inferior frontal gyrus, pars triangularis",in,2.925590709185166,True,2.261449442153783,True,18.59534824125312,False,6.678460067848321,True
sub-HUP151,RD,RD10,9,51.0475928152724,0.5353563728809615,"right inferior frontal gyrus, pars triangularis",near,1.7075839849412244,True,0.9240578557602342,True,19.55211615969077,False,6.068446100454555,False
sub-HUP151,RD,RD11,10,56.101409310296575,0.36162263889044266,,outside the brain,1.2394022962590536,True,0.4236394247320997,True,21.103342385086293,False,6.110952911634519,False
sub-HUP151,RD,RD12,11,60.221273124331844,0.0,,outside the brain,0.1849743571857203,True,1.2462476490448755,True,21.721273124331844,False,5.221273124331854,True
sub-HUP151,RE,RE1,0,0.0,0.0,"right cingulate gyrus, anterior",in,0.0,True,0.0,True,0.0,True,0.0,True
sub-HUP151,RE,RE2,1,6.386685859408893,1.7240219922794209,right paracingulate gyrus,near,1.7243019299320448,True,1.8131983921769994,True,3.1611073003046557,False,2.0721529466466015,False
sub-HUP151,RE,RE3,2,11.041272164228735,2.6286845402726464,right cerebral white matter,white matter,3.0970152431426503,True,2.6672825039102124,True,4.558136362084479,False,2.726510012552689,True
sub-HUP151,RE,RE4,3,16.207138745031887,4.440767660376687,right superior frontal gyrus,near,5.334142305411764,False,4.594095517300109,False,6.752540146434516,False,4.479380464017593,False
sub-HUP151,RE,RE5,4,21.061563528504088,5.447367471691027,right middle frontal gyrus,near,6.9884468643531505,True,5.805298892149576,True,8.362522558035774,False,5.4582762917679375,False
sub-HUP151,RE,RE6,5,28.681927069182027,3.301807461527574,right middle frontal gyrus,in,4.089012847001535,True,3.347542847032587,False,11.476470979302666,False,4.805280431568899,False
sub-HUP151,RE,RE7,6,35.31366147616013,1.6973261234235204,right middle frontal gyrus,in,2.482159899423063,True,2.4344036303664143,True,14.373416148509143,False,5.53929930101692,True
sub-HUP151,RE,RE8,7,41.21588407966398,0.0,right middle frontal gyrus,in,2.048759534179209,True,2.100189042060611,True,16.71588407966398,False,6.215884079663978,True
sub-HUP151,RF,RF1,0,0.0,0.0,right paracingulate gyrus,in,0.0,True,0.0,True,0.0,True,0.0,True
sub-HUP151,RF,RF2,1,4.287180866860604,0.8394457255408455,right paracingulate gyrus,near,1.5114282967421007,False,1.618476585497876,False,1.0957001856731805,True,1.1567089776798092,False
sub-HUP151,RF,RF3,2,10.696070517119836,1.8355638660732407,right superior frontal gyrus,in,1.8754551297654904,False,1.9434514727744923,False,3.9852774993649804,False,1.9126120489248433,False
sub-HUP151,RF,RF4,3,15.772625726093658,3.2849080181357686,right middle frontal gyrus,in,3.421319833893244,True,3.5466133968970595,True,5.921456026662978,False,3.3125141049993694,True
sub-HUP151,RF,RF5,4,20.82095831795907,3.71976995664854,right middle frontal gyrus,in,3.9600120297484565,True,4.16149576042804,True,7.4769446390576375,True,3.751382516976914,True
sub-HUP151,RF,RF6,5,26.33868627387762,2.1269563676863883,right middle frontal gyrus,in,2.373210956374364,True,2.714830694715143,True,9.007391328324156,True,2.4684234851547213,True
sub-HUP151,RF,RF7,6,31.842287030641288,1.1757904221526296,right middle frontal gyrus,in,1.5090256923379224,True,2.072897294259287,True,10.88426603772387,True,2.1672478193800924,True
sub-HUP151,RF,RF8,7,37.62799696470959,1.424595602841596,right middle frontal gyrus,near,1.5562689350062613,True,2.079354224574838,True,13.178246847489238,False,2.9655987833106816,False
sub-HUP151,RF,RF9,8,43.36336511783531,2.226124540003551,right middle frontal gyrus,near,2.258730723567115,False,2.6284098500559807,False,15.467222790041797,False,3.9857873454096517,True
sub-HUP151,RF,RF10,9,48.40004588350994,1.9925467837630277,,outside the brain,2.1436824100638163,True,2.775817597784735,True,16.97635364598204,False,3.905536483302943,True
sub-HUP151,RF,RF11,10,53.4771369932885,1.2792831672548328,,outside the brain,1.719462934800717,True,2.7353224657994626,True,18.506103121989415,False,3.6906442453516246,True
sub-HUP151,RF,RF12,11,58.770954103768446,7.944303236004526e-15,,outside the brain,1.300860215121886,True,2.6965666696082633,True,20.270954103768442,False,3.7709541037684517,True
sub-HUP151,RG,RG1,0,0.0,0.0,right frontal orbital cortex,in,0.0,True,0.0,True,0.0,True,0.0,True
sub-HUP151,RG,RG2,1,5.299546194587031,0.2800023558031617,right frontal orbital cortex,near,0.3320527754152987,True,0.4073159598537927,True,1.8138857688614305,True,0.4046596840193748,True
sub-HUP151,RG,RG3,2,10.758586288075188,1.0737796889093,right caudate,near,1.0994934270955312,False,1.1725557944649432,False,3.857336104997901,False,1.284461060707982,False
sub-HUP151,RG,RG4,3,17.127265388571924,1.9840497692202144,right caudate,near,2.072807749824059,False,1.9995004965518455,False,6.807501016016159,False,2.8256741738891495,True
sub-HUP151,RG,RG5,4,22.668063196231223,2.436219557037332,right cerebral white matter,white matter,2.522538273498294,True,2.4432293108036083,True,8.877588521327722,True,3.517152101489819,True
sub-HUP151,RG,RG6,5,27.01879950919652,2.4647252635652093,right cerebral white matter,white matter,2.5049331177562957,True,2.6726907321928826,True,9.723705081655192,True,3.1158081821482897,True
sub-HUP151,RG,RG7,6,32.088077578210424,1.7427413342132423,right cerebral white matter,white matter,1.910588173187145,True,2.2909341417251796,True,11.177414252601901,True,2.6835936925518986,True
sub-HUP151,RG,RG8,7,37.04733346502717,0.552972331821441,right cerebral white matter,white matter,1.3679593923354432,False,2.144991296110499,False,12.555389461953363,True,2.1167122352003997,True
sub-HUP151,RG,RG9,8,43.188762855024294,1.474898092012744,right frontal pole,near,1.5928282409777441,False,2.132409533282902,False,15.235131368101639,False,3.490488447001695,True
sub-HUP151,RG,RG10,9,49.51631888951781,1.601322203081283,right frontal pole,in,1.6214572861465457,True,1.7905686141993644,True,18.061545332021804,False,4.767399541252329,True
sub-HUP151,RG,RG12,10,59.10891074390119,8.140289677804162e-15,right frontal pole,in,1.0680343182536765,True,2.3586100294755235,True,20.608910743901195,False,4.108910743901191,True
sub-HUP151,RH,RH1,0,0.0,0.0,right frontal pole,in,0.0,True,0.0,True,0.0,True,0.0,True
sub-HUP151,RH,RH2,1,6.108763776754678,1.7459782501135894,right frontal pole,in,1.7644766255271427,True,1.7661213549692654,True,2.9307763429180116,True,1.943616477508893,True
sub-HUP151,RH,RH3,2,11.071617133033913,2.2204548326897164,right frontal pole,near,2.609533583317403,True,2.2447314831900105,True,4.441542816015812,False,2.37639907794325,True
sub-HUP151,RH,RH4,3,14.241501233603792,2.371964673604269,right frontal pole,near,4.896567405284573,True,3.609932802656812,True,4.26334512425981,True,2.5579021629140857,True
sub-HUP151,RH,RH5,4,18.548583597368136,3.520748305625923,right frontal pole,near,7.150512336197824,False,5.434977180556145,False,5.489205079666698,True,3.9490299651709044,False
sub-HUP151,RH,RH6,5,24.00456153371679,2.7482319498635097,right cerebral white matter,white matter,7.239051924267415,True,4.930102697254062,True,6.916189058050266,False,2.9804071531289438,True
sub-HUP151,RH,RH7,6,30.25266674268666,1.258474799551838,right cerebral white matter,white matter,6.548171936198798,True,3.532997020988437,True,9.311911183249597,True,1.27869150278775,True
sub-HUP151,RH,RH8,7,36.46766679110109,1.2961050751110614,right cerebral white matter,white matter,6.44832021294693,False,2.9689212091112642,False,12.014740992205619,True,1.940833677187277,True
sub-HUP151,RH,RH9,8,44.55328457539975,0.7385141888870407,right frontal pole,near,4.3855755297136785,False,0.7549117411003927,True,16.56363542237612,False,4.60674481733453,True
sub-HUP151,RH,RH10,9,51.4612583208359,2.1678739846188275,right middle frontal gyrus,near,4.170943768645827,True,2.441921649606112,True,20.03321829656042,False,6.771948751863126,False
sub-HUP151,RH,RH11,10,57.525334993290805,1.2460826799417681,right middle frontal gyrus,near,3.7866964668669847,False,2.053542663887421,True,22.546297840503005,False,7.614487740538912,True
sub-HUP151,RH,RH12,11,62.06038487572959,0.0,right middle frontal gyrus,in,5.136016668571876,True,0.5928641023528692,True,23.560384875729593,False,7.06038487572959,False
sub-HUP151,RJ,RJ1,0,0.0,0.0,"right cingulate gyrus, posterior",in,0.0,True,0.0,True,0.0,True,0.0,True
sub-HUP151,RJ,RJ2,1,6.13047704103509,0.9912166127684374,"right cingulate gyrus, posterior",near,1.27924415922819,True,1.093536437713167,True,2.735700485740114,True,1.4438205876281287,True
sub-HUP151,RJ,RJ3,2,10.94766902916406,1.9153000611291897,right cerebral white matter,white matter,1.9381217510722695,True,1.9560297968113025,True,4.23649593139461,False,2.0675937101193917,True
sub-HUP151,RJ,RJ4,3,16.537309624629312,1.4000720950907302,right cerebral white matter,white matter,1.590442205624503,True,1.4289713619042523,True,6.1397013476051026,True,2.0358044220990954,True
sub-HUP151,RJ,RJ5,4,21.88741357182543,1.200680968245675,right cerebral white matter,white matter,1.4945109210819398,True,1.2996198082225436,True,7.945697616716361,True,2.2092173006531506,True
sub-HUP151,RJ,RJ6,5,27.09607551383857,1.3510057502906359,right cerebral white matter,white matter,1.5997260347048048,True,1.610919447105122,False,9.657339948973714,True,2.4654823968867774,True
sub-HUP151,RJ,RJ7,6,31.532118995594036,1.4600998449546794,right angular gyrus,near,1.4610066502712613,True,2.5001059473158986,False,10.599344590988231,False,2.092075952192917,True
sub-HUP151,RJ,RJ8,7,35.67281748678873,1.8976496877240336,right angular gyrus,in,2.1763966811108792,True,3.9755284877594197,True,11.28303201335216,False,1.9970832948533415,True
sub-HUP151,RJ,RJ9,8,40.38610234050973,2.1636264842282613,right angular gyrus,in,2.691557637327838,True,4.881259479285042,True,12.516526315062734,False,2.1883628317012587,True
sub-HUP151,RJ,RJ10,9,45.604390316563716,2.0204765399710882,right angular gyrus,in,2.5838851755182963,True,5.145301428098932,True,14.204047565367862,False,2.096542185731258,True
sub-HUP151,RJ,RJ11,10,51.28280510145364,7.993605777301127e-15,right angular gyrus,in,1.1285758226020546,False,4.596759237979751,False,16.28280510145364,True,1.2828051014536406,True
sub-HUP157,LA,LA1,0,0.0,0.0,"left parahippocampal gyrus, anterior",in,0.0,True,0.0,True,0.0,True,0.0,True
sub-HUP157,LA,LA2,1,4.411251784755222,1.210709785462955,left amygdala,in,1.464817791749429,True,1.8104724076044514,True,1.4199173659826414,True,1.428497029181992,True
sub-HUP157,LA,LA3,2,8.907759856887203,1.8012640186907507,left amygdala,near,2.286917489987836,False,3.0426477813360093,True,2.493156727947559,False,2.2075761658818887,False
sub-HUP157,LA,LA4,3,13.937361707963548,2.351321451393683,left temporal pole,near,2.7685741328224647,True,3.832373655530499,False,4.001336289596409,False,2.6687816077375084,True
sub-HUP157,LA,LA5,4,19.374991436379798,2.919094172004488,left cerebral white matter,white matter,3.123639926752395,False,4.329929683771486,False,5.9230962109521235,False,3.039262310932477,False
sub-HUP157,LA,LA6,5,23.666129058694423,3.856517519094565,"left inferior temporal gyrus, anterior",near,4.336106854254405,False,5.995056921229286,False,7.00662769092144,False,4.194747091363687,False
sub-HUP157,LA,LA7,6,29.0719007878953,3.3875698030074344,"left middle temporal gyrus, anterior",in,3.714810128525908,True,5.756232799460711,True,8.571656729774952,False,3.5698488296781465,True
sub-HUP157,LA,LA8,7,35.67862607393428,2.2647123814308205,"left middle temporal gyrus, anterior",in,2.269152984615032,True,4.176377713562866,True,11.335219134951375,False,2.3445637060719307,True
sub-HUP157,LA,LA9,8,40.85134309530551,0.48905639981704685,"left middle temporal gyrus, anterior",in,0.5829341811783042,True,3.886131731536629,False,12.857719838080799,False,0.9792778880867118,True
sub-HUP157,LA,LA10,9,44.65047523274655,0.0,"left middle temporal gyrus, anterior",near,0.9471063891372751,True,5.64113267274349,False,13.150475232746556,False,0.34952476725345166,True
sub-HUP157,LB,LB1,0,0.0,0.0,left hippocampus,in,0.0,True,0.0,True,0.0,True,0.0,True
sub-HUP157,LB,LB2,1,5.879045825788737,1.261504158339412,left hippocampus,in,1.2823290237228757,True,1.2708874792785438,True,2.5726317862806303,True,1.4635965297192093,True
sub-HUP157,LB,LB3,2,12.454005369783307,2.3094436851148394,"left temporal fusiform cortex, posterior",in,2.6091392758841225,False,2.5419610094031593,False,5.724526748924922,False,3.215927232203465,False
sub-HUP157,LB,LB4,3,17.91947023122928,3.691354855523048,"left temporal fusiform cortex, posterior",in,3.8242293304520882,True,3.77106973989502,True,7.944769779827201,False,4.478064448601783,True
sub-HUP157,LB,LB5,4,22.993636732645797,2.6403228631769964,"left inferior temporal gyrus, posterior",in,2.7570585029745907,True,2.685354074888019,True,9.227359521227877,False,3.878874040626318,True
sub-HUP157,LB,LB6,5,28.33396831717356,1.8858709095143682,"left inferior temporal gyrus, posterior",in,2.015596199464857,False,1.9147600016241444,False,10.934986320732333,False,3.7758249155505488,True
sub-HUP157,LB,LB7,6,33.16124747346704,0.959013286059328,"left inferior temporal gyrus, posterior",in,0.9619976125865561,True,1.0316884895079623,True,12.185174755420645,True,3.290241767318101,True
sub-HUP157,LB,LB8,7,39.34743806900735,1.082145020181596,"left inferior temporal gyrus, posterior",in,1.3160408148804779,True,1.1036602185680893,True,14.87197738409856,True,4.465654092999815,True
sub-HUP157,LB,LB9,8,45.45986577933599,0.5954685276987101,"left inferior temporal gyrus, posterior",in,1.4850312593381105,True,0.9594578691771464,True,17.46611919755636,False,5.488364422078206,True
sub-HUP157,LB,LB10,9,50.0805010837506,1.0058400026574543e-14,"left inferior temporal gyrus, posterior",near,0.47300911624948816,True,0.21110682173944187,True,18.580501083750598,False,5.080501083750598,False
sub-HUP157,LC,LC1,0,0.0,0.0,"left parahippocampal gyrus, posterior",in,0.0,True,0.0,True,0.0,True,0.0,True
sub-HUP157,LC,LC2,1,5.196887166525864,1.7036671086126436,"left temporal fusiform cortex, posterior",in,1.7041506041533596,True,1.8337157184415338,True,2.2112747126335806,True,1.7060585269865023,True
sub-HUP157,LC,LC3,2,9.978829949329901,2.231176547555237,"left temporal fusiform cortex, posterior",in,2.231208928891494,True,2.6607943046188933,True,3.5228250236259058,True,2.2479139535488817,True
sub-HUP157,LC,LC4,3,13.47023960146326,2.6922152482388015,"left temporal fusiform cortex, posterior",in,3.038573260814858,True,4.467680642200578,True,3.8117851948445427,True,3.2393782241542493,True
sub-HUP157,LC,LC5,4,17.407765968333337,2.3112246528495444,left temporo-occipital fusiform cortex,in,3.2066360784040095,False,5.597599510151164,False,3.9909923609607665,False,3.589453842810692,False
sub-HUP157,LC,LC6,5,22.08479500727303,4.090726047556054,left temporo-occipital fusiform cortex,in,4.870218819548693,False,7.458961855200786,False,5.864821824016981,False,5.254207004661576,False
sub-HUP157,LC,LC7,6,28.06474773674406,5.086417561456938,"left inferior temporal gyrus, temporo-occipital",in,5.336556571478278,True,7.8108941545462,True,8.332542603706566,False,5.624213797051448,True
sub-HUP157,LC,LC8,7,33.29984228803252,3.8623883719158014,"left inferior temporal gyrus, temporo-occipital",in,3.9919247969851015,True,7.1698658407346025,True,9.404795572866986,True,4.315475614421493,True
sub-HUP157,LC,LC9,8,37.129777695020124,2.265560176704932,"left inferior temporal gyrus, temporo-occipital",in,2.9518582749158977,True,7.971768322879585,True,9.339546392864701,True,3.711181814075618,True
sub-HUP157,LC,LC10,9,42.12926347759581,4.440892098500626e-16,"left inferior temporal gyrus, temporo-occipital",in,1.6927140710734123,True,8.162344427894226,False,10.629263477595813,True,2.8707365224041843,True
sub-HUP157,LD,LD1,0,0.0,0.0,left temporo-occipital fusiform cortex,in,0.0,True,0.0,True,0.0,True,0.0,True
sub-HUP157,LD,LD2,1,4.888088474980625,1.500427480843609,left temporo-occipital fusiform cortex,in,1.5188708054527553,True,1.768358391884609,True,1.8917293134876878,True,1.5402305549759512,True
sub-HUP157,LD,LD3,2,8.967010829098987,2.2343855934410186,left occipital fusiform gyrus,in,2.486957721229688,True,3.346828760307815,True,2.7980183565404304,False,2.59304612949537,True
sub-HUP157,LD,LD4,3,13.338986353297283,1.6563169623535843,"left lateral occipital cortex, inferior",in,2.1872430506662197,True,3.897561660837502,True,3.198082732357978,False,2.419907342668595,True
sub-HUP157,LD,LD5,4,17.346439985032543,1.2865939449805615,"left lateral occipital cortex, inferior",in,2.5950833858095583,True,5.214384197924891,True,3.5406899440109383,True,2.9920827035264344,True
sub-HUP157,LD,LD6,5,22.44883284221196,0.5643999558478907,"left lateral occipital cortex, inferior",in,2.076865777432959,True,5.526938634651982,False,4.973862632297917,True,2.6197820770049014,False
sub-HUP157,LD,LD7,6,27.454432067898356,0.1121840678253519,"left lateral occipital cortex, inferior",near,1.877682258314085,True,6.0745717251678215,False,6.455177757168674,False,2.5482677100312774,True
sub-HUP157,LD,LD8,7,33.375876466214976,8.140289677804162e-15,,outside the brain,0.8407428586493998,True,5.739818571388385,True,8.875876466214978,False,1.6241235337850208,True
sub-HUP157,LE,LE1,0,0.0,0.0,left insular cortex,near,0.0,True,0.0,True,0.0,True,0.0,True
sub-HUP157,LE,LE2,1,5.54680197676706,0.6915498719422422,left frontal operculum,in,0.7019743520452503,True,0.6966851119926591,True,2.1195159001536834,True,0.855439736680321,True
sub-HUP157,LE,LE3,2,12.147486205919504,2.018567010970956,"left inferior frontal gyrus, pars opercularis",in,2.1466807957010414,False,2.1723066277930654,False,5.372248143623387,False,2.826563734027474,False
sub-HUP157,LE,LE4,3,17.814647465966438,2.3950069346226743,"left inferior frontal gyrus, pars opercularis",in,2.519059042234392,True,2.5546957643348898,True,7.5432308391612395,False,3.5740797400717246,True
sub-HUP157,LE,LE5,4,21.883195576255464,2.3825796770857663,"left inferior frontal gyrus, pars opercularis",in,2.4957723795387166,True,2.45665480568025,True,8.11093816494879,True,2.958050353823525,True
sub-HUP157,LE,LE6,5,28.405785982326137,4.867673218684785,"left inferior frontal gyrus, pars opercularis",in,4.8695349766182074,True,4.867888953611326,True,11.5603756417518,True,5.710351727507501,True
sub-HUP157,LE,LE7,6,38.32312296791324,6.407190669560054,left middle frontal gyrus,in,7.574232494719238,False,7.691910586708873,False,17.96511682329857,False,10.081588329412707,False
sub-HUP157,LE,LE8,7,44.59462396255268,4.260161528045207,left middle frontal gyrus,in,6.585789895990247,True,6.780437185929271,True,20.341772209279085,False,10.311820589273506,False
sub-HUP157,LE,LE9,8,48.75016261099249,2.1947880080380595,left middle frontal gyrus,in,4.309151430080249,True,4.560015800751611,True,20.81675728710506,False,8.973283964141128,True
sub-HUP157,LE,LE10,9,52.86274407060097,1.474252725554378,left middle frontal gyrus,in,2.6696978168746277,True,2.945989427231588,True,21.393040700079904,False,7.979552188752533,True
sub-HUP157,LE,LE11,10,56.917889293086276,0.0,left middle frontal gyrus,in,0.6773839424261803,True,1.0383249536528887,True,21.91788929308628,False,6.917889293086275,True
sub-HUP157,LF,LF1,0,0.0,0.0,left frontal orbital cortex,in,0.0,True,0.0,True,0.0,True,0.0,True
sub-HUP157,LF,LF2,1,5.996629649234725,0.6162022068310488,left frontal orbital cortex,near,0.7374391310323078,True,0.7223440092722281,True,2.540741409887934,True,1.1448622917158637,True
sub-HUP157,LF,LF3,2,10.51623819603688,0.2528175968951111,left cerebral white matter,white matter,0.6569541144733521,False,0.7093001268240285,False,3.5222837140674086,False,0.5720924296562483,True
sub-HUP157,LF,LF4,3,15.530841244766242,1.4666546230833544,left caudate,near,1.9064007959418758,True,1.9614822031381454,True,5.17367443691185,True,1.537529673634898,True
sub-HUP157,LF,LF5,4,20.696291207924244,3.118065272150053,left insular cortex,near,3.589897900114692,False,3.647067440866436,False,7.1731954256826596,False,3.151822984078069,False
sub-HUP157,LF,LF6,5,26.50112852734647,3.184774427774583,left insular cortex,near,3.5160172934099134,False,3.5779909116928192,False,9.367094310035563,False,3.4433189649812173,False
sub-HUP157,LF,LF7,6,31.983111322020353,2.897548740702423,left insular cortex,near,3.2660530239068315,False,3.3474275940542952,False,11.23177360101123,False,3.4386283131813795,False
sub-HUP157,LF,LF8,7,39.23481451654781,7.377764055609925e-15,left cerebral white matter,white matter,0.31636008882781386,True,0.1191194789444431,True,14.734814516547804,True,4.234814516547804,True
sub-HUP157,LG,LG1,0,0.0,0.0,left frontal pole,in,0.0,True,0.0,True,0.0,True,0.0,True
sub-HUP157,LG,LG2,1,5.426853178386016,0.6841008739629402,left frontal pole,in,0.777375842153003,True,0.7139825133740253,True,2.0039462007628197,True,0.7842919915660183,True
sub-HUP157,LG,LG3,2,11.227140949193487,0.6111179278229362,left frontal pole,in,0.6786187963983416,True,0.6120956951703242,True,4.254614526549337,True,1.3560112734505454,True
sub-HUP157,LG,LG4,3,18.1202994938272,1.6003094490038376,left frontal pole,near,1.785198357933989,True,2.0527599267005807,True,7.717244484601865,False,3.4438944548535266,True
sub-HUP157,LG,LG5,4,24.01790633951942,2.0504085391411495,left frontal pole,near,2.2469878985864464,True,2.5875699362658517,True,10.139700978288621,False,4.4329268707398315,True
sub-HUP157,LG,LG6,5,28.03484835936088,1.7911969366174583,left frontal pole,near,1.9561891026841716,True,1.7915954533068217,True,10.629573226376657,True,3.474809391523857,True
sub-HUP157,LG,LG7,6,33.35450461856601,0.7944625598601143,left frontal pole,near,1.4155765566850913,False,0.8151986928175294,True,12.370579045950262,True,3.4380917521042766,True
sub-HUP157,LG,LG8,7,38.312614577292365,8.881784197001252e-16,left frontal pole,in,1.9568205183953051,True,0.8030804603110017,True,13.812614577292367,False,3.312614577292366,True
sub-HUP157,LH,LH1,0,0.0,0.0,left cerebral white matter,white matter,0.0,True,0.0,True,0.0,True,0.0,True
sub-HUP157,LH,LH2,1,6.809438671270689,1.63609351825416,left cerebral white matter,white matter,1.6935584495311613,True,1.9290686715441776,True,3.5140705308896965,True,2.2953851810996713,True
sub-HUP157,LH,LH3,2,12.916507858149178,2.173652854949244,left frontal orbital cortex,near,2.2078718916485993,True,2.673406243593089,True,6.130579529175587,False,3.4914493078822333,False
sub-HUP157,LH,LH4,3,18.957383322157014,2.869543161257202,left frontal orbital cortex,in,2.8780649754857692,False,3.4835623555587736,False,8.724363148398483,False,4.71317266789495,False
sub-HUP157,LH,LH5,4,25.891843710257813,1.5685507674620243,left frontal orbital cortex,in,1.9473896410119376,False,3.8285302361298315,True,11.947698872699766,False,6.051119983439444,True
sub-HUP157,LH,LH6,5,31.942734043865137,0.5389081243267101,"left inferior frontal gyrus, pars triangularis",near,1.2029353464201682,False,4.034559342152954,True,14.448241665822412,False,6.959085507950487,False
sub-HUP157,LH,LH7,6,37.004747814327274,0.7538473225513384,"left inferior frontal gyrus, pars triangularis",in,0.7548143203996982,True,3.550286674856076,True,16.014820800276,False,7.037560151924093,False
sub-HUP157,LH,LH8,7,41.014193302333105,0.0,"left inferior frontal gyrus, pars triangularis",in,2.193614295720495,True,1.898498264729742,True,16.51419330233311,False,6.014193302333108,True
sub-HUP157,LJ,LJ1,0,0.0,0.0,"left cingulate gyrus, posterior",in,0.0,True,0.0,True,0.0,True,0.0,True
sub-HUP157,LJ,LJ2,1,6.389618457009113,1.0317299061559364,left precuneus,near,1.162666560170089,True,1.2568712879544848,True,2.98945174584592,True,1.6641834260577733,True
sub-HUP157,LJ,LJ3,2,12.820961839057599,1.3569825842458652,left precuneus,near,1.817745629361526,True,2.0774598645310878,True,5.906927997215238,True,3.0656343134622137,True
sub-HUP157,LJ,LJ4,3,18.518481512578834,0.5868875538503603,left cerebral white matter,white matter,1.3357838772731905,True,1.8413430411845684,True,8.030653211287953,False,3.557917476849998,False
sub-HUP157,LJ,LJ5,4,22.433171989623386,0.7451203653822593,left cerebral white matter,white matter,0.9941841862171651,True,0.7483054008175622,True,8.453695939376924,False,2.53287340516962,True
sub-HUP157,LJ,LJ6,5,26.32123244306488,1.3844713617978754,left cerebral white matter,white matter,2.9138355419145086,False,2.1577161979320096,False,8.893222527852052,True,1.8887727433971244,True
sub-HUP157,LJ,LJ7,6,30.299298768229914,1.9551319759398884,left angular gyrus,near,4.798659252666301,True,3.828455958529066,True,9.44081926224737,False,1.969342380623283,True
sub-HUP157,LJ,LJ8,7,35.66454089054345,7.161583958246238e-15,left angular gyrus,near,4.723659426265001,False,3.4511541470599143,False,11.164540890543455,False,0.6645408905434477,True
sub-HUP157,RA,RA1,0,0.0,0.0,right hippocampus,in,0.0,True,0.0,True,0.0,True,0.0,True
sub-HUP157,RA,RA2,1,4.7808558483273025,0.534386768712657,right hippocampus,in,0.7757378714605395,True,0.9930958056592407,True,1.3602610723399062,True,0.5895947666196603,True
sub-HUP157,RA,RA3,2,10.122631503898589,0.9965423911715354,right hippocampus,in,1.139679286255313,True,1.4861028731495611,False,3.2309821448163545,True,0.9992461808826753,True
sub-HUP157,RA,RA4,3,15.600599343661806,2.2968294783536938,right hippocampus,near,2.352562476867996,True,2.6557569475756226,True,5.439319497595165,False,2.336843607604249,True
sub-HUP157,RA,RA5,4,20.7160496460563,1.434569256868173,right planum polare,near,1.549841640159614,True,2.2133511464716134,True,6.818928982683877,False,1.5817614907461854,True
sub-HUP157,RA,RA6,5,24.865246986510684,2.8688637649318043,"right middle temporal gyrus, posterior",near,3.422803782804181,True,4.328024759084305,True,7.749758529925708,False,2.884590825676201,False
sub-HUP157,RA,RA7,6,29.640096173820634,3.8092815287117827,"right middle temporal gyrus, posterior",in,4.548158958246804,True,5.621029102051948,True,9.218179971065863,False,3.8571365435586573,True
sub-HUP157,RA,RA8,7,35.53192111166158,2.908984315979956,"right middle temporal gyrus, posterior",in,3.4102851262462734,True,4.709011574761617,True,11.293712839680818,False,2.9381054001245843,True
sub-HUP157,RA,RA9,8,40.317418457592794,0.9094880417445104,"right middle temporal gyrus, posterior",in,2.3792350015605783,True,4.489578487319347,True,12.340718370834848,False,0.9599557898061193,True
sub-HUP157,RA,RA10,9,44.60556557547295,0.0,"right middle temporal gyrus, posterior",in,3.213348957057821,True,5.686042330017086,True,13.105565575472953,True,0.3944344245270476,True
sub-HUP157,RB,RB1,0,0.0,0.0,right hippocampus,in,0.0,True,0.0,True,0.0,True,0.0,True
sub-HUP157,RB,RB2,1,5.598514027629011,2.2492042056716843,right hippocampus,in,2.251140170741305,True,2.2959861275860343,True,2.775880493507937,True,2.2527775614529797,True
sub-HUP157,RB,RB3,2,10.758132663822304,3.620991957160655,"right temporal fusiform cortex, posterior",in,3.6342299953238406,False,3.7688982604178842,False,4.78656911125076,False,3.6233406710737026,False
sub-HUP157,RB,RB4,3,15.016525203260628,2.4980293940001728,"right inferior temporal gyrus, posterior",in,2.6397280134780114,False,3.173066021359282,False,4.979247932874989,False,2.505451548407227,False
sub-HUP157,RB,RB5,4,18.092056359752615,1.8052873558887588,"right inferior temporal gyrus, posterior",near,3.398142204599288,True,4.70978933130811,True,4.390121049289382,False,2.692956906470266,True
sub-HUP157,RB,RB6,5,20.97168701094693,1.6562995382707397,"right inferior temporal gyrus, posterior",near,5.452361784562322,True,7.225987764399001,True,3.7875301675017443,True,4.4161858048708025,True
sub-HUP157,RB,RB7,6,27.04409940182817,2.2659057294221614,"right middle temporal gyrus, posterior",near,4.9243420539964236,False,6.958019615561475,False,6.36592603253362,False,3.800379777056191,False
sub-HUP157,RB,RB8,7,34.11563788019114,0.7339548728548769,"right middle temporal gyrus, posterior",in,2.541764459798911,True,5.061450807925518,True,9.635735279134897,False,1.1553416179177776,True
sub-HUP157,RB,RB9,8,41.30048133922695,1.7025895852288793,"right middle temporal gyrus, posterior",in,1.7733762728309972,True,3.8367401852316063,False,13.37418829042445,False,2.121315216078489,True
sub-HUP157,RB,RB10,9,46.50608728438197,1.6865196245654344,"right middle temporal gyrus, posterior",near,1.760816120576148,True,4.172175948649713,False,15.070164362030983,False,2.240856834804282,True
sub-HUP157,RB,RB11,10,50.97755070936904,1.5183695187629416e-14,,outside the brain,1.2242101115709687,True,4.902013630064343,True,15.97755070936904,False,0.9775507093690439,True
sub-HUP157,RC,RC1,0,0.0,0.0,right hippocampus,near,0.0,True,0.0,True,0.0,True,0.0,True
sub-HUP157,RC,RC2,1,5.784306708789844,3.3231577956863143,right lingual gyrus,in,3.3403187382783783,False,3.4310181141043605,False,3.5450239609800045,False,3.3337524232177165,False
sub-HUP157,RC,RC3,2,10.381954011607045,4.440834230320529,right temporo-occipital fusiform cortex,near,4.505556024098635,False,4.788642846902241,False,5.040397707931022,False,4.4833212058503475,False
sub-HUP157,RC,RC4,3,14.084104556706084,4.005047678736315,right cerebral white matter,white matter,4.356836902367496,True,5.164876499100261,True,5.005629052485482,False,4.2757993173905,True
sub-HUP157,RC,RC5,4,17.79840724372582,2.570046468693285,"right inferior temporal gyrus, temporo-occipital",near,3.7120607102369636,False,5.391870389670485,False,4.4329204911221645,False,3.508315419228449,False
sub-HUP157,RC,RC6,5,22.800740399419766,3.68970052605013,"right middle temporal gyrus, temporo-occipital",near,4.67001990274554,True,6.572878605305085,False,6.2141840946869635,False,4.456769351085204,True
sub-HUP157,RC,RC7,6,27.71821846163951,3.538374835250673,"right middle temporal gyrus, temporo-occipital",in,4.603015875189669,True,6.996923547864497,True,7.393169300595304,False,4.337389257723849,True
sub-HUP157,RC,RC8,7,34.36669832561676,2.315651425294684,"right middle temporal gyrus, temporo-occipital",in,2.6171530575500515,True,5.3537968951657176,True,10.058768496428783,False,2.4224655455498327,True
sub-HUP157,RC,RC9,8,39.02405470577426,1.4551892484579991,"right middle temporal gyrus, temporo-occipital",in,2.1508117978224504,True,5.889349110151276,False,11.092776224335527,True,1.7674156514142523,True
sub-HUP157,RC,RC10,9,44.48362982765633,1.0705369017930098,"right middle temporal gyrus, temporo-occipital",near,1.5951437212103603,True,5.918486250151427,False,13.014849516413932,False,1.1942188969681649,True
sub-HUP157,RC,RC11,10,49.61540924157884,0.18385714716518614,,outside the brain,1.1259334498392053,True,6.267193191511648,True,14.616224998741156,False,0.42658603389817956,True
sub-HUP157,RC,RC12,11,54.52931615910263,7.32410687763558e-15,,outside the brain,1.2691620825204004,True,6.938204614274093,True,16.02931615910263,False,0.4706838408973698,True
sub-HUP157,RD,RD1,0,0.0,0.0,right occipital fusiform gyrus,in,0.0,True,0.0,True,0.0,True,0.0,True
sub-HUP157,RD,RD2,1,3.797559406447724,1.6344749237613596,right occipital fusiform gyrus,in,2.357032171868598,True,2.708818595490613,True,1.6360679219698848,True,2.2678753466780273,True
sub-HUP157,RD,RD3,2,9.362254739760445,2.0186934358115525,right occipital fusiform gyrus,in,2.3038057551667137,False,2.8656251638212114,False,2.9433672176963026,True,2.193453387618708,False
sub-HUP157,RD,RD4,3,16.368695261747845,1.7065659798637,"right lateral occipital cortex, inferior",near,1.929925475755288,True,1.7739757842628225,True,6.0261828781017845,False,2.1329472261695988,True
sub-HUP157,RD,RD5,4,21.323755435616043,1.0433102828934513,"right lateral occipital cortex, inferior",in,1.311014715851444,True,1.4827635037345464,True,7.372412662288222,False,1.6654920764396646,False
sub-HUP157,RD,RD6,5,26.49540618644751,1.291020596143879,"right lateral occipital cortex, inferior",in,1.536717702964371,True,1.9608317948722673,True,9.05642595162303,False,1.9518805297817745,True
sub-HUP157,RD,RD7,6,31.467543802439387,1.4119229452886568,"right lateral occipital cortex, inferior",in,1.5668633317043865,True,2.523790058528278,True,10.530932147964814,True,2.0137520125045754,True
sub-HUP157,RD,RD8,7,36.363649080288276,5.329070518200751e-15,"right lateral occipital cortex, inferior",in,0.48107884334556605,True,2.7520459573150906,False,11.863649080288278,True,1.3636490802882697,True
sub-HUP157,RE,RE1,0,0.0,0.0,right insular cortex,near,0.0,True,0.0,True,0.0,True,0.0,True
sub-HUP157,RE,RE2,1,4.970792163836563,1.4652971848464356,right insular cortex,near,1.5505801499198109,True,1.6880200491613657,True,1.925975016831845,True,1.4864854737855109,True
sub-HUP157,RE,RE3,2,9.52205332798938,2.1657755376807355,right putamen,near,2.4964527232551017,False,2.8833373182341537,False,3.1392286500679654,False,2.284702744993151,False
sub-HUP157,RE,RE4,3,14.941959162928265,1.3249603764753939,right putamen,near,1.5950665376013744,False,2.3006126295529272,False,4.578981682129242,False,1.3301074915157107,False
sub-HUP157,RE,RE5,4,19.729934736468657,0.9064477172276539,right cerebral white matter,white matter,1.6005720661442584,True,2.7938574552200914,True,5.78061294683105,False,0.9519818646809514,True
sub-HUP157,RE,RE6,5,24.9508858107027,0.7294434196210995,right cerebral white matter,white matter,1.5301627512927138,True,3.0869816868098336,True,7.475892836160458,False,0.7318888246347647,True
sub-HUP157,RE,RE7,6,30.218609617612444,0.41055731255847006,right cerebral white matter,white matter,1.388650400581883,True,3.337268145637174,True,9.224960988004833,True,0.46382734428315425,True
sub-HUP157,RE,RE8,7,35.5358213277367,0.0,right cerebral white matter,white matter,1.2636363337049537,True,3.579873709866667,True,11.0358213277367,True,0.5358213277366959,True
sub-HUP157,RF,RF1,0,0.0,0.0,right frontal orbital cortex,in,0.0,True,0.0,True,0.0,True,0.0,True
sub-HUP157,RF,RF2,1,4.534513802899301,0.4158026650003318,right putamen,near,0.9581194955009213,False,1.1503254472182232,False,1.0972458467836363,True,0.6385293590729231,False
sub-HUP157,RF,RF3,2,9.8519349676877,1.2229097472511965,right caudate,in,1.5680489476516575,True,1.8590290976888053,True,3.033190892492281,False,1.243302174530061,True
sub-HUP157,RF,RF4,3,15.448218828897193,1.730722706553204,right caudate,in,1.9003629942316613,True,2.2342124806360317,True,5.1504604413222745,True,1.7659490617057172,True
sub-HUP157,RF,RF5,4,20.1652946032686,1.516064743362693,right caudate,in,2.067802365555942,True,2.7078041098064234,True,6.293556004374358,True,1.5199225775453387,True
sub-HUP157,RF,RF6,5,25.968253142623883,1.265749936700449,right caudate,near,1.585981629603066,True,2.3689046012826713,True,8.53180072363162,False,1.5750610890386143,True
sub-HUP157,RF,RF7,6,31.64403401588789,0.8344435947234339,right caudate,near,1.0507533928143045,False,2.070317962016686,False,10.66572196390542,False,1.8338711481973842,True
sub-HUP157,RF,RF8,7,36.50915787330382,7.377764055609925e-15,right cerebral white matter,white matter,1.141055874739073,True,2.6065371642995485,True,12.00915787330382,False,1.5091578733038202,True
sub-HUP157,RG,RG1,0,0.0,0.0,right frontal medial cortex,near,0.0,True,0.0,True,0.0,True,0.0,True
sub-HUP157,RG,RG2,1,5.546682252222591,2.141795824057039,right frontal medial cortex,near,2.380401873129487,False,2.1930747560762693,True,2.683338497671857,True,2.1449609689927205,True
sub-HUP157,RG,RG3,2,9.618570279010157,4.266267650713893,right paracingulate gyrus,near,5.640552082218837,False,4.97296033016815,False,4.563725751647265,True,4.483704538591647,False
sub-HUP157,RG,RG4,3,14.534100218597697,5.921612038922772,right paracingulate gyrus,near,7.87585747424818,False,6.8739448789721385,False,6.538764917403841,False,6.168285927201537,False
sub-HUP157,RG,RG5,4,19.71606819104388,4.374627803103203,right paracingulate gyrus,near,6.946798356287565,False,5.377433426209998,False,6.814250679941743,False,4.442812631481939,False
sub-HUP157,RG,RG6,5,26.11894771162758,3.2731428945101397,right paracingulate gyrus,near,5.862072165215694,True,3.8498211593145033,False,9.027336891512315,False,3.398105035801692,False
sub-HUP157,RG,RG7,6,32.19012693141164,1.5848125836188984,right paracingulate gyrus,near,5.036224702338317,True,2.099235585785015,True,11.263145981819722,False,2.671857526586497,True
sub-HUP157,RG,RG8,7,38.64584856768583,7.94721185223203e-15,right paracingulate gyrus,near,4.44085462324497,True,0.4698464699175366,True,14.14584856768583,False,3.6458485676858285,True
sub-HUP157,RH,RH1,0,0.0,0.0,"right cingulate gyrus, anterior",near,0.0,True,0.0,True,0.0,True,0.0,True
sub-HUP157,RH,RH2,1,5.828297896772461,1.4963209556518327,right cerebral white matter,white matter,1.5565154211496883,True,1.4969971469725056,True,2.605462490308443,True,1.6246836511182252,True
sub-HUP157,RH,RH3,2,10.851457282065859,0.9753580220278391,right caudate,near,1.0538127692262627,True,1.0426053406299352,True,3.9304760788282707,False,1.2662682309454534,True
sub-HUP157,RH,RH4,3,14.59298655900911,1.1239167800052214,right cerebral white matter,white matter,1.547097377746417,True,2.4831418980972977,True,4.202711649418491,False,1.2107897037717235,True
sub-HUP157,RH,RH5,4,18.815375698321258,2.2401996019941635,right cerebral white matter,white matter,3.0949987697622245,False,4.299942449532454,False,5.189922340238805,False,2.599391438948848,False
sub-HUP157,RH,RH6,5,23.319499383664777,1.6005927496834436,right insular cortex,near,3.1878002777957724,False,4.941671934599428,False,5.98259187106444,False,2.3608987526859257,True
sub-HUP157,RH,RH7,6,28.55335006499671,0.7997149462498498,right frontal operculum,near,2.8000950238260836,True,5.049321743245855,True,7.5844282539898655,False,1.6627910957378251,True
sub-HUP157,RH,RH8,7,35.451857544991334,7.161583958246238e-15,"right inferior frontal gyrus, pars triangularis",near,0.978025990288786,True,3.6638374926120325,True,10.951857544991338,False,0.45185754499133596,True
sub-HUP157,RI,RI1,0,0.0,0.0,"right cingulate gyrus, anterior",near,0.0,True,0.0,True,0.0,True,0.0,True
sub-HUP157,RI,RI2,1,4.601966432250751,0.24484964207719906,"right cingulate gyrus, anterior",near,0.5584416704571984,True,1.0222641740615004,False,1.1224785057400308,True,0.4728779407288394,True
sub-HUP157,RI,RI3,2,9.904263768635326,0.59696865798249,right cerebral white matter,white matter,0.6719443951692367,True,1.421121005541093,True,2.947346033318201,True,0.6077081072190195,True
sub-HUP157,RI,RI4,3,15.077865374594536,0.7470846501063173,right cerebral white matter,white matter,0.7824878436996862,True,1.8610579387339188,True,4.620147988484072,True,0.7494380362972741,True
sub-HUP157,RI,RI5,4,20.157677987824744,0.6686544505500212,right cerebral white matter,white matter,0.7113778873142511,True,2.3043840658779597,True,6.18284762007105,True,0.6845333496706957,True
sub-HUP157,RI,RI6,5,25.060562880090803,1.7260548353055036,right cerebral white matter,white matter,1.793089590275749,True,3.408138306329163,False,7.697079318762402,True,1.7260551552288241,True
sub-HUP157,RI,RI7,6,29.90280946802673,1.7331923615716998,right precentral gyrus,near,1.881260321312485,True,4.063379276231237,False,9.02060944015564,False,1.7394541210606262,True
sub-HUP157,RI,RI8,7,34.3590943693925,0.0,right precentral gyrus,in,1.3223576160703632,True,4.756600668210867,True,9.859094369392503,False,0.6409056306074947,True
sub-HUP157,RJ,RJ1,0,0.0,0.0,right precuneus,in,0.0,True,0.0,True,0.0,True,0.0,True
sub-HUP157,RJ,RJ2,1,4.547659080011513,1.7938262513500625,right precuneus,in,2.1980297142385683,True,2.281050236631369,True,1.9180062383952492,True,1.972810539784636,True
sub-HUP157,RJ,RJ3,2,9.210825071735508,3.5846013038309112,right precuneus,near,4.321464260743535,True,4.482416458712277,True,3.8799053124761937,True,3.8917266977796383,True
sub-HUP157,RJ,RJ4,3,14.742629315911092,3.4554009039012348,right precuneus,near,4.000270820138134,False,4.225391871313931,False,5.1598235145655025,True,3.5193836630772912,False
sub-HUP157,RJ,RJ5,4,20.283162467921386,2.2361041867542015,right cerebral white matter,white matter,2.7713523522127272,True,3.1315071272049866,True,6.55285673633872,True,2.2417873917770264,True
sub-HUP157,RJ,RJ6,5,24.905669463771215,1.9648196372299924,right superior parietal lobule,near,3.1154809903041008,False,3.6801385598033307,False,7.586881478171698,False,1.972329707382705,True
sub-HUP157,RJ,RJ7,6,29.39310833446035,2.0226271097353177,"right supramarginal gyrus, posterior",near,3.9317286984040547,False,4.665532701741222,False,8.565662753160368,False,2.1327825997582384,False
sub-HUP157,RJ,RJ8,7,34.89151308196361,0.0,right angular gyrus,near,3.2526561163142693,True,4.224181955639756,True,10.391513081963609,False,0.1084869180363943,True
sub-HUP158,LA,LA1,0,0.0,0.0,left amygdala,in,0.0,True,0.0,True,0.0,True,0.0,True
sub-HUP158,LA,LA2,1,4.6209152331987555,0.9333368523856735,left amygdala,in,1.3950787778346831,True,1.4140573486999342,True,1.3867689710246722,True,1.04694856011877,True
sub-HUP158,LA,LA3,2,10.625872861690556,0.7161599110901392,left amygdala,in,0.887039605661001,True,0.9179281579693993,True,3.6722216078916703,True,0.9353832794428822,True
sub-HUP158,LA,LA4,3,15.867571760200827,1.469489168973525,left hippocampus,in,1.7171104969584048,True,1.7577361569079704,True,5.499348668605443,False,1.672844331138536,False
sub-HUP158,LA,LA5,4,21.896381008159356,1.3473762804661327,left hippocampus,in,1.4041808279887018,False,1.436095789229302,False,7.9696091482123705,False,2.292602887214746,True
sub-HUP158,LA,LA6,5,27.43300197537132,1.3407788037401802,"left temporal fusiform cortex, posterior",near,1.402821487366981,True,1.4452743752631227,True,9.990595123775595,False,2.749314645244929,False
sub-HUP158,LA,LA7,6,32.81894667066205,1.1421720053728153,"left temporal fusiform cortex, posterior",near,1.2793221645650878,True,1.3548141010359738,True,11.854218899812542,False,3.0231316669839816,True
sub-HUP158,LA,LA8,7,37.923608471931445,7.95651227888113e-15,"left inferior temporal gyrus, posterior",near,1.014304509069946,True,1.1920865656719233,True,13.423608471931448,False,2.9236084719314475,False
sub-HUP158,LB,LB1,0,0.0,0.0,left hippocampus,in,0.0,True,0.0,True,0.0,True,0.0,True
sub-HUP158,LB,LB2,1,5.948919221540259,0.5939993548473942,left hippocampus,near,0.5947428757242297,False,0.6801107235557549,False,2.4910466087474825,False,1.0944151964986193,False
sub-HUP158,LB,LB3,2,12.320578395557515,0.6935326672470628,"left parahippocampal gyrus, posterior",in,0.8022229473569314,True,1.3217056717030276,True,5.34621799417856,False,2.403286809159213,False
sub-HUP158,LB,LB4,3,18.081171938437684,1.6645790475400422,"left temporal fusiform cortex, posterior",in,1.6720258514874446,True,2.0759835841578376,True,7.686784069115696,False,3.434700179264337,True
sub-HUP158,LB,LB5,4,23.249149352668244,3.447325943634254,"left temporal fusiform cortex, posterior",in,3.5397336256179903,True,3.506289964526425,True,9.630305787567252,False,4.5647572107630126,True
sub-HUP158,LB,LB6,5,32.236896729077955,1.5499898455032441,"left temporal fusiform cortex, posterior",in,2.9033728287447707,True,4.533058853984273,True,14.781105331623946,True,7.3645697777739345,True
sub-HUP158,LB,LB7,6,36.83803505723111,1.2107525232679013,"left inferior temporal gyrus, posterior",in,1.6524788044649381,False,3.50608269267093,False,15.864401909642728,False,6.924800140214385,False
sub-HUP158,LB,LB8,7,39.741977197327465,7.993605777301127e-15,"left inferior temporal gyrus, temporo-occipital",in,1.900457353454343,True,0.626282159724099,False,15.24197719732746,False,4.741977197327465,False
sub-HUP158,LC,LC1,0,0.0,0.0,left thalamus,in,0.0,True,0.0,True,0.0,True,0.0,True
sub-HUP158,LC,LC2,1,5.51154499793324,1.3278285803421763,left thalamus,near,1.3284652697412171,True,1.3491222128694678,True,2.2765521595819243,True,1.3729796877200249,True
sub-HUP158,LC,LC3,2,10.887067477175004,2.0760674023279875,left hippocampus,near,2.078165953784919,True,2.1327933531203294,True,4.231568093084819,False,2.1868754784084694,True
sub-HUP158,LC,LC4,3,16.50309248314565,2.861068692442104,left hippocampus,in,2.862249406279351,False,2.906286688147856,False,6.425337864857868,False,3.123493516972562,False
sub-HUP158,LC,LC5,4,23.602249746636986,3.168223015182504,"left temporal fusiform cortex, posterior",near,3.6574225270593135,False,3.3335602913774274,False,9.908795498018518,False,4.639022417148491,False
sub-HUP158,LC,LC6,5,28.165403289991787,2.401943031867494,"left temporal fusiform cortex, posterior",near,2.6465029925109884,False,2.4050910871871976,False,10.832452381801376,False,3.892307772596439,False
sub-HUP158,LC,LC7,6,32.09455161631874,0.8592712262144386,"left inferior temporal gyrus, temporo-occipital",near,0.8974373422419017,True,1.6809167878777556,True,11.116306713358151,False,2.2533156235984966,False
sub-HUP158,LC,LC8,7,35.784699261023114,5.329070518200751e-15,"left inferior temporal gyrus, temporo-occipital",in,1.9476115879174678,True,3.3309957765802554,True,11.28469926102311,False,0.7846992610231125,True
sub-HUP158,LE,LE1,0,0.0,0.0,left insular cortex,in,0.0,True,0.0,True,0.0,True,0.0,True
sub-HUP158,LE,LE2,1,6.3525664074105,2.2695079433875747,left insular cortex,in,2.5193352727948612,True,2.295637358057678,True,3.3274273833572203,True,2.45393066712726,True
sub-HUP158,LE,LE3,2,11.83069142113353,3.3440700604949964,left insular cortex,in,4.301781734877204,True,3.3485070926725724,True,5.485431507193625,True,3.605626747477534,True
sub-HUP158,LE,LE4,3,17.367105222403872,3.4266054284648217,left frontal operculum,in,5.309433296444091,True,3.4365948340076065,True,7.370650198743018,False,3.980592420090271,False
sub-HUP158,LE,LE5,4,25.7012683521661,2.919006050985758,"left inferior frontal gyrus, pars opercularis",near,3.891487968735757,True,4.318910970978743,False,11.898574982777134,False,6.257512987002508,False
sub-HUP158,LE,LE6,5,33.125740541565804,3.560520138043937,"left inferior frontal gyrus, pars opercularis",in,4.1863118753133515,True,6.133339334971341,False,15.839208226380057,False,8.696149501810293,False
sub-HUP158,LE,LE7,6,39.93406554402939,2.4043741440831,"left inferior frontal gyrus, pars opercularis",in,3.328099445233176,True,6.774883102372285,True,19.014248397109018,False,10.150493643485822,True
sub-HUP158,LE,LE8,7,46.75858341337761,0.0,"left inferior frontal gyrus, pars opercularis",in,2.4312970669283245,False,7.642888375774243,True,22.258583413377607,False,11.758583413377607,True
sub-HUP158,LF,LF1,0,0.0,0.0,left insular cortex,near,0.0,True,0.0,True,0.0,True,0.0,True
sub-HUP158,LF,LF2,1,5.510126739382955,0.42227429913902714,left insular cortex,near,0.42500852684140006,True,0.43261763896006444,True,2.0381465376909986,True,0.6498266844572571,True
sub-HUP158,LF,LF3,2,10.709761359640176,1.0122714803233275,left insular cortex,in,1.096824956559396,False,1.13533711875784,False,3.7991553245085123,False,1.2094181987390593,False
sub-HUP158,LF,LF4,3,16.287826226777977,2.3051627106321355,left insular cortex,near,2.359250320525474,True,2.3923547723596976,True,6.077976802405863,True,2.564543137388592,True
sub-HUP158,LF,LF5,4,20.432022509444547,3.063487539937074,left putamen,near,3.640697831156121,False,3.743096901263031,False,6.916504045903914,False,3.0700779583100064,False
sub-HUP158,LF,LF6,5,25.70974786885154,2.2020894306533023,left insular cortex,near,3.0394458801789535,False,3.2019627631978738,False,8.408731602166878,True,2.2864278168934935,False
sub-HUP158,LF,LF7,6,32.13686188444779,1.3939946361564801,left insular cortex,in,1.804403295236425,True,1.9906822504544064,True,11.193752651528293,False,2.526072866716983,True
sub-HUP158,LF,LF8,7,38.69109637526728,0.0,left central operculum,near,0.10328116363172296,True,0.4245986623360882,True,14.191096375267275,False,3.6910963752672763,False
sub-HUP158,LI,LI1,0,0.0,0.0,left frontal orbital cortex,in,0.0,True,0.0,True,0.0,True,0.0,True
sub-HUP158,LI,LI2,1,9.599147835552131,2.290060530646209,left frontal orbital cortex,in,2.3691215097977265,False,4.38032984192236,True,6.256180754730963,True,4.891202873560788,True
sub-HUP158,LI,LI3,2,20.22573327484503,4.370161276260346,left putamen,in,4.371541571033038,False,9.621763067062552,False,13.4762319586157,False,10.682745891714697,False
sub-HUP158,LI,LI4,3,31.765309295947105,4.875486073712359,left insular cortex,near,5.132002463617378,False,15.416308601543957,False,21.4503492730497,False,17.098747720882482,False
sub-HUP158,LI,LI5,4,44.59345111781977,10.159089419802445,left frontal operculum,near,10.813683266981204,False,23.390386645520916,False,31.125432425187167,False,25.529248740434355,False
sub-HUP158,LI,LI7,5,71.32578398862738,11.680507901662864,left middle frontal gyrus,in,15.901145091113515,False,38.64273572552518,False,50.72599929550939,False,42.01898832756312,False
sub-HUP158,LI,LI8,6,78.10989244166528,10.20189296674922,left middle frontal gyrus,near,12.926635841111297,False,39.65970096911267,False,53.91480649176227,False,43.649738501419534,False
sub-HUP158,LI,LI9,7,90.24065027476983,10.812445983342455,,outside the brain,14.836465685189003,True,46.17079498167286,False,62.53242657300329,False,50.75560327271481,False
sub-HUP158,LI,LI10,8,98.39062676886661,10.613970587586795,,outside the brain,13.570769174668222,True,48.695662620088285,False,67.16046983152306,False,53.872389922851085,False
sub-HUP158,LI,LI11,9,92.64076926453268,7.181701492086551,,outside the brain,9.97802332156775,True,37.182569392993024,False,57.80980497384467,False,42.966430619673325,False
sub-HUP158,LI,LI12,10,85.50586629689607,0.0,,outside the brain,23.712073625734824,True,24.03834552351935,False,47.00586629689607,False,30.505866296896073,False
sub-HUP158,LJ,LJ1,0,0.0,0.0,left frontal medial cortex,in,0.0,True,0.0,True,0.0,True,0.0,True
sub-HUP158,LJ,LJ2,1,12.221937618677433,2.8855715694533752,left cerebral white matter,white matter,2.887893111399605,True,6.918904234545495,False,8.859506384820266,False,7.457319092793361,False
sub-HUP158,LJ,LJ3,2,23.836451127248516,8.391633211092469,left frontal pole,near,8.47853699820462,True,13.942660507511537,False,17.45937793702664,False,14.898559721636598,False
sub-HUP158,LJ,LJ4,3,39.2206141351982,10.882961070581965,left frontal pole,in,11.144139485443857,True,23.578443070168,False,29.27826374032619,False,25.156361186599838,False
sub-HUP158,LJ,LJ5,4,50.362221293964815,13.284236793248954,left frontal pole,near,13.372748451161238,False,29.399246926649344,True,37.042569495387376,False,31.51521072031087,True
sub-HUP158,LJ,LJ7,5,67.47823187987392,22.839952635530008,,outside the brain,23.908752008523674,True,37.679117771568706,False,48.244282136018775,False,40.541288046518886,False
sub-HUP158,LJ,LJ8,6,75.62532466779285,23.585165312081017,,outside the brain,25.805060848020247,True,40.34880210290914,False,52.90195443765164,False,43.754344502503756,False
sub-HUP158,LJ,LJ9,7,69.83071297336917,25.006994965438103,,outside the brain,38.20638940946457,True,32.33312268920747,False,44.823596569471455,False,35.501635115502815,False
sub-HUP158,LJ,LJ10,8,69.83633095263272,15.84629176043073,,outside the brain,41.015738152671965,True,23.774255697925533,False,39.80493652891141,False,27.942518441384312,False
sub-HUP158,LJ,LJ11,9,75.21822076546732,8.436338239273194,,outside the brain,43.68514141089677,True,20.66456991363274,False,40.62914275187576,False,26.142276111844065,False
sub-HUP158,LJ,LJ12,10,78.96204804202256,3.552713678800501e-15,,outside the brain,50.40501740883289,True,17.494527268645832,False,40.46204804202255,False,23.962048042022555,False
sub-HUP158,LK,LK1,0,0.0,0.0,"left cingulate gyrus, posterior",in,0.0,True,0.0,True,0.0,True,0.0,True
sub-HUP158,LK,LK2,1,12.21032053201792,5.104284764029739,"left cingulate gyrus, posterior",near,5.126181548084602,False,7.506734784189161,True,9.148558144829934,True,7.947914181087177,True
sub-HUP158,LK,LK3,2,22.796531488176818,10.549448362344172,left cerebral white matter,white matter,10.599536416895079,True,13.888191026802637,True,16.90444452883278,False,14.680195135962371,True
sub-HUP158,LK,LK4,3,31.385843475602286,12.823573979147026,left cerebral white matter,white matter,13.219302497522706,False,17.482651452366085,True,22.22032357499853,True,18.72627751030748,True
sub-HUP158,LK,LK5,4,41.93441923765986,8.38855474533536,left parietal operculum,near,8.50277406777701,False,20.527256657451282,False,28.356026768472734,False,22.694102413698246,False
sub-HUP158,LK,LK6,5,54.28250041320556,7.961728377084937,"left supramarginal gyrus, posterior",in,7.9843539930253815,False,26.958175894125045,False,37.060751512014406,False,29.77948352479269,False
sub-HUP158,LK,LK7,6,62.28845943153863,11.479077891375825,"left supramarginal gyrus, posterior",near,11.7464915679806,False,29.978635296344176,False,41.827567990250216,False,33.26494917375332,False
sub-HUP158,LK,LK8,7,73.3518797965153,14.705877227807116,,outside the brain,14.911879452794732,True,35.89740375879632,False,49.59314601103148,False,39.68772120958388,False
sub-HUP158,LK,LK9,8,85.34399032679805,17.75039601027539,,outside the brain,17.81149128454385,True,42.643879807915496,False,58.24815523502242,False,46.961512856092966,False
sub-HUP158,LK,LK10,9,80.57384275578595,14.53307654371014,,outside the brain,21.851689575811356,True,32.402692378260355,False,49.91489303468256,False,37.20797352591368,False
sub-HUP158,LK,LK11,10,77.77946326531651,8.693715254530085,,outside the brain,30.176916563461404,True,23.110087002762477,False,43.17638178730377,False,28.643285737568608,False
sub-HUP158,LK,LK12,11,80.10709752548182,8.881784197001252e-16,,outside the brain,36.70143238575371,True,18.639576752105103,False,41.60709752548181,False,25.107097525481816,False
sub-HUP158,LM,LM1,0,0.0,0.0,"left cingulate gyrus, anterior",in,0.0,True,0.0,True,0.0,True,0.0,True
sub-HUP158,LM,LM2,1,12.816778038660512,1.731333394140815,"left cingulate gyrus, anterior",near,2.782263942109638,True,7.319068122650079,True,9.360805616861608,True,7.891563488849589,True
sub-HUP158,LM,LM3,2,25.69071267049967,5.8670185560716135,left paracingulate gyrus,near,7.0834856504817605,False,15.02844140119543,False,18.943266074663164,False,16.117581984547748,False
sub-HUP158,LM,LM4,3,40.1967061856085,6.671717803766814,left frontal pole,in,10.474697931000643,False,23.828364466789576,False,29.893188717428618,False,25.52646176713101,False
sub-HUP158,LM,LM5,4,51.8471045084422,8.31979642292588,left middle frontal gyrus,in,12.322494076069907,True,30.00011868104013,False,38.094829845018424,False,32.26628906787366,False
sub-HUP158,LM,LM6,5,61.66415674989732,8.630115615749055,,outside the brain,12.078495993149081,False,34.22347752978181,False,44.40398666910773,False,37.075667103284964,False
sub-HUP158,LM,LM7,6,71.01168630096699,10.680666079608748,,outside the brain,12.811834890203462,True,38.19967321010663,False,50.34974846839911,False,41.598408167328714,False
sub-HUP158,LM,LM8,7,81.3984741613649,12.27774160594159,,outside the brain,14.04366483239891,True,43.1357052754846,False,57.29807404035054,False,47.095735475639344,False
sub-HUP158,LM,LM9,8,78.49766203199128,13.835925255341161,,outside the brain,15.461952476317176,True,35.38240268539621,False,51.17456816416516,False,39.754093112572676,False
sub-HUP158,LM,LM10,9,68.85055272475319,13.252578780174263,,outside the brain,30.193013522949315,True,21.770027057109754,False,38.42102951488605,False,26.167207554290968,False
sub-HUP158,LM,LM11,10,70.63050415749474,8.79696091074644,,outside the brain,36.21755938767591,True,16.70491339697849,False,36.166705164661366,False,21.92292105162274,False
sub-HUP158,LM,LM12,11,75.06489681817656,1.589442370446406e-14,,outside the brain,40.66995259503281,True,13.597376044799846,False,36.56489681817656,False,20.06489681817656,False
sub-HUP158,LN,LN1,0,0.0,0.0,"left cingulate gyrus, anterior",in,0.0,True,0.0,True,0.0,True,0.0,True
sub-HUP158,LN,LN2,1,7.864921326119927,2.4380251064568776,left paracingulate gyrus,near,3.40895539210579,True,3.0845331975415062,False,4.66524174511029,False,3.4759139189782875,False
sub-HUP158,LN,LN3,2,19.2853302836885,4.5835765582768095,left superior frontal gyrus,in,4.688761447466216,True,8.838241038994907,False,12.596264816686062,False,9.862533583994768,False
sub-HUP158,LN,LN4,3,32.72026805150105,9.62721556263635,left middle frontal gyrus,in,9.77467879275646,False,17.41168190425487,False,22.894447543919515,False,18.906572777463175,False
sub-HUP158,LN,LN5,4,44.26820843039362,16.679471861539238,,outside the brain,16.752743469514392,True,25.02344391528816,False,31.741360605719766,False,26.822476976577125,False
sub-HUP158,LN,LN6,5,54.047750597115076,20.875443849102727,,outside the brain,20.88276170860176,True,30.265439416184474,False,38.50370808785056,False,32.45739477997101,False
sub-HUP158,LN,LN7,6,63.374664123116716,25.253247757607994,,outside the brain,25.274447753492524,True,35.253320523019966,False,44.90055445557105,False,37.79938349085951,False
sub-HUP158,LN,LN8,7,72.4129010696466,27.838244427779323,,outside the brain,27.922925883862202,True,39.294411608486485,True,50.67863755604234,False,42.29971009931016,False
sub-HUP158,LN,LN9,8,61.846873203860326,19.975930558513827,,outside the brain,28.515370132346092,True,24.295302214594845,True,36.486193801200926,False,27.248371394857973,True
sub-HUP158,LN,LN10,9,53.907243686922264,10.848932545978828,,outside the brain,37.53893732194976,True,11.136105213358075,True,23.907562017125624,False,13.364357983956626,True
sub-HUP158,LN,LN11,10,54.355897822217585,6.936716099063666,,outside the brain,45.22517596267015,True,7.210510527318956,True,20.14351948154723,False,7.963514002325587,True
sub-HUP158,LN,LN12,11,59.54286067119576,1.0658141036401503e-14,,outside the brain,48.91877579698438,True,1.9246601021809526,True,21.04286067119576,True,4.542860671195765,True
sub-HUP158,RA,RA1,0,0.0,0.0,right hippocampus,in,0.0,True,0.0,True,0.0,True,0.0,True
sub-HUP158,RA,RA2,1,5.067037315468677,0.3334120523483508,right hippocampus,in,0.4184958418648407,True,0.6277591362482872,True,1.5913749611973622,True,0.33809153498572103,True
sub-HUP158,RA,RA3,2,11.026201241093544,0.4120705766427715,right hippocampus,in,0.5746464073035558,True,0.4411138269048145,True,4.039570923970593,True,1.0986999506304684,True
sub-HUP158,RA,RA4,3,16.311471771235684,0.0,right hippocampus,in,0.38450397193710145,True,0.45239753059432786,True,5.811471771235685,True,1.3114717712356836,True
sub-HUP158,RB,RB1,0,0.0,0.0,right hippocampus,near,0.0,True,0.0,True,0.0,True,0.0,True
sub-HUP158,RB,RB2,1,5.550398268275715,0.9189659001228482,right hippocampus,near,1.1925460476506977,True,0.9260298851516409,True,2.1772371826336943,True,1.0339145229240456,True
sub-HUP158,RB,RB3,2,10.20542925707609,0.6908467064400777,right hippocampus,near,1.0230199250819483,True,1.210410502267678,False,3.2561504934607726,True,0.7144229836622997,True
sub-HUP158,RB,RB4,3,14.516929294613806,0.0,"right middle temporal gyrus, posterior",near,0.3756804994214556,True,2.2469400072162093,True,4.016929294613806,False,0.48307070538619534,True
sub-HUP158,RC,RC1,0,0.0,0.0,right hippocampus,in,0.0,True,0.0,True,0.0,True,0.0,True
sub-HUP158,RC,RC2,1,4.941508945830232,1.6592666383359673,right hippocampus,in,1.6686322395165665,True,1.903762391185428,True,2.021454373280123,True,1.694834414472936,True
sub-HUP158,RC,RC3,2,9.651170158803211,1.7884466644558583,right hippocampus,near,1.797310768368618,True,2.4619218616492877,True,3.0608614626332784,False,1.8613924370064803,True
sub-HUP158,RC,RC4,3,16.961638563850766,1.780417735071162,"right middle temporal gyrus, posterior",in,2.9678433848256263,False,1.7834565813498304,False,6.612148497129951,False,2.580518474173357,False
sub-HUP158,RC,RC5,4,21.503472922838885,2.045497527793376,"right middle temporal gyrus, posterior",in,2.9182456583295853,True,2.2536004250722237,True,7.683251943515651,False,2.4820947675465894,True
sub-HUP158,RC,RC6,5,25.823121210135348,1.9264903295108793,"right middle temporal gyrus, posterior",in,2.501343287046339,True,2.915721773761804,True,8.473075049320878,True,2.067753812861159,True
sub-HUP158,RC,RC7,6,30.024960512405997,1.9485036685248667,"right middle temporal gyrus, posterior",in,2.178728072855077,True,4.063683253854808,True,9.17105071512915,True,1.9488806633585571,True
sub-HUP158,RC,RC8,7,34.88119070201143,2.220446049250313e-16,"right middle temporal gyrus, posterior",in,1.0631500272804346,True,4.234504335591936,True,10.381190702011436,True,0.11880929798856708,True
sub-HUP158,RD,RD1,0,0.0,0.0,right lingual gyrus,in,0.0,True,0.0,True,0.0,True,0.0,True
sub-HUP158,RD,RD2,1,5.843424043890032,1.1761544488875957,right lingual gyrus,near,1.182218796724399,True,1.1839770918128747,True,2.515705251071031,False,1.3810407789845216,False
sub-HUP158,RD,RD3,2,14.337707027027768,2.8151046781192,right cerebral white matter,white matter,3.6810535877322,False,4.029250843320005,False,7.5992793873520394,False,4.939360046629684,False
sub-HUP158,RD,RD4,3,20.808770485976115,3.09386464067774,"right middle temporal gyrus, temporo-occipital",near,4.342523560027793,False,4.910770902268157,False,10.541713466506762,False,6.378114820957325,False
sub-HUP158,RD,RD5,4,25.457708182233084,1.7088701765933576,"right middle temporal gyrus, temporo-occipital",near,2.65090828688054,True,3.4947623714507046,True,11.527654612988444,False,5.664217145357407,False
sub-HUP158,RD,RD6,5,31.54572207699337,3.3281321541018527,"right middle temporal gyrus, temporo-occipital",in,3.9635752582661694,True,4.779182525799507,True,14.263385817384657,False,7.186733866536687,False
sub-HUP158,RD,RD7,6,35.48096666790633,2.217115225526489,"right middle temporal gyrus, temporo-occipital",in,2.2447404516158866,True,2.9094052799108527,True,14.581173505001384,False,5.848189228449917,True
sub-HUP158,RD,RD8,7,38.84481821705352,8.140289677804162e-15,"right middle temporal gyrus, temporo-occipital",in,2.0591500901767015,True,0.2708768205498419,True,14.344818217053524,False,3.8448182170535277,True
sub-HUP158,RE,RE1,0,0.0,0.0,right insular cortex,in,0.0,True,0.0,True,0.0,True,0.0,True
sub-HUP158,RE,RE2,1,5.476841057641653,1.1325271579456349,right insular cortex,in,1.1744582690240408,True,1.1555445013152867,True,2.1763542713510042,True,1.1879042308842909,True
sub-HUP158,RE,RE3,2,11.107588036318248,2.289520394400994,right insular cortex,in,2.3372462407182497,False,2.3099909696762113,True,4.49572906731652,True,2.448914118352573,True
sub-HUP158,RE,RE4,3,18.141531523560783,2.6942559266870516,right frontal operculum,in,2.850863327088093,True,2.939918598535302,True,7.913142244150597,False,3.988066192683202,True
sub-HUP158,RE,RE5,4,27.31548326407785,2.5586886811527187,"right inferior frontal gyrus, pars opercularis",near,5.191726328726487,False,5.477856666929765,False,13.441166722702159,False,7.636778965959089,False
sub-HUP158,RE,RE6,5,33.51758128927525,1.729493645025035,"right inferior frontal gyrus, pars opercularis",in,5.409414497090156,False,5.797144454848906,False,16.06628992015408,False,8.647641722581472,False
sub-HUP158,RE,RE7,6,38.18647706810947,0.8346371971746965,right middle frontal gyrus,in,4.24331591215989,False,4.723933642813019,False,17.197619998716846,False,8.219838750442262,False
sub-HUP158,RE,RE8,7,42.35266522126939,8.140289677804162e-15,right middle frontal gyrus,in,2.666243666502313,True,3.236970183666028,True,17.852665221269394,False,7.352665221269394,False
sub-HUP158,RF,RF1,0,0.0,0.0,right insular cortex,in,0.0,True,0.0,True,0.0,True,0.0,True
sub-HUP158,RF,RF2,1,4.23030059253532,0.9178578392681767,right insular cortex,in,2.083570131399501,True,1.7232191016766738,True,1.1129983160939707,True,1.2649857823405477,True
sub-HUP158,RF,RF3,2,10.233777852410364,1.299475470483046,right insular cortex,in,2.260068785518908,True,1.6550549577631162,True,3.408380289881506,True,1.3082122265067748,True
sub-HUP158,RF,RF4,3,16.186746090732488,1.5051274499649705,right insular cortex,in,2.4110002050546697,True,1.6383968718686364,True,5.814790973392915,True,1.8740976352438863,True
sub-HUP158,RF,RF5,4,20.898388226206546,2.1766658252335893,right central operculum,in,3.8828779840271914,True,2.682103953897102,True,7.125331947826656,False,2.313799050030289,False
sub-HUP158,RF,RF6,5,30.076719467284775,3.444598510565545,right central operculum,near,3.4467353812341703,True,3.952862354416832,True,12.849140297284462,False,5.972280039024981,False
sub-HUP158,RF,RF7,6,37.87597475801062,1.583593652171838,right precentral gyrus,in,2.429637415769382,True,4.596520499522129,False,16.917137539012582,False,8.001134147556064,False
sub-HUP158,RF,RF8,7,43.22865107530376,1.467511591522657e-14,right precentral gyrus,in,1.2284147888191035,True,4.112956037700395,True,18.728651075303766,False,8.22865107530376,False
sub-HUP158,RG,RG1,0,0.0,0.0,right subcallosal cortex,in,0.0,True,0.0,True,0.0,True,0.0,True
sub-HUP158,RG,RG2,1,9.047730370860487,2.195178413579272,right subcallosal cortex,near,2.8156431236243495,False,3.8718612807665678,True,5.715739528858083,False,4.36892450031444,False
sub-HUP158,RG,RG3,2,19.50392828146751,2.817072645615193,"right cingulate gyrus, anterior",near,3.333307907344773,True,8.598089521264958,False,12.617901743071176,False,9.716736582913468,False
sub-HUP158,RG,RG4,3,31.356101523458843,3.4674171963949236,"right cingulate gyrus, anterior",near,3.4975501620813207,False,14.811510490835307,False,20.952694506864237,False,16.531522973361326,False
sub-HUP158,RG,RG5,4,44.63509931584728,0.6181498502376265,right paracingulate gyrus,near,2.544491036104899,False,22.287566907745234,False,30.637055441456294,False,24.6385742526459,False
sub-HUP158,RG,RG6,5,58.199565186073414,2.24641039226674,right frontal pole,near,5.897591197515033,True,30.299801482219387,False,40.718209187559005,False,33.23220776569046,False
sub-HUP158,RG,RG7,6,68.80404237717181,4.4536680984518116,right frontal pole,in,7.011940234162702,True,35.413179623957234,False,47.86738767838247,False,38.915438158005145,False
sub-HUP158,RG,RG8,7,79.08181897194139,5.878440763745099,right frontal pole,near,7.768388299951144,False,40.17968351279184,False,54.679936528064374,False,44.25518906039439,False
sub-HUP158,RG,RG9,8,89.51106405573405,5.612692006148802,,outside the brain,7.523332046944126,True,44.98280354300487,False,61.59119222846191,False,49.65316539480107,False
sub-HUP158,RG,RG10,9,101.88915216124092,5.39121303645549,,outside the brain,8.741214044073859,True,51.736476013544,False,70.45299721329616,False,57.00194254704663,False
sub-HUP158,RG,RG11,10,108.79878912730028,4.044917408902625,,outside the brain,5.231163318891113,True,52.99858985779041,False,73.83445306481165,False,58.86271563938109,False
sub-HUP158,RG,RG12,11,101.88646916987321,1.507288760336424e-14,,outside the brain,14.060557364829384,True,40.41894839649649,False,63.386469169873216,False,46.88646916987321,False
sub-HUP158,RH,RH1,0,0.0,0.0,right frontal orbital cortex,in,0.0,True,0.0,True,0.0,True,0.0,True
sub-HUP158,RH,RH2,1,13.151307488130806,4.4516132101200645,right caudate,in,4.602015937500607,False,8.116679947942037,False,9.928849750183229,False,8.614356021657265,False
sub-HUP158,RH,RH3,2,22.278413240996873,4.429170728227335,right caudate,in,4.467300854498069,False,11.541482892353542,False,15.480826745481195,False,12.635420042914417,False
sub-HUP158,RH,RH4,3,34.31150846752724,3.3338238241259837,right cerebral white matter,white matter,3.374905023063116,True,17.702055432940867,False,23.882990213717413,False,19.437200619774874,False
sub-HUP158,RH,RH5,4,46.50952583996291,2.000054145248628,right frontal pole,near,2.5828309041975137,True,24.197475320918656,False,32.52804862192875,False,26.541965396952254,False
sub-HUP158,RH,RH6,5,56.99013581278067,1.8126722940870648,right frontal pole,in,2.0332276847494337,True,29.0780730051696,False,39.50291190278581,False,32.01266211118659,False
sub-HUP158,RH,RH7,6,66.44701175418226,1.3638299558136495,right frontal pole,in,1.588971548340803,True,32.93352662560034,False,45.453479363944965,False,36.45853172677225,False
sub-HUP158,RH,RH8,7,77.95930352516268,2.5006672926132674,,outside the brain,2.557726239092993,True,38.883985247024846,False,53.4776855676118,False,42.99197519520894,False
sub-HUP158,RH,RH9,8,89.08962360223991,4.0280393605665505,,outside the brain,4.082721953764295,True,44.477636691301726,False,61.13136765767142,False,49.16380494429908,False
sub-HUP158,RH,RH10,9,98.93769093153544,4.882015234763049,,outside the brain,5.297042876873062,True,48.77052406132139,False,67.49396363783951,False,54.038149506843695,False
sub-HUP158,RH,RH11,10,103.95303172851554,3.8065642620056317,,outside the brain,9.03800795328832,True,48.154437886952635,False,68.98841093685849,False,54.01760297648917,False
sub-HUP158,RH,RH12,11,91.56785840466159,1.6280579355608324e-14,,outside the brain,31.720811947564414,True,30.100337631284866,False,53.067858404661585,False,36.567858404661585,False
sub-HUP158,RI,RI1,0,0.0,0.0,right frontal orbital cortex,in,0.0,True,0.0,True,0.0,True,0.0,True
sub-HUP158,RI,RI2,1,12.925379061488965,2.1199305684757266,right insular cortex,near,2.9061238811696612,False,7.469533264248797,False,9.4901529605681,False,8.035046097300985,False
sub-HUP158,RI,RI3,2,25.134918155799326,2.6516207760664563,right cerebral white matter,white matter,4.36684675085574,False,14.070851402980747,False,18.188976707206603,False,15.227308196868135,False
sub-HUP158,RI,RI4,3,35.32782577236241,0.3138182367805177,right frontal pole,near,3.055031846222687,True,18.56521512644485,False,24.82841524475805,False,20.328854279619957,False
sub-HUP158,RI,RI5,4,47.37248762074841,4.137430813201516,right frontal pole,in,5.854005826936818,True,25.181857551971284,False,33.44834224204495,False,27.504436622053237,False
sub-HUP158,RI,RI6,5,58.99579565707075,4.780342662610579,right frontal pole,in,6.909690711792606,True,31.230051346343085,False,41.57752689514089,False,34.138155677710316,False
sub-HUP158,RI,RI7,6,69.63033814222658,5.7335771780694476,,outside the brain,7.489613157155457,True,36.3215328429002,False,48.73234224599998,False,39.80893625164062,False
sub-HUP158,RI,RI8,7,79.39296998195195,7.3537396994132544,,outside the brain,8.238414708837539,True,40.607381282552794,False,55.04509021082439,False,44.66124640879955,False
sub-HUP158,RI,RI9,8,88.90949614501545,7.541230941470594,,outside the brain,7.941345447612664,True,44.528671762719156,False,61.05660487612626,False,49.1708311846312,False
sub-HUP158,RI,RI10,9,94.08145467203597,6.950236829527065,,outside the brain,7.5853195117202565,True,44.084102080432395,False,62.71071806452221,False,49.31658843208969,False
sub-HUP158,RI,RI11,10,81.54725890903728,4.9844412129195215,,outside the brain,26.699804169938982,True,25.997520326558973,False,46.661767973604306,False,31.788002223417948,False
sub-HUP158,RI,RI12,11,71.85933860164242,0.0,,outside the brain,46.52838430999375,True,10.3918178282657,False,33.35933860164241,False,16.859338601642413,False
sub-HUP158,RJ,RJ1,0,0.0,0.0,"right cingulate gyrus, anterior",in,0.0,True,0.0,True,0.0,True,0.0,True
sub-HUP158,RJ,RJ2,1,5.2358180221506485,1.0674154203237425,"right cingulate gyrus, anterior",near,1.159371963446723,True,1.163147085690656,True,1.9449391131471339,True,1.0748096479485525,True
sub-HUP158,RJ,RJ3,2,12.177350351237683,1.262445888422449,right cerebral white matter,white matter,1.5829662646132503,True,1.5714738793052958,True,5.265319601637706,False,2.4603228691586922,False
sub-HUP158,RJ,RJ4,3,18.26015489492026,1.9879243793689052,right cerebral white matter,white matter,2.440973462587947,True,2.4243975236138726,True,7.905642045395114,False,3.726200499546601,True
sub-HUP158,RJ,RJ5,4,22.96050876074286,2.1079016650622413,right cerebral white matter,white matter,2.1784905674806416,True,2.1691257578130196,True,9.110745763840919,True,3.55571965946626,True
sub-HUP158,RJ,RJ6,5,29.454931227046515,2.0310242012720168,right frontal pole,near,2.5207203708930717,False,2.492630499909175,False,12.05711881306143,False,4.832364401359405,True
sub-HUP158,RJ,RJ7,6,33.96174887777808,1.1888405200945165,right frontal pole,in,1.2786374121107829,True,1.2585995219399644,True,12.995427328524698,False,4.116346403545681,True
sub-HUP158,RJ,RJ8,7,39.391152164442914,2.220446049250313e-16,right frontal pole,in,0.3425616263252534,True,0.2754571268395509,True,14.891152164442916,False,4.391152164442916,True
sub-HUP158,RK,RK1,0,0.0,0.0,"right cingulate gyrus, posterior",in,0.0,True,0.0,True,0.0,True,0.0,True
sub-HUP158,RK,RK2,1,4.941117790804853,1.3912577578565568,"right cingulate gyrus, posterior",in,1.6395259643146298,True,1.628674984987905,True,1.864455353697604,True,1.4151225384342367,True
sub-HUP158,RK,RK3,2,10.493350466610064,1.8296432795091713,"right cingulate gyrus, posterior",near,2.0323024214538976,True,2.014635422009549,True,3.8018255503316234,False,1.8596298827695648,True
sub-HUP158,RK,RK4,3,16.37672780370097,2.0526339665901916,right cerebral white matter,white matter,2.132556471018199,True,2.1165677894942796,True,6.1031139818193365,False,2.402033724077817,True
sub-HUP158,RK,RK5,4,22.232363490750092,2.9745516986875504,right cerebral white matter,white matter,3.001606777594457,True,2.9916453046308717,True,8.56554956756693,True,3.602626716120725,True
sub-HUP158,RK,RK6,5,27.582297650836487,2.7328408201676475,right cerebral white matter,white matter,2.797213218124607,True,2.776988989665606,True,10.315176302662648,True,3.667992647837148,True
sub-HUP158,RK,RK7,6,32.148456266475684,1.9961828769243202,"right supramarginal gyrus, posterior",near,2.536801741539328,False,2.4621411098950317,False,11.264701721702188,False,2.887542896074789,False
sub-HUP158,RK,RK8,7,37.57857717477571,1.4888583356622763e-14,right angular gyrus,near,1.681934251597948,True,1.5371178628276592,True,13.07857717477571,False,2.5785771747757087,True
sub-HUP158,RL,RL1,0,0.0,0.0,right precuneus,in,0.0,True,0.0,True,0.0,True,0.0,True
sub-HUP158,RL,RL2,1,7.1682053813206466,0.6173581704251145,right postcentral gyrus,in,0.957802315102627,True,1.6717803482534739,True,3.69353095735402,False,2.2287794277503514,True
sub-HUP158,RL,RL3,2,14.6831590065909,2.3591118907796087,right postcentral gyrus,in,2.8926074670683306,True,4.069952924136237,True,7.855031133071443,True,5.07415954725118,True
sub-HUP158,RL,RL4,3,19.036541082565016,4.8823732827833775,right postcentral gyrus,in,4.952092461231369,True,5.149156274100673,True,9.286779567363961,True,5.949466460634821,True
sub-HUP158,RL,RL5,4,24.347965333824234,6.568350304644798,right postcentral gyrus,in,6.924408352274542,True,6.658740345468648,True,11.504614361150944,True,7.417077478906223,True
sub-HUP158,RL,RL6,5,29.492213514682568,5.4472930764842005,right postcentral gyrus,in,6.248713196657218,True,5.546623204956137,True,12.711146549754911,True,6.749185052461475,True
sub-HUP158,RL,RL7,6,34.853921207066065,2.6601852160769024,right postcentral gyrus,near,4.559804910848237,False,2.9284853013299372,True,14.007180556399716,False,5.446146748858503,False
sub-HUP158,RL,RL8,7,42.58293334941234,8.140289677804162e-15,,outside the brain,2.282007722928071,True,3.4672383118089747,True,18.082933349412343,False,7.5829333494123405,False
sub-HUP158,RM,RM1,0,0.0,0.0,right postcentral gyrus,near,0.0,True,0.0,True,0.0,True,0.0,True
sub-HUP158,RM,RM2,1,6.443891881861501,1.3059855614821045,right postcentral gyrus,near,1.6638535458042656,True,1.492373662064548,True,3.098807622015439,True,1.8498980291297913,True
sub-HUP158,RM,RM3,2,12.62520727429011,2.7455050252743782,right postcentral gyrus,in,3.2636806761982204,True,2.9755281797729305,True,5.989396876253411,False,3.596450100076416,True
sub-HUP158,RM,RM4,3,17.714737317508668,4.981652748527188,right postcentral gyrus,in,5.115413497210585,True,4.9872390293565365,True,8.189320670773542,True,5.368079941423398,True
sub-HUP158,RM,RM5,4,22.649847903244282,4.311441717250778,right postcentral gyrus,in,4.454232777167123,True,4.3130048779457395,True,9.295996612524931,True,4.856640521425301,True
sub-HUP158,RM,RM6,5,28.252460033861443,2.4749249753616605,right postcentral gyrus,in,3.029788365214975,True,2.4833237729748077,True,10.927798411256097,True,4.001129970319081,True
sub-HUP158,RM,RM7,6,32.83382384085585,1.2479779118492198,right postcentral gyrus,in,1.6867024764396674,True,1.4396029735027815,True,11.87585224951954,True,3.074752080298996,True
sub-HUP158,RM,RM8,7,37.59469295084804,0.0,right postcentral gyrus,near,0.6400475542820447,True,1.5210020867553207,True,13.09469295084804,False,2.5946929508480423,False
sub-HUP158,RN,RN1,0,0.0,0.0,"right supramarginal gyrus, posterior",in,0.0,True,0.0,True,0.0,True,0.0,True
sub-HUP158,RN,RN2,1,5.347583437805818,2.4909867893082476,"right supramarginal gyrus, anterior",in,2.507162227010539,False,2.6339535059729204,False,2.778990746925609,False,2.505364240473299,False
sub-HUP158,RN,RN3,2,9.9669272644864,2.54022588097562,"right supramarginal gyrus, anterior",in,2.570729973554303,False,2.9696104395975995,False,3.662056117205217,False,2.5659204076542195,False
sub-HUP158,RN,RN4,3,14.040164577671181,2.0874166024076635,"right supramarginal gyrus, anterior",in,2.390423482905574,False,3.5567173294397563,False,3.976129618564193,False,2.3669571585222213,False
sub-HUP158,RN,RN5,4,18.449618433548906,1.3830418437569971,"right supramarginal gyrus, posterior",near,2.166461787902998,False,4.189016743538301,False,4.610057468732594,False,2.1166360649297298,True
sub-HUP158,RN,RN6,5,23.89138857166601,0.5355031122060918,,outside the brain,1.3105903601491034,True,4.089607377386706,True,6.407801751005964,False,1.2365787569483242,True
sub-HUP158,RN,RN7,6,28.822741968120955,0.0,,outside the brain,1.275156249617479,True,4.704996635539073,True,7.822741968120952,True,1.1772580318790444,True
sub-HUP158,RO,RO1,0,0.0,0.0,right cerebral white matter,white matter,0.0,True,0.0,True,0.0,True,0.0,True
sub-HUP158,RO,RO2,1,4.397547458771716,1.931803185954503,right superior parietal lobule,near,2.044213091016021,True,2.5324062844055315,True,1.9836396665323688,True,2.1984732465300207,True
sub-HUP158,RO,RO3,2,10.8387310230177,2.490679660235574,right superior parietal lobule,in,2.8144426438092394,True,2.5684448407036875,True,4.335504568912473,False,2.550398515152103,True
sub-HUP158,RO,RO4,3,17.28049184683981,2.3718316068654746,right superior parietal lobule,in,4.031352704691652,True,2.3979674242460347,True,7.029192633147295,True,3.179157465493721,True
sub-HUP158,RO,RO5,4,24.87042958145572,1.5300752811228726,right superior parietal lobule,in,6.528929837881894,True,2.906786272865825,True,10.930935545868364,True,5.060190797939223,True
sub-HUP158,RO,RO6,5,28.413449843057773,2.702516037477948,right superior parietal lobule,in,5.850912947094661,True,2.724429471225913,True,11.118090236853321,True,4.253518026230107,True
sub-HUP158,RO,RO7,6,32.495310016694376,0.783386217948448,right superior parietal lobule,in,4.835431907911499,True,1.3035309089019298,False,11.51255002026348,True,2.6063811925857365,True
sub-HUP158,RO,RO8,7,36.0516887366083,5.0242958677880805e-15,right postcentral gyrus,near,3.7183225066930987,False,3.064006300995074,True,11.551688736608302,False,1.0516887366082976,True
sub-HUP158,RP,RP1,0,0.0,0.0,right angular gyrus,near,0.0,True,0.0,True,0.0,True,0.0,True
sub-HUP158,RP,RP2,1,6.405829868713919,1.7326607439085953,right angular gyrus,near,2.4566746498989733,True,1.8268733177306435,True,3.180453601148171,True,2.0890490717699928,True
sub-HUP158,RP,RP3,2,11.016954831752559,2.2979269780382348,right angular gyrus,in,2.9968548959768926,True,2.3327001235014966,True,4.419090505520208,False,2.424980932624901,True
sub-HUP158,RP,RP4,3,14.293646173903248,1.8689082834938007,right angular gyrus,in,2.0719650618891894,True,3.1962646067827207,True,4.1192971350459,True,2.044544169727134,True
sub-HUP158,RP,RP5,4,18.26952153161532,1.2413124983383652,right angular gyrus,in,1.3479453151101801,True,4.307266856137006,True,4.405785291832825,True,2.1640962942279196,True
sub-HUP158,RP,RP6,5,22.109829033740233,0.979462026407843,right angular gyrus,in,0.980245736398633,True,5.933064685394619,True,4.691505294263381,True,3.0721932499983025,True
sub-HUP158,RP,RP7,6,26.075751513033783,0.5454070476423905,right angular gyrus,in,0.7283515797214746,True,7.477608816107865,False,5.099298476393066,True,3.967618908200948,False
sub-HUP158,RP,RP8,7,31.71687747932942,0.0,right angular gyrus,near,0.7386390023023198,True,7.398817558273939,False,7.216877479329417,False,3.2831225206705743,True
sub-HUP160,LA,LA1,0,0.0,0.0,left amygdala,near,0.0,True,0.0,True,0.0,True,0.0,True
sub-HUP160,LA,LA2,1,5.1412116639941905,1.3329925708283197,left amygdala,near,1.704281727845883,False,1.4712059112231413,False,1.9809754424822403,False,1.3334415684454242,False
sub-HUP160,LA,LA3,2,10.105566844424574,2.1792820683245675,left putamen,near,3.087349374498378,True,2.5417444523078987,True,3.601870332125118,False,2.183288972203939,False
sub-HUP160,LA,LA4,3,15.454179533818163,2.3670275302286643,left putamen,near,3.6742191190592153,False,2.798034187280359,True,5.326649773414102,True,2.3825851175223454,True
sub-HUP160,LA,LA5,4,21.426872488643745,2.4528360219352696,left planum polare,near,3.7399941409976627,True,2.674388864299646,True,7.687810342607376,False,2.7695199353269686,False
sub-HUP160,LA,LA6,5,27.552152164259933,1.403759088482985,left planum polare,near,2.9726308070616674,False,1.4662259378002165,True,10.114256401607099,False,2.881432156978811,True
sub-HUP160,LA,LA7,6,33.95791077451397,1.0250731468142993,"left middle temporal gyrus, posterior",in,2.446662509606168,True,1.1057795851759242,True,12.982966233334519,False,4.073520934900112,False
sub-HUP160,LA,LA8,7,40.72544637139021,0.0,"left middle temporal gyrus, posterior",in,1.4658958246741596,True,1.6097513337868523,True,16.225446371390213,False,5.725446371390213,True
sub-HUP160,RA,RA1,0,0.0,0.0,,outside the brain,0.0,True,0.0,True,0.0,True,0.0,True
sub-HUP160,RA,RA2,1,6.722240415620355,0.29141589127158624,"right parahippocampal gyrus, anterior",near,1.2340236037603904,False,1.1650008436786652,True,3.2290974269494868,False,1.7404906250463148,False
sub-HUP160,RA,RA3,2,12.186258728740894,0.5437614200727664,"right parahippocampal gyrus, anterior",in,1.263513082979919,True,1.1367041036672079,True,5.2026153004328055,False,2.2410888371355355,False
sub-HUP160,RA,RA4,3,17.013116692603344,1.273557437906701,right hippocampus,in,1.3394621785242729,False,1.2894013999973324,False,6.589621743531231,False,2.3419384046975185,False
sub-HUP160,RA,RA5,4,22.263651236287348,0.7247558375125323,right hippocampus,in,0.7479086335762181,True,0.7316186650624515,True,8.283617824641867,False,2.3656090588178516,True
sub-HUP160,RA,RA6,5,27.97202933602303,1.2025739824461161,right hippocampus,in,1.255925675504312,True,1.20259093097275,True,10.51515980910661,True,3.1821507233879824,True
sub-HUP160,RA,RA7,6,32.96234051609249,0.17294290458620853,right hippocampus,in,0.2218242107313422,True,0.5916903614996468,True,11.963136948871215,True,2.966931548104897,True
sub-HUP160,RA,RA8,7,38.36692208667623,3.552713678800501e-15,right hippocampus,in,0.2506773337161306,True,0.748772950927133,False,13.866922086676235,True,3.366922086676235,True
sub-HUP160,RB,RB1,0,0.0,0.0,"right parahippocampal gyrus, anterior",in,0.0,True,0.0,True,0.0,True,0.0,True
sub-HUP160,RB,RB2,1,6.002610412178001,0.996002692625895,"right parahippocampal gyrus, anterior",in,1.0377408795407084,True,1.049703285291444,True,2.6163951270480243,True,1.3554777400945741,True
sub-HUP160,RB,RB3,2,10.795801740929289,1.674754381086896,"right parahippocampal gyrus, posterior",in,1.7759720039894638,True,1.7509207983581767,True,4.0296178950830654,False,1.80199088769621,True
sub-HUP160,RB,RB4,3,15.71700561875893,2.238080965917297,"right parahippocampal gyrus, posterior",in,2.6020702147468606,True,2.54281872016107,True,5.5299758980413545,True,2.3063123772093563,True
sub-HUP160,RB,RB5,4,20.89501848094189,2.896070320775912,"right parahippocampal gyrus, posterior",in,3.4198642204334613,False,3.337330955846005,False,7.293017599453552,True,2.9779107034170997,True
sub-HUP160,RB,RB6,5,26.500635859318912,4.2083967274958605,"right temporal fusiform cortex, posterior",in,4.649173860852106,True,4.567578140813787,True,9.632316778514923,False,4.366498472492305,True
sub-HUP160,RB,RB7,6,33.27383039614831,2.6613789238116654,right temporo-occipital fusiform cortex,in,2.728412994121531,False,2.685685653532113,False,12.454891233708349,False,4.136937941799816,False
sub-HUP160,RB,RB8,7,41.032865876561964,0.0,right temporo-occipital fusiform cortex,near,1.6365069385442208,True,1.917170838958601,True,16.532865876561964,False,6.032865876561959,True
sub-HUP160,RC,RC1,0,0.0,0.0,"right parahippocampal gyrus, posterior",near,0.0,True,0.0,True,0.0,True,0.0,True
sub-HUP160,RC,RC2,1,5.31589717851276,1.8427665889360838,right lingual gyrus,in,1.9232635974217192,False,1.9385058517167135,False,2.3674485694005947,False,1.8428176737194562,False
sub-HUP160,RC,RC3,2,10.846442023817431,3.674300313750578,right temporo-occipital fusiform cortex,in,3.7755746833508743,False,3.8003800500763907,False,4.8757959524791765,False,3.6800222820370676,False
sub-HUP160,RC,RC4,3,19.482024151269513,2.1262326910609852,right cerebral white matter,white matter,3.480095104217361,True,3.3600786019229267,True,9.117050796148032,False,4.8559000505054115,False
sub-HUP160,RC,RC5,4,27.971678936584993,2.3542335752743724,"right middle temporal gyrus, temporo-occipital",near,6.190100454778065,False,6.0016245806597714,False,14.0707766687209,False,8.216908464658422,False
sub-HUP160,RC,RC6,5,34.204910565344086,3.0932516030400175,"right middle temporal gyrus, temporo-occipital",in,7.090671074126672,False,6.861743792598714,False,16.85109478428533,False,9.57799735957456,False
sub-HUP160,RC,RC7,6,38.49704566779793,1.7694368615128704,"right middle temporal gyrus, temporo-occipital",in,5.526066508207399,True,5.236622469926178,True,17.54580885806964,False,8.639498244306235,False
sub-HUP160,RC,RC8,7,43.40246185456944,0.0,"right middle temporal gyrus, temporo-occipital",in,4.644351157968461,True,4.286766816966072,True,18.902461854569438,False,8.40246185456944,True
sub-HUP160,RD,RD1,0,0.0,0.0,right insular cortex,in,0.0,True,0.0,True,0.0,True,0.0,True
sub-HUP160,RD,RD2,1,6.343509996705438,1.1028224123320134,right insular cortex,in,1.1186743975493305,False,1.284694086433998,False,2.9600235488200197,True,1.6646336731624882,True
sub-HUP160,RD,RD3,2,12.659653517705076,0.14375634212992686,right insular cortex,in,0.5591249474919858,False,1.4898760688040982,False,5.660662969721227,False,2.6627207085638593,False
sub-HUP160,RD,RD4,3,19.647571866239623,2.010440157764443,right insular cortex,near,2.4309833857208414,False,3.431246683771778,False,9.265192905252501,True,4.969287890896308,False
sub-HUP160,RD,RD5,4,25.91315081660512,2.7268420034618344,right insular cortex,near,3.127857209810554,False,4.372030555085905,False,12.081042394215634,False,6.381241455301243,False
sub-HUP160,RD,RD6,5,31.32458187414303,2.7519650651179566,right cerebral white matter,white matter,2.897638256059968,False,4.269066152778748,False,13.97706036182187,False,6.786476834858014,False
sub-HUP160,RD,RD7,6,37.64354978827892,3.130948955371702,right cerebral white matter,white matter,3.33809207088695,False,5.068144421159463,True,16.807316782140315,False,8.139396714782222,False
sub-HUP160,RD,RD8,7,43.24575819257399,1.788588928563663,right middle frontal gyrus,near,1.956897016126735,True,4.466787912004383,True,18.794057105110085,False,8.401352099935606,False
sub-HUP160,RD,RD9,8,48.33627422088373,0.32692194457466345,right middle frontal gyrus,near,0.3551928017363462,True,3.6462028074749373,True,20.33779638098893,False,8.341577443113813,True
sub-HUP160,RD,RD10,9,52.277254125476,0.37038162871496555,right middle frontal gyrus,near,2.2875317305097593,True,2.018604596020671,True,20.779243255508018,False,7.285363075734804,True
sub-HUP160,RD,RD11,10,56.58822671182254,0.0,right middle frontal gyrus,near,4.0043175018752954,False,0.7086623723891434,True,21.58822671182254,False,6.58822671182253,True
sub-HUP160,RF,RF1,0,0.0,0.0,"right cingulate gyrus, anterior",in,0.0,True,0.0,True,0.0,True,0.0,True
sub-HUP160,RF,RF2,1,4.9022141468159015,0.9547850007025892,"right cingulate gyrus, anterior",near,1.3108100867786827,True,1.2326489291534928,True,1.6196777052190021,True,0.9738324924976299,True
sub-HUP160,RF,RF3,2,10.499232026795726,2.2128747875025723,right caudate,near,2.4936314942681803,False,2.3936422289260784,False,3.942904036956418,False,2.228494142079958,False
sub-HUP160,RF,RF4,3,16.142572267801903,2.922454876508391,right cerebral white matter,white matter,3.17601731012109,True,3.054400244394445,True,6.118844921528784,True,3.0508713854420773,True
sub-HUP160,RF,RF5,4,23.11332332156078,2.5640054411254867,right cerebral white matter,white matter,2.5680949006685445,True,2.6376295651242705,True,9.329898676954915,True,3.9241550195357697,True
sub-HUP160,RF,RF6,5,29.92617597676757,2.840435352617767,right precentral gyrus,near,3.1068814923823362,True,3.3904785552951817,True,12.615011269669909,False,5.569779010255852,False
sub-HUP160,RF,RF7,6,34.816431122914786,2.7306051098672017,right precentral gyrus,in,2.7708421333074926,True,2.9752352694178827,True,13.978484048217037,False,5.443587767175161,False
sub-HUP160,RF,RF8,7,38.72278208678439,2.634056639547016,right precentral gyrus,in,2.9427445120800924,True,2.6779026423962087,True,14.37645543740752,False,4.487492965627113,True
sub-HUP160,RF,RF9,8,43.5239435575313,3.3411006856583416,right precentral gyrus,in,4.031482389671732,True,3.5880600907766786,True,15.753883053287677,False,4.763661919291183,True
sub-HUP160,RF,RF10,9,49.622022618954425,1.6541124087916304,right precentral gyrus,in,2.41792622464001,True,1.7950273114485815,True,18.169894106104454,False,4.883136168523817,True
sub-HUP160,RF,RF11,10,56.885055937929764,1.467511591522657e-14,right precentral gyrus,in,0.17943748480738275,True,1.005491598496378,True,21.88505593792976,True,6.885055937929759,True
sub-HUP160,RG,RG1,0,0.0,0.0,right paracingulate gyrus,in,0.0,True,0.0,True,0.0,True,0.0,True
sub-HUP160,RG,RG2,1,4.489815946390474,1.4272842568926472,right paracingulate gyrus,in,2.522523660082481,True,1.9516191772424554,True,1.6155672036014224,True,1.6091360679453655,True
sub-HUP160,RG,RG3,2,10.727463597024347,3.8628400337832485,right paracingulate gyrus,near,4.693391961331,False,4.035581487237363,True,4.89577969545322,False,3.8628479979649426,True
sub-HUP160,RG,RG4,3,18.02887632443694,7.4756987457817745,right superior frontal gyrus,near,7.916411903037707,False,7.484263309510355,True,9.527119099098707,False,7.606753002793778,True
sub-HUP160,RG,RG5,4,24.869227015902872,7.391866415384099,right middle frontal gyrus,near,7.563463187666806,False,7.522062866534369,False,12.231531072050016,False,8.28654819192536,False
sub-HUP160,RG,RG6,5,29.07898960213123,4.597643164665953,right middle frontal gyrus,near,5.473957853327426,False,4.662245930879803,False,12.119189198531934,False,5.909853266918644,False
sub-HUP160,RG,RG7,6,34.478349657422946,1.3589972321318495,right middle frontal gyrus,in,3.8192849786593603,True,1.6432627143468717,True,13.520030936188084,False,4.654377046797346,True
sub-HUP160,RG,RG8,7,39.822742417369156,0.0,right middle frontal gyrus,in,4.534949538802583,True,0.7070473797657886,True,15.32274241736916,True,4.822742417369154,True
sub-HUP160,RH,RH1,0,0.0,0.0,"right cingulate gyrus, anterior",in,0.0,True,0.0,True,0.0,True,0.0,True
sub-HUP160,RH,RH2,1,6.300152709834751,2.4383802984434597,"right cingulate gyrus, anterior",near,2.506190036115532,True,2.448392359961768,True,3.3582544548306212,True,2.569128738702303,True
sub-HUP160,RH,RH3,2,11.347413668880806,1.855081127628319,right cerebral white matter,white matter,2.4378041571780154,True,1.8551767842161961,True,4.586640363316428,False,2.206526271441342,True
sub-HUP160,RH,RH4,3,17.823945034719287,1.512699265506336,right cerebral white matter,white matter,2.0644885086793794,True,1.811026020006677,True,7.415565342765705,True,3.1470404175123816,True
sub-HUP160,RH,RH5,4,24.330103228483598,1.3917844368313264,right cerebral white matter,white matter,1.8790925248881412,True,2.386336429728736,True,10.383957297118974,True,4.510367773378197,True
sub-HUP160,RH,RH6,5,31.391070539585737,1.3327857231049416,right cerebral white matter,white matter,1.4528010150490773,True,3.673298959342212,True,13.926684998514366,True,6.500852928816429,True
sub-HUP160,RH,RH7,6,37.53567085205605,1.9922312071121695,right middle frontal gyrus,near,2.164569884265163,True,4.428454752596441,False,16.60272556070085,False,7.743432253924459,False
sub-HUP160,RH,RH8,7,43.552361915030446,1.7776054015095464e-14,right middle frontal gyrus,near,1.1649855628348675,True,4.436666877427076,True,19.052361915030446,False,8.552361915030444,False
sub-HUP160,RI,RI1,0,0.0,0.0,right frontal medial cortex,near,0.0,True,0.0,True,0.0,True,0.0,True
sub-HUP160,RI,RI2,1,5.994931269695861,1.456727031631183,right paracingulate gyrus,near,1.5859879805474033,False,1.4743529378159552,False,2.7354052840842975,False,1.6693376743415007,False
sub-HUP160,RI,RI3,2,12.341551827751152,2.479328372183087,right paracingulate gyrus,in,2.6036188085242595,True,2.642447467960711,True,5.661681329984146,True,3.2426763697315386,True
sub-HUP160,RI,RI4,3,18.869693663502222,2.9145619724742056,right paracingulate gyrus,near,2.9937310983825145,True,3.4679580312982417,True,8.649112499020815,False,4.66561056093156,False
sub-HUP160,RI,RI5,4,26.20747807648783,2.520265578266685,right frontal pole,near,2.5400550647616433,False,4.505097846825321,False,12.34599094911272,False,6.587208424200006,False
sub-HUP160,RI,RI6,5,32.50397896129301,1.7088394276702865,right frontal pole,near,1.7266086476288305,False,4.8315336581382,False,15.056316246789901,False,7.652269917995024,False
sub-HUP160,RI,RI7,6,37.14332350523845,1.3378014875915274,right frontal pole,near,2.0362497511506095,True,3.832555026022784,False,16.174643289914837,False,7.243829024126791,False
sub-HUP160,RI,RI8,7,41.963293910445636,7.53644380168212e-15,right frontal pole,near,3.1334429972927285,True,2.8475988728422696,True,17.463293910445636,False,6.963293910445636,True
sub-HUP160,RJ,RJ1,0,0.0,0.0,right temporal pole,in,0.0,True,0.0,True,0.0,True,0.0,True
sub-HUP160,RJ,RJ2,1,4.2710491341238885,1.5923511182886212,right frontal orbital cortex,in,2.946484022778628,True,2.2750148440358444,True,1.658329691987912,True,1.900187643177302,True
sub-HUP160,RJ,RJ3,2,10.104710322013306,3.1887807770469765,right frontal orbital cortex,in,4.586173888756261,True,3.5621080526930347,True,4.107065183321513,True,3.2152389852324688,True
sub-HUP160,RJ,RJ4,3,18.101952615498824,2.4412489109541373,right insular cortex,near,2.809339280820129,False,2.708311747394525,True,7.827033647499102,False,3.818797337037205,False
sub-HUP160,RJ,RJ5,4,26.85599683221057,2.3308494431457647,right putamen,near,2.530664280750186,False,4.981745488884308,True,12.9658841293568,False,7.145506230231632,True
sub-HUP160,RJ,RJ6,5,37.453854051189765,0.960343292839311,right insular cortex,near,5.3176505991845575,False,9.550165587513915,False,19.964650767316588,False,12.478548752305612,False
sub-HUP160,RJ,RJ7,6,43.88454114473492,1.5319910348109487,right frontal operculum,near,5.42500855410184,False,10.443036346918896,False,22.90907397351552,False,13.94221671649642,False
sub-HUP160,RJ,RJ8,7,48.7964762316088,7.215595591812694e-15,right cerebral white matter,white matter,3.700621071543019,False,9.680781194005437,False,24.296476231608803,False,13.796476231608802,False
sub-HUP160,RK,RK1,0,0.0,0.0,"right lateral occipital cortex, inferior",near,0.0,True,0.0,True,0.0,True,0.0,True
sub-HUP160,RK,RK2,1,8.279998662327076,2.2250004529080214,"right lateral occipital cortex, inferior",in,3.094134498119364,True,3.263546692772707,True,4.998024670911014,False,3.715361404569202,False
sub-HUP160,RK,RK3,2,14.00919020028117,3.0533290675337557,"right lateral occipital cortex, inferior",in,3.6620124476343685,True,3.9440181491847044,True,7.337831714721451,True,4.775914460420242,True
sub-HUP160,RK,RK4,3,19.190297583311768,3.1004369311553113,"right lateral occipital cortex, inferior",in,3.4279440553007285,True,3.7868659140076026,True,8.989752939648943,True,5.012185368124415,True
sub-HUP160,RK,RK5,4,24.997657437443962,3.679586573981318,"right lateral occipital cortex, inferior",in,3.945548960529192,True,4.378701996538043,True,11.338992229127763,True,5.989023479223193,True
sub-HUP160,RK,RK6,5,29.2162136836333,2.2420709525257276,"right lateral occipital cortex, inferior",in,2.242073611962413,False,2.538432178036396,True,11.844202107415443,True,4.6993891637998955,True
sub-HUP160,RK,RK7,6,33.10572977096306,2.0599796348339408,right angular gyrus,near,2.809438648293445,False,2.1165700913915435,False,12.21650927683599,False,3.673514434553463,False
sub-HUP160,RK,RK8,7,38.56852901744959,1.5280799322856756e-14,,outside the brain,2.208717096823381,True,0.5471660201537739,True,14.068529017449594,False,3.568529017449581,True
sub-HUP160,RL,RL1,0,0.0,0.0,"right cingulate gyrus, posterior",in,0.0,True,0.0,True,0.0,True,0.0,True
sub-HUP160,RL,RL2,1,5.260733626632832,0.2717204660186272,"right cingulate gyrus, posterior",in,0.4724577624085244,True,0.43075698016546193,True,1.774637039569338,True,0.3717547868762728,True
sub-HUP160,RL,RL3,2,11.224223587850883,0.5696077225810001,"right cingulate gyrus, posterior",near,0.5739746325100787,True,0.5706125263499794,True,4.2481220354730365,False,1.33715170805663,True
sub-HUP160,RL,RL4,3,15.969572020461444,0.7297465838976308,right cerebral white matter,white matter,1.2120544493284884,True,1.0909708746812938,True,5.501503412765078,False,1.2002206021360597,False
sub-HUP160,RL,RL5,4,21.773919073386892,1.1093716709010282,right cerebral white matter,white matter,1.3766936487891712,True,1.2641863013273706,True,7.824681462549419,False,2.0683238369144896,True
sub-HUP160,RL,RL6,5,28.37081509508765,1.481164585158698,right cerebral white matter,white matter,1.4869510585443146,True,1.5322471525159966,True,10.932921755096647,True,3.646492121628602,True
sub-HUP160,RL,RL7,6,34.64438609600343,1.0024361507173047,right cerebral white matter,white matter,1.2754446412011222,True,1.48983037945375,True,13.666693648569062,True,4.737158414847337,True
sub-HUP160,RL,RL8,7,39.821499652310386,1.3210958423752563,right angular gyrus,near,1.3588482598983644,True,1.4876129833108958,True,15.356511052259583,False,4.978077846272417,False
sub-HUP160,RL,RL9,8,43.72939574434785,1.7085360980068576,right angular gyrus,in,2.22525070435433,True,1.9835434506419463,True,15.788720840365949,False,4.071800255638033,False
sub-HUP160,RL,RL10,9,49.14138191579039,1.4974442413447009,right angular gyrus,in,2.2232851291458973,True,1.9022032700010383,True,17.682082633465427,False,4.382338136303262,True
sub-HUP160,RL,RL11,10,54.755878575277194,1.6962713863217278,right angular gyrus,in,2.3821723256836873,True,2.0493313785912397,True,19.802383077533655,False,5.024582993960972,True
sub-HUP160,RL,RL12,11,61.498976965029826,0.0,right angular gyrus,in,0.5433809070166576,True,0.031456191653105814,True,22.99897696502983,False,6.498976965029824,True
sub-HUP162,LA,LA1,0,0.0,0.0,left amygdala,near,0.0,True,0.0,True,0.0,True,0.0,True
sub-HUP162,LA,LA2,1,4.663472376131534,0.22298167680284467,left amygdala,in,0.22303944896171365,True,0.9561811127397308,True,1.1794089564122334,True,0.40815456733033056,True
sub-HUP162,LA,LA3,2,8.380238370386776,0.5630426600760793,left amygdala,in,1.1173570788971259,True,2.8703743706481735,True,1.4731467365533124,True,1.7327281396138723,True
sub-HUP162,LA,LA4,3,12.247540951068212,0.9039230740444876,left amygdala,in,1.9923593571591698,True,4.638655638012766,True,1.9378720700381662,True,2.9288394472423867,True
sub-HUP162,LA,LA5,4,16.69199874864818,1.608892009886767,left amygdala,in,2.5969861718686147,True,5.958856302592045,False,3.069689179158489,True,3.7485511466205153,True
sub-HUP162,LA,LA6,5,22.157155567045763,1.7136252521565425,left amygdala,near,2.106615452176985,False,6.094851381456103,False,4.9001908381472585,False,3.376390169477754,False
sub-HUP162,LA,LA7,6,27.17352107970657,0.7681204879231367,left planum polare,in,1.1211091578098304,True,6.4112558667424135,False,6.210347755028598,False,2.9394714971065943,True
sub-HUP162,LA,LA8,7,31.260320378106,1.0950063738604405,left planum polare,in,1.7784448583111,False,7.950328032000468,False,6.829491653907612,False,3.91511123874897,False
sub-HUP162,LA,LA9,8,36.47396128288744,1.5245966912847342,"left superior temporal gyrus, anterior",in,1.7522150940205699,True,8.401065342203786,False,8.578646190465392,False,3.8708092475263434,True
sub-HUP162,LA,LA10,9,42.560569689059264,0.17702913957314753,"left middle temporal gyrus, anterior",in,0.6172028808328183,True,7.73343287947941,True,11.061618184244589,False,2.446212575983381,True
sub-HUP162,LA,LA11,10,47.21979672155574,0.0,"left middle temporal gyrus, anterior",in,0.5876504695010296,True,8.659767617877641,False,12.219796721555735,False,2.7802032784442656,True
sub-HUP162,LB,LB1,0,0.0,0.0,left amygdala,in,0.0,True,0.0,True,0.0,True,0.0,True
sub-HUP162,LB,LB2,1,4.719921180970077,1.6978527703381336,left amygdala,in,1.8253421491338593,True,2.0699101095062686,True,1.9235035285365485,True,1.7994320683091596,True
sub-HUP162,LB,LB3,2,9.272437375817956,2.1634387834132665,left amygdala,in,2.4416164793455657,True,3.0567051245884693,True,2.9575021680769917,True,2.3764891895520317,True
sub-HUP162,LB,LB4,3,14.184610347931892,1.200131471008504,left hippocampus,in,1.6204091571342443,False,2.8909945340015692,False,3.826806226843264,False,1.4801036068993085,False
sub-HUP162,LB,LB5,4,19.786312555455716,1.796936568074694,left hippocampus,near,1.8919854547891044,True,3.199541256448656,True,5.980872904537777,False,1.821063793335724,True
sub-HUP162,LB,LB6,5,24.33994582548088,2.423058884517132,"left temporal fusiform cortex, posterior",near,2.68289102305101,False,4.440175639524356,False,7.1425955534171175,False,2.545803943604566,False
sub-HUP162,LB,LB7,6,28.096610524480536,3.253822861677398,"left temporal fusiform cortex, posterior",near,4.126267909019679,False,6.494129616844276,False,7.635562283499436,False,3.8685461454981622,False
sub-HUP162,LB,LB8,7,32.12546509902466,2.8162132090673384,"left inferior temporal gyrus, posterior",near,4.505911932674048,False,7.651060493023,False,8.012982200028794,False,4.113432940532906,False
sub-HUP162,LB,LB9,8,38.510415970134396,2.2947040701841366,"left middle temporal gyrus, posterior",near,3.145491343279972,False,6.668889810830929,False,10.6911546766079,False,2.77363785392818,False
sub-HUP162,LB,LB10,9,44.243730137494275,1.2077423257158837,"left middle temporal gyrus, posterior",in,1.8796556897554126,True,6.183458933942622,True,12.7844183865108,False,1.4338043986590123,True
sub-HUP162,LB,LB11,10,49.51960725323507,7.95651227888113e-15,"left middle temporal gyrus, posterior",in,1.222107045511674,True,6.3599570861983254,True,14.519607253235074,False,0.4803927467649269,True
sub-HUP162,LC,LC1,0,0.0,0.0,left hippocampus,near,0.0,True,0.0,True,0.0,True,0.0,True
sub-HUP162,LC,LC2,1,5.975631957164689,1.4565248710410896,left hippocampus,in,1.5603739671978076,True,1.471223767447433,True,2.718519124268746,False,1.6595580490723374,True
sub-HUP162,LC,LC3,2,11.809184667606987,1.213999707791616,left hippocampus,in,1.7607182430425345,True,1.3414545312843231,True,4.899406381872727,True,2.1270805413732172,True
sub-HUP162,LC,LC4,3,17.48299853436314,1.467747434746577,left hippocampus,in,2.2567667556682176,True,1.6082505363818986,True,7.075194897401413,True,2.8314084103780917,True
sub-HUP162,LC,LC5,4,22.86228500245249,2.557272760056398,"left temporal fusiform cortex, posterior",in,3.113564596503384,False,2.5834711330679605,True,9.086106514939818,False,3.7325037442948577,False
sub-HUP162,LC,LC6,5,27.00059630628021,3.1114193656815323,"left temporal fusiform cortex, posterior",in,3.177038436795629,False,3.306542032872917,False,9.826333922533017,False,3.6049921911366454,True
sub-HUP162,LC,LC7,6,30.950241126126905,3.8246587173999047,"left temporal fusiform cortex, posterior",in,3.8883701887543136,False,4.7487548024675235,False,10.438903820970818,True,3.8905536245519503,False
sub-HUP162,LC,LC8,7,35.07526614913618,4.742287773118227,"left temporal fusiform cortex, posterior",in,5.107442867661825,False,6.443651507024471,False,11.296788511222136,True,4.748705393120902,False
sub-HUP162,LC,LC9,8,39.27737165105649,4.033762204963397,"left inferior temporal gyrus, posterior",in,4.91927346054756,False,6.929123898858825,False,11.781734886691055,False,4.1396514338611565,True
sub-HUP162,LC,LC10,9,44.18727495435196,3.5731476354873393,"left inferior temporal gyrus, temporo-occipital",in,4.716389198967175,True,7.198463120920296,True,13.041603470150006,False,3.699196960186776,True
sub-HUP162,LC,LC11,10,50.4823662758152,8.140289677804162e-15,"left inferior temporal gyrus, temporo-occipital",in,1.8743374967970508,True,5.397198063618183,True,15.482366275815206,False,0.4823662758152046,True
sub-HUP162,LD,LD1,0,0.0,0.0,left temporal pole,in,0.0,True,0.0,True,0.0,True,0.0,True
sub-HUP162,LD,LD2,1,6.120821026687266,1.0838044704513488,left temporal pole,in,1.644748722322521,True,1.168270527945014,True,2.7469489411574783,True,1.491113425361395,True
sub-HUP162,LD,LD3,2,11.958191580355985,2.576972472917174,left temporal pole,in,3.3263826523745132,True,2.6252809199533007,True,5.3401508247932625,True,3.0747141724977887,True
sub-HUP162,LD,LD4,3,16.834597824723772,3.3656122347301474,left temporal pole,in,3.985086416966753,True,3.3763557397982997,True,6.874897351963323,True,3.6826055263658106,True
sub-HUP162,LD,LD5,4,21.047618236024444,3.4850460289716017,left temporal pole,near,3.8386779951544083,False,3.83258860247544,True,7.6028796711072335,False,3.566332504029281,True
sub-HUP162,LD,LD6,5,24.00482207793699,1.942391368263679,"left temporal fusiform cortex, anterior",near,1.942410431301006,True,4.458976582238213,True,6.7132507847318506,False,2.2194887444375273,True
sub-HUP162,LD,LD7,6,28.14559215391372,1.5285654925746315,"left temporal fusiform cortex, anterior",near,1.648618755489838,True,5.634968349871728,True,7.266642565995687,False,2.4353899287692506,True
sub-HUP162,LD,LD8,7,33.36592686316751,1.3473365515307447,"left temporal fusiform cortex, posterior",in,1.358004683344689,False,5.93201833699172,True,8.940814095684537,False,2.138969732677819,True
sub-HUP162,LD,LD9,8,38.00978171262641,0.803061747127138,"left temporal fusiform cortex, posterior",in,0.8552701675861932,True,6.750293282582151,True,10.033486740189785,False,2.1540010654963213,True
sub-HUP162,LD,LD10,9,42.410662388321654,0.9636508883413639,"left temporal fusiform cortex, posterior",in,1.181015491743638,True,7.95051120847044,False,10.942228574773095,False,2.773105767320022,True
sub-HUP162,LD,LD11,10,47.1354710771245,1.7763568394002505e-15,"left temporal fusiform cortex, posterior",in,0.7339542044578896,True,8.744093262308887,False,12.135471077124501,True,2.8645289228754978,False
sub-HUP162,LE,LE1,0,0.0,0.0,"left cingulate gyrus, posterior",in,0.0,True,0.0,True,0.0,True,0.0,True
sub-HUP162,LE,LE2,1,5.424898194120428,3.601154945702034,"left cingulate gyrus, posterior",in,3.8869901063249648,True,3.9129793101936836,True,3.6440134919701785,True,3.722514166660052,True
sub-HUP162,LE,LE3,2,10.06523960987332,3.1021163963149205,"left cingulate gyrus, posterior",in,3.430738185263207,True,3.4907252180574346,True,4.031770800014171,True,3.1310567049202103,True
sub-HUP162,LE,LE4,3,15.486760342534403,2.4781869715405067,"left cingulate gyrus, posterior",in,2.7862697148965965,False,2.88478374351188,False,5.390607384338094,True,2.494772878282993,True
sub-HUP162,LE,LE5,4,20.27220067222018,2.190716071650763,"left cingulate gyrus, posterior",near,2.917952996325732,False,3.1035378230211776,False,6.53181382295655,False,2.196086060419084,True
sub-HUP162,LE,LE6,5,25.36526724865019,2.742200861052154,left cerebral white matter,white matter,3.634010797324584,True,3.8646299867419214,True,8.189361560933303,False,2.7507422367317895,True
sub-HUP162,LE,LE7,6,30.783473408677967,3.4779645123300496,left cerebral white matter,white matter,4.303825045125547,True,4.554985123129229,True,10.197780001153593,True,3.527047818763922,True
sub-HUP162,LE,LE8,7,35.76067295983513,3.378131285097093,left cerebral white matter,white matter,4.545228806809636,False,4.875095322716647,False,11.603387257368146,True,3.431134065409301,True
sub-HUP162,LE,LE9,8,40.95723389623145,1.8957185817162905,left angular gyrus,near,3.761274471647553,False,4.237950221404064,False,13.05174538972103,False,2.104266139102351,True
sub-HUP162,LE,LE10,9,46.18988561456956,0.5678179126969161,left angular gyrus,in,3.541606199356282,True,4.1442957502087525,True,14.697367985821385,False,1.3152760625714286,True
sub-HUP162,LE,LE11,10,51.66748632609114,7.53644380168212e-15,left angular gyrus,in,3.5349433664518117,True,4.2120780133422535,True,16.667486326091137,False,1.667486326091138,True
sub-HUP162,LF,LF1,0,0.0,0.0,left lingual gyrus,in,0.0,True,0.0,True,0.0,True,0.0,True
sub-HUP162,LF,LF2,1,5.556122724439925,3.7919925411322835,left temporo-occipital fusiform cortex,in,4.196945724586641,True,4.087904668833349,True,3.8332583022743916,False,3.906536517399711,False
sub-HUP162,LF,LF3,2,9.47770403244385,4.281869871218702,left temporo-occipital fusiform cortex,in,5.383984608864554,True,5.0730687155005345,True,4.522429732626766,True,4.551971090883263,True
sub-HUP162,LF,LF4,3,15.95411929287613,8.577386284692466,left temporo-occipital fusiform cortex,in,9.518410241346736,False,9.194484277214936,False,9.071228693445267,True,8.715914285734378,False
sub-HUP162,LF,LF5,4,19.91800467308395,9.283421122991175,"left inferior temporal gyrus, temporo-occipital",in,10.954861998171015,False,10.418754412805734,False,9.96508261558588,False,9.58308021525093,False
sub-HUP162,LF,LF6,5,23.74888230400381,6.9160582072629655,"left inferior temporal gyrus, temporo-occipital",near,9.545044531213629,False,8.665031883717472,False,8.66461025246665,False,7.282331614484326,False
sub-HUP162,LF,LF7,6,30.177292446571904,4.463136381938195,"left middle temporal gyrus, posterior",near,6.938204808828634,True,5.786105761858356,False,9.907629871935562,False,4.465812333318248,True
sub-HUP162,LF,LF8,7,39.013741739755915,1.6421370495378773,"left middle temporal gyrus, posterior",in,2.6172786881521604,False,1.6478028092214034,False,14.571989573164997,False,4.3046929141374255,True
sub-HUP162,LF,LF9,8,44.95149689069709,2.637682422418981,"left middle temporal gyrus, temporo-occipital",in,3.3118504527559334,False,2.643180227821592,False,17.078954419563157,False,5.541990649475371,False
sub-HUP162,LF,LF10,9,50.106396286901536,7.95651227888113e-15,"left superior temporal gyrus, posterior",near,2.629989072994402,True,0.18521161858851984,True,18.606396286901532,False,5.106396286901532,False
sub-HUP162,LG,LG1,0,0.0,0.0,left insular cortex,in,0.0,True,0.0,True,0.0,True,0.0,True
sub-HUP162,LG,LG2,1,5.219762004321927,0.7368192025991117,left insular cortex,in,1.0878082300580485,True,0.8483452610221605,True,1.823031755290272,True,0.7556172181618576,True
sub-HUP162,LG,LG3,2,12.191671514382978,1.9676071534312973,left insular cortex,in,1.9699636375500948,True,2.1457174976648976,True,5.4028674269453685,True,2.8284069566661056,True
sub-HUP162,LG,LG4,3,16.660042443014163,4.279785268864847,left insular cortex,in,4.643810986742063,True,4.330823207754155,True,7.048911591139831,True,4.419122466022834,True
sub-HUP162,LG,LG5,4,20.79845352235658,4.8721064211353,left insular cortex,in,6.088462296580189,False,5.31819258425899,True,7.900803635391379,True,4.877059624774735,True
sub-HUP162,LG,LG6,5,25.758317923799286,4.675021944689971,left insular cortex,in,6.49465026628721,False,5.353885765309225,False,9.119914091513202,True,4.686690937038806,False
sub-HUP162,LG,LG7,6,32.099426896737405,5.0791248352496,left central operculum,near,6.5346868099777415,False,5.39965603707669,True,11.839824156596583,False,5.354500634237032,True
sub-HUP162,LG,LG8,7,39.44232663836284,6.237368376215473,left precentral gyrus,near,6.848655929927655,False,6.2396758206769904,True,15.735063337776495,False,7.380774160870903,True
sub-HUP162,LG,LG9,8,46.46885266169315,5.961331527609067,left precentral gyrus,near,6.187389294752436,False,6.119255240374701,False,19.042074604081563,False,8.518410726954373,False
sub-HUP162,LG,LG10,9,51.00106390628104,2.1815764507989055,left precentral gyrus,near,3.5145209928248087,False,2.2800324331792168,False,19.57632066296307,False,6.341448102690955,False
sub-HUP162,LG,LG11,10,54.22117967995309,7.327471962526033e-15,left precentral gyrus,in,5.456429182630737,True,1.6583846594802898,True,19.221179679953096,False,4.221179679953096,True
sub-HUP162,LH,LH1,0,0.0,0.0,left insular cortex,near,0.0,True,0.0,True,0.0,True,0.0,True
sub-HUP162,LH,LH2,1,4.816229286193329,1.4256248732253174,left insular cortex,in,1.4610999409945273,True,1.7342660381355695,True,1.8009112138819803,True,1.4805702758107246,True
sub-HUP162,LH,LH3,2,9.465611235469046,2.44949110774629,left insular cortex,in,2.5468999681700466,True,3.183080070635305,True,3.254725587913335,True,2.5950226627984967,True
sub-HUP162,LH,LH4,3,14.559561153991321,2.6843047275766807,left frontal operculum,in,2.721969831281784,False,3.6369078364333984,False,4.660620841468048,False,2.7715751913416637,False
sub-HUP162,LH,LH5,4,20.536764720965653,1.4568839116339696,left frontal operculum,in,1.663715042616784,False,2.368007751467816,True,6.6466565009199154,False,1.5354994905944825,False
sub-HUP162,LH,LH6,5,26.78145008367913,0.7519535620055237,left frontal operculum,in,2.2955058958287795,True,1.389870295525049,True,9.301336694598094,False,1.9239259455966526,True
sub-HUP162,LH,LH7,6,31.38739917770337,1.8141254523133121,left frontal operculum,near,2.5643975241304604,False,2.8459559160737538,True,10.492940901994647,False,2.252351352508886,False
sub-HUP162,LH,LH8,7,36.716193235769225,2.4959393054777887,left cerebral white matter,white matter,3.3194600492151283,False,3.5216666025685037,True,12.385360587276832,False,2.9817308393823385,False
sub-HUP162,LH,LH9,8,40.94115145667005,2.1750296682432113,left cerebral white matter,white matter,2.653557483323211,True,4.39608547826187,True,13.065645404976776,False,2.347559544107717,True
sub-HUP162,LH,LH10,9,44.487032830181,0.9472958062982111,left cerebral white matter,white matter,0.966811014994174,True,5.891320993380268,False,13.011475528611662,False,1.082106689735607,True
sub-HUP162,LH,LH11,10,47.48830060124367,0.0,left middle frontal gyrus,near,1.7157811928284425,True,8.391263738189705,False,12.488300601243676,False,2.5116993987563228,True
sub-HUP162,LI,LI1,0,0.0,0.0,left frontal orbital cortex,in,0.0,True,0.0,True,0.0,True,0.0,True
sub-HUP162,LI,LI2,1,3.7164849431911544,0.7927890334471598,left frontal orbital cortex,in,2.373357055294384,True,2.111496311247428,True,0.8035300106194292,True,1.5820341237407398,True
sub-HUP162,LI,LI3,2,9.608016703903118,1.551002221725088,left frontal orbital cortex,near,2.7360333583811784,True,2.296723581845784,True,2.9267637056607625,False,1.635215273739086,True
sub-HUP162,LI,LI4,3,13.837025180340246,1.7435858598801124,left cerebral white matter,white matter,4.251199535755827,False,3.5020414080166087,False,3.6676820618235793,False,2.1590050467126467,False
sub-HUP162,LI,LI5,4,18.881728701409816,1.5956278847622598,left cerebral white matter,white matter,4.923442289425262,True,3.880839187463737,True,5.071728443744504,False,1.9880089756171673,True
sub-HUP162,LI,LI6,5,25.248770424713257,1.2901504439432157,left cerebral white matter,white matter,4.321175245242601,True,3.014073195882803,True,7.822906043194231,False,1.308071957764229,True
sub-HUP162,LI,LI7,6,30.28585406583768,1.2689027731085856,left cerebral white matter,white matter,5.108679338371915,True,3.5061465696045344,True,9.345802164862823,True,1.2951178410750586,True
sub-HUP162,LI,LI8,7,36.686204962144075,0.6821845016003172,left cerebral white matter,white matter,4.44857487436299,True,2.529557163621364,True,12.19895111144041,True,1.8130943801688144,True
sub-HUP162,LI,LI9,8,42.54247973991537,1.1426417967097036,left cerebral white matter,white matter,4.562075121327808,False,2.4582244588977487,True,14.572000310686866,True,2.7734502309076676,True
sub-HUP162,LI,LI10,9,48.382653821408496,1.5056883823968727,left frontal pole,near,4.700243011729731,True,2.449739404083454,True,16.926321916021653,False,3.6812296788900447,False
sub-HUP162,LI,LI11,10,54.68844536052833,7.944109290391274e-15,left frontal pole,near,3.991296502592999,False,1.191118978905065,True,19.68844536052832,False,4.6884453605283225,True
sub-HUP162,LJ,LJ1,0,0.0,0.0,"right cingulate gyrus, anterior",in,0.0,True,0.0,True,0.0,True,0.0,True
sub-HUP162,LJ,LJ2,1,4.707029562418494,0.9095719047527426,"left cingulate gyrus, anterior",in,1.4593339589980248,True,1.3294853397269681,True,1.441507164642004,True,0.9864110381071497,True
sub-HUP162,LJ,LJ3,2,9.14181494403231,1.5761660155201542,"left cingulate gyrus, anterior",in,2.9673278977725075,False,2.682822055926163,True,2.5502902918025114,True,1.8639997053886979,True
sub-HUP162,LJ,LJ4,3,14.335018779022711,3.209911954054265,"left cingulate gyrus, anterior",near,4.609036059867099,False,4.254829749661791,False,4.727734347442083,False,3.3708080933431677,False
sub-HUP162,LJ,LJ5,4,19.62061853644245,3.298707049773581,left cerebral white matter,white matter,4.954505663324035,True,4.46592972162285,True,6.277843406169466,False,3.3638235699039005,True
sub-HUP162,LJ,LJ6,5,25.484547865890615,2.5942525392207485,left cerebral white matter,white matter,4.3128741536541915,True,3.664141508275322,True,8.269617172288632,False,2.6180456717477636,True
sub-HUP162,LJ,LJ7,6,31.422398646336777,3.366136779789345,left frontal orbital cortex,near,4.724756336582673,False,4.0690788204611605,False,10.780575945223678,False,3.587812047940571,False
sub-HUP162,LJ,LJ8,7,37.412757444560704,4.125606184633914,left frontal orbital cortex,near,5.179763972329204,False,4.5551937339835975,False,13.338645742349279,False,4.668304121295426,False
sub-HUP162,LJ,LJ9,8,43.47138379606172,3.9272689441406228,"left inferior frontal gyrus, pars triangularis",near,4.813059854704611,False,4.172723625406595,False,15.789817513416855,False,5.125562598201327,False
sub-HUP162,LJ,LJ10,9,49.859017504581665,2.7696796067748424,"left inferior frontal gyrus, pars triangularis",in,3.44793611725074,False,2.8161666966687604,False,18.4906393223133,False,5.526204405405255,False
sub-HUP162,LJ,LJ11,10,54.62264160672814,7.160723346098895e-15,left frontal pole,in,2.9724663139277814,False,1.2569227327052521,True,19.622641606728138,False,4.622641606728137,True
sub-HUP162,RA,RA1,0,0.0,0.0,right amygdala,in,0.0,True,0.0,True,0.0,True,0.0,True
sub-HUP162,RA,RA2,1,4.664460884088405,0.29241456770705493,right amygdala,in,0.4131442504805736,True,0.9774354984883417,True,1.1917182335953633,True,0.4520331001256009,True
sub-HUP162,RA,RA3,2,8.795584249305794,1.0033320403094275,right amygdala,in,1.5307806500462124,True,2.636145307488091,True,2.00696600613278,True,1.6121068130961496,True
sub-HUP162,RA,RA4,3,13.317864432486434,1.5615463719534863,right amygdala,in,2.246789055265468,True,3.867162215578086,True,3.141576853546153,True,2.363366610249869,True
sub-HUP162,RA,RA5,4,18.333047756495496,1.836557297131074,right amygdala,near,2.401769042503712,True,4.502584769596546,False,4.621421809217232,False,2.5431553871197288,True
sub-HUP162,RA,RA6,5,23.805767929316065,1.9230061747363507,right planum polare,near,2.1710653890617118,True,4.630043350817622,True,6.518096531684581,False,2.3056472239830543,True
sub-HUP162,RA,RA7,6,27.83174365036779,1.647027788851984,right planum polare,near,2.5144271140082926,True,5.976211305834327,False,6.980067446484303,False,2.761871821669779,True
sub-HUP162,RA,RA8,7,32.67847108165175,2.105665527007056,"right middle temporal gyrus, anterior",near,2.917539882708603,False,6.837441399997642,False,8.379440085702685,False,3.184846818378759,False
sub-HUP162,RA,RA9,8,37.77390675464605,0.8096457931796589,"right middle temporal gyrus, anterior",in,1.9845996800473102,True,6.985501820546904,True,9.798735609131215,False,2.376915794243677,True
sub-HUP162,RA,RA10,9,44.01006614192648,1.4299639537080144,"right middle temporal gyrus, anterior",in,1.5276394610145854,True,6.464907890863107,True,12.568440445141684,False,1.7525160191035365,True
sub-HUP162,RA,RA11,10,50.43274518404436,1.434896150467636e-14,"right middle temporal gyrus, anterior",in,0.9612900609068126,True,5.446819155389018,False,15.432745184044357,False,0.4327451840443564,True
sub-HUP162,RB,RB1,0,0.0,0.0,right amygdala,in,0.0,True,0.0,True,0.0,True,0.0,True
sub-HUP162,RB,RB2,1,5.047470908726605,1.3726824251931469,right amygdala,in,1.4896034059837564,False,1.5550610318315403,False,1.9303721230998374,False,1.380086830243744,False
sub-HUP162,RB,RB3,2,10.406050700881215,1.289796254938913,right hippocampus,in,1.4004689629339313,True,1.544749874644581,True,3.567152246660112,True,1.330310272111179,True
sub-HUP162,RB,RB4,3,16.032567937113104,4.259587723651714,right hippocampus,in,4.343731353951608,True,4.455744736812806,True,6.535259636989791,True,4.2839648066821425,True
sub-HUP162,RB,RB5,4,21.23253130251,4.523555572533387,right hippocampus,in,4.632307837534533,True,4.800440257452056,True,8.121483374071987,True,4.584504419658469,True
sub-HUP162,RB,RB6,5,25.198886466931018,4.811218869440587,right hippocampus,in,5.396084140641839,True,5.780692453274608,True,8.688940184823187,True,4.818493804892537,True
sub-HUP162,RB,RB7,6,30.884156002655864,4.449324909652494,right hippocampus,near,4.899885189847521,False,5.347169190353137,False,10.54646608539323,False,4.484675381059102,True
sub-HUP162,RB,RB8,7,35.62530744653487,4.384606300521366,"right temporal fusiform cortex, posterior",near,5.146976016797711,True,5.77682181801092,False,11.706581423393883,False,4.398910485971156,True
sub-HUP162,RB,RB9,8,39.59533530329296,2.5751717582441698,"right temporal fusiform cortex, posterior",near,4.735708589419949,False,5.795678493580523,False,11.796027672285893,False,2.6210945127329484,False
sub-HUP162,RB,RB10,9,44.82682324643408,1.3015304889594463,"right inferior temporal gyrus, temporo-occipital",near,4.314645687542272,False,5.636023861561961,False,13.371418658086283,False,1.3156270746601362,False
sub-HUP162,RB,RB11,10,50.163007506838696,1.0087767680389479e-14,"right inferior temporal gyrus, temporo-occipital",in,4.1943069097447125,True,5.716556832594699,True,15.163007506838696,False,0.1630075068386934,True
sub-HUP162,RC,RC1,0,0.0,0.0,right thalamus,in,0.0,True,0.0,True,0.0,True,0.0,True
sub-HUP162,RC,RC2,1,5.563573458598249,0.3026243737292778,right lingual gyrus,near,0.6235032527894115,False,0.3043773074732315,False,2.077496402109561,False,0.6324401857798644,False
sub-HUP162,RC,RC3,2,10.560947289467448,0.081383122598941,right lingual gyrus,in,0.5463302749393445,False,0.6206380990776221,False,3.5615636533555546,False,0.5665098178829063,False
sub-HUP162,RC,RC4,3,16.6692735289561,1.0784421444395489,right lingual gyrus,in,1.932630458014302,True,1.0861916850829874,True,6.228427015861303,True,1.9580964141460016,True
sub-HUP162,RC,RC5,4,21.942637328219302,2.3630059636248584,right lingual gyrus,in,2.9549444314113007,True,2.4232100199886757,True,8.16446518405139,True,2.9796193108368656,True
sub-HUP162,RC,RC6,5,27.592516580881718,2.6214394598488164,right lingual gyrus,in,3.5654506646111876,False,2.6636062233657634,False,10.30665626939532,True,3.600212707127973,False
sub-HUP162,RC,RC7,6,31.799344427778365,2.2587872673480938,right lingual gyrus,near,2.8018734509500383,True,2.8937148088616036,False,10.954428096936212,False,2.8385114610105684,True
sub-HUP162,RC,RC8,7,35.56316027883427,0.6779456453505995,right occipital fusiform gyrus,near,0.8337431780946007,False,3.622992079392941,False,11.077462553558098,False,0.8772244541452319,False
sub-HUP162,RC,RC9,8,39.387612856335124,0.8154257191125369,right cerebral white matter,white matter,1.0762525698006675,True,5.3865581642996085,False,11.40835032660121,False,1.0248646031139454,True
sub-HUP162,RC,RC10,9,43.852996431154146,0.0,"right lateral occipital cortex, inferior",near,1.2387990246378338,True,6.4386114743359,False,12.35299643115415,False,1.14700356884585,True
sub-HUP162,RD,RD1,0,0.0,0.0,"left cingulate gyrus, anterior",near,0.0,True,0.0,True,0.0,True,0.0,True
sub-HUP162,RD,RD2,1,4.156270106603242,0.7858948097496415,"right cingulate gyrus, anterior",near,1.5668559486019482,True,1.6993134187873427,True,0.9775131294770498,False,1.2089886910654448,True
sub-HUP162,RD,RD3,2,9.40413890358234,1.949332159053295,"right cingulate gyrus, anterior",near,2.5692851635772582,True,2.7757109997346765,True,2.939285884358861,True,2.107148701319258,True
sub-HUP162,RD,RD4,3,15.231830501385389,3.612393855461883,"right cingulate gyrus, anterior",near,3.916499450630722,False,4.1130150333658895,False,5.61390591425446,True,3.6180779205107,False
sub-HUP162,RD,RD5,4,20.949777469713332,3.649516761610893,right cerebral white matter,white matter,3.8168522392174307,False,4.035536035172452,False,7.567600587613038,False,3.703401109499339,False
sub-HUP162,RD,RD6,5,26.523763132950688,3.627976475276442,right cerebral white matter,white matter,3.7402514427828226,True,3.9919264057592865,True,9.494922063029946,False,3.845320303053099,True
sub-HUP162,RD,RD7,6,31.95159516714186,3.012002317574544,right cerebral white matter,white matter,3.1194065666496376,False,3.467729931604613,False,11.221112488231993,False,3.513654051610467,True
sub-HUP162,RD,RD8,7,37.92429069244845,3.687123305366462,right frontal operculum,near,3.7003839068167492,True,3.9337898987043345,True,13.74827444880673,False,4.596505343676479,True
sub-HUP162,RD,RD9,8,42.71298144914195,3.143276774945772,right middle frontal gyrus,near,3.268830673458496,True,3.783842985909607,True,14.931760085399775,False,4.077433360323395,False
sub-HUP162,RD,RD10,9,47.029003093700595,1.1048195314457947,right middle frontal gyrus,near,2.211021221823434,False,3.4568882835791985,False,15.555308568545941,False,2.2989081465801,True
sub-HUP162,RD,RD11,10,52.04613939938568,0.0,"right inferior frontal gyrus, pars opercularis",near,2.3218864904622234,False,3.8334249400477,False,17.046139399385684,False,2.046139399385688,True
sub-HUP162,RE,RE1,0,0.0,0.0,right insular cortex,near,0.0,True,0.0,True,0.0,True,0.0,True
sub-HUP162,RE,RE2,1,5.05722429697186,0.5297642381120523,right insular cortex,near,0.8469581893515303,True,0.7698279649451395,True,1.618553503954528,True,0.530579424778398,True
sub-HUP162,RE,RE3,2,10.206888058571973,1.5053601290618612,right insular cortex,near,1.9793419735026596,True,1.853078639369796,True,3.4419179032612304,True,1.5083717336085314,True
sub-HUP162,RE,RE4,3,16.179844268586848,1.70800955430544,right insular cortex,in,1.9698005354445227,True,1.836342063584392,True,5.844581313777829,False,2.0258763770788017,False
sub-HUP162,RE,RE5,4,21.688859348623453,2.4839335598358656,right insular cortex,in,2.765054768865294,True,2.611328216568697,True,7.944453770456068,False,2.9258355967880294,True
sub-HUP162,RE,RE6,5,27.770978054328772,1.5393737835669767,right central operculum,near,1.7006377330259854,True,1.5538354218557147,True,10.343471258516201,False,3.132600710397406,True
sub-HUP162,RE,RE7,6,31.647131242741565,2.1579186511065993,right cerebral white matter,white matter,3.354186558649971,False,2.9113159243741777,False,10.791430840568815,False,2.6706619880757674,True
sub-HUP162,RE,RE8,7,35.84565435014028,1.3395926214717115,"right inferior frontal gyrus, pars opercularis",near,4.228742008645753,False,3.556973959801539,False,11.399597466108236,False,1.5709604216084045,True
sub-HUP162,RE,RE9,8,41.620885905179456,2.044477842401765,right middle frontal gyrus,in,4.448761801643194,False,3.7410746698900588,False,13.723782518865082,False,2.578139851442473,False
sub-HUP162,RE,RE10,9,47.61541816101333,2.169570256778722,right middle frontal gyrus,near,4.242726450077817,True,3.483699929280001,True,16.211793900447454,False,3.3602396760047943,True
sub-HUP162,RE,RE11,10,55.04642224914147,3.66205343881779e-15,right middle frontal gyrus,near,1.855818299331199,False,0.8331420902919158,False,20.04642224914147,False,5.046422249141471,True
sub-HUP162,RF,RF1,0,0.0,0.0,right frontal orbital cortex,in,0.0,True,0.0,True,0.0,True,0.0,True
sub-HUP162,RF,RF2,1,5.24698898129953,1.097873199068813,right frontal orbital cortex,in,1.1106788589282037,False,1.1892336424735692,False,1.9659552759754306,True,1.1056427582258073,False
sub-HUP162,RF,RF3,2,10.958647410603561,1.5018914634192904,right frontal orbital cortex,near,1.5237564279778057,True,1.5357434307084084,True,4.137459063872537,True,1.7283276740589286,True
sub-HUP162,RF,RF4,3,16.257539389596378,3.4404192935940916,right cerebral white matter,white matter,3.4404279377517732,False,3.5498292510337386,False,6.39386131884744,False,3.5535066108544133,False
sub-HUP162,RF,RF5,4,21.56940363113334,5.208074878908028,right cerebral white matter,white matter,5.214805790415913,True,5.398353612244807,True,8.669808298537669,False,5.290668879204516,False
sub-HUP162,RF,RF6,5,26.60287549435776,6.093283542138692,right cerebral white matter,white matter,6.122697385552977,True,6.427018402792391,True,10.373770060865757,False,6.158757980681367,True
sub-HUP162,RF,RF7,6,31.2599913675526,4.956601510358008,right cerebral white matter,white matter,5.043015578411553,True,5.6267737598008125,True,11.039784171798914,True,5.03143212643746,True
sub-HUP162,RF,RF8,7,35.45499564954821,3.1137941621070118,right cerebral white matter,white matter,3.5842393965399633,True,4.911029907804129,True,11.257211059821843,True,3.129989934381453,True
sub-HUP162,RF,RF9,8,40.833319532488716,1.64987334830258,right frontal pole,near,2.292829143848515,True,4.2380157634871845,True,12.905867807418558,False,1.8335869023253666,False
sub-HUP162,RF,RF10,9,46.01815495515185,1.6977056151245928,right frontal pole,near,2.4056043549244635,True,4.627454098151557,True,14.58596585139003,False,1.963678827029228,True
sub-HUP162,RF,RF11,10,52.206522224593336,0.0,right frontal pole,in,0.7836495431387285,True,3.6730421148400443,True,17.206522224593343,False,2.2065222245933347,False
sub-HUP163,LA,LA1,0,0.0,0.0,"left parahippocampal gyrus, anterior",in,0.0,True,0.0,True,0.0,True,0.0,True
sub-HUP163,LA,LA2,1,5.181003936209749,0.590452029470735,left amygdala,in,0.8527173605766196,True,0.7367882944076688,True,1.7498747273382538,True,0.608535742900062,True
sub-HUP163,LA,LA3,2,10.979202455261241,0.5037084991167486,left amygdala,in,0.7511965683226108,True,0.545068009019586,True,3.9994878240202816,True,1.0908953651553106,True
sub-HUP163,LA,LA4,3,16.281879254854438,0.8973317769753314,left amygdala,in,1.3662553434957463,False,1.0305268310848137,False,5.826644813888224,True,1.5445351433419099,True
sub-HUP163,LA,LA5,4,22.93866956554,0.34079496241610335,left cerebral white matter,white matter,0.3592707484731955,True,0.6764331988529785,False,8.94263390592052,False,2.9558495864036916,False
sub-HUP163,LA,LA6,5,28.16715329660848,1.400124361104122,left planum polare,near,1.5565180566563916,False,1.4133025728119697,True,10.724125116654251,False,3.4310144412532786,True
sub-HUP163,LA,LA7,6,33.85285352265305,1.5406943035825835,left cerebral white matter,white matter,1.7166318720647005,False,1.5677565018664033,False,12.910039217708126,False,4.11693455912823,True
sub-HUP163,LA,LA8,7,39.93272581151309,2.2898497446336745,"left middle temporal gyrus, posterior",near,2.337636668203449,True,2.4099583144030654,True,15.53668803635723,False,5.378780785621644,False
sub-HUP163,LA,LA9,8,46.147753218765686,1.4848300944314492,"left middle temporal gyrus, posterior",in,1.4850260827728583,True,2.054680265487037,True,18.18458138827264,False,6.3012994266128715,False
sub-HUP163,LA,LA10,9,52.599705102805395,1.0137114941895393,"left middle temporal gyrus, posterior",in,1.2478823235779173,True,2.5119559930283555,True,21.114284511787815,False,7.657332375302151,True
sub-HUP163,LA,LA11,10,58.290908707987526,0.7770604563595908,"left middle temporal gyrus, posterior",near,1.020208861659297,True,2.5285275831897516,False,23.298690993376574,False,8.32208684370915,False
sub-HUP163,LA,LA12,11,63.646969042260345,0.0,,outside the brain,0.2598354150079064,True,2.179448268883624,True,25.146969042260345,False,8.646969042260345,False
sub-HUP163,LB,LB1,0,0.0,0.0,"left parahippocampal gyrus, anterior",in,0.0,True,0.0,True,0.0,True,0.0,True
sub-HUP163,LB,LB2,1,5.30018212330736,0.9287703303496537,left hippocampus,in,0.942301557091577,True,0.9996774745413829,True,1.9531329764188212,True,0.9540509581378056,True
sub-HUP163,LB,LB3,2,11.014301571818683,1.0666846022135985,"left parahippocampal gyrus, anterior",in,1.0867660112921103,False,1.0878184984340211,False,4.1035893128023435,False,1.4367590083514648,False
sub-HUP163,LB,LB4,3,16.80404705443003,1.5925378116690252,"left parahippocampal gyrus, anterior",in,1.7006025635041113,True,1.592932449974741,True,6.428787781455347,False,2.350231938931,True
sub-HUP163,LB,LB5,4,21.37696615983957,1.9375047679222586,"left temporal fusiform cortex, posterior",in,1.9499741105009292,True,2.2098781388952333,True,7.542094159253121,False,2.3271010928259472,True
sub-HUP163,LB,LB6,5,27.74148229859279,1.0342404733444142,"left temporal fusiform cortex, posterior",in,1.3297160843804827,True,1.056880701745536,True,10.274383562263377,False,2.912045316456343,True
sub-HUP163,LB,LB7,6,31.520324367787225,0.4767142912708276,"left temporal fusiform cortex, posterior",in,0.8861580506849769,True,2.0667499585782156,True,10.527518231561581,True,1.5898722503508917,True
sub-HUP163,LB,LB8,7,36.15153719553237,0.4191198156458483,"left temporal fusiform cortex, posterior",in,1.5496600429695466,False,2.996047805478865,False,11.656644854554713,True,1.2231556291756467,True
sub-HUP163,LB,LB9,8,41.51981709359152,0.38668979653090774,"left inferior temporal gyrus, posterior",in,1.5493176816502932,True,3.2090185511042053,True,13.523545959311477,False,1.5664937499403693,True
sub-HUP163,LB,LB10,9,47.0602216068648,0.8755599160711083,"left inferior temporal gyrus, posterior",in,1.603631420696605,True,3.355767031047204,True,15.576702858955208,False,2.231058253070612,True
sub-HUP163,LB,LB11,10,53.80049318182137,0.7291940518968504,"left inferior temporal gyrus, temporo-occipital",in,0.7295464902264055,True,2.207902669674735,True,18.809690951056876,False,3.864962334340334,False
sub-HUP163,LB,LB12,11,58.915104214301635,0.0,"left inferior temporal gyrus, temporo-occipital",in,0.23506070528870845,True,2.5524165590750854,True,20.41510421430164,False,3.9151042143016315,True
sub-HUP163,LC,LC1,0,0.0,0.0,"left parahippocampal gyrus, posterior",near,0.0,True,0.0,True,0.0,True,0.0,True
sub-HUP163,LC,LC2,1,5.437791745673151,0.8497068834807247,"left parahippocampal gyrus, posterior",in,0.8523284094408251,True,0.8769689024986367,True,2.054901601382815,True,0.92716686013464,True
sub-HUP163,LC,LC3,2,10.513178025779252,2.141595084460995,"left temporal fusiform cortex, posterior",in,2.219490219538312,True,2.31655455852771,True,3.9279207897985864,False,2.161510077440453,False
sub-HUP163,LC,LC4,3,16.4915576520045,2.4256866399343346,"left temporal fusiform cortex, posterior",in,2.4256869298658748,True,2.467381313204995,True,6.298055219520671,True,2.757860819888997,True
sub-HUP163,LC,LC5,4,22.01001975459352,2.024333258461813,left temporo-occipital fusiform cortex,in,2.0310923619394194,True,2.070563601520276,True,8.17144636068383,False,2.7877909191569987,False
sub-HUP163,LC,LC6,5,27.876867298322843,4.039105538007989,left temporo-occipital fusiform cortex,in,4.058251592300667,True,4.0548589366512635,True,10.86163980463236,False,4.794237632688935,True
sub-HUP163,LC,LC7,6,32.93389398894644,5.076742713780831,left temporo-occipital fusiform cortex,in,5.077479533964737,False,5.171889853880314,False,12.607567284459124,True,5.67681259279679,True
sub-HUP163,LC,LC8,7,37.98004146816178,3.4561566685845193,left temporo-occipital fusiform cortex,in,3.4646244234163213,False,3.690186181175075,False,13.763465304069966,True,4.46220832569823,False
sub-HUP163,LC,LC9,8,43.16145652127881,1.6143336615361894,"left inferior temporal gyrus, temporo-occipital",in,1.6564334958715572,True,2.253552808807072,True,15.217128028093441,False,3.5229019514994038,True
sub-HUP163,LC,LC10,9,48.373283507331756,1.5369669490716293,"left lateral occipital cortex, inferior",in,1.6467732747948907,True,2.4772032130708173,True,16.91881674244304,False,3.684716073605841,False
sub-HUP163,LC,LC11,10,53.443396624748665,0.7648634038317991,"left lateral occipital cortex, inferior",near,1.2118603015334732,True,2.5586378991708827,True,18.453780772330457,False,3.5219783312739033,False
sub-HUP163,LC,LC12,11,57.55604636057933,0.0,"left lateral occipital cortex, inferior",near,2.259662841825329,False,3.91147441279739,False,19.056046360579327,False,2.5560463605793227,True
sub-HUP163,LD,LD1,0,0.0,0.0,left lingual gyrus,in,0.0,True,0.0,True,0.0,True,0.0,True
sub-HUP163,LD,LD2,1,5.386578732651143,3.890661005444066,left temporo-occipital fusiform cortex,in,4.230488544039727,False,4.313544760811954,False,3.897179858317339,False,4.094149434630463,False
sub-HUP163,LD,LD3,2,9.666117227677184,5.078129141225154,left temporo-occipital fusiform cortex,in,5.681707735642235,True,5.87339668864539,True,5.223733851310323,False,5.3794913024993205,True
sub-HUP163,LD,LD4,3,13.16006308824181,5.378500130645548,left temporo-occipital fusiform cortex,in,6.792793659685594,False,7.177747418410566,False,5.586657325071936,True,6.153345422477639,False
sub-HUP163,LD,LD5,4,19.96427558591554,6.966960225036779,"left lateral occipital cortex, inferior",near,7.522487389524632,False,7.861764105964207,False,8.409221057804865,False,7.085529408380135,False
sub-HUP163,LD,LD6,5,24.573667024610568,6.123654915744342,"left lateral occipital cortex, inferior",in,6.879238400213299,False,7.392552134879104,False,8.784620246895981,False,6.240423471350204,False
sub-HUP163,LD,LD7,6,28.977528511538164,2.9474393190245394,"left lateral occipital cortex, inferior",in,4.569801567192338,False,5.548160652651471,False,8.363795965322204,False,3.172186122813154,False
sub-HUP163,LD,LD8,7,34.52086751038804,3.552713678800501e-15,"left middle temporal gyrus, temporo-occipital",in,3.1851836181699666,True,4.594827527215335,True,10.020867510388033,False,0.4791324896119654,True
sub-HUP163,LE,LE1,0,0.0,0.0,left planum polare,near,0.0,True,0.0,True,0.0,True,0.0,True
sub-HUP163,LE,LE2,1,6.029207537455539,1.728479336171394,left insular cortex,near,1.835501683320785,False,1.738692301397432,False,2.858044509658991,False,1.8947353227443875,False
sub-HUP163,LE,LE3,2,12.089454011787648,2.40768868222384,left insular cortex,in,2.8528038992769567,True,2.499538435302204,True,5.412304798279147,True,3.0346978523491908,True
sub-HUP163,LE,LE4,3,16.957699367978332,2.1838817741342154,left insular cortex,in,2.562674278167333,True,2.184515553703837,True,6.683363306130336,True,2.840592172998343,True
sub-HUP163,LE,LE5,4,21.602841810000232,2.780794053420717,left insular cortex,in,2.890553171445236,True,2.9317767239818453,True,7.92688383612381,True,3.1237923543193373,True
sub-HUP163,LE,LE6,5,26.951613309748513,4.878244317113034,left insular cortex,in,4.930187297622122,True,5.0844559651634516,True,10.242729685948463,True,5.1055534777542535,True
sub-HUP163,LE,LE7,6,31.3672278244956,5.039519802310295,left insular cortex,in,5.039527035811042,False,5.656086711493214,False,11.162141933823083,True,5.130095812620782,False
sub-HUP163,LE,LE8,7,36.389165383416774,4.966816951004278,left frontal operculum,near,4.967193260473939,True,5.8374907238002365,True,12.571380221922475,False,5.076302576488718,False
sub-HUP163,LE,LE9,8,41.99578343426148,4.161712271141364,left cerebral white matter,white matter,4.194170006716871,False,5.080813092216787,False,14.403408291356733,False,4.529967286275228,False
sub-HUP163,LE,LE10,9,46.516214271083065,2.462672412163539,"left inferior frontal gyrus, pars opercularis",near,2.462790912043228,False,4.562366389152582,False,15.152442823713308,False,2.8583378016671075,True
sub-HUP163,LE,LE11,10,51.22111273331672,0.7798095570862531,left middle frontal gyrus,in,0.86321220150802,True,4.729124488888034,True,16.233916545786666,False,1.4438685752539029,True
sub-HUP163,LE,LE12,11,57.43261036288308,0.0,left middle frontal gyrus,in,0.6887196948526273,True,4.034910410493634,True,18.932610362883086,False,2.4326103628830813,True
sub-HUP163,LF,LF1,0,0.0,0.0,left planum polare,in,0.0,True,0.0,True,0.0,True,0.0,True
sub-HUP163,LF,LF2,1,6.054380772180388,0.5697448297002319,left insular cortex,in,0.5781748861427997,True,0.7195967387974065,True,2.5909328398321914,True,1.1749012239069425,True
sub-HUP163,LF,LF3,2,11.749469585007166,0.3201682749030511,left insular cortex,in,0.3395830149787567,True,0.6530613821141351,True,4.755895695702639,True,1.7742335205057511,True
sub-HUP163,LF,LF4,3,17.65767421279728,0.8143376456862709,left insular cortex,near,0.8277737339375567,True,1.1953245133093686,False,7.185182292685385,False,2.761678319307666,False
sub-HUP163,LF,LF5,4,23.656716575828764,0.8794225212906338,left insular cortex,near,0.8827177109855201,False,1.5600375921566758,False,9.680393609009391,False,3.745082238391801,False
sub-HUP163,LF,LF6,5,28.70791902352021,2.46604484408506,left insular cortex,in,2.677892792716941,False,2.553360751719701,False,11.372398465693372,False,4.365131721823181,False
sub-HUP163,LF,LF7,6,34.33035083342699,3.3449931435967235,left insular cortex,near,3.6291889759840856,False,3.4055302836390964,False,13.585246205290872,True,5.343489757842257,True
sub-HUP163,LF,LF8,7,41.100537876098734,4.179198505861206,left cerebral white matter,white matter,4.224422750823168,True,4.539276387967206,True,16.912013481670105,False,7.220005529558969,False
sub-HUP163,LF,LF9,8,46.22902816103104,3.299739318882192,left cerebral white matter,white matter,3.5547169643699603,True,3.587370656897877,True,18.40925589809647,False,6.9450690943368825,True
sub-HUP163,LF,LF10,9,52.112649310176174,3.0662637611931807,left cerebral white matter,white matter,3.3462416645805044,True,3.521006447471306,True,20.75016514694008,False,7.662607555774165,True
sub-HUP163,LF,LF11,10,57.45318806527496,1.8138812884084368,left cerebral white matter,white matter,2.602951951231322,True,2.3826745979823847,True,22.49778867155325,False,7.642909828323049,True
sub-HUP163,LF,LF12,11,64.83084909676649,1.507288760336424e-14,left superior frontal gyrus,near,0.3897071684175261,True,3.3633283233897666,False,26.33084909676649,False,9.83084909676649,False
sub-HUP163,LG,LG1,0,0.0,0.0,left frontal pole,in,0.0,True,0.0,True,0.0,True,0.0,True
sub-HUP163,LG,LG2,1,6.197324945427845,1.093999735319155,left frontal pole,in,1.130047660461421,True,1.207900709188241,True,2.8207863924756498,True,1.5513979540167246,True
sub-HUP163,LG,LG3,2,12.10888376660748,1.9346772838029793,left frontal pole,in,1.9609017115729241,False,2.0850307086293154,True,5.317748666493553,True,2.749267709780939,True
sub-HUP163,LG,LG4,3,17.660801934637007,2.183033559695824,left frontal pole,near,2.1843147499738387,True,2.312034951918313,True,7.356720548004078,False,3.3381260202784317,True
sub-HUP163,LG,LG5,4,22.211474210561928,2.7570751737269115,left frontal pole,near,3.018071237099944,False,2.7746872925586263,False,8.499302754617167,True,3.429550435491442,True
sub-HUP163,LG,LG6,5,26.38833311452033,3.4915574255248574,left paracingulate gyrus,near,4.556734098130657,True,3.9206766543319596,True,9.33396347431118,False,3.678050098879674,True
sub-HUP163,LG,LG7,6,30.660857353583054,3.1726901649716504,left paracingulate gyrus,near,5.4285068158446474,False,4.388142195642154,False,10.012243591859383,True,3.2112680285205664,True
sub-HUP163,LG,LG8,7,35.285295117836405,2.175793116516236,left paracingulate gyrus,near,5.914568585703425,False,4.4637367275714475,False,10.936762800268472,True,2.186701718339862,False
sub-HUP163,LG,LG9,8,41.10835946817764,1.6055699861442432,left frontal pole,near,5.6890921674315305,True,3.9661701718248605,True,13.175188949354325,False,1.9333311007966176,True
sub-HUP163,LG,LG10,9,49.87311953362012,0.18403883843739857,left frontal pole,near,2.485719033138515,True,0.4574791092591293,True,18.373701696739342,False,4.876254188313853,True
sub-HUP163,LG,LG11,10,58.016699278049586,7.32410687763558e-15,left frontal pole,near,0.1518303457992849,True,2.1371349386161964,True,23.016699278049582,True,8.016699278049588,True
sub-HUP163,LH,LH1,0,0.0,0.0,left frontal orbital cortex,in,0.0,True,0.0,True,0.0,True,0.0,True
sub-HUP163,LH,LH2,1,4.33722710946906,1.4544952469023593,left frontal orbital cortex,in,1.7695242365886297,True,2.0907448296467908,True,1.5681315481669214,True,1.71779545290817,True
sub-HUP163,LH,LH3,2,10.681957692792013,2.4613154511595763,left frontal orbital cortex,near,2.469986387227146,True,2.5823712008446282,True,4.1929551104456735,False,2.492734159521839,True
sub-HUP163,LH,LH4,3,15.822571505278704,2.1669365356616344,left frontal orbital cortex,near,2.202084877200612,True,2.4258091994348203,True,5.608972151956721,True,2.2691842113501965,True
sub-HUP163,LH,LH5,4,20.764523080361048,2.5855484920254006,left cerebral white matter,white matter,2.595532381030499,False,3.121494584065958,False,7.0910949806472345,False,2.654915225471005,False
sub-HUP163,LH,LH6,5,25.45559350792797,2.110166345214527,left cerebral white matter,white matter,2.1126000431801706,False,3.3267048874605676,False,8.14603710105618,False,2.142011137600902,False
sub-HUP163,LH,LH7,6,30.052519409297716,1.3785492793293745,left cerebral white matter,white matter,1.4813956746620391,True,3.7680793052772406,False,9.125610163568398,False,1.3787074710747174,False
sub-HUP163,LH,LH8,7,34.78568315180267,1.3956589739915566,left cerebral white matter,white matter,1.6603698713596664,False,4.576047752329548,False,10.352185077106032,False,1.416540135770684,False
sub-HUP163,LH,LH9,8,39.76378297380257,0.28964358748880836,left insular cortex,near,1.0298126831213088,False,4.949405776545118,False,11.766293591540986,True,0.3744213936905927,True
sub-HUP163,LH,LH10,9,45.94472103605846,1.0216031023477918,left cerebral white matter,white matter,1.0254310845884491,True,4.476380544611542,True,14.469471421358854,False,1.3837763491624044,True
sub-HUP163,LH,LH11,10,52.687110965169836,0.048229457680259116,left cerebral white matter,white matter,1.7490423433759148,True,3.19283973468975,False,17.68715464702501,False,2.687521681226192,True
sub-HUP163,LH,LH12,11,57.252509536978735,1.507288760336424e-14,left middle frontal gyrus,near,1.2199267416615212,True,4.21501123639799,False,18.752509536978735,False,2.2525095369787302,True
sub-HUP163,LI,LI1,0,0.0,0.0,left superior frontal gyrus,in,0.0,True,0.0,True,0.0,True,0.0,True
sub-HUP163,LI,LI2,1,5.753190161304955,1.59188129446781,left paracingulate gyrus,near,1.6033167502153118,True,1.5929885556896541,True,2.578602601256103,False,1.6773415469400657,True
sub-HUP163,LI,LI3,2,11.1032394941892,3.3197219708704084,left paracingulate gyrus,near,3.4253549975671835,True,3.370105480701101,True,4.893574603785014,True,3.372683167367913,True
sub-HUP163,LI,LI4,3,18.06910902103965,3.056931903643685,left frontal pole,near,3.125164568729202,True,3.230540321060793,True,7.922192707330657,False,4.1513039341905404,True
sub-HUP163,LI,LI5,4,25.610547374825643,2.3331654719957946,left frontal pole,in,3.5121375359551426,True,3.9217556939999754,True,11.73826165228872,False,5.9781441895977965,True
sub-HUP163,LI,LI6,5,30.989331779149033,1.2612253084074443,left frontal pole,in,2.68031949492001,True,3.2763550495625466,True,13.52260045310176,False,6.095562528684889,True
sub-HUP163,LI,LI7,6,39.637652189756146,0.7544926287726581,left frontal pole,in,5.365447317114745,True,6.149194971353835,True,18.645742129266775,True,9.659980643007062,True
sub-HUP163,LI,LI8,7,46.942616925010704,1.5829361569970488,"left inferior frontal gyrus, pars triangularis",in,7.0576664344800655,False,7.9592213331001345,False,22.471741788124238,False,12.020600998858972,False
sub-HUP163,LI,LI9,8,51.49933019250782,2.0882522455740022,"left inferior frontal gyrus, pars triangularis",in,6.0697269142218,True,7.068816577867419,False,23.549744048063943,False,11.645731385131084,False
sub-HUP163,LI,LI10,9,55.9687763214619,1.6118479312528007,"left inferior frontal gyrus, pars triangularis",in,4.7499032177850715,True,5.879221613689008,True,24.49864360535146,False,11.063605820467494,False
sub-HUP163,LI,LI11,10,60.57898485167244,1.102089303852175,"left inferior frontal gyrus, pars triangularis",in,3.547276411988388,True,4.817159321399208,True,25.592699537215772,False,10.626264489761517,True
sub-HUP163,LI,LI12,11,64.73403730697417,2.5680492922932105e-14,"left inferior frontal gyrus, pars triangularis",near,1.8170862768961396,True,3.266516533597454,True,26.234037306974166,False,9.73403730697417,False
sub-HUP163,LJ,LJ1,0,0.0,0.0,right paracingulate gyrus,in,0.0,True,0.0,True,0.0,True,0.0,True
sub-HUP163,LJ,LJ2,1,5.437247126442653,1.1550051077045955,left paracingulate gyrus,in,1.187708008489572,True,1.1872457403194288,True,2.1497834853762137,True,1.1967050834888486,True
sub-HUP163,LJ,LJ3,2,10.915496514046128,0.1890523963066471,left paracingulate gyrus,in,0.32636648509709215,True,0.32312987565692036,True,3.918422501183991,True,0.9332092502595984,True
sub-HUP163,LJ,LJ4,3,16.199342494530374,1.7604214131173241,left paracingulate gyrus,near,1.8823446185419763,True,1.8802388786577724,True,5.873433204968676,False,2.077638919783479,True
sub-HUP163,LJ,LJ5,4,24.095877087846855,4.028997937892928,left cerebral white matter,white matter,4.264276381980745,False,4.266890963692534,False,10.555807109872559,False,5.508652408587936,False
sub-HUP163,LJ,LJ6,5,31.785686794148052,4.260635724763347,left frontal pole,near,5.545192922772747,False,5.551567653655435,False,14.632857359518567,False,7.770966938484491,True
sub-HUP163,LJ,LJ7,6,39.49495795066765,4.016288717105479,left frontal orbital cortex,near,7.014216914064876,False,7.0240108833513455,False,18.72598734523693,False,10.121200592001498,False
sub-HUP163,LJ,LJ8,7,42.583177014969316,1.140055225406807,left frontal pole,near,3.62236589022597,False,3.635593009160906,False,18.10384531691561,True,7.653302354664933,False
sub-HUP163,LJ,LJ9,8,47.28455420004856,0.6078626815853366,left frontal pole,in,2.632221433560292,True,2.6477164398346535,True,19.29022656511129,True,7.305978096651525,True
sub-HUP163,LJ,LJ10,9,54.38765774520491,1.8318210969515085,left frontal pole,in,4.442526077928951,True,4.45885168017652,True,22.930087040638828,True,9.534426133634192,True
sub-HUP163,LJ,LJ11,10,59.31823133150811,7.105427357601002e-15,left frontal pole,near,3.4187634332037438,False,3.4386669920747233,False,24.318231331508105,False,9.31823133150811,False
sub-HUP163,LK,LK1,0,0.0,0.0,"left cingulate gyrus, anterior",in,0.0,True,0.0,True,0.0,True,0.0,True
sub-HUP163,LK,LK2,1,7.640449373482481,0.7596472450343004,"left cingulate gyrus, anterior",in,2.1111652901073454,True,2.153095389869004,True,4.172328336298878,True,2.711189448314918,True
sub-HUP163,LK,LK3,2,12.808076616074652,1.8340873499583485,"left cingulate gyrus, anterior",near,2.313686515928762,True,2.3694664893922277,True,5.965042867143612,False,3.2442671252290576,True
sub-HUP163,LK,LK4,3,17.633004483054005,3.274214881553057,left cerebral white matter,white matter,3.302051160698216,True,3.322177947922078,True,7.57096569335997,False,4.0165136624072435,True
sub-HUP163,LK,LK5,4,22.548679032690476,4.802312441882988,left cerebral white matter,white matter,4.828268216917888,True,4.8129933059061365,True,9.357612463235716,True,5.21427068949324,True
sub-HUP163,LK,LK6,5,27.752270400835975,4.187154559709613,left cerebral white matter,white matter,4.2502407428792255,True,4.217521933874398,True,10.780916852688865,True,4.843495559474702,True
sub-HUP163,LK,LK7,6,33.856613532441585,3.218893377493914,left cerebral white matter,white matter,3.220258060023401,True,3.2236746948454456,True,13.104724885036005,True,4.906661702937264,True
sub-HUP163,LK,LK8,7,40.6629237711103,2.2378548112855916,left cerebral white matter,white matter,2.525935361248746,False,2.6860769621287868,False,16.256069081806615,True,6.0317932784692605,True
sub-HUP163,LK,LK9,8,44.8437466853472,1.8320564499507221,left postcentral gyrus,near,1.8499038516584052,False,1.8349302664139626,False,16.905868816170255,False,5.1436389836215115,False
sub-HUP163,LK,LK10,9,50.306100336650026,1.1482219098632882,left postcentral gyrus,near,1.2167219668978726,True,1.1482227473509325,True,18.82803930202413,False,5.416106223140042,False
sub-HUP163,LK,LK11,10,57.24147993274092,0.6606353433367108,left postcentral gyrus,in,1.1239916217427892,True,1.5102593717890915,True,22.247478437729963,False,7.267755535843139,False
sub-HUP163,LK,LK12,11,63.797397836462636,0.0,left postcentral gyrus,in,1.8362489536279314,True,2.3298770630859194,True,25.297397836462636,False,8.797397836462642,False
sub-HUP163,LL,LL1,0,0.0,0.0,"right cingulate gyrus, posterior",in,0.0,True,0.0,True,0.0,True,0.0,True
sub-HUP163,LL,LL2,1,7.583041915932901,3.0156060744731485,"left cingulate gyrus, posterior",in,3.2787222470064488,True,3.3120826497007685,True,4.587929801802818,True,3.5953029788147264,True
sub-HUP163,LL,LL3,2,12.98408288325677,2.998165621871192,"left cingulate gyrus, posterior",near,3.264598087412688,True,3.3335633633849167,True,6.381362843026886,False,3.990322084848317,False
sub-HUP163,LL,LL4,3,17.20241088080641,2.4542463305880426,"left cingulate gyrus, posterior",near,2.4542878448446412,True,2.468251961208267,True,6.972641339851043,True,3.1827313563249198,True
sub-HUP163,LL,LL5,4,21.850854836206423,2.3928470258301395,left cerebral white matter,white matter,2.579523258516138,True,2.4750003390507196,True,8.081800192789728,False,2.946556642757869,True
sub-HUP163,LL,LL6,5,26.75222206673029,1.7583196323625028,left cerebral white matter,white matter,2.417588421818202,True,2.154698363582442,True,9.360995335450145,False,2.4418429860672433,True
sub-HUP163,LL,LL7,6,32.32137625072901,1.4008584326251374,left cerebral white matter,white matter,2.228634951010549,True,1.8686669307202104,True,11.377573657972476,True,2.6853500756705073,True
sub-HUP163,LL,LL8,7,36.71971598826011,0.014685558698345985,left cerebral white matter,white matter,2.9753719620495156,True,2.396026991254726,True,12.219721876107204,True,1.7197757544298735,True
sub-HUP163,LL,LL9,8,42.264925420879074,3.398405308986023,left parietal operculum,near,4.693806896789209,True,4.264123497146301,True,14.531059205378446,False,4.009721290719146,False
sub-HUP163,LL,LL10,9,47.541395092933044,5.069556311212904,"left supramarginal gyrus, posterior",near,6.3154090960338225,False,5.901570764545053,False,16.565132821365353,False,5.554708578541816,False
sub-HUP163,LL,LL11,10,54.701421827743644,3.2640842339997747,"left supramarginal gyrus, posterior",in,3.8830350429563363,False,3.504488412451399,False,19.873829097462007,False,5.643633328438464,False
sub-HUP163,LL,LL12,11,63.11366194436852,7.17448075233818e-15,"left supramarginal gyrus, posterior",in,0.735728160349137,True,1.6461411709918092,True,24.613661944368523,False,8.113661944368523,True
sub-HUP163,RB,RB1,0,0.0,0.0,right hippocampus,in,0.0,True,0.0,True,0.0,True,0.0,True
sub-HUP163,RB,RB2,1,7.254538996079012,3.3451832803162627,"right parahippocampal gyrus, anterior",near,3.458867091523787,False,3.451309489341785,False,4.451701009999544,False,3.6408674532984673,False
sub-HUP163,RB,RB3,2,12.123425726919429,2.325069908056361,right hippocampus,in,2.453336946260567,True,2.4347304066242814,True,5.422185832496048,True,3.001633792092301,True
sub-HUP163,RB,RB4,3,17.593551887380656,3.1455261214857093,"right parahippocampal gyrus, anterior",in,3.209344334004069,False,3.1925971263029207,False,7.501431237732464,False,3.9026639638368876,False
sub-HUP163,RB,RB5,4,22.50677960287684,3.574332829886885,"right temporal fusiform cortex, posterior",in,3.574346390449769,True,3.5767209431602587,True,8.964545486369168,False,4.208246555351587,False
sub-HUP163,RB,RB6,5,27.701709957832414,2.3111839568513757,"right inferior temporal gyrus, posterior",in,2.318465765332113,False,2.3352866697758117,False,10.36606045317057,False,3.4825665704693405,False
sub-HUP163,RB,RB7,6,32.77760295931197,1.2216620631734734,"right inferior temporal gyrus, posterior",near,1.357393251169707,True,1.4456306748353185,True,11.818140883894761,False,3.013559173396996,True
sub-HUP163,RB,RB8,7,40.25077845954107,1.754342213637868,"right middle temporal gyrus, posterior",in,2.1884589542805117,True,2.0689998287413145,True,15.810163474930064,False,5.499833649990309,False
sub-HUP163,RB,RB9,8,47.236510529058826,2.2910080732491043,"right middle temporal gyrus, posterior",in,3.555467147433471,True,3.3742520937593348,True,19.3172567614424,False,7.537528080869406,True
sub-HUP163,RB,RB10,9,52.0066831721565,1.8001537841438684,"right middle temporal gyrus, posterior",near,2.658132421076556,False,2.4649764920555186,False,20.554498739094598,False,7.204055409948063,False
sub-HUP163,RB,RB11,10,56.52515304072307,0.9321320497732271,"right middle temporal gyrus, posterior",near,1.3238021890270437,True,1.1295086263920229,True,21.53764724032221,False,6.583786444788801,False
sub-HUP163,RB,RB12,11,62.269049429369886,7.160723346098895e-15,,outside the brain,1.1338254371308099,True,0.8015286559931719,True,23.769049429369883,False,7.269049429369884,False
sub-HUP163,RE,RE1,0,0.0,0.0,right insular cortex,near,0.0,True,0.0,True,0.0,True,0.0,True
sub-HUP163,RE,RE2,1,5.771989022732043,1.027195053091754,right insular cortex,near,1.0325763538453046,True,1.0312975397517758,True,2.409748497078967,True,1.2317992853734439,True
sub-HUP163,RE,RE3,2,11.443314765144521,1.6437385475970607,right putamen,near,1.653081238098671,False,1.6504537422308574,False,4.626491947848589,False,2.1110565733961844,False
sub-HUP163,RE,RE4,3,16.942857220330843,2.038417319778504,right putamen,near,2.040680168284242,False,2.03918416560367,False,6.640396411566694,False,2.7325397046371016,False
sub-HUP163,RE,RE5,4,22.439320713693437,3.3794463972005806,right putamen,near,3.381399168716533,False,3.383641691730378,False,8.853722719051433,False,4.023408604342865,False
sub-HUP163,RE,RE6,5,28.023294188938923,4.555623478626109,right insular cortex,near,4.561045683110598,False,4.564797618696858,False,11.12595083481423,True,5.270575574255629,False
sub-HUP163,RE,RE7,6,32.69730167122114,4.897238087826647,right central operculum,near,5.023443250396047,True,5.041940395930673,True,12.341693230360432,False,5.422615449429273,False
sub-HUP163,RE,RE8,7,38.47473817921007,5.063923834907991,right cerebral white matter,white matter,5.140154130788884,False,5.157057309511782,False,14.549702325530887,False,5.958450706341316,False
sub-HUP163,RE,RE9,8,42.66351250590981,3.9223487110351325,right precentral gyrus,near,4.455639853211887,True,4.507425705846546,False,15.004567965431772,False,4.642116208720313,True
sub-HUP163,RE,RE10,9,48.04406846802159,3.5136155922940477,right precentral gyrus,near,4.175378402496198,False,4.241672544491422,False,16.78723780119893,False,4.565647897383624,False
sub-HUP163,RE,RE11,10,52.10814599150872,1.776835858977785,right middle frontal gyrus,in,4.075585259154914,True,4.196454539863656,True,17.170028179489112,False,2.733967311627744,True
sub-HUP163,RE,RE12,11,57.05252111549119,7.944109479793597e-15,right middle frontal gyrus,in,4.267760080754723,True,4.414999657885528,True,18.552521115491192,False,2.052521115491187,True
sub-HUP164,LA,LA1,0,0.0,0.0,left amygdala,near,0.0,True,0.0,True,0.0,True,0.0,True
sub-HUP164,LA,LA2,1,5.294665845731814,0.44788343793949736,left amygdala,in,0.45065865390675786,True,0.5459953964878259,True,1.831302390971786,True,0.5259311766371917,True
sub-HUP164,LA,LA3,2,10.589368118115189,0.8958461714726297,left amygdala,in,0.9013994202357603,True,1.0920387839158066,True,3.6626530957955694,True,1.0519455158722055,True
sub-HUP164,LA,LA4,3,15.884023262604298,1.3437051991850657,left amygdala,in,1.3520328536832005,True,1.6380191120330923,True,5.4939411122705195,True,1.5778513613726604,True
sub-HUP164,LA,LA5,4,21.01996979431198,1.301349500234814,left amygdala,near,1.3036043386953826,True,1.8911327165931895,True,7.099929098839185,False,1.6288708457118284,True
sub-HUP164,LA,LA6,5,26.313360196818973,1.747969472519834,left insular cortex,near,1.752539354923596,True,2.427567920200528,True,8.928022817260944,False,2.1519804736471175,True
sub-HUP164,LA,LA7,6,31.454534089239196,1.712152080861401,left planum polare,near,1.712984309633979,False,2.7249175932678185,False,10.547789795190495,False,2.216675481175565,False
sub-HUP164,LA,LA8,7,36.4996394601456,0.9942742495450942,left planum polare,near,0.9987236581500127,True,2.811295026278265,False,12.027262578596515,False,1.788032006074412,True
sub-HUP164,LA,LA9,8,41.64815021465415,0.8892663510576913,"left superior temporal gyrus, anterior",near,0.904877775237599,True,3.1913940055536045,False,13.667615562109287,False,1.864399659366852,True
sub-HUP164,LA,LA10,9,46.797877718596745,0.7896741085780415,"left middle temporal gyrus, posterior",in,0.8255000814368384,True,3.5883614284260297,True,15.31159143971426,False,1.9575585111893412,True
sub-HUP164,LA,LA11,10,52.43771175053229,0.5888312269507708,"left middle temporal gyrus, posterior",in,0.6148262388199899,True,3.4951167221765815,True,17.444346393681204,False,2.5046063315319826,True
sub-HUP164,LA,LA12,11,57.463932720975876,7.377764055609925e-15,"left middle temporal gyrus, posterior",in,0.019337500645081877,True,4.003588052400838,False,18.96393272097588,False,2.463932720975876,True
sub-HUP164,LB,LB1,0,0.0,0.0,left hippocampus,in,0.0,True,0.0,True,0.0,True,0.0,True
sub-HUP164,LB,LB2,1,5.0879674823503835,0.3425709691982773,left hippocampus,in,0.41565949707549094,True,0.6156480785367625,True,1.6132143509563865,True,0.3509916801927345,True
sub-HUP164,LB,LB3,2,10.71874933681737,1.2439721585202999,left hippocampus,in,1.2441784476804363,True,1.352011753280712,True,3.85267611093299,True,1.4018543902870284,True
sub-HUP164,LB,LB4,3,15.79136388607516,1.4705681858071942,left hippocampus,in,1.4858785921053381,True,1.8018095724551482,True,5.425827156734234,True,1.638574432688828,True
sub-HUP164,LB,LB5,4,21.07138978553999,1.2951550360214388,left hippocampus,near,1.3130069349738662,False,1.8494750621643932,True,7.149832428581449,False,1.655753392847087,False
sub-HUP164,LB,LB6,5,26.364187730419278,1.1212262502749892,left hippocampus,near,1.1423802437459771,True,1.9532996815725225,True,8.911154285638226,False,1.7474684943047485,True
sub-HUP164,LB,LB7,6,31.663345736070553,0.9495097792987325,left hippocampus,near,0.9750908874438108,True,2.104953738970479,True,10.691352672285541,False,1.9029236913632002,True
sub-HUP164,LB,LB8,7,36.96615038839418,0.7816371082752991,left cerebral white matter,white matter,0.8133595037939898,True,2.29501580764922,False,12.482382526754837,False,2.1081444728961567,True
sub-HUP164,LB,LB9,8,42.27128730377398,0.6205461819696605,"left middle temporal gyrus, posterior",near,0.6610799385375172,True,2.514687453970066,True,14.280221492247906,False,2.350138832433398,True
sub-HUP164,LB,LB10,9,47.577868077559074,0.4734107469611926,"left middle temporal gyrus, posterior",near,0.526751514573465,True,2.7570438243324387,True,16.08248201586908,False,2.618660657955807,True
sub-HUP164,LB,LB11,10,52.88550312023779,0.35774092581637834,"left middle temporal gyrus, posterior",near,0.42748915118060804,True,3.016558980565794,False,17.887870749636658,False,2.9063939049477394,True
sub-HUP164,LB,LB12,11,57.798104254217385,0.0,"left middle temporal gyrus, temporo-occipital",near,0.6320473619591347,True,3.669416519159335,False,19.29810425421739,False,2.7981042542173844,True
sub-HUP164,LC,LC1,0,0.0,0.0,"left parahippocampal gyrus, posterior",in,0.0,True,0.0,True,0.0,True,0.0,True
sub-HUP164,LC,LC2,1,5.2725534735239865,0.8169949662795978,"left parahippocampal gyrus, posterior",in,0.8194772127004717,False,0.9006588569274466,False,1.894128193003257,False,0.8432721744819154,False
sub-HUP164,LC,LC3,2,10.712710708317775,0.2753814739034138,"left parahippocampal gyrus, posterior",in,0.3204955028392907,True,0.5419255159955593,True,3.719379219907687,False,0.7607614282031838,True
sub-HUP164,LC,LC4,3,15.889965867255766,0.4503571655380803,"left parahippocampal gyrus, posterior",in,0.45513353457523664,True,0.9888004823572222,True,5.402386725489342,True,0.9917356740133436,True
sub-HUP164,LC,LC5,4,21.10806615710056,0.8103753434470973,"left temporal fusiform cortex, posterior",in,0.8103780138903933,True,1.4975306394673609,True,7.13865037372905,False,1.3602479241361591,True
sub-HUP164,LC,LC6,5,26.59722418451048,0.4895073584536995,left temporo-occipital fusiform cortex,near,0.5407166721525721,True,1.4332466556473356,True,9.105886048622038,False,1.6662448946044146,False
sub-HUP164,LC,LC7,6,31.819549241390714,1.06736944631567,left temporo-occipital fusiform cortex,in,1.0802015863761332,False,2.029454824507684,False,10.854250240263616,False,2.0940849009518723,False
sub-HUP164,LC,LC8,7,37.30759419530623,0.6542703408284587,"left inferior temporal gyrus, temporo-occipital",in,0.7635456944547354,True,1.928232120727665,True,12.818564866165243,False,2.393034485929002,True
sub-HUP164,LC,LC9,8,42.44060664483037,0.5695236177289811,"left inferior temporal gyrus, temporo-occipital",in,0.624388368342758,True,2.3373146981346027,True,14.448014503108446,False,2.502454614306948,True
sub-HUP164,LC,LC10,9,47.28055464966349,0.16316283564715967,"left inferior temporal gyrus, temporo-occipital",in,0.23793663778341656,True,3.0157518679114914,False,15.781116617915263,False,2.286103145497159,True
sub-HUP164,LC,LC11,10,52.820250086133775,0.7507968790303947,"left lateral occipital cortex, inferior",in,0.7560363035698796,True,3.155277908351221,True,17.830727714758005,False,2.9133204152465737,True
sub-HUP164,LC,LC12,11,57.623975535526206,7.32410687763558e-15,"left lateral occipital cortex, inferior",in,0.3746908663267641,True,3.8435452378505186,True,19.12397553552621,False,2.6239755355262044,True
sub-HUP164,LD,LD1,0,0.0,0.0,left lingual gyrus,in,0.0,True,0.0,True,0.0,True,0.0,True
sub-HUP164,LD,LD2,1,5.715423454822519,0.5286170152510775,left lingual gyrus,in,0.5291802695795116,True,0.538552235103735,True,2.2537943695813256,True,0.8699503105480701,True
sub-HUP164,LD,LD3,2,11.08784760475764,0.45464387355656327,left lingual gyrus,in,0.5750721176798684,True,0.46495796802954353,True,4.103784572598248,True,1.1704324392514367,True
sub-HUP164,LD,LD4,3,15.905579250084624,0.6319654113013919,left temporo-occipital fusiform cortex,in,1.4033346120037233,False,1.0759923509954903,False,5.429920841557503,False,1.0940129023552096,False
sub-HUP164,LD,LD5,4,21.5905771185555,0.5350614779531752,left cerebral white matter,white matter,1.3849258108609577,True,0.935911272656166,True,7.602797467450159,False,1.6718780019482133,False
sub-HUP164,LD,LD6,5,26.40536938761647,0.6047559954919621,left cerebral white matter,white matter,2.2606215767953004,True,1.6557341799317415,True,8.91896972532901,False,1.5236053165311803,True
sub-HUP164,LD,LD7,6,32.095918534990396,0.6529141327043343,"left middle temporal gyrus, temporo-occipital",near,2.297458043636855,False,1.5797053640831873,True,11.108481366087595,False,2.1889208950312957,True
sub-HUP164,LD,LD8,7,36.9091841265993,0.626516172704074,"left middle temporal gyrus, temporo-occipital",in,3.1660819562740117,True,2.29884943613397,True,12.419678842034381,False,2.004302754402444,True
sub-HUP164,LD,LD9,8,42.60205701296396,0.7917023402550363,"left supramarginal gyrus, posterior",in,3.2266112014769566,True,2.25265817489105,True,14.616157533545874,False,2.712795744161981,False
sub-HUP164,LD,LD10,9,48.30023820132183,1.191663700726117,"left supramarginal gyrus, posterior",in,3.3701858975202907,True,2.333321341108362,True,16.827782612916188,False,3.4949687462808616,True
sub-HUP164,LD,LD11,10,52.996742232225216,0.6905299834033438,"left supramarginal gyrus, posterior",in,4.218007553096854,True,2.968746223132887,True,18.005489510903722,False,3.070887809874951,True
sub-HUP164,LD,LD12,11,58.73736338446952,8.881784197001252e-16,"left supramarginal gyrus, posterior",near,4.131314680403086,False,2.7301573889072035,True,20.237363384469518,False,3.737363384469517,False
sub-HUP164,LE,LE1,0,0.0,0.0,"left cingulate gyrus, posterior",in,0.0,True,0.0,True,0.0,True,0.0,True
sub-HUP164,LE,LE2,1,5.180654297768701,1.7781215978852392,"left cingulate gyrus, posterior",in,1.805756298374867,True,1.9191171736896404,True,2.242216290161267,True,1.7831674090015723,True
sub-HUP164,LE,LE3,2,10.361308838841932,3.556241871677365,"left cingulate gyrus, posterior",near,3.611511163449738,True,3.8382328410763304,True,4.484431982857733,True,3.5663334418094967,True
sub-HUP164,LE,LE4,3,15.49401857387288,4.217109959632197,"left cingulate gyrus, posterior",near,4.264335952809632,False,4.606980424837415,False,6.101145939510481,True,4.218090005296892,False
sub-HUP164,LE,LE5,4,20.706185070839172,3.5675168476205807,left cerebral white matter,white matter,3.5823877724501876,True,4.068207359596215,True,7.324133084710449,True,3.589487704433856,True
sub-HUP164,LE,LE6,5,25.0437844021667,2.8098054550163556,left cerebral white matter,white matter,2.9884009082480105,True,4.150019511450505,True,7.902088154612262,True,2.8121308770094577,True
sub-HUP164,LE,LE7,6,30.43684892721795,1.9797433423563402,left cerebral white matter,white matter,2.1037256438110155,True,3.724993399777616,True,9.579205347794373,True,2.0144631719236563,True
sub-HUP164,LE,LE8,7,35.17477101987888,0.3079854867036362,left cerebral white matter,white matter,1.1337915651945116,True,3.954284587838048,False,10.677865246587615,True,0.3534550567714085,True
sub-HUP164,LE,LE9,8,40.16537982959738,0.56582835050581,left angular gyrus,near,1.403001289953276,True,4.577364291366381,True,12.174550008052895,False,0.5883959330638359,True
sub-HUP164,LE,LE10,9,45.339742253718626,0.43126236207875646,left angular gyrus,near,1.3584718242693536,True,4.972653041475045,False,13.844409849279465,False,0.547743142011776,True
sub-HUP164,LE,LE11,10,50.32958104677622,0.4964033920832545,"left supramarginal gyrus, posterior",in,1.560473494103285,True,5.574577163001998,True,15.335169419156507,False,0.5945017253704997,True
sub-HUP164,LE,LE12,11,55.50354108802152,0.0,"left supramarginal gyrus, posterior",in,1.4836588637856127,True,5.963979685355195,True,17.003541088021525,False,0.5035410880215242,True
sub-HUP164,LF,LF1,0,0.0,0.0,left putamen,in,0.0,True,0.0,True,0.0,True,0.0,True
sub-HUP164,LF,LF2,1,5.671989032215194,0.1268632517155404,left putamen,in,0.1268711864584902,True,0.1513912250020022,True,2.1742743290957205,True,0.6824650526832947,True
sub-HUP164,LF,LF3,2,11.343983262865205,0.2537329569760887,left putamen,in,0.25374876957161724,True,0.30279061665402845,True,4.348554081484436,True,1.3649362722670482,True
sub-HUP164,LF,LF4,3,16.97392058489438,0.4209204948820427,left putamen,in,0.42356600914875303,True,0.4681132288496955,True,6.482381026075505,True,2.013195668771904,True
sub-HUP164,LF,LF5,4,22.718055082389494,0.23083277127107052,left putamen,near,0.23263812457306068,True,0.43191444511896043,True,8.719938152644927,False,2.726670750726637,True
sub-HUP164,LF,LF6,5,28.387775727009984,0.13548686895507028,left insular cortex,near,0.13825101861925168,True,0.4677235626391102,True,10.888295392698721,False,3.3901608349033965,True
sub-HUP164,LF,LF7,6,32.95691639354378,0.13552375461650812,left insular cortex,near,1.0838030031875248,False,0.5869607127786746,False,11.957405774803902,False,2.959742124868147,True
sub-HUP164,LF,LF8,7,38.67726752609757,0.7386894027202279,left cerebral white matter,white matter,1.270519176699357,True,0.8626218292050581,True,14.189453619625017,False,3.7438114722628564,True
sub-HUP164,LF,LF9,8,44.29915747525996,0.347047991997849,left cerebral white matter,white matter,1.1325953973565186,True,0.5340031096143045,True,16.301492664277465,False,4.311787361926423,True
sub-HUP164,LF,LF10,9,50.047734950327296,0.42009853092647026,left cerebral white matter,white matter,1.0864369584366402,False,0.4866414330845413,False,18.550729145960528,False,5.063429068092911,True
sub-HUP164,LF,LF11,10,55.718397818808306,0.4560589527897454,left precentral gyrus,near,1.102142776750395,True,0.484323780041775,True,20.721550640888974,False,5.734694451249183,False
sub-HUP164,LF,LF12,11,61.34406909489185,7.119291619286993e-15,left postcentral gyrus,near,1.0478100982313834,False,0.1234516784848726,True,22.844069094891847,False,6.344069094891847,False
sub-HUP164,LG,LG1,0,0.0,0.0,left insular cortex,in,0.0,True,0.0,True,0.0,True,0.0,True
sub-HUP164,LG,LG2,1,5.749461271827918,0.24230888870628578,left insular cortex,near,0.2440830347554514,True,0.2883981302247316,True,2.257395392668815,False,0.78279944883518,True
sub-HUP164,LG,LG3,2,11.453442249540274,0.36754846660174717,left insular cortex,near,0.36796906961233433,True,0.45702840630781705,True,4.46270469952612,True,1.49347697199056,True
sub-HUP164,LG,LG4,3,18.151352735655774,0.08387418676652068,left insular cortex,near,1.0097166164265285,True,1.3898228121511653,True,7.651618663307739,True,3.152274989912568,True
sub-HUP164,LG,LG5,4,22.62782281804131,0.34385123235428056,left insular cortex,in,0.4163140338776513,True,0.4392865551328053,True,8.632061332157399,False,2.6476332279241728,False
sub-HUP164,LG,LG6,5,29.33178914383071,0.41678606310252825,left frontal operculum,in,0.8614743528336707,False,1.4502270710138794,False,11.836168265531809,False,4.348845971147928,False
sub-HUP164,LG,LG7,6,34.76971219333143,0.7255110327024842,left frontal operculum,near,0.8656863735480841,True,1.431823355506809,True,13.781252483038356,False,4.8170907342088665,False
sub-HUP164,LG,LG8,7,40.46698961831062,0.3662302268786542,left cerebral white matter,white matter,0.588367805187315,True,1.3984439640469304,True,15.969532316618675,False,5.477589117875858,False
sub-HUP164,LG,LG9,8,46.168658766820215,0.10289205742601364,left cerebral white matter,white matter,0.4603709470945965,True,1.4685016948092446,True,18.168835460102983,False,6.169402179670965,True
sub-HUP164,LG,LG10,9,51.91309240921831,0.14254676490177168,left middle frontal gyrus,in,0.49889877609253663,True,1.6275432219232857,False,20.413394409392435,False,6.9143662313643715,False
sub-HUP164,LG,LG11,10,57.65852823023678,0.3840301035211176,left middle frontal gyrus,in,0.6364048580551607,True,1.818692660206457,True,22.660503649221937,False,7.666873299489458,False
sub-HUP164,LG,LG12,11,63.04942344655253,7.105427357601002e-15,left middle frontal gyrus,in,0.1846729436617679,True,1.5819026731758183,True,24.549423446552538,False,8.049423446552531,True
sub-HUP164,LH,LH1,0,0.0,0.0,"left cingulate gyrus, anterior",in,0.0,True,0.0,True,0.0,True,0.0,True
sub-HUP164,LH,LH2,1,5.226908729915518,0.1883499349031716,"left cingulate gyrus, anterior",near,0.18838051379479345,False,0.4102364431169148,False,1.7337751946234192,False,0.29229135227752856,False
sub-HUP164,LH,LH3,2,10.453801548939303,0.3766971225475876,"left cingulate gyrus, anterior",near,0.3767585661841406,True,0.8204856809214356,True,3.4675343622668047,False,0.5845688351491133,True
sub-HUP164,LH,LH4,3,15.742167304530382,0.04705884146861592,"left cingulate gyrus, anterior",near,0.07733764124225481,True,1.022855434252199,False,5.242308188473739,True,0.7435875486846786,True
sub-HUP164,LH,LH5,4,20.96692967699003,0.23550465311770813,left cerebral white matter,white matter,0.24253548747889925,True,1.4060813542662018,True,6.969587044618228,False,0.9939111404350831,True
sub-HUP164,LH,LH6,5,26.192544674862372,0.4238522696284789,left cerebral white matter,white matter,0.4273512416304833,True,1.8012457349543662,False,8.699446572396345,True,1.2623966450368158,True
sub-HUP164,LH,LH7,6,31.418591928558246,0.6122990466098619,left frontal pole,near,0.6144339658992936,True,2.2019572495129793,True,10.430612123354187,False,1.5396166665224855,True
sub-HUP164,LH,LH8,7,36.708891673807955,0.2825795968849772,left frontal pole,near,0.30678781901865154,True,2.424415462332572,False,12.211074091117991,False,1.731024503813929,True
sub-HUP164,LH,LH9,8,41.93395949605771,0.47102637250861423,left frontal pole,in,0.4851114484917396,True,2.8120670224871573,True,13.93927456552577,False,1.987923434861887,True
sub-HUP164,LH,LH10,9,47.226608523951704,0.1412902810667712,left frontal pole,in,0.23216647708142343,True,3.0684653805743065,True,15.727031853348674,False,2.230875905451688,True
sub-HUP164,LH,LH11,10,52.521819641725806,0.18834896527795053,left frontal pole,near,0.3149304260967524,True,3.3633603529508953,False,17.52249422969658,True,2.5285067548026015,False
sub-HUP164,LH,LH12,11,57.74499040001827,7.944109290391274e-15,left middle frontal gyrus,near,0.24900046280759805,True,3.7225303733584543,False,19.244990400018267,False,2.7449904000182657,True
sub-HUP164,LI,LI1,0,0.0,0.0,left frontal orbital cortex,in,0.0,True,0.0,True,0.0,True,0.0,True
sub-HUP164,LI,LI2,1,5.26011282222594,0.22832562960128097,left frontal orbital cortex,near,0.3544356962626899,True,0.40359555579909906,True,1.7699439950954363,True,0.34239842082970734,True
sub-HUP164,LI,LI3,2,11.691037340663968,0.3075294033668761,left cerebral white matter,white matter,0.7050930884379731,True,0.5964697102182905,True,4.697070091363397,False,1.7147932873926317,True
sub-HUP164,LI,LI4,3,17.04133384367206,0.5153229530890214,left cerebral white matter,white matter,0.687309413810045,True,0.581618683124435,True,6.5538316276917135,True,2.0978190214354178,True
sub-HUP164,LI,LI5,4,22.553318972729137,0.62541930659233,left cerebral white matter,white matter,0.7644869594004923,True,0.6544683548207132,True,8.567503635972066,True,2.620376076251916,True
sub-HUP164,LI,LI6,5,28.724209708465924,0.45911026382665127,left cerebral white matter,white matter,1.1820931446665146,True,0.9057403910295306,True,11.229929172049648,True,3.748760213433092,True
sub-HUP164,LI,LI7,6,34.233498595198114,0.35686143831792855,left cerebral white matter,white matter,1.1318717118574124,True,0.789192741255642,True,13.236449980795813,True,4.246659237208871,True
sub-HUP164,LI,LI8,7,39.7475103088284,0.6149700990658186,left paracingulate gyrus,near,1.2246167672546635,True,0.8782878010175217,True,15.255153106878963,False,4.782456569766618,True
sub-HUP164,LI,LI9,8,45.91921228396738,0.22960491345773554,left paracingulate gyrus,near,1.7240023519169911,True,1.2364915197019046,True,17.920109235326525,False,5.923090165013596,True
sub-HUP164,LI,LI10,9,51.430664502747355,0.3074413829630045,left frontal pole,near,1.7211830116540505,True,1.1789306945861973,True,19.93211677938598,False,6.437091617984996,False
sub-HUP164,LI,LI11,10,57.862040006090126,0.22832603768928122,left frontal pole,in,2.609106949475678,True,1.9951332199280525,True,22.862729666581814,False,7.864904477422611,False
sub-HUP164,LI,LI12,11,63.11674523990109,7.993605777301127e-15,left frontal pole,in,2.328003704709253,True,1.6492244665243698,True,24.616745239901093,False,8.116745239901089,True
sub-HUP164,LJ,LJ1,0,0.0,0.0,left precuneus,in,0.0,True,0.0,True,0.0,True,0.0,True
sub-HUP164,LJ,LJ2,1,5.887359128975726,0.7657759373759363,left precuneus,in,0.7668254672060182,True,0.8053613684628198,True,2.4595913607084547,True,1.1347060082502973,True
sub-HUP164,LJ,LJ3,2,11.90410917121885,0.8275059272217593,left precuneus,in,0.836220750452714,True,1.0834786709112747,True,4.945041850773186,True,2.0497715405134738,True
sub-HUP164,LJ,LJ4,3,17.764791810983457,1.2586514402925664,left precuneus,in,1.2617098388429735,True,1.5807185993389692,True,7.329033513106506,True,2.9972329643863063,True
sub-HUP164,LJ,LJ5,4,22.908445448415005,0.6308907549669248,left precuneus,in,0.8775974344993515,True,0.8356143332678708,True,8.922089983033391,True,2.9675934950833796,True
sub-HUP164,LJ,LJ6,5,27.890447334284726,0.48741508425505464,left precuneus,in,1.578215469272944,True,0.4903527337326244,True,10.39761866211139,True,2.927055588015763,True
sub-HUP164,LJ,LJ7,6,33.93173279538921,0.0,"left lateral occipital cortex, superior",in,1.3329685479146045,True,0.4039941917291873,True,12.931732795389212,False,3.9317327953892147,True
sub-HUP164,LK,LK1,0,0.0,0.0,left precentral gyrus,in,0.0,True,0.0,True,0.0,True,0.0,True
sub-HUP164,LK,LK2,1,5.690989879648744,0.45328711263758126,left precentral gyrus,in,0.4616274238555359,True,0.46117908255188766,True,2.2196852839944494,True,0.8113419368131385,True
sub-HUP164,LK,LK3,2,11.381976125958403,0.9065821499794481,left precentral gyrus,in,0.9232618197043893,False,0.922365166149062,False,4.439367998337918,True,1.6226847528977209,True
sub-HUP164,LK,LK4,3,16.952058523175438,1.0570162567280936,left precentral gyrus,near,1.069420025095922,True,1.0683498083422591,True,6.5055185450799735,False,2.1909179708286666,True
sub-HUP164,LK,LK5,4,22.011583391950445,0.8099325998430486,left precentral gyrus,in,0.8805630975121648,True,0.8843761766585174,True,8.03758911546319,False,2.154695126851982,True
sub-HUP164,LK,LK6,5,27.581417303544438,0.7963040077806024,left precentral gyrus,in,0.8730185676002963,True,0.8780080923190737,True,10.101355642118936,False,2.6904624315453693,True
sub-HUP164,LK,LK7,6,32.550978182617385,0.44919423007302667,left precentral gyrus,near,1.0648357168575324,True,1.0779151023359381,True,11.556611829382804,False,2.587172417210039,False
sub-HUP164,LK,LK8,7,39.64417773309938,7.944110048000538e-15,,outside the brain,0.5452907057617062,True,0.5284826954960204,True,15.144177733099388,False,4.644177733099379,False
sub-HUP164,LL,LL1,0,0.0,0.0,left planum temporale,near,0.0,True,0.0,True,0.0,True,0.0,True
sub-HUP164,LL,LL2,1,5.063766420260515,0.37495648054922276,left planum temporale,near,0.3752144073206418,True,0.6558464729297374,True,1.5945765376043055,True,0.37825770994077784,True
sub-HUP164,LL,LL3,2,10.127652512484516,0.750011901117808,left planum temporale,near,0.7505235192916081,True,1.3116570914799774,True,3.1892858370272505,True,0.7566283539232508,True
sub-HUP164,LL,LL4,3,15.63471518567655,0.7156741536948162,"left supramarginal gyrus, posterior",near,0.8333783585470406,False,1.3507247342194812,False,5.16811937531771,False,0.9457893123636124,False
sub-HUP164,LL,LL5,4,20.68699585499362,0.8818386055487155,"left supramarginal gyrus, posterior",near,0.9737985778517292,False,1.900595189822856,True,6.7262488141815915,False,1.10639947508148,False
sub-HUP164,LL,LL6,5,25.743804038611596,1.1508636516314956,"left supramarginal gyrus, posterior",in,1.2181299156047098,False,2.5021003954202397,True,8.29825938686384,False,1.3565054568598998,False
sub-HUP164,LL,LL7,6,28.164482065723732,3.5665644669189445e-15,"left supramarginal gyrus, posterior",in,2.2181690401334198,True,5.363256537936296,False,7.164482065723729,False,1.835517934276273,True
sub-HUP164,LM,LM1,0,0.0,0.0,left temporal pole,in,0.0,True,0.0,True,0.0,True,0.0,True
sub-HUP164,LM,LM2,1,5.176892563046946,0.3268141964984193,left temporal pole,in,0.3288908413869082,True,0.5332701197642408,True,1.698308369644028,True,0.3668131786145683,True
sub-HUP164,LM,LM3,2,11.04665420215392,0.22145859711059604,left temporal pole,in,0.8157390428949274,True,0.2575472188610064,True,4.050492723787829,True,1.06765469730131,True
sub-HUP164,LM,LM4,3,15.921990125534903,0.6529665882823313,left temporal pole,in,0.8344744656844518,True,1.076038566140354,False,5.447868244316484,True,1.1188881854914923,True
sub-HUP164,LM,LM5,4,20.639525848672996,0.35115649716909175,"left temporal fusiform cortex, anterior",in,0.3704126538379774,True,1.7508630994788321,True,6.645822189547459,False,0.7269745502218878,True
sub-HUP164,LM,LM6,5,26.604374302276028,1.0771203313796507,"left temporal fusiform cortex, anterior",in,1.4258254935250305,True,1.7326966823978458,False,9.146206899250451,True,1.9143372740660327,True
sub-HUP164,LM,LM7,6,31.324071167903572,0.9228203291299182,"left parahippocampal gyrus, anterior",in,1.0654262085961623,True,2.4016360637868366,False,10.351690180743336,False,1.6027918671277512,True
sub-HUP164,LM,LM8,7,36.557758288898555,0.9588071373854425,"left parahippocampal gyrus, anterior",near,1.1514106274149751,True,2.743509559951555,False,12.08328340587286,False,1.8184885929109647,False
sub-HUP164,LM,LM9,8,41.2790413012553,0.702316394164923,"left parahippocampal gyrus, anterior",in,0.7408252036287974,True,3.501737123837867,False,13.291634117895358,True,1.4539415879295141,True
sub-HUP164,LM,LM10,9,46.44211666095402,0.47939670273338625,"left temporal fusiform cortex, posterior",in,0.5515068046751551,True,3.8816826345337163,True,14.947331997026057,False,1.517363241387586,True
sub-HUP164,LM,LM11,10,51.238768232675156,0.5654467659526997,"left temporal fusiform cortex, posterior",in,0.5687285221203887,True,4.678214162044203,True,16.245491696283477,False,1.3588805547610021,True
sub-HUP164,LM,LM12,11,56.334053788487225,0.0,"left temporal fusiform cortex, posterior",in,0.09226895937145488,True,5.133466984889495,True,17.83405378848722,False,1.3340537884872246,True
sub-HUP164,RA,RA1,0,0.0,0.0,"right parahippocampal gyrus, anterior",in,0.0,True,0.0,True,0.0,True,0.0,True
sub-HUP164,RA,RA2,1,5.52934539633569,0.4442156092399809,"right parahippocampal gyrus, anterior",in,0.6046124908616042,False,0.450751867121968,False,2.0599394515546208,True,0.6774451906955199,False
sub-HUP164,RA,RA3,2,10.563048512049814,0.4111914954063024,right hippocampus,in,0.5415455427833216,True,0.7446870865975996,True,3.5787432637202703,True,0.6907606441430902,True
sub-HUP164,RA,RA4,3,15.567757007299553,0.2722494606918023,right hippocampus,in,0.37744499709039375,True,1.2290261644475762,True,5.072687309449868,True,0.627511033433386,True
sub-HUP164,RA,RA5,4,20.583229039585547,0.5525354820238424,right hippocampus,near,0.5782578354425271,True,1.8599789609283093,False,6.598984271401609,False,0.7980316010521951,True
sub-HUP164,RA,RA6,5,25.624406188374408,0.2018818390409993,"right temporal fusiform cortex, posterior",near,0.23335096456290683,True,2.324952809533303,True,8.12611903343887,False,0.6554745212192484,True
sub-HUP164,RA,RA7,6,31.135616320192216,0.5445619499981431,"right inferior temporal gyrus, posterior",near,0.7550055638947895,False,2.457967588047135,False,10.145479074671085,False,1.255140608584733,False
sub-HUP164,RA,RA8,7,36.14953367383585,0.7718791354853226,"right middle temporal gyrus, anterior",near,0.8845854164050053,True,3.072925451316354,True,11.666853767457157,False,1.3778043508691964,True
sub-HUP164,RA,RA9,8,41.190068904115755,0.28435861783529637,"right middle temporal gyrus, posterior",near,0.47346365929219975,True,3.5260488945965105,False,13.19215239746146,False,1.222615451812329,True
sub-HUP164,RA,RA10,9,46.20113755690035,0.38593677308297897,"right middle temporal gyrus, posterior",in,0.4813611953949837,True,4.110241465342639,True,14.704591107618688,False,1.2600828639250992,True
sub-HUP164,RA,RA11,10,51.74952861396738,0.3634274813599133,"right middle temporal gyrus, posterior",in,0.8200258998944041,True,4.147266257874704,False,16.75219507583545,False,1.785627672155458,True
sub-HUP164,RA,RA12,11,56.25765608044053,7.122753468078643e-15,"right middle temporal gyrus, posterior",near,0.14318159454705914,True,5.209864692936191,False,17.757656080440537,False,1.257656080440529,True
sub-HUP164,RB,RB1,0,0.0,0.0,"right parahippocampal gyrus, anterior",in,0.0,True,0.0,True,0.0,True,0.0,True
sub-HUP164,RB,RB2,1,5.597571131794261,0.10452598691419178,"right parahippocampal gyrus, anterior",near,0.5000189455043142,True,0.1048823568089139,True,2.099199076504037,False,0.6056826021068633,True
sub-HUP164,RB,RB3,2,10.70460530256515,0.2576145102378721,right hippocampus,near,0.5502836828827748,True,0.5398407662397956,True,3.710458807767134,True,0.7473115233239281,True
sub-HUP164,RB,RB4,3,15.81212319097096,0.42097374616267946,"right parahippocampal gyrus, anterior",near,0.641197442885371,False,1.0458201695258411,False,5.323190341447888,False,0.909775065882937,False
sub-HUP164,RB,RB5,4,20.9196396588493,0.5860904806103235,"right temporal fusiform cortex, posterior",in,0.758155433894598,True,1.5550715934499608,True,6.936233789647851,False,1.0836065099093075,True
sub-HUP164,RB,RB6,5,26.000074594799706,0.4178316026075873,"right inferior temporal gyrus, posterior",in,0.6204005733542025,True,1.9874821845663055,False,8.506984384803879,False,1.0807534691477152,True
sub-HUP164,RB,RB7,6,31.08741723523819,0.5745325235346448,"right inferior temporal gyrus, posterior",near,0.721459416563652,True,2.51220975424772,True,10.09846446164449,False,1.2251713441459493,True
sub-HUP164,RB,RB8,7,36.192342982915584,0.6207942433661557,"right inferior temporal gyrus, posterior",near,0.7572591304537845,True,2.993748817560784,False,11.70349460637845,False,1.3395515366983937,True
sub-HUP164,RB,RB9,8,41.29803732273774,0.7043396371444319,"right middle temporal gyrus, posterior",in,0.8257676551952761,True,3.483568742973732,True,13.310678878964616,False,1.4715425365643866,True
sub-HUP164,RB,RB10,9,46.404076672154766,0.8137804195601147,"right middle temporal gyrus, posterior",in,0.9196219505239743,True,3.978777740969452,True,14.919151335983278,False,1.6166884351336215,True
sub-HUP164,RB,RB11,10,51.31454079162931,0.25752063550793514,"right middle temporal gyrus, posterior",in,0.3504269915422558,True,4.572926522461526,False,16.31592700825364,False,1.3388935420840877,True
sub-HUP164,RB,RB12,11,55.927119142069714,7.160723346098895e-15,"right middle temporal gyrus, posterior",near,0.25673910404653827,True,5.5404016313070095,False,17.42711914206971,False,0.9271191420697082,True
sub-HUP164,RC,RC1,0,0.0,0.0,right temporal pole,in,0.0,True,0.0,True,0.0,True,0.0,True
sub-HUP164,RC,RC2,1,5.001869927572144,0.6639221587649093,right temporal pole,in,0.6729760461575152,True,0.9154930790917529,True,1.601693926452714,True,0.6652739525191852,True
sub-HUP164,RC,RC3,2,10.545891828928378,0.16982886615501688,right temporal pole,in,0.44310153081733716,True,0.6538297735674695,True,3.548590470446987,True,0.5703933313446052,True
sub-HUP164,RC,RC4,3,15.272503896825084,0.5411130851339673,"right inferior temporal gyrus, anterior",in,0.5444321180123275,True,1.5955147827824958,True,4.793554205642951,False,0.6016042112267294,True
sub-HUP164,RC,RC5,4,20.25387044564462,1.1617121127295518,"right inferior temporal gyrus, anterior",in,1.1627873471622465,True,2.427346566450811,True,6.328074375022482,True,1.1824580253070929,True
sub-HUP164,RC,RC6,5,25.458068948399283,0.6246221497115461,"right inferior temporal gyrus, anterior",in,0.6346289857467994,True,2.5665445310312958,True,7.974904056350238,True,0.770076372423948,True
sub-HUP164,RC,RC7,6,30.683307608910823,0.43677251405394807,"right inferior temporal gyrus, posterior",in,0.5158251623822453,True,2.88084248503683,True,9.69004737598519,False,0.8083567122113925,True
sub-HUP164,RC,RC8,7,35.40137076808783,0.4460161026076532,"right inferior temporal gyrus, posterior",in,0.45225305376234115,True,3.743796964266267,True,10.907683647324982,False,0.5981481806779657,True
sub-HUP164,RC,RC9,8,40.392782249620026,0.5411128897879415,"right inferior temporal gyrus, posterior",in,0.562024572958904,True,4.348293941233318,True,12.400968919332529,False,0.6665184368748097,True
sub-HUP164,RC,RC10,9,45.70441220226968,0.23431184578374606,"right inferior temporal gyrus, posterior",in,0.2528909120676646,True,4.593775918344805,False,14.205744097755186,True,0.7417902518453204,True
sub-HUP164,RC,RC11,10,50.698765606284994,0.6639161330935277,"right inferior temporal gyrus, posterior",near,0.6641632888879183,True,5.22747776817143,True,15.708454768378367,False,0.9607296407875988,True
sub-HUP164,RC,RC12,11,55.65204751281202,0.0,"right inferior temporal gyrus, posterior",near,0.09188343423846752,True,5.815473260564703,True,17.152047512812015,False,0.6520475128120138,True
sub-HUP165,LA,LA1,0,0.0,0.0,"left parahippocampal gyrus, anterior",in,0.0,True,0.0,True,0.0,True,0.0,True
sub-HUP165,LA,LA2,1,6.3350470694075955,1.352408295137371,left hippocampus,in,1.3524932913613936,True,1.4799562549778378,True,3.0099450568020134,False,1.8007628675028482,True
sub-HUP165,LA,LA3,2,13.00776716987897,3.4415367738270732,left hippocampus,in,3.4442187433266063,True,3.7035767555306136,True,6.525543421348668,True,4.279872314546062,True
sub-HUP165,LA,LA4,3,18.84865169002097,7.083472091577883,"left parahippocampal gyrus, anterior",in,7.175497926744289,False,7.118284192025614,False,9.935525538727576,False,7.500777728360552,False
sub-HUP165,LA,LA5,4,23.52619460216904,5.833530559480078,"left temporal fusiform cortex, anterior",in,6.175070727277346,False,5.8500750751621995,False,10.550842329251035,False,6.467028918066649,False
sub-HUP165,LA,LA6,5,28.454500050712586,2.9590232895276407,"left temporal fusiform cortex, posterior",near,4.019654265651472,True,2.980895521003666,True,11.198244783349065,False,4.432528186519639,True
sub-HUP165,LA,LA7,6,34.689153035907424,2.0709168717378126,"left inferior temporal gyrus, posterior",near,3.3221896661323047,False,2.3447157245023553,False,13.783740591285408,False,5.069559460047145,False
sub-HUP165,LA,LA8,7,41.09343775629956,1.4984224874665404,"left middle temporal gyrus, anterior",near,2.7981105574675853,False,2.4595501354299363,False,16.63373851024004,False,6.248436242976835,False
sub-HUP165,LA,LA9,8,45.61939525596085,3.226165778338792,"left middle temporal gyrus, anterior",in,5.239279815307426,False,3.3242424426134636,False,17.799981627026515,False,6.380839495441079,False
sub-HUP165,LA,LA10,9,49.759289488930044,2.0941903151145516,"left middle temporal gyrus, anterior",in,6.470591320079219,False,2.172067552560533,False,18.335190147061287,False,5.15933697234584,False
sub-HUP165,LA,LA11,10,53.76608815230956,1.0585796981816884,"left middle temporal gyrus, posterior",near,8.35338053449989,False,2.373085429814378,True,18.785515804857805,False,3.9020019576011196,False
sub-HUP165,LA,LA12,11,59.14226677337096,0.0,,outside the brain,9.103604459024284,True,2.325254000005757,True,20.642266773370956,False,4.142266773370952,False
sub-HUP165,LB,LB1,0,0.0,0.0,,outside the brain,0.0,True,0.0,True,0.0,True,0.0,True
sub-HUP165,LB,LB2,1,6.045171540484598,0.3615888603349282,,outside the brain,0.41813074874256606,True,0.574466437181271,True,2.5600126734662574,True,1.0957288521099788,True
sub-HUP165,LB,LB3,2,12.488790254851022,1.6501697758976437,,outside the brain,1.8046431844139452,True,2.042345928747825,True,5.6267061018664295,True,2.8955278196069276,True
sub-HUP165,LB,LB4,3,17.818571983877856,2.629414577118491,left hippocampus,near,2.63371019495642,False,2.7663663440987123,False,7.593289583739835,False,3.714372555962433,False
sub-HUP165,LB,LB5,4,21.914249611440848,2.3861772294405643,left hippocampus,in,2.825725388171536,True,2.452819640186777,True,8.141481764749,False,2.9793154813000484,True
sub-HUP165,LB,LB6,5,28.969214702414867,2.381151281770788,left hippocampus,in,2.394313159207817,True,2.5568337790646978,True,11.617822809218241,False,4.544885144550442,True
sub-HUP165,LB,LB7,6,35.117868502936744,0.8605492257743206,left hippocampus,in,0.8754893537015022,True,1.7987863991405342,True,14.133545670535373,True,5.179314180225871,True
sub-HUP165,LB,LB8,7,41.02041866655657,0.5690874005505407,left hippocampus,in,0.6199084983264957,True,1.984139471439825,True,16.526272183201232,True,6.043325479920092,True
sub-HUP165,LB,LB9,8,45.98944960169484,1.1130509954876888,"left temporal fusiform cortex, posterior",in,1.2736211866451725,True,1.690472831895771,False,18.01040484995811,False,6.0787499254541135,False
sub-HUP165,LB,LB10,9,50.51592028742281,0.5573798182438008,"left temporal fusiform cortex, posterior",in,1.9863708496706836,True,0.5996817509096286,True,19.02101350796265,False,5.540950682292822,False
sub-HUP165,LB,LB11,10,56.233181925834366,0.5807076159722709,"left inferior temporal gyrus, posterior",in,2.0956710522929267,True,0.6783473147340452,True,21.238123967399947,False,6.25718841510109,False
sub-HUP165,LB,LB12,11,60.63026775929725,0.0,"left inferior temporal gyrus, posterior",in,3.4379024400683798,True,0.8372530140794708,True,22.13026775929725,False,5.630267759297244,False
sub-HUP165,LC,LC1,0,0.0,0.0,"left parahippocampal gyrus, posterior",in,0.0,True,0.0,True,0.0,True,0.0,True
sub-HUP165,LC,LC2,1,4.607949679187724,1.5428468141287208,"left parahippocampal gyrus, posterior",in,1.7745059009899202,True,1.9831348704259721,True,1.7576442001692394,True,1.6773078176524836,True
sub-HUP165,LC,LC3,2,10.18095606529697,2.6226514947709205,"left temporal fusiform cortex, posterior",in,2.690384287144084,True,2.944492549867146,True,3.863791889042983,False,2.6276898710198386,True
sub-HUP165,LC,LC4,3,14.739832026630822,2.916834653188157,"left temporal fusiform cortex, posterior",near,3.1569018327998317,True,3.724187037021312,True,4.908906848205059,False,2.9685426901733205,True
sub-HUP165,LC,LC5,4,19.543262069272526,4.34895558829942,left temporo-occipital fusiform cortex,in,4.714911406355154,False,5.45839999480074,False,6.666976508773657,False,4.450818235538254,False
sub-HUP165,LC,LC6,5,24.79157545958429,7.461075938884602,left temporo-occipital fusiform cortex,in,7.853312905922137,False,8.610266896406001,False,9.664083965635433,False,7.583615304850434,False
sub-HUP165,LC,LC7,6,31.300396209651893,7.919652464197715,"left inferior temporal gyrus, temporo-occipital",in,7.986328169114926,True,8.558990373851454,True,12.201421952664434,False,7.9246682492621385,True
sub-HUP165,LC,LC8,7,36.83381218465779,5.11712176418962,"left inferior temporal gyrus, temporo-occipital",in,5.117403762045176,True,5.7575673183606115,True,13.024004107021302,True,5.3259160128717244,True
sub-HUP165,LC,LC9,8,41.42519329152879,3.89899231909554,"left middle temporal gyrus, temporo-occipital",in,3.931905689584724,False,5.214407570970679,True,13.803407609246893,False,4.0918158481916045,False
sub-HUP165,LC,LC10,9,46.54411818310669,2.2584260917937033,"left middle temporal gyrus, temporo-occipital",in,2.3085202269615013,True,4.422451816419716,False,15.158476855677963,False,2.7052698178670807,True
sub-HUP165,LC,LC11,10,51.18210442094983,1.0370076446360732,"left lateral occipital cortex, inferior",near,1.4508096575710507,True,4.82082287325611,False,16.204812938643702,False,1.564617018100521,False
sub-HUP165,LC,LC12,11,56.25923470223892,1.0087767680389479e-14,,outside the brain,1.1456104046643745,True,5.208286071137795,True,17.75923470223892,False,1.2592347022389259,True
sub-HUP165,LD,LD1,0,0.0,0.0,left angular gyrus,near,0.0,True,0.0,True,0.0,True,0.0,True
sub-HUP165,LD,LD2,1,5.149280948545097,0.505829122493448,left angular gyrus,near,0.632963551513596,False,0.6861266336289055,False,1.7013115705286181,True,0.5208958956859193,True
sub-HUP165,LD,LD3,2,10.621569478463844,0.8023783891568687,"left middle temporal gyrus, temporo-occipital",in,0.9049750684294682,True,0.9928129738392967,True,3.6797645885101673,True,0.9966701496934537,True
sub-HUP165,LD,LD4,3,16.667926103119804,0.9510744346517772,left angular gyrus,in,0.9594032940106413,True,0.9590078617898031,True,6.213983887118649,False,1.8964883245663033,True
sub-HUP165,LD,LD5,4,22.31678402739879,1.9184971588149857,left angular gyrus,in,1.9304695569785,True,1.9221016458748243,True,8.45471175072828,True,2.9448492540206685,True
sub-HUP165,LD,LD6,5,27.584714722558708,0.820415987585793,left angular gyrus,near,0.8218267976947181,True,0.8988714910950062,True,10.105868356917494,False,2.700166489539422,False
sub-HUP165,LD,LD7,6,32.71312083593033,7.122753468078643e-15,,outside the brain,0.31613232394891067,True,0.8146177677296943,True,11.71312083593033,False,2.7131208359303303,False
sub-HUP165,LE,LE1,0,0.0,0.0,left insular cortex,in,0.0,True,0.0,True,0.0,True,0.0,True
sub-HUP165,LE,LE2,1,6.559780280456351,0.8759393996168295,left insular cortex,in,0.8967080590830385,True,1.265298816565173,True,3.126256058694505,True,1.737922300648884,True
sub-HUP165,LE,LE3,2,11.344124456518857,0.31316568387669536,left insular cortex,in,1.3163156538585241,True,0.3534573080057093,True,4.351085559867694,True,1.375914056593644,True
sub-HUP165,LE,LE4,3,16.150086072253778,1.4119175886841342,left insular cortex,in,3.1709230210738824,True,1.5652391269309214,True,5.763856579680896,True,1.7826379444796743,True
sub-HUP165,LE,LE5,4,23.35866273447267,2.0862062904116687,left frontal operculum,in,2.8702596480266034,True,2.2774368866354444,True,9.49727925054902,False,3.8748595808763198,True
sub-HUP165,LE,LE6,5,29.642315975735443,2.6226821643173164,left frontal operculum,near,3.3102582791221713,True,3.065085752481498,True,12.308723274633769,False,5.231033731478884,False
sub-HUP165,LE,LE7,6,36.595311230221576,2.132394179876954,"left inferior frontal gyrus, pars opercularis",near,2.508853489630696,False,3.685036167559447,True,15.678816280045051,False,6.872329479500832,False
sub-HUP165,LE,LE8,7,43.111546178150256,2.858324955036935,left middle frontal gyrus,near,3.0800379380459657,False,4.836089611357139,True,18.736000979971344,False,8.511010394965917,False
sub-HUP165,LE,LE9,8,49.193339673373565,1.5797135931820543,left middle frontal gyrus,near,2.049230483211918,False,4.73557027329197,False,21.226832208022174,False,9.303072082578396,False
sub-HUP165,LE,LE10,9,52.64244625947031,1.1634858426340993,left middle frontal gyrus,in,4.312764148011395,True,2.611483580079445,True,21.161596219604615,False,7.717791144697398,True
sub-HUP165,LE,LE11,10,57.35778725628237,1.601841742149481,left middle frontal gyrus,in,5.9749170002354735,True,2.1645783308906044,True,22.39278185440966,False,7.508276528328509,True
sub-HUP165,LE,LE12,11,62.077190663410065,7.160723346098895e-15,left middle frontal gyrus,in,7.323576534572739,True,0.6096698900333445,True,23.577190663410068,False,7.077190663410064,True
sub-HUP165,LH,LH1,0,0.0,0.0,"left cingulate gyrus, anterior",in,0.0,True,0.0,True,0.0,True,0.0,True
sub-HUP165,LH,LH2,1,5.689897020760873,0.553122323733697,"left cingulate gyrus, anterior",near,0.595161842287488,True,0.5581828460879569,True,2.232552303633054,True,0.8633914493754274,True
sub-HUP165,LH,LH3,2,12.102856191127492,1.3383712416784288,left cerebral white matter,white matter,1.7594759934683621,True,1.5869343385491748,True,5.203684911489754,False,2.430343380539413,True
sub-HUP165,LH,LH4,3,18.194115299607,3.1518709616127576,left cerebral white matter,white matter,3.529904008123481,True,3.3568855599271896,True,8.060785153982742,True,4.2959296080377065,True
sub-HUP165,LH,LH5,4,22.838775357462318,3.4127180311354475,left cerebral white matter,white matter,3.5073917525106335,True,3.4204956858250086,True,9.23599262693375,True,4.279629799775105,True
sub-HUP165,LH,LH6,5,27.39576071864403,2.7588737056658545,left frontal pole,near,2.759168162808275,False,2.8422298385543936,False,10.139058524903291,False,3.5641460939782563,False
sub-HUP165,LH,LH7,6,31.363888115576593,1.8443765916794617,left frontal pole,near,2.285542655662088,True,2.8847554915643925,True,10.473290211296261,False,2.2620359136065646,True
sub-HUP165,LH,LH8,7,36.610262682812994,2.4347504939121873,left frontal pole,in,2.898919353281591,False,3.552169037111035,False,12.27313934831415,False,2.8751520088426314,False
sub-HUP165,LH,LH9,8,43.194566444952194,1.7565720552960906,"left inferior frontal gyrus, pars triangularis",in,1.7987101711715312,True,2.3392314554398816,True,15.260269302164247,False,3.6143855562300957,True
sub-HUP165,LH,LH10,9,48.300870551767424,1.0256199211718418,"left inferior frontal gyrus, pars triangularis",in,1.2412508547050596,True,2.2490907477766875,True,16.82127627598257,False,3.4461379491822326,True
sub-HUP165,LH,LH11,10,53.545852658285035,7.324948293788351e-15,"left inferior frontal gyrus, pars triangularis",near,0.8865117788680996,True,2.333711681148357,True,18.545852658285032,False,3.5458526582850363,False
sub-HUP165,LN,LN1,0,0.0,0.0,left frontal orbital cortex,in,0.0,True,0.0,True,0.0,True,0.0,True
sub-HUP165,LN,LN2,1,6.116861040420901,0.25090490030456314,left frontal orbital cortex,in,0.47057942903692607,True,0.5807531343093768,True,2.6237374165648704,True,1.1396749754311428,True
sub-HUP165,LN,LN3,2,11.165738190617974,0.5492246855954622,left frontal orbital cortex,near,0.6142178615089745,True,0.5497353905644069,True,4.188388418554622,False,1.276426228775959,True
sub-HUP165,LN,LN4,3,16.552378014254682,0.4404770376609213,left cerebral white matter,white matter,0.7397318701383467,True,0.49118468777350816,True,6.0625389081506,False,1.608021248440534,False
sub-HUP165,LN,LN5,4,23.661795218582235,2.0373126576427585,left cerebral white matter,white matter,2.160634649777688,True,2.375745763232238,True,9.788292530687393,False,4.113827688674637,True
sub-HUP165,LN,LN6,5,29.358831432940164,2.1968970954839278,left cerebral white matter,white matter,2.3083192378229684,True,2.571619141653007,True,11.979682021860404,True,4.807804133838288,True
sub-HUP165,LN,LN7,6,34.60716222767485,1.7329062873133148,left cerebral white matter,white matter,1.75572279578285,True,2.0189801366708435,True,13.673998636183319,True,4.881676448949827,True
sub-HUP165,LN,LN8,7,40.769550839840576,1.8158700455757064,left cerebral white matter,white matter,1.9585586498748324,True,2.4290804964310984,True,16.330364167398237,True,6.009981118955455,True
sub-HUP165,LN,LN9,8,46.21508797929558,2.2570048008547876,left cerebral white matter,white matter,2.3016472354089963,True,2.686048037945942,True,18.299660657329678,True,6.560408642891767,True
sub-HUP165,LN,LN10,9,52.11552473593246,3.3940600560347307,left cerebral white matter,white matter,3.443676159730649,False,3.8019690973233264,False,20.783888849582507,True,7.783834912480343,True
sub-HUP165,LN,LN11,10,58.554488622874715,1.5778779252059563,left superior frontal gyrus,near,2.107571724725238,False,3.087331228177662,False,23.58606329517522,False,8.677881604409347,False
sub-HUP165,LN,LN12,11,63.77001345792568,0.0,left middle frontal gyrus,in,0.9203827078384296,False,2.3024926845489575,False,25.270013457925682,False,8.770013457925684,False
sub-HUP165,RA,RA1,0,0.0,0.0,"right parahippocampal gyrus, anterior",in,0.0,True,0.0,True,0.0,True,0.0,True
sub-HUP165,RA,RA2,1,5.584627055211114,0.4981996512791134,right hippocampus,in,0.546894616857152,True,0.49885672753572524,True,2.121682000444758,True,0.7513004984429908,True
sub-HUP165,RA,RA3,2,10.732381968472454,1.1862461006014577,right hippocampus,in,1.4946461515099705,True,1.2909516409037098,True,3.8537388202527993,True,1.360722538929554,True
sub-HUP165,RA,RA4,3,16.598053467435253,1.8722340073063861,right hippocampus,near,2.0652292025411985,False,1.8918526023074498,False,6.277801954765339,False,2.3940950306069024,False
sub-HUP165,RA,RA5,4,22.158085863506745,5.137444389741463,"right parahippocampal gyrus, posterior",in,5.380091087046039,False,5.198980427276947,False,9.135679404144115,False,5.367415903252532,False
sub-HUP165,RA,RA6,5,25.361270444990556,3.0539210786495405,"right temporal fusiform cortex, posterior",in,4.846317897900441,True,4.118361978930359,True,8.261874978190876,False,3.05903032723749,True
sub-HUP165,RA,RA7,6,30.198891229578052,1.1768935358193797,"right temporal fusiform cortex, posterior",in,4.701440494179077,False,3.55240282444377,False,9.251115348169415,False,1.189973430897851,True
sub-HUP165,RA,RA8,7,35.844740919922806,2.082052513225196,"right inferior temporal gyrus, posterior",in,5.169274731340958,True,3.928569529088587,True,11.474693796095469,False,2.2248474198840693,True
sub-HUP165,RA,RA9,8,40.88073935815995,4.278369525771776,"right inferior temporal gyrus, posterior",in,7.0849913562687465,True,5.889476232556542,True,13.359828932780859,False,4.328406828685238,True
sub-HUP165,RA,RA10,9,47.229722742007056,3.7745900951843163,"right inferior temporal gyrus, posterior",in,6.27509096825159,True,4.956877658158754,True,16.029405202899543,False,4.309096370749658,True
sub-HUP165,RA,RA11,10,56.27774613335242,1.9791013783676543,"right inferior temporal gyrus, posterior",in,2.56811306773794,False,2.012183228190808,False,21.3349286112055,True,6.549129264938943,True
sub-HUP165,RA,RA12,11,63.415165031761774,0.0,"right inferior temporal gyrus, temporo-occipital",near,0.25229211015102565,True,1.9476442583850553,False,24.915165031761774,False,8.415165031761779,False
sub-HUP165,RB,RB1,0,0.0,0.0,"right parahippocampal gyrus, anterior",in,0.0,True,0.0,True,0.0,True,0.0,True
sub-HUP165,RB,RB2,1,6.1225770679821885,0.8084666802927204,"right parahippocampal gyrus, anterior",near,0.8152450883707283,True,0.9407376094826985,True,2.6931761177139593,False,1.340262562235174,True
sub-HUP165,RB,RB3,2,12.760732054339444,2.964118094178229,"right parahippocampal gyrus, posterior",in,3.0033075703993433,True,3.2114116640949217,True,6.170290789752427,False,3.821294406968433,False
sub-HUP165,RB,RB4,3,17.95335653221795,3.9730148388661055,"right temporal fusiform cortex, posterior",in,3.991522304982688,True,4.042143208751056,True,8.05606312710091,False,4.698517984573887,False
sub-HUP165,RB,RB5,4,20.824383751809776,4.4854519546391876,"right temporal fusiform cortex, posterior",in,5.702121368701026,True,4.917777896875409,True,7.762654910557945,False,4.497987433701825,True
sub-HUP165,RB,RB6,5,26.233401767614094,4.148736662647418,"right temporal fusiform cortex, posterior",in,5.70569210036246,True,4.621623220828861,True,9.371603289805597,True,4.2459287611239285,True
sub-HUP165,RB,RB7,6,31.416346724042413,3.243183080261457,"right temporal fusiform cortex, posterior",near,5.576017590128249,False,3.9639848442320327,False,10.749415818852823,False,3.4751953698478206,False
sub-HUP165,RB,RB8,7,36.70163416384835,3.8747109846164345,"right inferior temporal gyrus, temporo-occipital",in,6.526509979961885,True,4.676902878753392,True,12.606747091798946,False,4.153670863137332,False
sub-HUP165,RB,RB9,8,43.80900256542187,2.6963119833357037,"right inferior temporal gyrus, temporo-occipital",in,4.812708520285292,True,2.8681005254470446,True,15.955424382024098,False,4.5992166223246285,True
sub-HUP165,RB,RB10,9,51.02039531513872,0.6805940715939888,"right inferior temporal gyrus, temporo-occipital",in,2.746302092610059,True,0.9938526630386125,True,19.527719550765354,False,6.054232217387205,True
sub-HUP165,RB,RB11,10,58.31982993192906,0.17023737794802452,"right inferior temporal gyrus, temporo-occipital",near,1.3318856787409075,True,2.4459485581811675,False,23.32020284166042,True,8.321323005168951,False
sub-HUP165,RB,RB12,11,63.72888540307002,1.5987211554602254e-14,,outside the brain,1.8757116161281187,True,2.2613646296933045,False,25.228885403070016,False,8.72888540307002,False
sub-HUP165,RC,RC1,0,0.0,0.0,"right parahippocampal gyrus, posterior",in,0.0,True,0.0,True,0.0,True,0.0,True
sub-HUP165,RC,RC2,1,4.743754953720444,1.378484755871588,"right parahippocampal gyrus, posterior",in,1.7642633883479437,True,1.7321724067502915,True,1.726223847796768,True,1.453510752045395,True
sub-HUP165,RC,RC3,2,10.141457646978399,3.1955194274729917,right temporo-occipital fusiform cortex,in,3.5988620788123256,False,3.5520595904970653,False,4.135360213806141,False,3.2174646487776597,False
sub-HUP165,RC,RC4,3,15.197320354491703,3.1001668426774356,right temporo-occipital fusiform cortex,in,3.7126244588055264,False,3.6288389396627365,False,5.364303222731404,False,3.102576182624512,False
sub-HUP165,RC,RC5,4,21.556096216278416,4.724045166409466,right temporo-occipital fusiform cortex,in,4.965167348217889,False,4.904927441314026,False,8.471531713103536,True,4.835473730741404,False
sub-HUP165,RC,RC6,5,25.88420625360416,4.7246463115957225,right temporo-occipital fusiform cortex,in,5.467383695237273,False,5.340832573206685,False,9.247409590099616,False,4.7459673277621635,False
sub-HUP165,RC,RC7,6,31.124913140822418,3.7398423086547115,"right inferior temporal gyrus, temporo-occipital",in,4.75799986202673,True,4.571051268166704,True,10.582288121066126,False,3.846474539875115,False
sub-HUP165,RC,RC8,7,37.949083658759285,3.2624215395411325,"right middle temporal gyrus, temporo-occipital",in,3.6661127781504064,True,3.5145291532230205,True,13.702627109572973,False,4.304831926725909,True
sub-HUP165,RC,RC9,8,43.76051992203214,4.644801479330302,"right middle temporal gyrus, temporo-occipital",in,4.9152130279910695,True,4.794900663805985,True,16.19374090703887,False,5.823881058726156,True
sub-HUP165,RC,RC10,9,49.22858996769489,3.4007591633413896,"right middle temporal gyrus, temporo-occipital",in,3.7800396953304207,True,3.599865538882685,True,17.9363312008772,False,5.3352943265085315,True
sub-HUP165,RC,RC11,10,54.26003601342156,1.2350411021037337,"right middle temporal gyrus, temporo-occipital",near,2.484222106662776,False,2.04790851161411,False,19.285564920916496,False,4.421952035913463,False
sub-HUP165,RC,RC12,11,59.26891874591029,0.0,,outside the brain,2.77267000095708,True,2.1986020274664266,True,20.76891874591029,False,4.268918745910292,False
sub-HUP165,RD,RD1,0,0.0,0.0,"right middle temporal gyrus, temporo-occipital",in,0.0,True,0.0,True,0.0,True,0.0,True
sub-HUP165,RD,RD2,1,3.9516105638388614,1.0208706367509246,"right middle temporal gyrus, temporo-occipital",in,1.9335239761896696,True,2.0437250451651097,True,1.0690938820064746,True,1.5622300516847274,True
sub-HUP165,RD,RD3,2,8.097913839527326,1.1774192557665972,"right middle temporal gyrus, temporo-occipital",in,3.1365597482437693,True,3.376025754840476,True,1.5524740662679315,True,2.3106316887416702,True
sub-HUP165,RD,RD4,3,12.989893899333168,0.9036385804350963,right angular gyrus,in,3.53749517357462,True,3.9112617309377025,True,2.6192397008956005,False,2.232619715544877,True
sub-HUP165,RD,RD5,4,18.339749893292367,3.8410540377924005,right angular gyrus,in,5.477524356338461,True,5.854883227998783,True,5.497475600900618,True,4.361898364235194,True
sub-HUP165,RD,RD6,5,23.54106608725986,2.93563101570112,right angular gyrus,in,4.91363413583913,False,5.442149746583333,False,6.551793113465333,True,3.3639804747672923,False
sub-HUP165,RD,RD7,6,28.626767490351398,1.413947769017756,,outside the brain,4.398736392772169,True,5.134439803130815,True,7.7223755940599625,False,1.9955449423084841,True
sub-HUP165,RD,RD8,7,34.46637131626749,8.702335715267317e-15,,outside the brain,3.7502641200471887,True,4.64932372133587,True,9.966371316267491,False,0.5336286837325064,True
sub-HUP165,RE,RE1,0,0.0,0.0,right insular cortex,near,0.0,True,0.0,True,0.0,True,0.0,True
sub-HUP165,RE,RE2,1,5.18356678155919,0.7013006734900673,right insular cortex,near,1.0675859697185484,True,0.8343687535880511,True,1.7798917774907812,True,0.7143482203220733,True
sub-HUP165,RE,RE3,2,11.095385704968708,2.2429241706450873,right putamen,near,2.4620456188081175,False,2.264190270938674,False,4.469801633244443,False,2.4044160140242825,False
sub-HUP165,RE,RE4,3,15.744703394313664,3.454757763763919,right putamen,near,4.241984435353502,False,3.728725294009738,False,5.963612684181309,False,3.4735676913461258,False
sub-HUP165,RE,RE5,4,22.57232872216125,3.723395671149939,right putamen,near,4.014275537388562,False,3.724452266177152,False,9.063264685961824,False,4.357220540241388,False
sub-HUP165,RE,RE6,5,29.810607116888626,3.8426409461569886,right insular cortex,near,3.8452745860312687,True,4.170992902774416,True,12.659206733325336,True,5.964636992166211,False
sub-HUP165,RE,RE7,6,35.513675997917794,2.9271842498707725,right cerebral white matter,white matter,2.9380291657218125,True,3.470877772558897,False,14.687481382979703,False,6.136047414355203,False
sub-HUP165,RE,RE8,7,41.428746742788434,2.574597156647046,right cerebral white matter,white matter,2.5855018075964336,True,3.408038651887492,True,17.044243292370556,False,6.850851084363543,True
sub-HUP165,RE,RE9,8,48.956928496406164,3.250648381979185,right cerebral white matter,white matter,3.5092517098716693,True,5.267800683072775,True,21.100781092430605,False,9.427066531309057,True
sub-HUP165,RE,RE10,9,55.635373732881185,3.3127654605993007,right superior frontal gyrus,near,3.90583880795531,False,6.2036252928813616,False,24.263869202754627,False,11.045160903514956,False
sub-HUP165,RE,RE11,10,60.78487461421674,0.9977195630754424,right superior frontal gyrus,in,1.6934126846123752,True,4.997723780192305,False,25.795987584478468,False,10.822772347413176,False
sub-HUP165,RE,RE12,11,64.32700811291421,0.0,right superior frontal gyrus,in,1.0222334356680276,True,2.859487339537497,True,25.827008112914218,False,9.32700811291422,False
sub-HUP165,RF,RF1,0,0.0,0.0,right planum polare,near,0.0,True,0.0,True,0.0,True,0.0,True
sub-HUP165,RF,RF2,1,6.115086702854067,0.4960717498042451,right Heschl's gyrus,in,0.496481002655417,True,0.7093035892298667,True,2.641923573318387,True,1.2020664066684723,True
sub-HUP165,RF,RF3,2,11.762254031468762,1.1171776481409024,right insular cortex,in,1.2327307673477188,True,1.2378821258123953,True,4.839784305342022,False,2.0418220686414967,True
sub-HUP165,RF,RF4,3,17.523432749795774,0.7852577216769935,right central operculum,in,1.1494666050510223,True,1.0803400342915062,True,7.0497004431389225,False,2.6259876337998027,False
sub-HUP165,RF,RF5,4,24.0366020473596,1.5795175644685004,right central operculum,in,1.6495952982927933,True,2.2717803192743786,True,10.1088120376776,False,4.286292006944269,True
sub-HUP165,RF,RF6,5,31.15772517824022,2.159128057485137,right cerebral white matter,white matter,2.21794499388767,True,3.813207524988366,False,13.753362006180575,False,6.454656678734027,False
sub-HUP165,RF,RF7,6,39.662258637159695,3.281158796969519,right precentral gyrus,in,4.3367817846330725,False,6.837309217761359,False,18.814621070726897,False,10.075538835272285,False
sub-HUP165,RF,RF8,7,43.6380856461846,5.545066579439065,right precentral gyrus,in,5.565694574921933,True,6.93724933667427,True,19.585695845323684,False,9.968860522819964,False
sub-HUP165,RF,RF9,8,47.45334272773622,7.336953996880212,right middle frontal gyrus,in,7.6147394043476595,False,7.653705381349244,False,20.258029763689876,False,10.059952363970288,False
sub-HUP165,RF,RF10,9,51.405337331731985,6.660157828399938,right middle frontal gyrus,in,7.802020055942917,True,6.6948277595775,False,20.579573911633656,False,8.945569576024372,True
sub-HUP165,RF,RF11,10,56.900829667540926,2.642067227016325,right middle frontal gyrus,in,5.056557497637311,True,2.81103425515651,True,21.998691122672945,False,7.3320320759973665,False
sub-HUP165,RF,RF12,11,62.482763621940585,7.105427357601002e-15,right middle frontal gyrus,in,4.7831901094541625,True,1.0152428485638656,True,23.98276362194058,False,7.482763621940582,True
sub-HUP165,RH,RH1,0,0.0,0.0,"right cingulate gyrus, anterior",in,0.0,True,0.0,True,0.0,True,0.0,True
sub-HUP165,RH,RH2,1,4.506679512066675,0.7818673556989402,right paracingulate gyrus,near,1.229852260795324,True,1.3903018540429832,True,1.2213904576573693,True,0.9626945686175512,True
sub-HUP165,RH,RH3,2,10.483410456442098,1.7545871872065804,right cerebral white matter,white matter,1.808865015634966,True,1.9454583839107298,True,3.7688700143918465,False,1.786382116341835,True
sub-HUP165,RH,RH4,3,15.056647715971195,1.7690059336516102,right cerebral white matter,white matter,2.143594350143953,True,2.5319804621595967,True,4.790923481507146,True,1.7696471289894367,True
sub-HUP165,RH,RH5,4,19.478912833713974,2.814186852333141,right cerebral white matter,white matter,3.6194326223452977,False,4.170042501057174,False,5.978340751186344,True,2.906186647793009,True
sub-HUP165,RH,RH6,5,23.216767839860776,4.155445413932408,right frontal pole,near,5.8351272232233775,False,6.576969962965007,False,6.767806006460214,False,4.6824452497875875,True
sub-HUP165,RH,RH7,6,27.98939162772354,2.3368559536244207,right frontal pole,in,5.012390141611338,True,6.101326639750488,True,7.2770862704917345,False,3.147373390430992,True
sub-HUP165,RH,RH8,7,34.961103818173264,1.6685407955048144,right frontal pole,in,3.2529113211212417,True,4.514119118332235,True,10.553994189972233,False,1.6703974319394541,True
sub-HUP165,RH,RH9,8,41.095835052446155,1.2139836751494804,right frontal pole,in,2.3596507578292494,True,3.823588250079149,True,13.134124849460886,True,1.6234610135964476,True
sub-HUP165,RH,RH10,9,47.34060392753219,0.1442040276812375,right frontal pole,in,1.157608856515215,False,2.9547445890930124,False,15.841040669403576,True,2.344822692856762,True
sub-HUP165,RH,RH11,10,51.99646382135513,0.47882217801974725,right frontal pole,near,1.9423258123571905,False,3.914698901575576,False,17.001003293921972,False,2.050936379279995,True
sub-HUP165,RH,RH12,11,57.50259552408673,7.16073679395914e-15,,outside the brain,1.7617087758382148,True,3.964925249289995,True,19.002595524086725,False,2.5025955240867335,True
sub-HUP165,RI,RI1,0,0.0,0.0,"left cingulate gyrus, posterior",in,0.0,True,0.0,True,0.0,True,0.0,True
sub-HUP165,RI,RI2,1,6.899596045027875,5.127817628728268,"right cingulate gyrus, posterior",in,5.183019875213368,True,5.219070405492239,True,5.247910389569563,True,5.142155715481711,True
sub-HUP165,RI,RI3,2,11.641525776080558,6.939787842951355,"right cingulate gyrus, posterior",in,7.078512283978926,True,7.176765118554213,True,7.325884022166527,True,6.970451920959991,True
sub-HUP165,RI,RI4,3,16.982237524838926,6.910505905151401,right precuneus,in,6.93646140840081,False,7.022871429514423,False,8.537061868714114,False,6.929492657705725,False
sub-HUP165,RI,RI5,4,20.909286947723686,6.283035675117473,right precuneus,near,6.468981792962349,False,6.728979163315847,False,8.648429777616052,False,6.283294565715119,False
sub-HUP165,RI,RI6,5,26.007827072104384,6.7964264164568196,right postcentral gyrus,near,7.017973331787568,False,7.364273604044549,False,10.198710426949722,False,6.797223558086806,False
sub-HUP165,RI,RI7,6,30.59856910254892,5.9215754593406755,right postcentral gyrus,near,6.318483207824159,False,6.88247564599848,False,10.790159949874331,False,5.921609627558261,False
sub-HUP165,RI,RI8,7,37.412710720943615,3.6711589804543023,right superior parietal lobule,near,3.6890414689124142,False,4.126151206733639,False,13.250857717686094,True,4.296502432653531,True
sub-HUP165,RI,RI9,8,42.92131597527919,2.758836947109929,"right supramarginal gyrus, posterior",in,2.7620456485169904,True,3.333491433544369,True,15.086948437597808,False,3.9540582486872173,True
sub-HUP165,RI,RI10,9,47.63684548853058,2.2923850897120284,"right supramarginal gyrus, posterior",in,2.4134235744794164,True,3.5494882679410074,True,16.244220497702965,False,3.4525322277491255,True
sub-HUP165,RI,RI11,10,51.701475027993105,1.1627332729918993,"right supramarginal gyrus, posterior",in,2.3295895241487123,True,4.349461710398552,True,16.7288554139837,False,2.0500339512565566,True
sub-HUP165,RI,RI12,11,55.4460641268187,1.443119118362539e-14,"right supramarginal gyrus, posterior",in,3.631714319453712,True,6.021456646558024,True,16.94606412681869,True,0.4460641268186981,True
sub-HUP165,RK,RK1,0,0.0,0.0,right temporal pole,in,0.0,True,0.0,True,0.0,True,0.0,True
sub-HUP165,RK,RK2,1,5.0620014558651905,0.660461467680607,right temporal pole,in,0.6780157777621745,True,0.8719106863104994,True,1.6561249144517687,True,0.6607269919387344,True
sub-HUP165,RK,RK3,2,10.167277530473292,0.22066033039323435,"right parahippocampal gyrus, anterior",near,0.2842253315181575,True,1.0348298762717472,True,3.172565811335838,False,0.27545835245718264,False
sub-HUP165,RK,RK4,3,15.282726366218652,0.2794665925000678,"right parahippocampal gyrus, anterior",near,0.36570044379374667,False,1.5097888723051616,False,4.788333288663043,True,0.39572379960956366,False
sub-HUP165,RK,RK5,4,21.38765745400958,0.7510955335061914,"right temporal fusiform cortex, posterior",near,1.017497563066542,False,1.2326308595775433,True,7.412616006788683,False,1.566300761614688,False
sub-HUP165,RK,RK6,5,26.780413976164557,2.938938849677457,"right temporal fusiform cortex, posterior",in,3.035263455729444,True,3.222222502600352,True,9.58057271134699,False,3.35520952230189,True
sub-HUP165,RK,RK7,6,31.46254693977524,2.941962546834187,"right temporal fusiform cortex, posterior",in,2.956478733071792,True,3.675395314547963,True,10.735666547308355,False,3.226448342268186,True
sub-HUP165,RK,RK8,7,36.71188607979097,0.0,"right temporal fusiform cortex, posterior",in,0.5077877040682319,True,2.4038089578123936,True,12.211886079790974,True,1.7118860797909743,True
sub-HUP165,RN,RN1,0,0.0,0.0,right frontal orbital cortex,in,0.0,True,0.0,True,0.0,True,0.0,True
sub-HUP165,RN,RN2,1,5.374707244964096,0.09224535236057357,right frontal orbital cortex,in,0.679944672019199,True,0.233072280813608,True,1.8761846502783788,True,0.3851260484185571,True
sub-HUP165,RN,RN3,2,10.644496374747595,2.184239920775643,right frontal orbital cortex,in,2.753866600237582,True,2.3120033711020964,True,4.0562940496234745,True,2.2238738708473877,True
sub-HUP165,RN,RN4,3,16.793679456409365,2.7580036491961066,right frontal pole,near,3.177059726478802,False,2.7651168373636694,False,6.663243450813949,False,3.1714152720438795,False
sub-HUP165,RN,RN5,4,24.767225192569217,2.2258106269678355,right frontal orbital cortex,near,2.2762878021363844,False,3.2115876172708586,False,10.896754613326276,True,5.170607588118624,False
sub-HUP165,RN,RN6,5,31.357541633989243,2.068679241685413,right frontal operculum,near,2.3205160603515202,True,3.936780666453211,False,13.943540742568722,False,6.620714596893523,False
sub-HUP165,RN,RN7,6,36.95089475650259,3.351418680293232,right frontal operculum,near,3.390476647076764,True,4.683002317523275,True,16.1501585335608,False,7.579769471363295,True
sub-HUP165,RN,RN8,7,42.641994902945655,1.6636540547201686,right middle frontal gyrus,near,1.6864766788585026,False,3.869705731351616,False,18.185785524495547,False,7.789267006785575,False
sub-HUP165,RN,RN9,8,49.373811341012136,2.927449004692457,right middle frontal gyrus,in,3.064545775136774,True,5.438434423131233,False,21.487301656667835,False,9.737421085928741,False
sub-HUP165,RN,RN10,9,53.76316552947966,2.225807835754024,right middle frontal gyrus,in,2.336637594861521,True,4.085097290484576,True,22.328288714496967,False,8.996752318226816,False
sub-HUP165,RN,RN11,10,58.41789351998836,1.6950640127495968,right middle frontal gyrus,in,2.685109127938184,True,3.0318459530370983,True,23.454627457927295,False,8.5627485737723,True
sub-HUP165,RN,RN12,11,62.93857431831912,7.105427357601002e-15,right middle frontal gyrus,in,3.5847388493955608,True,1.4710535449424018,True,24.43857431831912,False,7.938574318319117,True
sub-HUP166,LA,LA1,0,0.0,0.0,left hippocampus,in,0.0,True,0.0,True,0.0,True,0.0,True
sub-HUP166,LA,LA2,1,4.81534599965951,0.1754513263224312,left hippocampus,in,0.17574540158434057,True,0.7953998985269835,True,1.3238266715906,True,0.2570434301369364,True
sub-HUP166,LA,LA3,2,10.009544035968748,0.27695731401603213,left hippocampus,in,0.48795507673103583,True,1.2025290628135568,True,3.01844465353339,True,0.2770162038712139,True
sub-HUP166,LA,LA4,3,13.829820221462546,0.5273886379582863,left hippocampus,in,0.7885213256704618,True,2.9909720231322305,True,3.3613911625785997,True,1.2927116242717933,True
sub-HUP166,LA,LA5,4,18.63575774808186,0.37870805254961803,left hippocampus,in,0.6893733445974047,True,3.739143952921084,False,4.647365304300969,True,1.4195392703582466,True
sub-HUP166,LA,LA6,5,23.445555526538268,0.26508275865631814,left hippocampus,near,0.6248848887980741,True,4.503533540392832,False,5.949964839442057,False,1.5783623548294625,True
sub-HUP166,LA,LA7,6,28.220553494094943,0.6660882793490315,left planum polare,near,0.8959594871570399,False,5.356621930905752,False,7.243382728725786,False,1.9073921991185145,False
sub-HUP166,LA,LA8,7,32.84750730247555,0.9764463037332533,left cerebral white matter,white matter,1.2503077376068559,True,6.35813016599013,False,8.390005006162625,False,2.3768416040675624,False
sub-HUP166,LA,LA9,8,36.928285290834445,0.42621915307084807,"left middle temporal gyrus, posterior",near,1.5498221048840646,True,7.789495426509821,False,8.935995989451678,False,3.103580413264331,True
sub-HUP166,LA,LA10,9,41.35693248396967,0.17545132632242813,"left middle temporal gyrus, posterior",near,1.8695644692158366,False,8.936770029662979,False,9.85812175139656,False,3.6476617011587313,False
sub-HUP166,LA,LA11,10,46.16870889489632,7.377764055609925e-15,"left middle temporal gyrus, posterior",in,1.8511509597212965,True,9.710855444537069,True,11.168708894896321,False,3.8312911051036775,True
sub-HUP166,LB,LB1,0,0.0,0.0,"left parahippocampal gyrus, posterior",in,0.0,True,0.0,True,0.0,True,0.0,True
sub-HUP166,LB,LB2,1,4.303363516970535,0.29564488715770304,"left temporal fusiform cortex, posterior",in,0.6382507492182184,True,1.3280852952039035,True,0.8465020675629642,True,0.7661447854872131,True
sub-HUP166,LB,LB3,2,9.781090537860988,0.09791756344274141,"left temporal fusiform cortex, posterior",in,0.11638610061826295,True,1.3987439799372754,True,2.782323930701152,True,0.24025826105073614,True
sub-HUP166,LB,LB4,3,14.619960645624406,0.3917054711388568,"left temporal fusiform cortex, posterior",in,0.3935617180189392,True,2.184561494288103,True,4.1333147262616885,True,0.549435869713944,True
sub-HUP166,LB,LB5,4,19.25215514237867,0.3229750909386155,"left inferior temporal gyrus, posterior",in,0.3726707684751245,True,3.11914635700323,True,5.259372055590876,False,0.8170951433191149,True
sub-HUP166,LB,LB6,5,23.85475859962514,0.12909687867058706,"left inferior temporal gyrus, posterior",in,0.45836791461022447,True,4.087412102524345,True,6.355720512560862,False,1.1528417558798298,True
sub-HUP166,LB,LB7,6,29.032841310506797,0.39764566108478683,"left inferior temporal gyrus, posterior",in,0.416219105715368,True,4.5151647755163244,False,8.039957559072095,True,1.0482333323669253,False
sub-HUP166,LB,LB8,7,33.555864936862704,0.4820332415082476,"left inferior temporal gyrus, temporo-occipital",in,0.6659607796142414,True,5.584136420058716,True,9.065227390012167,False,1.5257439095805112,True
sub-HUP166,LB,LB9,8,38.704457241899036,0.6952947554252129,"left inferior temporal gyrus, temporo-occipital",in,0.716384015142332,True,6.04555569759495,False,10.720781908514363,False,1.4758346853471473,True
sub-HUP166,LB,LB11,9,48.25130520977393,0.3893226525057229,,outside the brain,0.5160388453370909,True,7.63975621550199,True,13.255453114535847,False,1.7930424812237185,True
sub-HUP166,LB,LB12,10,53.73720358887296,1.0058400026574543e-14,,outside the brain,0.28991541977591784,True,7.730317184503766,True,15.23720358887296,False,1.2627964111270433,True
sub-HUP166,LC,LC1,0,0.0,0.0,"left parahippocampal gyrus, posterior",in,0.0,True,0.0,True,0.0,True,0.0,True
sub-HUP166,LC,LC2,1,4.781251453040673,0.6837759237075312,"left temporal fusiform cortex, posterior",in,0.6993652386891912,True,1.0954594990883626,True,1.4091244726462542,False,0.7343822887779466,True
sub-HUP166,LC,LC3,2,9.120780928209637,0.4088061230854287,"left temporal fusiform cortex, posterior",in,0.7647194411394379,True,2.104388130917627,True,2.1508228782095427,True,0.9779319515559324,True
sub-HUP166,LC,LC4,3,14.560351481999263,0.4241211375267054,"left temporal fusiform cortex, posterior",near,0.4321018696884396,False,2.2500301671061442,False,4.07629719200906,False,0.615337554022755,False
sub-HUP166,LC,LC5,4,19.528149905768316,0.8533097792684287,left temporo-occipital fusiform cortex,in,0.8533329231072445,True,2.9676533063515382,True,5.575186335099921,False,0.9842408593408057,True
sub-HUP166,LC,LC6,5,24.15828665318052,0.5080789471189426,"left inferior temporal gyrus, temporo-occipital",in,0.5626758474331185,True,3.820771241681016,True,6.672315842346618,False,0.9877496030715459,True
sub-HUP166,LC,LC7,6,29.384693101897923,0.8539589428446844,"left inferior temporal gyrus, temporo-occipital",in,0.8596333199960053,True,4.242294952183237,True,8.415720393888364,False,1.059847118550842,True
sub-HUP166,LC,LC8,7,34.56353509179543,0.9372079115049243,"left inferior temporal gyrus, temporo-occipital",in,1.0182963548680728,True,4.66008423542999,True,10.094427590392174,True,1.0392861321520674,True
sub-HUP166,LC,LC9,8,39.15576754585355,0.4025962173779136,"left inferior temporal gyrus, temporo-occipital",in,0.4207138395910572,True,5.564536809032111,False,11.16096131463575,True,0.9371825826992107,True
sub-HUP166,LC,LC10,9,44.60022076352115,0.5946723906231377,"left lateral occipital cortex, inferior",in,0.9076795401470767,True,5.726313613318646,True,13.109750521140269,False,0.7187797994724421,True
sub-HUP166,LC,LC11,10,49.23970181322139,8.881784197001252e-16,"left lateral occipital cortex, inferior",in,0.4502456101501799,True,6.639862526211999,False,14.239701813221387,False,0.7602981867786126,True
sub-HUP166,LD,LD1,0,0.0,0.0,left temporo-occipital fusiform cortex,in,0.0,True,0.0,True,0.0,True,0.0,True
sub-HUP166,LD,LD2,1,5.202051659920404,2.4915336550380864,left temporo-occipital fusiform cortex,in,2.5019935549580734,True,2.6927609001615442,True,2.710225239834015,True,2.5289519028610465,True
sub-HUP166,LD,LD3,2,9.24531893837566,4.431595730666576,left temporo-occipital fusiform cortex,in,4.671009439275391,True,5.386501120288383,True,4.5694661621640185,True,4.816229160049186,True
sub-HUP166,LD,LD4,3,13.568466287128105,4.4938400522798165,left temporo-occipital fusiform cortex,in,4.764392861391707,False,5.99045902786251,False,5.049449977034093,True,5.002279745289002,False
sub-HUP166,LD,LD5,4,18.25791439711351,4.249880227303974,"left lateral occipital cortex, inferior",in,4.482124042186045,False,6.259342133018489,True,5.672042704167824,False,4.805746113947647,True
sub-HUP166,LD,LD6,5,22.457359032431818,2.800847125480663,"left lateral occipital cortex, inferior",in,3.2730602572047975,True,6.313086757831793,True,5.541878756942523,False,3.902842872864185,True
sub-HUP166,LD,LD7,6,26.280861593180223,1.5233581272662733,"left lateral occipital cortex, inferior",in,2.9566741036015936,True,7.448506028876285,True,5.45374873527363,True,4.059955918749103,True
sub-HUP166,LD,LD8,7,31.434800165492852,0.0,"left lateral occipital cortex, inferior",in,2.1310198026322182,True,7.680894872110516,False,6.934800165492852,True,3.565199834507149,True
sub-HUP166,LE,LE1,0,0.0,0.0,left temporal pole,in,0.0,True,0.0,True,0.0,True,0.0,True
sub-HUP166,LE,LE2,1,5.3703956232262415,0.3721000497866476,left temporal pole,near,0.446893301527114,False,0.4376911987385937,True,1.8943929465062095,False,0.5160009562314057,False
sub-HUP166,LE,LE3,2,10.474344183351038,0.38232817110903344,"left parahippocampal gyrus, anterior",near,0.45538154613855447,False,0.8051187392326808,True,3.48837908566151,False,0.6038245060690968,False
sub-HUP166,LE,LE4,3,15.582254641477608,0.3952807739608409,"left parahippocampal gyrus, anterior",near,0.46624821131310595,True,1.2507339732799083,True,5.0926039631560105,True,0.6996092909588596,True
sub-HUP166,LE,LE5,4,20.691202068654366,0.4107044377908845,"left parahippocampal gyrus, anterior",near,0.4793393578038243,False,1.714615038994274,False,6.699725867954938,True,0.8005121503303261,False
sub-HUP166,LE,LE6,5,25.96847476286799,0.9837115865509032,"left temporal fusiform cortex, posterior",near,1.061881267412707,False,2.2198139316941883,True,8.506904161291146,False,1.3674344886262313,False
sub-HUP166,LE,LE7,6,31.16455820676779,0.790539632332473,"left temporal fusiform cortex, posterior",in,0.9325040934474925,True,2.5014140615526648,True,10.185255571637569,False,1.3992470386751723,True
sub-HUP166,LE,LE8,7,36.019797741496156,0.4691438901439517,"left temporal fusiform cortex, posterior",in,0.5301014641287107,True,3.1342628190788626,True,11.526293921923704,False,1.11975939576827,True
sub-HUP166,LE,LE9,8,41.1295599203338,0.4918824664227749,"left temporal fusiform cortex, posterior",in,0.5502754300645292,True,3.610694268156668,True,13.135831230918454,False,1.2293159277036037,True
sub-HUP166,LE,LE10,9,46.239371530407205,0.5159041551833836,"left temporal fusiform cortex, posterior",in,0.571799196011772,True,4.087800228239132,True,14.745521183918942,True,1.33980335832887,True
sub-HUP166,LE,LE11,10,51.19356685186451,0.03432260103322454,"left temporal fusiform cortex, posterior",in,0.09973348706198974,True,4.686134689318633,True,16.193591719829094,True,1.1940487448898347,True
sub-HUP166,LE,LE12,11,56.30343146264813,0.0,"left temporal fusiform cortex, posterior",in,0.09352621417358448,True,5.164089310728596,False,17.803431462648124,True,1.3034314626481245,True
sub-HUP166,LF,LF1,0,0.0,0.0,left central operculum,in,0.0,True,0.0,True,0.0,True,0.0,True
sub-HUP166,LF,LF2,1,4.583340141968404,0.260516436956688,left central operculum,in,0.26062420876463305,True,1.0450194852805919,True,1.1070206902014839,True,0.4976986343453972,True
sub-HUP166,LF,LF3,2,9.657152572046314,0.7029068395340158,left central operculum,in,0.8426229524597693,True,1.6968125397864386,True,2.723796707276371,True,0.7936261828156408,True
sub-HUP166,LF,LF4,3,14.124839082011738,0.3255676335505165,left precentral gyrus,in,0.4934535648953496,True,2.662760796461813,True,3.6356927740306513,False,0.9372743304168508,True
sub-HUP166,LF,LF5,4,18.699060675204755,0.2708162010214946,left precentral gyrus,near,0.4532127837221343,True,3.6647463032546703,True,4.704900092272142,False,1.3307483596864598,True
sub-HUP166,LF,LF6,5,23.276827821810976,0.42016475091938926,left precentral gyrus,near,0.5506469985502506,True,4.685623135905272,False,5.788305082279319,False,1.7773421937868554,False
sub-HUP166,LF,LF7,6,27.856506572102628,0.6445490345209968,,outside the brain,0.7327322818653708,True,5.715151982618106,True,6.879310423957122,False,2.245447581436704,True
sub-HUP166,LF,LF8,7,33.05487427986268,7.944885044437398e-15,,outside the brain,0.970902254201335,True,6.060820757740691,True,8.55487427986268,False,1.9451257201373202,True
sub-HUP166,LG,LG1,0,0.0,0.0,left insular cortex,near,0.0,True,0.0,True,0.0,True,0.0,True
sub-HUP166,LG,LG2,1,5.8717159058317545,0.2598578288579094,left putamen,near,0.9774351139729991,True,0.3805439874174413,True,2.380190512452945,True,0.9041116965853649,True
sub-HUP166,LG,LG3,2,10.410971057437067,0.38123368970907845,left putamen,in,0.6746278218955315,True,0.860933312517152,True,3.4252704506749767,True,0.5554691101473006,True
sub-HUP166,LG,LG4,3,15.3205021562454,0.11753089963048045,left putamen,in,0.5613824413837363,True,1.4485937467497458,True,4.8214840405188095,True,0.3409492151575802,True
sub-HUP166,LG,LG5,4,20.867651446748273,0.6200971298112113,left putamen,near,1.3185366151340343,True,1.6170136241652264,True,6.886411704230743,False,1.0589773296329554,True
sub-HUP166,LG,LG6,5,25.77730587462901,0.37882626368924777,left insular cortex,near,1.2164943022849484,True,2.1981493497089324,True,8.28318930770229,False,0.8622028771686447,True
sub-HUP166,LG,LG7,6,30.366863024986827,0.48143285258873375,left cerebral white matter,white matter,0.9515955892310112,True,3.2011019573801662,True,9.375415576776305,False,0.6029762418514595,True
sub-HUP166,LG,LG8,7,35.22907453116669,0.18079821689816056,left cerebral white matter,white matter,0.7838241700516126,True,3.8912868659561295,True,10.730133888062106,False,0.29146320274852344,True
sub-HUP166,LG,LG9,8,40.825948930429774,0.8296937298712966,left cerebral white matter,white matter,1.651443073072279,True,3.9737175138488614,True,12.844342728129382,False,1.1647858764793733,True
sub-HUP166,LG,LG10,9,45.68589132633207,0.5050369001547632,left cerebral white matter,white matter,1.4599084147493335,True,4.636098528331482,True,14.192088682597415,True,0.8495219582485491,True
sub-HUP166,LG,LG11,10,50.600437777061735,0.35607253784483806,left cerebral white matter,white matter,1.4079225276721832,True,5.292371336179098,False,15.603248319880471,True,0.6970008841599309,True
sub-HUP166,LG,LG12,11,55.46474902934235,0.0,left superior frontal gyrus,near,1.3040128550680976,False,6.002771744034369,False,16.964749029342354,False,0.4647490293423485,False
sub-HUP166,LH,LH1,0,0.0,0.0,left hippocampus,near,0.0,True,0.0,True,0.0,True,0.0,True
sub-HUP166,LH,LH2,1,5.286949700018231,0.130189496305074,left putamen,near,0.2923682602458578,True,0.32942687441846336,True,1.7900870084277667,True,0.31364301496403735,True
sub-HUP166,LH,LH3,2,10.250838004724129,0.7118095007381677,left insular cortex,near,0.7339628604906934,False,1.1869405436708644,False,3.3036885378885366,False,0.7468543706268689,True
sub-HUP166,LH,LH4,3,15.533916692721421,0.835303824572236,left insular cortex,in,0.9444533539557329,True,1.505425664223871,True,5.080579118547453,True,0.9794414114306313,True
sub-HUP166,LH,LH5,4,20.075945511262056,0.7462341981598687,left insular cortex,in,0.7469279747727626,True,2.4082854518885175,True,6.107829345794722,True,0.7488113113483318,True
sub-HUP166,LH,LH6,5,25.361999263656656,0.859880231398386,left insular cortex,in,0.8900047924147202,True,2.7312533081573576,False,7.894388349869219,True,0.9274122396945266,True
sub-HUP166,LH,LH7,6,30.370945365751936,0.9353088169474417,left central operculum,in,0.9597362820029647,True,3.3062521479240274,False,9.40317196818912,False,1.0009612098171008,True
sub-HUP166,LH,LH8,7,34.702950638089185,0.5015370319261059,left central operculum,near,0.6843576459902365,True,4.444755615939919,False,10.211650001703438,False,0.5847598535094051,True
sub-HUP166,LH,LH9,8,39.713191847767604,0.61387593826397,left cerebral white matter,white matter,0.7793002618853376,False,5.032783662192232,False,11.724528766448177,False,0.6795931282679532,False
sub-HUP166,LH,LH10,9,45.064071995378114,0.4145265912624579,left postcentral gyrus,in,0.4408020744874669,True,5.245846069429322,True,13.568498930447918,False,0.4191620623844746,True
sub-HUP166,LH,LH11,10,50.077007062372196,0.7569177813857282,left postcentral gyrus,in,0.7745565669495386,True,5.857390059072441,True,15.09028148453715,False,0.7602672322491372,True
sub-HUP166,LH,LH12,11,54.69029850068835,7.119291619286993e-15,left postcentral gyrus,in,0.5689095455212927,True,6.7772222726883715,False,16.190298500688346,False,0.30970149931165714,True
sub-HUP166,LI,LI1,0,0.0,0.0,"left lateral occipital cortex, inferior",near,0.0,True,0.0,True,0.0,True,0.0,True
sub-HUP166,LI,LI2,1,4.09205845980434,0.37477692603143564,"left lateral occipital cortex, inferior",in,0.9748432849190626,True,1.5588195252218342,True,0.6862374654960873,True,0.9981691293231426,True
sub-HUP166,LI,LI3,2,9.466294907133747,0.26176158878925376,"left lateral occipital cortex, inferior",in,0.5527950228495536,True,1.7331193733117713,True,2.4765475568392867,True,0.5976932092144716,True
sub-HUP166,LI,LI4,3,13.268373495630348,0.4982061495939011,"left lateral occipital cortex, inferior",in,1.7382586593265457,True,3.5400848293597305,True,2.803637447101262,True,1.810864974427056,True
sub-HUP166,LI,LI5,4,18.932649135798496,0.5235102314308288,"left lateral occipital cortex, inferior",in,1.1055313308291945,True,3.466177773843636,True,4.95315311327435,True,1.1953270764366963,True
sub-HUP166,LI,LI6,5,23.884733288502645,0.49260586790819266,"left lateral occipital cortex, inferior",in,1.1096035275245377,True,4.0899034268958765,False,6.3986429779084535,True,1.2238619669281379,True
sub-HUP166,LI,LI7,6,28.540126247428805,0.615284251342599,"left lateral occipital cortex, inferior",near,1.4520131751207073,True,5.032003808814791,False,7.5585774981431975,False,1.5903512324031026,True
sub-HUP166,LI,LI8,7,33.899410485552906,0.0,,outside the brain,0.9240721825906059,True,5.216284552050458,True,9.399410485552904,False,1.1005895144470943,True
sub-HUP166,LJ,LJ1,0,0.0,0.0,left subcallosal cortex,in,0.0,True,0.0,True,0.0,True,0.0,True
sub-HUP166,LJ,LJ2,1,5.006118680527733,0.17391707866391998,left subcallosal cortex,in,0.17394329843100576,True,0.6101704677824281,True,1.5131249092980352,True,0.17394464669448712,True
sub-HUP166,LJ,LJ3,2,10.111361214695538,0.6950253511156239,left subcallosal cortex,near,0.6990830617884649,True,1.2914412550397418,True,3.164708928903051,True,0.700504838837088,True
sub-HUP166,LJ,LJ4,3,14.785805094562646,0.880466166775673,left caudate,near,0.9177089198651838,True,2.189166338493096,True,4.349612609206745,False,0.9127041156067942,True
sub-HUP166,LJ,LJ5,4,19.692256325281505,0.6526224349965934,left caudate,near,0.7372817690628513,False,2.748978189473808,False,5.718799326657273,True,0.7262211237424794,False
sub-HUP166,LJ,LJ6,5,24.697983629531276,0.813964006174285,left cerebral white matter,white matter,0.8844575147279559,True,3.3554376596679543,False,7.230528562052663,False,0.8729463060568851,True
sub-HUP166,LJ,LJ7,6,29.613187618161597,0.6312084184442652,"left cingulate gyrus, anterior",near,0.7638923745692229,True,3.9717568143268225,True,8.629575475599843,False,0.7438400524522001,True
sub-HUP166,LJ,LJ8,7,35.45325268768393,0.16651112417851827,"left cingulate gyrus, anterior",near,0.4425629636653267,True,3.6666161887561954,False,10.954127285640185,False,0.482503514386114,True
sub-HUP166,LJ,LJ9,8,40.45680740008303,0.2623006686908904,left paracingulate gyrus,near,0.484219967115292,True,4.255785388556723,True,12.458718571859349,False,0.5260213881706173,True
sub-HUP166,LJ,LJ10,9,45.047424141063736,0.22101656037421433,left paracingulate gyrus,near,0.2211674919142024,True,5.249380788936403,False,13.548684766039473,False,0.22593414350969615,True
sub-HUP166,LJ,LJ11,10,49.96905162114619,0.17395583566532505,left superior frontal gyrus,near,0.19698216301112048,True,5.913374726914649,False,14.969759586013993,False,0.17674068181461838,True
sub-HUP166,LJ,LJ12,11,54.971868918704715,0.0,left superior frontal gyrus,in,0.09541609642126997,True,6.495651854672005,True,16.471868918704715,False,0.028131081295287057,True
sub-HUP166,LK,LK1,0,0.0,0.0,"left cingulate gyrus, anterior",in,0.0,True,0.0,True,0.0,True,0.0,True
sub-HUP166,LK,LK2,1,4.470470530620391,0.7212074708497968,"left cingulate gyrus, anterior",in,0.8057036639753761,True,1.3795727523214119,True,1.1626364505279096,True,0.9305846753155695,True
sub-HUP166,LK,LK3,2,8.71068140163475,0.8319101961190669,"left cingulate gyrus, anterior",near,1.2047031802994197,False,2.6395720360743735,False,1.8665110937369156,True,1.5680162712381494,False
sub-HUP166,LK,LK4,3,14.19633839886989,0.467555572962268,left cerebral white matter,white matter,0.4838918079695399,True,2.617332684973892,True,3.71815142788014,False,0.9364391979947938,True
sub-HUP166,LK,LK5,4,19.357976850334992,0.6811860579427289,left cerebral white matter,white matter,0.7296825917813919,True,3.0820568929358982,True,5.389211684729884,True,0.9443230843893713,True
sub-HUP166,LK,LK6,5,22.850564464395408,0.8433243694272604,left cerebral white matter,white matter,1.3238774056282163,True,5.173975730332657,False,5.401239845594609,True,2.323452777715528,True
sub-HUP166,LK,LK7,6,28.392713676830454,0.9351091686552376,left middle frontal gyrus,near,0.967772182440356,True,5.234628647045511,True,7.4363392779663515,False,1.8728453817206134,True
sub-HUP166,LK,LK8,7,33.518176173857036,0.7348166239191145,"left inferior frontal gyrus, pars triangularis",near,0.7433634965545936,False,5.653531721682404,False,9.040034712405186,False,1.6612333606499858,False
sub-HUP166,LK,LK9,8,36.977088519831845,0.42166235972378036,"left inferior frontal gyrus, pars triangularis",in,1.266399189622889,True,7.7404607921848365,True,8.984584394625074,False,3.054559618270077,True
sub-HUP166,LK,LK10,9,42.1360501264354,0.5816433792828857,"left inferior frontal gyrus, pars triangularis",in,0.9954879655951628,True,8.180276991776642,True,10.647933454435643,False,2.9263509146196798,True
sub-HUP166,LK,LK11,10,46.368804244223384,0.4695280024833193,"left inferior frontal gyrus, pars triangularis",in,1.4242229775694708,True,9.524717268567935,False,11.376120548732747,False,3.6637834908674085,True
sub-HUP166,LK,LK12,11,51.11437035325277,7.16093850883226e-15,"left inferior frontal gyrus, pars triangularis",near,1.3677615226138318,True,10.353150420123955,False,12.61437035325277,False,3.885629646747233,True
sub-HUP166,LL,LL1,0,0.0,0.0,left paracingulate gyrus,in,0.0,True,0.0,True,0.0,True,0.0,True
sub-HUP166,LL,LL2,1,4.795330835316667,0.40129373442539923,left paracingulate gyrus,in,0.40164610048800387,True,0.9034598082658534,False,1.340009468132745,True,0.4583604767362945,True
sub-HUP166,LL,LL3,2,9.26951123226655,0.3555698107656605,left paracingulate gyrus,near,0.4837312524798544,True,1.945984387158175,False,2.290456650073232,True,0.8185702869986828,True
sub-HUP166,LL,LL4,3,13.684655343871889,0.6223555640630649,left cerebral white matter,white matter,0.94829397350863,False,3.155357951774316,False,3.231001762388057,True,1.4679601125304391,False
sub-HUP166,LL,LL5,4,18.416796494476397,0.5856848650321737,left middle frontal gyrus,near,0.9704938572715168,True,3.9875907638926313,True,4.4462251206283305,False,1.6968036706108793,True
sub-HUP166,LL,LL6,5,23.26551295240719,0.3768505461695066,left middle frontal gyrus,near,0.8075200885621991,True,4.692478312089526,False,5.774770069217172,True,1.777936794127438,True
sub-HUP166,LL,LL7,6,27.747507630107663,0.21372692556220166,left middle frontal gyrus,in,1.047339652624647,True,5.785003526531843,True,6.7500689536054175,False,2.263428806530613,True
sub-HUP166,LL,LL8,7,32.60166269763894,0.0,left middle frontal gyrus,in,0.9656531495777244,True,6.514032339964424,True,8.101662697638941,False,2.3983373023610604,True
sub-HUP166,LM,LM1,0,0.0,0.0,left precuneus,in,0.0,True,0.0,True,0.0,True,0.0,True
sub-HUP166,LM,LM2,1,4.369171601071648,0.7697224747799036,left precuneus,in,0.8627573071657458,True,1.4997174567466802,True,1.110770237346718,True,1.0398573915219562,True
sub-HUP166,LM,LM3,2,9.119948005505073,1.5298993605811577,left precuneus,in,1.5789227994647588,True,2.6675279312788858,True,2.510680558427449,True,1.8328281735109264,True
sub-HUP166,LM,LM4,3,13.79486645718151,1.853100069075719,left precuneus,in,1.8961636994428952,False,3.606526655194999,False,3.671760783196534,True,2.2810790296256656,False
sub-HUP166,LM,LM5,4,17.70763401716951,2.1958188612691663,left supracalcarine cortex,near,2.498133933089955,True,5.261015581650482,False,4.192062175414894,False,3.274423512345049,True
sub-HUP166,LM,LM6,5,23.08398021164091,1.7255105042202599,left cerebral white matter,white matter,1.7790954216027142,True,5.214168348562124,False,5.78283303901684,False,2.6268164419301105,True
sub-HUP166,LM,LM7,6,27.701419289693703,1.1612863724329319,left cerebral white matter,white matter,1.2513836163185637,False,5.964808697152621,False,6.777301190475396,False,2.597037385559314,False
sub-HUP166,LM,LM8,7,31.951928635464558,0.6315026369799381,"left lateral occipital cortex, superior",near,1.089785442175505,True,7.197763826131833,False,7.4724197877783896,False,3.1189133700780474,True
sub-HUP166,LM,LM9,8,36.9872384916774,0.7504223018099231,"left lateral occipital cortex, superior",near,0.9273166056731517,False,7.760394059574053,False,9.010926800244734,True,3.1122014319913243,False
sub-HUP166,LM,LM10,9,40.87881360849578,0.8499265794699771,"left lateral occipital cortex, superior",in,1.591017039789994,False,9.459889139240397,True,9.408445447862027,False,4.216570226745576,False
sub-HUP166,LM,LM11,10,46.33040297342855,0.33528065568275267,"left lateral occipital cortex, superior",in,0.666746076899611,False,9.556258010324271,True,11.334149919919016,False,3.6860901669301476,True
sub-HUP166,LM,LM12,11,50.61926906593067,1.4215190862349328e-14,"left lateral occipital cortex, superior",in,0.9767845170528339,True,10.848251707446053,False,12.119269065930675,False,4.380730934069324,True
sub-HUP166,RA,RA1,0,0.0,0.0,right amygdala,near,0.0,True,0.0,True,0.0,True,0.0,True
sub-HUP166,RA,RA2,1,4.598226825609213,0.6693188862565576,right amygdala,near,0.6984318667962788,True,1.2356750190375096,True,1.244555933022403,True,0.8069452880157758,True
sub-HUP166,RA,RA3,2,9.667364263185988,1.1202240307802243,right hippocampus,near,1.125100579665019,True,1.9316690722077068,True,2.8331183308858163,True,1.188744798795031,True
sub-HUP166,RA,RA4,3,14.340640851632058,0.6446575174513374,right hippocampus,near,0.6495706836497294,True,2.5215251029450996,True,3.8800721433949596,True,0.9325585598618301,True
sub-HUP166,RA,RA5,4,19.051302143691927,0.21920512476343687,right hippocampus,near,0.22596046366982905,True,3.3090532274243993,False,5.054796246103897,True,0.9749220324531968,False
sub-HUP166,RA,RA6,5,24.11104941206088,0.6220383968857021,right hippocampus,near,0.718211459447264,True,3.8868552917210377,True,6.632258994202368,True,1.091557367725972,True
sub-HUP166,RA,RA7,6,28.14971895443345,0.3902575129163125,right hippocampus,near,0.5214133691048406,True,5.394858864566821,False,7.1576605643004445,False,1.893636558003356,False
sub-HUP166,RA,RA8,7,32.87164214483388,0.21919945854267114,"right middle temporal gyrus, posterior",near,0.4306529665339703,True,6.2486296484499935,False,8.373780758540915,False,2.1403427638396035,True
sub-HUP166,RA,RA9,8,37.92600860456934,0.39907418000291367,"right middle temporal gyrus, posterior",in,0.40457628656237377,False,6.791477684658157,False,9.931929753922253,False,2.114098941692519,False
sub-HUP166,RA,RA10,9,42.30941826005959,0.3668751577267177,"right middle temporal gyrus, posterior",near,0.5662902941845731,True,7.992205288158642,True,10.814052653149309,True,2.71705532140074,True
sub-HUP166,RA,RA11,10,47.70258730052501,0.4122899058950366,"right middle temporal gyrus, posterior",near,0.46396804366658695,True,8.189143907992293,False,12.707495628128838,True,2.3358677156926273,True
sub-HUP166,RA,RA12,11,51.92096288629318,7.94721185223203e-15,"right middle temporal gyrus, posterior",near,0.315844434067552,True,9.54655788708354,False,13.420962886293186,True,3.0790371137068178,False
sub-HUP166,RB,RB1,0,0.0,0.0,"right parahippocampal gyrus, posterior",near,0.0,True,0.0,True,0.0,True,0.0,True
sub-HUP166,RB,RB2,1,10.341119081449554,1.8588724103400949,right hippocampus,near,1.9267560163554025,False,4.9472275301906015,False,6.92676055467323,False,5.496542890732184,True
sub-HUP166,RB,RB3,2,20.315337021678,2.5229142572483156,right hippocampus,near,2.654871426430121,True,9.329751286115242,True,13.397758240175332,True,10.46668526945495,False
sub-HUP166,RB,RB4,3,30.469406421739585,3.035912021386392,right cerebral white matter,white matter,3.3106846303733826,False,13.889756595234715,False,20.048972161755785,False,15.61573686267043,False
sub-HUP166,RB,RB5,4,39.163175479642874,2.0594132262133567,"right middle temporal gyrus, temporo-occipital",near,2.107158961015162,False,16.88323875098273,False,25.19330431278669,False,19.219643526569598,False
sub-HUP166,RB,RB6,5,48.7885933498563,1.7074648213042887,"right middle temporal gyrus, temporo-occipital",in,1.7607761636009978,True,20.888825315658995,False,31.305305191904257,False,23.819982033127882,False
sub-HUP166,RB,RB7,6,59.20011116720782,1.9833874237022384,"right lateral occipital cortex, inferior",in,2.303997905069218,True,25.715739237043923,False,38.218376826933444,False,29.234235767150864,False
sub-HUP166,RB,RB8,7,68.66483389528722,1.7575623338941286,,outside the brain,2.0133628310710026,True,29.5789045367289,False,44.17731222308056,False,33.68821521573824,False
sub-HUP166,RB,RB9,8,78.30643632530969,1.5008419097011028,,outside the brain,1.7849110027235533,True,33.62191535948513,False,50.31444171090084,False,38.32145340385543,False
sub-HUP166,RB,RB10,9,84.44655086989067,7.105427357601002e-15,,outside the brain,2.5451269754070776,True,34.154942964400625,False,52.94655086989067,False,39.44655086989068,False
sub-HUP166,RC,RC1,0,0.0,0.0,right lingual gyrus,in,0.0,True,0.0,True,0.0,True,0.0,True
sub-HUP166,RC,RC2,1,10.02115006990176,1.0057737776844846,right temporo-occipital fusiform cortex,in,1.1451621901487619,True,4.496521710132533,False,6.54825156341409,False,5.071286666927188,False
sub-HUP166,RC,RC3,2,20.32588101646021,1.7348489547878403,right temporo-occipital fusiform cortex,near,2.2328778135717386,True,9.240118269782776,False,13.364786040679716,False,10.397463577001995,False
sub-HUP166,RC,RC4,3,29.711954537751108,1.5309943350804702,"right lateral occipital cortex, inferior",in,2.0769557918497346,False,12.999087415261908,False,19.233514532186984,False,14.752143114226351,False
sub-HUP166,RC,RC5,4,40.06930230541656,1.950918169375945,"right lateral occipital cortex, inferior",in,3.03875554572953,True,17.777327672225116,False,26.094810525064112,False,20.116604377128674,False
sub-HUP166,RC,RC6,5,49.717831899480714,1.8086628599224641,"right lateral occipital cortex, inferior",near,3.1425897364445388,True,21.82022913855688,False,32.23570245811325,False,24.75109435769607,False
sub-HUP166,RC,RC7,6,59.12762187692012,1.6100164393663725,,outside the brain,3.030734598648957,True,25.628580746541815,False,38.1396953316448,False,29.15019380834066,False
sub-HUP166,RC,RC8,7,64.24795850414813,2.146641735291451,,outside the brain,2.7688746499346277,True,25.18803196241948,False,39.77006304917231,False,29.290853359024617,False
sub-HUP166,RC,RC9,8,69.09053608206523,1.2390211656765027,,outside the brain,6.4251396203100395,True,24.407243273280883,False,41.098106503096375,False,29.105809565095065,False
sub-HUP166,RC,RC10,9,75.05255313114544,1.5987211554602254e-14,,outside the brain,9.754409735581724,True,24.760945225655394,False,43.55255313114545,False,30.052553131145444,False
sub-HUP171,LA,LA01,0,0.0,0.0,left amygdala,near,0.0,True,0.0,True,0.0,True,0.0,True
sub-HUP171,LA,LA02,1,6.045813878092675,1.453776704553673,left amygdala,in,1.4610284842440262,True,1.4805839018883578,True,2.7790103174176917,True,1.6934068407261107,True
sub-HUP171,LA,LA03,2,11.530595309996727,1.8978833091715404,left amygdala,in,1.899276798776027,True,1.908123458345226,True,4.767388026438989,True,2.342648115079012,True
sub-HUP171,LA,LA04,3,18.07745837178006,2.330028470648351,left amygdala,in,2.450087743185612,True,2.6040614952293066,True,7.783601225663479,True,3.7409123572270397,True
sub-HUP171,LA,LA05,4,23.761980446819898,2.4381442283718564,left insular cortex,near,2.549256068831166,True,2.7559209378888987,False,9.940217149526337,False,4.378258387144721,False
sub-HUP171,LA,LA06,5,28.419612242619653,2.5188275391508697,left planum polare,in,2.5375172803372257,False,2.5455662526042038,False,11.097404843993395,False,4.157624023617177,False
sub-HUP171,LA,LA07,6,33.300341617858,1.4115822624160606,left planum polare,in,1.7699657402101738,True,1.4348457927102138,True,12.351337101547333,False,3.5620424791415015,True
sub-HUP171,LA,LA08,7,40.80671117270618,1.1453815731011723,"left superior temporal gyrus, anterior",in,1.3579000166202788,True,2.029117457217049,True,16.330849254184116,False,5.902824305011853,False
sub-HUP171,LA,LA09,8,48.541688830321796,1.6866218099320882,"left middle temporal gyrus, anterior",in,3.2073593962044336,True,4.16546446484684,False,20.58160251702949,False,8.67786147282337,False
sub-HUP171,LA,LA10,9,53.119097146687054,0.8262203589350012,"left middle temporal gyrus, anterior",near,1.8054830220700828,False,2.939564282647419,False,21.628458019872507,False,8.154635124852492,False
sub-HUP171,LA,LA11,10,59.55775777751914,0.42604328634432526,,outside the brain,2.3645686813114555,False,3.701271683959469,False,24.55992950238282,False,9.565726297294171,False
sub-HUP171,LA,LA12,11,65.2107068836673,1.4245506936157285e-14,,outside the brain,2.2573067880320554,True,3.743186110290578,True,26.710706883667303,False,10.210706883667294,False
sub-HUP171,LB,LB01,0,0.0,0.0,left amygdala,in,0.0,True,0.0,True,0.0,True,0.0,True
sub-HUP171,LB,LB02,1,5.349855206027531,0.6874955175159957,left amygdala,near,0.6889250456110555,True,0.7432585688300652,True,1.9319602117339627,False,0.7523155132989422,True
sub-HUP171,LB,LB03,2,11.627241128781266,0.6621877436505205,left planum polare,near,1.1243460502422913,True,0.7908927813514064,True,4.655702152941542,False,1.7393519552069927,False
sub-HUP171,LB,LB04,3,16.962334019140386,1.1972329644193562,left planum polare,near,1.4802279121773194,True,1.2073743718817582,True,6.530708190509439,True,2.2627154535206793,True
sub-HUP171,LB,LB05,4,22.199346609880905,2.2351680936519256,left planum polare,near,2.3383972795328454,True,2.250856672297396,True,8.389756807658351,True,3.057712104536528,True
sub-HUP171,LB,LB06,5,28.45233800690385,1.400495314310435,"left middle temporal gyrus, posterior",near,2.178422231392949,True,1.4798429556877917,True,11.00730745579282,False,3.69365401903252,True
sub-HUP171,LB,LB07,6,34.8281237306169,1.3519132247473344,"left middle temporal gyrus, posterior",in,3.0220019072920796,True,1.8577120367607998,True,13.867928275928497,False,4.988554598528369,False
sub-HUP171,LB,LB08,7,41.60945479064464,3.4432988141059715,"left middle temporal gyrus, posterior",in,5.291374131854353,True,4.16937803354304,True,17.312611876844745,False,7.326323537750277,True
sub-HUP171,LB,LB09,8,46.45405661718578,2.0301601124320054,"left middle temporal gyrus, posterior",in,4.142421901852891,True,2.651803614565202,True,18.521275362319734,False,6.723501233845094,True
sub-HUP171,LB,LB10,9,51.52023079622658,1.282417764955897,"left middle temporal gyrus, posterior",near,3.5922765312242038,False,1.7649756302424773,False,20.04533161269264,True,6.629486628893979,False
sub-HUP171,LB,LB11,10,55.301913245069564,0.5598521716916666,"left middle temporal gyrus, posterior",near,1.8855590371315132,True,0.8064721365218167,True,20.30679826725131,False,5.328571679068601,False
sub-HUP171,LB,LB12,11,60.25163253597207,8.140289677804162e-15,,outside the brain,1.403225269669233,True,1.2158882374046383,True,21.751632535972075,False,5.251632535972073,False
sub-HUP171,LC,LC01,0,0.0,0.0,"left parahippocampal gyrus, posterior",in,0.0,True,0.0,True,0.0,True,0.0,True
sub-HUP171,LC,LC02,1,5.29708117552812,0.7741721092618551,left hippocampus,near,0.7741821576954221,True,0.8486901490001719,True,1.9046387107659295,True,0.8105799727071907,True
sub-HUP171,LC,LC03,2,11.387969334745152,1.3692341704904867,left hippocampus,near,1.5944871212576843,False,1.3753390069133973,False,4.517840271743637,False,1.8917592153714042,False
sub-HUP171,LC,LC04,3,16.05651703334194,2.6016449538019226,"left parahippocampal gyrus, posterior",in,2.6040503331368106,False,2.7593634014114268,False,5.943950793614156,False,2.735227664670814,False
sub-HUP171,LC,LC05,4,21.32304499922892,3.648644625007203,"left temporal fusiform cortex, posterior",near,3.648784700866245,False,3.8880544518763887,False,7.901426238850123,False,3.7854726438709623,False
sub-HUP171,LC,LC06,5,25.281582432898034,2.8040154210177253,left cerebral white matter,white matter,3.010285882702333,True,3.9726702516576244,True,8.12479649258282,False,2.806827123909677,True
sub-HUP171,LC,LC07,6,29.714945131943523,0.9044146144326536,left cerebral white matter,white matter,1.9820755206562135,True,3.9319878916986695,False,8.748055290083805,False,0.9525020435216601,True
sub-HUP171,LC,LC08,7,34.27618434799233,2.673633641615341,"left middle temporal gyrus, temporo-occipital",near,3.685934582644473,False,5.620579115612521,False,10.0344937341352,False,2.798984627919889,True
sub-HUP171,LC,LC09,8,39.332227263814865,6.241148937257957,"left middle temporal gyrus, temporo-occipital",near,6.9772351166120075,False,8.567722341836747,False,12.503016960790577,False,6.349150973848211,False
sub-HUP171,LC,LC10,9,44.96768565917176,4.54262198064082,"left middle temporal gyrus, temporo-occipital",in,5.165793272035486,True,7.175086162532662,True,13.995384789358956,False,4.550191415062417,True
sub-HUP171,LC,LC11,10,49.72481911161327,2.7975091473268083,"left middle temporal gyrus, temporo-occipital",in,3.9547915659455057,True,6.832466283678309,True,14.910842392404907,False,2.8198100610657226,True
sub-HUP171,LC,LC12,11,53.3487714370661,0.0,"left middle temporal gyrus, temporo-occipital",in,4.336849299423171,False,8.118749336310623,False,14.8487714370661,True,1.6512285629339012,True
sub-HUP171,LD,LD01,0,0.0,0.0,left insular cortex,in,0.0,True,0.0,True,0.0,True,0.0,True
sub-HUP171,LD,LD02,1,5.109202459090191,1.5808941952862918,left insular cortex,in,1.60065411821364,True,1.7410853021995336,True,2.084386029555371,True,1.587216876806525,True
sub-HUP171,LD,LD03,2,9.439197693352808,2.378617605618165,left insular cortex,in,2.6139029672056036,True,3.134460687571799,True,3.1959774861757477,True,2.531159012864365,True
sub-HUP171,LD,LD04,3,15.344584967701413,2.8799837441072142,left insular cortex,in,2.891313857261864,True,3.3402226880652464,True,5.403380322027699,True,2.880880955336335,True
sub-HUP171,LD,LD05,4,20.00452126463665,2.791807771102768,left insular cortex,in,2.8615811183096582,True,3.7764284050300203,False,6.444827200301676,True,2.7983506197039736,True
sub-HUP171,LD,LD06,5,26.52904540147916,2.400576662245188,left frontal operculum,in,2.5547973396867687,True,2.8411034377369013,True,9.23758137958457,False,2.7892228232263663,True
sub-HUP171,LD,LD07,6,35.050363207884935,4.504176142758854,left cerebral white matter,white matter,6.093835297028518,False,4.6696316454973035,False,14.478203531556355,False,6.553078796563034,False
sub-HUP171,LD,LD08,7,43.017927883007786,5.1577858603983655,left middle frontal gyrus,near,8.649311274898496,False,6.285265202312877,False,18.924047305063173,False,9.274152298571625,False
sub-HUP171,LD,LD09,8,49.24985334281205,3.88775900318659,left middle frontal gyrus,near,9.095323859978604,False,5.865905059633191,False,21.4514063265241,False,9.89216263362708,False
sub-HUP171,LD,LD10,9,53.34148675040869,3.068248368289221,left middle frontal gyrus,in,7.8912672463482885,True,4.264386833572228,True,21.96848949963127,False,8.805052792265005,True
sub-HUP171,LD,LD11,10,57.21026210355892,1.0655996161999788,left middle frontal gyrus,in,6.200563419046698,True,1.6970397047841947,True,22.22589658138654,False,7.278760869731778,True
sub-HUP171,LD,LD12,11,61.05996521503228,7.944109290391274e-15,left middle frontal gyrus,in,4.858738165040172,True,0.40755555834444007,True,22.559965215032285,False,6.059965215032279,True
sub-HUP171,LE,LE01,0,0.0,0.0,"left cingulate gyrus, anterior",in,0.0,True,0.0,True,0.0,True,0.0,True
sub-HUP171,LE,LE02,1,7.4466231823441476,1.6676452046844106,"left cingulate gyrus, anterior",in,1.9356157046165587,True,2.3597418822034535,True,4.11093287940909,True,2.806652834417115,True
sub-HUP171,LE,LE03,2,13.588063104340998,2.8132849913541507,"left cingulate gyrus, anterior",near,2.9099829169797986,True,3.521270247934197,True,6.8938006443789295,False,4.331586585960888,True
sub-HUP171,LE,LE04,3,20.209279523573723,3.5048941965143494,left cerebral white matter,white matter,3.667064812544925,True,4.705170324627462,True,10.035003743933999,False,6.026940290086619,True
sub-HUP171,LE,LE05,4,27.152995930091212,3.659663814292347,left frontal orbital cortex,near,4.080944552611676,False,5.841809581897067,False,13.414112386287647,False,7.815082004696409,False
sub-HUP171,LE,LE06,5,35.11665194084603,3.4017192996188146,left frontal orbital cortex,near,4.936415059364026,True,7.793325391892639,False,17.779950642569876,False,10.516848508931018,False
sub-HUP171,LE,LE07,6,41.917227546013045,3.772568852306455,"left inferior frontal gyrus, pars triangularis",near,5.5700702710212555,False,9.043806696322985,False,21.0873207311512,False,12.338030988728002,False
sub-HUP171,LE,LE08,7,47.05178695219139,3.39669053582726,"left inferior frontal gyrus, pars triangularis",in,4.535161168609257,False,8.519717833569294,False,22.68476482105263,False,12.403188436166872,False
sub-HUP171,LE,LE09,8,51.683494819437406,3.2516580056527418,"left inferior frontal gyrus, pars triangularis",in,3.5332560915788673,True,7.607407049338232,False,23.804238620951896,False,12.028934479470369,False
sub-HUP171,LE,LE10,9,56.82917174708752,1.600574454644975,"left inferior frontal gyrus, pars triangularis",in,1.634831076707657,True,6.708749385891015,True,25.357192899836345,False,11.91462506583035,True
sub-HUP171,LE,LE11,10,61.19280965551325,0.31489708512417114,"left inferior frontal gyrus, pars triangularis",near,1.588099994054076,False,5.321759736154171,False,26.19389230219333,False,11.196428504415422,False
sub-HUP171,LE,LE12,11,65.98977156359749,0.0,,outside the brain,3.0336517104661134,True,4.522250790220761,False,27.489771563597486,False,10.989771563597483,False
sub-HUP171,LF,LF01,0,0.0,0.0,left cerebral white matter,white matter,0.0,True,0.0,True,0.0,True,0.0,True
sub-HUP171,LF,LF02,1,7.659786707100391,0.5073503279709926,left frontal pole,near,2.358473421607669,False,2.1167116808947632,True,4.1739155434013515,False,2.6912215081010107,False
sub-HUP171,LF,LF03,2,12.692489326058775,2.9964791203625962,"left inferior frontal gyrus, pars triangularis",near,3.4228012951099056,False,3.2123793245042003,False,6.11778944313866,False,3.7980374787408353,False
sub-HUP171,LF,LF04,3,17.444508311828166,1.5095706007981828,left frontal pole,in,2.0318090349649216,True,1.6301150395487343,True,7.04275546962596,False,2.8175834459727573,True
sub-HUP171,LF,LF05,4,22.845144197214722,2.3922354635763066,left frontal pole,in,2.7521492633751987,True,2.420332529745059,True,9.041752766045926,True,3.6219783593340806,True
sub-HUP171,LF,LF06,5,25.784294817254768,0.3857398436092605,left frontal pole,in,0.9949537653701381,True,2.192571275257325,False,8.290388093443156,True,0.8714331160062665,True
sub-HUP171,LF,LF07,6,29.814935463276676,0.1539128241357242,left frontal pole,near,2.2290358100585883,True,3.7163889011495184,False,8.81588184312367,False,0.24100879685109705,True
sub-HUP171,LF,LF08,7,35.835398443377514,0.0,,outside the brain,1.542564421355622,True,3.2802965942258506,True,11.33539844337752,False,0.835398443377516,True
sub-HUP171,LG,LG01,0,0.0,0.0,"left cingulate gyrus, anterior",in,0.0,True,0.0,True,0.0,True,0.0,True
sub-HUP171,LG,LG02,1,6.6375712897767505,2.0234551500202884,"left cingulate gyrus, anterior",in,2.0620346271056227,True,2.1523579774959636,True,3.472168760340525,True,2.4168308978684356,True
sub-HUP171,LG,LG03,2,12.002940383669277,1.8484419022908383,left paracingulate gyrus,near,1.848471831091904,False,1.970883180318442,False,5.199420864151975,False,2.622104925001844,False
sub-HUP171,LG,LG04,3,17.110650963452454,0.7788160759017234,left cerebral white matter,white matter,1.0345212528151921,True,0.8454744625852895,False,6.638758395875625,False,2.233127250190436,False
sub-HUP171,LG,LG05,4,22.0294773549134,1.1112385852325855,left superior frontal gyrus,near,2.0284998286193674,False,1.1651724265650196,False,8.078228106995924,False,2.2892318079797076,False
sub-HUP171,LG,LG06,5,26.947636794428238,3.149436257329225,left middle frontal gyrus,in,4.254328478020114,True,3.3621202342878123,True,9.78373289421924,False,3.6092917200115577,False
sub-HUP171,LG,LG07,6,33.1252558784528,4.2431228772689344,left middle frontal gyrus,in,5.026823621323275,True,4.296534526639677,True,12.588997736544998,False,5.1127419128017255,True
sub-HUP171,LG,LG08,7,39.11289079318854,3.8335864659311225,left middle frontal gyrus,in,4.6029891704713695,True,3.8383480154137595,True,14.925296998318338,False,5.486219440958094,True
sub-HUP171,LG,LG09,8,45.01829182808441,4.149449142870226,left middle frontal gyrus,in,4.881022680320036,True,4.151271751942266,True,17.3307277320276,True,6.365099481446699,True
sub-HUP171,LG,LG10,9,51.61889013904172,2.420107499695743,left middle frontal gyrus,near,2.9920848382995953,True,2.7333382607099495,False,20.20756897244826,False,6.994170840300407,False
sub-HUP171,LG,LG11,10,56.83872532861804,1.0759372644928464,left middle frontal gyrus,near,2.6462574857698513,False,1.4346419165908686,True,21.855041454130383,False,6.912786069216936,False
sub-HUP171,LG,LG12,11,63.72801461983031,7.327471962526033e-15,,outside the brain,1.4427967250180875,True,2.2604938464535946,True,25.228014619830308,False,8.72801461983031,False
sub-HUP171,LH,LH01,0,0.0,0.0,left precentral gyrus,near,0.0,True,0.0,True,0.0,True,0.0,True
sub-HUP171,LH,LH02,1,5.359547787060861,1.6137645371584026,left precentral gyrus,in,1.6328195764651507,False,1.682822584382793,False,2.280128991951512,False,1.6175653996057195,False
sub-HUP171,LH,LH03,2,9.984220459271015,1.4607327638456589,left precentral gyrus,in,1.6861862997483876,True,1.9548577146664843,True,3.2263977807503488,True,1.4659200844681615,True
sub-HUP171,LH,LH04,3,15.381988023793292,1.0430305517637484,left middle frontal gyrus,in,1.2742933443603561,True,1.7597187674326182,True,4.95754878415456,False,1.099105661134321,True
sub-HUP171,LH,LH05,4,21.06843576040048,0.4414690437883951,left middle frontal gyrus,in,0.578840377711426,True,1.3615724469179684,True,7.077591837342227,True,1.1517753990977961,True
sub-HUP171,LH,LH06,5,26.02218574042583,0.5497642915772372,left middle frontal gyrus,near,0.9553879406659744,True,2.0004313119984234,True,8.534103956020722,False,1.1555364365907352,True
sub-HUP171,LH,LH07,6,31.02870220805561,0.5214556208361131,,outside the brain,1.247208512311091,True,2.5571506794303884,True,10.037873864560536,False,1.149411965167384,False
sub-HUP171,LH,LH08,7,35.905574362306375,6.153480596427404e-15,,outside the brain,1.6112601471196517,True,3.2101206752969937,True,11.405574362306377,False,0.9055743623063719,True
sub-HUP171,LI,LI01,0,0.0,0.0,left cerebral white matter,white matter,0.0,True,0.0,True,0.0,True,0.0,True
sub-HUP171,LI,LI02,1,7.914582591829822,2.2098122451557605,left superior frontal gyrus,near,2.956379994190911,True,2.98845900899653,True,4.657449858961168,True,3.412090667835005,True
sub-HUP171,LI,LI03,2,13.714143097231755,2.859031464713022,left superior frontal gyrus,in,3.571808607685419,False,3.630124106570228,False,7.0212735909767625,False,4.452120934685095,True
sub-HUP171,LI,LI04,3,18.149438221819022,2.005844617796235,left frontal pole,in,2.302479892352636,True,2.376441707769253,True,7.80055912598522,False,3.6406613111403225,True
sub-HUP171,LI,LI05,4,23.621402088489646,1.0811722202819136,left frontal pole,in,1.5091867093864026,True,1.6487907395132784,True,9.657357203053987,True,3.7556352248602582,True
sub-HUP171,LI,LI06,5,29.430853112895374,0.31684327892191816,left frontal pole,near,1.289077092938961,True,1.5226946140746824,True,11.933354550994391,False,4.44046592695142,False
sub-HUP171,LI,LI07,6,32.782748414490754,0.3615099612780605,,outside the brain,1.0961143247043543,True,0.8298637384538933,True,11.786300518032911,False,2.8041555436387666,False
sub-HUP171,LI,LI08,7,37.589617644338965,7.993605777301127e-15,,outside the brain,1.8618441935058205,True,1.5260773932643952,True,13.089617644338968,False,2.589617644338964,True
sub-HUP171,RA,RA01,0,0.0,0.0,right amygdala,in,0.0,True,0.0,True,0.0,True,0.0,True
sub-HUP171,RA,RA02,1,5.724037305027723,1.4552593028423433,right amygdala,in,1.506856010937164,True,1.4561880189485672,True,2.502579037861326,True,1.5508158774096983,True
sub-HUP171,RA,RA03,2,11.336770277618477,1.7533305778810215,right amygdala,in,1.8711338448367383,True,1.7535010856001225,True,4.551619522597035,True,2.1248637536955273,True
sub-HUP171,RA,RA04,3,17.53221155424482,1.7074561886333455,right putamen,near,1.7394011458320253,True,1.8397367901050294,True,7.15557051476569,False,2.9853587477519685,True
sub-HUP171,RA,RA05,4,22.736866901187906,1.3290911881791698,right insular cortex,near,1.6690694626674472,False,1.3734304863468798,True,8.79894701728219,False,3.007593643771653,True
sub-HUP171,RA,RA06,5,29.271524455867585,1.0944925265902585,right planum polare,in,1.1597154727560255,True,1.7080254214242498,True,11.801915611895485,False,4.389690669083348,False
sub-HUP171,RA,RA07,6,36.285102858919146,1.8440031872151017,"right superior temporal gyrus, posterior",in,1.9642903468943556,False,3.2782676334737673,False,15.349384112790919,False,6.505051421482877,False
sub-HUP171,RA,RA08,7,42.18848088931026,0.614990096151388,"right superior temporal gyrus, posterior",near,0.9285572574244375,True,3.1293285730004876,True,17.694688647339675,False,7.210273464398096,False
sub-HUP171,RA,RA09,8,47.44571648424559,2.059831387261227,"right superior temporal gyrus, posterior",near,2.0598804005160423,False,3.393891284613312,True,19.510023401965906,False,7.682281035346734,True
sub-HUP171,RA,RA10,9,52.674267573411264,1.7182726586092032,"right superior temporal gyrus, posterior",in,1.8538277312348461,True,2.9149146075899415,False,21.215930171151598,False,7.836923021239446,False
sub-HUP171,RA,RA11,10,58.76512298098846,0.0,"right superior temporal gyrus, posterior",near,0.5038670286599161,True,2.885558641555072,True,23.76512298098846,False,8.765122980988462,True
sub-HUP171,RB,RB01,0,0.0,0.0,right hippocampus,in,0.0,True,0.0,True,0.0,True,0.0,True
sub-HUP171,RB,RB02,1,5.98694357528909,0.5144720404396669,right hippocampus,in,0.5149484625714172,True,0.6377231676877934,True,2.5179176520932858,True,1.0933966020841162,True
sub-HUP171,RB,RB03,2,12.12647374658566,0.4811121930123294,right hippocampus,near,0.5019253582686569,True,1.0568702505856469,False,5.139494236756122,False,2.1709087470655555,False
sub-HUP171,RB,RB04,3,18.129812750447407,0.556750034425489,right hippocampus,near,0.5794038519931972,True,1.4671352304846925,True,7.641570941785057,False,3.170527975060352,True
sub-HUP171,RB,RB05,4,25.386807233792727,1.7877570902199098,"right middle temporal gyrus, posterior",in,2.2559856034564474,False,3.4682266484877005,False,11.464035126274293,False,5.61593484378228,False
sub-HUP171,RB,RB06,5,33.14028537404911,1.2458306987140384,"right middle temporal gyrus, posterior",in,3.4173268845687663,True,5.324868980582477,False,15.666474153734642,False,8.21191277592773,False
sub-HUP171,RB,RB07,6,37.42198259323812,1.5876070359456733,"right middle temporal gyrus, posterior",near,2.161364752939876,False,4.174249509196041,False,16.465010469597132,True,7.556939611221898,False
sub-HUP171,RB,RB08,7,40.47892834180753,2.899058777403907,"right middle temporal gyrus, temporo-occipital",near,3.279717088300482,True,3.1607504098117793,True,16.137520452623924,False,6.106960250227215,False
sub-HUP171,RB,RB09,8,43.75102962274616,3.042386968363187,"right middle temporal gyrus, temporo-occipital",in,5.227070329123503,True,3.22127427478783,True,15.938189647382652,False,4.747948627837972,False
sub-HUP171,RB,RB10,9,50.14323832142271,2.008511431979382,"right middle temporal gyrus, temporo-occipital",in,4.280035956987473,True,2.0173478967846687,True,18.711108649466112,False,5.484039450262817,True
sub-HUP171,RB,RB11,10,55.674948211305356,1.7320211869570459,"right middle temporal gyrus, temporo-occipital",in,4.562939062539422,True,1.7474321727687072,True,20.720516946236216,False,5.907605874730117,True
sub-HUP171,RB,RB12,11,58.949734946243936,0.0,"right middle temporal gyrus, temporo-occipital",in,6.906644381936065,False,2.5177858271327853,False,20.449734946243936,False,3.94973494624394,True
sub-HUP171,RD,RD01,0,0.0,0.0,right insular cortex,near,0.0,True,0.0,True,0.0,True,0.0,True
sub-HUP171,RD,RD02,1,5.374199076430276,1.0689608157336823,right insular cortex,in,1.160042977522907,True,1.1161582115824098,True,2.0650210363323316,True,1.1017564979638184,True
sub-HUP171,RD,RD03,2,11.267282696624248,0.8407640982091396,right central operculum,in,0.8639753614476048,True,0.8428992400495722,True,4.318504265550945,False,1.4947437820993423,False
sub-HUP171,RD,RD04,3,19.080211495582518,1.3610181721731702,right cerebral white matter,white matter,2.3204743118628683,False,2.6448079198306,False,8.639485185411939,False,4.255141940574374,False
sub-HUP171,RD,RD05,4,24.736997313782815,1.2319799130177247,"right inferior frontal gyrus, pars opercularis",in,2.211631761375597,False,2.657315139125505,False,10.776949244662843,False,4.864877650995604,False
sub-HUP171,RD,RD06,5,32.57994092736045,2.170717816192344,right middle frontal gyrus,in,4.481393920848461,True,5.05731950421646,True,15.163721418671292,False,7.815066219807343,False
sub-HUP171,RD,RD07,6,38.910143297640445,0.798545412873415,right middle frontal gyrus,in,4.666411960202887,True,5.433213042386867,True,17.91974959287926,False,8.937693057944644,True
sub-HUP171,RD,RD08,7,43.10020742553529,1.3260142048397559,right middle frontal gyrus,in,3.3331546822481326,True,4.18000938819338,True,18.62706239700912,False,8.187890841691704,True
sub-HUP171,RD,RD09,8,48.14929507591091,0.7435665152479021,right middle frontal gyrus,in,2.5167436207667873,True,3.5193487762324915,True,20.157272410844783,True,8.177429403360605,True
sub-HUP171,RD,RD10,9,52.897407877203165,0.45178491792755093,right middle frontal gyrus,in,1.50818124053437,True,2.6427735279227487,True,21.400247937486583,True,7.908393709736534,True
sub-HUP171,RD,RD11,10,57.2793979274241,0.5847975200878925,right middle frontal gyrus,in,0.5937059263415101,True,1.514322675347321,True,22.28408727920569,True,7.2998745379431975,True
sub-HUP171,RD,RD12,11,63.51786523851483,0.0,right middle frontal gyrus,near,0.6265202697685169,True,2.0503444651381115,True,25.017865238514837,False,8.517865238514831,False
sub-HUP171,RE,RE01,0,0.0,0.0,right cerebral white matter,white matter,0.0,True,0.0,True,0.0,True,0.0,True
sub-HUP171,RE,RE02,1,6.044623343422866,0.5147421805963817,right caudate,near,0.5149559045617192,True,0.6737450258614825,True,2.5746467362914145,True,1.1449044922988436,True
sub-HUP171,RE,RE03,2,12.003275971192947,1.4493349980216312,right caudate,near,1.4580903441220399,False,1.6271122102064786,True,5.124672420778326,True,2.4019864422421566,True
sub-HUP171,RE,RE04,3,17.173103657350396,2.542093833191023,right cerebral white matter,white matter,2.7813597373069245,False,2.551599420771356,False,6.964434561315444,False,3.2246155897175464,False
sub-HUP171,RE,RE05,4,23.257989976732972,3.57994889282798,right insular cortex,near,3.7660362928259294,False,3.6347857155002554,True,9.668048018827605,False,4.65846743146483,True
sub-HUP171,RE,RE06,5,30.42208423098199,2.625555391507316,right frontal operculum,in,2.628345200001648,True,3.536200874547049,True,13.074903947014672,False,5.922372899989491,False
sub-HUP171,RE,RE07,6,37.52580564586117,4.734266944307853,right frontal operculum,near,4.838926308125813,False,6.007511575335091,False,16.902525550959936,False,8.638745212254074,False
sub-HUP171,RE,RE08,7,43.3527613317041,5.521198516367515,"right inferior frontal gyrus, pars opercularis",near,5.570202280016268,False,6.750518225547302,False,19.306068717224754,False,9.72006134527194,False
sub-HUP171,RE,RE09,8,49.519689023011544,3.9750851922738,"right inferior frontal gyrus, pars opercularis",in,4.1139564314548105,False,6.122239607322852,False,21.726619888000652,False,10.16900974789401,False
sub-HUP171,RE,RE10,9,54.86399580907267,1.8688888682954719,"right inferior frontal gyrus, pars triangularis",in,1.9332403355583372,True,4.910124153162091,True,23.406884280767713,False,10.00819813180803,True
sub-HUP171,RE,RE11,10,59.07365087154046,0.0,"right inferior frontal gyrus, pars triangularis",near,1.3013621509388789,False,3.194086532107068,False,24.073650871540462,False,9.07365087154046,False
sub-HUP171,RG,RG01,0,0.0,0.0,"right cingulate gyrus, anterior",in,0.0,True,0.0,True,0.0,True,0.0,True
sub-HUP171,RG,RG02,1,6.190722919810622,0.7894579751313745,"right cingulate gyrus, anterior",in,0.8381656773077474,True,0.9634284594788023,True,2.7556836869350714,True,1.3868141813314914,True
sub-HUP171,RG,RG03,2,11.080721265948963,1.7800296555421622,"right cingulate gyrus, anterior",near,1.943594874689666,False,1.7960162388275855,False,4.3205326093366745,False,2.0114979834674336,False
sub-HUP171,RG,RG04,3,16.058339226917887,2.53303626445405,right cerebral white matter,white matter,3.060993764890659,True,2.690379028531621,True,5.925955086125221,False,2.674179731309458,False
sub-HUP171,RG,RG05,4,21.347843337037144,2.7220096473941493,right cerebral white matter,white matter,3.5384854822987992,True,2.966069247412546,True,7.6726648536129485,False,2.964229944103299,True
sub-HUP171,RG,RG06,5,27.6666935698197,2.772328723488546,right middle frontal gyrus,near,3.2868357398077537,True,2.802825363072546,True,10.403625461125863,False,3.7515030910471645,False
sub-HUP171,RG,RG07,6,34.78489503037944,3.5823793625716664,right middle frontal gyrus,in,3.6246221700963717,True,3.739391172305352,False,14.063842483503871,False,5.830337985602729,False
sub-HUP171,RG,RG08,7,40.860972083424016,2.4040680518698703,right middle frontal gyrus,in,2.4141249037456447,True,2.9297563575618266,True,16.466626611644216,False,6.269436074731639,True
sub-HUP171,RG,RG09,8,46.65374797508218,2.1539366238510773,right middle frontal gyrus,in,2.170168739264154,True,2.872414508592989,True,18.728273692047015,False,6.946383997393868,True
sub-HUP171,RG,RG10,9,53.51997672110662,1.5209972485691585,right middle frontal gyrus,in,1.7051633542117708,True,3.5491814271820257,True,22.050878802344517,False,8.63339723626042,True
sub-HUP171,RG,RG11,10,58.10097353398183,1.4778182534640587,right precentral gyrus,near,1.5613941853698783,True,2.652441383592058,False,23.129435782656188,False,8.21617411356401,False
sub-HUP171,RG,RG12,11,63.07619993882836,0.0,,outside the brain,1.3685817638418503,True,1.608679165451641,False,24.57619993882836,False,8.076199938828363,False
sub-HUP171,RI,RI01,0,0.0,0.0,right cerebral white matter,white matter,0.0,True,0.0,True,0.0,True,0.0,True
sub-HUP171,RI,RI02,1,7.3126577324914805,1.707854264048638,right middle frontal gyrus,near,2.21124180919773,True,2.2879440820334085,True,3.9939907240332038,True,2.714898832604215,True
sub-HUP171,RI,RI03,2,12.701607387044271,2.625014339857006,right middle frontal gyrus,in,2.814659881504329,True,2.908076021052576,False,6.028872990872064,False,3.575324256160233,False
sub-HUP171,RI,RI04,3,19.11837668975971,2.216703206128877,right middle frontal gyrus,in,2.901318455463267,True,3.1411630854242,True,8.774066367317397,False,4.56391787246535,True
sub-HUP171,RI,RI06,4,28.918446011763855,0.4825016991041367,right middle frontal gyrus,near,0.6173657545970832,True,1.0875328641536581,True,11.424613903482987,False,3.9440455885271968,False
sub-HUP171,RI,RI07,5,34.0879228557175,0.5682820141279219,,outside the brain,0.5882462585349072,True,0.7946482275794233,True,13.095521742548899,False,4.122541574661133,False
sub-HUP171,RI,RI08,6,39.042035227294704,3.552713678800501e-15,,outside the brain,0.8989578741966505,True,0.0736598103086642,True,14.542035227294702,False,4.04203522729471,True
sub-HUP172,LB,LB01,0,0.0,0.0,left amygdala,in,0.0,True,0.0,True,0.0,True,0.0,True
sub-HUP172,LB,LB02,1,5.862236016615529,1.171068082614771,left amygdala,in,1.2403513823768828,True,1.181428717952973,True,2.531260192064935,True,1.3874616213901014,True
sub-HUP172,LB,LB03,2,12.405037536890593,3.02909818310155,"left parahippocampal gyrus, anterior",near,3.319930731896384,False,3.1470768873967083,False,5.871250115290562,False,3.646150813588032,False
sub-HUP172,LB,LB04,3,17.73317898833509,2.589155351435027,left cerebral white matter,white matter,3.011070030167305,False,2.7038851569330493,False,7.50397274322967,False,3.6292297139111787,False
sub-HUP172,LB,LB05,4,22.291974840250887,1.9531532863220322,left temporal pole,near,2.136090863359529,True,1.9585712638682635,True,8.435476941690586,True,2.946578778923113,False
sub-HUP172,LB,LB06,5,27.742357021668674,2.097190002867062,left temporal pole,in,2.3175449127303893,False,2.1153789976885915,False,10.377102674172127,False,3.389637143452615,False
sub-HUP172,LB,LB07,6,33.81138639521084,3.6012783935185557,left temporal pole,in,3.9435810412758845,True,3.6024358658220788,True,13.122868374959936,False,5.105559910060088,False
sub-HUP172,LB,LB08,7,38.79349985813558,2.1402160738007976,left temporal pole,in,2.550399485325569,True,2.173912907874229,False,14.394414510596187,False,4.304230432279466,True
sub-HUP172,LB,LB09,8,42.892282023662766,1.0743930229268175,left temporal pole,near,1.0921536636051263,True,2.1176203927906325,False,14.917564152550469,False,3.0727751733644846,True
sub-HUP172,LB,LB10,9,48.08796530806503,0.3697239277248493,,outside the brain,0.37602485473500924,True,2.235844965523381,True,16.5906641487239,False,3.1086089343840606,True
sub-HUP172,LB,LB11,10,52.39296462830997,0.2512747577671679,,outside the brain,0.9932748492939087,True,3.49624350613091,True,17.394177113792793,False,2.405521833197063,True
sub-HUP172,LB,LB12,11,57.17367883621672,7.53644380168212e-15,,outside the brain,1.5149821976402007,True,4.293841937160008,True,18.67367883621672,False,2.1736788362167236,True
sub-HUP172,LD,LD01,0,0.0,0.0,left temporal pole,near,0.0,True,0.0,True,0.0,True,0.0,True
sub-HUP172,LD,LD02,1,5.532326587635595,1.3305953288796464,left insular cortex,in,1.3354700439370677,True,1.3483394373819932,True,2.2950215669990373,True,1.381062091969594,True
sub-HUP172,LD,LD03,2,9.929021474428177,1.1682005436734346,left insular cortex,in,1.6099448711341833,True,1.7595915390731447,True,3.08943899661196,True,1.176552519555056,True
sub-HUP172,LD,LD04,3,15.004820656872706,3.3735119335355965,left insular cortex,in,3.838436522674834,False,3.9967331545645193,False,5.32545992772795,True,3.394771306911772,False
sub-HUP172,LD,LD05,4,22.308608615052687,4.306254199023667,left central operculum,in,4.3065072486593685,False,4.33104990802573,False,8.987815137995636,False,4.702372570294792,False
sub-HUP172,LD,LD06,5,28.043014384007204,4.146914462227954,left central operculum,near,4.1588642895125405,False,4.151982295342804,False,11.042918416507707,False,4.967444072753621,False
sub-HUP172,LD,LD07,6,33.51167945290958,5.287822336215121,left central operculum,near,5.291173072977525,False,5.305756307519156,False,13.197510681097866,False,6.125414301011275,False
sub-HUP172,LD,LD08,7,38.350813158895996,6.286487156713456,left precentral gyrus,near,6.310979096593312,False,6.416200853539603,False,14.739871435220627,False,6.894961819252805,False
sub-HUP172,LD,LD09,8,43.817143361003566,9.172262234757488,left precentral gyrus,in,9.229365511865758,False,9.358412191893336,False,17.451222831923022,False,9.603761363862287,False
sub-HUP172,LD,LD10,9,48.30754926641092,7.272111222388605,left precentral gyrus,in,7.445689050319566,False,7.701142204630893,False,17.809414331125677,False,7.777205151658549,False
sub-HUP172,LD,LD11,10,52.50703688226263,4.398055195217162,left middle frontal gyrus,in,5.067264302115741,True,5.656452815451086,True,17.87211701606305,False,4.973629027073552,True
sub-HUP172,LD,LD12,11,56.61666781953008,1.4224725733355617e-14,left middle frontal gyrus,in,3.7065825565157007,True,4.850852953846648,True,18.116667819530072,False,1.616667819530077,True
sub-HUP172,LE,LE01,0,0.0,0.0,left insular cortex,in,0.0,True,0.0,True,0.0,True,0.0,True
sub-HUP172,LE,LE02,1,5.92260906603157,1.1093767387289495,left insular cortex,near,1.2370347306184462,False,1.1329326115287066,True,2.5695968084529017,False,1.3782174373855611,False
sub-HUP172,LE,LE03,2,12.260163162917916,1.666145579740165,left insular cortex,in,1.7654452336457196,True,1.9281930536333614,True,5.409408214095998,True,2.717198397593278,True
sub-HUP172,LE,LE04,3,18.266794964843143,1.7037002324378352,left insular cortex,near,1.9305946105418303,False,2.219996253600359,True,7.873702987173193,False,3.613952969085723,False
sub-HUP172,LE,LE05,4,24.89163234809915,1.9493902409962816,left cerebral white matter,white matter,2.0533722717781653,True,3.1413762119415507,False,10.989462029665027,False,5.194814367035182,False
sub-HUP172,LE,LE06,5,29.41128667889254,1.7078989543206928,left cerebral white matter,white matter,2.9978338837418557,True,2.2223062576610215,True,11.98398142822291,False,4.684118401515466,True
sub-HUP172,LE,LE07,6,36.08433453885746,1.7929221161900046,left cerebral white matter,white matter,2.800036756222206,False,3.086234616826384,True,15.146256556501818,False,6.300263933441864,True
sub-HUP172,LE,LE08,7,41.11174418040973,3.1023161715123106,left precentral gyrus,near,4.72286403765699,True,3.6268954474339568,True,16.783734576525244,False,6.74971887971354,True
sub-HUP172,LE,LE09,8,47.758095298604744,1.6713437536363982,left precentral gyrus,near,3.602927568363846,True,3.4561774369234834,True,19.799509152675743,False,7.907488559379893,True
sub-HUP172,LE,LE10,9,52.39797367923167,1.6877401468770477,left precentral gyrus,near,5.196657621507492,False,2.6779556514925837,True,20.938914875958012,False,7.561543916024728,True
sub-HUP172,LE,LE11,10,59.098819788429864,1.2071628355475403,left precentral gyrus,in,4.721268958272736,True,3.426603567821119,False,24.116720867688453,False,9.16632620709449,False
sub-HUP172,LE,LE12,11,66.33678623747379,1.443119118362539e-14,left precentral gyrus,in,3.679118998236773,True,4.869265464097064,True,27.836786237473788,False,11.336786237473785,False
sub-HUP172,LF,LF01,0,0.0,0.0,left precentral gyrus,in,0.0,True,0.0,True,0.0,True,0.0,True
sub-HUP172,LF,LF02,1,4.372917631072276,1.4638665963881254,left precentral gyrus,in,1.6003832465145604,True,2.0726755063929647,True,1.5899917278109716,True,1.7076931440917127,True
sub-HUP172,LF,LF03,2,10.357248655139664,2.6771373932882656,left precentral gyrus,in,2.718164413224503,True,2.9218926727858014,True,4.024766406602106,True,2.6771425908966955,True
sub-HUP172,LF,LF04,3,14.758931623458633,2.642010986138109,left precentral gyrus,in,2.6510177321993247,True,3.4659465782186802,True,4.810914376325004,True,2.6851651549505466,True
sub-HUP172,LF,LF05,4,19.390961097619144,2.3897193249733957,left precentral gyrus,in,2.396013495260096,True,3.9210530343200705,False,5.762058979046859,True,2.5067087104125814,False
sub-HUP172,LF,LF06,5,23.8350418343196,1.4257599546017852,left precentral gyrus,near,1.4264580860380165,False,4.385646619971524,False,6.451867532576765,False,1.8684710651028125,False
sub-HUP172,LF,LF07,6,29.305017758040385,0.614658604332776,,outside the brain,0.9272030395779979,True,4.273600837070406,True,8.32130309887213,False,0.9326349182980704,True
sub-HUP172,LF,LF08,7,34.67529470728652,7.377764055609925e-15,,outside the brain,1.3035173521093708,True,4.440400330316845,True,10.17529470728652,False,0.3247052927134864,True
sub-HUP172,LG,LG01,0,0.0,0.0,left paracingulate gyrus,in,0.0,True,0.0,True,0.0,True,0.0,True
sub-HUP172,LG,LG02,1,4.652321626537836,1.1359343686334118,left superior frontal gyrus,in,1.5099310200394527,True,1.5649528228587588,True,1.5210211886891831,True,1.2365138214327542,True
sub-HUP172,LG,LG03,2,10.335159240776374,1.5287571860843263,left superior frontal gyrus,in,1.7213070502437098,True,1.8022382232236815,True,3.565803939714737,False,1.5447157745144058,False
sub-HUP172,LG,LG04,3,17.05335791340298,2.047508161424643,left superior frontal gyrus,in,2.088386590363207,True,2.0542364462263247,True,6.748120016534158,True,2.8137465924994927,True
sub-HUP172,LG,LG05,4,22.308665324527592,1.955293430526217,left superior frontal gyrus,in,1.9652653070957482,True,1.959545081442645,False,8.452089131545769,True,2.9604165052187716,True
sub-HUP172,LG,LG06,5,27.693278604016772,1.157533682354493,left superior frontal gyrus,near,1.1656974393617345,True,1.1887664922775962,False,10.234744820875198,False,2.9092703053032976,True
sub-HUP172,LG,LG07,6,33.32785060074764,0.7582130352199176,,outside the brain,0.8088155556427806,True,0.7863618947103727,True,12.34253562738409,False,3.4047231927592647,True
sub-HUP172,LG,LG08,7,38.70284123951839,3.552713678800501e-15,,outside the brain,0.15893954587403825,True,0.41285379808496975,True,14.202841239518389,False,3.7028412395183894,True
sub-HUP172,LH,LH01,0,0.0,0.0,left supplementary motor cortex,in,0.0,True,0.0,True,0.0,True,0.0,True
sub-HUP172,LH,LH02,1,6.119337766130107,1.096257491923539,left supplementary motor cortex,in,1.1266341780468194,True,1.1784470749790157,True,2.74843642510258,True,1.4976240106223468,True
sub-HUP172,LH,LH03,2,12.643864080475954,1.6918326859442017,left supplementary motor cortex,near,1.6921027008056577,True,2.1670932174122606,True,5.783165898715331,False,3.043686239320175,True
sub-HUP172,LH,LH04,3,18.863692997989933,2.9998151629267498,left superior frontal gyrus,near,3.0076496409921667,True,3.5295387262158173,True,8.659817673641761,False,4.704218180677829,True
sub-HUP172,LH,LH05,4,23.458686392559688,3.7253684963729126,left middle frontal gyrus,near,4.2094115918940025,True,3.8122332166620057,False,9.889497621886472,False,4.88571869752747,False
sub-HUP172,LH,LH06,5,29.955597719101643,2.5336603832017066,left middle frontal gyrus,near,2.9715956763909377,False,3.172019571717798,True,12.605509381861403,False,5.470376895294662,True
sub-HUP172,LH,LH07,6,35.97175627358974,1.1553239978687124,left middle frontal gyrus,in,2.078622900608013,True,2.6865644993869284,True,14.997763707008811,False,6.064267873525053,True
sub-HUP172,LH,LH08,7,40.3440809562385,7.17448075233818e-15,left middle frontal gyrus,in,3.617288704085069,False,1.2283859186351331,True,15.844080956238502,False,5.344080956238499,True
sub-HUP172,LI,LI01,0,0.0,0.0,"left cingulate gyrus, anterior",near,0.0,True,0.0,True,0.0,True,0.0,True
sub-HUP172,LI,LI02,1,6.381285715279798,0.31991523512132114,left cerebral white matter,white matter,1.3644485680081906,True,0.8479680063220636,True,2.891016632320533,False,1.4100329045521052,True
sub-HUP172,LI,LI03,2,11.384987834564512,0.4727152941608558,left cerebral white matter,white matter,1.3658834965549118,True,0.5129942289841528,True,4.400632980617383,True,1.4541498410425382,True
sub-HUP172,LI,LI04,3,16.045488459233113,0.8823953064754961,left cerebral white matter,white matter,1.2466723661362968,True,1.153329334766126,True,5.591274436755981,True,1.3496242114571966,True
sub-HUP172,LI,LI05,4,20.308277371428982,2.122025103276209,left cerebral white matter,white matter,2.1220473527280386,True,3.024202788591004,True,6.550353287386799,True,2.131159728246824,True
sub-HUP172,LI,LI06,5,25.12976336379023,4.533662048255326,left cerebral white matter,white matter,4.563024246922276,True,5.562166953328742,False,8.523218970742436,True,4.542459938843034,True
sub-HUP172,LI,LI07,6,30.11994875608566,5.7566158194675205,left precentral gyrus,near,5.801017460492264,True,6.988858250067155,False,10.319547460427076,False,5.773048942807928,True
sub-HUP172,LI,LI08,7,37.037646663438785,2.8885684956678706,left precentral gyrus,in,3.3005949313710476,True,3.6254234928113775,True,12.756188835926727,False,3.4711407157755017,True
sub-HUP172,LI,LI09,8,42.02976949226784,0.9828125438930397,left precentral gyrus,in,1.9149423965887813,True,2.8595727798342083,True,14.052686963286748,False,2.244852466096835,True
sub-HUP172,LI,LI10,9,46.882104098284856,7.337557957613285e-15,left precentral gyrus,in,1.4604770968182639,True,3.409503807205189,True,15.382104098284854,False,1.8821040982848583,True
sub-HUP172,LJ,LJ01,0,0.0,0.0,"left cingulate gyrus, posterior",in,0.0,True,0.0,True,0.0,True,0.0,True
sub-HUP172,LJ,LJ02,1,5.547199178778901,1.0423546714575547,"left cingulate gyrus, posterior",in,1.1020507363052496,False,1.051657276491498,False,2.20968622652542,True,1.1347042415049653,False
sub-HUP172,LJ,LJ03,2,10.517876133036351,1.5701110002315104,"left cingulate gyrus, posterior",near,1.5852865892193335,True,1.7513578395096303,True,3.7450503522412517,True,1.6202674540482633,True
sub-HUP172,LJ,LJ04,3,15.38461823008426,1.4933938865839078,left precuneus,near,1.4939340490551727,False,2.082847387459573,False,5.038375370344171,False,1.525630055728019,False
sub-HUP172,LJ,LJ05,4,20.609484836029594,0.886629487263095,left cerebral white matter,white matter,0.9154787716980386,True,1.971983004368659,True,6.649777590587765,True,1.0652179135363304,True
sub-HUP172,LJ,LJ06,5,26.48446040874093,0.9835840141651293,left cerebral white matter,white matter,1.4120944710133525,True,1.7716974381724593,True,9.01997772129353,True,1.7655453022394714,True
sub-HUP172,LJ,LJ07,6,33.42197164527938,2.059694011585217,left angular gyrus,near,3.4879444966638173,True,2.0666397276197888,True,12.528906612810303,False,3.939732462846418,False
sub-HUP172,LJ,LJ08,7,39.04290039989626,1.7709502625558835,left angular gyrus,in,3.80568678085845,False,1.7745504321055017,True,14.61044209282625,False,4.376984718300189,False
sub-HUP172,LJ,LJ09,8,42.54515677531998,1.5131173331472352,left angular gyrus,in,2.34648911224887,True,2.658108688253216,True,14.596878218748852,False,2.9378671131131298,True
sub-HUP172,LJ,LJ10,9,46.91805851927633,1.3877521465396987,left angular gyrus,in,1.7598011040565724,True,3.666826696097993,True,15.459941751429747,False,2.350846167455783,True
sub-HUP172,LJ,LJ11,10,51.833379222502224,0.20242541078062185,left angular gyrus,in,0.9488472740209457,True,4.051640268164519,True,16.83420104557779,False,1.8441274962953849,True
sub-HUP172,LJ,LJ12,11,56.90165353634152,8.881784197001252e-16,left angular gyrus,in,0.905074807600091,True,4.565867237035205,True,18.40165353634152,True,1.9016535363415186,True
sub-HUP172,LK,LK01,0,0.0,0.0,left postcentral gyrus,near,0.0,True,0.0,True,0.0,True,0.0,True
sub-HUP172,LK,LK02,1,7.0043863431287585,2.778741925141995,left postcentral gyrus,in,2.7953925396627,True,2.903412697824139,True,4.03783155690768,True,3.1249354893494394,True
sub-HUP172,LK,LK03,2,13.254635690444118,4.612933096834732,left postcentral gyrus,in,4.729269475779329,True,4.779324637769663,True,7.121864270225153,True,5.2119835129647045,True
sub-HUP172,LK,LK04,3,20.28382138075226,7.034108024078071,left postcentral gyrus,in,7.13201762183573,True,7.388631545074365,True,11.052426972014946,True,8.104330326599179,True
sub-HUP172,LK,LK05,4,24.346537135688703,7.3184692474073705,left postcentral gyrus,in,8.208085759769624,True,7.369848816687403,True,11.771937352990745,True,7.995744215598885,True
sub-HUP172,LK,LK06,5,30.205264088528384,4.765346244158618,left postcentral gyrus,in,6.122720717695972,False,5.125435191353225,True,13.216022754496446,True,6.782947510384842,True
sub-HUP172,LK,LK07,6,35.4263789982194,2.032318147854658,left postcentral gyrus,near,5.432100391626257,False,2.7417172928448057,True,14.511057589278261,False,5.739872283510206,False
sub-HUP172,LK,LK08,7,41.78832544210117,7.161583958246238e-15,,outside the brain,5.351582036924459,True,2.6726304044978133,True,17.288325442101176,False,6.7883254421011765,False
sub-HUP172,LL,LL01,0,0.0,0.0,left postcentral gyrus,near,0.0,True,0.0,True,0.0,True,0.0,True
sub-HUP172,LL,LL02,1,6.192032386894833,2.165454586031011,left postcentral gyrus,in,2.3330438098275184,True,2.1759132350904116,True,3.1597438500782786,True,2.308865421432654,True
sub-HUP172,LL,LL03,2,11.724615264731987,3.7622051116027344,left postcentral gyrus,in,4.375502108696367,True,3.762880686828417,True,5.567946657321137,True,3.921014636723104,True
sub-HUP172,LL,LL04,3,17.701739797816206,7.102821184184432,left superior parietal lobule,in,8.052469857342704,False,7.124055237816067,False,9.116062084497397,False,7.205861737654377,False
sub-HUP172,LL,LL05,4,26.667192807788542,9.150480577596781,left superior parietal lobule,in,9.294375476318098,True,9.539457552848113,False,14.345454231413147,False,10.450584770462685,False
sub-HUP172,LL,LL06,5,31.66271220710522,5.528820370355523,left superior parietal lobule,in,5.939536399079876,False,6.406455711897089,True,14.751544826576147,False,8.289396969062732,True
sub-HUP172,LL,LL07,6,37.0541335618439,2.139848045658413,left superior parietal lobule,near,3.704195550454603,False,4.072112270052154,True,16.134820675013373,False,7.312395934219115,False
sub-HUP172,LL,LL08,7,42.43125981082489,0.0,,outside the brain,4.253942536338912,True,3.3155647732215203,True,17.931259810824894,False,7.431259810824888,False
sub-HUP172,LM,LM01,0,0.0,0.0,left precuneus,in,0.0,True,0.0,True,0.0,True,0.0,True
sub-HUP172,LM,LM02,1,7.325308490358935,2.949169162171408,left precuneus,in,3.3990087926396173,True,3.1537763019857707,True,4.355716101126638,True,3.4067620592698558,True
sub-HUP172,LM,LM03,2,14.040669213260042,5.45067657532804,"left lateral occipital cortex, superior",near,6.178085071383875,False,5.728882539697032,False,8.061480605004691,False,6.192778277732669,False
sub-HUP172,LM,LM04,3,19.730852617061874,5.651876539813733,"left lateral occipital cortex, superior",in,6.842761901746175,False,6.043513158273241,False,10.127766035426625,False,6.869152720623643,False
sub-HUP172,LM,LM05,4,24.73745400397074,4.031950533894892,"left lateral occipital cortex, superior",in,5.927162329620617,True,4.525369047447489,True,11.160429090356452,False,5.9728777822640104,True
sub-HUP172,LM,LM06,5,29.810188133916114,3.1396306751914875,"left lateral occipital cortex, superior",in,5.541832565769406,True,3.572531151512277,True,12.543666206322698,False,5.606038443601959,True
sub-HUP172,LM,LM07,6,33.75738553793867,2.4770188086548557,"left lateral occipital cortex, superior",in,4.347750107478528,True,2.4808959889110356,True,12.906313283523687,True,4.424703229007195,True
sub-HUP172,LM,LM08,7,37.76187458842374,1.7423416822378244,"left lateral occipital cortex, superior",in,3.140515163481466,True,2.2313888452936266,True,13.335965365990408,True,3.2315897267317775,True
sub-HUP172,LM,LM09,8,42.33260781892042,1.8149260146162935,"left lateral occipital cortex, superior",in,2.828436680698547,True,3.01693526574548,True,14.408447736393041,True,2.9248835745358797,True
sub-HUP172,LM,LM10,9,46.752526987613955,0.7834825090166948,"left lateral occipital cortex, superior",in,1.7870005938319187,True,3.631177754486061,True,15.266079813704662,True,1.9136946166771687,True
sub-HUP172,LM,LM11,10,51.31385688254398,7.215595591812694e-15,"left lateral occipital cortex, superior",in,1.158444299398095,True,4.565707456889403,True,16.313856882543973,True,1.313856882543981,True
sub-HUP172,RB,RB01,0,0.0,0.0,right hippocampus,near,0.0,True,0.0,True,0.0,True,0.0,True
sub-HUP172,RB,RB02,1,4.693638725910563,0.7714856366788703,right hippocampus,in,1.5059897872734915,True,1.2301432936513779,True,1.368078828156451,True,0.8557088400349155,True
sub-HUP172,RB,RB03,2,10.38536701495402,1.0444026008484069,"right parahippocampal gyrus, anterior",near,1.838981395075779,False,1.3422941420854582,False,3.492533360980071,False,1.0961196930016703,False
sub-HUP172,RB,RB04,3,14.885153828452442,3.079115367769316,"right temporal fusiform cortex, posterior",in,4.445384563459301,True,3.7846912605100074,True,5.098093966957,False,3.1099427525543386,True
sub-HUP172,RB,RB05,4,19.35576460251729,2.408268239796928,"right temporal fusiform cortex, posterior",in,5.09273458285337,False,3.962322567923078,False,5.735462721493759,True,2.5359826568881374,False
sub-HUP172,RB,RB06,5,26.869428681639448,0.6200140593367766,"right inferior temporal gyrus, posterior",near,2.822536696018691,True,1.2431575347048338,True,9.382781964274548,False,1.9627743068724752,True
sub-HUP172,RB,RB07,6,33.00099812348851,0.7945581092675504,"right middle temporal gyrus, posterior",in,2.6686437120452955,True,0.958617683792127,True,12.017726606367951,False,3.095155117612177,False
sub-HUP172,RB,RB08,7,39.44443589285086,7.133128933837889e-15,"right middle temporal gyrus, posterior",in,2.017783798752097,True,0.32874085524749697,True,14.944435892850862,False,4.444435892850864,True
sub-HUP172,RD,RD01,0,0.0,0.0,right middle frontal gyrus,in,0.0,True,0.0,True,0.0,True,0.0,True
sub-HUP172,RD,RD02,1,5.041609265168836,0.9882082616318542,right middle frontal gyrus,in,0.9945456830360716,True,1.1796095755375802,True,1.749613135986001,True,0.9898044040717559,True
sub-HUP172,RD,RD03,2,9.693384351443477,1.128970462311844,right middle frontal gyrus,in,1.1295447566086056,True,1.9163556399234236,True,2.859700265015834,True,1.188862331504274,True
sub-HUP172,RD,RD04,3,15.729250370275034,3.1778196416245894,right middle frontal gyrus,in,3.3054776179577647,True,3.4562045291599,True,5.8443587600728835,True,3.2035101625742333,True
sub-HUP172,RD,RD05,4,19.69168760298793,3.2542377917889604,right middle frontal gyrus,in,3.2555971297856257,True,4.37952248479964,True,6.322700268677101,True,3.30535722976005,True
sub-HUP172,RD,RD06,5,22.630051897282442,1.8818267794795616,right middle frontal gyrus,in,2.4745512807862697,True,5.707274941418618,False,5.390795581198922,True,3.087972597992047,False
sub-HUP172,RD,RD08,6,30.977699694644976,0.0,,outside the brain,2.8443050985316662,True,8.137995342958385,True,6.477699694644975,False,4.022300305355025,True
sub-HUP172,RE,RE01,0,0.0,0.0,right precuneus,near,0.0,True,0.0,True,0.0,True,0.0,True
sub-HUP172,RE,RE02,1,12.692418306067465,1.6201436843514436,right cerebral white matter,white matter,3.4179565402830807,True,7.1856625504566765,True,9.23186585984769,True,7.759611783124426,True
sub-HUP172,RE,RE03,2,25.662487678467553,4.402142514515385,"right middle temporal gyrus, temporo-occipital",near,7.5420894920054256,False,14.777120216934586,False,18.80462495264638,False,15.903500847991257,False
sub-HUP172,RE,RE04,3,36.44279701683327,6.124938917785349,"right middle temporal gyrus, temporo-occipital",in,9.443149368996215,True,20.11568658067953,False,26.15176927475488,False,21.802417948376412,False
sub-HUP172,RE,RE05,4,44.76801512846793,2.306649141578961,"right middle temporal gyrus, temporo-occipital",in,6.795932816036874,True,22.475404394219765,False,30.795060409218447,False,24.81598540240296,False
sub-HUP172,RE,RE06,5,49.88899285854834,1.5406585397109573,"right middle temporal gyrus, temporo-occipital",near,2.501012483381652,True,21.979478875518808,False,32.40184679287302,False,24.912882297453177,False
sub-HUP172,RE,RE07,6,55.852503786048985,1.1163537813160493,,outside the brain,1.977890026519259,True,22.34151572575947,False,34.85922608567116,False,25.865448258819058,False
sub-HUP172,RE,RE08,7,61.12406377797677,0.0,,outside the brain,5.929023545553693,True,22.008368740373403,False,36.62406377797677,False,26.124063777976772,False
sub-HUP173,LA,LA01,0,0.0,0.0,left putamen,near,0.0,True,0.0,True,0.0,True,0.0,True
sub-HUP173,LA,LA02,1,6.159885980794001,1.2499415439285635,left amygdala,in,1.2632836978854347,False,1.326383931116797,False,2.823480473689505,False,1.6207508825899029,False
sub-HUP173,LA,LA03,2,11.681380520431716,0.7012655063531933,left amygdala,in,0.7022370407857608,True,0.8523003559190965,True,4.712778574616813,False,1.802334452247507,True
sub-HUP173,LA,LA04,3,17.426300528903234,2.2859417518790393,left amygdala,near,2.301848225361092,True,2.3425452882948448,True,7.150935561723519,False,3.2255884005482733,True
sub-HUP173,LA,LA05,4,23.040837440602676,1.8316791750988028,left insular cortex,near,1.8806921855572796,True,1.9325152444092286,True,9.153062689893803,False,3.487631127251706,True
sub-HUP173,LA,LA06,5,28.90398324784075,2.7271396478452754,left planum polare,in,2.7670140044453246,True,2.8521828782025564,True,11.600165058672129,False,4.657061475559794,True
sub-HUP173,LA,LA07,6,33.9516686709668,2.312051676227908,left planum polare,near,2.6136575625833407,False,2.337667091836668,True,13.07883584889501,False,4.51049656743798,True
sub-HUP173,LA,LA08,7,40.61108217592508,0.9453287628138818,"left middle temporal gyrus, posterior",in,1.0046992915041975,True,1.7598408487046333,True,16.12780717246645,False,5.679306489646485,False
sub-HUP173,LA,LA09,8,47.84247250177845,1.8190813739222598,"left middle temporal gyrus, posterior",in,2.0850090095472185,True,3.59795415991822,True,19.8912305909028,False,8.016982144658309,True
sub-HUP173,LA,LA10,9,53.321090727342806,0.0,"left middle temporal gyrus, posterior",in,0.6835181010344239,True,3.029482821852763,True,21.821090727342806,False,8.321090727342806,True
sub-HUP173,LB,LB01,0,0.0,0.0,left amygdala,in,0.0,True,0.0,True,0.0,True,0.0,True
sub-HUP173,LB,LB02,1,6.620193170972685,2.018129155401306,left hippocampus,near,2.025264979826989,True,2.141756388652802,True,3.4556264309402542,True,2.4033508583745746,True
sub-HUP173,LB,LB03,2,13.115249194771051,3.604052519422055,left hippocampus,near,3.620013185654874,False,3.87901578636231,True,6.668212759992086,True,4.450061473128932,True
sub-HUP173,LB,LB04,3,18.632876402405742,3.1358723167699742,"left temporal fusiform cortex, posterior",near,3.309458378930323,False,3.521937830001981,False,8.46905948081075,False,4.601202262345892,False
sub-HUP173,LB,LB05,4,25.120465350369393,2.577395873175474,"left middle temporal gyrus, posterior",near,2.7339581666287054,True,3.686708764902029,True,11.286131664039338,False,5.614449993708648,False
sub-HUP173,LB,LB06,5,29.812851181179525,4.234007320326849,"left middle temporal gyrus, posterior",near,5.111726176070462,False,4.516025582976275,False,12.735103563030563,False,6.186509989573686,True
sub-HUP173,LB,LB07,6,35.61911381922569,5.2071386242289215,"left middle temporal gyrus, posterior",near,6.337966290975003,False,5.480325386298276,False,15.158846483825405,True,7.384757075035372,False
sub-HUP173,LB,LB08,7,41.86954197631371,4.273183250290479,"left middle temporal gyrus, posterior",in,5.635275869152414,True,4.968643568065042,True,17.675233214806724,False,7.905360351949089,True
sub-HUP173,LB,LB09,8,47.70349334055169,2.004555421178493,"left middle temporal gyrus, posterior",in,4.5981674635518575,True,3.572991688142534,True,19.763279988697388,True,7.919257977868954,True
sub-HUP173,LB,LB10,9,53.01120211262269,3.552713678800501e-15,"left middle temporal gyrus, posterior",in,5.263328000938673,False,2.719594207132644,True,21.51120211262269,True,8.011202112622692,True
sub-HUP173,LC,LC01,0,0.0,0.0,left hippocampus,in,0.0,True,0.0,True,0.0,True,0.0,True
sub-HUP173,LC,LC02,1,6.5904057410887065,0.16527186316463038,left hippocampus,in,0.4050848632028145,True,1.0139370117453081,True,3.092752193197469,True,1.5969085217897296,True
sub-HUP173,LC,LC03,2,12.720850501362442,1.6539886153328434,left hippocampus,in,1.6633126865282717,True,2.191006451790641,True,5.851489545683072,True,3.092368177080556,True
sub-HUP173,LC,LC04,3,18.778187234417178,2.5988428738834184,"left temporal fusiform cortex, posterior",near,2.599490188796839,False,3.180584741220907,False,8.504304601426304,False,4.438001804318198,False
sub-HUP173,LC,LC05,4,24.999058799060105,6.183806424228093,left temporo-occipital fusiform cortex,near,6.2180646638202095,False,6.4604679727539045,False,11.947058394567904,False,7.487734926584562,False
sub-HUP173,LC,LC06,5,29.332239912739187,6.585998539083896,"left inferior temporal gyrus, temporo-occipital",near,7.047793206512487,False,6.617362715822569,False,12.892434608889413,False,7.497693040904811,False
sub-HUP173,LC,LC07,6,33.14570354486847,4.939250569581273,"left inferior temporal gyrus, temporo-occipital",near,6.705643961389067,False,4.996185942565503,False,12.769553428241608,False,5.6657108634089575,False
sub-HUP173,LC,LC08,7,38.678758186424226,4.52624520229351,"left inferior temporal gyrus, temporo-occipital",near,6.831187021581137,False,4.580465044987515,False,14.630747753211242,False,5.668821919050118,False
sub-HUP173,LC,LC09,8,44.34874674666337,2.483409479564434,"left middle temporal gyrus, temporo-occipital",in,6.006267132130986,True,2.5194276342425277,True,16.467494490836895,False,4.947578542773364,True
sub-HUP173,LC,LC10,9,49.999901881806906,0.0,"left middle temporal gyrus, temporo-occipital",in,5.966568485214598,False,0.2917060236831486,True,18.499901881806903,False,4.9999018818069,True
sub-HUP173,LD,LD01,0,0.0,0.0,left amygdala,near,0.0,True,0.0,True,0.0,True,0.0,True
sub-HUP173,LD,LD02,1,10.828157899802006,2.585390151388975,left putamen,in,3.0931128948767457,True,5.564151619503105,True,7.476239553410632,False,6.0909132330837386,True
sub-HUP173,LD,LD03,2,22.8975985844887,2.9951969337857443,left putamen,in,3.4564399357157605,True,11.907791360115498,True,15.983993599494488,True,13.04924984750175,True
sub-HUP173,LD,LD04,3,38.03296223328047,4.314674006460722,left cerebral white matter,white matter,4.464936049257152,True,21.461744616133693,False,27.626440294412017,False,23.192312102728916,False
sub-HUP173,LD,LD05,4,52.89737462887175,5.288044328735904,left cerebral white matter,white matter,6.5004872123892605,True,30.738838427863588,False,38.992630442334445,False,33.058077811726314,False
sub-HUP173,LD,LD06,5,61.716641981405225,4.877524345100116,left superior frontal gyrus,near,4.899060583117514,True,33.93616398164175,False,44.292977017223954,False,36.8478462989561,False
sub-HUP173,LD,LD07,6,70.17729093196067,2.2633721816111048,left superior frontal gyrus,in,3.8682119997801676,True,36.68293615910282,False,49.19287870973974,False,40.20454251141371,False
sub-HUP173,LD,LD08,7,82.96955825076705,1.4323167916492475e-14,left superior frontal gyrus,in,2.521083626967424,True,43.853863213163685,False,58.46955825076705,False,47.96955825076705,False
sub-HUP173,LE,LE01,0,0.0,0.0,left paracingulate gyrus,in,0.0,True,0.0,True,0.0,True,0.0,True
sub-HUP173,LE,LE02,1,7.063218350653536,2.1538856397385246,left paracingulate gyrus,in,2.2009690215966606,True,2.436429075983657,True,3.8796208183188843,True,2.7606266507108868,True
sub-HUP173,LE,LE03,2,15.375301645942812,5.16658868837093,left paracingulate gyrus,near,5.5164452669262225,False,6.133417867183836,False,9.091895557516434,False,6.839234984126252,False
sub-HUP173,LE,LE04,3,20.662760958467306,5.174066975614445,left cerebral white matter,white matter,5.3074766278132,True,6.105116377017527,False,10.82154666357324,False,7.1983098277963755,False
sub-HUP173,LE,LE05,4,26.541012877062176,5.094243522692529,left cerebral white matter,white matter,5.182359729285225,False,6.293614182575646,False,13.080305875467321,False,7.907211214515423,True
sub-HUP173,LE,LE06,5,32.387828140808686,4.84636917385184,left cerebral white matter,white matter,4.8901984040003486,False,6.337305396267453,False,15.310456517759695,False,8.53301615396193,False
sub-HUP173,LE,LE07,6,36.574980257456936,3.2839956626382625,left frontal pole,near,3.5021253749334695,False,4.380844063201868,True,15.772909516988348,False,7.217629248789986,True
sub-HUP173,LE,LE08,7,42.02025711910442,1.289150776228827,left frontal pole,in,2.310495195568592,True,3.1597276437570345,True,17.547894962645113,False,7.118187481307706,False
sub-HUP173,LE,LE09,8,49.33523892376384,0.0,left frontal pole,in,0.8566374779991195,True,4.631587452217135,True,21.335238923763846,False,9.335238923763837,True
sub-HUP173,RA,RA01,0,0.0,0.0,right amygdala,in,0.0,True,0.0,True,0.0,True,0.0,True
sub-HUP173,RA,RA02,1,5.812632899501539,0.5302335044381501,right hippocampus,in,0.800350275644282,True,0.5668548919270211,True,2.3490240238559914,True,0.9501154045259761,True
sub-HUP173,RA,RA03,2,13.088227273411311,1.2427583161977305,right hippocampus,in,1.2683044817488636,True,2.231305013793431,True,6.15584288488653,True,3.2741179128927853,True
sub-HUP173,RA,RA04,3,19.618636385649815,2.6672694357713733,"right temporal fusiform cortex, posterior",near,2.681178491110632,False,3.775863930074074,False,9.326034252049123,False,5.176546943487464,False
sub-HUP173,RA,RA05,4,23.30159901934673,2.1947930983514783,"right temporal fusiform cortex, posterior",near,3.2181820866511566,False,2.352261631602813,True,9.456235958544195,False,3.8787043945365465,False
sub-HUP173,RA,RA06,5,26.638165987568126,0.702501933032974,"right middle temporal gyrus, posterior",near,5.3569055749764,True,1.4872518035573383,True,9.155891315178023,False,1.7739301085374486,False
sub-HUP173,RA,RA07,6,31.43249637586512,1.7204201812719895,"right middle temporal gyrus, posterior",near,7.152079649176939,False,2.747644894526216,True,10.526914644553992,False,2.2088728244103732,True
sub-HUP173,RA,RA08,7,38.23708236318097,2.3444159695932605,"right middle temporal gyrus, posterior",in,6.957129079082375,True,2.5297893960848303,True,13.864791170465814,False,3.9388348360581027,False
sub-HUP173,RA,RA09,8,44.82073090529186,1.1043026370545406,"right middle temporal gyrus, posterior",in,6.392255927859171,False,1.1091397783401262,True,16.843364539337266,False,4.932335485581492,True
sub-HUP173,RA,RA10,9,51.098857078532085,0.0,"right middle temporal gyrus, posterior",near,6.392322332257844,False,0.8072491730420482,False,19.598857078532088,True,6.098857078532084,False
sub-HUP173,RB,RB01,0,0.0,0.0,right hippocampus,in,0.0,True,0.0,True,0.0,True,0.0,True
sub-HUP173,RB,RB02,1,6.945351251780302,1.4143784169695677,right hippocampus,in,1.493193870124361,True,1.8625410689754311,True,3.59015638344469,False,2.289058338645834,True
sub-HUP173,RB,RB03,2,13.488754500357166,3.367218577697267,"right parahippocampal gyrus, posterior",in,3.3932501028778446,False,3.8593265889954775,False,6.934156116492803,False,4.551070777712307,False
sub-HUP173,RB,RB04,3,19.344443113216688,3.378937056920246,"right temporal fusiform cortex, posterior",near,3.3799746592487807,False,4.078007812464608,False,9.190720682168724,False,5.272178033182566,False
sub-HUP173,RB,RB05,4,24.81095753409819,2.725388658537064,"right temporal fusiform cortex, posterior",near,2.795821202970547,False,3.571999676196964,False,11.003669923015693,False,5.399162322201088,False
sub-HUP173,RB,RB06,5,32.34271779634685,1.4855627456230593,"right middle temporal gyrus, posterior",near,1.643532273762443,True,4.6144677125395415,True,14.882909993218561,False,7.458034165535424,False
sub-HUP173,RB,RB07,6,40.20670847721767,1.5635414696481087,"right middle temporal gyrus, temporo-occipital",near,2.7396539893278304,False,6.829932268506904,False,19.239931983879295,False,10.295710672252325,False
sub-HUP173,RB,RB08,7,46.50268649455904,2.1360985005115007,"right middle temporal gyrus, temporo-occipital",in,3.0706365357306664,True,7.642497177653348,False,22.057276826391245,False,11.651088583885517,False
sub-HUP173,RB,RB09,8,51.345583898642275,1.3353153629873271,"right middle temporal gyrus, temporo-occipital",in,1.5361451857460302,True,6.757806085810591,True,23.366403275826226,False,11.406646325766687,False
sub-HUP173,RB,RB10,9,56.10032669055064,0.0,"right middle temporal gyrus, temporo-occipital",in,0.7896030345978777,True,5.808718785060589,True,24.600326690550634,False,11.100326690550634,True
sub-HUP173,RC,RC01,0,0.0,0.0,"right parahippocampal gyrus, posterior",near,0.0,True,0.0,True,0.0,True,0.0,True
sub-HUP173,RC,RC02,1,15.393843590277875,1.9538766431797336,right temporo-occipital fusiform cortex,in,4.942775773763696,False,9.876580817402287,False,11.930424583308039,False,10.453564299416117,False
sub-HUP173,RC,RC03,2,28.525010010361804,6.210039986212149,right temporo-occipital fusiform cortex,in,8.90513372175632,False,17.78437321302922,False,21.746370508810013,False,18.890729830833116,False
sub-HUP173,RC,RC04,3,38.862714092110615,1.7518455230353778,"right inferior temporal gyrus, temporo-occipital",near,6.863128314467362,True,22.12879223748486,False,28.377335152440775,False,23.887533699532508,False
sub-HUP173,RC,RC05,4,49.583515473019375,1.7577008845063167,"right lateral occipital cortex, inferior",in,6.864623680010937,False,27.257257558205453,False,35.59577471208048,False,29.604576754140137,False
sub-HUP173,RC,RC06,5,59.64884106824708,0.140053946947248,"right lateral occipital cortex, inferior",near,6.004593544498963,False,31.709203775038144,False,42.148909335331794,False,34.64895970243178,False
sub-HUP173,RC,RC07,6,66.60306934050138,0.40176595760378747,,outside the brain,2.26294807608246,True,33.07655907511518,False,45.60362735893509,False,36.60406251106804,False
sub-HUP173,RC,RC08,7,71.6515826409583,0.0,,outside the brain,3.4524206915260707,True,32.53588760335492,False,47.15158264095829,False,36.651582640958296,False
sub-HUP173,RD,RD01,0,0.0,0.0,right insular cortex,in,0.0,True,0.0,True,0.0,True,0.0,True
sub-HUP173,RD,RD02,1,12.581683663948256,1.1890163351802774,right insular cortex,in,1.3972044466701647,True,7.038574283498172,True,9.103358884926044,True,7.618728225503933,True
sub-HUP173,RD,RD03,2,23.0735197863459,0.9914328659483764,right insular cortex,in,1.1246760335222699,True,11.917607465864005,True,16.082797588435277,True,13.089809759138749,True
sub-HUP173,RD,RD04,3,34.23746532819406,1.3994676039538665,right central operculum,in,1.8215286625500342,True,17.50102609199048,False,23.750118949505097,False,19.259763404786757,False
sub-HUP173,RD,RD05,4,48.770799824759465,2.942921071324408,right precentral gyrus,near,3.3102225414560036,False,26.49405742884685,False,34.80656441774403,False,28.832512697165267,False
sub-HUP173,RD,RD06,5,60.53164649444855,2.78054678687066,right postcentral gyrus,in,3.163975280073684,True,32.64659446095337,False,43.0576239270773,False,35.57657556087299,False
sub-HUP173,RD,RD07,6,76.3908025573935,2.5859177751159095,right postcentral gyrus,in,6.165865558747577,True,42.89729581283835,False,55.407398403702324,False,46.419106030318915,False
sub-HUP173,RD,RD08,7,86.67769452543091,1.589442370446406e-14,right postcentral gyrus,in,4.136473269400491,True,47.56199948782754,False,62.17769452543091,False,51.67769452543091,False
sub-HUP173,RE,RE01,0,0.0,0.0,"right cingulate gyrus, anterior",in,0.0,True,0.0,True,0.0,True,0.0,True
sub-HUP173,RE,RE02,1,13.476748289724226,2.412606332522898,"right cingulate gyrus, anterior",near,2.81726672272553,True,8.041526837433553,False,10.052834527527558,False,8.604206504335519,False
sub-HUP173,RE,RE03,2,25.268714006425878,4.776818231819086,right cerebral white matter,white matter,4.926348890823012,True,14.449597095855708,False,18.442464916352343,False,15.564251160423643,False
sub-HUP173,RE,RE04,3,33.47703293231029,2.642474762055732,right frontal pole,near,3.3384611340145223,True,16.817607636572056,False,23.02471639112549,False,18.561636500607012,False
sub-HUP173,RE,RE05,4,44.9989600691216,1.8769071101285804,right frontal pole,in,2.935686287766283,False,22.68575072913366,False,31.016640757645604,False,25.0302697233947,False
sub-HUP173,RE,RE07,5,69.52235844321758,0.4440213846938077,,outside the brain,1.378217459307446,True,35.99594057676722,False,48.52297210963464,False,39.52343473543283,False
sub-HUP173,RE,RE08,6,79.85508003184883,1.475552811121985e-14,,outside the brain,2.774872466816889,True,40.739384994245455,False,55.35508003184883,False,44.85508003184882,False
sub-HUP173,RF,RF01,0,0.0,0.0,"right cingulate gyrus, posterior",in,0.0,True,0.0,True,0.0,True,0.0,True
sub-HUP173,RF,RF02,1,11.629887595446869,1.9483019591281932,"right cingulate gyrus, posterior",near,1.9552221253008655,False,6.192072776986454,True,8.200339463000075,True,6.7527012228565315,True
sub-HUP173,RF,RF03,2,22.72515169291246,3.4912049960328897,right cerebral white matter,white matter,3.5826759481484904,True,11.807406532092436,True,15.844785438423742,False,12.935414828508616,False
sub-HUP173,RF,RF04,3,34.08273311043175,3.5303950055817133,right angular gyrus,near,3.666649482039132,True,17.495426345145766,False,23.664221796181913,False,19.22630580130905,False
sub-HUP173,RF,RF05,4,48.657200094383455,9.53062805546955,right angular gyrus,in,9.605269125593017,True,27.0944092932077,False,35.035870324913134,False,29.307611715258933,False
sub-HUP173,RF,RF06,5,58.744963798161734,5.618315377264202,right angular gyrus,in,5.627779525414389,True,31.048455736454066,False,41.359060990389374,False,33.94387583123791,False
sub-HUP173,RF,RF07,6,70.24144480376741,1.9074962695806437,,outside the brain,1.9567383192595311,True,36.7373556059051,False,49.252491282255,False,40.26075237165832,False
sub-HUP173,RF,RF08,7,77.76434332963336,1.5987211554602254e-14,,outside the brain,3.6448698384947096,True,38.64864829203,False,53.26434332963336,False,42.76434332963336,False
sub-HUP173,RG,RG01,0,0.0,0.0,right lingual gyrus,near,0.0,True,0.0,True,0.0,True,0.0,True
sub-HUP173,RG,RG02,1,12.316676341244047,3.473972704158713,"right inferior temporal gyrus, temporo-occipital",near,5.107899594103283,False,7.131934096544676,False,9.013008255688685,False,7.650785486156143,False
sub-HUP173,RG,RG03,2,23.969250067953997,3.9716544719925024,"right middle temporal gyrus, temporo-occipital",in,8.481347959260326,False,13.07958238036659,False,17.105384332525748,False,14.204460492464202,False
sub-HUP173,RG,RG04,3,33.72513154108788,3.321854432781712,"right middle temporal gyrus, temporo-occipital",in,9.918023863389166,True,17.122583066173096,False,23.299155844305222,False,18.856045404898584,False
sub-HUP173,RG,RG05,4,40.641679626538135,1.9977679473007592,"right middle temporal gyrus, temporo-occipital",near,8.541529053312068,False,18.349797472062622,False,26.667484823361423,False,20.689228044162867,True
sub-HUP173,RG,RG06,5,45.22877787833407,1.3370848601597072,,outside the brain,5.030059355506247,False,17.32091259930931,False,27.74125107199332,False,20.253193981940104,False
sub-HUP173,RG,RG07,6,53.05144761444295,2.39200952725515,,outside the brain,5.154256273514466,True,19.616143605779136,False,32.086778279990206,False,23.121558035517282,False
sub-HUP173,RG,RG08,7,57.60622322982779,1.591302455776226e-14,,outside the brain,1.1023396875351439,True,18.490528192224417,False,33.10622322982778,False,22.606223229827787,False
sub-HUP173,RH,RH01,0,0.0,0.0,right occipital fusiform gyrus,near,0.0,True,0.0,True,0.0,True,0.0,True
sub-HUP173,RH,RH02,1,5.587428962870012,1.7003095193790934,right cerebral white matter,white matter,1.7264766700371075,True,1.7209167068370852,True,2.4924526660732926,False,1.7306116045574662,False
sub-HUP173,RH,RH03,2,10.993881786412347,3.1082110130075766,right cerebral white matter,white matter,3.1857112934582883,False,3.1715267582502777,False,4.714923182455215,True,3.1556909128862145,True
sub-HUP173,RH,RH04,3,17.51650621698822,5.865035471974692,"right middle temporal gyrus, temporo-occipital",near,5.876086755251746,False,5.8707265251357255,False,8.39427648354615,False,6.055160805612718,False
sub-HUP173,RH,RH05,4,24.224880695638753,7.280204846255308,"right middle temporal gyrus, temporo-occipital",in,7.306347614289821,False,7.319066437956091,False,11.657759990674315,False,7.914716363908749,False
sub-HUP173,RH,RH06,5,27.649248800081857,6.0687714345416,"right middle temporal gyrus, temporo-occipital",in,6.17388590947115,False,6.144979978137476,False,11.251921337217697,False,6.382055873002312,False
sub-HUP173,RH,RH07,6,30.313920884832644,3.817803434303934,right angular gyrus,in,5.287916580972412,True,5.1491709394200225,True,9.843107246811183,False,3.8184926810492956,True
sub-HUP173,RH,RH08,7,34.27043863101681,1.024905804454697,right angular gyrus,in,5.200072096120489,True,4.967466450707084,True,9.808801901612217,False,1.2670018358226736,True
sub-HUP173,RH,RH09,8,39.951624249512115,2.0979327375840846,right angular gyrus,in,5.4948236008133575,True,5.244997367277339,True,12.080070671161913,True,2.1004840829827742,True
sub-HUP173,RH,RH10,9,48.90693610113758,1.5987211554602254e-14,right angular gyrus,in,1.6900090895093958,False,1.3846718043524626,False,17.406936101137575,True,3.9069361011375827,True
sub-HUP173,RI,RI01,0,0.0,0.0,right frontal orbital cortex,in,0.0,True,0.0,True,0.0,True,0.0,True
sub-HUP173,RI,RI02,1,11.736851229849016,2.0791951597882514,right frontal orbital cortex,near,2.08746554881702,True,6.315341186684566,False,8.315356560720712,False,6.873245406692998,False
sub-HUP173,RI,RI03,2,23.21376752016723,3.372738532438838,right insular cortex,near,3.4105218743437167,True,12.264405831221575,False,16.319765308779075,False,13.39888262876091,False
sub-HUP173,RI,RI04,3,38.41519989526646,4.457826009741686,right frontal operculum,near,5.342840028801954,True,21.851349422078773,False,28.01264809415155,False,23.580869314788334,False
sub-HUP173,RI,RI05,4,51.92067811737165,4.705674096126208,right middle frontal gyrus,near,6.693061860583074,False,29.729941083429146,False,37.999485850269906,False,32.05428164033514,False
sub-HUP173,RI,RI06,5,64.06776256463512,3.724072299154386,right middle frontal gyrus,in,6.457262546587407,True,36.211658269493164,False,46.608453431244975,False,39.13702067719428,False
sub-HUP173,RI,RI07,6,73.09055990873196,1.3597297993275832,right middle frontal gyrus,in,2.9845386317332467,True,39.57353920533901,False,52.0956589736427,False,43.0993652516484,False
sub-HUP173,RI,RI08,7,82.37916332741598,0.0,right middle frontal gyrus,near,0.22120471847286674,True,43.263468289812614,False,57.87916332741598,False,47.37916332741599,False
sub-HUP177,LA,LA01,0,0.0,0.0,left amygdala,near,0.0,True,0.0,True,0.0,True,0.0,True
sub-HUP177,LA,LA02,1,5.964765021702467,1.028090271447445,left amygdala,in,1.1048762616690977,True,1.0675432333357366,True,2.588426242395473,True,1.3503565048238015,True
sub-HUP177,LA,LA03,2,11.284369562789058,0.26699857119905024,left amygdala,in,0.4320055371632237,True,0.2870118608309388,True,4.289528035270583,True,1.308735396421338,True
sub-HUP177,LA,LA04,3,16.8706647242616,0.5013596424773747,left amygdala,in,0.6742438887288068,True,0.5111073706416781,True,6.382934002589493,True,1.929488462883233,True
sub-HUP177,LA,LA05,4,22.145335409159372,0.6406091335773876,left planum polare,near,0.6887162984087584,True,0.675967101854642,True,8.161248696845302,False,2.230059632933847,False
sub-HUP177,LA,LA06,5,26.590044332702156,0.9245081242787153,left planum polare,in,1.209601426384232,True,1.6492923664799988,True,9.120942895083418,False,1.82540093867968,True
sub-HUP177,LA,LA07,6,30.9923208779487,0.8176257122216093,left planum polare,near,2.016446172317561,False,2.6742607009939676,False,10.01496532272549,False,1.2774664630059447,True
sub-HUP177,LA,LA08,7,37.99437935915504,1.1746379674753222,"left middle temporal gyrus, anterior",in,1.2172765029898551,True,1.6365156967195311,True,13.527313478716634,False,3.1996319175030146,True
sub-HUP177,LA,LA09,8,44.641841640985525,1.7990332690062656,"left middle temporal gyrus, anterior",in,1.9851426693610332,True,1.801704552417649,True,16.702745583509074,False,4.944477799638579,True
sub-HUP177,LA,LA10,9,50.06661849779715,1.2597954986806297,"left middle temporal gyrus, anterior",in,1.4996773350912849,True,1.2826103840280236,True,18.593493848433592,False,5.205509052992175,True
sub-HUP177,LA,LA11,10,54.88404773128951,0.6125304940113034,"left middle temporal gyrus, anterior",near,0.6364024645854479,True,1.171778257161962,True,19.89006348960342,False,4.918916403511714,False
sub-HUP177,LA,LA12,11,59.81155007336984,7.160723346098895e-15,,outside the brain,0.367206846626749,True,1.655970700006878,True,21.311550073369833,False,4.8115500733698395,False
sub-HUP177,LB,LB01,0,0.0,0.0,left hippocampus,in,0.0,True,0.0,True,0.0,True,0.0,True
sub-HUP177,LB,LB02,1,6.050036831421126,2.1890851417449197,left hippocampus,in,2.2181959580369943,True,2.1897063398604737,True,3.0613998070449298,True,2.2807533467534924,True
sub-HUP177,LB,LB03,2,10.530386920307297,1.930977773940672,left hippocampus,near,1.9425820655290065,True,2.0994734096977057,True,3.868260075100751,True,1.9627682350645068,True
sub-HUP177,LB,LB04,3,14.723190404288815,2.3938941816337396,"left temporal fusiform cortex, posterior",near,2.732975640373931,False,3.2761411384706753,False,4.685044510356364,False,2.44012334575167,False
sub-HUP177,LB,LB05,4,19.240693359592186,3.4098213333391754,"left middle temporal gyrus, posterior",near,4.053363917361205,True,4.826364090122322,True,5.999363297247598,False,3.571929387600954,True
sub-HUP177,LB,LB06,5,24.971814969213273,3.1534432634229197,"left middle temporal gyrus, posterior",near,3.553346789802026,True,4.469859322498757,False,7.926211243989763,False,3.1616817015548047,True
sub-HUP177,LB,LB07,6,31.365009063290586,3.3577746653012213,"left middle temporal gyrus, posterior",in,3.39580162633023,True,4.094411796785866,True,10.723989459065844,False,3.5606604235059702,True
sub-HUP177,LB,LB08,7,38.465753494873844,3.120575275922218,"left middle temporal gyrus, posterior",in,3.4062610722492033,True,3.215789222121033,True,14.18643470176465,False,4.570194114181969,True
sub-HUP177,LB,LB09,8,43.81270013908096,1.5980532086685424,"left middle temporal gyrus, posterior",in,2.2111275836254936,True,1.8440086050324298,False,15.864239826473646,True,4.107188337670089,True
sub-HUP177,LB,LB10,9,48.25601880697671,1.0913484532558282,"left middle temporal gyrus, posterior",near,1.3000059404026303,True,2.320574287152811,False,16.779205577609698,False,3.422349753751357,True
sub-HUP177,LB,LB11,10,53.037824302193435,0.4593787452751668,,outside the brain,0.5078898002677493,True,2.8805947753659398,True,18.041684163248934,False,3.070394444954493,True
sub-HUP177,LB,LB12,11,58.29774212378901,7.32410687763558e-15,,outside the brain,0.19660323622532772,True,3.169778649587713,True,19.797742123789007,False,3.2977421237890048,True
sub-HUP177,LC,LC01,0,0.0,0.0,"left parahippocampal gyrus, posterior",in,0.0,True,0.0,True,0.0,True,0.0,True
sub-HUP177,LC,LC02,1,5.797038022060465,1.797007785758231,"left temporal fusiform cortex, posterior",in,1.8143802378082317,True,1.798634374285462,True,2.69727439429976,False,1.8683813504057196,True
sub-HUP177,LC,LC03,2,10.81314364199831,1.8819279004053941,"left temporal fusiform cortex, posterior",in,1.886148673143522,True,1.9545382458567198,True,4.104926256502235,True,1.9904044616161025,True
sub-HUP177,LC,LC04,3,16.803419683455214,2.506477830717727,"left temporal fusiform cortex, posterior",in,2.641089382680612,True,2.510869496680995,True,6.609152999478642,True,2.9819527286227476,True
sub-HUP177,LC,LC05,4,21.6083729710928,4.576825544963289,left temporo-occipital fusiform cortex,in,4.577425262367824,False,4.74018919155793,False,8.46255172711929,False,4.7114218352566954,False
sub-HUP177,LC,LC06,5,26.792988574511813,5.311822654943597,"left inferior temporal gyrus, temporo-occipital",in,5.312003657174865,False,5.570746465219145,True,10.245656085950744,False,5.459486842107764,False
sub-HUP177,LC,LC07,6,31.9399467662261,4.123761120540723,"left inferior temporal gyrus, temporo-occipital",in,4.125138696895751,True,4.521822040102485,True,11.441599620375822,False,4.450062927994392,True
sub-HUP177,LC,LC08,7,37.677189542208474,2.33496516281667,"left inferior temporal gyrus, temporo-occipital",in,2.461087108444264,True,2.7811803075624275,True,13.311160628959149,False,3.4981247527580406,True
sub-HUP177,LC,LC09,8,43.750131560133646,0.12920410130645918,"left inferior temporal gyrus, temporo-occipital",in,1.6669298766358829,True,0.9624228759824166,True,15.750470726951432,True,3.7521659767304256,True
sub-HUP177,LC,LC10,9,48.74196840215508,0.8339952367211614,"left middle temporal gyrus, temporo-occipital",near,1.6174054827080384,False,1.7660964131677515,True,17.254999634681134,False,3.826816520638251,False
sub-HUP177,LC,LC11,10,53.02004747899738,0.12138184633669587,"left lateral occipital cortex, inferior",near,0.42747182590202665,False,2.862230750492557,False,18.020317344145546,False,3.022346954927585,False
sub-HUP177,LC,LC12,11,57.47354861730462,0.0,,outside the brain,0.39748680424955,True,3.9939721560720964,True,18.97354861730462,False,2.4735486173046284,False
sub-HUP177,LD,LD01,0,0.0,0.0,left insular cortex,in,0.0,True,0.0,True,0.0,True,0.0,True
sub-HUP177,LD,LD02,1,6.9682646734469875,0.7930290875394646,left insular cortex,in,2.3738898770182115,True,1.5528087264007642,True,3.513654645374846,True,2.0800945030734503,True
sub-HUP177,LD,LD03,2,15.324721591533333,0.48412993440974805,"left inferior frontal gyrus, pars opercularis",in,5.965788027617119,False,4.169362651239148,False,8.331150989802353,False,5.339067502514218,False
sub-HUP177,LD,LD04,3,22.675611076151895,1.5193619118917283,"left inferior frontal gyrus, pars triangularis",in,8.701878983969392,False,6.0545217960612145,False,12.219478146405114,False,7.774559690554963,False
sub-HUP177,LD,LD05,4,26.56727255365432,0.6598179284554694,"left inferior frontal gyrus, pars triangularis",near,7.844953261281905,False,4.258676937638622,False,12.576398283144167,False,6.592181786482848,False
sub-HUP177,LD,LD06,5,30.51636387624083,0.33524995978767014,"left inferior frontal gyrus, pars triangularis",near,7.095045357101037,False,2.5964744011342167,True,13.018839558255504,False,5.5247035053550295,False
sub-HUP177,LD,LD07,6,34.390130014802786,0.3083369669388945,,outside the brain,6.283435311904991,False,0.9145536663534206,True,13.392297696226068,False,4.399565701590865,False
sub-HUP177,LD,LD08,7,39.06407175033345,1.7763568394002505e-15,,outside the brain,6.26570913032181,True,0.05162328726991519,True,14.564071750333444,False,4.064071750333454,True
sub-HUP177,LE,LE01,0,0.0,0.0,"left cingulate gyrus, anterior",in,0.0,True,0.0,True,0.0,True,0.0,True
sub-HUP177,LE,LE02,1,7.4541868512907365,1.6520294720918174,left cerebral white matter,white matter,2.7958264505946584,False,2.3567973056787492,False,4.114994869829705,False,2.806551593920934,False
sub-HUP177,LE,LE03,2,13.770326411269542,1.4698177098111154,left cerebral white matter,white matter,3.9488359276502347,True,2.913647637313856,True,6.851179743783794,True,3.9735009823582024,True
sub-HUP177,LE,LE04,3,20.736600447044307,2.698343311671405,left frontal orbital cortex,near,6.144624324261269,False,4.657667850780443,False,10.415877285599368,False,6.18044383502829,False
sub-HUP177,LE,LE05,4,29.242809335221608,3.7409788657104466,left frontal orbital cortex,in,9.699839530838824,False,7.630651511622199,False,15.461919269462038,False,9.74887379213797,False
sub-HUP177,LE,LE06,5,37.15415002660045,4.356403555584778,"left inferior frontal gyrus, pars triangularis",in,12.608005195212957,False,9.961201803818822,False,19.881033882530232,False,12.67033932224475,False
sub-HUP177,LE,LE07,6,41.98624532998271,3.5642320224886594,"left inferior frontal gyrus, pars triangularis",in,12.283478830775369,False,9.03931101780723,False,21.137358812842084,False,12.359756037235433,False
sub-HUP177,LE,LE08,7,45.85535149972764,2.497373280107316,"left inferior frontal gyrus, pars triangularis",in,10.98205716669596,False,7.1237012855899975,False,21.433287283671756,False,11.072606186655497,False
sub-HUP177,LE,LE09,8,49.78206706154826,1.097732511905168,"left inferior frontal gyrus, pars triangularis",near,9.725865183740051,False,5.183871703212746,False,21.797621231586387,False,9.83143871752822,False
sub-HUP177,LE,LE10,9,53.85333318070295,1.3354449283499639,,outside the brain,8.818945811681461,False,3.788351317561965,False,22.37665797916206,False,8.937111543195046,False
sub-HUP177,LE,LE11,10,57.94819658483045,0.654419102161773,,outside the brain,7.839058650053681,False,2.1661552883517614,True,22.95383194948906,False,7.9714091723517955,False
sub-HUP177,LE,LE12,11,62.52986772149086,7.108895957933346e-15,,outside the brain,7.383780681701393,True,1.0623469481141432,True,24.02986772149086,False,7.529867721490856,True
sub-HUP177,LF,LF01,0,0.0,0.0,left precuneus,in,0.0,True,0.0,True,0.0,True,0.0,True
sub-HUP177,LF,LF02,1,5.083846502291479,1.2104689583512411,left precuneus,in,1.6152944986570261,True,1.3740998258815271,True,1.8793710487040225,True,1.212074350058296,True
sub-HUP177,LF,LF03,2,11.133153542052614,0.3887250157191579,left precuneus,in,0.9693678109678145,True,0.3918700266000859,True,4.144634627202771,True,1.1915559190359049,True
sub-HUP177,LF,LF04,3,18.628325297835538,0.4228378875256767,left precuneus,near,0.7356264626906108,True,1.9071219154836114,True,8.134522884636668,False,3.6481133167088315,True
sub-HUP177,LF,LF05,4,23.453315693130293,1.4770811497789824,left cerebral white matter,white matter,1.6027014831917776,True,1.8151164066000842,True,9.522018480432049,False,3.713187087203023,True
sub-HUP177,LF,LF06,5,27.11889645007629,1.6820669561204238,left cerebral white matter,white matter,3.412606055979294,False,1.8951664047339403,True,9.713430176251928,False,2.6646796612440458,True
sub-HUP177,LF,LF07,6,30.935699586485335,0.9358613892953304,left angular gyrus,near,5.206395528133341,True,2.76913427523451,True,9.965580975985265,False,1.3134205709513507,True
sub-HUP177,LF,LF08,7,35.620391334951194,0.07187878072389448,left angular gyrus,near,6.430405790352268,False,3.4961152033278617,False,11.12055111261137,False,0.6244693652350639,True
sub-HUP177,LF,LF09,8,42.17958122285318,0.428437130951699,left angular gyrus,in,5.895694351278267,True,2.5623189377650983,True,14.18387739809107,False,2.219155696429851,True
sub-HUP177,LF,LF10,9,48.30909641867646,1.4750161175771224,left angular gyrus,in,5.963424738320989,True,2.4891439984447405,True,16.851252265189384,False,3.6023928294472016,True
sub-HUP177,LF,LF11,10,54.288682520541656,1.8975837816962486,left angular gyrus,in,6.118097187075377,False,2.4976750968179027,True,19.34878394033866,False,4.65941826918612,True
sub-HUP177,LF,LF12,11,60.105173286167755,7.377764055609925e-15,"left supramarginal gyrus, posterior",in,5.973905495925713,False,1.3623474872089545,True,21.60517328616776,False,5.105173286167755,False
sub-HUP177,LG,LG01,0,0.0,0.0,left frontal pole,near,0.0,True,0.0,True,0.0,True,0.0,True
sub-HUP177,LG,LG02,1,6.227197791404466,1.2482692136588134,left frontal pole,near,1.2528935142429234,True,1.3495144431244437,True,2.884850151983015,True,1.6643156892397193,True
sub-HUP177,LG,LG03,2,12.41474872065002,2.8412989852650115,left frontal orbital cortex,near,2.860567577088778,False,2.98326235071358,False,5.8251727332515335,False,3.524372615526817,False
sub-HUP177,LG,LG04,3,18.611359189921316,4.736579103499143,left frontal orbital cortex,near,4.77783381004789,False,4.894854231104427,False,8.869233998258462,False,5.605928551476702,False
sub-HUP177,LG,LG05,4,23.287599512720988,6.983055345552284,left frontal orbital cortex,near,7.457481025802601,False,6.984376802151191,False,10.782633734882694,False,7.326225196527641,False
sub-HUP177,LG,LG06,5,28.936551881594767,8.884040257089156,left frontal orbital cortex,near,9.549621747747512,False,8.89307472699408,False,13.405528027051433,False,9.23974112540836,False
sub-HUP177,LG,LG07,6,33.46736490831943,8.258407006547348,left frontal orbital cortex,near,9.560918027546151,False,8.33072404898454,False,14.103261783753988,False,8.60918436232181,False
sub-HUP177,LG,LG08,7,37.613767667194516,5.232249428214919,left cerebral white matter,white matter,8.120667224816131,False,5.555577291611175,True,13.78005253375912,True,5.694758542059902,True
sub-HUP177,LG,LG09,8,43.34639346573505,5.381510657999307,left frontal pole,near,8.55920042081714,False,5.641418792840816,True,15.946530717034356,False,6.166602904056745,False
sub-HUP177,LG,LG10,9,47.124169300099524,4.774149597025806,left frontal pole,in,10.18206902702298,False,5.866847634567604,False,16.105574754563555,False,5.1316021596576356,False
sub-HUP177,LG,LG11,10,52.86373549426636,2.6527990586605243,left frontal pole,in,9.657849596662482,False,4.066783695936038,False,17.993756244890697,False,3.8550346817442707,False
sub-HUP177,LG,LG12,11,60.187304364303245,0.0,left middle frontal gyrus,in,8.104551109077486,True,1.2802164090734727,True,21.687304364303245,False,5.187304364303247,True
sub-HUP177,RA,RA01,0,0.0,0.0,right amygdala,in,0.0,True,0.0,True,0.0,True,0.0,True
sub-HUP177,RA,RA02,1,5.040417076984243,0.3216822038528137,right amygdala,in,0.5908867616685349,True,0.6439229690168145,True,1.563589736439176,True,0.3230912540524331,True
sub-HUP177,RA,RA03,2,10.980863395301878,0.5975384899958535,right amygdala,near,0.6038369501216475,True,0.6338045124992873,True,4.00937066859774,False,1.134677352710374,True
sub-HUP177,RA,RA04,3,15.87125524330219,1.2140265946518687,right insular cortex,near,1.4283876527126642,False,1.5348601092953762,False,5.461399114783779,False,1.4676791161299856,True
sub-HUP177,RA,RA05,4,20.59848448450771,1.7205380362740967,right planum polare,near,2.333689107674008,True,2.508396982762619,True,6.749480591551156,False,1.7992932494154088,True
sub-HUP177,RA,RA06,5,26.72686042451572,1.8437758013952217,"right superior temporal gyrus, anterior",near,2.081396370578627,True,2.2425885877248093,True,9.346844995565633,False,2.483083027685846,True
sub-HUP177,RA,RA07,6,34.1763525882894,1.1474341295207076,"right middle temporal gyrus, posterior",in,1.5235799613257723,False,1.3086948662814288,False,13.20702452235192,False,4.312535525697572,False
sub-HUP177,RA,RA08,7,41.217531351272775,0.9721132694918782,"right middle temporal gyrus, posterior",in,2.7061636851832955,False,2.3053536695686927,False,16.734325501243628,False,6.281740292719909,False
sub-HUP177,RA,RA09,8,46.7591520561607,0.4667606393522142,"right middle temporal gyrus, posterior",in,2.5928575484636913,False,2.1055583861585663,False,18.762629076489716,False,6.77292504425734,False
sub-HUP177,RA,RA10,9,51.05514864281535,0.769220399648605,"right middle temporal gyrus, posterior",near,1.5253919495018007,True,1.079758565549267,True,19.56448123967694,False,6.098063544587605,False
sub-HUP177,RA,RA11,10,56.46595702594508,0.0,,outside the brain,1.2080527561662757,True,0.5863926865116932,True,21.465957025945077,False,6.465957025945082,False
sub-HUP177,RB,RB01,0,0.0,0.0,"right parahippocampal gyrus, anterior",near,0.0,True,0.0,True,0.0,True,0.0,True
sub-HUP177,RB,RB02,1,4.458681158240681,0.641389973702271,"right parahippocampal gyrus, anterior",in,1.5894187402765267,False,1.3392280442862483,False,1.1152066563672824,True,0.8699216591581735,True
sub-HUP177,RB,RB03,2,10.509131961637202,1.5830779724925472,"right temporal fusiform cortex, posterior",in,2.0765988678595106,True,1.7677767597566612,True,3.7407073501246844,True,1.630221327281075,True
sub-HUP177,RB,RB04,3,15.315338427957519,0.8888266306605912,"right inferior temporal gyrus, posterior",in,2.475262537403222,False,1.7215410384266232,False,4.871299995981109,False,0.9347927975025365,True
sub-HUP177,RB,RB05,4,21.456642671732585,1.119218082551848,"right inferior temporal gyrus, posterior",near,2.325832804220673,True,1.4516032105046404,True,7.511285068532881,False,1.8138943732203525,True
sub-HUP177,RB,RB06,5,29.599604575426252,3.8934478619580157,"right middle temporal gyrus, posterior",in,3.8934596627339157,False,4.138397178512079,False,12.46602844495406,False,5.832285497118036,False
sub-HUP177,RB,RB07,6,35.490245994773616,3.318345562156972,"right middle temporal gyrus, posterior",in,3.321105616218284,True,3.77846378325201,True,14.713841042445136,False,6.282612058176289,False
sub-HUP177,RB,RB08,7,41.14203273156042,2.186859967978326,"right middle temporal gyrus, posterior",in,2.186933248648097,True,2.9421208789797717,True,16.727437095830293,False,6.46497095447268,True
sub-HUP177,RB,RB09,8,46.2589599586894,1.54406528784474,"right middle temporal gyrus, posterior",near,1.6950608236235478,True,2.1733856661170656,False,18.298445594587932,False,6.421581718838612,False
sub-HUP177,RB,RB10,9,51.350338413207496,0.7852478755688778,,outside the brain,1.653168308522016,True,1.3133341540167862,True,19.859864270516464,False,6.392745028328869,False
sub-HUP177,RB,RB11,10,57.0794031624877,8.702335715267317e-15,,outside the brain,1.5862662974468662,True,1.1998388230543107,True,22.079403162487694,False,7.079403162487699,True
sub-HUP177,RC,RC01,0,0.0,0.0,right hippocampus,in,0.0,True,0.0,True,0.0,True,0.0,True
sub-HUP177,RC,RC02,1,5.8714966925010765,1.6999220071810337,right hippocampus,in,1.7199853210117082,False,1.7002245592879734,True,2.7173999616295257,True,1.8094673756380126,True
sub-HUP177,RC,RC03,2,11.34852797569816,3.132886277324356,right hippocampus,near,3.2478356761834966,False,3.144361341960457,False,5.008366134260962,True,3.2616834326225193,True
sub-HUP177,RC,RC04,3,17.969801815051426,3.6518306262474085,"right middle temporal gyrus, posterior",near,3.652188076479794,True,3.7451777464837512,True,7.979500377331292,False,4.479842645540544,True
sub-HUP177,RC,RC05,4,23.09307765882395,1.4907098728229513,"right middle temporal gyrus, posterior",near,1.5669999965579862,True,1.6439543852356648,True,9.166933452858805,False,3.390237708100719,True
sub-HUP177,RC,RC06,5,28.72964190183635,2.3776201090264006,"right inferior temporal gyrus, temporo-occipital",near,2.501915006841409,False,2.4760820368547063,False,11.382188518501643,False,4.340263048049606,False
sub-HUP177,RC,RC07,6,32.485598133182236,1.7444045783656408,"right middle temporal gyrus, temporo-occipital",in,3.3441318367945816,True,2.0564263330455397,True,11.570975253978014,False,2.998390641419794,False
sub-HUP177,RC,RC08,7,38.45228357289653,3.605847624842663,"right middle temporal gyrus, temporo-occipital",in,4.621675746008386,True,3.7007812201721264,True,14.246714171024392,False,4.876390802300461,True
sub-HUP177,RC,RC09,8,46.76997010024019,1.6925026479384613,"right middle temporal gyrus, temporo-occipital",in,1.7218334187942907,True,2.647371729033624,True,18.815612725583478,False,6.948612532208012,True
sub-HUP177,RC,RC10,9,51.88875840940778,1.020439314654103e-14,"right middle temporal gyrus, temporo-occipital",near,1.0490089497965664,True,1.597150503917742,True,20.38875840940778,True,6.888758409407779,False
sub-HUP177,RD,RD01,0,0.0,0.0,right insular cortex,in,0.0,True,0.0,True,0.0,True,0.0,True
sub-HUP177,RD,RD02,1,6.52364821562554,2.4619193508871473,right frontal operculum,in,2.8160443305168528,True,2.5033057693081644,True,3.538233795908878,True,2.673067414611765,True
sub-HUP177,RD,RD03,2,12.171422271097667,4.461572548412303,"right inferior frontal gyrus, pars opercularis",in,4.879549233776424,False,4.464036706633147,True,6.213250534484376,False,4.653942441454301,False
sub-HUP177,RD,RD04,3,18.021926666172465,3.764752005933209,"right inferior frontal gyrus, pars opercularis",in,5.2102904612479195,True,3.8618291850993227,True,8.057867177609896,True,4.589159777396766,True
sub-HUP177,RD,RD05,4,24.298868195821274,1.728651967119362,"right inferior frontal gyrus, pars opercularis",in,5.80416191057634,True,2.557978587904461,True,10.382223684351748,True,4.576347569303027,True
sub-HUP177,RD,RD06,5,28.427497595943933,1.254683397428306,"right inferior frontal gyrus, pars opercularis",near,5.183272474753343,False,1.3363542823347363,True,10.971771697069206,False,3.623926107412358,False
sub-HUP177,RD,RD07,6,32.58051092561207,0.6566917084426968,,outside the brain,4.576446278772557,False,1.1580445175838336,True,11.592507188787422,False,2.6563442305732545,False
sub-HUP177,RD,RD08,7,37.90134893207375,1.2053719734802164,,outside the brain,5.302068246682213,True,1.7246705499311548,True,13.436352968477207,False,3.1240783400329013,True
sub-HUP177,RD,RD09,8,42.52896753803285,0.6688502221705612,,outside the brain,5.174045741899378,True,2.280244576707456,True,14.539100621730897,False,2.610835370828957,True
sub-HUP177,RD,RD10,9,45.67668437675987,0.4876917133786011,,outside the brain,3.639692508659196,True,4.643210121236827,True,14.182468344492715,True,0.8320024435883254,True
sub-HUP177,RD,RD11,10,48.1743943934308,0.16672674452922737,,outside the brain,1.4424298616046898,True,7.707262021804645,True,13.175160854909105,True,1.8334904263976357,True
sub-HUP177,RD,RD12,11,52.609784107967755,0.0,,outside the brain,1.1943055132143567,True,8.857736665408975,True,14.109784107967752,True,2.3902158920322356,True
sub-HUP177,RE,RE01,0,0.0,0.0,"right cingulate gyrus, anterior",in,0.0,True,0.0,True,0.0,True,0.0,True
sub-HUP177,RE,RE02,1,6.623110825669753,0.4997150713212946,"right cingulate gyrus, anterior",near,1.0890928893058256,True,1.1324890360135471,True,3.1441965888554813,True,1.680260645869002,True
sub-HUP177,RE,RE03,2,11.842283789857914,1.8430520098607717,right cerebral white matter,white matter,1.891392931215552,True,1.915567708741077,True,5.0465731336290585,False,2.5059913308501187,True
sub-HUP177,RE,RE04,3,17.286040694646264,3.5022654414784293,right middle frontal gyrus,near,3.502311088446001,False,3.5060873779697865,False,7.319769863708811,False,3.997654667528681,False
sub-HUP177,RE,RE05,4,22.053336434897076,3.0320656782555178,right middle frontal gyrus,near,3.1123368618151694,True,3.074313715506916,True,8.40953520025128,False,3.5487196707379334,True
sub-HUP177,RE,RE06,5,26.682174309382614,3.869350191322586,right middle frontal gyrus,in,4.260238319554246,True,4.1644228567986445,False,9.70484831070593,False,4.114877705339234,False
sub-HUP177,RE,RE07,6,32.95710615713874,4.329063392427643,right middle frontal gyrus,in,4.4786301336422145,True,4.412918762470692,True,12.448527033986622,False,5.087038352522174,True
sub-HUP177,RE,RE08,7,38.737772160834645,3.447295211323942,right middle frontal gyrus,in,3.5558166817833348,True,3.488045290472294,True,14.499831857128799,False,4.9728730255236195,True
sub-HUP177,RE,RE09,8,44.08206330215423,2.7062711210862163,right middle frontal gyrus,in,2.9188388813107675,True,2.79652620058005,True,16.22618689265075,False,4.828582989817872,True
sub-HUP177,RE,RE10,9,49.501083384150284,1.843910156602526,right middle frontal gyrus,near,2.234549884948997,True,2.0200075036783995,True,18.061100354876775,False,4.832356592735831,False
sub-HUP177,RE,RE11,10,55.27337622214908,0.6354214006519718,,outside the brain,1.266685369104509,True,0.880718998021363,True,20.279680951906467,False,5.307894903220932,False
sub-HUP177,RE,RE12,11,61.29014427935741,7.32410687763558e-15,,outside the brain,0.7119086234912473,True,0.17737649401930825,True,22.790144279357413,False,6.290144279357414,True
sub-HUP177,RF,RF01,0,0.0,0.0,"right cingulate gyrus, posterior",in,0.0,True,0.0,True,0.0,True,0.0,True
sub-HUP177,RF,RF02,1,7.583907727156574,4.622584480391108,right precuneus,near,4.662142365927649,False,4.642017639904345,True,5.261157561023326,False,4.732121535346846,False
sub-HUP177,RF,RF03,2,11.873875933026786,7.965926809012288,right precuneus,in,8.214910405735953,False,8.31119091731438,False,8.167926450300202,False,8.055020049247,False
sub-HUP177,RF,RF04,3,14.481970646337977,7.929230131769804,right precuneus,in,8.92666308569659,False,9.189852866065484,False,8.09270025998652,False,8.436617074021303,False
sub-HUP177,RF,RF05,4,18.07920039152109,6.3957308798803245,"right lateral occipital cortex, superior",near,7.945732683253723,False,8.397472793503193,False,7.026675183890401,False,7.103009231593152,False
sub-HUP177,RF,RF06,5,23.222037056364904,5.408856975878541,"right lateral occipital cortex, superior",in,7.002761957404974,False,7.612305853413924,False,7.422673718233498,False,5.924185732257567,False
sub-HUP177,RF,RF07,6,29.985643636532618,3.2697132046977524,"right lateral occipital cortex, superior",in,4.1965115722504995,False,4.95339275049821,False,9.394225968311293,False,3.2754136608014837,False
sub-HUP177,RF,RF08,7,34.397363355069885,2.5398342284751143,"right lateral occipital cortex, superior",in,4.356982350661569,False,5.4413506267084975,False,10.127128074084318,False,2.6336127534774687,False
sub-HUP177,RF,RF09,8,38.80185547075358,3.4339389719417612,"right lateral occipital cortex, superior",in,5.740555477226457,True,6.960129475363445,True,11.189550785878781,False,3.6899187752937506,False
sub-HUP177,RF,RF10,9,44.08268484394775,3.2166380745641905,"right lateral occipital cortex, superior",in,5.687807760582718,True,7.097221477164077,False,12.873510463972208,False,3.378998319611369,True
sub-HUP177,RF,RF11,10,49.21465316444828,1.4427320411938218,"right lateral occipital cortex, superior",in,5.078043402371872,False,6.8399495061063105,False,14.266638233823059,False,1.6528506395663252,False
sub-HUP177,RF,RF12,11,55.362559386817615,8.140289677804162e-15,,outside the brain,4.105953922847397,True,6.104961386559105,True,16.862559386817605,False,0.3625593868176144,True
sub-HUP177,RG,RG01,0,0.0,0.0,right frontal orbital cortex,in,0.0,True,0.0,True,0.0,True,0.0,True
sub-HUP177,RG,RG02,1,5.133874063058954,0.5470026416145596,right frontal orbital cortex,in,0.9828995441810322,True,0.7299294879984051,True,1.695321007494631,True,0.5569232440673735,True
sub-HUP177,RG,RG03,2,11.541351335474436,0.5427639050270096,right frontal orbital cortex,in,0.6270335768591584,True,0.6472773920614577,True,4.56099173946063,True,1.6220835158923808,True
sub-HUP177,RG,RG04,3,18.701119611169176,1.5723991905108567,right frontal orbital cortex,near,1.7975533140441595,False,2.444010804234245,False,8.285469807729596,False,3.9604198048442503,False
sub-HUP177,RG,RG05,4,24.969109753847118,1.5087404174765813,right insular cortex,near,1.9518908816962746,False,2.9815655477746206,True,11.027186386173815,False,5.149466966245588,False
sub-HUP177,RG,RG06,5,32.02704980760528,2.013753106411195,right insular cortex,near,3.100328086641074,False,4.499659992382314,False,14.60319094617632,False,7.2490009160708455,False
sub-HUP177,RG,RG07,6,35.018016535661936,0.44984491323474723,right frontal operculum,in,0.6819472373095228,False,1.5539256118974087,False,14.022344540081134,False,5.035261629346082,False
sub-HUP177,RG,RG08,7,38.946812329972545,1.7790382802899356,right frontal operculum,near,3.1033375757989354,True,1.7913354027332187,True,14.515591490174954,False,4.292208740398783,True
sub-HUP177,RG,RG09,8,44.21158727911524,2.2421516265737336,right cerebral white matter,white matter,3.920051870852648,False,2.308375119209229,True,16.309551086290362,False,4.721095773935112,False
sub-HUP177,RG,RG10,9,50.09176313492431,2.0036652781905278,right middle frontal gyrus,near,3.80934347239942,True,2.0179799002282643,True,18.659562662405314,False,5.43452699513842,True
sub-HUP177,RG,RG11,10,56.72851563891057,1.4740836259597063,right middle frontal gyrus,in,2.905163989828959,True,1.6915921914168413,True,21.759348662679074,False,6.869384277439941,False
sub-HUP177,RG,RG12,11,62.15780244325908,0.0,right middle frontal gyrus,in,2.976243668861082,True,0.6902816698823504,True,23.65780244325908,False,7.157802443259074,False
sub-HUP177,RH,RH01,0,0.0,0.0,right temporal pole,in,0.0,True,0.0,True,0.0,True,0.0,True
sub-HUP177,RH,RH02,1,6.002913157109842,2.0628384140742133,right temporal pole,in,2.0853359621719174,True,2.063429572422695,True,2.9704457609991897,True,2.159053399557094,True
sub-HUP177,RH,RH03,2,11.679870979705276,2.5519645075141395,right temporal pole,in,2.598204634455356,True,2.561581292806604,True,5.084487905805895,True,2.9096395047982813,True
sub-HUP177,RH,RH04,3,16.978759204115068,0.9335371380306343,"right middle temporal gyrus, anterior",near,1.2797919342333586,False,0.9525180385949368,True,6.520251250728999,False,2.164716127623884,False
sub-HUP177,RH,RH05,4,23.339109387864227,3.550912635195897,"right inferior temporal gyrus, anterior",near,3.6200149207560384,False,3.6222962727799026,False,9.737903474143748,False,4.692327470933372,False
sub-HUP177,RH,RH06,5,28.54121724923426,3.08496074045481,"right inferior temporal gyrus, posterior",near,3.363486163484266,False,3.1153701724687886,False,11.303138694469505,False,4.57174860670207,False
sub-HUP177,RH,RH07,6,33.356985222753345,2.493227190954763,"right inferior temporal gyrus, posterior",near,3.456040350692408,False,2.5071716675701707,False,12.514550834199298,False,4.1070398857959125,False
sub-HUP177,RH,RH08,7,39.2059869054994,4.269350285567563,"right inferior temporal gyrus, posterior",in,5.012835018074025,False,4.271739710799685,False,15.089412683949035,False,5.83187697992249,False
sub-HUP177,RH,RH09,8,44.18937412391041,3.808536446751498,"right inferior temporal gyrus, posterior",near,5.184534346552746,False,3.8685386799651753,False,16.47130327376039,False,5.541221615867859,False
sub-HUP177,RH,RH10,9,50.281433620714935,2.7586521614081287,"right middle temporal gyrus, posterior",near,4.285712654123175,False,2.759989448751388,True,18.908024983645152,True,5.891475524111163,True
sub-HUP177,RH,RH11,10,55.31292406709892,2.993033741755158,"right middle temporal gyrus, posterior",in,5.15446810570313,True,3.062309127652788,True,20.45207798429882,False,6.027511121047412,False
sub-HUP177,RH,RH12,11,60.36599186918581,0.0,"right middle temporal gyrus, posterior",in,5.005191421990552,True,1.101528904190914,True,21.86599186918581,False,5.365991869185811,True
sub-HUP177,RI,RI01,0,0.0,0.0,right temporo-occipital fusiform cortex,in,0.0,True,0.0,True,0.0,True,0.0,True
sub-HUP177,RI,RI02,1,8.305003227096636,0.9797184521333664,right temporo-occipital fusiform cortex,near,2.9420786626217104,False,2.8338017402062925,True,4.847059382669604,False,3.391599091557969,False
sub-HUP177,RI,RI03,2,13.615337628766191,1.0743621325354922,"right inferior temporal gyrus, temporo-occipital",in,2.8383690887159236,False,2.6267321701679918,False,6.660108906647073,False,3.7309181223183994,False
sub-HUP177,RI,RI04,3,20.032821290809636,3.6548010107794444,"right lateral occipital cortex, inferior",in,4.909502914838366,True,4.685992474341383,True,9.896219746713069,False,5.951108733958619,True
sub-HUP177,RI,RI05,4,24.940330678035664,3.798313401054871,"right lateral occipital cortex, inferior",in,4.694010151386995,True,4.439147575018175,True,11.306498150178117,True,6.003674127571623,True
sub-HUP177,RI,RI06,5,28.87776176545058,1.9808285148536338,"right lateral occipital cortex, inferior",in,2.4521681425743287,True,2.163450489097288,True,11.48190000423835,True,4.293930988315757,True
sub-HUP177,RI,RI07,6,33.796377694754796,1.1061663742193493,"right lateral occipital cortex, inferior",near,1.452376398617547,True,1.134182593075779,True,12.826059203391083,False,3.936868063201166,False
sub-HUP177,RI,RI08,7,39.26258732876035,0.15707602688768987,,outside the brain,0.9651851775268684,True,0.2148441613348393,True,14.76310877384328,False,4.265166475359062,True
sub-HUP177,RI,RI09,8,44.98380917027987,0.29194690405613943,,outside the brain,1.2350575674431494,True,0.40396954659739526,True,16.98537098337348,False,4.991407073644391,True
sub-HUP177,RI,RI10,9,50.431053557287235,0.5755273002381771,,outside the brain,1.3057871896159516,True,0.5914149458991758,True,18.9365173103813,False,5.458196847334816,True
sub-HUP177,RI,RI11,10,55.83102635346182,0.29322297753425597,,outside the brain,1.140101134218304,True,0.29733986026085507,True,20.83232006447951,True,5.837625271171144,True
sub-HUP177,RI,RI12,11,61.723221893599636,7.944109290391274e-15,,outside the brain,1.5218638213093791,True,0.2557011202229193,True,23.223221893599643,True,6.723221893599642,True
sub-HUP179,LA,LA01,0,0.0,0.0,left hippocampus,in,0.0,True,0.0,True,0.0,True,0.0,True
sub-HUP179,LA,LA02,1,6.12017747939793,0.80580223726907,left hippocampus,in,0.8269207500406272,True,0.9373913636181183,True,2.690405953030659,True,1.337007574668112,True
sub-HUP179,LA,LA03,2,11.26963519381088,1.7813058159055148,left hippocampus,in,1.890920059319473,True,1.781950985081978,True,4.495904090798919,True,2.108401687530902,True
sub-HUP179,LA,LA04,3,17.124763214580828,3.3600572815141407,left hippocampus,in,3.4663295645186403,True,3.360174106885451,True,7.1328710830359325,True,3.8079982256470934,True
sub-HUP179,LA,LA05,4,24.5880012944695,4.825248090013166,"left temporal fusiform cortex, posterior",in,4.860587326551373,False,5.1355436475684675,False,11.202360996116163,False,6.338313158906215,False
sub-HUP179,LA,LA06,5,29.169163897576894,5.467758234577929,"left temporal fusiform cortex, posterior",in,5.519491464341863,False,5.513964034717297,True,12.420389201751702,False,6.575281762336367,False
sub-HUP179,LA,LA07,6,32.447718819266036,4.077074983761194,"left temporal fusiform cortex, posterior",in,5.119771566087696,False,4.290757145844246,False,11.91012557282018,False,4.628290981730835,False
sub-HUP179,LA,LA08,7,36.58297378192524,2.883423912723896,"left inferior temporal gyrus, posterior",in,5.513395246890541,False,3.913855669882713,False,12.311579599249386,False,3.2361354840843615,False
sub-HUP179,LA,LA09,8,40.25291164392454,2.40035990629161,"left inferior temporal gyrus, posterior",near,7.275747726021479,False,5.119920118546252,False,12.415525825713152,False,2.407195399769961,False
sub-HUP179,LA,LA10,9,47.74766070864837,3.280471684898861,"left inferior temporal gyrus, posterior",in,6.229730735619291,False,4.221366010092981,False,16.464945487518893,False,4.20759499723124,False
sub-HUP179,LA,LA11,10,53.88917978897287,3.6517845213930644,"left middle temporal gyrus, posterior",in,6.229407007435018,True,4.219670246390246,True,19.117328605971807,False,5.245289523567818,True
sub-HUP179,LA,LA12,11,60.34971929410535,7.95651227888113e-15,"left middle temporal gyrus, posterior",in,4.343574952060182,False,1.1178014792713742,False,21.84971929410535,False,5.349719294105348,True
sub-HUP179,LB,LB01,0,0.0,0.0,brainstem,near,0.0,True,0.0,True,0.0,True,0.0,True
sub-HUP179,LB,LB02,1,6.865679151360029,0.5543076360580125,left hippocampus,in,1.4425416725197666,True,1.372246239593013,True,3.3889063594808095,True,1.9248084322132835,False
sub-HUP179,LB,LB03,2,10.915919929818134,0.48726005929531496,left hippocampus,near,0.5013232393385323,False,0.5574897042601117,True,3.9353215272150766,False,1.027870995450707,True
sub-HUP179,LB,LB04,3,15.723855806979698,2.3230017554992752,"left parahippocampal gyrus, posterior",near,2.5224680322268545,False,2.6204259989694223,False,5.559864195278012,False,2.387526346399929,False
sub-HUP179,LB,LB05,4,21.38164450862475,3.6489814559717977,"left temporal fusiform cortex, posterior",in,3.7777499250445397,True,3.8682467811429535,True,7.954329952486143,False,3.8020574176654423,False
sub-HUP179,LB,LB06,5,26.22355566463262,4.145243153594295,"left temporal fusiform cortex, posterior",in,4.466578481622488,True,4.622645406958434,True,9.36161718505402,False,4.240521330933792,True
sub-HUP179,LB,LB07,6,31.14657678215957,3.6061394404056424,"left temporal fusiform cortex, posterior",in,4.18909615956215,False,4.440222865720576,False,10.571209495070939,False,3.7259124701377373,True
sub-HUP179,LB,LB08,7,35.97949291151722,4.102654848192602,"left inferior temporal gyrus, posterior",in,4.987167977078237,True,5.309856639821771,True,11.969868263843207,False,4.169716194998935,True
sub-HUP179,LB,LB09,8,41.43991643374782,4.432740394595982,"left inferior temporal gyrus, posterior",in,5.291428478739658,True,5.648864717429508,True,13.92645163734476,False,4.592859830603801,True
sub-HUP179,LB,LB10,9,47.36875193513552,4.169816592951634,"left inferior temporal gyrus, posterior",in,4.820379894543855,True,5.199926420441381,True,16.229673301359455,True,4.707546752842456,True
sub-HUP179,LB,LB11,10,54.15304977819301,2.3228143308750093,"left inferior temporal gyrus, posterior",in,2.5335090130325604,True,2.9241923848706066,True,19.24391070625994,True,4.715060852004075,True
sub-HUP179,LB,LB12,11,59.754468496628796,7.95651227888113e-15,"left inferior temporal gyrus, posterior",near,0.8717501749105393,True,1.713052276747922,True,21.254468496628796,False,4.754468496628791,False
sub-HUP179,LC,LC01,0,0.0,0.0,left frontal pole,in,0.0,True,0.0,True,0.0,True,0.0,True
sub-HUP179,LC,LC02,1,5.184551631602941,0.4024176493960518,left frontal pole,in,0.40272150407978,True,0.5809814691293587,True,1.7167417362580346,True,0.4364295112177554,True
sub-HUP179,LC,LC03,2,9.404745745078792,1.9657317317722707,left frontal pole,in,2.2886426005616913,True,2.7892877015672135,True,2.9480484424980453,True,2.123412637525412,True
sub-HUP179,LC,LC04,3,14.397763582387089,2.786587906532093,left frontal pole,in,3.131233037331107,True,3.837436671862662,True,4.572692971129484,True,2.9205777696308655,True
sub-HUP179,LC,LC05,4,20.35364705446823,2.5565527402696038,left frontal pole,in,2.6141563581318805,True,3.34647140766464,True,6.699431575130323,True,2.5637859573279043,True
sub-HUP179,LC,LC06,5,25.71542612915823,1.2397069566767145,left frontal pole,near,1.262201344544252,True,2.5726527761444307,False,8.278871672669766,False,1.4166226795121437,True
sub-HUP179,LC,LC07,6,30.823313346484632,0.5911107446245777,,outside the brain,0.6582687088227585,True,2.7738096721804495,True,9.835423844412198,False,1.0089375618220073,True
sub-HUP179,LC,LC08,7,36.26545894273179,7.95651227888113e-15,,outside the brain,0.026402478488798564,True,2.850236094871577,True,11.765458942731788,False,1.2654589427317902,True
sub-HUP179,LD,LD01,0,0.0,0.0,left frontal pole,near,0.0,True,0.0,True,0.0,True,0.0,True
sub-HUP179,LD,LD02,1,5.226934043328454,2.3052234479496234,left frontal pole,near,2.5790336573122934,False,2.4735271985186795,False,2.5947768819382304,True,2.3258225024553316,False
sub-HUP179,LD,LD03,2,11.687742455830334,2.8219458919102176,left frontal pole,in,2.8439645671189426,False,2.8268266013241625,False,5.178412165582932,False,3.124775521654461,False
sub-HUP179,LD,LD04,3,18.5452641713257,3.17702478172507,left middle frontal gyrus,in,3.2594474680428354,True,3.5164258507862023,True,8.395450219819358,True,4.560002731544897,True
sub-HUP179,LD,LD05,4,24.50106270032021,0.8054636037776384,left middle frontal gyrus,in,1.3613461905725652,True,2.2828142281364636,True,10.518703751382795,True,4.559527947973786,True
sub-HUP179,LD,LD06,5,28.794420499597358,0.33228656539905355,left middle frontal gyrus,near,0.5556972442848858,True,0.9151761736938807,True,11.29739092518222,False,3.8070322419925913,True
sub-HUP179,LD,LD07,6,33.799203908027515,0.6122391028565035,,outside the brain,1.429567458512704,True,0.6674953613908596,True,12.808299340297104,False,3.842743912832601,False
sub-HUP179,LD,LD08,7,39.60910101119119,1.1102230246251565e-16,,outside the brain,1.323969534804572,True,0.49340597358782945,True,15.109101011191191,False,4.609101011191191,True
sub-HUP179,LE,LE01,0,0.0,0.0,left frontal pole,in,0.0,True,0.0,True,0.0,True,0.0,True
sub-HUP179,LE,LE02,1,5.186307835129092,1.38785620339381,left frontal pole,in,1.657114534632867,True,1.5083703143320992,True,2.041480763737799,True,1.3878591017900557,True
sub-HUP179,LE,LE03,2,9.754510360754493,2.5899303548603525,left frontal pole,in,3.5315641971145726,True,3.137833369813485,True,3.5339605277233574,True,2.657532501638828,True
sub-HUP179,LE,LE04,3,15.276454308482947,1.3351720810430114,left frontal pole,in,2.825310602659094,True,2.042648244276623,True,4.903280665564131,True,1.352851176243733,True
sub-HUP179,LE,LE05,4,21.175452757185987,1.6192763856830594,left frontal pole,in,2.9761680324087547,True,2.038536751167984,True,7.295424433811151,True,1.9651527850104782,True
sub-HUP179,LE,LE06,5,26.856237383004473,1.6507703869528687,left frontal pole,near,3.1712563861169247,True,2.002932826870121,True,9.450743069448245,False,2.4463671763418535,False
sub-HUP179,LE,LE07,6,33.19708416595546,0.7675450789567846,,outside the brain,2.356142218772941,True,0.8392885301567812,True,12.21235375720623,False,3.279299828293041,False
sub-HUP179,LE,LE08,7,39.09947108474105,0.0,,outside the brain,2.2189943895397883,True,0.016223952862316315,True,14.599471084741053,False,4.099471084741047,True
sub-HUP179,LF,LF01,0,0.0,0.0,left frontal pole,in,0.0,True,0.0,True,0.0,True,0.0,True
sub-HUP179,LF,LF02,1,4.645093189428758,1.6502039426120636,left frontal pole,in,1.7081874734365405,True,2.067695389443663,True,1.852642224773454,True,1.7765198690016313,True
sub-HUP179,LF,LF03,2,9.405991267364922,2.754636143126423,left frontal pole,in,2.813631669145078,True,3.5143357440183958,True,3.4003557505952067,True,2.932726112116345,True
sub-HUP179,LF,LF04,3,14.043481041247679,3.4033068390151557,left middle frontal gyrus,in,3.479724814421724,False,4.629888204819209,False,4.620309454368248,False,3.670626946713929,False
sub-HUP179,LF,LF05,4,18.410131252887183,3.0237726680015062,left middle frontal gyrus,near,3.176577967564958,True,5.168524980695301,False,5.142931810137353,False,3.539545527558718,True
sub-HUP179,LF,LF06,5,23.017266607117218,1.6202769447908336,,outside the brain,1.8816337435966544,True,5.2365891074287365,True,5.695499986709399,False,2.6050367366953866,True
sub-HUP179,LF,LF07,6,29.03123482317019,1.1371923190821431,,outside the brain,1.1783550496066197,True,4.659680705443893,True,8.08928576224112,False,1.508436056593532,True
sub-HUP179,LF,LF08,7,34.55453323928272,7.94412141213082e-15,,outside the brain,1.0709391134169324,True,4.561161798320638,True,10.05453323928272,True,0.44546676071727753,True
sub-HUP179,LG,LG01,0,0.0,0.0,left paracingulate gyrus,in,0.0,True,0.0,True,0.0,True,0.0,True
sub-HUP179,LG,LG02,1,7.494492692130009,0.8590196532747583,left paracingulate gyrus,near,1.5479992549738897,True,2.046190357359637,True,4.037539411888289,False,2.5916068619499395,True
sub-HUP179,LG,LG03,2,12.880453139851552,2.298260319907088,left frontal pole,in,2.326149265602205,True,2.7432703755273584,False,6.12156020453425,False,3.5257577526710246,False
sub-HUP179,LG,LG04,3,18.75413821580956,4.09824831799772,left frontal pole,in,4.101817236600418,True,4.37698854767248,True,8.811884306755863,False,5.2622639031319265,True
sub-HUP179,LG,LG05,4,23.189690837063537,3.7775484332505758,left frontal pole,in,4.162929848858934,True,3.8142865985035805,True,9.650041326347651,True,4.750153270405521,True
sub-HUP179,LG,LG06,5,28.34171075173486,2.631597006802985,left frontal pole,in,3.676461684343138,False,2.646396967407977,True,11.037575697771981,True,4.158005494318092,True
sub-HUP179,LG,LG07,6,34.3638526294997,1.0965679778428952,left frontal pole,near,2.8195189280685704,False,1.3684259106914674,True,13.39132469622062,False,4.482548200205545,False
sub-HUP179,LG,LG08,7,40.42027124191297,0.0,,outside the brain,2.6809388757693373,True,1.3045762043096099,True,15.920271241912975,False,5.420271241912969,False
sub-HUP179,LH,LH01,0,0.0,0.0,"left cingulate gyrus, anterior",in,0.0,True,0.0,True,0.0,True,0.0,True
sub-HUP179,LH,LH02,1,6.757800881856136,1.2266810299678514,"left cingulate gyrus, anterior",in,1.6647639062689923,True,1.6196349391597404,True,3.3762601370301124,True,2.052444774010434,True
sub-HUP179,LH,LH03,2,13.809502217795007,1.960014042508011,left cerebral white matter,white matter,3.279686878983717,False,3.171849461924768,False,6.951730168799169,False,4.16033084000487,False
sub-HUP179,LH,LH04,3,18.965004566338834,2.090864341827498,left cerebral white matter,white matter,3.1003578067371933,True,2.9531559930444566,True,8.60721251634395,False,4.380588323360251,True
sub-HUP179,LH,LH05,4,25.383369655479864,1.6200495378057862,left cerebral white matter,white matter,3.6326331045017306,True,3.3917142087084753,True,11.446839641026802,False,5.572316938909684,True
sub-HUP179,LH,LH06,5,32.524966777794184,1.9706484184116824,left frontal pole,near,5.248888281070169,False,4.93588623419895,False,15.094404059881144,False,7.720935801347606,False
sub-HUP179,LH,LH07,6,37.659327973171564,0.854617134933627,left frontal pole,near,4.6091925168965755,True,4.209555352159213,True,16.671548758314746,False,7.697220554348094,False
sub-HUP179,LH,LH08,7,42.071708607666174,1.2499502556857318,left frontal pole,in,3.634420309474916,False,3.192324856499328,False,17.597584398025234,False,7.163037772891522,False
sub-HUP179,LH,LH09,8,46.52033704584831,1.372870695698747,"left inferior frontal gyrus, pars triangularis",in,2.712651900131413,True,2.2609537419875325,True,18.55094479788228,False,6.643474267093958,False
sub-HUP179,LH,LH10,9,51.57394727802562,2.0826723939321767,"left inferior frontal gyrus, pars triangularis",in,2.7865713636001055,True,2.4240040701270194,True,20.13985315550168,False,6.855870662036524,True
sub-HUP179,LH,LH11,10,57.32492364000681,1.7387509267641905,"left inferior frontal gyrus, pars triangularis",near,2.724819685064953,False,2.244274877834604,True,22.36623577207995,False,7.502803429622166,False
sub-HUP179,LH,LH12,11,62.50311228497979,0.0,,outside the brain,1.7824526146005035,False,1.0355915116030752,True,24.003112284979785,False,7.503112284979796,False
sub-HUP179,LI,LI01,0,0.0,0.0,"left cingulate gyrus, anterior",near,0.0,True,0.0,True,0.0,True,0.0,True
sub-HUP179,LI,LI02,1,6.047318874412142,0.5569208688048506,left caudate,near,0.7947075238147376,True,0.7058503718846187,True,2.5823878763265076,False,1.163558257582394,True
sub-HUP179,LI,LI03,2,11.464901342657146,0.958419966548197,left caudate,in,1.088199561158576,True,0.9902016139273261,True,4.527379798485118,False,1.7171317449550445,True
sub-HUP179,LI,LI04,3,17.292492689285194,0.6053360132768677,left caudate,near,1.0994470310969269,True,0.7967318378099715,True,6.808856176061416,False,2.3608205001031575,True
sub-HUP179,LI,LI05,4,23.551579603470095,0.6998180969343913,left cerebral white matter,white matter,1.8591267882543216,True,1.3799670169405938,True,9.566810410352872,False,3.609667749265157,True
sub-HUP179,LI,LI06,5,30.31239496432975,1.2864449765683057,left central operculum,near,3.2748455274613346,False,2.6749549634020195,True,12.849643119627332,False,5.439398832293482,False
sub-HUP179,LI,LI07,6,35.684925798955454,3.8430012418927957,left central operculum,in,4.725118350627461,False,4.30926941985267,False,14.978768578439217,False,6.691073941491144,False
sub-HUP179,LI,LI08,7,40.42959905855947,2.317238413296338,left central operculum,near,3.181675920800789,True,2.631673820323078,True,16.031491883727274,False,5.842331727175328,True
sub-HUP179,LI,LI09,8,45.389828594127586,1.6247213139338696,left central operculum,near,2.3683248079887673,True,1.7525655320187554,True,17.436600759159983,True,5.601541126339844,True
sub-HUP179,LI,LI10,9,50.38449931973284,0.3464037988928846,left postcentral gyrus,in,1.336683355536647,False,0.35833586507460374,False,18.886485532284766,False,5.394442146605798,False
sub-HUP179,LI,LI11,10,55.22303003647894,0.5945193284463188,left postcentral gyrus,in,0.8978679486023157,True,0.888089530086876,True,20.228568083893432,False,5.2535773936508425,False
sub-HUP179,LI,LI12,11,60.24558657999055,7.215595591812694e-15,left postcentral gyrus,in,0.2438978629555096,True,1.2219341933861694,True,21.74558657999056,False,5.2455865799905546,True
sub-HUP179,LJ,LJ01,0,0.0,0.0,left frontal pole,near,0.0,True,0.0,True,0.0,True,0.0,True
sub-HUP179,LJ,LJ02,1,6.576035562640419,1.5412635740451441,left frontal pole,in,1.5521095561820897,True,1.7387853965593725,True,3.2778306416777108,True,2.0773955532238215,True
sub-HUP179,LJ,LJ03,2,12.06487281332203,0.8744533878872478,left frontal pole,in,1.4200960857390401,True,1.2245444665573706,True,5.108539822997866,True,2.213217542294457,True
sub-HUP179,LJ,LJ04,3,19.99546103549282,1.0936256727171652,left frontal pole,near,1.1191012535728686,True,3.3832909179171975,False,9.528499471993275,False,5.08453728491768,False
sub-HUP179,LJ,LJ05,4,27.96984923067486,2.3041545537762813,left cerebral white matter,white matter,2.788553369195689,True,5.984325158285692,False,14.064801355561524,False,8.204954720463585,False
sub-HUP179,LJ,LJ06,5,34.69781310545274,2.373825518644713,left frontal pole,near,2.94107433252855,True,7.086171288603186,False,17.280340589780057,True,9.905171853165676,False
sub-HUP179,LJ,LJ07,6,41.36420751750389,1.150661549240959,left frontal pole,in,2.2144153426068676,True,7.904659267352817,False,20.38070814298002,False,11.40638701680488,False
sub-HUP179,LJ,LJ08,7,46.77816963720468,2.408348462819631,left frontal pole,in,2.503565197975843,True,7.972878283275714,True,22.34628994744282,False,11.9610993303324,False
sub-HUP179,LJ,LJ09,8,55.190647741986,5.489905739413357,left frontal pole,in,5.9555756235121855,True,11.595257616499259,True,27.471073122435886,False,15.895083653409674,True
sub-HUP179,LJ,LJ10,9,60.574764723137406,3.650816708120901,left frontal pole,in,3.868811481434695,True,10.80829346132137,True,29.19382292221639,False,15.889738846846651,True
sub-HUP179,LJ,LJ11,10,64.80917841141274,1.3282096373355707,left frontal pole,in,1.6416328731424257,False,9.014390669772157,True,29.82515610229806,False,14.855064293641153,True
sub-HUP179,LJ,LJ12,11,68.94414604584134,0.0,left middle frontal gyrus,near,3.3922451432032656,True,7.476625272464617,False,30.44414604584134,False,13.944146045841338,False
sub-HUP179,LK,LK01,0,0.0,0.0,left frontal medial cortex,in,0.0,True,0.0,True,0.0,True,0.0,True
sub-HUP179,LK,LK02,1,4.983875570605297,2.346839669270277,left frontal medial cortex,in,2.6537329917037207,False,2.6318516482100245,False,2.5123308966580096,False,2.423133102682075,False
sub-HUP179,LK,LK03,2,9.258829886340907,3.0302153384974275,left frontal medial cortex,in,3.9425335817025307,True,3.8823272384074285,True,3.4987070600177206,False,3.2783209623564438,True
sub-HUP179,LK,LK04,3,13.620161988317895,3.2153434499079236,left paracingulate gyrus,in,4.880372870269945,True,4.773884985601564,True,4.221341447702296,False,3.6678292220883013,False
sub-HUP179,LK,LK05,4,19.284532995872052,1.8396750068795003,"left cingulate gyrus, anterior",near,3.818059999994915,True,3.6523908924995108,True,5.512611148677052,False,2.00745674774794,True
sub-HUP179,LK,LK06,5,24.64871138303998,1.8825326492938879,"left cingulate gyrus, anterior",near,4.063422202760246,True,3.854106001017556,True,7.322831414247188,False,1.929532907269097,True
sub-HUP179,LK,LK07,6,31.54006300539053,3.4185817044983224,left cerebral white matter,white matter,4.211136013060004,False,4.051019855264217,False,10.903997177810783,False,3.6770489212535313,False
sub-HUP179,LK,LK08,7,37.95938525359025,4.251302637725448,left cerebral white matter,white matter,4.5891777135013365,False,4.474365843855638,False,13.887297396385192,False,5.047283615471018,False
sub-HUP179,LK,LK09,8,45.32403783117228,3.2859170312487316,left cerebral white matter,white matter,3.2881206719691356,False,3.32390879409356,False,17.51574527389673,False,6.155231329478414,False
sub-HUP179,LK,LK10,9,50.15256272498749,0.7395777914623956,left paracingulate gyrus,near,0.9354849139555805,True,0.7535616447896569,True,18.661770041632778,False,5.1999720770735465,False
sub-HUP179,LK,LK11,10,54.946926438421556,0.9643086067061699,left paracingulate gyrus,near,1.7140332949636625,True,1.3474274798544552,True,19.96176947075255,False,5.031731155473731,True
sub-HUP179,LK,LK12,11,60.49089992184218,7.119291619286993e-15,left superior frontal gyrus,near,1.50016102709797,True,0.9766208515345486,True,21.99089992184217,False,5.490899921842176,False
sub-HUP179,LL,LL01,0,0.0,0.0,"left cingulate gyrus, anterior",in,0.0,True,0.0,True,0.0,True,0.0,True
sub-HUP179,LL,LL02,1,4.267177689440033,0.6150186698343458,"left cingulate gyrus, anterior",in,1.9782394260332299,False,1.4974576182420785,False,0.9489120603046068,True,0.9912419830085457,True
sub-HUP179,LL,LL03,2,10.411564468791502,2.269953356440415,left paracingulate gyrus,near,3.054984431491609,True,2.486469400123544,True,3.8916900943559667,False,2.2756629753508375,True
sub-HUP179,LL,LL04,3,18.2967958022497,4.815892090385088,left cerebral white matter,white matter,4.860483223611229,True,4.897032730651277,True,8.621982312354946,False,5.497630399388301,True
sub-HUP179,LL,LL05,4,26.039202695788575,6.445508358993543,left middle frontal gyrus,in,6.497148254194973,False,7.058464286970164,False,12.947274974360354,False,8.299733743749085,False
sub-HUP179,LL,LL06,5,31.70495192854224,6.154908071306887,left middle frontal gyrus,in,6.182895190191307,True,6.919621425883117,False,14.929550289121913,False,8.666872792261339,False
sub-HUP179,LL,LL07,6,36.475443617697366,4.091454639895033,left middle frontal gyrus,in,4.108308449755739,True,4.9117061342386945,True,15.78472618366211,False,7.466131582098149,True
sub-HUP179,LL,LL08,7,40.56476256780556,4.016767832513883,left middle frontal gyrus,in,4.655938213233163,True,4.206683607043757,True,16.365981465029716,False,6.702383441621385,True
sub-HUP179,LL,LL09,8,45.36386526034964,3.9422351753105787,left middle frontal gyrus,in,5.359211122901006,True,3.972397550657331,True,17.638438804283272,False,6.519250838280961,True
sub-HUP179,LL,LL10,9,50.99169573551732,2.963986395360849,left middle frontal gyrus,near,4.994571255129455,True,3.0268884008277293,True,19.63053337634604,False,6.607563895671111,False
sub-HUP179,LL,LL11,10,56.50442282284972,1.488758615028171,,outside the brain,4.781211715541618,True,1.6070845089101768,True,21.5363256927141,False,6.653504423518205,False
sub-HUP179,LL,LL12,11,63.346803028104944,0.0,,outside the brain,3.784357545115906,True,1.879282254728225,True,24.846803028104947,False,8.346803028104942,False
sub-HUP179,LM,LM01,0,0.0,0.0,left supplementary motor cortex,in,0.0,True,0.0,True,0.0,True,0.0,True
sub-HUP179,LM,LM02,1,4.439300799790614,1.6291908269575408,left supplementary motor cortex,in,2.0305691238632075,True,2.186602679040436,True,1.746593159746315,True,1.8471484542265766,True
sub-HUP179,LM,LM03,2,9.629782782787826,1.8613301355862453,left supplementary motor cortex,near,2.233729023823129,True,2.53960617706918,True,3.0754107138588314,False,1.9414045452472346,True
sub-HUP179,LM,LM04,3,15.356705741150945,0.9921619048733258,left cerebral white matter,white matter,1.2142506830451474,True,1.7480901882316424,True,4.925582041570274,False,1.0439178143280807,True
sub-HUP179,LM,LM05,4,21.69245355077239,1.328611447955545,left precentral gyrus,near,1.358950248113684,True,1.5017806043689164,True,7.7662186642392745,False,2.119767515909341,False
sub-HUP179,LM,LM06,5,29.495405698044337,1.2854106320218581,left precentral gyrus,near,3.0443373536027996,False,1.9964582678951592,False,12.03621796210905,False,4.648633538660075,True
sub-HUP179,LM,LM07,6,37.04486207643752,0.45010670200491476,left precentral gyrus,in,5.0131040986655355,False,3.5430954552008833,False,16.048440764849428,False,7.056497421748203,False
sub-HUP179,LM,LM08,7,43.98472856024359,2.9283632699740734,left postcentral gyrus,in,7.125835554139726,False,5.598392273268977,False,19.60705227637565,False,9.357166467704621,False
sub-HUP179,LM,LM09,8,48.85676201662568,2.0044792638200315,left postcentral gyrus,in,6.405000902099906,False,4.5745234237097625,True,20.91191495324627,False,9.040640668436026,False
sub-HUP179,LM,LM10,9,52.6297026702775,0.931608952849663,left postcentral gyrus,in,4.641994083020057,True,2.509201220597201,True,21.14199208804731,False,7.678183239590563,True
sub-HUP179,LM,LM11,10,56.27546412402668,1.2800784391026476,left postcentral gyrus,in,3.120127790391791,True,1.3356722496074256,True,21.299404171043804,False,6.390423563996135,True
sub-HUP179,LM,LM12,11,61.23425247366015,0.0,left postcentral gyrus,in,2.477255744030254,True,0.23326829971656668,True,22.734252473660153,False,6.23425247366015,True
sub-HUP179,RA,RA01,0,0.0,0.0,right amygdala,in,0.0,True,0.0,True,0.0,True,0.0,True
sub-HUP179,RA,RA02,1,5.286299507740381,0.8491256846008267,right amygdala,in,1.4195993520746903,True,0.9263562227936166,True,1.9160796293555606,True,0.8765780874436655,True
sub-HUP179,RA,RA03,2,12.103256102663897,1.3875998221444588,right hippocampus,near,1.5484274471187955,True,1.6259625540849518,True,5.211573050742366,False,2.4535255034404315,False
sub-HUP179,RA,RA04,3,18.423089546594603,2.0626750868770465,right hippocampus,near,2.19777257289573,True,2.576173350589457,True,8.075138713626488,False,3.897764324722614,True
sub-HUP179,RA,RA05,4,24.93635161843198,3.268076838365021,right cerebral white matter,white matter,3.342194928027965,False,4.0366574543510705,False,11.208300793757441,False,5.742015210200419,False
sub-HUP179,RA,RA06,5,30.65465176608977,2.794022497270308,"right middle temporal gyrus, posterior",in,3.0606808260159744,True,3.807958066356313,False,13.323315461022254,False,6.193133571469694,False
sub-HUP179,RA,RA07,6,36.641271582488066,1.8964123942508746,"right middle temporal gyrus, posterior",in,2.442744386947496,True,3.603758829840469,True,15.707066286591289,False,6.859518556291825,False
sub-HUP179,RA,RA08,7,42.65793212667702,7.53644380168212e-15,"right middle temporal gyrus, posterior",in,1.8292203500995208,True,3.5422370890736508,True,18.157932126677014,False,7.657932126677013,True
sub-HUP179,RB,RB01,0,0.0,0.0,right hippocampus,in,0.0,True,0.0,True,0.0,True,0.0,True
sub-HUP179,RB,RB02,1,6.369947085652876,0.8559590250692847,right hippocampus,in,0.920922255171953,True,1.121231092661698,True,2.939557298068981,True,1.566674980617653,True
sub-HUP179,RB,RB03,2,12.126441634148305,1.1704360016925635,right hippocampus,near,1.177089719044712,True,1.4727520661379254,True,5.203176152680609,False,2.377833967501439,True
sub-HUP179,RB,RB04,3,18.224676674040985,2.6792866587049353,"right middle temporal gyrus, posterior",near,2.6815186525400994,True,2.9619592813784483,True,7.989311669873983,False,4.042179220665248,False
sub-HUP179,RB,RB05,4,25.21900238238396,3.2092888657502185,"right middle temporal gyrus, posterior",in,3.4005192943179616,False,4.169715967248462,False,11.472009613334027,False,5.953100059107504,False
sub-HUP179,RB,RB06,5,30.940195992946872,2.2044896586438205,"right middle temporal gyrus, posterior",near,2.4204688633849774,True,3.6601320690441614,True,13.542196632743197,True,6.262401549302168,True
sub-HUP179,RB,RB07,6,36.10608376505413,4.882008155537125,"right middle temporal gyrus, posterior",in,4.882377217999344,True,5.374194587949134,False,15.560206678134188,False,7.56167464554173,False
sub-HUP179,RB,RB08,7,39.876291814471365,6.184045993118767,"right middle temporal gyrus, posterior",in,6.638182897527658,True,6.190298920143652,True,16.126670377795914,False,7.586068322186551,True
sub-HUP179,RB,RB09,8,44.64141613474012,3.9870616360193774,"right middle temporal gyrus, posterior",in,5.186036620854057,False,3.994316985506335,True,16.938931536942142,False,5.984574368288441,True
sub-HUP179,RB,RB10,9,50.64789587627767,1.2367649266767367,"right middle temporal gyrus, posterior",near,3.3552674941795297,False,1.282963381057391,True,19.17272467392519,True,5.766970535962315,False
sub-HUP179,RB,RB11,10,55.628931713047,0.0,,outside the brain,4.095295925595406,True,0.25063262638638206,True,20.628931713047002,False,5.628931713047002,False
sub-HUP179,RC,RC01,0,0.0,0.0,right paracingulate gyrus,in,0.0,True,0.0,True,0.0,True,0.0,True
sub-HUP179,RC,RC02,1,5.458208341592629,0.4982545787077769,right paracingulate gyrus,in,0.5051827131652441,True,0.5210808639266603,True,1.998525625546905,True,0.6617003917378783,True
sub-HUP179,RC,RC03,2,13.822022564882424,3.4369736055210867,right supplementary motor cortex,near,4.16373161936547,False,4.087250596570688,False,7.253818911005651,False,4.826030083741936,False
sub-HUP179,RC,RC04,3,19.218380807676848,3.447349220123844,right superior frontal gyrus,near,4.172288792550189,True,4.059037550163609,True,9.086045153289453,False,5.210205406829698,True
sub-HUP179,RC,RC05,4,23.807818120262315,4.882865275643357,right middle frontal gyrus,near,5.034553872653998,True,4.974400384024055,True,10.505438528607673,False,5.894377173460356,False
sub-HUP179,RC,RC06,5,27.859745367568497,3.848658581205501,right middle frontal gyrus,near,3.8486588204430605,True,3.8642835550055925,True,10.801544167091206,False,4.640463771449656,True
sub-HUP179,RC,RC07,6,33.15545104799517,2.049902482839873,right middle frontal gyrus,in,2.0500076412059305,True,2.0956980414063127,True,12.264545030188144,False,3.709810264442025,False
sub-HUP179,RC,RC08,7,38.05669463140189,0.5770729005693305,right middle frontal gyrus,in,0.8176543424815367,True,1.209868339350664,True,13.564599796284279,False,3.1063910509564425,True
sub-HUP179,RC,RC09,8,43.051664515877654,0.9208506252117911,right middle frontal gyrus,in,1.4411386928188903,True,1.8999120563103158,True,15.069975746098415,False,3.1781449467284335,True
sub-HUP179,RC,RC10,9,49.35248683541042,0.0,right middle frontal gyrus,near,0.3166900756034866,True,0.9391210700796275,True,17.85248683541042,False,4.352486835410418,False
sub-HUP180,LA,LA01,0,0.0,0.0,left amygdala,in,0.0,True,0.0,True,0.0,True,0.0,True
sub-HUP180,LA,LA02,1,5.6656040508095655,1.6013942911019963,left amygdala,in,1.603697455236412,True,1.6087229517528183,True,2.5113829180640916,True,1.6593128452891863,True
sub-HUP180,LA,LA03,2,10.568671683581666,1.4989749739078404,left amygdala,in,1.5173591502290475,True,1.6603733774632516,True,3.77242569787051,True,1.5685067053691282,True
sub-HUP180,LA,LA04,3,16.325744878235408,1.5001401324055637,left planum polare,near,1.514865263287015,True,1.5835608999880768,True,5.948927871944873,False,1.9569506442544782,True
sub-HUP180,LA,LA05,4,20.574324570357753,1.1975259159969958,left planum polare,near,1.4715331987907858,True,2.172278890380965,True,6.648187514207322,False,1.3134185309087512,True
sub-HUP180,LA,LA06,5,25.300511989843155,0.36246404409235944,left planum polare,near,1.4901267476142097,False,2.6666158103802133,False,7.806334975443981,True,0.46918419225101105,True
sub-HUP180,LA,LA07,6,31.81067408005674,1.4956861315070102,"left middle temporal gyrus, posterior",near,1.5287964574535942,False,2.303789107023013,False,10.87880096651601,False,2.3215188503562527,False
sub-HUP180,LA,LA08,7,37.55407814869377,1.1805623994592902,"left middle temporal gyrus, posterior",in,1.1843718385296376,False,1.972483029540206,True,13.08886696870379,False,2.7968867500862293,False
sub-HUP180,LA,LA09,8,42.737960984761564,1.013730372285738,"left middle temporal gyrus, posterior",in,1.0157061204902278,True,2.2223872998352947,True,14.760787869853964,False,2.9083293678496105,True
sub-HUP180,LA,LA10,9,47.57248764979329,1.042456591657075,"left middle temporal gyrus, posterior",in,1.1914163916508924,True,2.9227696648849157,False,16.094859790687725,False,2.7650981188935577,True
sub-HUP180,LA,LA11,10,52.95824539427548,7.377764055609925e-15,"left middle temporal gyrus, posterior",near,0.5283276788068063,True,2.9213189451579056,False,17.95824539427548,True,2.9582453942754827,True
sub-HUP180,LB,LB01,0,0.0,0.0,left hippocampus,in,0.0,True,0.0,True,0.0,True,0.0,True
sub-HUP180,LB,LB02,1,4.969835602364544,0.9226704822742479,left hippocampus,in,1.020892914641603,True,1.1608919671523492,True,1.662893682236505,True,0.930004319546837,True
sub-HUP180,LB,LB03,2,9.547146215168018,1.3876286568284344,left hippocampus,near,1.8312352486467411,True,2.2178644898834183,True,2.8119890835776684,False,1.4942185487599817,True
sub-HUP180,LB,LB04,3,15.825120441754002,3.3165129613500715,"left temporal fusiform cortex, posterior",near,3.352133654084902,True,3.5586251281720602,False,5.978033244734461,False,3.350170651590394,True
sub-HUP180,LB,LB05,4,21.933792673920767,4.269563937587473,"left inferior temporal gyrus, posterior",near,4.275905748138919,False,4.350947383210611,False,8.642501144866493,False,4.530128935449313,True
sub-HUP180,LB,LB06,5,26.797176721974314,5.732397939730056,"left inferior temporal gyrus, posterior",in,5.748125722054169,False,5.997354489350727,False,10.399441488531524,False,5.851956839111191,False
sub-HUP180,LB,LB07,6,31.705537791111468,7.864637147661698,"left inferior temporal gyrus, posterior",in,7.956797164126266,False,8.352609599380333,False,12.499063536136248,False,7.8970384406607605,False
sub-HUP180,LB,LB08,7,36.57981438862339,5.408832965890261,"left inferior temporal gyrus, posterior",in,5.51264493518524,False,6.155256102562249,False,12.869521877526235,False,5.535566449823068,False
sub-HUP180,LB,LB09,8,41.66559962219699,1.63848852236184,"left middle temporal gyrus, posterior",in,1.8837757878746466,True,3.480124895542022,True,13.731476193910883,False,2.3135566005532833,True
sub-HUP180,LB,LB10,9,46.23715296311113,0.8091634580559851,"left middle temporal gyrus, posterior",near,1.840561655791879,True,4.141354657896812,True,14.752280172688238,False,1.4723528562181043,False
sub-HUP180,LB,LB11,10,51.76937443831471,0.0,"left middle temporal gyrus, posterior",near,1.4342113405105772,False,4.110189901118675,False,16.76937443831471,False,1.7693744383147083,True
sub-HUP180,LC,LC01,0,0.0,0.0,left frontal orbital cortex,near,0.0,True,0.0,True,0.0,True,0.0,True
sub-HUP180,LC,LC02,1,6.491894284150132,1.8635893544403803,left insular cortex,near,1.8787379692566424,False,1.9674225914831165,False,3.2960696016778104,False,2.2266783076816994,False
sub-HUP180,LC,LC03,2,11.589124225145508,3.7761764724846527,left putamen,near,3.907487809624355,False,3.782536544256476,False,5.469426710272269,False,3.8954714453880155,False
sub-HUP180,LC,LC04,3,16.610322757130444,4.188559542250667,left caudate,near,4.58628098193933,True,4.245065507562089,True,6.97197352693249,False,4.323947969726907,True
sub-HUP180,LC,LC05,4,20.6723882520387,4.047086748297764,left caudate,near,5.449819041897902,False,4.55006307963015,False,7.464680566398228,True,4.056241248364771,True
sub-HUP180,LC,LC06,5,25.595219570172187,4.9019254118989135,left caudate,near,6.84765464923523,False,5.654375758707341,False,9.061738935911395,True,4.903429279452575,False
sub-HUP180,LC,LC07,6,31.37523564944626,4.9882226544376875,left cerebral white matter,white matter,6.997351353763705,True,5.602934286526515,True,11.153757817610849,False,5.0828408587029354,True
sub-HUP180,LC,LC08,7,38.17167918978392,5.001079205132104,"left cingulate gyrus, anterior",near,6.41727562649183,False,5.160565102436579,False,14.249110553824018,False,5.752517948660655,False
sub-HUP180,LC,LC09,8,46.677250140534916,4.311516108705162,left paracingulate gyrus,in,4.522971940547406,False,4.662232940019972,False,18.974048949928864,False,7.781372386271173,False
sub-HUP180,LC,LC10,9,53.83512493595625,3.5368194979337106,left paracingulate gyrus,near,3.5384143533755834,False,4.924923604515709,False,22.49855637257095,False,9.408873910816263,True
sub-HUP180,LC,LC11,10,60.532476913549736,1.7197154827581898,left superior frontal gyrus,near,1.857643517553773,True,4.9376352214628225,True,25.565948241613732,False,10.647835534983653,True
sub-HUP180,LC,LC12,11,65.31881036737916,1.475552811121985e-14,left superior frontal gyrus,in,0.46735660934723733,True,3.8512895940024334,False,26.818810367379154,False,10.318810367379152,False
sub-HUP180,LD,LD01,0,0.0,0.0,left subcallosal cortex,in,0.0,True,0.0,True,0.0,True,0.0,True
sub-HUP180,LD,LD02,1,5.6565108084662725,1.33487595407517,left accumbens,near,1.344402650584127,True,1.337988448223621,True,2.401851348384087,False,1.4243071206959992,False
sub-HUP180,LD,LD03,2,10.813136469003085,1.2942624885378897,left caudate,in,1.4173082112169917,False,1.3671749392883348,False,3.953267721512959,False,1.4885993362750232,False
sub-HUP180,LD,LD04,3,15.784197156991135,0.574708257983257,left putamen,near,1.3267368170096658,True,1.1448420842329026,True,5.304953200454238,False,0.9638201460701961,False
sub-HUP180,LD,LD05,4,22.0069938491406,1.1533025411386124,left insular cortex,near,1.3235122159349075,True,1.212759796434679,True,8.059695704451764,False,2.2885932564801785,False
sub-HUP180,LD,LD06,5,28.66006189535899,3.0147764532984485,left insular cortex,in,3.022684363988784,True,3.06657902318442,True,11.406670862136906,False,4.620203428325996,True
sub-HUP180,LD,LD07,6,37.428537156623506,3.9300315556128766,left frontal operculum,in,5.120588500675502,False,5.393517578714595,False,16.690915143232605,False,8.221750787928983,False
sub-HUP180,LD,LD08,7,45.71127344280169,4.263388189467316,"left inferior frontal gyrus, pars triangularis",in,7.292516878730707,False,7.686967062501531,False,21.440184202097363,False,11.343679340816642,False
sub-HUP180,LD,LD09,8,51.21610656110735,2.9425897874701,"left inferior frontal gyrus, pars triangularis",in,6.57467788087939,True,7.069379550210955,True,23.317918602172693,False,11.513870923737432,False
sub-HUP180,LD,LD10,9,55.63133733805147,1.5299945665224783,"left inferior frontal gyrus, pars triangularis",in,4.944374223361252,True,5.53437496757813,True,24.158790642139326,False,10.720038451736393,True
sub-HUP180,LD,LD11,10,60.17818608144652,0.4305316939698079,"left inferior frontal gyrus, pars triangularis",near,3.6371092333986077,False,4.318595633371177,False,25.18032686060222,False,10.18574892335961,False
sub-HUP180,LD,LD12,11,65.05846728856092,1.475552811121985e-14,,outside the brain,2.8368483954319257,False,3.590946515184199,False,26.558467288560927,False,10.058467288560923,False
sub-HUP180,LE,LE01,0,0.0,0.0,"left cingulate gyrus, anterior",in,0.0,True,0.0,True,0.0,True,0.0,True
sub-HUP180,LE,LE02,1,3.2574445510686667,1.7485370046688886,"left cingulate gyrus, anterior",in,3.956333900928018,False,3.3347572970552095,False,1.903239944923854,True,2.8508241382268156,False
sub-HUP180,LE,LE03,2,8.447598794880422,4.941727424744444,left paracingulate gyrus,in,7.576702883709774,False,6.566761050051795,False,4.943962090453859,False,5.859568917842891,False
sub-HUP180,LE,LE04,3,13.954481118355456,6.378767060789627,left superior frontal gyrus,near,9.09337163035421,True,7.72230875792743,True,6.658941875082797,False,6.884064819875113,True
sub-HUP180,LE,LE05,4,21.232092917507266,7.8346236516927,left superior frontal gyrus,in,9.547009289480444,False,8.260490763137403,False,9.708608906479723,False,7.839146819618895,False
sub-HUP180,LE,LE06,5,26.6142388659933,6.484036069435726,left middle frontal gyrus,in,8.616370224862536,True,6.82414033603482,True,10.542158463777836,False,6.534719575419362,True
sub-HUP180,LE,LE07,6,35.30479256572588,5.355544735696261,left middle frontal gyrus,in,6.084532604773687,True,5.527622853554626,True,14.892512496035376,True,7.256368140358789,True
sub-HUP180,LE,LE08,7,40.9545976469822,3.330351945320042,left middle frontal gyrus,near,4.662066966163954,True,3.740637557219994,False,16.655324405059996,False,6.704594427909352,False
sub-HUP180,LE,LE09,8,46.56751037641972,1.1096133978677303,,outside the brain,3.9821947183450317,True,2.157799671892808,False,18.587438361409014,False,6.647551433400324,False
sub-HUP180,LE,LE10,9,52.800796141535145,8.140289677804162e-15,,outside the brain,3.875316341286302,True,2.509188236045094,True,21.300796141535148,False,7.800796141535147,False
sub-HUP180,LF,LF01,0,0.0,0.0,left frontal orbital cortex,in,0.0,True,0.0,True,0.0,True,0.0,True
sub-HUP180,LF,LF02,1,6.433193819643428,0.43202479180641595,left subcallosal cortex,in,0.5147230371600302,True,0.9363397339060169,True,2.950472128123225,False,1.482994539293709,True
sub-HUP180,LF,LF03,2,12.476187114186237,2.324209128982577,left accumbens,near,2.3242946125416593,True,2.563668409605528,False,5.7485870246511315,False,3.2402996571153597,False
sub-HUP180,LF,LF04,3,17.294545062142937,3.8554407765905925,left caudate,in,4.158059776221383,True,3.8566222940001644,True,7.436763260667716,False,4.280363990408379,False
sub-HUP180,LF,LF05,4,21.31015274212707,4.8409423743705835,left putamen,in,6.155737298647728,False,5.098127026457489,False,8.30891194525863,False,4.89915951191423,False
sub-HUP180,LF,LF06,5,25.828774644804255,5.118431695126877,left caudate,near,7.424191170010227,True,5.751498620247399,False,9.343268101957525,False,5.128210343556512,False
sub-HUP180,LF,LF07,6,30.516268871965103,3.3468001159178695,left caudate,near,7.311886782992008,False,4.6273770389100415,True,9.914171342947178,False,3.363245383659557,True
sub-HUP180,LF,LF08,7,35.48574925309649,2.6664596484374505,left caudate,near,8.041540566111742,False,4.585293018210477,False,11.20725266725872,False,2.6941715746843915,True
sub-HUP180,LF,LF09,8,41.4678097251746,2.825758295156422,left cerebral white matter,white matter,8.239181961831761,True,4.369059544499194,True,13.666739317591814,False,3.14097131337799,True
sub-HUP180,LF,LF10,9,47.61207226393909,3.360360523739947,left cerebral white matter,white matter,8.453029406183198,False,4.372907808252289,True,16.342550803263585,False,4.184348247130303,True
sub-HUP180,LF,LF11,10,55.46397687656002,1.5047716833329021,left superior frontal gyrus,near,6.132519243567923,False,1.5666643635711535,False,20.498865843508845,False,5.647715287883905,False
sub-HUP180,LF,LF12,11,64.18869076719875,1.507288760336424e-14,left superior frontal gyrus,in,3.338765436371593,False,2.7211699938220284,True,25.688690767198743,False,9.188690767198745,False
sub-HUP180,LG,LG01,0,0.0,0.0,"left cingulate gyrus, anterior",in,0.0,True,0.0,True,0.0,True,0.0,True
sub-HUP180,LG,LG02,1,5.018902486460297,1.1472279135887766,left supplementary motor cortex,near,1.2016391532360127,True,1.3449305519672947,True,1.7992220591194823,True,1.1528755151749603,True
sub-HUP180,LG,LG03,2,9.323832071100323,1.293195629047317,left supplementary motor cortex,near,1.8008883142040775,False,2.3333426998109177,False,2.5810534429057204,True,1.503179263196026,False
sub-HUP180,LG,LG04,3,14.528923214316759,1.5744488526805684,left cerebral white matter,white matter,2.033665920506567,True,2.8042184229198135,True,4.24605664943503,True,1.669950444071285,True
sub-HUP180,LG,LG05,4,22.672443085898315,1.5321492496331728,left cerebral white matter,white matter,2.24911198065531,True,1.5555477007423573,False,8.75571089740498,True,3.035638476956894,True
sub-HUP180,LG,LG06,5,29.996983244980168,2.121240132267329,left middle frontal gyrus,in,4.2686365901493994,False,2.903170808752234,False,12.601704077770082,False,5.359536830174887,False
sub-HUP180,LG,LG07,6,34.36324879545846,2.6215833161806654,left middle frontal gyrus,in,3.8371434973331318,True,2.722766722228234,True,13.519710708059467,False,5.0046717169410275,True
sub-HUP180,LG,LG08,7,37.90943516757516,0.3970620207921841,left middle frontal gyrus,in,1.2665373282452443,True,1.2719049466358368,True,13.413233958456404,False,2.9343441240670356,True
sub-HUP180,LG,LG09,8,42.77072685721171,1.2098778463114421,left middle frontal gyrus,in,1.4534459574093799,True,2.2948772134602637,True,14.803136429055778,False,3.007686668942634,True
sub-HUP180,LG,LG10,9,47.99155488697521,0.940876840955715,left middle frontal gyrus,near,1.2289516141205539,True,2.493593573434254,True,16.50916368171885,False,3.12722682463878,False
sub-HUP180,LG,LG11,10,53.38441155667009,0.5410456250009004,,outside the brain,1.0901654069914881,True,2.5558183961426453,True,18.389630602934005,False,3.4246781990195023,False
sub-HUP180,LG,LG12,11,59.20677779224102,0.0,,outside the brain,1.528014342265736,True,2.2607429811356923,True,20.706777792241024,False,4.20677779224102,True
sub-HUP180,LH,LH01,0,0.0,0.0,left supplementary motor cortex,in,0.0,True,0.0,True,0.0,True,0.0,True
sub-HUP180,LH,LH02,1,5.525799330038891,0.6166341471926086,left supplementary motor cortex,near,0.617599263310207,True,0.6241657379178421,True,2.084576002138402,True,0.7884158057539409,True
sub-HUP180,LH,LH03,2,11.531084077340205,0.7861894321043408,left superior frontal gyrus,near,0.9071871682850479,True,0.851997760117367,True,4.5723491563988725,False,1.6973116594085027,True
sub-HUP180,LH,LH04,3,19.804711992029308,3.7706750985603987,left middle frontal gyrus,near,4.735660355010076,False,4.625230026176808,False,9.704910835858048,False,5.826945929507902,False
sub-HUP180,LH,LH05,4,26.8228032543799,4.285711831880302,left middle frontal gyrus,in,6.12438046102164,True,5.949314972845466,True,13.193671856528818,False,7.767528079935329,True
sub-HUP180,LH,LH06,5,30.763786785621235,3.3108846095136166,left middle frontal gyrus,in,4.4385280024120295,True,4.237887139473253,True,13.49747821076451,False,6.4927151301300405,True
sub-HUP180,LH,LH07,6,34.69612250867713,3.2555256019298584,left middle frontal gyrus,in,3.5391669747803105,True,3.410177280097944,True,13.92884473596556,True,5.589076148740762,True
sub-HUP180,LH,LH08,7,38.38198640059702,2.796868049377046,left middle frontal gyrus,in,2.8254184211387523,True,2.919065639642563,True,14.060918685205605,True,4.310513767071592,True
sub-HUP180,LH,LH09,8,43.309534671143716,1.8860943639208185,left middle frontal gyrus,near,2.1064422896587325,True,2.370056108602515,False,15.384498790917545,False,3.7736047598404565,True
sub-HUP180,LH,LH10,9,48.104806828971185,1.1917438342734605,,outside the brain,2.029018198803989,True,2.5034263810604207,True,16.632791803698755,False,3.311890088194889,True
sub-HUP180,LH,LH11,10,54.191868845425994,0.8201237138248605,,outside the brain,1.3499984248123376,True,1.881995098497876,True,19.20318352500922,False,4.265252095585865,True
sub-HUP180,LH,LH12,11,59.920500134346945,7.377764055609925e-15,,outside the brain,0.8632924960808498,True,1.5470206390297716,True,21.42050013434694,False,4.920500134346944,True
sub-HUP180,RD,RD01,0,0.0,0.0,right paracingulate gyrus,near,0.0,True,0.0,True,0.0,True,0.0,True
sub-HUP180,RD,RD02,1,4.478466252983184,1.6593726502172157,right cerebral white matter,white matter,1.6897119818447177,True,2.189388244233728,True,1.7857009144649048,True,1.8600037489163532,True
sub-HUP180,RD,RD03,2,8.628889570798274,3.0828028085944514,right cerebral white matter,white matter,3.210797854993757,True,4.383637063946304,True,3.2597575205167892,True,3.6427420058946196,True
sub-HUP180,RD,RD04,3,12.365389687073012,2.4006865384935967,right cerebral white matter,white matter,2.73259489382587,True,5.218718427261065,True,2.9018191107859064,True,3.741599260394797,True
sub-HUP180,RD,RD05,4,16.52773609794005,2.231989332707242,right frontal orbital cortex,near,2.710310114620468,False,6.378737275302163,False,3.2601740969691506,False,4.255906313684789,False
sub-HUP180,RD,RD06,5,20.888976842958165,1.1319258941661268,right frontal orbital cortex,near,1.9064498220307822,False,7.17139061808133,False,3.5439161225152893,False,4.293605780648222,False
sub-HUP180,RD,RD07,6,26.061217190349087,0.9367106195713334,right frontal orbital cortex,near,1.2491582547723885,False,7.541758137052371,False,5.1306114752301095,True,4.0650183055287945,False
sub-HUP180,RD,RD08,7,31.03236907263302,7.993605777301127e-15,"right inferior frontal gyrus, pars triangularis",near,0.31689469824926536,True,8.083325964970346,False,6.532369072633021,False,3.9676309273669776,False
sub-HUP180,RE,RE01,0,0.0,0.0,right paracingulate gyrus,in,0.0,True,0.0,True,0.0,True,0.0,True
sub-HUP180,RE,RE02,1,4.604974364936203,1.4890215843927657,right paracingulate gyrus,in,1.7191295574221912,False,1.9315753067960708,False,1.7183272238595688,True,1.6216886162890516,False
sub-HUP180,RE,RE03,2,9.803644304074888,3.572620639190241,right paracingulate gyrus,near,3.8031871502356847,False,4.1172092418989275,False,4.159134631293752,True,3.6771433767029045,False
sub-HUP180,RE,RE04,3,15.635179629615747,5.95603906742145,right frontal pole,near,6.07455468926192,False,6.387433321281807,False,7.1502912394223905,True,5.980804077983305,False
sub-HUP180,RE,RE05,4,19.71289020456189,5.386233062206505,right frontal pole,in,5.712986174722359,True,6.3637430399836985,True,7.323971821509363,False,5.485194511088079,True
sub-HUP180,RE,RE06,5,23.36771283205011,2.5269701185044497,right frontal pole,in,3.8113935537247734,True,5.344271237299255,True,6.263086651812624,True,3.0848138419790043,True
sub-HUP180,RE,RE07,6,28.112041503481606,1.571554850447849,right frontal pole,in,3.594420280375947,True,5.681343239390361,True,7.240686016120792,True,2.4904017851415823,True
sub-HUP180,RE,RE08,7,33.405049048149465,1.9198674064314962,right frontal pole,in,3.704074341045663,True,6.077092007180299,True,9.055685961535108,True,2.5315883385626794,True
sub-HUP180,RE,RE09,8,39.07268256548648,1.6738101954539506,right frontal pole,in,3.174610799485599,True,5.908864731509048,False,11.16301544130394,True,1.9311569011527259,True
sub-HUP180,RE,RE10,9,43.81615470092138,1.1258423620185454,right frontal pole,near,3.344599863607239,True,6.586848899543392,False,12.353098976329415,False,1.6442238666088735,True
sub-HUP180,RE,RE11,10,49.45471705074243,0.26429140576210575,,outside the brain,2.7267224495968296,True,6.43098652320178,True,14.456426925217347,False,0.6065922064531767,True
sub-HUP180,RE,RE12,11,54.04412019661559,1.0087767680389479e-14,,outside the brain,3.340563930743499,True,7.423400576761134,True,15.544120196615582,False,0.9558798033844149,True
sub-HUP181,LA,LA01,0,0.0,0.0,left amygdala,in,0.0,True,0.0,True,0.0,True,0.0,True
sub-HUP181,LA,LA02,1,5.5549648115662915,0.3411486422635968,left amygdala,in,0.7819563257407929,True,0.3439079089195224,True,2.072746572989364,True,0.6425264180419072,True
sub-HUP181,LA,LA03,2,10.710839576798866,0.3089506206303241,left amygdala,in,1.8162741463960412,True,0.5620577496110641,True,3.7192370714994936,True,0.7709910709505686,True
sub-HUP181,LA,LA04,3,17.085944446690096,1.108540509288418,left hippocampus,near,2.0247560837796112,True,1.144858747437541,True,6.643090080456341,False,2.330480185480913,False
sub-HUP181,LA,LA05,4,23.455709477079044,1.7488684251248607,left hippocampus,near,2.3716661799144045,False,2.034015643201583,True,9.551886514362792,False,3.8149038297792464,True
sub-HUP181,LA,LA06,5,27.637958946208148,3.6078045151306073,"left temporal fusiform cortex, posterior",near,5.268222985461652,False,3.647743704778098,False,10.538280137579878,False,4.333971429206457,False
sub-HUP181,LA,LA07,6,31.36565530565387,4.600010433403628,"left inferior temporal gyrus, posterior",near,7.932102076880737,False,5.236052659142962,False,11.031363060435801,False,4.713153500761722,False
sub-HUP181,LA,LA08,7,37.67014710902803,5.4150104281568865,"left middle temporal gyrus, posterior",near,8.42761790409155,False,5.718049655413363,False,13.87887081460282,False,5.875014908636416,True
sub-HUP181,LA,LA09,8,44.32539500771685,4.688786120298822,"left middle temporal gyrus, posterior",in,7.542527360139303,True,4.7305155224517685,True,16.7464969552048,False,6.213230985295446,True
sub-HUP181,LA,LA10,9,50.07955112281141,2.4759456082852433,"left middle temporal gyrus, posterior",in,6.689601737411675,True,2.4909836410446875,True,18.683094963167783,False,5.595866485191262,True
sub-HUP181,LA,LA11,10,55.83341322419021,0.291596308062891,"left middle temporal gyrus, posterior",in,6.654678312129397,False,0.2953458919475285,True,20.83469242025049,False,5.83993622365979,True
sub-HUP181,LA,LA12,11,59.83331306560696,0.0,"left middle temporal gyrus, posterior",near,8.895719169312445,False,1.6342077077697548,True,21.33331306560696,True,4.833313065606966,False
sub-HUP181,LB,LB01,0,0.0,0.0,left hippocampus,in,0.0,True,0.0,True,0.0,True,0.0,True
sub-HUP181,LB,LB02,1,6.449727095445864,1.3228926842578774,left hippocampus,in,1.3687681394259164,True,1.508361748609254,True,3.1081780595862205,True,1.8635898415901513,True
sub-HUP181,LB,LB03,2,10.85014418375416,1.69540609337427,left hippocampus,in,2.0803183388481075,True,1.756452508517975,True,4.085278227360603,True,1.8407333757695274,True
sub-HUP181,LB,LB04,3,16.661264387938548,3.415650151892444,left hippocampus,in,3.7617970605305247,True,3.4460175005031353,True,6.737394074403509,True,3.6573135363797737,True
sub-HUP181,LB,LB05,4,21.758402536476062,5.130403559446864,"left temporal fusiform cortex, posterior",in,5.797458144875638,False,5.270455053711234,False,8.796062711472464,False,5.256600604730602,False
sub-HUP181,LB,LB06,5,26.607773967094257,4.83155945644161,"left inferior temporal gyrus, posterior",near,6.049612510277393,False,5.1470667726738135,False,9.921372109297488,False,4.970129904302947,False
sub-HUP181,LB,LB07,6,30.71890195335403,3.4881465926242265,"left middle temporal gyrus, posterior",near,6.300644866307928,False,4.605685675992442,False,10.139119159009061,False,3.5267257487143016,True
sub-HUP181,LB,LB08,7,36.50701816957026,1.0623528990494222,"left middle temporal gyrus, posterior",in,5.343527463484072,True,2.831022880678197,True,12.038523550980821,False,1.8312121658773446,True
sub-HUP181,LB,LB09,8,42.4351962241945,2.695209726446003,"left middle temporal gyrus, posterior",in,5.981707834311071,True,3.578560770388459,True,14.600439673591927,False,3.5755269514595973,True
sub-HUP181,LB,LB10,9,48.93772210985213,1.1843277083011468,"left middle temporal gyrus, posterior",in,4.8735251515515055,True,1.8096006411746872,True,17.463594251409642,False,4.098245371503455,True
sub-HUP181,LB,LB11,10,55.08218027270009,0.48020689788132503,"left middle temporal gyrus, posterior",in,4.557307304227005,False,0.9326106725199044,True,20.08582816210455,True,5.102732864333291,True
sub-HUP181,LB,LB12,11,60.836694577797694,8.140289677804162e-15,"left middle temporal gyrus, posterior",near,4.736531617205965,False,0.6308261955790203,True,22.33669457779769,False,5.836694577797697,False
sub-HUP181,LC,LC01,0,0.0,0.0,left hippocampus,near,0.0,True,0.0,True,0.0,True,0.0,True
sub-HUP181,LC,LC02,1,5.8531332794831625,1.5901293439821136,"left parahippocampal gyrus, posterior",in,1.592235233122128,True,1.590767111934064,True,2.6604865227751664,False,1.7114896525918621,True
sub-HUP181,LC,LC03,2,11.173844579039779,2.7260197396954795,"left temporal fusiform cortex, posterior",in,2.7389716127646673,False,2.747103250904506,False,4.706139780954739,False,2.851393352361444,True
sub-HUP181,LC,LC04,3,17.363415011852037,5.1088690414374875,"left temporal fusiform cortex, posterior",in,5.109205020176596,False,5.111665555836347,False,7.952812212662934,False,5.352004674850898,False
sub-HUP181,LC,LC05,4,21.18423616035963,5.094659321393342,"left temporal fusiform cortex, posterior",near,5.3527408142853234,False,5.399745246856214,False,8.307943700193427,True,5.125617735066128,True
sub-HUP181,LC,LC06,5,26.079084778918034,6.55293856100828,"left inferior temporal gyrus, posterior",near,7.018377391107923,False,7.086394834750099,False,10.14324526806379,False,6.557419537799498,False
sub-HUP181,LC,LC07,6,31.30784184900244,9.58686509724904,"left inferior temporal gyrus, temporo-occipital",in,10.206773587984701,False,10.28469206700451,False,13.016020600895324,False,9.588870327497014,False
sub-HUP181,LC,LC08,7,36.741055641927815,8.732770679346931,"left inferior temporal gyrus, temporo-occipital",in,9.290254163533037,False,9.381330636936484,False,14.192812709160762,False,8.759841950004795,False
sub-HUP181,LC,LC09,8,45.5898617990239,3.645522622119697,"left middle temporal gyrus, temporo-occipital",in,3.789546384354835,True,3.7199145483080462,True,17.820734200973643,False,6.551762882234929,True
sub-HUP181,LC,LC10,9,50.847384291325454,2.109380608824072,"left middle temporal gyrus, temporo-occipital",near,2.2717463143253434,True,2.1706300585771876,True,19.418520200514244,False,6.175062752354406,False
sub-HUP181,LC,LC11,10,56.03494909486347,0.5491391400734263,,outside the brain,0.7569128882805399,True,0.5699730081738662,True,21.039425883760195,False,6.057201793739458,False
sub-HUP181,LC,LC12,11,61.12218912069834,8.140289677804162e-15,,outside the brain,0.059723025138933815,True,0.3453316526783785,True,22.622189120698337,False,6.122189120698335,True
sub-HUP181,LD,LD01,0,0.0,0.0,left insular cortex,in,0.0,True,0.0,True,0.0,True,0.0,True
sub-HUP181,LD,LD02,1,5.633112293895639,1.2991317119731443,left insular cortex,in,1.3079764263510518,True,1.3035057880434595,True,2.3692054137461023,True,1.3854076542057905,True
sub-HUP181,LD,LD03,2,10.831129894619238,1.12179510156885,left insular cortex,in,1.225484724246078,True,1.1919981035030254,True,3.936121214252673,True,1.3622658514692976,True
sub-HUP181,LD,LD04,3,17.61180046010935,1.2563085199475474,left frontal operculum,in,1.4226729451853144,True,1.4910484799893051,True,7.177735089248826,False,2.857877928369094,True
sub-HUP181,LD,LD05,4,24.134413670486378,1.0863581522025354,"left inferior frontal gyrus, pars triangularis",in,1.915381639123927,True,2.066683176437945,True,10.168150681062205,False,4.251102597702974,True
sub-HUP181,LD,LD06,5,29.637810431135957,2.2093442130018106,"left inferior frontal gyrus, pars triangularis",near,2.6101166482443117,False,2.7370157735431873,False,12.256125867926993,False,5.062844929326323,False
sub-HUP181,LD,LD07,6,34.19024290002789,2.1542916673587578,"left inferior frontal gyrus, pars triangularis",near,2.178465085825594,True,2.2348338770228877,True,13.297965103436661,False,4.6512767868229945,True
sub-HUP181,LD,LD08,7,40.159082475582814,2.681188971135551,,outside the brain,2.7559801029664097,True,2.8457824506956824,True,15.79865324252356,False,5.734839977005392,True
sub-HUP181,LD,LD09,8,44.324896739264865,2.530292894478039,,outside the brain,2.6574769122085704,True,2.5701779035783723,True,16.448402147457323,False,4.948447364077336,True
sub-HUP181,LD,LD10,9,49.6256221424699,2.267621463151405,,outside the brain,2.5310053301831568,True,2.3785237603976284,True,18.215483804382867,False,5.105058880250164,True
sub-HUP181,LD,LD11,10,52.08784548284427,4.143405542272139,,outside the brain,6.049895278914814,True,5.729214107534929,True,17.422644413700816,True,4.567813520846878,True
sub-HUP181,LD,LD12,11,56.60659702544438,0.0,,outside the brain,5.357638207407651,True,4.860923747932343,True,18.10659702544438,True,1.60659702544438,True
sub-HUP181,LF,LF01,0,0.0,0.0,"left cingulate gyrus, anterior",in,0.0,True,0.0,True,0.0,True,0.0,True
sub-HUP181,LF,LF02,1,5.691322358411871,1.1559225700208093,"left cingulate gyrus, anterior",near,1.2019086743390228,True,1.156023237226156,True,2.373235180027433,True,1.2900167017258717,True
sub-HUP181,LF,LF03,2,12.979520783504201,2.3698302927726673,left cerebral white matter,white matter,2.5559072262735745,True,2.851259888612603,True,6.229700137982199,False,3.638833384155302,True
sub-HUP181,LF,LF04,3,19.383790892063693,3.5298813723393816,left cerebral white matter,white matter,3.7805600097802396,True,4.210795106574816,True,9.258948786046298,True,5.379687699174269,True
sub-HUP181,LF,LF05,4,25.182702727289172,4.019116866117173,left frontal orbital cortex,near,4.209601411583016,False,4.737488390153404,False,11.579766205342562,False,6.306508018942299,False
sub-HUP181,LF,LF06,5,32.420263923564605,5.215125954255522,left frontal orbital cortex,near,5.7782687684577905,False,6.608114269887847,False,15.407509258850279,False,8.727566155536115,False
sub-HUP181,LF,LF07,6,38.90469300036778,4.42416564379884,"left inferior frontal gyrus, pars triangularis",near,5.483934969721472,False,6.770124322895073,False,18.198287498623824,False,9.717813293616194,False
sub-HUP181,LF,LF08,7,43.85950724399664,3.4586444452698735,"left inferior frontal gyrus, pars triangularis",in,4.214935393384915,True,5.760971064930308,False,19.531591327949762,False,9.38358346842158,False
sub-HUP181,LF,LF09,8,49.54195046212124,3.3468026285739,"left inferior frontal gyrus, pars triangularis",in,4.01223463901754,True,5.7903261827475045,True,21.68855626185459,False,10.00514268094517,False
sub-HUP181,LF,LF10,9,53.686387270427346,1.1896865838403636,"left inferior frontal gyrus, pars triangularis",near,1.3129225830903113,True,3.584765834004788,False,22.20509689887378,False,8.754417239581961,False
sub-HUP181,LF,LF11,10,57.7303082486816,7.160723346098895e-15,,outside the brain,1.2895315732427206,True,1.850743909248212,False,22.730308248681602,False,7.7303082486816015,False
sub-HUP181,LG,LG01,0,0.0,0.0,"left cingulate gyrus, anterior",near,0.0,True,0.0,True,0.0,True,0.0,True
sub-HUP181,LG,LG02,1,6.427691905555147,0.9510418831567224,"left cingulate gyrus, anterior",near,1.0386321189563408,True,1.2230385160131039,True,3.0110815626580036,True,1.6570391870343504,True
sub-HUP181,LG,LG03,2,11.368691631412423,1.908811680878957,left cerebral white matter,white matter,2.0235340581488,True,1.9090697275308988,True,4.620058507362506,False,2.258569644838011,True
sub-HUP181,LG,LG04,3,17.858108647328823,2.871174886515676,left cerebral white matter,white matter,2.877631110441077,True,2.997757312631226,True,7.682479969342279,True,3.89081062824504,True
sub-HUP181,LG,LG05,4,23.655984369250163,3.095096800783696,left frontal operculum,near,3.1101167552830034,False,3.2850266040994307,False,9.946450916099797,False,4.636841117294046,False
sub-HUP181,LG,LG06,5,30.18549885930322,3.185912029110655,left frontal operculum,near,3.2018922302561346,False,3.8032164471756316,False,12.915991233337063,False,5.943006348899415,False
sub-HUP181,LG,LG07,6,36.745896482382996,2.511470174904852,"left inferior frontal gyrus, pars opercularis",near,2.7118606797392695,True,4.014767506894847,True,15.860080507782202,False,7.117772647708876,True
sub-HUP181,LG,LG08,7,43.222947086672285,2.81070860593828,"left inferior frontal gyrus, pars opercularis",in,3.212228677817918,False,4.901680583122214,False,18.842279163188508,False,8.603532298368261,False
sub-HUP181,LG,LG09,8,49.13564964294425,3.736214786866539,"left inferior frontal gyrus, pars opercularis",in,4.017767382516833,False,5.688690663120894,False,21.323272248665386,False,9.738606503459243,False
sub-HUP181,LG,LG10,9,54.040472574003836,2.338859278456036,"left inferior frontal gyrus, pars opercularis",in,2.3991590328553474,False,4.37574625289795,False,22.611125473791535,False,9.289102092932525,False
sub-HUP181,LG,LG11,10,58.91810131319798,0.9219874308841443,"left inferior frontal gyrus, pars opercularis",near,1.0412679427909048,False,3.1684345672843377,False,23.92865595217722,True,8.958457852936515,False
sub-HUP181,LG,LG12,11,62.95767112894228,0.0,,outside the brain,2.376615995505136,True,1.4901503555655558,True,24.457671128942277,False,7.95767112894228,False
sub-HUP181,LH,LH01,0,0.0,0.0,"left cingulate gyrus, posterior",in,0.0,True,0.0,True,0.0,True,0.0,True
sub-HUP181,LH,LH02,1,6.207521503618951,1.550138299234645,"left cingulate gyrus, posterior",near,1.5785583224118476,True,1.606789692105729,True,2.9508182812043553,True,1.8506105414632088,True
sub-HUP181,LH,LH03,2,10.7741830493291,2.381065171858857,left cerebral white matter,white matter,2.5517372082625025,True,2.473027695543997,True,4.239578764580627,False,2.4346082075379645,True
sub-HUP181,LH,LH04,3,16.069352877407056,3.0010249383086536,left cerebral white matter,white matter,3.2912492780145652,True,3.1561259421197025,True,6.079037423818026,True,3.1024104523950307,True
sub-HUP181,LH,LH05,4,21.592107398632905,2.2851768576068476,left cerebral white matter,white matter,2.669445429826749,True,2.4491151671995532,True,7.812523138725257,True,2.717611140817861,True
sub-HUP181,LH,LH06,5,26.739394203378566,1.8174912177755165,left cerebral white matter,white matter,2.619049181720285,False,2.212801924595683,False,9.355788888253663,True,2.473350824999544,True
sub-HUP181,LH,LH07,6,31.797001225522482,0.337537297187451,left parietal operculum,near,2.503642582171299,False,1.7651028486984432,True,10.800485286055194,False,1.8266661019195234,True
sub-HUP181,LH,LH08,7,37.209733001748305,2.3254657696089613,left parietal operculum,in,3.679644569711175,True,3.0533657952097064,True,12.849180820519686,False,3.1582496825190574,True
sub-HUP181,LH,LH09,8,42.23362302162386,3.674458395572293,left parietal operculum,in,5.163618134940993,True,4.518791278557379,True,14.545251224853228,False,4.219116213193618,True
sub-HUP181,LH,LH10,9,48.457636056912335,3.4130670081804606,left parietal operculum,in,4.5951203576417585,True,3.9329874760429258,True,17.17973552256891,False,4.77352295153248,True
sub-HUP181,LH,LH11,10,54.78013088869135,0.9022804815835699,left parietal operculum,in,2.520958026279183,True,1.428026415788473,True,19.793275693005548,True,4.857239163598591,True
sub-HUP181,LH,LH12,11,61.689350753857596,7.32410687763558e-15,left planum temporale,in,1.1499729352356642,False,0.22182998048087213,True,23.189350753857592,False,6.689350753857597,False
sub-HUP181,RA,RA01,0,0.0,0.0,right amygdala,in,0.0,True,0.0,True,0.0,True,0.0,True
sub-HUP181,RA,RA02,1,4.96817411251439,0.9381750491512043,right amygdala,in,1.1079315935090563,True,1.1760488711706398,True,1.667702426462895,True,0.9459728020499661,True
sub-HUP181,RA,RA03,2,10.553764764590312,1.1706787771069502,right hippocampus,in,1.2533487293861445,True,1.3575123626279313,True,3.6798182308362506,False,1.2685633044074578,True
sub-HUP181,RA,RA04,3,16.50406502574724,1.4819146457849164,right hippocampus,in,1.482281264917992,False,1.5174497575527846,False,6.119540822559226,True,2.064506570844088,True
sub-HUP181,RA,RA05,4,21.354263608767855,1.2844597678172551,right hippocampus,near,1.4000225737495893,True,1.650334474661797,True,7.427504130575669,False,1.8386506418312394,True
sub-HUP181,RA,RA06,5,25.24147476320648,1.5684059745953354,"right temporal fusiform cortex, posterior",near,2.6596798524670286,False,3.163282444842575,False,7.8509576469803095,False,1.5801995842305643,True
sub-HUP181,RA,RA07,6,30.651443916391948,2.5843869235082604,"right middle temporal gyrus, posterior",near,3.437497931866585,True,3.9486595474749753,True,9.886076277433641,False,2.640670887515415,True
sub-HUP181,RA,RA08,7,38.19605251972579,3.3784605465597,"right inferior temporal gyrus, posterior",near,3.386325793019715,False,3.54365677695505,False,13.961285095302042,False,4.549089875287054,False
sub-HUP181,RA,RA09,8,44.60783767737586,3.7787634612384937,"right middle temporal gyrus, posterior",in,3.8434799516356777,True,3.7874354919880275,True,16.875996635499035,False,5.836034339226373,True
sub-HUP181,RA,RA10,9,50.791401344456155,2.839594075144543,"right middle temporal gyrus, posterior",in,3.210807091817784,True,2.870538734200274,True,19.420679788694937,False,6.37885662559601,True
sub-HUP181,RA,RA11,10,55.56696549298986,1.2010192133244282,"right middle temporal gyrus, posterior",near,1.4845107486544675,True,1.2443670301468213,True,20.589043951382546,True,5.682357986689308,False
sub-HUP181,RA,RA12,11,60.88860338197864,0.0,,outside the brain,0.7390136468212951,True,0.5789173913980696,True,22.388603381978644,False,5.888603381978651,False
sub-HUP181,RB,RB01,0,0.0,0.0,right hippocampus,in,0.0,True,0.0,True,0.0,True,0.0,True
sub-HUP181,RB,RB02,1,5.190084282925333,0.5252070328472567,right hippocampus,in,0.8776057935446195,True,0.6753184448326853,True,1.7443856914711275,True,0.5500506229282524,True
sub-HUP181,RB,RB03,2,11.490142061147017,1.1399554507998448,right hippocampus,in,1.178675734009616,True,1.1686854878897301,True,4.577664378880397,True,1.8314716136283458,True
sub-HUP181,RB,RB04,3,16.384386928143037,2.0076117960863256,right hippocampus,in,2.4130123265470953,False,2.0696520726660914,True,6.100716643810463,True,2.3707452308548294,True
sub-HUP181,RB,RB05,4,21.878113944433498,3.335771407481879,"right temporal fusiform cortex, posterior",near,3.811451563205862,False,3.4146093532551554,True,8.320279703685216,False,3.7093498502089317,False
sub-HUP181,RB,RB06,5,27.76601851592717,4.923245349507027,"right temporal fusiform cortex, posterior",near,5.316483263062506,False,4.961350851418183,False,10.990439404428058,False,5.445079434598573,False
sub-HUP181,RB,RB07,6,33.06227864709018,6.3697499063355485,"right inferior temporal gyrus, posterior",near,6.9405538188532265,False,6.461472661624451,False,13.096306704025531,False,6.822124562726921,False
sub-HUP181,RB,RB08,7,40.77722145076806,5.490082083834282,"right inferior temporal gyrus, temporo-occipital",near,5.529592574442561,False,5.639659468221372,False,16.826771638049923,False,7.704887779435647,False
sub-HUP181,RB,RB09,8,47.52948049679634,2.4152689880643288,"right middle temporal gyrus, temporo-occipital",in,2.473972556572657,True,3.6709062731038813,False,19.61732413125253,False,7.8489263307628745,False
sub-HUP181,RB,RB10,9,52.00375316416151,3.189922173128469,"right middle temporal gyrus, temporo-occipital",in,3.3125735236206095,True,3.575094753893808,True,20.653651619468516,False,7.606972578840602,False
sub-HUP181,RB,RB11,10,57.775496609122946,2.4751330524132227,"right middle temporal gyrus, temporo-occipital",in,2.6486723129430048,True,3.085859176102177,True,22.856863538849503,False,8.109413252013697,True
sub-HUP181,RB,RB12,11,62.694297092889485,7.105427357601002e-15,"right middle temporal gyrus, temporo-occipital",near,1.8376631521474476,False,1.2267763195127712,True,24.19429709288948,False,7.694297092889475,False
sub-HUP181,RE,RE01,0,0.0,0.0,"right cingulate gyrus, anterior",in,0.0,True,0.0,True,0.0,True,0.0,True
sub-HUP181,RE,RE02,1,4.5123669203672785,1.5869983862597632,right paracingulate gyrus,in,1.8245014618930095,True,2.092536750308814,True,1.7443802611031067,True,1.766524403664149,True
sub-HUP181,RE,RE03,2,8.405189761270389,0.2694398265951081,right paracingulate gyrus,in,1.8671113695014259,True,2.7880926499133576,True,1.4265464011860758,True,1.621670284370663,True
sub-HUP181,RE,RE04,3,13.56964885013164,1.0084394419234046,right paracingulate gyrus,in,2.098691455293301,False,3.38542734162115,False,3.1954240704465247,True,1.7809002599910637,False
sub-HUP181,RE,RE05,4,19.531015922883864,1.364854545279094,right superior frontal gyrus,in,1.7000669032165363,True,3.176703954352601,True,5.650580712459501,True,1.459396888168168,True
sub-HUP181,RE,RE08,5,34.995379181730144,2.281033685599402,right superior frontal gyrus,near,2.470405766124776,True,4.774821092050423,False,10.667685907268677,False,2.2824026795767094,True
sub-HUP181,RE,RE09,6,40.29927102477744,2.212982299139297,,outside the brain,2.3383221659553186,True,4.983492069701563,True,12.436932195139187,False,2.225793241568919,True
sub-HUP181,RE,RE10,7,45.33583918101412,2.6389561521092526,,outside the brain,2.7752430779085753,True,5.682565399143056,True,14.009757393819815,False,2.651632370461797,True
sub-HUP181,RE,RE11,8,49.99156256856228,0.8338618762524407,,outside the brain,1.5089193640443117,True,5.953640897868858,True,15.00779105001835,False,0.8340039286201456,True
sub-HUP181,RE,RE12,9,52.82969209867765,0.0,,outside the brain,3.5367163169836573,True,8.637828674699078,True,14.329692098677638,True,2.1703079013223463,True
sub-HUP181,RF,RF01,0,0.0,0.0,"right cingulate gyrus, anterior",in,0.0,True,0.0,True,0.0,True,0.0,True
sub-HUP181,RF,RF02,1,6.84031955545446,2.5529420915170844,right paracingulate gyrus,in,2.7457451954991376,False,2.663124488795183,False,3.8232920662760157,False,2.8860676998864037,False
sub-HUP181,RF,RF03,2,10.014437685261845,1.7751350949081934,right paracingulate gyrus,near,1.9531930334584224,True,2.212161858870765,True,3.3625892587544057,False,1.7809780128155637,True
sub-HUP181,RF,RF04,3,15.182017005026959,2.959763625254671,right cerebral white matter,white matter,3.162899303895447,True,3.5026992330889506,True,5.295148025680255,False,2.96178047599442,True
sub-HUP181,RF,RF05,4,20.086378707130546,4.007140361871573,right cerebral white matter,white matter,4.3368493357800375,False,4.814752946770405,False,6.953367291900034,True,4.019689722600301,False
sub-HUP181,RF,RF06,5,27.01865176381285,2.622406334285439,right middle frontal gyrus,in,2.631165359260206,True,2.8243189948569603,True,9.750359936279754,False,3.2331444107982428,True
sub-HUP181,RF,RF07,6,33.003929910396046,0.5156147182691075,right middle frontal gyrus,in,1.1144648345801853,True,0.7378821275281932,True,12.010974405829701,False,3.0438906772174175,True
sub-HUP181,RF,RF08,7,38.79124925370035,1.1826772558158136,right middle frontal gyrus,in,1.8526313438076905,True,1.2312665256943296,True,14.32213062701235,True,3.9542237992868547,True
sub-HUP181,RF,RF09,8,44.76575885830802,0.7188460580814471,right middle frontal gyrus,in,2.198323036848253,True,0.7210501610376996,True,16.775395680881136,True,4.813960413225353,True
sub-HUP181,RF,RF10,9,48.607762534280496,0.8897253937554145,right middle frontal gyrus,near,1.06305639180063,True,1.9116583690080415,True,17.122750402630263,False,3.707946635090291,False
sub-HUP181,RF,RF11,10,53.32281510383211,0.16565376574451077,,outside the brain,0.16845403490110925,True,2.562366807524512,True,18.323306611875267,False,3.326684753313991,False
sub-HUP181,RF,RF12,11,57.55528407417528,3.972054645195637e-15,,outside the brain,1.1331756855649882,True,3.9122366992014395,True,19.055284074175276,False,2.5552840741752814,True
sub-HUP181,RG,RG01,0,0.0,0.0,"right cingulate gyrus, anterior",in,0.0,True,0.0,True,0.0,True,0.0,True
sub-HUP181,RG,RG02,1,6.642972291443015,0.23278436377145,"right cingulate gyrus, anterior",near,1.1213864540882692,True,1.0764083638337498,True,3.1475123608449027,True,1.6553419164319199,True
sub-HUP181,RG,RG03,2,13.84117151280057,1.0418699357499632,right caudate,near,2.910878813316625,True,2.8251228180925674,True,6.881234049768219,False,3.9420758479440985,True
sub-HUP181,RG,RG04,3,21.205845235131346,1.1096329697219225,right cerebral white matter,white matter,4.684317005782842,False,4.550295167585904,False,10.734300476457795,False,6.275672425892958,False
sub-HUP181,RG,RG05,4,26.56324447236865,0.5507399018123976,right cerebral white matter,white matter,4.424213662397738,True,4.241615404692431,True,12.569605758610487,False,6.580621101520828,False
sub-HUP181,RG,RG06,5,32.06863746006538,0.03317875496048839,right central operculum,near,4.359079500091158,False,4.1289714344153685,False,14.568658077213357,False,7.068698163353845,False
sub-HUP181,RG,RG07,6,37.082017675976964,1.8149210048273499,right central operculum,near,4.198518202530393,True,3.9513165598101474,True,16.139944501091254,False,7.2678350108902485,False
sub-HUP181,RG,RG08,7,42.344743601872324,4.251196012676561,right central operculum,near,5.404631264287603,True,5.211866212139476,True,18.136094292090423,False,8.301869235221572,True
sub-HUP181,RG,RG09,8,46.36706395614532,4.604365474218984,right precentral gyrus,near,4.944582004973209,True,4.822572698018037,True,18.71317867543032,False,7.672927376227113,False
sub-HUP181,RG,RG10,9,50.41064728934099,5.4709758128705595,right precentral gyrus,near,5.476041611618716,True,5.473894070350044,True,19.40029033848867,False,7.488205695678483,True
sub-HUP181,RG,RG11,10,55.03933140034781,3.92818291497172,right precentral gyrus,in,3.962498626157267,True,4.048725456828261,True,20.28299286329628,False,6.279376583403112,False
sub-HUP181,RG,RG12,11,61.33470321041188,7.160723346098895e-15,right precentral gyrus,in,0.373435663554251,True,0.13281756296483893,True,22.834703210411874,False,6.33470321041188,True
sub-HUP185,LA,LA01,0,0.0,0.0,left amygdala,in,0.0,True,0.0,True,0.0,True,0.0,True
sub-HUP185,LA,LA02,1,4.782783011846157,0.7005871902732533,left amygdala,in,1.1849492277350566,True,1.106736336508608,True,1.4165661239459464,True,0.7503861691441539,True
sub-HUP185,LA,LA03,2,10.73403183402221,1.2777664869593317,left hippocampus,in,1.4646962037047515,True,1.378848388010419,True,3.8744701916460373,False,1.4371039537968755,False
sub-HUP185,LA,LA04,3,16.988793935045784,2.7689927254448556,left hippocampus,in,2.785082458422464,False,2.768993641597894,True,6.846544091821438,True,3.2818614471974197,True
sub-HUP185,LA,LA05,4,24.05037913427291,3.883026701958915,"left temporal fusiform cortex, anterior",near,4.006610994802443,False,4.121970048137898,False,10.480700952309713,False,5.387667332643642,False
sub-HUP185,LA,LA06,5,27.77906761901232,2.3998662628402063,"left temporal fusiform cortex, posterior",near,2.517044062511941,True,2.4144060547131416,True,10.4543891917576,False,3.5938984082629686,True
sub-HUP185,LA,LA07,6,32.87942635087354,5.509645735494125,"left inferior temporal gyrus, posterior",near,5.767900261752925,True,5.620985081123141,False,12.674669328666715,False,6.015484714146317,False
sub-HUP185,LA,LA08,7,39.99660109378444,6.885043995568321,"left inferior temporal gyrus, posterior",in,6.897146679033335,False,6.890892721643547,False,16.41341884478894,False,8.170669535240675,False
sub-HUP185,LA,LA09,8,46.403333636229085,4.286313869212565,"left inferior temporal gyrus, posterior",in,4.344741133607352,False,4.541626031359658,False,18.702740087585898,False,7.541473427201991,False
sub-HUP185,LA,LA10,9,51.228138500786315,1.8269870434524922,"left middle temporal gyrus, posterior",in,1.8270398187583607,True,2.038379781520401,True,19.780104987072416,False,6.459312327715444,True
sub-HUP185,LA,LA11,10,56.17363347980964,0.9130153858945882,"left middle temporal gyrus, posterior",near,1.1518783885690869,True,0.9569559257021522,True,21.185895704827054,False,6.233440613636409,False
sub-HUP185,LA,LA12,11,61.32001488656413,0.0,,outside the brain,1.2353507197865683,True,0.14750588681258128,True,22.820014886564135,False,6.320014886564123,False
sub-HUP185,LB,LB01,0,0.0,0.0,left hippocampus,in,0.0,True,0.0,True,0.0,True,0.0,True
sub-HUP185,LB,LB02,1,6.428142220015214,0.8430522369431556,left hippocampus,in,1.036926628240409,True,1.1517086060307424,True,2.993773217623043,True,1.6108446579066165,True
sub-HUP185,LB,LB03,2,12.29139727030498,2.432378884689336,left hippocampus,in,2.4853774620703946,True,2.584097271426925,True,5.603747602625628,True,3.1799490420432486,True
sub-HUP185,LB,LB04,3,17.70298952557768,3.044794101104656,left hippocampus,near,3.0476752604821935,True,3.1187847454662285,True,7.577797650320878,False,3.9013305031552417,True
sub-HUP185,LB,LB05,4,23.701972620789622,3.5318977118959967,"left temporal fusiform cortex, posterior",near,3.550375871521073,False,3.69495013301371,False,10.076597038431485,False,4.928453254887509,False
sub-HUP185,LB,LB06,5,28.331679504365095,2.9784659697484046,"left middle temporal gyrus, posterior",near,3.052850679117884,True,2.9877145583158113,True,11.082424488400944,False,4.353145575277473,True
sub-HUP185,LB,LB07,6,33.671317929544074,2.2518754156699363,"left middle temporal gyrus, posterior",near,2.4710631006538706,False,2.252907754743366,False,12.79564257121261,False,4.242838247564544,True
sub-HUP185,LB,LB08,7,39.68335801169646,2.504332203072946,"left middle temporal gyrus, posterior",in,2.622404153130782,True,2.55154329786211,True,15.310463045626769,False,5.241265897548148,True
sub-HUP185,LB,LB09,8,45.24782168887767,2.649241998232906,"left middle temporal gyrus, posterior",in,2.825032441370699,True,2.6900092622430516,True,17.37337674203313,False,5.8094269626526485,True
sub-HUP185,LB,LB10,9,50.05598836566746,2.172494488622129,"left middle temporal gyrus, posterior",in,2.8935505489463007,True,2.190821852917119,True,18.635885000334426,True,5.459672722600927,True
sub-HUP185,LB,LB11,10,54.72362324000408,1.387791623711158,"left middle temporal gyrus, posterior",near,3.289980684608823,True,1.817460971983657,True,19.75483019802983,False,4.906385634895607,False
sub-HUP185,LB,LB12,11,60.30550656672167,0.0,,outside the brain,3.152367021844655,True,1.1620142066550512,True,21.80550656672167,False,5.305506566721675,False
sub-HUP185,LC,LC01,0,0.0,0.0,left hippocampus,in,0.0,True,0.0,True,0.0,True,0.0,True
sub-HUP185,LC,LC02,1,5.914853426620354,1.7691882025936987,"left parahippocampal gyrus, posterior",near,1.773303107817615,False,1.7700776853259768,False,2.7797552963389407,False,1.8827761379727241,False
sub-HUP185,LC,LC03,2,10.922794525107879,4.10579073043671,"left temporal fusiform cortex, posterior",in,4.3404543859074955,False,4.238958185155893,False,5.157797138281074,False,4.1075956207185635,False
sub-HUP185,LC,LC04,3,16.590626110676038,5.036949217399376,"left temporal fusiform cortex, posterior",in,5.251822258207297,False,5.126932954028617,False,7.317153569416156,False,5.101270700962088,False
sub-HUP185,LC,LC05,4,23.054014858488156,7.858213854353881,left temporo-occipital fusiform cortex,in,7.979472218018571,False,7.887445242434699,False,10.983283878701036,False,8.034412097926573,False
sub-HUP185,LC,LC06,5,27.358597849169957,7.85980454276002,"left inferior temporal gyrus, temporo-occipital",in,8.284579185725782,False,8.048915980631213,False,11.728525513016718,False,7.95167977111952,False
sub-HUP185,LC,LC07,6,32.31834118326416,5.356100966780035,"left inferior temporal gyrus, temporo-occipital",in,6.005994535576817,False,5.606354579032126,False,12.11922324732299,False,5.673625581469484,False
sub-HUP185,LC,LC08,7,39.00204886764867,2.7798358256752778,"left inferior temporal gyrus, temporo-occipital",in,3.135623881169998,False,2.7879718429120954,False,14.66866708230263,False,4.79163694204991,False
sub-HUP185,LC,LC09,8,46.656661973649214,1.9085126209185517,"left inferior temporal gyrus, temporo-occipital",in,1.9727224349152581,True,2.702898955441707,True,18.71517758539432,False,6.88732169547125,False
sub-HUP185,LC,LC10,9,51.0378608855117,0.9328463812686268,"left inferior temporal gyrus, temporo-occipital",near,1.2646283555092275,False,1.1893039115206248,True,19.551601777547177,True,6.101072380811727,False
sub-HUP185,LC,LC11,10,55.106734685137695,0.9598839378603804,,outside the brain,2.7243274741759165,True,1.237592556418417,True,20.121282746751408,False,5.187947168646705,False
sub-HUP185,LC,LC12,11,60.16079618486628,0.0,,outside the brain,3.2520018469077554,True,1.3067245885104437,True,21.660796184866282,False,5.160796184866287,True
sub-HUP185,LD,LD01,0,0.0,0.0,left putamen,in,0.0,True,0.0,True,0.0,True,0.0,True
sub-HUP185,LD,LD02,1,7.209132337269453,1.7495002491080491,left insular cortex,in,2.5935982494624104,False,2.244251488803236,True,3.907197254773496,False,2.6524149833770934,False
sub-HUP185,LD,LD03,2,13.080064730525194,3.2991922175005843,left insular cortex,in,4.138953364827989,True,3.6164527023632376,True,6.548893460167035,True,4.236166991548549,True
sub-HUP185,LD,LD04,3,19.568404515728986,2.8290375559040966,left central operculum,in,5.0027166096739295,True,3.841617567061921,True,9.303393196420835,False,5.199778618893125,True
sub-HUP185,LD,LD05,4,24.038765573138424,3.3718260963255187,left central operculum,in,4.849400050723999,False,3.6701019593182904,False,10.364895154590345,True,5.0811101826216385,False
sub-HUP185,LD,LD06,5,29.052889148914637,3.711860108244714,left precentral gyrus,in,5.047245383355391,False,3.813601248369182,True,11.908085975299064,False,5.322647196565934,False
sub-HUP185,LD,LD07,6,35.421850733649144,2.085783273028028,left precentral gyrus,in,5.313221488635326,True,2.7765256226081316,True,14.51107254643629,False,5.751890823131981,True
sub-HUP185,LD,LD08,7,40.61961191478821,0.5970044681946967,left precentral gyrus,in,5.0976673537619215,True,1.614002112034359,True,16.126278977695495,False,5.646871704639703,True
sub-HUP185,LD,LD09,8,44.97240400766545,0.22041740234460053,left precentral gyrus,in,4.3458726773902425,True,0.34716237228377517,True,16.973295097600676,True,4.9767473315739466,True
sub-HUP185,LD,LD10,9,49.34835177582425,0.4988905959378923,left precentral gyrus,near,3.6693704300654706,True,1.06929313647257,True,17.85280195382966,False,4.374371906835013,False
sub-HUP185,LD,LD11,10,54.0818383475885,0.5074472120421898,,outside the brain,3.328881478499902,False,1.8702638523509663,True,19.086204591642538,False,4.110897364258671,False
sub-HUP185,LD,LD12,11,59.13299209073737,8.140289677804162e-15,,outside the brain,3.2645635040166514,True,2.3345286826393497,True,20.63299209073737,False,4.132992090737365,True
sub-HUP185,LE,LE01,0,0.0,0.0,left insular cortex,near,0.0,True,0.0,True,0.0,True,0.0,True
sub-HUP185,LE,LE02,1,5.905039224958307,0.7066271540219292,left insular cortex,in,0.7733172894776295,True,0.7581260613014469,True,2.466016216183044,True,1.1150845605275839,True
sub-HUP185,LE,LE03,2,12.598107669071792,1.9458636563219234,left central operculum,in,2.3683276032330283,True,2.3241893508269746,True,5.784061958268671,False,3.1263117668846885,True
sub-HUP185,LE,LE04,3,18.91077342324609,1.055904595467683,left central operculum,near,2.472719002782444,True,2.3660783958614378,True,8.44752318862547,False,4.022338087438301,False
sub-HUP185,LE,LE05,4,23.577703765412284,1.0152494959433047,left postcentral gyrus,in,1.6987996684623632,False,1.5749193340077037,False,9.609616147861065,False,3.697931478614796,False
sub-HUP185,LE,LE06,5,27.819999954980553,1.115351765837095,left postcentral gyrus,in,1.1167270326328342,True,1.1243736086242342,True,10.357859351480732,False,3.0117700292878427,True
sub-HUP185,LE,LE07,6,32.63314384038541,0.6308857358198995,left postcentral gyrus,in,0.9156525694112793,True,1.0996662796732517,True,11.644148330470294,False,2.701736814349759,True
sub-HUP185,LE,LE08,7,38.07788430735716,0.8531418055092921,left postcentral gyrus,near,1.1497709589668812,True,1.3508639635876927,True,13.595120945421025,False,3.1847250438129415,False
sub-HUP185,LE,LE09,8,42.84136471804847,1.4895519804449573,left postcentral gyrus,near,2.165703673447613,False,2.4050001009757946,False,14.890153534879458,False,3.185214283177086,True
sub-HUP185,LE,LE10,9,48.9469833463024,1.2098081905803757,,outside the brain,1.5721362450351428,True,1.8199143973112213,True,17.47396061846548,False,4.113939037801186,True
sub-HUP185,LE,LE11,10,54.44484186690382,1.1336490194766211,,outside the brain,1.5461691266758368,True,1.8378242628485169,True,19.466076469449767,False,4.575695316532575,True
sub-HUP185,LE,LE12,11,60.764227741395025,7.944109290391274e-15,,outside the brain,0.26867356705369577,True,0.7032930319816927,True,22.264227741395025,False,5.764227741395023,True
sub-HUP185,LF,LF01,0,0.0,0.0,"left cingulate gyrus, anterior",in,0.0,True,0.0,True,0.0,True,0.0,True
sub-HUP185,LF,LF02,1,5.9058806491323566,0.7465173564167952,"left cingulate gyrus, anterior",in,0.9348424746650866,True,0.794032325270468,True,2.4738344818070797,True,1.1376851000662311,True
sub-HUP185,LF,LF03,2,12.188386376479691,2.5183317010287833,left cerebral white matter,white matter,2.849731911478355,False,2.627489400789458,False,5.531852821944707,False,3.1700308481939543,False
sub-HUP185,LF,LF04,3,17.000126743146513,2.2126220395364045,left cerebral white matter,white matter,2.4151512031574653,True,2.2145194644739243,True,6.729662162900495,False,2.8876733199339815,True
sub-HUP185,LF,LF05,4,23.585379899595164,2.4678513807249085,left cerebral white matter,white matter,3.3549236607694612,True,2.703571548897953,True,9.772644527636794,True,4.246601592716067,True
sub-HUP185,LF,LF06,5,30.170918838241818,2.4212316302807646,left cerebral white matter,white matter,4.334002208851161,True,3.2273179509162104,True,12.804609145256522,True,5.621732358783373,True
sub-HUP185,LF,LF07,6,37.59253860233987,2.759268050555241,left frontal pole,near,6.347445786774993,True,4.829295162164055,True,16.72038215626703,False,7.983151175273438,True
sub-HUP185,LF,LF08,7,42.41039353891597,1.6670293104816134,left frontal pole,in,5.562680711177538,False,3.6632126693422284,True,17.955172129245426,False,7.563612341157206,False
sub-HUP185,LF,LF09,8,47.16073093710834,3.448310212215123,"left inferior frontal gyrus, pars triangularis",in,5.803614719924108,False,4.162171770587139,False,19.344323065090855,False,7.834217263290541,False
sub-HUP185,LF,LF10,9,51.47812577438199,3.708850841568955,"left inferior frontal gyrus, pars triangularis",in,5.226257337695913,True,3.85536404339145,True,20.187957792654917,False,7.348897863439742,False
sub-HUP185,LF,LF11,10,56.12148135512131,1.4011323779086335,"left inferior frontal gyrus, pars triangularis",near,3.443894155269319,False,1.418991906969371,True,21.150448978575096,False,6.262734586121254,False
sub-HUP185,LF,LF12,11,60.57314404084769,7.160723346098895e-15,,outside the brain,2.319342807158091,False,0.8943767325290233,True,22.07314404084769,False,5.573144040847689,False
sub-HUP185,LG,LG01,0,0.0,0.0,"left cingulate gyrus, anterior",in,0.0,True,0.0,True,0.0,True,0.0,True
sub-HUP185,LG,LG02,1,5.553769193948294,0.9263913827877902,"left cingulate gyrus, anterior",near,0.9383153469862263,False,0.933136604364829,False,2.1823436326044803,False,1.041508557590928,False
sub-HUP185,LG,LG03,2,10.872738941279973,2.116362248265299,"left cingulate gyrus, anterior",near,2.1958254174131815,True,2.1772113601714445,True,4.2319709027530275,False,2.218314062583983,True
sub-HUP185,LG,LG04,3,16.021549611540955,2.527040722545217,left cerebral white matter,white matter,2.7381225955800965,True,2.6972083338144115,True,5.890585830098911,False,2.6570622432737454,True
sub-HUP185,LG,LG05,4,21.88912195631802,2.8455253784940058,left cerebral white matter,white matter,2.9550115937896035,True,2.91847533608821,True,8.212128681848467,True,3.3164006912979636,True
sub-HUP185,LG,LG06,5,26.613048205899638,2.475491679474914,left cerebral white matter,white matter,2.9626820859581113,True,2.864918778829277,True,9.331990307490136,True,2.893278579305704,True
sub-HUP185,LG,LG07,6,31.519966453821453,3.161026458550289,left cerebral white matter,white matter,3.962479370982712,False,3.8323069631885054,False,10.832529243630804,True,3.44159519473737,True
sub-HUP185,LG,LG08,7,38.48690248721195,4.666235315451745,left precentral gyrus,near,4.811298621543644,False,4.754660372753546,False,14.47568635525084,False,5.6597572559691445,True
sub-HUP185,LG,LG09,8,45.538996967305984,5.751961941324177,left precentral gyrus,in,5.754583519406584,True,5.771183004559307,True,18.111896906694405,False,7.736807769379812,True
sub-HUP185,LG,LG10,9,51.17879556593972,3.6945420127778483,left precentral gyrus,in,3.7182933409442764,True,3.7706293303214484,True,19.891384472273984,False,7.084837083493077,True
sub-HUP185,LG,LG11,10,56.07996216058261,1.7369551698422656,left precentral gyrus,in,1.7481684755929805,True,1.7455981183604838,True,21.12458759676381,False,6.297341202402601,True
sub-HUP185,LG,LG12,11,61.68806611315412,0.0,left precentral gyrus,in,0.18775064041875653,True,0.2205453397773988,True,23.188066113154118,True,6.688066113154123,True
sub-HUP185,LH,LH01,0,0.0,0.0,left pallidum,near,0.0,True,0.0,True,0.0,True,0.0,True
sub-HUP185,LH,LH02,1,6.533988049249666,1.8156099566087422,left caudate,near,1.8183540327331227,False,1.9418452668538917,False,3.3175780793106977,False,2.21953159923492,False
sub-HUP185,LH,LH03,2,11.484823211621643,2.4574850138053534,left caudate,in,2.706842551980515,False,2.4578595669970973,False,4.882384491887453,False,2.7431288355666603,False
sub-HUP185,LH,LH04,3,17.542224536349277,2.907103617485785,left caudate,near,3.1569012307037947,True,2.9560662862162395,True,7.395044836754781,True,3.7067112170272964,True
sub-HUP185,LH,LH05,4,25.05027153636756,2.6754671265532566,left cerebral white matter,white matter,2.682913560907819,True,3.699590680534057,True,11.230337495065347,False,5.5889749941094475,False
sub-HUP185,LH,LH06,5,30.591970528112427,2.577224544190648,left cerebral white matter,white matter,2.6082076879324876,True,3.620932440765909,True,13.236541609294742,False,6.058693345306306,True
sub-HUP185,LH,LH07,6,36.745818286118556,3.1909763435793965,left cerebral white matter,white matter,3.2230896494822794,True,4.434434907201416,True,15.929875771527042,False,7.337223457076427,True
sub-HUP185,LH,LH08,7,42.71114001338438,2.937602525818605,left superior frontal gyrus,near,3.0039088427815943,True,4.5650482282031435,True,18.34670418551592,False,8.157302608964233,False
sub-HUP185,LH,LH09,8,48.89464118111259,2.098996909557573,left superior frontal gyrus,in,2.1736842393336904,True,4.646977461902504,False,20.95495673286728,False,9.095087434388052,False
sub-HUP185,LH,LH10,9,54.47147825931341,0.5265324392331098,left superior frontal gyrus,in,1.2397151515268583,True,4.210378227695029,True,22.9749676522692,False,9.483561378689533,False
sub-HUP185,LH,LH11,10,59.51869400875206,1.7763568394002505e-15,left superior frontal gyrus,in,2.249392598227941,True,3.639129669318669,True,24.51869400875206,False,9.518694008752055,True
sub-HUP185,RA,RA01,0,0.0,0.0,right hippocampus,in,0.0,True,0.0,True,0.0,True,0.0,True
sub-HUP185,RA,RA02,1,5.1538250271615444,0.7433719529377244,right hippocampus,in,1.1826642011508943,True,0.8892521081460346,True,1.76419544426572,True,0.7500588952008186,True
sub-HUP185,RA,RA03,2,11.427219377985637,0.898611842648138,right hippocampus,in,1.1077079140531036,True,0.9241884954459954,True,4.482821965614016,True,1.6567135978058536,True
sub-HUP185,RA,RA04,3,17.571360023744067,2.426112168965587,right hippocampus,in,2.5132965652523307,False,2.50890243923698,True,7.316988944859676,True,3.414782840614655,True
sub-HUP185,RA,RA05,4,22.497102406313136,1.9259547359284293,"right temporal fusiform cortex, posterior",near,2.5455902254325795,True,1.9269746027964256,True,8.632108745463174,False,3.0885540744265456,False
sub-HUP185,RA,RA06,5,28.27239546913003,1.743068772227205,"right middle temporal gyrus, posterior",near,2.5638833402313996,True,1.7652293776859642,True,10.859416629114357,False,3.6602938710710675,False
sub-HUP185,RA,RA07,6,33.52473724129716,1.3669673701676133,"right middle temporal gyrus, posterior",near,2.9567039527771946,True,1.3673161611108917,True,12.57139716267609,False,3.754544768360359,True
sub-HUP185,RA,RA08,7,39.74110031294974,1.3832700003761487,"right middle temporal gyrus, posterior",in,2.7886047696372067,True,1.5083191650455938,True,15.279761476588073,False,4.915659315790801,False
sub-HUP185,RA,RA09,8,46.157673518681655,1.643054831607933,"right middle temporal gyrus, posterior",in,2.611383108536129,True,2.1747635525154307,True,18.202726882035797,False,6.344853768981045,True
sub-HUP185,RA,RA10,9,52.13114993231037,1.5364339303028298,"right middle temporal gyrus, posterior",in,2.5773985273948914,True,2.3794410617036164,True,20.665697578914813,False,7.272651161681857,True
sub-HUP185,RA,RA12,10,62.42575517622259,1.475552811121985e-14,,outside the brain,3.7916643207290406,True,0.9582344028458654,True,23.925755176222587,False,7.425755176222588,False
sub-HUP185,RB,RB01,0,0.0,0.0,"right parahippocampal gyrus, posterior",in,0.0,True,0.0,True,0.0,True,0.0,True
sub-HUP185,RB,RB02,1,4.917979218342009,2.43154324693602,"right parahippocampal gyrus, posterior",in,2.8557649217002385,True,2.7634616577699553,True,2.5520098378668044,True,2.537377255287658,True
sub-HUP185,RB,RB03,2,10.794965690921076,3.350598035539662,"right temporal fusiform cortex, posterior",in,3.587896967401095,False,3.4730517337387954,False,4.676101157256526,False,3.3608112865044246,False
sub-HUP185,RB,RB04,3,17.74585725159611,1.9072718005445242,"right temporal fusiform cortex, posterior",near,1.934866208887659,True,2.1001599599075216,True,7.3933126493043995,True,3.2593682674838558,True
sub-HUP185,RB,RB05,4,22.861512597659253,2.539430684044223,"right inferior temporal gyrus, posterior",near,2.5662303203854377,False,2.565986599357456,False,9.082276228743554,False,3.721196815795454,False
sub-HUP185,RB,RB06,5,27.765822184083046,3.267743182410862,"right inferior temporal gyrus, temporo-occipital",near,3.512993355525167,False,3.2882785296423216,False,10.589650638888966,False,4.159058304521428,False
sub-HUP185,RB,RB07,6,37.09529595536369,0.7058258380470029,"right middle temporal gyrus, temporo-occipital",near,2.5531700141201616,True,3.6301217624796225,True,16.10405562538707,False,7.123634002465148,False
sub-HUP185,RB,RB08,7,43.30979315769378,1.2040298315058127,"right middle temporal gyrus, temporo-occipital",in,3.126771252135244,True,4.347414510498014,True,18.831583944040762,False,8.380001605249426,False
sub-HUP185,RB,RB09,8,49.076187291167756,0.8867198448472337,"right middle temporal gyrus, temporo-occipital",in,3.0213420594241396,True,4.453688992405702,True,21.086827835892947,False,9.11142614438885,True
sub-HUP185,RB,RB10,9,54.8032524439237,0.2265338317855951,"right middle temporal gyrus, temporo-occipital",near,2.8594034371268227,True,4.5168605835105335,False,23.303885321611176,False,9.80540139435377,False
sub-HUP185,RB,RB11,10,59.02575981207505,0.5752676728743332,,outside the brain,1.4198603559516185,True,3.195598046917279,False,24.02984331318736,False,9.041276240388003,False
sub-HUP185,RB,RB12,11,63.98826985322348,7.944109290391274e-15,,outside the brain,0.4909306885792923,True,2.520749079846756,True,25.48826985322348,False,8.988269853223482,False
sub-HUP187,RA,RA01,0,0.0,0.0,right hippocampus,in,0.0,True,0.0,True,0.0,True,0.0,True
sub-HUP187,RA,RA02,1,4.582942514144333,1.8425778714231815,right hippocampus,in,2.1239212746242635,True,2.3091170020279255,True,1.9697250045618513,True,2.010262231369934,True
sub-HUP187,RA,RA03,2,9.246640944530254,2.1488375286113928,right hippocampus,in,2.627318336269969,True,3.062755526038511,True,2.9311270723221865,True,2.372881095985889,True
sub-HUP187,RA,RA04,3,15.034696247779708,2.8286049128433506,right hippocampus,near,2.997378819363483,True,3.4628934660125528,True,5.1187489120933005,False,2.8382497237749393,False
sub-HUP187,RA,RA05,4,19.93874811255626,2.4038462454994227,"right temporal fusiform cortex, posterior",near,2.6944075743811333,True,3.510622360856061,True,6.272235692533797,False,2.41271562882549,True
sub-HUP187,RA,RA06,5,24.62127417843111,2.466039880432054,"right temporal fusiform cortex, posterior",near,3.032913003310661,True,4.2344893981002665,False,7.419290300392593,False,2.516722900535537,True
sub-HUP187,RA,RA07,6,30.366237021306763,1.1132456490989273,"right middle temporal gyrus, posterior",near,1.614858187499591,True,3.3710378735235724,True,9.411893663654903,False,1.1657230041560105,True
sub-HUP187,RA,RA08,7,37.59533049022436,2.965797180890043,"right middle temporal gyrus, posterior",in,3.049582148404666,True,3.387839205811578,True,13.312728642912056,False,3.8648750708053443,False
sub-HUP187,RA,RA09,8,42.796554474870334,4.016645583010839,"right middle temporal gyrus, posterior",in,4.059283374715095,True,4.530637263082525,True,15.149812205520698,False,4.788869145720069,True
sub-HUP187,RA,RA11,9,53.34259694550418,0.6454003907661463,"right middle temporal gyrus, posterior",near,1.0377492486112347,True,2.6215590520639354,True,18.350045795691166,True,3.400501231291342,False
sub-HUP187,RA,RA12,10,58.82235371287986,7.16416517438997e-15,,outside the brain,1.0436947630288045,True,2.645167060496864,True,20.32235371287986,False,3.8223537128798606,False
sub-HUP187,RB,RB01,0,0.0,0.0,right hippocampus,in,0.0,True,0.0,True,0.0,True,0.0,True
sub-HUP187,RB,RB02,1,4.659634528715495,0.9131399478136174,right hippocampus,in,1.3177174982210622,True,1.368033322153065,True,1.4061279826352895,True,1.009623495022267,True
sub-HUP187,RB,RB03,2,9.556369194402071,1.5864443592376225,right hippocampus,in,2.2637542556366306,True,2.3636455898931135,True,2.896800423016801,True,1.687853682248239,True
sub-HUP187,RB,RB04,3,15.26271077627954,2.626795984054778,"right parahippocampal gyrus, anterior",in,3.036364207619103,False,3.1447026114829044,False,5.240801278166134,False,2.627028730366544,False
sub-HUP187,RB,RB05,4,21.535436520597887,3.8894918498594357,"right temporal fusiform cortex, posterior",in,3.991354545476942,True,4.0618111693753844,True,8.166946575602216,False,4.064921107814723,True
sub-HUP187,RB,RB06,5,26.38254694417109,3.7212343901457845,"right inferior temporal gyrus, posterior",in,4.003925963349428,True,4.142897222200991,False,9.387818101028024,False,3.8857787819491074,True
sub-HUP187,RB,RB07,6,29.61162903273012,4.704445476213883,"right inferior temporal gyrus, posterior",in,6.098269830548355,False,6.368263565728671,False,9.484509329168052,False,4.766152240160086,False
sub-HUP187,RB,RB08,7,34.05890938168276,5.7820584276525135,"right inferior temporal gyrus, posterior",in,7.690512346486065,False,8.015467950431127,False,10.751639459077792,True,5.957583232089912,False
sub-HUP187,RB,RB09,8,39.314092637363366,4.641378383702055,"right inferior temporal gyrus, posterior",in,6.907192826512044,True,7.3231778201114475,True,11.975195105385158,False,4.739791110870997,True
sub-HUP187,RB,RB10,9,47.10895234718175,2.489234896413142,"right inferior temporal gyrus, posterior",in,3.621713517807647,False,4.092533273013079,False,15.74120445841962,False,3.220359435807826,True
sub-HUP187,RB,RB11,10,55.05293772683234,1.3496274126284251,"right middle temporal gyrus, posterior",near,1.358699738892112,True,1.5913621634052526,True,20.081795327193007,False,5.214090505122628,False
sub-HUP187,RB,RB12,11,60.388152224592616,0.0,,outside the brain,0.32430504354330886,True,1.0793685487841036,True,21.888152224592616,False,5.3881522245926226,False
sub-HUP187,RC,RC01,0,0.0,0.0,"right parahippocampal gyrus, posterior",in,0.0,True,0.0,True,0.0,True,0.0,True
sub-HUP187,RC,RC02,1,6.090833992460589,0.193594052964821,"right temporal fusiform cortex, posterior",in,0.8727449293132461,True,0.5359839869171518,True,2.594988001419057,True,1.1048497702628164,True
sub-HUP187,RC,RC03,2,11.72534070875964,0.22819989996926665,"right temporal fusiform cortex, posterior",in,1.270277167461896,True,0.5928833781702997,True,4.728629455053589,True,1.7381649199459894,True
sub-HUP187,RC,RC04,3,15.853261119395915,1.5150424285122497,"right temporal fusiform cortex, posterior",near,1.5166789970260566,False,1.8060932465510051,False,5.493738265329105,False,1.7043615025726548,False
sub-HUP187,RC,RC05,4,19.48889523523444,1.7088980420433022,"right inferior temporal gyrus, posterior",in,2.2958661275585275,False,3.3988476174507394,False,5.677135070293,False,1.8066351356547594,True
sub-HUP187,RC,RC06,5,26.697847010875233,2.7426419800415958,"right inferior temporal gyrus, temporo-occipital",in,2.7678666484334737,True,3.071690208290071,True,9.462772866350559,False,3.1535829544255733,False
sub-HUP187,RC,RC07,6,36.058953744030056,1.0324041656874372,"right inferior temporal gyrus, temporo-occipital",in,4.737505936993447,True,2.7199801505876797,True,15.079554015961428,False,6.1317098275007655,True
sub-HUP187,RC,RC08,7,43.200385044466486,1.093230791933693,"right inferior temporal gyrus, temporo-occipital",in,6.620160964797096,True,4.215093707621413,False,18.718501818210505,False,8.259222543946224,True
sub-HUP187,RC,RC09,8,48.386932140051506,1.4307809831511888,"right middle temporal gyrus, temporo-occipital",near,6.628012943857792,False,3.931701107311254,True,20.415971040035206,False,8.487243615296284,False
sub-HUP187,RC,RC10,9,53.49044824406557,0.7864397601005044,,outside the brain,6.402364025938029,False,3.2884816548051767,False,21.998728483170208,False,8.521036059652344,False
sub-HUP187,RC,RC11,10,57.54451775049962,0.7341680907877807,,outside the brain,5.224137306590917,True,1.8153508785959016,True,22.551787706955057,False,7.575493556603536,False
sub-HUP187,RC,RC12,11,62.6175105003551,8.140289677804162e-15,,outside the brain,5.013214423438653,True,1.14998972697839,True,24.117510500355102,False,7.617510500355106,True
sub-HUP187,RD,RD01,0,0.0,0.0,right frontal orbital cortex,in,0.0,True,0.0,True,0.0,True,0.0,True
sub-HUP187,RD,RD02,1,4.367613463978872,1.9096865250926296,right frontal orbital cortex,in,2.900245448050123,True,2.5302914012155164,True,1.957059617651433,True,2.1899993919839744,True
sub-HUP187,RD,RD03,2,11.415989173468784,1.2793424811825014,right frontal orbital cortex,in,1.551344374550206,True,1.2903474290307804,True,4.52854562477766,True,1.8556026487624497,True
sub-HUP187,RD,RD04,3,17.463046190041318,0.9025697401587839,right frontal orbital cortex,in,1.269405923134946,True,1.1275582299240026,True,6.998153569746804,True,2.601307010799703,True
sub-HUP187,RD,RD05,4,24.265445391528665,1.2214858788609044,right insular cortex,in,1.2391379878744857,True,2.244365281087528,True,10.307315056326184,False,4.4073302018326865,True
sub-HUP187,RD,RD06,5,31.069954103401198,1.6286400614734988,right insular cortex,in,1.6960396028499214,True,3.490681892770777,True,13.624928328143133,False,6.2434030957026,True
sub-HUP187,RD,RD07,6,37.16925028610436,3.1596082688259433,right frontal operculum,in,3.1812072233430886,False,4.720381443427231,False,16.34304678025773,False,7.711700573282126,False
sub-HUP187,RD,RD08,7,41.84436654537584,4.694104560271155,right frontal operculum,near,4.8438677852886975,True,5.301754577382118,True,17.713532416329947,False,8.082956247494845,True
sub-HUP187,RD,RD09,8,47.30744037341777,4.720245248829503,"right inferior frontal gyrus, pars triangularis",near,5.05710385367583,False,5.280792774421367,False,19.646821517168863,False,8.502051964265208,False
sub-HUP187,RD,RD11,9,60.01558739417011,1.6814094530464854,right frontal pole,in,2.0179028619503634,True,4.442916462291819,True,25.048526337708044,False,10.132511507213685,False
sub-HUP187,RD,RD12,10,64.88041477935961,0.0,right frontal pole,in,2.338091376101309,True,3.4128940059828965,True,26.38041477935962,False,9.880414779359619,False
sub-HUP187,RE,RE01,0,0.0,0.0,right temporal pole,in,0.0,True,0.0,True,0.0,True,0.0,True
sub-HUP187,RE,RE02,1,5.1855971070591504,2.326684982306285,right temporal pole,in,2.4125083639203324,True,2.514533509396657,True,2.5884653409103966,True,2.355245699670762,True
sub-HUP187,RE,RE03,2,10.347415001363998,3.0984228073927844,right temporal pole,in,3.1703596567191497,True,3.361365303141687,True,4.225187868020678,True,3.1010397696195113,True
sub-HUP187,RE,RE04,3,15.64521498159234,3.374409712586586,right temporal pole,in,3.4172274058647942,False,3.687476289609114,False,5.84860467438886,True,3.3857582166672437,False
sub-HUP187,RE,RE05,4,21.97506197095841,3.8426344257513687,"right inferior temporal gyrus, anterior",in,3.8815362927698898,False,3.908650768988801,False,8.548786563716076,False,4.176592446298389,False
sub-HUP187,RE,RE06,5,26.442861039878427,4.51416493178788,"right inferior temporal gyrus, anterior",in,4.524504415353272,False,4.891955910955971,False,9.67266865749085,False,4.635738339298538,False
sub-HUP187,RE,RE07,6,32.58164125675921,4.875170287635652,"right inferior temporal gyrus, posterior",near,4.909829910460115,True,5.048859490045311,True,12.228653735607413,False,5.354699950262509,True
sub-HUP187,RE,RE08,7,37.55186205027434,3.746144376621204,"right inferior temporal gyrus, posterior",in,3.7742783073061084,True,4.135232341040846,True,13.39887873713346,False,4.429970715729872,False
sub-HUP187,RE,RE09,8,42.69938625946637,3.136531426000646,"right inferior temporal gyrus, posterior",in,3.162877821015415,True,3.7855801770003907,True,14.917500145892793,False,4.06387122303348,True
sub-HUP187,RE,RE10,9,47.27116927821632,3.3376765793919447,"right inferior temporal gyrus, posterior",in,3.3507348113712134,True,4.581457160629772,True,16.005075851580354,False,3.971940787917498,True
sub-HUP187,RE,RE11,10,51.979240715856356,1.5937263933320844,"right inferior temporal gyrus, posterior",in,1.7682531027318031,True,4.2360027627805765,True,17.029541721025595,False,2.522145234593976,True
sub-HUP187,RE,RE12,11,56.43977691568294,0.0,"right inferior temporal gyrus, posterior",in,1.5531052601381807,True,5.027743857693783,True,17.939776915682938,False,1.439776915682942,True
sub-HUP187,RF,RF01,0,0.0,0.0,right paracingulate gyrus,near,0.0,True,0.0,True,0.0,True,0.0,True
sub-HUP187,RF,RF02,1,5.0355031087659965,0.7610575484345582,right cerebral white matter,white matter,0.7711282075285628,True,0.975536931347497,True,1.6621320300954652,False,0.7613854082729418,True
sub-HUP187,RF,RF03,2,10.064834129572494,0.6304972523654638,right cerebral white matter,white matter,0.6501601075118335,True,1.2947356821015528,True,3.1096553271396465,True,0.632105819425142,True
sub-HUP187,RF,RF04,3,14.443291975154986,0.2772887225589046,right frontal pole,near,0.9083571920367635,True,2.339728618957184,True,3.9503738591532014,False,0.6243267267430879,True
sub-HUP187,RF,RF05,4,19.155112695774292,0.9128604018184306,right frontal pole,near,1.5674151902502218,True,3.3454311007256554,True,5.213883568114059,True,1.2587290333085677,True
sub-HUP187,RF,RF06,5,24.40292498531744,2.0317286039897287,right frontal pole,near,2.355172411665556,True,4.152563326922305,False,7.114475770226722,True,2.143075604770598,True
sub-HUP187,RF,RF07,6,29.82917467995676,1.799006720117733,right frontal pole,in,1.983925650036714,True,4.161778873681996,True,8.957392078220861,False,1.8130377888906037,True
sub-HUP187,RF,RF08,7,36.57331476008241,2.037452302337075,right frontal pole,in,2.1901226987992755,True,3.302564053414684,True,12.188024222013748,False,2.5398899510398287,True
sub-HUP187,RF,RF09,8,41.01944214443789,2.646003160543064,right frontal pole,in,2.64867774068034,True,4.605596368127282,False,13.201893324660341,True,2.8060132377869373,True
sub-HUP187,RF,RF10,9,46.46115510937734,1.127526917294948,right frontal pole,near,1.2461284651621678,False,4.006082994348464,False,14.989937421397563,False,1.8347999766922172,False
sub-HUP187,RF,RF11,10,51.78791287730875,0.6706382431983313,,outside the brain,1.0171942931608917,True,4.150532726427498,True,16.79696375544839,False,1.9054865691061023,True
sub-HUP187,RF,RF12,11,56.61795921849835,0.0,,outside the brain,0.4973186244360905,True,4.849561554878368,True,18.117959218498353,False,1.6179592184983504,True
sub-HUP187,RG,RG01,0,0.0,0.0,right insular cortex,near,0.0,True,0.0,True,0.0,True,0.0,True
sub-HUP187,RG,RG02,1,5.310256825973509,1.0387152177627328,right insular cortex,in,1.1163782477997382,True,1.1061382642881705,True,1.9987720114919678,True,1.059272854761474,True
sub-HUP187,RG,RG03,2,10.253296069339212,1.870279256145652,right insular cortex,in,2.1967553166011577,True,2.167065592579944,True,3.6044707435352983,True,1.872044434509198,True
sub-HUP187,RG,RG04,3,16.501127256696453,3.0416270371097585,right insular cortex,in,3.1065898571227346,False,3.090155086479458,False,6.476983406192735,True,3.276573519828473,False
sub-HUP187,RG,RG05,4,21.97071866921545,4.910256561749487,right temporal pole,in,5.0217181000094095,True,4.998827658336963,True,8.893408676732474,True,5.110070482996826,True
sub-HUP187,RG,RG06,5,26.53065854936175,5.6616240204034165,right temporal pole,in,6.0612416189492855,True,6.011274350935764,True,10.146054102679916,True,5.735809936039849,True
sub-HUP187,RG,RG07,6,32.455979622306195,5.098310547053174,right temporal pole,near,5.357947534861135,True,5.307304852934183,True,12.172207096482818,False,5.496159909635618,True
sub-HUP187,RG,RG08,7,37.036278367772134,4.55064995120728,,outside the brain,5.222217632936745,True,5.126231290358898,True,13.073227209871037,False,4.87757186084291,True
sub-HUP187,RG,RG09,8,43.25945857918361,3.930461999392882,,outside the brain,4.345684330921798,True,4.252416820297837,True,15.58431816289582,False,4.993816981761944,True
sub-HUP187,RG,RG10,9,48.71400855203084,2.5148287887714704,,outside the brain,3.1531071556490415,True,3.003723285358647,True,17.33246520414428,False,4.431697722200819,True
sub-HUP187,RG,RG11,10,54.60386790510033,0.22187237588769673,,outside the brain,1.58010738650252,True,1.2952911016134294,True,19.604672675918902,True,4.6087608608306985,True
sub-HUP187,RG,RG12,11,58.735731155567954,0.0,,outside the brain,3.0489255757283686,True,2.7317896178087646,True,20.235731155567958,True,3.735731155567954,True
sub-HUP187,RH,RH01,0,0.0,0.0,"right temporal fusiform cortex, posterior",in,0.0,True,0.0,True,0.0,True,0.0,True
sub-HUP187,RH,RH02,1,5.533659900284307,1.573090124895361,right temporo-occipital fusiform cortex,in,1.784737576418179,False,1.59827305803255,False,2.3945594632388048,False,1.6024523417839325,False
sub-HUP187,RH,RH03,2,8.88877267487638,3.514725109145144,right temporo-occipital fusiform cortex,in,5.4249187735175255,True,4.628462460820853,True,3.702574396292029,False,3.9652009965968054,True
sub-HUP187,RH,RH04,3,13.569423535481905,5.6909987370472,right temporo-occipital fusiform cortex,in,8.362094323189556,False,7.221502158516923,False,5.974434660167413,True,6.291160803974165,False
sub-HUP187,RH,RH05,4,19.932529668148106,6.285900146371125,right temporo-occipital fusiform cortex,in,8.470706298566547,False,7.163896263314059,False,7.979593748850501,False,6.378781198542181,False
sub-HUP187,RH,RH06,5,26.357262252028065,4.7034236118763335,"right inferior temporal gyrus, temporo-occipital",in,6.725742409044739,False,5.113171856793676,False,9.657020098029598,False,4.795303527871611,False
sub-HUP187,RH,RH07,6,33.65290417022349,3.2969104237792006,"right middle temporal gyrus, temporo-occipital",in,4.735416901165465,True,3.297114903346872,True,12.918791320614714,False,4.8017528731727905,False
sub-HUP187,RH,RH08,7,40.01098509834767,4.871821632044353,"right middle temporal gyrus, temporo-occipital",in,5.898503545066565,True,4.908334635983239,True,15.97430466573038,False,6.7786145857516535,True
sub-HUP187,RH,RH09,8,45.921654648039485,3.806830018574721,"right middle temporal gyrus, temporo-occipital",in,5.119705098254337,True,3.9516363774273313,True,18.166925388670197,False,6.907311694694874,True
sub-HUP187,RH,RH10,9,52.024098764413644,1.6166355554391767,"right middle temporal gyrus, temporo-occipital",near,3.7073924260436213,True,2.3512998462056522,False,20.56262296460663,True,7.183255082852511,False
sub-HUP187,RH,RH11,10,57.50636995068007,1.3683783295278948,,outside the brain,4.221537083284218,True,2.1133487927904833,False,22.531677285035208,False,7.614057094388717,False
sub-HUP187,RH,RH12,11,63.232750299995736,1.0658141036401503e-14,,outside the brain,4.399315961457393,True,1.7652295266190128,True,24.732750299995736,False,8.23275029999573,False
sub-HUP188,LA,LA01,0,0.0,0.0,left amygdala,in,0.0,True,0.0,True,0.0,True,0.0,True
sub-HUP188,LA,LA02,1,6.371767259293862,0.898162544171666,left amygdala,in,1.0689145778552165,True,1.1512474990989097,True,2.948285447052259,True,1.5868034693853534,True
sub-HUP188,LA,LA03,2,12.687261726427426,2.082935185343818,left amygdala,in,2.3361978854859604,True,2.4763015398864594,True,5.895342479138645,True,3.265639274951828,True
sub-HUP188,LA,LA04,3,18.279137051601815,1.480845496168406,left planum polare,near,1.8057014564282392,True,2.076166523151467,True,7.8598159152039155,False,3.5433339456990143,False
sub-HUP188,LA,LA05,4,23.112959242637327,2.0223656781421666,left planum polare,near,2.0253515937111435,True,2.1312437909953585,True,9.248143692438184,False,3.6381895557386206,True
sub-HUP188,LA,LA06,5,28.60337853054409,2.4014732835237855,"left middle temporal gyrus, anterior",near,2.405584416955916,True,2.466495608878409,True,11.261422724415088,False,4.246622652935146,False
sub-HUP188,LA,LA07,6,35.24977708510513,3.7207309926172365,"left middle temporal gyrus, anterior",in,3.782592414200419,True,4.021172997018323,True,14.53707995971495,False,6.2749682287488575,True
sub-HUP188,LA,LA08,7,41.137429602053615,2.236838532436548,"left middle temporal gyrus, anterior",in,2.440662512787983,True,2.974639528737023,True,16.726809190231766,False,6.475195684549606,True
sub-HUP188,LA,LA09,8,46.57533005746788,1.2292475083982042,"left middle temporal gyrus, anterior",near,1.4298496940255878,False,2.2257043174910245,False,18.59977022980321,True,6.6732987786992455,False
sub-HUP188,LA,LA10,9,51.477105904487914,1.2270378504790855,,outside the brain,1.2306993519804736,True,1.69604318894458,False,20.00015537825923,False,6.5779377428266255,False
sub-HUP188,LA,LA11,10,56.92523699983981,0.48230742111017905,,outside the brain,0.6034920555663629,True,1.1496881321822672,True,21.92849846157337,False,6.939973500654022,False
sub-HUP188,LA,LA12,11,62.097072517125135,0.0,,outside the brain,0.9174574996883966,True,0.6295517437484134,True,23.59707251712514,False,7.097072517125129,True
sub-HUP188,LB,LB01,0,0.0,0.0,left hippocampus,in,0.0,True,0.0,True,0.0,True,0.0,True
sub-HUP188,LB,LB02,1,5.587956433943338,1.3705224780309337,left hippocampus,in,1.3811090559809274,True,1.3811090559809274,True,2.3567552689708013,True,1.4326390560914435,True
sub-HUP188,LB,LB03,2,10.642047313812393,2.0402224334996992,left hippocampus,in,2.1673154991273584,True,2.1673154991273584,True,4.003511540406133,True,2.088113757621807,True
sub-HUP188,LB,LB04,3,17.031864978329338,2.5248876747633426,left hippocampus,near,2.526148574779392,True,2.526148574779392,True,6.8276835386495796,False,3.1263705821685064,True
sub-HUP188,LB,LB05,4,21.74639722052082,2.7579080281245623,left planum polare,near,2.8663646324097733,True,2.8663646324097733,True,8.057492327362706,False,3.17387662549539,True
sub-HUP188,LB,LB06,5,27.751561383518858,3.9382766479939613,"left middle temporal gyrus, posterior",near,3.9661145763473824,False,3.9661145763473824,False,10.72029854008937,False,4.649124805760701,False
sub-HUP188,LB,LB07,6,33.80374852654691,4.312838857763239,"left middle temporal gyrus, posterior",in,4.312838864715261,False,4.312838864715261,False,13.249101027066468,False,5.571695521832646,False
sub-HUP188,LB,LB08,7,39.087466680482414,5.214501774462107,"left middle temporal gyrus, posterior",in,5.22815647350817,False,5.22815647350817,False,15.162915855525558,False,6.415940170766831,False
sub-HUP188,LB,LB09,8,44.45461974172768,2.737917058436508,"left superior temporal gyrus, posterior",in,2.758144635144233,True,2.758144635144233,True,16.597605713034582,False,5.157041024640419,False
sub-HUP188,LB,LB10,9,49.281929016773994,1.3921040829752642,"left superior temporal gyrus, posterior",in,1.7313302218566538,True,1.7313302218566538,True,17.816732223757523,False,4.483842237694742,True
sub-HUP188,LB,LB11,10,56.08801526331647,0.9240188783464552,"left superior temporal gyrus, posterior",near,0.9455935781378071,True,0.9455935781378071,True,21.100644973862394,False,6.1502127093967776,False
sub-HUP188,LB,LB12,11,61.44282469094213,0.0,,outside the brain,0.024696082434594327,True,0.024696082434594327,True,22.94282469094212,False,6.442824690942134,False
sub-HUP188,LC,LC01,0,0.0,0.0,"left inferior temporal gyrus, posterior",in,0.0,True,0.0,True,0.0,True,0.0,True
sub-HUP188,LC,LC02,1,5.534095657244707,0.8539140369937581,"left inferior temporal gyrus, posterior",in,0.8764339193974049,True,0.8623237007433997,True,2.145106323505816,True,0.9736651786524543,False
sub-HUP188,LC,LC03,2,11.497595484334887,1.0626148733716647,"left inferior temporal gyrus, posterior",near,1.069140586082354,True,1.0969923445773515,True,4.57354261856203,True,1.7963779062260037,True
sub-HUP188,LC,LC04,3,18.361968959635472,0.7861143461057306,"left inferior temporal gyrus, posterior",near,1.561746644195678,True,1.7658914677209225,True,7.884421197001091,True,3.436261753986062,True
sub-HUP188,LC,LC05,4,23.46483431816176,5.18133464142577,"left inferior temporal gyrus, posterior",in,5.186206927537699,False,5.208759871661015,False,10.285947279985141,False,5.930692151005554,False
sub-HUP188,LC,LC06,5,28.45235473713153,4.267528746009616,"left inferior temporal gyrus, posterior",in,4.272009350206423,False,4.271787983010363,False,11.455095054034345,False,5.292616915597856,False
sub-HUP188,LC,LC07,6,33.23691913439004,2.3009734860638873,"left middle temporal gyrus, posterior",in,2.447504478979117,True,2.330621310051694,True,12.373011160452592,False,3.906691532831727,True
sub-HUP188,LC,LC08,7,38.50366570613343,3.905886842605339,"left middle temporal gyrus, temporo-occipital",in,4.13309828950597,True,3.989123803605596,True,14.346956639577433,False,5.116567344702377,False
sub-HUP188,LC,LC09,8,43.039406817120444,2.6654227874039425,"left middle temporal gyrus, temporo-occipital",in,3.5633633687428463,True,3.186846926121522,True,15.192436736070148,False,3.9808420194396628,True
sub-HUP188,LC,LC10,9,48.70591338928742,1.2357879300714412,"left middle temporal gyrus, temporo-occipital",in,2.608108225862744,True,2.022763495000555,True,17.234595896227813,False,3.891657006770543,True
sub-HUP188,LC,LC11,10,54.41558013281283,0.7670744504193385,"left middle temporal gyrus, temporo-occipital",near,2.369620149918278,True,1.6575624435661647,True,19.42532446445821,False,4.476386009192591,False
sub-HUP188,LC,LC12,11,59.53163916479054,0.0,,outside the brain,2.7857839496886534,True,1.9358816085861812,True,21.031639164790537,False,4.53163916479054,False
sub-HUP188,LD,LD01,0,0.0,0.0,"left cingulate gyrus, posterior",in,0.0,True,0.0,True,0.0,True,0.0,True
sub-HUP188,LD,LD02,1,5.366254256543253,3.2466988121298668,"left cingulate gyrus, posterior",in,3.4837583225972684,True,3.503006622074904,True,3.3373729362950963,True,3.3271722640263537,True
sub-HUP188,LD,LD03,2,10.697933184838798,3.4735293287422175,"left cingulate gyrus, posterior",near,3.6019646849736624,True,3.6309657024250575,True,4.667902741797117,False,3.4755438790609197,False
sub-HUP188,LD,LD04,3,15.598462748729744,1.7544147630113023,"left cingulate gyrus, posterior",near,2.0749555978281915,True,2.162553137953997,True,5.298380157683755,False,1.8241319886001524,True
sub-HUP188,LD,LD05,4,19.915665245835225,0.10639923428519729,left cerebral white matter,white matter,2.2303561041122046,True,2.4387668243873093,True,5.916337843023601,False,0.1359454593495822,True
sub-HUP188,LD,LD06,5,25.308164374615313,1.5440508482175777,left cerebral white matter,white matter,2.8689215462459505,True,3.091902985737271,True,7.913122773898251,False,1.56595786798954,True
sub-HUP188,LD,LD07,6,31.240941235938376,3.345537693131476,left cerebral white matter,white matter,3.978719647132876,True,4.156439241662277,True,10.602933331937715,True,3.509837694519583,True
sub-HUP188,LD,LD08,7,35.767214342827344,4.2385906250714385,"left supramarginal gyrus, anterior",near,5.33231391062262,True,5.56141735389612,True,11.802534846400938,False,4.2697845791732645,False
sub-HUP188,LD,LD09,8,40.63340669372634,5.600155441314628,"left supramarginal gyrus, anterior",in,6.905751265912191,False,7.157901671700942,False,13.46542163500092,False,5.605540364805068,False
sub-HUP188,LD,LD10,9,45.019022311819555,4.176051769122668,"left supramarginal gyrus, anterior",in,6.51246658023369,False,6.879254681483972,False,13.963980639013563,False,4.17972048161689,False
sub-HUP188,LD,LD11,10,51.011393873434976,2.0250616936840813,"left supramarginal gyrus, anterior",in,4.83166592168683,False,5.309716435739408,False,16.099054024565568,False,2.2459007142108063,False
sub-HUP188,LD,LD12,11,57.61717287772573,7.993605777301127e-15,left postcentral gyrus,in,3.276621055568588,True,3.85034789565099,True,19.11717287772573,False,2.617172877725733,True
sub-HUP188,LE,LE01,0,0.0,0.0,left supplementary motor cortex,in,0.0,True,0.0,True,0.0,True,0.0,True
sub-HUP188,LE,LE02,1,6.715499548957923,5.0276630135996525,"left cingulate gyrus, anterior",near,5.314393428039414,False,5.154389632611519,False,5.117005920517094,False,5.057437145007452,False
sub-HUP188,LE,LE03,2,13.970060196913801,10.307164350645232,left caudate,near,10.71228208313836,False,10.453986817021057,False,10.589737887945104,False,10.322913069184734,False
sub-HUP188,LE,LE04,3,16.827358053395233,10.605510494275158,left caudate,near,11.927369130930597,False,11.232169398511296,False,10.911182291943996,False,10.780664258018524,False
sub-HUP188,LE,LE05,4,19.32314181437026,8.158225908863558,left cerebral white matter,white matter,10.867624974312257,True,9.483522239672379,True,8.883822332659527,True,8.527866620236516,True
sub-HUP188,LE,LE06,5,23.372325691996956,5.814533413213864,left cerebral white matter,white matter,10.079048824853764,False,7.869110533185569,False,7.759046111851654,True,6.2761582983320885,True
sub-HUP188,LE,LE07,6,28.731968953836454,1.9438869654304236,left precentral gyrus,near,8.60074534231663,False,5.2358263972594115,True,7.908750539746612,False,2.357517795926103,True
sub-HUP188,LE,LE08,7,33.76188050340706,1.6076210387224523,left precentral gyrus,in,9.629936139194692,True,5.626660194159515,False,9.362635871836597,False,2.05272568994083,False
sub-HUP188,LE,LE09,8,37.88132957965203,2.605869374661603,left precentral gyrus,in,11.889918351441281,True,7.386954309373612,True,10.132416684116302,False,3.41578868614818,False
sub-HUP188,LE,LE10,9,43.91560719069069,2.631604720427914,left precentral gyrus,in,12.021384608170274,True,6.970748516110772,True,12.614246441580114,False,2.877262292726838,True
sub-HUP188,LE,LE11,10,50.146485401111164,1.793181748218193,left precentral gyrus,in,11.763609393561017,False,6.0375871375275025,True,15.220414362881266,False,1.79682813895008,True
sub-HUP188,LE,LE12,11,56.55437034012133,7.95651227888113e-15,left precentral gyrus,in,11.36023316756676,False,4.9131504332553995,False,18.054370340121324,False,1.5543703401213205,True
sub-HUP188,LF,LF01,0,0.0,0.0,left putamen,in,0.0,True,0.0,True,0.0,True,0.0,True
sub-HUP188,LF,LF02,1,6.29849202267923,0.7742480799465353,left insular cortex,in,0.7831571416983196,True,1.019176136471558,True,2.8576106657948985,True,1.4709754729132276,True
sub-HUP188,LF,LF03,2,13.234185448464986,2.407332594881372,left central operculum,in,2.520724841930908,False,3.0284626203864513,False,6.477356976372169,False,3.856914765169639,False
sub-HUP188,LF,LF04,3,19.351351919746207,2.6999844865020077,"left inferior frontal gyrus, pars opercularis",near,2.8057988250264656,False,3.6112712566229437,False,9.073112093547122,False,4.961122673276896,False
sub-HUP188,LF,LF05,4,24.862118784637964,2.9169677867378594,"left inferior frontal gyrus, pars opercularis",in,2.9212808268606425,True,3.7386719945032105,True,11.081223994752188,False,5.523461658292254,True
sub-HUP188,LF,LF06,5,30.236986391927328,2.9135862433276256,"left inferior frontal gyrus, pars opercularis",in,2.9685062822755404,True,3.62484324781917,True,12.928858287129852,False,5.87035807973377,True
sub-HUP188,LF,LF07,6,36.05417466149099,0.9432903018510239,"left inferior frontal gyrus, pars opercularis",near,1.2087016278180458,True,2.685231160474314,False,15.071381209272639,False,6.115025802868906,False
sub-HUP188,LF,LF08,7,42.128846360338,1.2240078852348215,,outside the brain,1.4729911252319645,True,3.2358021455792403,False,17.653545885502368,False,7.215635170105876,False
sub-HUP188,LF,LF09,8,47.121963618795704,1.381152550592137,,outside the brain,2.3991594688788607,True,2.767364665677143,True,19.151585492032854,False,7.234776161145116,True
sub-HUP188,LF,LF10,9,52.822897512030096,1.5986729747406592,,outside the brain,2.881773692258388,True,2.973426847670733,True,21.35861388040347,False,7.960871849438972,True
sub-HUP188,LF,LF11,10,59.51851509086039,0.8782832756330794,,outside the brain,2.018383579755948,True,3.737140804608467,True,24.527764260809096,False,9.552496162001058,True
sub-HUP188,LF,LF12,11,61.84693020197196,0.0,,outside the brain,5.615311018022819,True,0.37940942859524235,True,23.346930201971965,False,6.846930201971964,True
sub-HUP188,LG,LG01,0,0.0,0.0,left paracingulate gyrus,in,0.0,True,0.0,True,0.0,True,0.0,True
sub-HUP188,LG,LG02,1,5.457761497956381,2.8259345965781137,"left cingulate gyrus, anterior",in,2.825951140759346,False,2.971540686098785,False,3.058249713403825,False,2.8452323879385233,False
sub-HUP188,LG,LG03,2,11.014294803468259,4.615775921696151,left paracingulate gyrus,in,4.665806551335622,True,4.76309403249379,True,5.505286396570689,True,4.615775945130843,True
sub-HUP188,LG,LG04,3,15.64666153664435,6.016375514246351,left paracingulate gyrus,in,6.034333287455698,True,6.4482428390448625,False,7.193730265972772,True,6.042037258938527,True
sub-HUP188,LG,LG05,4,19.575763872697774,7.012462109074977,left paracingulate gyrus,in,7.021768467998753,False,8.110591133961515,False,8.21366868713311,True,7.221119218960168,False
sub-HUP188,LG,LG06,5,23.68732475023775,6.964870225705177,left paracingulate gyrus,in,6.995820098136303,False,8.751839160590492,False,8.656290431216158,False,7.353770450067158,False
sub-HUP188,LG,LG07,6,27.810499846908563,6.291448773699769,left paracingulate gyrus,near,6.350983026004743,False,9.001839256010209,False,8.755824613519968,True,6.932047125205793,False
sub-HUP188,LG,LG08,7,31.798129453533456,5.338919152107392,left paracingulate gyrus,near,5.487859149586955,False,9.42661127064907,False,8.682261204008297,False,6.469196085132547,False
sub-HUP188,LG,LG09,8,36.09892428237195,4.310644146055618,left superior frontal gyrus,near,4.543369541578554,False,9.855699959964019,False,8.947464155676254,True,5.990160326233166,False
sub-HUP188,LG,LG10,9,40.18860596971657,3.493805907770801,left superior frontal gyrus,in,3.9766142824332595,True,10.83397123710951,True,9.223755588956932,False,6.069884939845347,True
sub-HUP188,LG,LG11,10,45.778415239611945,2.471492175266416,left superior frontal gyrus,in,2.6246489408794376,True,10.463973300002403,True,10.993076850463142,True,4.949566804289635,True
sub-HUP188,LG,LG12,11,51.487729913771304,8.140289677804162e-15,left superior frontal gyrus,in,0.2331036131289921,True,9.979790859605417,False,12.9877299137713,True,3.512270086228698,True
sub-HUP188,LH,LH01,0,0.0,0.0,left cerebral white matter,white matter,0.0,True,0.0,True,0.0,True,0.0,True
sub-HUP188,LH,LH02,1,5.083308974086023,2.4731936631734683,"left cingulate gyrus, anterior",near,2.8243704568405414,False,2.7261645739991294,False,2.6461954954846463,False,2.5355589866976347,False
sub-HUP188,LH,LH03,2,10.790958974023873,5.118177918551208,"left cingulate gyrus, anterior",near,5.5361106804564,False,5.385591580791831,False,5.696094741660783,False,5.142547538811553,False
sub-HUP188,LH,LH04,3,18.038528135308944,5.404425103153837,left paracingulate gyrus,in,5.408321757985913,False,5.422799537147911,False,8.61571702469439,False,5.838790317854382,False
sub-HUP188,LH,LH05,4,23.319293183791984,4.775630027163284,left paracingulate gyrus,near,4.7919519922248925,False,4.799018751260747,False,10.034346275139427,True,5.548651675588832,True
sub-HUP188,LH,LH06,5,29.23870920326096,3.8788761720853,left frontal pole,in,3.879137180891799,True,4.016006617367037,True,12.117855942260753,False,5.557722796193099,False
sub-HUP188,LH,LH07,6,34.343460747780185,2.6141045762820303,left frontal pole,in,2.679090948310575,True,2.7104107996635225,True,13.49935264325766,False,4.984337317571065,True
sub-HUP188,LH,LH08,7,39.84657203897748,2.308106860569535,left frontal pole,near,2.461627777381925,True,2.40171120316387,False,15.453012522614092,True,5.307784720421961,False
sub-HUP188,LH,LH09,8,44.507994565653625,2.43222949411646,left frontal pole,near,3.1482621157821074,False,2.4463176593683635,True,16.620417027083707,False,5.063847785640928,True
sub-HUP188,LH,LH10,9,49.332413106922054,1.9824294541959016,,outside the brain,3.5566598981899165,True,2.2199354556699524,True,17.902664410082682,False,4.728228012153143,False
sub-HUP188,LH,LH11,10,54.273742781432226,1.9805769777982818,,outside the brain,4.296665920785585,True,2.572694263589468,True,19.339277676605693,False,4.677593154197882,True
sub-HUP188,LH,LH12,11,60.03502448186934,0.0,,outside the brain,3.820581973880439,True,1.432496291507372,True,21.535024481869346,False,5.035024481869346,True
sub-HUP188,LI,LI01,0,0.0,0.0,left caudate,near,0.0,True,0.0,True,0.0,True,0.0,True
sub-HUP188,LI,LI02,1,4.046574149151484,3.511416768251287,left caudate,near,4.912912378519294,False,5.01234568186777,False,3.8140174648890444,True,4.611213121930425,True
sub-HUP188,LI,LI03,2,7.402645181867623,4.506118569018175,left caudate,near,6.74674112491991,False,6.958753763599709,False,4.644875105156416,False,6.110309559134279,False
sub-HUP188,LI,LI04,3,11.280541232277113,5.754900407931149,left cerebral white matter,white matter,8.786486594490146,True,9.109706126390384,True,5.809943365999503,True,7.822153409040105,True
sub-HUP188,LI,LI05,4,16.089060026121462,5.470792793685655,left cerebral white matter,white matter,8.617758756655888,True,9.059741148673613,True,5.586351560269555,True,7.324125301035146,True
sub-HUP188,LI,LI06,5,19.931421747176532,4.780967965810835,left cerebral white matter,white matter,9.222611710541594,False,9.83108648743643,False,5.126244077449115,True,7.401728223137742,False
sub-HUP188,LI,LI07,6,24.405616516678514,1.9642723181582595,left cerebral white matter,white matter,8.584681639269444,False,9.408625602660893,False,3.8631047376288303,True,6.003968086207534,False
sub-HUP188,LI,LI08,7,33.18535826445991,2.80979841519521,left middle frontal gyrus,in,5.7916559514232935,True,6.670191699993642,True,9.015243092333522,False,3.4109502387164765,True
sub-HUP188,LI,LI09,8,38.31907475190853,3.748000658920386,left middle frontal gyrus,in,6.608200567892934,True,7.562423873492533,False,10.806136176983653,False,4.186224368229124,True
sub-HUP188,LI,LI10,9,43.85926312895777,3.6524386053518128,left middle frontal gyrus,in,6.4515907803363435,False,7.529837509945733,False,12.74163048407981,False,3.8745799271451706,False
sub-HUP188,LI,LI11,10,49.417200120646875,2.147169115429364,left middle frontal gyrus,in,5.535192141939312,False,6.854038958783187,False,14.530054948962933,True,2.2375357908274474,False
sub-HUP188,LI,LI12,11,56.36577461915416,7.337557957613285e-15,left middle frontal gyrus,near,3.553752151653252,False,5.101746154222555,False,17.865774619154163,False,1.3657746191541527,True
sub-HUP188,LJ,LJ01,0,0.0,0.0,left cerebral white matter,white matter,0.0,True,0.0,True,0.0,True,0.0,True
sub-HUP188,LJ,LJ02,1,7.399896790876859,5.143803775582403,"left cingulate gyrus, anterior",near,5.143933167090379,False,5.150791318623443,False,5.456208622656893,False,5.153732458723004,False
sub-HUP188,LJ,LJ03,2,11.85915305199452,6.418262304660724,"left cingulate gyrus, anterior",near,6.460808500244624,False,6.530156012860986,False,7.073065584797795,False,6.418322370221685,False
sub-HUP188,LJ,LJ04,3,17.166493899612334,7.275282788808766,left paracingulate gyrus,in,7.29385078204429,False,7.376085268660997,False,8.855396112561495,False,7.29593687989036,False
sub-HUP188,LJ,LJ05,4,23.232830242918,5.77833661317709,left paracingulate gyrus,near,5.878002008853314,False,5.780308123770353,False,10.280393321344539,False,6.297070352005178,False
sub-HUP188,LJ,LJ06,5,30.782840732733632,3.1774366464735766,left superior frontal gyrus,in,4.982012143961863,True,4.155858964309953,True,13.497734936351826,False,6.45466202932414,True
sub-HUP188,LJ,LJ07,6,38.03166549907403,2.877745601267335,left frontal pole,in,6.461435222829975,False,5.253239409407178,False,17.16557477631859,False,8.429089360350975,False
sub-HUP188,LJ,LJ08,7,42.625249421154805,2.8119157131074397,left frontal pole,near,5.770253609473938,False,4.425013022067834,False,18.25032345941572,False,8.040143913833024,False
sub-HUP188,LJ,LJ09,8,46.82141616061971,2.113074265186723,,outside the brain,4.4566177463162555,False,2.9580778104299648,False,18.892254034318842,False,7.09564847650148,False
sub-HUP188,LJ,LJ10,9,50.847373205833954,1.9052049632251618,,outside the brain,3.2277932182736055,True,1.9749096062057503,True,19.405419559646635,False,6.11598604430672,False
sub-HUP188,LJ,LJ11,10,55.83290676054516,0.8551253100229843,,outside the brain,2.420105869100076,True,0.8567789793522282,True,20.84390614287269,False,5.888776260622212,True
sub-HUP188,LJ,LJ12,11,61.1138930656199,7.377764055609925e-15,,outside the brain,2.1952938014250196,True,0.3536277077568153,True,22.61389306561991,False,6.113893065619904,True
sub-HUP188,LK,LK01,0,0.0,0.0,"left cingulate gyrus, anterior",in,0.0,True,0.0,True,0.0,True,0.0,True
sub-HUP188,LK,LK02,1,7.483169823835991,1.5789634617368788,"left cingulate gyrus, anterior",in,1.8508310436049857,True,2.3398158069538977,True,4.1285582638506435,True,2.8019493607891146,True
sub-HUP188,LK,LK03,2,14.090011715007003,1.4270436593202536,"left cingulate gyrus, anterior",in,1.9435515266575103,True,3.179844277765116,True,7.161186775717453,True,4.263477286039135,True
sub-HUP188,LK,LK04,3,21.841745414250905,0.574135508704324,left paracingulate gyrus,in,2.845550823970958,True,5.102731302570889,True,11.348730346713657,False,6.8582721335140056,True
sub-HUP188,LK,LK05,4,28.950726788109268,0.8366471583614791,left superior frontal gyrus,near,3.6398680015572813,False,6.639731654352977,False,14.962045246748966,False,8.977704407335123,False
sub-HUP188,LK,LK06,5,34.54131075864543,2.343685830964325,left superior frontal gyrus,in,3.5877327721014742,False,6.930250618514739,False,17.122861486715106,False,9.747654722740615,False
sub-HUP188,LK,LK07,6,40.7858698678962,2.61062835289322,left superior frontal gyrus,in,3.690053030356637,True,7.634707290020595,False,19.874440363567988,False,11.016041906545164,False
sub-HUP188,LK,LK08,7,45.9154288730358,2.256722739985309,left superior frontal gyrus,near,2.664467252209814,False,7.111792714740752,False,21.478819828938192,False,11.091935208297302,False
sub-HUP188,LK,LK09,8,52.155207979587765,1.3849270754653107,,outside the brain,1.9301137563284316,True,7.561082867678844,False,24.17651675268909,False,12.215578255118071,False
sub-HUP188,LK,LK10,9,58.189151300752236,1.6874690538871666,,outside the brain,1.9734301677888495,True,8.05188089426511,True,26.718020312932932,False,13.272388670347954,False
sub-HUP188,LK,LK11,10,64.51712085106486,1.7059438476891982,,outside the brain,1.97945821289252,True,8.782280109426354,True,29.54385693697701,False,14.594608487838046,True
sub-HUP188,LK,LK12,11,69.98933496738007,0.0,,outside the brain,0.14971275647702495,True,8.521814194003356,True,31.489334967380078,False,14.989334967380085,True
sub-HUP188,LL,LL01,0,0.0,0.0,left cerebral white matter,white matter,0.0,True,0.0,True,0.0,True,0.0,True
sub-HUP188,LL,LL02,1,5.798409203007339,4.590033577924903,left cerebral white matter,white matter,4.837265648358347,True,5.024946418237187,True,4.590235374413735,True,4.81571771937077,True
sub-HUP188,LL,LL03,2,10.09330897675463,6.155227925632282,left cerebral white matter,white matter,6.516684785621771,True,6.926615050787893,True,6.235810950843599,True,6.472234366296686,True
sub-HUP188,LL,LL04,3,14.817350729316548,4.787310852359131,left cerebral white matter,white matter,4.932143634019548,False,5.516562996814913,False,5.943703838767348,True,4.886051653475933,False
sub-HUP188,LL,LL05,4,20.299082220370625,3.3364417267155098,left superior frontal gyrus,in,3.346236933228025,False,4.068811873983008,False,6.885381809941653,False,3.336521064964292,False
sub-HUP188,LL,LL06,5,26.88761574022195,1.6017017267205924,left middle frontal gyrus,in,2.1884718698868046,True,1.9430035981465044,True,9.476209895062624,True,2.4393763597436724,True
sub-HUP188,LL,LL07,6,32.055613678390635,1.1044348094563978,left middle frontal gyrus,in,1.959249647085011,True,1.8556195716474397,True,11.091705030860975,True,2.3167742359209917,True
sub-HUP188,LL,LL08,7,36.95805434565986,0.8378285321113331,left middle frontal gyrus,in,1.6837997431616005,True,2.3234556742543617,True,12.476718901613218,True,2.121044299681578,True
sub-HUP188,LL,LL09,8,41.53367625961507,1.309225785230428,left middle frontal gyrus,near,1.6207135234417862,True,3.448781910445599,True,13.576311171050229,False,2.000837653737384,True
sub-HUP188,LL,LL10,9,46.387729550683154,1.1324135884582522,,outside the brain,1.3563140768560977,True,4.078082181329314,True,14.916950736230534,False,1.7804427246099928,False
sub-HUP188,LL,LL11,10,50.344365163626144,0.414907899097957,,outside the brain,0.5457196981490783,True,5.552432701066946,True,15.348264528333704,False,0.5381090080041752,True
sub-HUP188,LL,LL12,11,54.79928512620729,0.0,,outside the brain,0.9675721471778522,True,6.668235647169423,True,16.299285126207284,False,0.20071487379271316,True
sub-HUP188,RA,RA01,0,0.0,0.0,right amygdala,in,0.0,True,0.0,True,0.0,True,0.0,True
sub-HUP188,RA,RA02,1,5.670325069931006,0.9583901556220352,right hippocampus,in,0.9648184861275666,False,0.9583904803361064,False,2.298122902026336,False,1.124781218860889,False
sub-HUP188,RA,RA03,2,10.914927727438599,1.2788974805359747,right hippocampus,in,1.396179710480142,True,1.322341747946318,True,4.0471248214071345,True,1.5299510409941333,True
sub-HUP188,RA,RA04,3,16.7199673764347,2.6642131448607964,right hippocampus,near,2.729510931781824,True,2.6766308588074925,True,6.570704538537514,False,3.0605707712416885,False
sub-HUP188,RA,RA05,4,21.617566897308187,2.513002348997368,"right temporal fusiform cortex, posterior",near,2.842659732448212,True,2.662898332973399,True,7.88232727744988,False,2.9118780736228804,True
sub-HUP188,RA,RA06,5,25.943356727579832,2.336940537867691,"right temporal fusiform cortex, posterior",in,3.542087832351936,False,3.1431273105265425,False,8.659195742145606,False,2.4826090574388053,False
sub-HUP188,RA,RA07,6,30.998626765916857,0.3853463817171834,"right inferior temporal gyrus, posterior",near,3.226469512396497,True,2.560667854077821,True,10.003656171081285,False,1.0681615564187044,True
sub-HUP188,RA,RA08,7,38.052602447286,2.602276389894072,"right middle temporal gyrus, posterior",near,3.243459315802001,False,2.845936397978412,False,13.712700809206375,False,3.94389176529444,False
sub-HUP188,RA,RA09,8,44.107823451384434,2.206736714281335,"right middle temporal gyrus, posterior",in,2.694912378629967,True,2.3007764230022576,True,16.203556075887718,False,4.614449761175413,True
sub-HUP188,RA,RA10,9,49.773117124550566,0.5806037897342471,"right middle temporal gyrus, posterior",in,1.6361603732845411,False,0.7806770430536014,True,18.278953970498705,False,4.804938198999222,True
sub-HUP188,RA,RA12,10,60.410744123609746,1.475552811121985e-14,,outside the brain,2.2885351841092483,True,1.0567766497669844,True,21.910744123609742,False,5.4107441236097396,False
sub-HUP188,RB,RB01,0,0.0,0.0,"right parahippocampal gyrus, anterior",in,0.0,True,0.0,True,0.0,True,0.0,True
sub-HUP188,RB,RB02,1,4.998247240417832,1.1769587454345234,"right parahippocampal gyrus, anterior",near,1.3429544848698747,False,1.3851018753027544,False,1.7968248620127358,False,1.1855299850661989,False
sub-HUP188,RB,RB03,2,10.011061562612017,3.2846016818784274,"right parahippocampal gyrus, anterior",in,3.632820944343383,True,3.707243183621991,True,4.1018179734189335,False,3.3292008058434877,True
sub-HUP188,RB,RB04,3,15.502131178735299,4.658350713532736,"right temporal fusiform cortex, posterior",in,4.968420379981173,True,5.060981158845699,True,6.329861091184736,False,4.66327905921501,True
sub-HUP188,RB,RB05,4,21.524031242566497,3.5757549793158403,"right temporal fusiform cortex, posterior",in,3.662608260930566,False,3.749120527511082,False,8.061372100980211,True,3.7797475106845853,True
sub-HUP188,RB,RB06,5,27.697185668907778,2.9361651566666533,"right inferior temporal gyrus, posterior",in,2.93622554991418,True,2.963106672984924,True,10.461599347300123,False,3.88308285295611,True
sub-HUP188,RB,RB07,6,33.08295382000114,2.7756937644114466,"right inferior temporal gyrus, posterior",in,2.776351571080295,True,2.8319043053034014,True,12.28401256531569,True,4.062443787379949,True
sub-HUP188,RB,RB08,7,39.01243015136637,1.7387212783427695,"right inferior temporal gyrus, posterior",in,1.7941377361201507,True,1.74451261038152,True,14.577727083139983,True,4.337414472757621,True
sub-HUP188,RB,RB09,8,44.69864252895397,1.0635920901753393,"right inferior temporal gyrus, posterior",in,1.2466605108864524,True,1.0637387720202858,True,16.71984998258138,True,4.805174333192882,True
sub-HUP188,RB,RB10,9,50.07432521767917,0.6348030974896767,"right inferior temporal gyrus, posterior",near,0.8270903226295659,True,0.6722734500888431,True,18.581148104615764,False,5.109885529036007,False
sub-HUP188,RB,RB12,10,60.22822656368467,0.0,,outside the brain,0.32079604610799783,True,1.239294209692041,True,21.72822656368467,False,5.228226563684671,True
sub-HUP190,LA,LA01,0,0.0,0.0,left amygdala,in,0.0,True,0.0,True,0.0,True,0.0,True
sub-HUP190,LA,LA02,1,5.236400768882469,1.5428662298738567,left amygdala,in,1.5675106519631357,True,1.6496989361512922,True,2.1545960492149163,True,1.5428712711725208,True
sub-HUP190,LA,LA03,2,10.195119929149428,3.068859113076789,left amygdala,in,3.1815709169764865,True,3.3957278805203783,True,4.102275155815212,True,3.081400503272306,True
sub-HUP190,LA,LA04,3,15.901379465364473,6.1412856433651255,"left parahippocampal gyrus, anterior",in,6.252647400078269,False,6.489201476195965,False,7.421878213217529,False,6.150274737345196,False
sub-HUP190,LA,LA05,4,21.457355536791457,5.20693780181674,"left temporal fusiform cortex, anterior",near,5.2159937994238925,False,5.428716084011121,False,8.57729989183908,False,5.270489465594549,False
sub-HUP190,LA,LA06,5,27.836087940582868,1.6624332049004598,"left inferior temporal gyrus, anterior",near,2.1620850004553676,True,1.6694938736496614,True,10.419872347659389,False,3.244644420482541,False
sub-HUP190,LA,LA07,6,33.58262852721789,1.339466743669612,"left middle temporal gyrus, anterior",in,2.301093767223724,True,1.3397628556511776,True,12.627150282108722,False,3.799820034803431,False
sub-HUP190,LA,LA08,7,38.770969481029304,1.2544410382367803,"left middle temporal gyrus, anterior",in,2.1817208686689735,True,1.3064705678593587,True,14.305776022220272,False,3.954889423821918,True
sub-HUP190,LA,LA09,8,43.897240044806495,1.5581142899047136,"left middle temporal gyrus, anterior",in,2.2499400478438623,True,1.7673134963764705,False,15.945885313123211,False,4.171493969083437,True
sub-HUP190,LA,LA10,9,48.4176253383216,0.7361327379415386,"left middle temporal gyrus, anterior",near,1.1509522520606834,True,2.0185906633223185,False,16.928042306738412,False,3.4905348174130784,True
sub-HUP190,LA,LA11,10,54.02167415443074,0.8034912343539415,,outside the brain,1.4504991149018625,True,2.0296783426454863,True,19.032666290943492,False,4.095293920756547,True
sub-HUP190,LA,LA12,11,58.674584028165214,1.7763568394002505e-15,,outside the brain,0.5856992937200249,True,2.7929367452115117,True,20.174584028165214,False,3.674584028165207,True
sub-HUP190,LB,LB01,0,0.0,0.0,left hippocampus,in,0.0,True,0.0,True,0.0,True,0.0,True
sub-HUP190,LB,LB02,1,4.910696935977006,1.0473914811231626,left hippocampus,in,1.2417495425670568,True,1.31207307784436,True,1.6676485096992895,True,1.0667495574327448,True
sub-HUP190,LB,LB03,2,10.787752114294314,2.355695092051559,left hippocampus,near,2.3897541942788485,False,2.443329560289806,False,4.241685855516175,False,2.414012721308518,False
sub-HUP190,LB,LB04,3,17.621876984913843,3.9108875089578943,"left parahippocampal gyrus, anterior",in,3.989537185074973,False,3.933220637618415,False,7.742722960181828,False,4.478614947997071,False
sub-HUP190,LB,LB05,4,23.493512331561025,3.10649990007626,"left temporal fusiform cortex, posterior",in,3.4191433760540177,True,3.244273520371484,True,9.793000696831074,False,4.522850893940194,True
sub-HUP190,LB,LB06,5,29.098781685796403,2.1235298573674006,"left inferior temporal gyrus, posterior",near,2.7186865677067407,True,2.383029830708829,True,11.715259123780797,False,4.547458891361686,True
sub-HUP190,LB,LB07,6,34.53628486007883,3.0491741544550095,"left inferior temporal gyrus, posterior",in,3.4495803042821986,False,3.171872854308781,False,13.74392401656812,False,5.354431514742146,False
sub-HUP190,LB,LB08,7,39.79919435344271,2.6229501201108945,"left inferior temporal gyrus, posterior",in,3.0017400204406206,True,2.6900267866959133,False,15.437134987072147,False,5.393431885723232,False
sub-HUP190,LB,LB09,8,44.25154290473566,1.6243185069002544,"left middle temporal gyrus, posterior",in,1.700709270632299,True,1.6943043579569232,True,16.302841901085756,False,4.523421463718279,True
sub-HUP190,LB,LB10,9,48.50797279963744,1.1832209283041992,"left middle temporal gyrus, posterior",near,1.3691649738997507,True,2.1524544752780246,True,17.034682578931267,False,3.688472975914228,False
sub-HUP190,LB,LB11,10,53.81777973456759,0.9018690219849079,,outside the brain,1.230385482942296,True,2.2573310106831794,True,18.831830475167603,False,3.9155029558194347,False
sub-HUP190,LB,LB12,11,59.2000058113783,1.443119118362539e-14,,outside the brain,0.9118809403783356,True,2.2675149619984256,True,20.700005811378297,False,4.200005811378295,True
sub-HUP190,LC,LC01,0,0.0,0.0,left hippocampus,in,0.0,True,0.0,True,0.0,True,0.0,True
sub-HUP190,LC,LC02,1,5.052371812986225,0.5916453502559416,left hippocampus,in,0.7231870828091636,True,0.8217898298915816,True,1.6288604390885657,True,0.5919073878216413,True
sub-HUP190,LC,LC03,2,9.59052859896401,1.827105641768426,"left parahippocampal gyrus, posterior",in,2.333862426739391,False,2.537628730790596,False,3.0281924908886526,False,1.9185106275480848,False
sub-HUP190,LC,LC04,3,14.9263966062665,2.0965340220929916,"left temporal fusiform cortex, posterior",in,2.5907665127551316,True,2.887462888275165,True,4.764491557825824,False,2.108210178707567,True
sub-HUP190,LC,LC05,4,21.604715881552607,1.367870538314144,"left inferior temporal gyrus, posterior",near,1.3787155678820888,True,1.5798385986634458,True,7.684099613531523,False,2.075800146550016,True
sub-HUP190,LC,LC06,5,26.643243628924864,2.3840698629533277,"left inferior temporal gyrus, posterior",near,2.4661824319958234,True,2.7664725210807846,True,9.345569691395701,False,2.8362307823841344,True
sub-HUP190,LC,LC07,6,32.972542509550294,1.2983958414368655,"left inferior temporal gyrus, posterior",in,1.3437145817042309,False,1.4223662581489207,True,12.01731609328951,True,3.220319022085659,False
sub-HUP190,LC,LC08,7,41.61278582886459,2.066374767932927,"left inferior temporal gyrus, posterior",in,4.0877603520827535,False,3.2018146318163088,False,17.18612653678548,False,6.879136366757928,False
sub-HUP190,LC,LC09,8,47.57468133009374,1.7786342619952733,"left middle temporal gyrus, posterior",near,4.4448821773843985,False,3.349101208605908,False,19.62219907076597,False,7.748327494625454,False
sub-HUP190,LC,LC10,9,52.25749601403873,0.4315844441356351,,outside the brain,3.381958043427757,False,2.0109642187019827,False,20.760200393818263,False,7.268538219546916,False
sub-HUP190,LC,LC11,10,57.68222816401347,0.7725264081030689,,outside the brain,3.4302797318995735,True,1.9564684921224862,True,22.690209581851267,False,7.715825766264155,False
sub-HUP190,LC,LC12,11,62.30775178849484,7.105481567502833e-15,,outside the brain,2.539365633859987,True,0.840231015118129,True,23.80775178849484,False,7.307751788494837,True
sub-HUP190,LD,LD01,0,0.0,0.0,"left temporal fusiform cortex, posterior",in,0.0,True,0.0,True,0.0,True,0.0,True
sub-HUP190,LD,LD02,1,5.075518805659888,1.7933916442193611,left temporo-occipital fusiform cortex,in,1.9934050264192045,False,1.9802979277357466,False,2.1849612245331773,False,1.8109934955832443,False
sub-HUP190,LD,LD03,2,10.46231875481077,4.801308759712385,left temporo-occipital fusiform cortex,in,5.178904481815071,True,5.156381484722496,True,5.321859565005242,True,4.8527098631969485,True
sub-HUP190,LD,LD04,3,16.67851406421366,8.510152367483078,left temporo-occipital fusiform cortex,in,8.872938673310712,False,8.847513444277064,False,9.338039209377088,True,8.53539913359249,False
sub-HUP190,LD,LD05,4,23.948038269436754,7.910538689038764,"left inferior temporal gyrus, temporo-occipital",in,7.911609333942874,True,7.914550836471099,True,11.687687972477011,False,8.328049767902407,True
sub-HUP190,LD,LD06,5,30.353588684122606,8.35943084506342,"left lateral occipital cortex, inferior",in,8.429901559707112,False,8.45089986132207,False,14.363064628837678,False,9.346162064161444,False
sub-HUP190,LD,LD07,6,36.443695593983016,7.285222792332565,"left lateral occipital cortex, inferior",in,7.5541367781374955,False,7.604502043981046,False,16.413491594399844,False,9.255100659741656,False
sub-HUP190,LD,LD08,7,40.17315889148925,5.930219670302715,"left lateral occipital cortex, inferior",in,5.943976137513789,False,5.962267300613879,False,16.346659900856384,False,7.587440874612035,False
sub-HUP190,LD,LD09,8,44.514027076156715,2.9636356204801215,"left lateral occipital cortex, inferior",in,3.011013162922282,True,2.9776340877649994,True,16.680646037866982,False,5.317675415813562,False
sub-HUP190,LD,LD10,9,49.14158125078855,1.9138067283379132,"left lateral occipital cortex, inferior",in,2.4079822834911435,False,2.252188821411261,False,17.708022501293453,False,4.528569398505988,True
sub-HUP190,LD,LD11,10,55.74489621745736,0.5352582796064618,,outside the brain,0.6940366054641597,True,0.5525718749259229,True,20.74923145693141,False,5.767218909465135,False
sub-HUP190,LD,LD12,11,60.84757500847638,0.0,,outside the brain,0.9549617245667812,True,0.6199457649003377,True,22.347575008476376,False,5.847575008476382,True
sub-HUP190,LG,LG01,0,0.0,0.0,left insular cortex,in,0.0,True,0.0,True,0.0,True,0.0,True
sub-HUP190,LG,LG02,1,6.121640512067788,1.6680606395846937,left insular cortex,in,1.7403784051016855,True,1.695185644761776,True,2.9145340192771205,True,1.8906400208193948,True
sub-HUP190,LG,LG03,2,11.820195185088037,3.257597477003822,left central operculum,in,3.3080254874632526,True,3.2629333716677964,True,5.444523454512982,False,3.531032099758705,True
sub-HUP190,LG,LG04,3,16.916210959802804,4.248373835470826,left central operculum,in,4.252778027381112,True,4.266220733131087,True,7.24935469546508,True,4.465052476046756,True
sub-HUP190,LG,LG05,4,24.84783145842006,5.4401650350105175,left precentral gyrus,in,6.060460035376677,False,5.760160617134827,False,11.59978999885122,False,6.900384001906179,False
sub-HUP190,LG,LG06,5,29.099354193827764,4.5374570845308355,left precentral gyrus,in,4.872583588749802,False,4.608073598779686,False,12.124475018116323,False,5.882318555950342,False
sub-HUP190,LG,LG07,6,33.51423332561377,1.9697337723239237,left postcentral gyrus,near,2.25372933137375,True,1.9710288334282802,True,12.611076534519805,False,3.978172720952556,False
sub-HUP190,LG,LG08,7,37.56520952005071,1.059580217892426,left postcentral gyrus,near,1.0791081646100718,False,1.890314129313785,False,13.093207255409663,False,2.761621249380195,True
sub-HUP190,LG,LG09,8,42.86095851698811,0.5225583868615418,,outside the brain,0.5978148680177614,True,1.9184199170356808,True,14.866959431543147,False,2.9051563126515,True
sub-HUP190,LG,LG10,9,47.76850590508828,0.39153337563649016,,outside the brain,0.8680740002932141,True,2.554885892230937,True,16.271612571614885,False,2.794466153821984,True
sub-HUP190,LG,LG11,10,53.46005120300728,0.3526430027605533,,outside the brain,0.5926305739851202,True,2.4462278131870794,True,18.462256286841,False,3.4768180881276822,True
sub-HUP190,LG,LG12,11,58.64777170925675,7.32410687763558e-15,,outside the brain,0.6809262233440397,True,2.819749064119966,True,20.147771709256745,True,3.647771709256747,True
sub-HUP190,LH,LH01,0,0.0,0.0,left insular cortex,in,0.0,True,0.0,True,0.0,True,0.0,True
sub-HUP190,LH,LH02,1,7.02119775662197,3.397341071438218,left insular cortex,in,3.5740489575015117,True,3.442630441155953,True,4.305285546553438,True,3.58495233203693,True
sub-HUP190,LH,LH03,2,12.299397342414345,2.552144685986994,left planum polare,in,3.219417730267064,True,2.69180403520576,True,5.641933809395433,False,3.2620906122175546,True
sub-HUP190,LH,LH04,3,19.31367186666724,2.6708209642038234,"left superior temporal gyrus, anterior",in,4.829885246065199,True,3.566920823648225,True,9.032031151543395,False,4.916765840390594,True
sub-HUP190,LH,LH05,4,23.874466043595717,1.9784602512256015,"left superior temporal gyrus, anterior",in,4.155110932713473,True,2.447326989307443,True,9.990214439356937,False,4.277406738449686,True
sub-HUP190,LH,LH06,5,27.823319498971603,2.0201952602933595,"left middle temporal gyrus, anterior",in,3.274277756709076,True,2.029101077544905,True,10.447069354513653,False,3.4121894344210513,True
sub-HUP190,LH,LH07,6,31.66810268021352,1.9128006607230394,"left middle temporal gyrus, anterior",near,2.3719028520739256,True,2.708402966073564,True,10.78132125930801,False,2.5003627985448467,True
sub-HUP190,LH,LH08,7,36.61668383783714,1.8130917164304126,,outside the brain,2.2482462767938944,False,3.1239182157797165,True,12.20716553955573,False,2.399532670595891,False
sub-HUP190,LH,LH09,8,41.880708446815234,1.7566903499344997,,outside the brain,2.3539352499364976,True,3.356251734001128,True,13.954860893270785,False,2.5467123199462014,True
sub-HUP190,LH,LH10,9,46.53492126254216,1.5803709722631094,,outside the brain,1.9821955747013464,True,4.100325661317599,True,15.091056270428368,False,2.184461451752818,True
sub-HUP190,LH,LH11,10,51.183901549000645,1.3700065865401532,,outside the brain,1.5963122258337406,True,4.909045181190883,True,16.22351232939373,False,1.7987372430414843,True
sub-HUP190,LH,LH12,11,56.72606853704603,0.0,,outside the brain,1.345207312524555,True,4.741452236330693,True,18.226068537046036,True,1.7260685370460451,True
sub-HUP190,LI,LI01,0,0.0,0.0,"left cingulate gyrus, anterior",in,0.0,True,0.0,True,0.0,True,0.0,True
sub-HUP190,LI,LI02,1,5.180024103285563,0.5530651881974911,"left cingulate gyrus, anterior",in,0.5538572345423057,True,0.7052121127480231,True,1.740617370777866,True,0.5731540783467168,True
sub-HUP190,LI,LI03,2,11.806236389687282,1.8795595758608323,"left cingulate gyrus, anterior",near,2.2828405927495816,True,1.9398206416498487,True,5.020750898083701,True,2.5047880645605347,True
sub-HUP190,LI,LI04,3,16.881415812634646,2.2548968666751126,left cerebral white matter,white matter,2.549671535161277,True,2.255149093335648,True,6.625649023419701,False,2.842173471588524,True
sub-HUP190,LI,LI05,4,24.38724537381209,2.7115566733265397,left cerebral white matter,white matter,4.4400828170972515,True,3.3019341254926076,True,10.589092013730916,False,5.0295624062002755,True
sub-HUP190,LI,LI06,5,32.25962232585699,3.3014443631602495,"left inferior frontal gyrus, pars triangularis",near,7.01549368298232,False,5.303381962079648,False,14.959101796473094,False,7.821194352998717,False
sub-HUP190,LI,LI07,6,39.44271574077458,4.258664348902993,"left inferior frontal gyrus, pars triangularis",in,9.179624417905018,False,7.102717425266898,False,18.703425263889933,False,10.148875314159698,False
sub-HUP190,LI,LI08,7,45.732465880869725,6.059802971933527,"left inferior frontal gyrus, pars triangularis",in,10.907277872645473,False,8.679226498156412,False,21.69279086864293,False,11.975549197499047,False
sub-HUP190,LI,LI09,8,50.217950169210376,5.23512485246664,"left inferior frontal gyrus, pars triangularis",in,9.986333771230026,False,7.407511855488259,True,22.56014410600971,False,11.238158614085176,False
sub-HUP190,LI,LI10,9,53.60514280480965,2.7684076613008495,"left inferior frontal gyrus, pars triangularis",in,7.447084391695214,False,4.263173671014839,True,22.20684558263403,False,8.971430065470663,True
sub-HUP190,LI,LI11,10,57.71025407151419,0.7622933678108905,"left inferior frontal gyrus, pars triangularis",near,5.953978455492118,False,1.9784102692239682,True,22.718012113463956,False,7.742835110869443,False
sub-HUP190,LI,LI12,11,62.30012685371931,0.0,,outside the brain,5.319861717578121,False,0.8326060803425952,True,23.800126853719313,False,7.300126853719309,False
sub-HUP190,LJ,LJ01,0,0.0,0.0,"left cingulate gyrus, anterior",near,0.0,True,0.0,True,0.0,True,0.0,True
sub-HUP190,LJ,LJ02,1,5.445810355047822,0.7543145903919354,left cerebral white matter,white matter,0.7596793951921057,True,0.7790220224931086,True,2.03804730951056,False,0.8506986279014725,False
sub-HUP190,LJ,LJ03,2,10.47013334988358,0.6312423371507061,left cerebral white matter,white matter,0.8151741350213639,True,0.9611654442506741,True,3.5083429634607723,True,0.7758521950193296,True
sub-HUP190,LJ,LJ04,3,16.994726973758343,0.5332392637780385,left cerebral white matter,white matter,0.7560968302610676,True,0.5777939879273924,True,6.508240969751982,True,2.0566884084376977,True
sub-HUP190,LJ,LJ05,4,24.08646678523628,0.4755288215139485,left cerebral white matter,white matter,2.2000194190722966,True,1.7941133159157105,True,10.092980694127073,True,4.10937858234667,True
sub-HUP190,LJ,LJ06,5,30.987429882239812,1.5222529273865533,left cerebral white matter,white matter,3.8468237348835466,True,3.373242970703541,True,13.535886125445717,True,6.1416575227836185,True
sub-HUP190,LJ,LJ07,6,37.64405146791106,1.2399020881968295,left precentral gyrus,near,4.883027786737329,True,4.279445404067937,True,16.669802265304263,False,7.723796650493479,False
sub-HUP190,LJ,LJ08,7,43.11741580773714,1.1653179305077963,left precentral gyrus,in,4.85938108821417,False,4.152821623975923,False,18.63813107797859,False,8.185044401548234,False
sub-HUP190,LJ,LJ09,8,48.17624183859894,1.3134808898629646,left precentral gyrus,in,4.487350406885633,True,3.695951448109705,True,20.20107979448013,False,8.2633909984774,True
sub-HUP190,LJ,LJ10,9,52.10668924513641,1.5898706674434695,left postcentral gyrus,in,3.160476727808141,True,2.394729154153456,True,20.643741385042347,False,7.258683385705897,False
sub-HUP190,LJ,LJ11,10,57.809723001750974,0.4751787286439214,left postcentral gyrus,in,3.0111008561100845,True,1.9858932763724266,True,22.812719471805806,False,7.822216313401851,True
sub-HUP190,LJ,LJ12,11,62.523123345175414,1.4654943925052066e-14,left postcentral gyrus,in,2.205284095879288,True,1.055602571798686,True,24.023123345175414,False,7.523123345175411,True
sub-HUP190,LK,LK01,0,0.0,0.0,"left cingulate gyrus, posterior",in,0.0,True,0.0,True,0.0,True,0.0,True
sub-HUP190,LK,LK02,1,5.67516169504923,1.3109439165277588,"left cingulate gyrus, posterior",in,1.3198986150150114,False,1.312618483305628,False,2.4095104582352107,True,1.4109280476028305,True
sub-HUP190,LK,LK03,2,11.269336165429879,2.1978024274537833,"left cingulate gyrus, posterior",near,2.2178298349642924,True,2.201239765983269,True,4.610499100562844,True,2.4370124196444936,True
sub-HUP190,LK,LK04,3,16.393529597704575,1.1816345722453458,left cerebral white matter,white matter,1.3606398903410024,True,1.25172419641034,True,5.9690163065340744,False,1.794758983590388,True
sub-HUP190,LK,LK05,4,22.191999117377467,1.4391664162793212,left cerebral white matter,white matter,1.5426040497869935,True,1.4539117107537338,True,8.271448439645349,False,2.5833012771609063,True
sub-HUP190,LK,LK06,5,27.12108438309187,1.9280451189024714,left cerebral white matter,white matter,2.338502951346256,True,2.122425456946277,True,9.74509849588352,True,2.8160203073624497,True
sub-HUP190,LK,LK07,6,32.676664444131134,2.4963042617777087,left cerebral white matter,white matter,2.896866812282926,True,2.6697416603216033,True,11.847156357024135,True,3.5908204373839974,True
sub-HUP190,LK,LK08,7,38.265851376697675,2.6318774582221858,left cerebral white matter,white matter,3.0548418301122364,True,2.7948601337505656,True,13.926192728592113,True,4.124184670736612,True
sub-HUP190,LK,LK09,8,44.354799076647886,6.0758679578856825,left angular gyrus,near,6.249900664319515,False,6.124084709820847,False,17.055615094446786,False,7.2397263080647845,False
sub-HUP190,LK,LK10,9,49.24968027038362,6.950987838867394,left angular gyrus,near,7.327860869000826,False,7.118441284999196,False,18.604020151039272,False,7.90119916393991,False
sub-HUP190,LK,LK11,10,54.133333691270806,4.275705620796498,"left supramarginal gyrus, posterior",in,5.1040460308594815,True,4.685107662303148,True,19.440241478123394,False,5.830663251736676,False
sub-HUP190,LK,LK12,11,59.60491516676732,7.53644380168212e-15,"left supramarginal gyrus, posterior",in,2.8218634787742123,True,1.8626056066093999,True,21.104915166767324,False,4.604915166767318,True
sub-HUP190,LL,LL01,0,0.0,0.0,left frontal pole,in,0.0,True,0.0,True,0.0,True,0.0,True
sub-HUP190,LL,LL02,1,6.453662265010421,0.4893070751083428,left frontal pole,near,0.4924462609542386,True,0.9782895081021674,False,2.975592846341631,False,1.5162104065981874,True
sub-HUP190,LL,LL03,2,12.94081726321593,2.5708268478001046,left frontal medial cortex,near,2.5880771342153883,False,2.9799528711935928,False,6.237334809435768,False,3.715781035570719,False
sub-HUP190,LL,LL04,3,18.000251395347224,2.4998677502927307,left paracingulate gyrus,near,2.9930944169016014,False,2.716076082936007,False,7.740601848008124,False,3.7728734560348953,False
sub-HUP190,LL,LL05,4,25.52515234003109,3.6914589819673496,left frontal pole,near,3.758288316090437,True,4.697426138777622,True,11.846631461205105,True,6.423467730915198,True
sub-HUP190,LL,LL06,5,31.476375000171036,2.8726189896510115,left frontal pole,near,3.0788916658921797,True,4.45506236577295,True,14.139890486704317,True,6.964999028876316,True
sub-HUP190,LL,LL07,6,37.73814490438386,1.6142671035326308,left frontal pole,in,2.0355507858743462,True,4.477019828036315,False,16.781425168118897,False,7.870919026562493,False
sub-HUP190,LL,LL08,7,41.55018861128777,2.8106254618425743,left frontal pole,in,4.871710870288119,True,3.6567813319399023,True,17.18639774765207,False,7.04037493425534,False
sub-HUP190,LL,LL09,8,49.87115223547102,1.1508969603614796,left frontal pole,in,2.365755696233305,True,5.281149374073401,True,21.888149106140787,False,9.924826281645855,True
sub-HUP190,LL,LL10,9,55.830207668828244,2.1694375712665224,left frontal pole,in,3.4072753612812323,True,5.909081740019591,True,24.384737911983212,False,11.004013328441642,True
sub-HUP190,LL,LL11,10,62.69408716888494,1.194790118319124,left frontal pole,in,2.5240113076330966,True,6.907256760680366,True,27.708472978519232,False,12.738855354466136,True
sub-HUP190,LL,LL12,11,69.49035920587988,0.0,left frontal pole,near,1.906253794803195,True,8.022838432503155,False,30.99035920587988,False,14.490359205879876,False
sub-HUP190,RB,RB01,0,0.0,0.0,right hippocampus,in,0.0,True,0.0,True,0.0,True,0.0,True
sub-HUP190,RB,RB02,1,5.210573015227988,1.1300964274804275,right hippocampus,in,1.1803133988432604,True,1.2363373580038128,True,1.9478827176499713,True,1.1334055746244303,True
sub-HUP190,RB,RB03,2,10.529715102059013,2.1620123050867024,right hippocampus,in,2.230618532902536,True,2.330696492398051,True,3.9496522221944246,True,2.1834712328002785,True
sub-HUP190,RB,RB04,3,15.325221390904995,2.1792608453133813,right hippocampus,near,2.4465800319683093,True,2.7002302830581697,True,5.1529850544241045,False,2.185841376757819,True
sub-HUP190,RB,RB05,4,20.76130122721004,2.4495058487373917,"right middle temporal gyrus, posterior",near,2.6820426248276004,True,3.0020246022188695,True,7.055169454723117,False,2.5258456690701054,False
sub-HUP190,RB,RB06,5,27.114141490839497,2.9333248531371123,"right middle temporal gyrus, posterior",near,2.9388930762632324,True,3.094217431834916,True,9.899571054734025,False,3.5251152832513526,True
sub-HUP190,RB,RB07,6,32.75986293959092,3.1480146430832066,"right middle temporal gyrus, posterior",near,3.1483400430925177,False,3.2795482920334234,False,12.02753913446464,False,4.0881556590513775,False
sub-HUP190,RB,RB08,7,38.54825179122053,2.3365322287799506,"right middle temporal gyrus, posterior",in,2.3867883605687306,True,2.422155283114972,True,14.171322284122658,False,4.189452816754822,True
sub-HUP190,RB,RB09,8,43.609884022080145,1.3734047940818161,"right middle temporal gyrus, posterior",in,1.3839999501784832,True,1.7692811843271696,True,15.648637395274,False,3.8421082387860497,True
sub-HUP190,RB,RB11,9,53.817595994674136,0.5290429408219687,,outside the brain,0.6988768202763656,True,2.1312743800304634,True,18.822431993119466,False,3.851503332061648,False
sub-HUP190,RB,RB12,10,58.88400564912156,7.53644380168212e-15,,outside the brain,0.8148203618595714,True,2.5835151242551535,True,20.38400564912156,False,3.8840056491215664,True
sub-HUP190,RC,RC01,0,0.0,0.0,right hippocampus,in,0.0,True,0.0,True,0.0,True,0.0,True
sub-HUP190,RC,RC02,1,4.903038399488305,1.0239876493608493,right hippocampus,in,1.4913045869181334,True,1.2951684407490411,True,1.650867138912968,True,1.0443225051169671,True
sub-HUP190,RC,RC03,2,9.974919501958386,1.5311760382926451,right hippocampus,near,2.44134398930274,True,2.02109494491609,True,3.241177308932581,True,1.5378670882447807,True
sub-HUP190,RC,RC04,3,15.960373170044091,1.8420339176934155,"right middle temporal gyrus, posterior",near,2.564017373695747,True,2.054619568299653,True,5.661748996985713,False,2.030252688970285,True
sub-HUP190,RC,RC05,4,21.17250816852485,1.7710665206567324,"right middle temporal gyrus, posterior",near,2.9972906758299076,True,2.1697911715380913,True,7.315913765733551,True,2.0839740825692417,True
sub-HUP190,RC,RC06,5,26.06898535651194,3.795159635171566,"right inferior temporal gyrus, posterior",near,5.233891114551179,False,4.361125059864376,False,9.118559231948511,False,3.8767665486925718,False
sub-HUP190,RC,RC07,6,32.95881805294714,4.3433899014238815,"right middle temporal gyrus, posterior",in,5.063757421330173,True,4.4270076676397325,True,12.45335284501383,False,5.099144304717333,True
sub-HUP190,RC,RC08,7,39.97065006898202,2.555291038266077,"right middle temporal gyrus, posterior",in,2.851167856775555,True,2.669707669763709,True,15.59959531906298,False,5.516405925888977,True
sub-HUP190,RC,RC09,8,46.005734344141814,1.8279380684306472,"right middle temporal gyrus, posterior",near,2.114725791083133,False,2.2233961968398552,True,18.062139653015524,True,6.243008784908434,False
sub-HUP190,RC,RC11,9,54.736426698624655,0.47519772561120516,,outside the brain,4.084315137422433,True,1.2398777582831597,True,19.740084412491694,False,4.758152446384485,True
sub-HUP190,RC,RC12,10,59.290906448443344,0.0,,outside the brain,5.379128616441811,True,2.176614324933368,True,20.790906448443348,False,4.290906448443354,True
sub-HUP190,RH,RH01,0,0.0,0.0,right putamen,near,0.0,True,0.0,True,0.0,True,0.0,True
sub-HUP190,RH,RH02,1,6.307298563111104,1.3714479697806843,right insular cortex,in,1.4961692025968611,True,1.4845830973278045,True,2.989528513121878,True,1.7939088133784027,True
sub-HUP190,RH,RH03,2,14.170406409203446,3.716770736227848,right central operculum,in,4.5117203003271875,True,4.478419500890281,True,7.639400946872448,False,5.226351019658173,True
sub-HUP190,RH,RH04,3,19.517129781670295,4.750346537814682,right precentral gyrus,near,5.258469952898155,False,5.220995240029338,False,9.676471703903246,False,6.1654102125222705,False
sub-HUP190,RH,RH05,4,23.966549251316884,5.533305911468665,right precentral gyrus,in,5.638803720701084,False,5.617205140896267,False,10.837994905179675,False,6.4524069329604545,False
sub-HUP190,RH,RH06,5,29.225081916131288,4.979034950976029,"right inferior frontal gyrus, pars opercularis",in,5.079662753434658,True,5.052427489750734,True,12.34631925880841,False,6.262128271151475,True
sub-HUP190,RH,RH07,6,35.2866370745817,2.622220017174764,"right inferior frontal gyrus, pars opercularis",in,3.2027886195282735,True,3.1042008902696265,True,14.429337261683349,True,5.8139913756669195,True
sub-HUP190,RH,RH08,7,39.63247592017395,2.491722532635828,"right inferior frontal gyrus, pars opercularis",near,2.574006158820392,True,2.529990895115885,True,15.25888952785376,False,5.191169061051775,False
sub-HUP190,RH,RH09,8,43.94979353830269,1.7863364720978228,,outside the brain,1.8700707440144002,True,1.9532986544002269,True,16.013422776695396,False,4.301893836665245,False
sub-HUP190,RH,RH10,9,49.44167210237504,0.6411875053345298,,outside the brain,0.8697331908305291,True,1.0679875122918312,True,17.94897044979689,False,4.483598383322256,True
sub-HUP190,RH,RH11,10,53.78033132496919,0.45259252254067134,,outside the brain,1.8609471904881465,True,2.1493298083068915,True,18.78388021655134,False,3.8054368554759535,True
sub-HUP190,RH,RH12,11,59.71198828538519,1.6280579355608324e-14,,outside the brain,1.4298603365327027,True,1.7555324879915275,True,21.21198828538519,False,4.711988285385189,True
